sample_id,step,time,sigma,tau_sigma_squared,construction,alpha_star,target_direction_cosine,model_gap_cosine,pred_oracle_direction_cosine,direction_rms,target_residual_rms,state_perturbation_relative_rms,noise_preservation_rms_error,base_mse,relative_mse_change_alpha_m0p5,relative_mse_change_alpha_0p25,relative_mse_change_alpha_0p5,relative_mse_change_alpha_1
0,30,0.9491525292396544,0.35,0.1224999999999999,predicted_clean_axis,1.520447067277112,0.076521239415968,0.4827692796307047,0.8288082583010743,0.0311621880543395,0.6191804758885192,0.0028722383461388,4.5788235955005426e-08,0.3833844617578062,0.0044843998319912,-0.0017672775170078,-0.0032179401013573,-0.0051694204720808
0,30,0.9491525292396544,0.35,0.1224999999999999,oracle_clean_axis,2.14678450987091,0.1898739618443083,0.4087077273886899,0.8288082583010743,0.0547638803582884,0.6191804758885192,0.0102645684489124,4.5013787140231595e-08,0.3833844617578062,0.0187492071719716,-0.0079078566463669,-0.0148378819996545,-0.0257644388269921
0,30,0.9491525292396544,0.7,0.4899999999999999,predicted_clean_axis,0.4339262406580687,0.0654549225560661,0.531686687809214,0.8305508461911082,0.0933993068408308,0.6191804758885192,0.0071245170209837,4.551358253698658e-08,0.3833844617578062,0.0155618801360979,-0.0035146137420136,-0.0041850099333372,0.0030068503360861
0,30,0.9491525292396544,0.7,0.4899999999999999,oracle_clean_axis,0.8495656674291715,0.1770025858804802,0.4558847724955858,0.8305508461911082,0.1290030300902094,0.6191804758885192,0.0223384566787227,4.507340687433744e-08,0.3833844617578062,0.0477294562192859,-0.0157258117121739,-0.0260256791593687,-0.0303475812588203
0,30,0.9491525292396544,1.0,1.0,predicted_clean_axis,0.2370113999899734,0.0538839784982607,0.526431145368258,0.8457139387725067,0.1407692096276013,0.6191804758885192,0.0097505786632116,4.551646877873552e-08,0.3833844617578062,0.0251721299119764,-0.0028947633600372,0.0006713410105592,0.0271861529436538
0,30,0.9491525292396544,1.0,1.0,oracle_clean_axis,0.5872889006843315,0.1613036973356911,0.4763910913453222,0.8457139387725067,0.170062979161553,0.6191804758885192,0.0273553516424127,4.5423672691476e-08,0.3833844617578062,0.0631626572391607,-0.0174368699725578,-0.0254441008471005,-0.0131696453021411
0,50,0.8888888955116272,0.35,0.1224999999999999,predicted_clean_axis,0.0885586238597451,0.0110895833586458,0.4167543445654197,0.7190684476618855,0.067528426614977,0.5392650326915789,0.0118469604268601,4.6923268655265074e-08,0.290806775607674,0.0053088764820098,0.0002857153142848,0.0025315329987624,0.0129034754782969
0,50,0.8888888955116272,0.35,0.1224999999999999,oracle_clean_axis,1.56500997366878,0.2511925835743858,0.3756453519903956,0.7190684476618855,0.0865549607173251,0.5392650326915789,0.0237945710871015,4.720690677314692e-08,0.290806775607674,0.0467582686738529,-0.0185487612250532,-0.0338772737088578,-0.054873552452721
0,50,0.8888888955116272,0.7,0.4899999999999999,predicted_clean_axis,0.0245540918326787,0.008629878955579,0.4606683172843714,0.8537296755673427,0.1895322371854542,0.5392650326915789,0.0272853410603718,4.665790294409224e-08,0.290806775607674,0.0339148247433866,0.0062038874665707,0.0278486414919844,0.1174607492193396
0,50,0.8888888955116272,0.7,0.4899999999999999,oracle_clean_axis,0.4540157382509696,0.1756013557097211,0.4421480144859069,0.8537296755673427,0.2085735423892789,0.5392650326915789,0.0517833746380668,4.735350420704373e-08,0.290806775607674,0.1053164669236833,-0.0246093753580105,-0.0305195119801335,0.0137579309832827
0,50,0.8888888955116272,1.0,1.0,predicted_clean_axis,-0.0020364224178782,-0.0010563188324019,0.4607011318861193,0.9007978195410944,0.2797237963435123,0.5392650326915789,0.0351341182316554,4.6638581973042876e-08,0.290806775607674,0.0667178741755991,0.0170904133081747,0.0678137268803325,0.2701590548165963
0,50,0.8888888955116272,1.0,1.0,oracle_clean_axis,0.2480755025203043,0.1292767894444924,0.4572987115221585,0.9007978195410944,0.2810211059850241,0.5392650326915789,0.0634131734202965,4.73604393498993e-08,0.290806775607674,0.1352597368243167,-0.0167114824985068,0.000522625612087,0.1368276136605775
0,70,0.774193525314331,0.35,0.1224999999999999,predicted_clean_axis,-0.0170302077398791,-0.003569207172302,0.2852499222694635,0.8300162408901459,0.0923350367063202,0.4405697906753335,0.0372061139701316,4.8965430204538294e-08,0.1941017404692809,0.010233006145138,0.0031192799209378,0.0117290818375471,0.0454202516577799
0,70,0.774193525314331,0.35,0.1224999999999999,oracle_clean_axis,0.87652647184851,0.2220784099732099,0.2425946990616023,0.8300162408901459,0.1116235980746487,0.4405697906753335,0.0536588939400182,4.636360945045093e-08,0.1941017404692809,0.0723142700525772,-0.0241210879605144,-0.0402181445438456,-0.0483401635789591
0,70,0.774193525314331,0.7,0.4899999999999999,predicted_clean_axis,-0.0096423255269234,-0.0062970539377221,0.3509898622442725,0.8997166414835907,0.2877201902660411,0.4405697906753335,0.0829075996915303,4.9041845759752055e-08,0.1941017404692809,0.102510709988431,0.0287119610702058,0.1107354661833593,0.4347171085385091
0,70,0.774193525314331,0.7,0.4899999999999999,oracle_clean_axis,0.2264841462565281,0.1544297278670943,0.3321272822979701,0.8997166414835907,0.3004054544435618,0.4405697906753335,0.1167761591912106,4.662698225569597e-08,0.1941017404692809,0.2215310741636793,-0.0235914375207726,0.0109331913324997,0.2543306481611794
0,70,0.774193525314331,1.0,1.0,predicted_clean_axis,-0.0081597638652233,-0.0072770855119437,0.3581811631601797,0.9218336899037156,0.3929113750935483,0.4405697906753335,0.1036465544606983,4.902456866377151e-08,0.1941017404692809,0.1923482914090718,0.0529544906854497,0.205328072297557,0.8083325083017436
0,70,0.774193525314331,1.0,1.0,oracle_clean_axis,0.1416749127312146,0.1273948421750801,0.3464443390615929,0.9218336899037156,0.3961627211775663,0.4405697906753335,0.1430023993829385,4.678681813398438e-08,0.1941017404692809,0.3166966999326315,-0.0067414195576477,0.0875884478238166,0.5794620434040817
0,85,0.5853658318519592,0.35,0.1224999999999999,predicted_clean_axis,-0.0561431856169536,-0.0149814302978979,0.2151905991455501,0.9049830512300624,0.0943568949268882,0.3536041993842841,0.0887645244165955,5.2288836719919785e-08,0.1250359298164871,0.0138036368666245,0.0064491794058351,0.0217990240377685,0.0792007089799307
0,85,0.5853658318519592,0.35,0.1224999999999999,oracle_clean_axis,0.6987729215343464,0.2045630938995704,0.198360273573328,0.9049830512300624,0.103516273760437,0.3536041993842841,0.1103200719452155,5.2757071012865583e-08,0.1250359298164871,0.081310140998148,-0.0245862608942475,-0.0384599820519441,-0.0340698051576844
0,85,0.5853658318519592,0.7,0.4899999999999999,predicted_clean_axis,-0.015443311818932,-0.0132567254103896,0.2884441959501615,0.9385746711787168,0.3035381160569155,0.3536041993842841,0.1954900586013194,5.2300612429064e-08,0.1250359298164871,0.1728380913063913,0.0517443227201094,0.1955975576890887,0.759630764373658
0,85,0.5853658318519592,0.7,0.4899999999999999,oracle_clean_axis,0.1682254251910328,0.1504536189567456,0.2804055060130808,0.9385746711787168,0.3162484589666179,0.3536041993842841,0.2400860946427183,5.3065483244530985e-08,0.1250359298164871,0.3345279731453427,-0.0172874639060249,0.0654094206323814,0.530756235042487
0,85,0.5853658318519592,1.0,1.0,predicted_clean_axis,-0.0074065734426321,-0.0088417371027879,0.3073793657293433,0.9513563132107604,0.422121699543503,0.3536041993842841,0.2420607386573129,5.24357161514551e-08,0.1250359298164871,0.3457160615996483,0.0943452585172196,0.3668260432458016,1.4461941913370526
0,85,0.5853658318519592,1.0,1.0,oracle_clean_axis,0.1100786638304657,0.1342079685414181,0.3005866753426806,0.9513563132107604,0.4311144377639617,0.3536041993842841,0.294005966851758,5.361575750141968e-08,0.1250359298164871,0.5352389315194477,0.0110899100992587,0.2079860707711723,1.159197143832964
0,95,0.2962962985038757,0.35,0.1224999999999999,predicted_clean_axis,-0.003155236383688,-0.0016776193555749,0.1723543853124199,0.9595586121320612,0.1299627899386247,0.2444316834908044,0.1577528503780834,1.0615925610069313e-07,0.0597468478898281,0.069782572077399,0.0181146277621106,0.0715665313914276,0.2844821662516817
0,95,0.2962962985038757,0.35,0.1224999999999999,oracle_clean_axis,0.3919644057223935,0.2162092410853503,0.1596520753308025,0.9595586121320612,0.1348295610856842,0.2444316834908044,0.1745081624182015,1.096702552469313e-07,0.0597468478898281,0.1953287597912555,-0.0406142660048498,-0.0431951227491812,0.0657433915437119
0,95,0.2962962985038757,0.7,0.4899999999999999,predicted_clean_axis,-0.0011114312667176,-0.0015991703578101,0.2085797867569498,0.9753043941046642,0.351697774260503,0.2444316834908044,0.3451411812609609,1.0516131660170185e-07,0.0597468478898281,0.515263278138995,0.130541530692976,0.5198651745609347,2.0748588018217995
0,95,0.2962962985038757,0.7,0.4899999999999999,oracle_clean_axis,0.1164159250856287,0.1695794768927817,0.2026881973109497,0.9753043941046642,0.3560560721559699,0.2444316834908044,0.3797766121544589,1.0943878668197257e-07,0.0597468478898281,0.7774923705054706,0.0091072088906758,0.2834500138769592,1.6278424121363475
0,95,0.2962962985038757,1.0,1.0,predicted_clean_axis,-2.5581923424976524e-05,-4.810152739406671e-05,0.2170906926427096,0.9807152861475744,0.4596033349052824,0.2444316834908044,0.4248580622529715,1.0559383270509043e-07,0.0597468478898281,0.8837855791467901,0.221014228484602,0.8839664690078691,3.5356849861703967
0,95,0.2962962985038757,1.0,1.0,oracle_clean_axis,0.0792395098801534,0.1497367093565583,0.2136410567746886,0.9807152861475744,0.4618957891556048,0.2444316834908044,0.4650689585979404,1.1026297386995334e-07,0.0597468478898281,1.1756686965737038,0.0817021866146023,0.6097620631635078,3.0049548860642266
0,98,0.1403508782386779,0.35,0.1224999999999999,predicted_clean_axis,-0.0143205508939186,-0.0159940804974359,0.1563362130095882,0.977004343511168,0.166951015961872,0.149482211325415,0.1805477734746995,2.618085407435005e-07,0.0223449315042057,0.293982053505757,0.0868929000572273,0.3297084179878582,1.283107307469331
0,98,0.1403508782386779,0.35,0.1224999999999999,oracle_clean_axis,0.1429107527319225,0.1617076430456868,0.1411358673488338,0.977004343511168,0.1691434381850446,0.149482211325415,0.1865254515410296,2.652662007605826e-07,0.0223449315042057,0.5030662650492892,-0.0114660841343324,0.1371125306582101,0.9144038570239194
0,98,0.1403508782386779,0.7,0.4899999999999999,predicted_clean_axis,-0.0068487831658008,-0.0185047545739586,0.1836079862168457,0.9865153569912406,0.4038865834681395,0.149482211325415,0.3938194212390929,2.5993767924248656e-07,0.0223449315042057,1.7750732247973895,0.481266858828632,1.8750693651421484,7.400281320223837
0,98,0.1403508782386779,0.7,0.4899999999999999,oracle_clean_axis,0.0463176455951904,0.1254710456691514,0.1719737485138043,0.9865153569912406,0.4049361560356264,0.149482211325415,0.4059294594207079,2.625143078295525e-07,0.0223449315042057,2.1744608778011583,0.2886964444010614,1.494677477669883,6.658493310810806
0,98,0.1403508782386779,1.0,1.0,predicted_clean_axis,-0.0055071834706256,-0.0184932588642947,0.1930597716267478,0.9892049198282544,0.5019649779951912,0.149482211325415,0.4832797070355594,2.617658731402839e-07,0.0223449315042057,2.756981875165723,0.735821085646159,2.881183520111665,11.400532435500716
0,98,0.1403508782386779,1.0,1.0,oracle_clean_axis,0.0332437761713226,0.111811921835783,0.182700594159491,0.9892049198282544,0.5027675930201749,0.149482211325415,0.4970953581073068,2.652185461919595e-07,0.0223449315042057,3.204172590775444,0.5189924759635374,2.452037466161248,10.560284989259186
4,30,0.9491525292396544,0.35,0.1224999999999999,predicted_clean_axis,1.2019087459645863,0.1094430003875188,0.3639264258429809,0.946364762346081,0.0574299885375265,0.6306991334255391,0.0022960196313438,4.535655296174394e-08,0.3977813968865976,0.0120384981949985,-0.004464593257051,-0.0078927492871368,-0.0116397496664123
4,30,0.9491525292396544,0.35,0.1224999999999999,oracle_clean_axis,1.3518459651817574,0.1909210750948058,0.3504938696752672,0.946364762346081,0.0890735776977198,0.6306991334255391,0.00932578192618,4.4977730454398316e-08,0.3977813968865976,0.0319502363992018,-0.0122352646459415,-0.0219772935894432,-0.0339816443691281
4,30,0.9491525292396544,0.7,0.4899999999999999,predicted_clean_axis,0.3088184034995282,0.0770382524482769,0.4084513692664603,0.9416627117809612,0.157335050337505,0.6306991334255391,0.005784335532255,4.540646758154894e-08,0.3977813968865976,0.0347758055130156,-0.005719597819524,-0.0036603256810587,0.0237948284698394
4,30,0.9491525292396544,0.7,0.4899999999999999,oracle_clean_axis,0.4748325472058143,0.145063702172162,0.4080598827928535,0.9416627117809612,0.1926817186182194,0.6306991334255391,0.0205844181043789,4.510766487758776e-08,0.3977813968865976,0.0676510030587919,-0.0163255104946271,-0.0209843602994085,0.0046979221605664
4,30,0.9491525292396544,1.0,1.0,predicted_clean_axis,0.1092722618039216,0.0359030956534807,0.3919857254571369,0.8887513773688966,0.2072259779574901,0.6306991334255391,0.0080948916174694,4.561992001399935e-08,0.3977813968865976,0.038785341087939,0.0008489462758528,0.0151923037649205,0.0843622523827003
4,30,0.9491525292396544,1.0,1.0,oracle_clean_axis,0.3326886656454314,0.1214236190146338,0.4125358881538423,0.8887513773688966,0.2301905030078201,0.6306991334255391,0.025541254780019,4.4994802265111264e-08,0.3977813968865976,0.0776187966648107,-0.0138328967493169,-0.0110147924432414,0.0445744193350861
4,50,0.8888888955116272,0.35,0.1224999999999999,predicted_clean_axis,-0.0606884247466786,-0.0067181305002743,0.3769264724139251,0.6337056233793158,0.0563865324746941,0.5093693599248872,0.0112726295846693,4.675212359439696e-08,0.2594571448678446,0.002319862856125,0.0011377320113125,0.0038072396488749,0.0137415818027498
4,50,0.8888888955116272,0.35,0.1224999999999999,oracle_clean_axis,1.814208386420909,0.2589575455261829,0.3148676135390287,0.6337056233793158,0.0727066637987576,0.5093693599248872,0.0216292419888222,4.688853793134219e-08,0.2594571448678446,0.0420568109025151,-0.0172082232949918,-0.0318696584858063,-0.053552164554904
4,50,0.8888888955116272,0.7,0.4899999999999999,predicted_clean_axis,0.0138409637745659,0.0051470093447043,0.4861390452066049,0.8829098006353757,0.1894180851955664,0.5093693599248872,0.0260217149804501,4.66581881512624e-08,0.2594571448678446,0.0364854304606443,0.0076858521474162,0.0326574158799912,0.1344576781006184
4,50,0.8888888955116272,0.7,0.4899999999999999,oracle_clean_axis,0.4067231151806203,0.1672781115013485,0.4683960992419214,0.8829098006353757,0.2094947186541064,0.5093693599248872,0.0477413433091323,4.688795699263582e-08,0.2594571448678446,0.1110868945041795,-0.023827199974781,-0.0265102350980225,0.0315561892101115
4,50,0.8888888955116272,1.0,1.0,predicted_clean_axis,0.0319815277234446,0.0168508099985814,0.4777399370634604,0.8952961962120272,0.2683826231634709,0.5093693599248872,0.033743318532181,4.683541976773411e-08,0.2594571448678446,0.0782823422368077,0.0129116682239041,0.0605252293426799,0.2598580302648476
4,50,0.8888888955116272,1.0,1.0,oracle_clean_axis,0.2628001908360385,0.1465787933426927,0.4722690762255506,0.8952961962120272,0.2841046115910621,0.5093693599248872,0.0592377110237667,4.7163473932175335e-08,0.2594571448678446,0.159528804305096,-0.0214343716032682,-0.003982056173683,0.1475826357840464
4,70,0.774193525314331,0.35,0.1224999999999999,predicted_clean_axis,0.021927980211483,0.0038575054384393,0.2445206869870393,0.8264484932437964,0.0736233061762238,0.4185115035351328,0.0346655124965281,4.861331439566632e-08,0.1751518785734385,0.0084153024627779,0.0015948748995737,0.0070581005531231,0.0295896041221472
4,70,0.774193525314331,0.35,0.1224999999999999,oracle_clean_axis,1.057466050609581,0.2237826164172203,0.2221403968486301,0.8264484932437964,0.0885660577072981,0.4185115035351328,0.048871936689285,4.61065087276644e-08,0.1751518785734385,0.0585531479124681,-0.0208796329966591,-0.0361613053536012,-0.0499307681483354
4,70,0.774193525314331,0.7,0.4899999999999999,predicted_clean_axis,-0.009429137420174,-0.0052775937606702,0.3558189192606505,0.8673852697019633,0.2342455732058848,0.4185115035351328,0.078087758746121,4.8791727150861326e-08,0.1751518785734385,0.0753652268019535,0.0210567529136986,0.0812730833705145,0.3191844769134975
4,70,0.774193525314331,0.7,0.4899999999999999,oracle_clean_axis,0.2689635165510646,0.164613319641837,0.3319446388528078,0.8673852697019633,0.256140939814545,0.4185115035351328,0.1078730317779309,4.6713864055199635e-08,0.1751518785734385,0.1943927329183938,-0.0269628408647549,-0.0071033313332153,0.1730827389187481
4,70,0.774193525314331,1.0,1.0,predicted_clean_axis,-0.0046379758099095,-0.0039488829048946,0.3968151529191435,0.9106426232860808,0.3563306471501154,0.4185115035351328,0.098895509352598,4.888462640179736e-08,0.1751518785734385,0.1778684413927913,0.0469887399213048,0.1845927869210768,0.7316468021560224
4,70,0.774193525314331,1.0,1.0,oracle_clean_axis,0.1573475661731532,0.1336307735179797,0.3825273452580721,0.9106426232860808,0.3554298125083718,0.4185115035351328,0.1338494278348291,4.6690054347663344e-08,0.1751518785734385,0.2938042211628709,-0.0116655312102985,0.0668266571601611,0.4942841926433541
4,85,0.5853658318519592,0.35,0.1224999999999999,predicted_clean_axis,-0.0638438653842572,-0.0152877344195837,0.1898656231526451,0.9111161368695946,0.0823985730371897,0.344108764612126,0.080780694646821,5.15197924635771e-08,0.1184108418481041,0.0106739524834846,0.0054140317517994,0.0179954021659598,0.0646601589813636
4,85,0.5853658318519592,0.35,0.1224999999999999,oracle_clean_axis,0.7164915671453629,0.1856603907631387,0.1775312527653093,0.9111161368695946,0.0891669499439435,0.344108764612126,0.1011734083117178,5.2196314185595375e-08,0.1184108418481041,0.0648954760958888,-0.0198579729794325,-0.0313227692465239,-0.0290728316436834
4,85,0.5853658318519592,0.7,0.4899999999999999,predicted_clean_axis,-0.0223301964606614,-0.016326414407149,0.2652954055553115,0.9313872736378466,0.2515903656327824,0.344108764612126,0.1809142770876244,5.187256544611997e-08,0.1184108418481041,0.121703194121718,0.0393784226706239,0.1455768584955697,0.5584337696084268
4,85,0.5853658318519592,0.7,0.4899999999999999,oracle_clean_axis,0.1950357667440229,0.1496034230451277,0.2602217527731017,0.9313872736378466,0.2639508124341598,0.344108764612126,0.2233159361951159,5.2271236937707726e-08,0.1184108418481041,0.2618481158193337,-0.0206036625747558,0.0323396050737618,0.3588669310406192
4,85,0.5853658318519592,1.0,1.0,predicted_clean_axis,-0.012949243257956,-0.0136965139223794,0.3010797911607238,0.9445112186676988,0.3639664798502424,0.344108764612126,0.2276042155493867,5.228167416559079e-08,0.1184108418481041,0.2651994713131126,0.0771650487378962,0.2941732870720941,1.1477193325293946
4,85,0.5853658318519592,1.0,1.0,oracle_clean_axis,0.1232240051631644,0.1336634759174056,0.295119034017647,0.9445112186676988,0.3732614721522653,0.344108764612126,0.277091593711753,5.2994791671032896e-08,0.1184108418481041,0.4391414478781835,0.0010448322761905,0.149166702029236,0.8866415539658913
4,95,0.2962962985038757,0.35,0.1224999999999999,predicted_clean_axis,-0.0121060801640793,-0.0058022231129409,0.1829626206822553,0.9600247414112016,0.1162111046714206,0.2424692952552345,0.1446646334409638,1.04179501267683e-07,0.0587913591317214,0.0546468459588756,0.0157473861764644,0.0602086451235301,0.2352727813294659
4,95,0.2962962985038757,0.35,0.1224999999999999,oracle_clean_axis,0.4273041334158798,0.21201729347238,0.1704416538044025,0.9600247414112016,0.1203070125234126,0.2424692952552345,0.162031981559627,1.0770966820438557e-07,0.0587913591317214,0.1667447276121816,-0.037211953896149,-0.0436503011856702,0.0357938240551707
4,95,0.2962962985038757,0.7,0.4899999999999999,predicted_clean_axis,-0.0079191435453606,-0.0101297404975064,0.2254465732197815,0.9733022155397868,0.3101536202090557,0.2424692952552345,0.322227877312353,1.0275162955744544e-07,0.0587913591317214,0.3960961821053222,0.1087421080603752,0.4220110155294414,1.6621292286936462
4,95,0.2962962985038757,0.7,0.4899999999999999,oracle_clean_axis,0.131561313057952,0.1703020105464521,0.2176693964139473,0.9733022155397868,0.3138689293832027,0.2424692952552345,0.3576465817434593,1.0739010364012397e-07,0.0587913591317214,0.6393629798866516,-0.0054972300651893,0.1984617131217119,1.2347481192517873
4,95,0.2962962985038757,1.0,1.0,predicted_clean_axis,-0.0070526747174876,-0.0120098823378374,0.2408849263142856,0.978424843153986,0.4128969253796908,0.2424692952552345,0.4031049646169786,1.0315256164561269e-07,0.0587913591317214,0.7045014959637322,0.1914639455095956,0.7454043533468323,2.940714556004229
4,95,0.2962962985038757,1.0,1.0,oracle_clean_axis,0.0881006207744925,0.1505519337542123,0.2350073195877257,0.978424843153986,0.4143469246389868,0.2424692952552345,0.4437697686132261,1.0788314673439257e-07,0.0587913591317214,0.9873263038126068,0.0538770494515552,0.4727808998083497,2.4056690032376555
4,98,0.1403508782386779,0.35,0.1224999999999999,predicted_clean_axis,-0.0216746542010538,-0.0218454896327245,0.1834286294008942,0.9743535396809028,0.1495638195029088,0.1483942050837925,0.166899222414142,2.553308794031945e-07,0.0220208401004625,0.2319387624767631,0.0744979442778645,0.2759741055665597,1.059861079176442
4,98,0.1403508782386779,0.35,0.1224999999999999,oracle_clean_axis,0.1623568805421464,0.1663830896478093,0.168155439415679,0.9743535396809028,0.1520741606097973,0.1483942050837925,0.1736233275166097,2.5808714798256746e-07,0.0220208401004625,0.4330621405213694,-0.0196163219501,0.0920438549735224,0.7091937054419366
4,98,0.1403508782386779,0.7,0.4899999999999999,predicted_clean_axis,-0.0113061885432783,-0.0276136964621854,0.2058807236396946,0.9836211982625996,0.3624309395023566,0.1483942050837925,0.3699620291640157,2.518102448886869e-07,0.0220208401004625,1.4238289061866731,0.4065390094218297,1.5587136605204372,6.099969887747984
4,98,0.1403508782386779,0.7,0.4899999999999999,oracle_clean_axis,0.0538789123191441,0.1321845927728209,0.1930764952350976,0.9836211982625996,0.3640650251560084,0.1483942050837925,0.3832316866624274,2.5585454560436095e-07,0.0220208401004625,1.829045875787964,0.214038761533367,1.1804519893516336,5.370401843842864
4,98,0.1403508782386779,1.0,1.0,predicted_clean_axis,-0.009812032006519,-0.0303363217079786,0.2140010980467523,0.9863705049915596,0.458797356350935,0.1483942050837925,0.4606746711169029,2.533111171820762e-07,0.0220208401004625,2.29593283009495,0.6443273839824606,2.483517300651545,9.746484732049584
4,98,0.1403508782386779,1.0,1.0,oracle_clean_axis,0.0381249620861857,0.1181273380756358,0.2018974435567162,0.9863705049915596,0.4597883243207213,0.1483942050837925,0.4755159019392115,2.574551730130234e-07,0.0220208401004625,2.766068173902525,0.4170105146953406,2.034050763821749,8.868220465367772
8,30,0.9491525292396544,0.35,0.1224999999999999,predicted_clean_axis,-1.235752279519606,-0.0358440430851993,0.4121563962327476,0.5843150283703518,0.0196918173815487,0.6788912779535395,0.0028442068474676,4.520119774373898e-08,0.4608933673306734,-0.0008293520665738,0.0005724271393211,0.0012500216826653,0.0029207129814222
8,30,0.9491525292396544,0.35,0.1224999999999999,oracle_clean_axis,6.539496052965003,0.2610244845946443,0.2618576242244163,0.5843150283703518,0.0270979972292018,0.6788912779535395,0.0110789773797418,4.491979768717159e-08,0.4608933673306734,0.0108171155762901,-0.005109830289871,-0.0100205089142259,-0.0192444111663872
8,30,0.9491525292396544,0.7,0.4899999999999999,predicted_clean_axis,-0.4148618241262777,-0.0421308573633407,0.4547370985733655,0.7229181039273336,0.0689440915825761,0.6788912779535395,0.0070163067098374,4.523225467350208e-08,0.4608933673306734,-0.0017002537838299,0.002783852822794,0.0068568562661741,0.0188703150146924
8,30,0.9491525292396544,0.7,0.4899999999999999,oracle_clean_axis,1.7586280644486163,0.2016449575006346,0.3531178118693637,0.7229181039273336,0.0778419301146623,0.6788912779535395,0.0239727194051793,4.491674898212681e-08,0.4608933673306734,0.0264074374519018,-0.0107386558257718,-0.0198339363847575,-0.0330943717023703
8,30,0.9491525292396544,1.0,1.0,predicted_clean_axis,-0.2023455490035214,-0.0388028056584668,0.4848873080723389,0.8374470959158555,0.1301876243455246,0.6788912779535395,0.0096039025776372,4.5222470102148875e-08,0.4608933673306734,0.0017524370104984,0.0060188759192863,0.0166344814549297,0.0516558813752876
8,30,0.9491525292396544,1.0,1.0,oracle_clean_axis,0.7693286874492496,0.1436645229803097,0.4132398463148881,0.8374470959158555,0.1267762312699694,0.6788912779535395,0.0291943780945302,4.51630878736546e-08,0.4608933673306734,0.0355458957665338,-0.0112344725733076,-0.0181099616066423,-0.0187839890533929
8,50,0.8888888955116272,0.35,0.1224999999999999,predicted_clean_axis,0.3242906262076103,0.0415142245420726,0.3727088798763731,0.8422277138375749,0.0745225023279346,0.5821365860270865,0.0118938589055282,4.6921838848233044e-08,0.3388830048562642,0.0094114555712316,-0.0016329840545754,-0.0012174722884574,0.0057590387058594
8,50,0.8888888955116272,0.35,0.1224999999999999,oracle_clean_axis,1.3322956483343835,0.2200335322918098,0.3404385085299906,0.8422277138375749,0.0961420008088824,0.5821365860270865,0.0256814175819114,4.7154634991267633e-08,0.3388830048562642,0.0431582827831654,-0.016464940369174,-0.0295204133900755,-0.045402957387061
8,50,0.8888888955116272,0.7,0.4899999999999999,predicted_clean_axis,0.1122386809388845,0.0348621632248531,0.4123757124144221,0.8621889133249387,0.1808159229195296,0.5821365860270865,0.0271401857376701,4.66910500170487e-08,0.3388830048562642,0.0349476823021715,0.0006155865677308,0.0132907916146725,0.0748200571461891
8,50,0.8888888955116272,0.7,0.4899999999999999,oracle_clean_axis,0.56066125963366,0.1978719470363555,0.3841753850726948,0.8621889133249387,0.2054511485126357,0.5821365860270865,0.0555695167370509,4.713037347493316e-08,0.3388830048562642,0.100973352672694,-0.0271322808921891,-0.0386949648216061,-0.0151115417921241
8,50,0.8888888955116272,1.0,1.0,predicted_clean_axis,0.0680668202746945,0.0290277363068236,0.4176128702444137,0.9078362925408212,0.2482576275129908,0.5821365860270865,0.0347781681276829,4.6881777884063415e-08,0.3388830048562642,0.0578460593899497,0.0051771513050945,0.0330877566102355,0.1571093292206565
8,50,0.8888888955116272,1.0,1.0,oracle_clean_axis,0.3570522328247215,0.1638083373353503,0.4014997374641219,0.9078362925408212,0.267072482658262,0.5821365860270865,0.0676734856003698,4.7078254691737286e-08,0.3388830048562642,0.1277716663045836,-0.0244210455424604,-0.0225322326783665,0.0601749682694838
8,70,0.774193525314331,0.35,0.1224999999999999,predicted_clean_axis,0.1472475635040666,0.0345933522802905,0.2832622246970591,0.8988102475168787,0.1078038345422164,0.4588700119063338,0.040725728464251,4.8535427583407844e-08,0.210561687840942,0.0219255404244289,-0.000613962048347,0.0056712813458842,0.0389393844620816
8,70,0.774193525314331,0.35,0.1224999999999999,oracle_clean_axis,0.7577777721802637,0.2184955003871563,0.2667942902379875,0.8988102475168787,0.1323092818830852,0.4588700119063338,0.0579123582230754,4.649813573377129e-08,0.210561687840942,0.0837849561405549,-0.0263040421005877,-0.0422157935547154,-0.0428624245235919
8,70,0.774193525314331,0.7,0.4899999999999999,predicted_clean_axis,0.0297314018595838,0.0195472697525188,0.3288562584106336,0.9091304638953732,0.3016896393394679,0.4588700119063338,0.0896314212766719,4.8432082909827966e-08,0.210561687840942,0.1209156905077993,0.0205902309221769,0.0952125126284049,0.4065532283930137
8,70,0.774193525314331,0.7,0.4899999999999999,oracle_clean_axis,0.2417234566066977,0.170375669379616,0.3116101599309491,0.9091304638953732,0.3234286259772431,0.4588700119063338,0.1253109080026361,4.6425959598803376e-08,0.210561687840942,0.2442859470715346,-0.0289938376689778,0.0041117485732372,0.256621192791246
8,70,0.774193525314331,1.0,1.0,predicted_clean_axis,0.0201674323751173,0.0178839474829923,0.3446572834332573,0.9245362568201242,0.4069138322525404,0.4588700119063338,0.1109676203390262,4.867976455613468e-08,0.210561687840942,0.212450886882582,0.0412184617536618,0.1807328603039588,0.7546494677944586
8,70,0.774193525314331,1.0,1.0,oracle_clean_axis,0.1590423235242634,0.1460263249544754,0.3309798156995387,0.9245362568201242,0.4213161628028888,0.4588700119063338,0.1526057170434162,4.6687096736934384e-08,0.210561687840942,0.3448300727808116,-0.0143491470727591,0.0766789653995794,0.5748669689795496
8,85,0.5853658318519592,0.35,0.1224999999999999,predicted_clean_axis,-0.0242983015055988,-0.0066389577604485,0.1952327371382607,0.9068667417856358,0.0990372007425653,0.362471919651251,0.0976212135748879,5.1866273414775465e-08,0.1313858925479741,0.016849336538296,0.0055727921992703,0.0204772247108192,0.0782810106707532
8,85,0.5853658318519592,0.35,0.1224999999999999,oracle_clean_axis,0.7382874362413463,0.221550252940126,0.1812889478458498,0.9068667417856358,0.1087730083709236,0.362471919651251,0.1190925251189786,5.220251710924859e-08,0.1313858925479741,0.0889972974662525,-0.0276138916628309,-0.0439712786121319,-0.0429165383701436
8,85,0.5853658318519592,0.7,0.4899999999999999,predicted_clean_axis,-0.0073992381984229,-0.0067975583870535,0.2594440400620499,0.9417165916033272,0.332996988530783,0.362471919651251,0.2133261639499315,5.21938370273572e-08,0.1313858925479741,0.2047500593913699,0.0558711186637383,0.2172396695670923,0.8564690680926467
8,85,0.5853658318519592,0.7,0.4899999999999999,oracle_clean_axis,0.1674366479837579,0.1592119342952787,0.2537052460016817,0.9417165916033272,0.3446668107032138,0.362471919651251,0.2576927090247773,5.27814280584696e-08,0.1313858925479741,0.3774337827231506,-0.0191849764953896,0.0746513235866776,0.6013877534831833
8,85,0.5853658318519592,1.0,1.0,predicted_clean_axis,-0.0023067033008167,-0.0028621947628578,0.2811735210555144,0.9502438406274192,0.449761020301789,0.362471919651251,0.2621514397394924,5.20818170697397e-08,0.1313858925479741,0.3813547363711286,0.0980022773132538,0.3884576516257189,1.5467276912482857
8,85,0.5853658318519592,1.0,1.0,oracle_clean_axis,0.11701318873981,0.1478890814047413,0.2764800430960427,0.9502438406274192,0.4581162158689136,0.362471919651251,0.3138224853865279,5.321029160600284e-08,0.1313858925479741,0.5862519019611047,0.0063789033440203,0.2124277095710893,1.2235350306743722
8,95,0.2962962985038757,0.35,0.1224999999999999,predicted_clean_axis,-0.007977169398411,-0.004358102301644,0.1660335965403194,0.9582684691226712,0.1352090740131223,0.2474897588333538,0.1714354442158097,1.042127422831837e-07,0.061251180726548,0.0722359764707542,0.0198446891733527,0.0769978299525256,0.3032294663283313
8,95,0.2962962985038757,0.35,0.1224999999999999,oracle_clean_axis,0.3810465991500815,0.2171994081688921,0.1495031898813057,0.9582684691226712,0.141071011436305,0.2474897588333538,0.1885551760409385,1.0883875064990157e-07,0.061251180726548,0.2050324143751755,-0.0415958603318194,-0.0425781560931271,0.0772979460957941
8,95,0.2962962985038757,0.7,0.4899999999999999,predicted_clean_axis,-0.0028128870648467,-0.0042915829351264,0.1944829948383822,0.9751041567453912,0.3775917060095838,0.2474897588333538,0.3731361053083221,1.0334807634074169e-07,0.061251180726548,0.575381975003256,0.1487562004016157,0.5884771927387272,2.340813553219437
8,95,0.2962962985038757,0.7,0.4899999999999999,oracle_clean_axis,0.1093147090959894,0.1695286147393844,0.1842462379436178,0.9751041567453912,0.3838147338466652,0.2474897588333538,0.4079961699831157,1.0882819191676561e-07,0.061251180726548,0.8641792136062826,0.0188621590558488,0.3383588286843573,1.8792556996593537
8,95,0.2962962985038757,1.0,1.0,predicted_clean_axis,-0.0017492418249487,-0.0034636843463981,0.1986655061270613,0.980067545287894,0.4900559724439784,0.2474897588333538,0.4566278662028456,1.041213628730781e-07,0.061251180726548,0.9733465445278924,0.2484804829760011,0.9870634694453008,3.9345369528637946
8,95,0.2962962985038757,1.0,1.0,oracle_clean_axis,0.0761172325689665,0.1517765098451187,0.1910529545847607,0.980067545287894,0.4934905086584992,0.2474897588333538,0.4968645507432411,1.0956610938927257e-07,0.061251180726548,1.296632466748287,0.0971782184693475,0.6913527381676896,3.370690681251354
8,98,0.1403508782386779,0.35,0.1224999999999999,predicted_clean_axis,-0.0097826912507888,-0.0114629939900774,0.1370440334171834,0.9776742957101044,0.1752662286743299,0.1495748321333234,0.19489093798458,2.5701470387816894e-07,0.0223726304123227,0.3298251224007669,0.0925302133046012,0.3566889429458588,1.3998919512383436
8,98,0.1403508782386779,0.35,0.1224999999999999,oracle_clean_axis,0.1383923208612106,0.1652689596133242,0.1221494478586441,0.9776742957101044,0.1786231832603124,0.1495748321333234,0.2016126230950383,2.604002639522876e-07,0.0223726304123227,0.5538972841650219,-0.0095495839753896,0.1591668707873012,1.0313978965269262
8,98,0.1403508782386779,0.7,0.4899999999999999,predicted_clean_axis,-0.004236887910587,-0.0121354558943437,0.1527798327512964,0.9869040875435576,0.4284179370717199,0.1495748321333234,0.4227382800965029,2.552199268963151e-07,0.0223726304123227,2.0162061765545465,0.5301206706930907,2.0857238473664244,8.273377718653817
8,98,0.1403508782386779,0.7,0.4899999999999999,oracle_clean_axis,0.0456053144107684,0.1315406544027352,0.1404020470473778,0.9869040875435576,0.4314227750691898,0.1495748321333234,0.4362499068725233,2.597974731592263e-07,0.0223726304123227,2.4592423288145078,0.330255854562012,1.7004297217702011,7.560531494125112
8,98,0.1403508782386779,1.0,1.0,predicted_clean_axis,-0.0033546857084324,-0.0118895329820346,0.1579400641744243,0.9893820986057854,0.5301166948251711,0.1495748321333234,0.515812751174533,2.573227200814304e-07,0.0223726304123227,3.098123914498907,0.8061347576078067,3.182400658453787,12.645325889860269
8,98,0.1403508782386779,1.0,1.0,oracle_clean_axis,0.0334670771476688,0.1191683385420679,0.1463298269903951,0.9893820986057854,0.5326005660544649,0.1495748321333234,0.5312724234290013,2.629959141003582e-07,0.0223726304123227,3.594088978962892,0.5802745639809925,2.745428496936943,11.830374469773725
12,30,0.9491525292396544,0.35,0.1224999999999999,predicted_clean_axis,-2.608174899696382,-0.1388161857543834,0.5577882541065831,0.4729217231792306,0.0337613910898181,0.6343324615985291,0.0031917765396754,4.550929870568209e-08,0.4023776718890662,-0.0066800975525674,0.0038711876204359,0.0080964678036405,0.0176093058583545
12,30,0.9491525292396544,0.35,0.1224999999999999,oracle_clean_axis,3.161834446093578,0.1982350780419349,0.2955046776511699,0.4729217231792306,0.039770249572958,0.6343324615985291,0.009804703982638,4.523528181376784e-08,0.4023776718890662,0.0134112947874927,-0.0059686193190075,-0.0114458865881888,-0.0209263649770734
12,30,0.9491525292396544,0.7,0.4899999999999999,predicted_clean_axis,-0.7200510743523737,-0.141795736800735,0.627396875260562,0.728529859974939,0.1249156371996056,0.6343324615985291,0.007768883968178,4.577958086075983e-08,0.4023776718890662,-0.0182282422469951,0.0163852361295782,0.0376178822632102,0.0946254045426356
12,30,0.9491525292396544,0.7,0.4899999999999999,oracle_clean_axis,0.6116105068365912,0.1103192557622813,0.4631365571597451,0.728529859974939,0.1144177287459557,0.6343324615985291,0.0213665988650462,4.48533337850831e-08,0.4023776718890662,0.0280326243870012,-0.007915972155719,-0.0117650509529164,-0.0072625284717479
12,30,0.9491525292396544,1.0,1.0,predicted_clean_axis,-0.3714289492323341,-0.1217845151897886,0.6410889121247935,0.8634241551909775,0.2079855958039498,0.6343324615985291,0.0105250405134047,4.538639763905236e-08,0.4023776718890662,-0.0130543388269373,0.0266845416491895,0.0668073314555266,0.187367655539643
12,30,0.9491525292396544,1.0,1.0,oracle_clean_axis,0.1849610822138292,0.054787172085997,0.555533733980882,0.8634241551909775,0.1878951037556931,0.6343324615985291,0.0262219418658716,4.441141237595592e-08,0.4023776718890662,0.0381634346496678,-0.0026304891868436,0.0057065070516398,0.0552829558045878
12,50,0.8888888955116272,0.35,0.1224999999999999,predicted_clean_axis,0.0482879239687515,0.0054542451748688,0.3610503451394293,0.7402458081374655,0.0580087273046396,0.5135671250197985,0.012913976661092,4.7147403172140684e-08,0.2637511918110298,0.0038056418537197,0.0004893572044489,0.0025734998297707,0.0115261413430317
12,50,0.8888888955116272,0.35,0.1224999999999999,oracle_clean_axis,1.6016285297008916,0.2692823424383676,0.2669131334482734,0.7402458081374655,0.0863462131574892,0.5135671250197985,0.0227598761021254,4.7365640755686254e-08,0.2637511918110298,0.0523414830978167,-0.0208705272099859,-0.038207578194023,-0.0622812514842528
12,50,0.8888888955116272,0.7,0.4899999999999999,predicted_clean_axis,-0.0207902924775451,-0.0089396781000185,0.3672849170213961,0.8775480105201385,0.220830216091847,0.5135671250197985,0.0293312476580427,4.706729188782978e-08,0.2637511918110298,0.0423794748635318,0.0134778672937736,0.0500674710712401,0.1925818880772521
12,50,0.8888888955116272,0.7,0.4899999999999999,oracle_clean_axis,0.3708649450007716,0.170245892151244,0.3260731835552826,0.8775480105201385,0.2357534583872929,0.5135671250197985,0.0495987583139102,4.78088869220579e-08,0.2637511918110298,0.1308334680144987,-0.0259052823528026,-0.0254695969359741,0.054424677206576
12,50,0.8888888955116272,1.0,1.0,predicted_clean_axis,-0.0222723727952605,-0.012933448776844,0.4259844080733309,0.9002240900309577,0.2982257061684972,0.5135671250197985,0.0374115080186007,4.7285723870245434e-08,0.2637511918110298,0.0767911977582447,0.0248305882773756,0.0918119679924162,0.3522271017354933
12,50,0.8888888955116272,1.0,1.0,oracle_clean_axis,0.2424447379921282,0.1455079304619649,0.3689800011134826,0.9002240900309577,0.3082273104123151,0.5135671250197985,0.0608695731551792,4.7932250278053364e-08,0.2637511918110298,0.1773802667606522,-0.021151996705234,0.0027214310395936,0.1855445598794335
12,70,0.774193525314331,0.35,0.1224999999999999,predicted_clean_axis,0.1300736384653905,0.0242786007428489,0.2575296772796685,0.8400287726675516,0.075628945708232,0.4051853006590057,0.038311477029317,4.8370141887555524e-08,0.1641751278877096,0.0132414784279209,-8.83808614848466e-05,0.004178143845347,0.025775909963962
12,70,0.774193525314331,0.35,0.1224999999999999,oracle_clean_axis,0.9975741901663612,0.24485342672086,0.2258291236541503,0.8400287726675516,0.0994522615974402,0.4051853006590057,0.0516735975512308,4.5755806399751456e-08,0.1641751278877096,0.0751602724162456,-0.0262841738597518,-0.0450377061539229,-0.0599528460455232
12,70,0.774193525314331,0.7,0.4899999999999999,predicted_clean_axis,0.010152715050446,0.0065409451435006,0.33213362808596,0.8823411461317466,0.2610429635220518,0.4051853006590057,0.0852730157707176,4.841771109865304e-08,0.1641751278877096,0.1079804123833307,0.0238345719291674,0.0995523292722237,0.4066374002000017
12,70,0.774193525314331,0.7,0.4899999999999999,oracle_clean_axis,0.2451376834398864,0.1714972479155373,0.3133523502299529,0.8823411461317466,0.2834658587931429,0.4051853006590057,0.1126080938898718,4.60556512537537e-08,0.1641751278877096,0.2423372276815147,-0.0293997347764154,0.0023797831567308,0.2494765771517076
12,70,0.774193525314331,1.0,1.0,predicted_clean_axis,-0.0022766155315147,-0.002212704585098,0.3419705986887836,0.9168073540465528,0.3938106193916584,0.4051853006590057,0.1064995183053927,4.8677055837259465e-08,0.1641751278877096,0.2340100382600095,0.0601154504194188,0.2383112138717867,0.94894367987537
12,70,0.774193525314331,1.0,1.0,oracle_clean_axis,0.137343652343099,0.1323477175369316,0.3356119064942219,0.9168073540465528,0.3904465099542642,0.4051853006590057,0.1381971413881906,4.6346292587037485e-08,0.1641751278877096,0.3596765885701437,-0.0057309868587586,0.1046095645666913,0.673505282270218
12,85,0.5853658318519592,0.35,0.1224999999999999,predicted_clean_axis,-0.0040640237885318,-0.0011257654087966,0.2009880988124199,0.922326332524542,0.0895276236444416,0.3231955693243842,0.0908269116207029,5.0780881280806015e-08,0.1044553760202527,0.0188714547785893,0.004951747855158,0.0194951458732847,0.0773568923984437
12,85,0.5853658318519592,0.35,0.1224999999999999,oracle_clean_axis,0.6319579969632362,0.1914397967745639,0.1882019991721025,0.922326332524542,0.0979060228800285,0.3231955693243842,0.1092200885608717,5.0735347724851785e-08,0.1044553760202527,0.0809349166724306,-0.0232610869146414,-0.0350512595482337,-0.0242188619722703
12,85,0.5853658318519592,0.7,0.4899999999999999,predicted_clean_axis,-0.0022919316562084,-0.0020373880811427,0.2628128158717491,0.9472942077790896,0.2873012373802487,0.3231955693243842,0.2000944504646168,5.126286817902878e-08,0.1044553760202527,0.1957421475553517,0.0502938726061357,0.1993643761348123,0.7938352759597892
12,85,0.5853658318519592,0.7,0.4899999999999999,oracle_clean_axis,0.1553185871207724,0.1441056479930406,0.2555459681248958,0.9472942077790896,0.2998630608824356,0.3231955693243842,0.2380145099388168,5.1239308551600374e-08,0.1044553760202527,0.3489085909263,-0.0130495070483777,0.0815041781797594,0.5934211254655777
12,85,0.5853658318519592,1.0,1.0,predicted_clean_axis,-0.0019874425015932,-0.0024830042863543,0.2848242879040061,0.9557684719177988,0.4037832457139544,0.3231955693243842,0.2479334513718692,5.1306161679125095e-08,0.1044553760202527,0.3871145219078774,0.0991052299545303,0.3933187871813733,1.5670708834519973
12,85,0.5853658318519592,1.0,1.0,oracle_clean_axis,0.102217557305535,0.1291807187991351,0.2785539429189371,0.9557684719177988,0.4084487739540111,0.3231955693243842,0.2921008938966569,5.1707974143830615e-08,0.1044553760202527,0.5625425760474264,0.0181934343189195,0.236030016866261,1.2706326266462094
12,95,0.2962962985038757,0.35,0.1224999999999999,predicted_clean_axis,-0.0171836274945686,-0.0090949314190493,0.1921435819026345,0.9658758018278536,0.1207195400018775,0.2280830400065596,0.1666628327596487,9.586182911729085e-08,0.0520218731540939,0.0652202825610131,0.0199153871223404,0.0748477931799122,0.2897636621007501
12,95,0.2962962985038757,0.35,0.1224999999999999,oracle_clean_axis,0.3429462175544834,0.1876468333051935,0.1804367858642856,0.9658758018278536,0.1247981695003044,0.2280830400065596,0.183223950146664,9.92071287307382e-08,0.0520218731540939,0.177519369925173,-0.0326249447814229,-0.0278267294420702,0.0940391815989619
12,95,0.2962962985038757,0.7,0.4899999999999999,predicted_clean_axis,-0.0065419729359992,-0.0094850083050312,0.2230074313804966,0.9780837989649324,0.3306906876355911,0.2280830400065596,0.3654696731214433,9.440893497118768e-08,0.0520218731540939,0.5117785067139502,0.1382586463338521,0.5392825591282561,2.129626184098718
12,95,0.2962962985038757,0.7,0.4899999999999999,oracle_clean_axis,0.1016473910839566,0.1492407912085606,0.2166623593766825,0.9780837989649324,0.3348762126488586,0.2280830400065596,0.3992851432080274,9.899273334558893e-08,0.0520218731540939,0.758036316140976,0.02517027868284,0.3197995152012324,1.7174348617446735
12,95,0.2962962985038757,1.0,1.0,predicted_clean_axis,-0.0049054592527869,-0.0092948581815733,0.2313093260460126,0.9816818654185872,0.4321714647366926,0.2280830400065596,0.4509722634479121,9.515007467208086e-08,0.0520218731540939,0.8799537128680759,0.2331973427367872,0.9151774849207914,3.625486167630449
12,95,0.2962962985038757,1.0,1.0,oracle_clean_axis,0.0716016824465939,0.1364896585750246,0.2264510615244621,0.9816818654185872,0.4347799547932253,0.2280830400065596,0.4900186433738915,9.994463595007269e-08,0.0520218731540939,1.1686147197632897,0.0970176204662708,0.6482518944978183,3.113370403256745
12,98,0.1403508782386779,0.35,0.1224999999999999,predicted_clean_axis,-0.0108784977804709,-0.0114542509697377,0.1594232881421815,0.9769007417785788,0.151224633213841,0.1436232575238367,0.1906730155372511,2.3047314606815325e-07,0.0206276401045853,0.2651027082501206,0.0753210343429606,0.2892236609979349,1.1327736912439257
12,98,0.1403508782386779,0.35,0.1224999999999999,oracle_clean_axis,0.1548478392030592,0.1669505737687524,0.1442048937226332,0.9769007417785788,0.154848691292995,0.1436232575238367,0.1987628170044381,2.3503576373420618e-07,0.0206276401045853,0.4706058902070267,-0.017347960854402,0.1106074011239366,0.802428093578837
12,98,0.1403508782386779,0.7,0.4899999999999999,predicted_clean_axis,-0.0039418977656647,-0.0101442185841997,0.1756644432936872,0.9853629514775728,0.3696051507949089,0.1436232575238367,0.4167866401930557,2.270866739618076e-07,0.0206276401045853,1.6295367313349387,0.426963299965727,1.6817477103535856,6.674779862395695
12,98,0.1403508782386779,0.7,0.4899999999999999,oracle_clean_axis,0.0539146905628064,0.1404755553036373,0.1627526798558693,0.9853629514775728,0.3742126059626608,0.1436232575238367,0.4331477397391705,2.3215775789298933e-07,0.0206276401045853,2.0631888139820966,0.2412887889722868,1.3311663752534644,6.05668793974249
12,98,0.1403508782386779,1.0,1.0,predicted_clean_axis,-0.0029785952876799,-0.0096185508868044,0.1810954291440572,0.9876209765945988,0.463791645926382,0.1436232575238367,0.5127961444761346,2.2920573820905813e-07,0.0206276401045853,2.575911184065912,0.6672731363307077,2.638032091570525,10.490007458777487
12,98,0.1403508782386779,1.0,1.0,oracle_clean_axis,0.040264179745224,0.1312789492724452,0.1685894921936549,0.9876209765945988,0.4682750389582089,0.1436232575238367,0.5315761714461109,2.350038205491082e-07,0.0206276401045853,3.0856446943895963,0.4503908033357578,2.229590373691887,9.774415815465256
16,30,0.9491525292396544,0.35,0.1224999999999999,predicted_clean_axis,2.8674253133772405,0.0785195281422946,0.2608966432327526,0.846972465191109,0.0200741963137713,0.7330820754742507,0.0026105097432426,4.558713187512551e-08,0.5374093292853906,0.0023375838070603,-0.0010281960849599,-0.001962661624206,-0.0035504010655579
16,30,0.9491525292396544,0.35,0.1224999999999999,oracle_clean_axis,3.967182774733173,0.2298131009981909,0.2214668017682911,0.846972465191109,0.0424663733982507,0.7330820754742507,0.0123818716954802,4.4784813975317626e-08,0.5374093292853906,0.0141516660241891,-0.0064466363371883,-0.0124738082244392,-0.0232697586491287
16,30,0.9491525292396544,0.7,0.4899999999999999,predicted_clean_axis,1.0227905357158469,0.0706185600773415,0.2893446573452525,0.8275997991665185,0.0506156429696208,0.7330820754742507,0.005907290646974,4.5524082015285653e-08,0.5374093292853906,0.0060676602073607,-0.0021399781642862,-0.0036840550356427,-0.004984504899568
16,30,0.9491525292396544,0.7,0.4899999999999999,oracle_clean_axis,2.294332633745437,0.2448496004284987,0.2564020945315297,0.8275997991665185,0.0782340148159529,0.7330820754742507,0.026476579647788,4.5276069729342166e-08,0.5374093292853906,0.0289774338291295,-0.0123532772433874,-0.0232829280393236,-0.0408713502888413
16,30,0.9491525292396544,1.0,1.0,predicted_clean_axis,0.6402023887080096,0.0613947836840959,0.3117943175121281,0.8411828930843777,0.0703018549138172,0.7330820754742507,0.0075782894729269,4.56059072097537e-08,0.5374093292853906,0.0081868554412099,-0.0023690609757199,-0.0035885441215166,-0.00257877692334
16,30,0.9491525292396544,1.0,1.0,oracle_clean_axis,1.782467513550332,0.2348383428946964,0.2810963709818705,0.8411828930843777,0.0965828428857458,0.7330820754742507,0.0317459976046743,4.4813080815559815e-08,0.5374093292853906,0.035279171730663,-0.0143849977080033,-0.0266002699777879,-0.0445216382027008
16,50,0.8888888955116272,0.35,0.1224999999999999,predicted_clean_axis,-0.0186383819885073,-0.0023938755599766,0.3573491652105006,0.7241640615874706,0.0825489332654732,0.6427145072489578,0.013564154850182,4.704990007821489e-08,0.4130819378029963,0.0038166122350759,0.0011847514091551,0.0044315411694395,0.0171112357433951
16,50,0.8888888955116272,0.35,0.1224999999999999,oracle_clean_axis,1.3939778630431297,0.2454049440342887,0.2999887073981865,0.7241640615874706,0.1131476487991947,0.6427145072489578,0.0286928049032069,4.7161688125806993e-08,0.4130819378029963,0.0509507788447937,-0.0196643190614795,-0.0354545912156806,-0.0554129948022476
16,50,0.8888888955116272,0.7,0.4899999999999999,predicted_clean_axis,-0.048447265461265,-0.0156547174035661,0.4038435873499548,0.8018870306447702,0.2076797087794185,0.6427145072489578,0.0296849210430729,4.681744056109162e-08,0.4130819378029963,0.021044597371502,0.0090550194675635,0.0311615843706701,0.1145293504835131
16,50,0.8888888955116272,0.7,0.4899999999999999,oracle_clean_axis,0.5408596655139369,0.1988538955319432,0.3464035521191905,0.8018870306447702,0.2363021161134362,0.6427145072489578,0.0613548057023802,4.758252727708448e-08,0.4130819378029963,0.1069051045628006,-0.0281070858453089,-0.0393171940665569,-0.0110464776368697
16,50,0.8888888955116272,1.0,1.0,predicted_clean_axis,-0.0395760201781738,-0.0164962364872539,0.3920676261809255,0.8216814663063691,0.2678988553582471,0.6427145072489578,0.0363831631142012,4.692301685419365e-08,0.4130819378029963,0.0365595414971622,0.0142969062982163,0.0503115972942977,0.187494333380056
16,50,0.8888888955116272,1.0,1.0,oracle_clean_axis,0.4037267269624645,0.1814278824686684,0.3414977648649036,0.8216814663063691,0.2888249013370701,0.6427145072489578,0.0735657529498196,4.7708348626713574e-08,0.4130819378029963,0.1320168307299481,-0.0281437316311418,-0.0310443407730621,0.0388838084107619
16,70,0.774193525314331,0.35,0.1224999999999999,predicted_clean_axis,0.0731341621043764,0.018650223882191,0.3315909100042575,0.859076486183089,0.1266736561795312,0.4967324662646097,0.0463464811183968,4.8680969244070086e-08,0.2467431430860896,0.0210140805807523,0.0016864711755317,0.0115019499950019,0.0555199305657585
16,70,0.774193525314331,0.35,0.1224999999999999,oracle_clean_axis,0.7672352942336175,0.2385714246700687,0.3104494982958088,0.859076486183089,0.1544587078400756,0.4967324662646097,0.0645721256578801,4.6155040634962637e-08,0.2467431430860896,0.098356059771078,-0.0310487324540839,-0.0500112666205307,-0.0516777400905142
16,70,0.774193525314331,0.7,0.4899999999999999,predicted_clean_axis,0.011246559742885,0.0087630287508472,0.3639007435133186,0.9137477303501106,0.3870411026011583,0.4967324662646097,0.0995185497110594,4.8578214228767885e-08,0.2467431430860896,0.158606018767214,0.0345305605404017,0.1449501676968091,0.593456521857642
16,70,0.774193525314331,0.7,0.4899999999999999,oracle_clean_axis,0.1916891788557433,0.1553743462721165,0.3509773583113249,0.9137477303501106,0.4026282687354079,0.4967324662646097,0.1380767846094822,4.6354161804530476e-08,0.2467431430860896,0.2901884976442512,-0.021907297638812,0.038310038844585,0.4051186141780059
16,70,0.774193525314331,1.0,1.0,predicted_clean_axis,0.0084305008065323,0.0080712218617242,0.3557118074054535,0.9286503840766916,0.4755634372321713,0.4967324662646097,0.119943165485567,4.894243724134577e-08,0.2467431430860896,0.236873016773597,0.0534228136216724,0.2214185085823254,0.9011285425205736
16,70,0.774193525314331,1.0,1.0,oracle_clean_axis,0.141554061231805,0.1379014742189216,0.348260088107837,0.9286503840766916,0.4839150413220323,0.4967324662646097,0.1655570823431047,4.7026791012183766e-08,0.2467431430860896,0.3716078527460462,-0.0078553892661581,0.1029215795389271,0.6803725913628281
16,85,0.5853658318519592,0.35,0.1224999999999999,predicted_clean_axis,-0.0319879815106802,-0.0097608731237328,0.2409742039378551,0.8968674010767164,0.1162100570611324,0.3808394094979251,0.1098358744184015,5.259566275459378e-08,0.1450386558078762,0.0202994419135872,0.0073086989471912,0.0262563444970387,0.0990684754047041
16,85,0.5853658318519592,0.35,0.1224999999999999,oracle_clean_axis,0.7029760440871637,0.2371646257919626,0.2281911444234811,0.8968674010767164,0.1284846571943897,0.3808394094979251,0.1316003933274608,5.2927259114209656e-08,0.1450386558078762,0.1084677814805611,-0.0328926312639613,-0.0515577562103763,-0.0462054871505672
16,85,0.5853658318519592,0.7,0.4899999999999999,predicted_clean_axis,-0.0053950679155411,-0.0056514203674052,0.3177846238378511,0.9417595250199308,0.3989354034538255,0.3808394094979251,0.2358779636337939,5.3019105523506526e-08,0.1450386558078762,0.2684025281442722,0.0715405973505892,0.2802424356496627,1.1091298350932606
16,85,0.5853658318519592,0.7,0.4899999999999999,oracle_clean_axis,0.1515557842416909,0.16425633953385,0.310610423952509,0.9417595250199308,0.4127542057689014,0.3808394094979251,0.2814056214018667,5.355190009550415e-08,0.1450386558078762,0.4716774721300882,-0.0155965442968847,0.1156350392516702,0.8185825898850991
16,85,0.5853658318519592,1.0,1.0,predicted_clean_axis,-0.001561815926395,-0.0021545738009443,0.3214082600461703,0.9535846182505856,0.5253798480370947,0.3808394094979251,0.2837259000908658,5.340160216096087e-08,0.1450386558078762,0.4728042819512123,0.1204302968829506,0.478748885671606,1.9090509389660304
16,85,0.5853658318519592,1.0,1.0,oracle_clean_axis,0.1042364744021476,0.1459483691186557,0.3174350885007326,0.9535846182505856,0.533238398853491,0.3808394094979251,0.3374114899574664,5.4378856099127995e-08,0.1450386558078762,0.6944681648988247,0.0203530813329191,0.2857642718540593,1.551760980461003
16,95,0.2962962985038757,0.35,0.1224999999999999,predicted_clean_axis,-0.029020441023627,-0.0175509918930925,0.226929611776036,0.9589605440192716,0.1549825075094907,0.2562624805634563,0.1885554843321067,1.0786615634383997e-07,0.0656704589559863,0.0808253171493735,0.02816720028362,0.1020543064727773,0.3869882365677055
16,95,0.2962962985038757,0.35,0.1224999999999999,oracle_clean_axis,0.327675237269947,0.2053056563920144,0.2083693618249274,0.9589605440192716,0.1605618331707594,0.2562624805634563,0.2045512041694534,1.1198608013683237e-07,0.0656704589559863,0.2267766501742595,-0.0397818777942726,-0.030492790726641,0.1352982779943358
16,95,0.2962962985038757,0.7,0.4899999999999999,predicted_clean_axis,-0.007712763270521,-0.0130547108669715,0.2533966788374674,0.9759526594325624,0.4337527903385034,0.2562624805634563,0.404342452027189,1.073085190514605e-07,0.0656704589559863,0.6941367669045152,0.1901066058355459,0.7383298711962939,2.9091263804933964
16,95,0.2962962985038757,0.7,0.4899999999999999,oracle_clean_axis,0.0927054358038251,0.1590548167986362,0.2412771500676546,0.9759526594325624,0.4396698159602723,0.2562624805634563,0.4373988357251581,1.124548871760024e-07,0.0656704589559863,1.0087980749250218,0.0475316274239444,0.4630170314388592,2.3978491692416
16,95,0.2962962985038757,1.0,1.0,predicted_clean_axis,-0.004275538449035,-0.0092128183043889,0.2455953150135719,0.982431554273692,0.5521876834474404,0.2562624805634563,0.4856258814749821,1.0919424192974633e-07,0.0656704589559863,1.140911010955117,0.3001164074831698,1.180614090273492,4.682753281775593
16,95,0.2962962985038757,1.0,1.0,oracle_clean_axis,0.0624312655808438,0.1354211911163991,0.2374057330953961,0.982431554273692,0.55586523889073,0.2562624805634563,0.5244507630417304,1.1499046207827453e-07,0.0656704589559863,1.4700207633989404,0.1471961177655441,0.8825299018410974,4.1176104689222335
16,98,0.1403508782386779,0.35,0.1224999999999999,predicted_clean_axis,-0.0123383280488314,-0.0158179002019222,0.1640606067206024,0.9793887843677078,0.1972266674767336,0.1538413627751945,0.2108738801651762,2.6609526353110454e-07,0.0236671649047206,0.3906107436920061,0.1128617543225879,0.4311682594242364,1.6841155219647157
16,98,0.1403508782386779,0.35,0.1224999999999999,oracle_clean_axis,0.1182691884396891,0.1545846855350143,0.1476771261277394,0.9793887843677078,0.2010795795644508,0.1538413627751945,0.2176958337273779,2.700767160875922e-07,0.0236671649047206,0.6291512806225956,0.0057494610521707,0.2250489896799875,1.3042982496625577
16,98,0.1403508782386779,0.7,0.4899999999999999,predicted_clean_axis,-0.0026460169600286,-0.0082249454369013,0.1705525778207775,0.9882144122068212,0.4782043478477266,0.1538413627751945,0.4513336858918442,2.662741767634325e-07,0.0236671649047206,2.3900099667868795,0.6166774616291898,2.4411432199401326,9.713439626607276
16,98,0.1403508782386779,0.7,0.4899999999999999,oracle_clean_axis,0.0409377453227489,0.1286467339260656,0.1572045742850145,0.9882144122068212,0.4834459911685926,0.1538413627751945,0.4655064462210756,2.705530988094359e-07,0.0236671649047206,2.873093494076086,0.4150694107106834,2.064549593253852,9.066742273837638
16,98,0.1403508782386779,1.0,1.0,predicted_clean_axis,-0.0007682208988802,-0.0028990291608203,0.1695855170886165,0.9912171719615668,0.5805499400962773,0.1538413627751945,0.5414302013705421,2.700663977679811e-07,0.0236671649047206,3.549248030313366,0.8955170402568067,3.5711281174559395,14.26263238268118
16,98,0.1403508782386779,1.0,1.0,oracle_clean_axis,0.0305488693155811,0.1162593318350699,0.1577436727851747,0.9912171719615668,0.585471555757986,0.1538413627751945,0.5581524021950496,2.762430874415525e-07,0.0236671649047206,4.063253205934452,0.6839786246363138,3.1783607343416542,13.59833540895941
20,30,0.9491525292396544,0.35,0.1224999999999999,predicted_clean_axis,-0.320396171590939,-0.0138000248058304,0.3589338165408843,0.6944553881327938,0.025673459758294,0.5960625675524966,0.0031430914261952,4.570277561110029e-08,0.3552905844336526,-0.000130597283306,0.0004131441261866,0.0010581852420628,0.0030439584428825
20,30,0.9491525292396544,0.35,0.1224999999999999,oracle_clean_axis,4.305956250463145,0.2478943980224969,0.3349410316779712,0.6944553881327938,0.0343153907686073,0.5960625675524966,0.0103391654859215,4.4931264883619866e-08,0.3552905844336526,0.0150998886372579,-0.0069285096596516,-0.0134427295466515,-0.0252283000026965
20,30,0.9491525292396544,0.7,0.4899999999999999,predicted_clean_axis,-0.1394156728160793,-0.0200602804827345,0.3913859264176593,0.7754029663599642,0.0857664138388242,0.5960625675524966,0.0072861993553323,4.557267085429522e-08,0.3552905844336526,0.0022895196917722,0.0027372092723452,0.0080623979568448,0.0264767135623067
20,30,0.9491525292396544,0.7,0.4899999999999999,oracle_clean_axis,1.0194780928777003,0.1756572171586446,0.3916929517457071,0.7754029663599642,0.1027022479444966,0.5960625675524966,0.0218392196236295,4.4848069425427576e-08,0.3552905844336526,0.037687854229938,-0.0132774878774575,-0.0228440162632404,-0.0308441945597833
20,30,0.9491525292396544,1.0,1.0,predicted_clean_axis,-0.0784533336787235,-0.018347801463624,0.407767675811599,0.8258457886768903,0.1394005472621131,0.5960625675524966,0.0095780847492256,4.5691871462209394e-08,0.3552905844336526,0.0093826937537655,0.0055639097153826,0.0179646571589427,0.0632766652305937
20,30,0.9491525292396544,1.0,1.0,oracle_clean_axis,0.5506951490184396,0.1402404451542178,0.4158728665470049,0.8258457886768903,0.1517937464354332,0.5960625675524966,0.0262777627055209,4.5001907391198813e-08,0.3552905844336526,0.0519267640048541,-0.0138036127531061,-0.0195007126733316,-0.0065753740151404
20,50,0.8888888955116272,0.35,0.1224999999999999,predicted_clean_axis,-0.4181170834856088,-0.0403788764065721,0.2309581015144406,0.3702158753736553,0.0510577020245916,0.5286946879117433,0.0122730485998187,4.6801768926564566e-08,0.2795180730443808,-0.0015679221098704,0.0025326554065468,0.0062311070475011,0.0171253990326321
20,50,0.8888888955116272,0.35,0.1224999999999999,oracle_clean_axis,2.3965795237170378,0.3467790266894603,0.1907489825308598,0.3702158753736553,0.0765007910130042,0.5286946879117433,0.0239538609461808,4.686808988382e-08,0.2795180730443808,0.0554123930265998,-0.023780441175366,-0.0449437121254433,-0.0794187433497306
20,50,0.8888888955116272,0.7,0.4899999999999999,predicted_clean_axis,-0.1305662677007347,-0.0383635316422146,0.3191529352169936,0.5763495875655045,0.1553433037946818,0.5286946879117433,0.0265848772198755,4.670975232558329e-08,0.2795180730443808,0.010311033198599,0.0110318593441081,0.032855302650488,0.1088769411500634
20,50,0.8888888955116272,0.7,0.4899999999999999,oracle_clean_axis,0.9039568910135716,0.2853691322506096,0.2799523337948792,0.5763495875655045,0.1669030302382151,0.5286946879117433,0.0505972779076348,4.7201713609522857e-08,0.2795180730443808,0.1150027259266318,-0.0388152133527799,-0.0651729936318693,-0.0805162549689765
20,50,0.8888888955116272,1.0,1.0,predicted_clean_axis,-0.0753682119381686,-0.0369282865635559,0.3087440483701473,0.717138905455782,0.2590454043921299,0.5286946879117433,0.0330639036507064,4.6964435881609586e-08,0.2795180730443808,0.0419242393027931,0.0240514197276124,0.0781118657078972,0.2762598364264842
20,50,0.8888888955116272,1.0,1.0,oracle_clean_axis,0.4367280420836751,0.2039324248852872,0.3063395916448931,0.717138905455782,0.2468767272543368,0.5286946879117433,0.0608805294676189,4.723207897332669e-08,0.2795180730443808,0.1497390905972828,-0.0339857051707068,-0.0407155169227903,0.027592539828911
20,70,0.774193525314331,0.35,0.1224999999999999,predicted_clean_axis,0.2294896775176264,0.0452986763983576,0.2338430484742216,0.8168631088485026,0.0817399423025576,0.4141064262973356,0.0390293278983246,4.902188260857586e-08,0.1714841322963595,0.0186820261432093,-0.0020355796787079,0.0007991295711821,0.0210794148567561
20,70,0.774193525314331,0.35,0.1224999999999999,oracle_clean_axis,1.0534133693960064,0.2901308527588084,0.204933702386203,0.8168631088485026,0.1140530907287003,0.4141064262973356,0.0538838089241475,4.65134591703688e-08,0.1714841322963595,0.0988717790185868,-0.0352128816747899,-0.0609437581265769,-0.0839594953611433
20,70,0.774193525314331,0.7,0.4899999999999999,predicted_clean_axis,0.0413967438251969,0.0267723386675986,0.290324583081622,0.864223201547957,0.2678132738187286,0.4141064262973356,0.0828373182514395,4.901701410106507e-08,0.1714841322963595,0.1218778967914654,0.0174837043371796,0.0872491771629677,0.3836254282803693
20,70,0.774193525314331,0.7,0.4899999999999999,oracle_clean_axis,0.3138179754862769,0.2208398946207575,0.2703679863468718,0.864223201547957,0.2914148541159052,0.4141064262973356,0.1138177289177325,4.65876613200054e-08,0.1714841322963595,0.2792147440396518,-0.0467533539152923,-0.0316040290942286,0.184402656756966
20,70,0.774193525314331,1.0,1.0,predicted_clean_axis,0.0189013809798122,0.0163931735429435,0.3116233680193864,0.8769961567952812,0.3591546310182791,0.4141064262973356,0.1007468095146836,4.9166601400998786e-08,0.1714841322963595,0.2022702604819371,0.0399042117682583,0.1738346515426679,0.7237742151099413
20,70,0.774193525314331,1.0,1.0,oracle_clean_axis,0.2236360346987127,0.196420032364643,0.2946333584981862,0.8769961567952812,0.3637106057854705,0.4141064262973356,0.1369497311967044,4.716741339107936e-08,0.1714841322963595,0.3653698667304888,-0.0380446505559242,0.0203375540943653,0.4263825290135853
20,85,0.5853658318519592,0.35,0.1224999999999999,predicted_clean_axis,-0.0181686872059988,-0.0057746041035785,0.1931780069324431,0.9147050241494264,0.1032569845260309,0.3248783501063768,0.0919550964941394,5.33172948472622e-08,0.1055459423681544,0.0234190583307415,0.0072312833865799,0.0270897751411266,0.1046883837541214
20,85,0.5853658318519592,0.35,0.1224999999999999,oracle_clean_axis,0.5820566407730059,0.2025117548156096,0.1868057440961975,0.9147050241494264,0.1130331314393511,0.3248783501063768,0.1097662287127569,5.3110732246150334e-08,0.1055459423681544,0.100721658397677,-0.0276636833227444,-0.0401959360614262,-0.0198661497866018
20,85,0.5853658318519592,0.7,0.4899999999999999,predicted_clean_axis,-0.0068156741318269,-0.0064975440944394,0.2518360136292814,0.932913907908927,0.309714250463892,0.3248783501063768,0.1945103101152994,5.3554389903330826e-08,0.1055459423681544,0.2210122849327051,0.0598987686347455,0.2334008113368896,0.9212147189433736
20,85,0.5853658318519592,0.7,0.4899999999999999,oracle_clean_axis,0.1620280469588997,0.1596366044156331,0.2503235141539238,0.932913907908927,0.3200833289824862,0.3248783501063768,0.2318570852437894,5.337206664421335e-08,0.1055459423681544,0.3999552005543236,-0.0179715434944255,0.0853942841996396,0.6561380531532425
20,85,0.5853658318519592,1.0,1.0,predicted_clean_axis,-0.005401006033249,-0.0068602821882162,0.2733018160808987,0.9377799944021962,0.4126559283310254,0.3248783501063768,0.2351500274750939,5.3777903633717625e-08,0.1055459423681544,0.3946292771187194,0.1051926950351847,0.4120569458000654,1.6308001145189155
20,85,0.5853658318519592,1.0,1.0,oracle_clean_axis,0.1151185015116485,0.147141652349316,0.2724334704374683,0.9377799944021962,0.4152515592147001,0.3248783501063768,0.2789790815891993,5.384285179620594e-08,0.1055459423681544,0.5965060353583888,0.0080718636260016,0.2203603147888,1.2575869797247885
20,95,0.2962962985038757,0.35,0.1224999999999999,predicted_clean_axis,-0.0323556958213777,-0.0193968350139664,0.1949643321020228,0.968524733008637,0.1363386482994975,0.2274253418096308,0.1565093286932308,1.0991763986371307e-07,0.0517222860950021,0.0782181539680189,0.028275658483279,0.1014744739447503,0.3826415758022705
20,95,0.2962962985038757,0.35,0.1224999999999999,oracle_clean_axis,0.2695447152415448,0.1657510003829211,0.1831508806549006,0.968524733008637,0.1398505546049898,0.2274253418096308,0.1707381693437258,1.1359953084640703e-07,0.0517222860950021,0.1964597583045598,-0.027328946860978,-0.0073906055277544,0.1742879417212967
20,95,0.2962962985038757,0.7,0.4899999999999999,predicted_clean_axis,-0.0099713108463604,-0.0153388106349311,0.2211785364675536,0.9797128011110192,0.3498471069002638,0.2274253418096308,0.3307605643419037,1.0907175213400581e-07,0.0517222860950021,0.567991733223626,0.1596946369665534,0.6151829429853513,2.4135405621796795
20,95,0.2962962985038757,0.7,0.4899999999999999,oracle_clean_axis,0.0844455215503091,0.131188787733358,0.2134624770260564,0.9797128011110192,0.3533124592530964,0.2274253418096308,0.3606469377502989,1.1353401468475325e-07,0.0517222860950021,0.8071710518729108,0.0489383156510962,0.3995591923605603,2.005848628954592
20,95,0.2962962985038757,1.0,1.0,predicted_clean_axis,-0.0066308237643918,-0.012803849342153,0.2244326933563426,0.982842059425075,0.4391490283236718,0.2274253418096308,0.3987860711430785,1.0969267276129985e-07,0.0517222860950021,0.907427031193303,0.2453995395694992,0.956874449249766,3.7780503789426017
20,95,0.2962962985038757,1.0,1.0,oracle_clean_axis,0.0619859922204806,0.1204332305016952,0.2182162436996045,0.982842059425075,0.441867067557182,0.2274253418096308,0.4339438295058005,1.1448634446372654e-07,0.0517222860950021,1.1777162093001183,0.1189358179480233,0.7097342509614354,3.306918962184424
20,98,0.1403508782386779,0.35,0.1224999999999999,predicted_clean_axis,-0.0018393656159865,-0.0020995014331585,0.1473191050355673,0.9808034755282296,0.1643039595971512,0.1439461050516072,0.174194725067803,2.691355039713621e-07,0.0207204811574443,0.3233174270610935,0.0826266773422731,0.3281102819330932,1.3076482728603729
20,98,0.1403508782386779,0.35,0.1224999999999999,oracle_clean_axis,0.1365247791680241,0.1595651895849784,0.1343702025646089,0.9808034755282296,0.168238964988991,0.1439461050516072,0.181833975474368,2.747969624920016e-07,0.0207204811574443,0.5279960583643198,-0.0078714720317425,0.1550080940367927,0.9930203404746982
20,98,0.1403508782386779,0.7,0.4899999999999999,predicted_clean_axis,0.0021753128576811,0.0057675099026541,0.1559791146731533,0.9885200666831072,0.381651119011291,0.1439461050516072,0.368108803310175,2.700845723171353e-07,0.0207204811574443,1.7727023171570535,0.4317068253534717,1.7421189733282758,6.999059237141881
20,98,0.1403508782386779,0.7,0.4899999999999999,oracle_clean_axis,0.0511435074847147,0.1376177245993393,0.1449582199794538,0.9885200666831072,0.3873323597928852,0.1439461050516072,0.3840843945851372,2.7445996294029615e-07,0.0207204811574443,2.180425396569328,0.2673784557535051,1.4398176808657897,6.499878439166699
20,98,0.1403508782386779,1.0,1.0,predicted_clean_axis,0.002945365300392,0.0094976091393018,0.1575756782550981,0.9905011887265328,0.4641678377629573,0.1439461050516072,0.4433610662583033,2.734936039925617e-07,0.0207204811574443,2.630128576203448,0.634562689456418,2.5688766972849315,10.33675866805824
20,98,0.1403508782386779,1.0,1.0,oracle_clean_axis,0.0399490744919859,0.1304623124846092,0.1469400192807696,0.9905011887265328,0.4700870289736613,0.1439461050516072,0.4621446507319864,2.782692754125151e-07,0.0207204811574443,3.0922772592039047,0.4535297160269136,2.240171662473071,9.812792246623118
24,30,0.9491525292396544,0.35,0.1224999999999999,predicted_clean_axis,4.833439755899136,0.1133127268829523,0.2953949925732225,0.7228049744730194,0.0150858997293724,0.6435004214555454,0.0024736199938375,4.5432467805634e-08,0.4140927924647536,0.0027938458692168,-0.0012938734001265,-0.0025190471105982,-0.0047632954625774
24,30,0.9491525292396544,0.35,0.1224999999999999,oracle_clean_axis,6.450406156369237,0.3206766675970396,0.2055453998581334,0.7228049744730194,0.0319910972653863,0.6435004214555454,0.0103377196166479,4.4904140259582956e-08,0.4140927924647536,0.0165600532915247,-0.0078166204104029,-0.0153243033305658,-0.0294128567001727
24,30,0.9491525292396544,0.7,0.4899999999999999,predicted_clean_axis,1.338731057005783,0.1068774082683604,0.3316156861952601,0.8277742693702398,0.0513737669002693,0.6435004214555454,0.0061085130079738,4.5542547176717295e-08,0.4140927924647536,0.0101259443355309,-0.0038679212153205,-0.0069391417956777,-0.0106914810515022
24,30,0.9491525292396544,0.7,0.4899999999999999,oracle_clean_axis,2.122906567676705,0.2788341517289439,0.2584876165524132,0.8277742693702398,0.0845208625220571,0.6435004214555454,0.0224140282653614,4.5143957931534926e-08,0.4140927924647536,0.0409365093398452,-0.017233573791264,-0.0323106936634222,-0.0559955716504215
24,30,0.9491525292396544,1.0,1.0,predicted_clean_axis,0.6707188711151394,0.0951974208442021,0.3772943036580659,0.8817418920843563,0.0913342132939761,0.6435004214555454,0.0083911858471848,4.531655360327286e-08,0.4140927924647536,0.0185479688466088,-0.0054967791673987,-0.0084754214975269,-0.0068782956459722
24,30,0.9491525292396544,1.0,1.0,oracle_clean_axis,1.2334171260981346,0.2399110948997253,0.3212948145850663,0.8817418920843563,0.125166812924204,0.6435004214555454,0.0273967682697091,4.5193130806564196e-08,0.4140927924647536,0.0561234041816052,-0.0209678522900952,-0.0372064713797186,-0.0554960099575505
24,50,0.8888888955116272,0.35,0.1224999999999999,predicted_clean_axis,0.534363660461913,0.049852580070991,0.3369333039296322,0.7643832057973092,0.0511897061242515,0.5486961497995118,0.011551050987957,4.7175598426276864e-08,0.301067464763945,0.0068268272244154,-0.0017814791292202,-0.0024750019364491,-0.0005981785849321
24,50,0.8888888955116272,0.35,0.1224999999999999,oracle_clean_axis,1.919128903995468,0.2775992374905109,0.2403142136837976,0.7643832057973092,0.0793681093965136,0.5486961497995118,0.0239458815961927,4.725285162809463e-08,0.301067464763945,0.0453851323653883,-0.0187694649306316,-0.0349235290265551,-0.0593854547142772
24,50,0.8888888955116272,0.7,0.4899999999999999,predicted_clean_axis,0.1814799226517342,0.0524133661206371,0.4002090623249281,0.8462591975046251,0.1584693875124425,0.5486961497995118,0.0263903023549352,4.734266300213029e-08,0.301067464763945,0.0359904706027992,-0.0023555429664158,0.005715375623824,0.0531365974742706
24,50,0.8888888955116272,0.7,0.4899999999999999,oracle_clean_axis,0.6711708264433843,0.236771764804629,0.3378790063460856,0.8462591975046251,0.1935658562783112,0.5486961497995118,0.0519189612144598,4.714264001702762e-08,0.301067464763945,0.1146393872266122,-0.0339853841757189,-0.0524145620597135,-0.0426042989525281
24,50,0.8888888955116272,1.0,1.0,predicted_clean_axis,0.1107008491047637,0.0485581659853877,0.4278225760245513,0.8667683594142888,0.2406817918107666,0.5486961497995118,0.0338169787648776,4.7237824406236855e-08,0.301067464763945,0.0694016524693351,0.0013756339999139,0.0268022414895488,0.1498083769379817
24,50,0.8888888955116272,1.0,1.0,oracle_clean_axis,0.4280001812438168,0.2063351838474658,0.3779560945743395,0.8667683594142888,0.2645216658933705,0.5486961497995118,0.0634607814754884,4.699369291054049e-08,0.301067464763945,0.1575754233686931,-0.0352104491624734,-0.041369389977031,0.0334672534375993
24,70,0.774193525314331,0.35,0.1224999999999999,predicted_clean_axis,-0.0206425994227529,-0.0039238117667992,0.2350852425308848,0.807987710175716,0.0844811121599837,0.4444427665626171,0.0375400919987094,4.8825496685450025e-08,0.1975293727303858,0.008287056871005,0.0026311522864715,0.0097787583875927,0.0376233320337833
24,70,0.774193525314331,0.35,0.1224999999999999,oracle_clean_axis,1.049850926187568,0.2506120455432876,0.1993649481380159,0.807987710175716,0.1060938349215453,0.4444427665626171,0.0538009579701911,4.644537273810285e-08,0.1975293727303858,0.0740699683868512,-0.0263505904756965,-0.0455782518062402,-0.0626647870318692
24,70,0.774193525314331,0.7,0.4899999999999999,predicted_clean_axis,-0.0092743666675595,-0.0058645230524109,0.2793063337726112,0.8850796634794719,0.2810375029812824,0.4444427665626171,0.0830976660950889,4.930674969495219e-08,0.1975293727303858,0.0962540938518069,0.0268447885822257,0.1036708008365375,0.4072664963614195
24,70,0.774193525314331,0.7,0.4899999999999999,oracle_clean_axis,0.2717268816662412,0.1803476162506298,0.2587133949393017,0.8850796634794719,0.2949807285090606,0.4444427665626171,0.1166501155123442,4.6349859275209375e-08,0.1975293727303858,0.2298258194334223,-0.032317316790795,-0.0095709049643123,0.2011131045404848
24,70,0.774193525314331,1.0,1.0,predicted_clean_axis,-0.0047546285363194,-0.0039571793214292,0.3032825146788173,0.9003264788887032,0.3699005531064696,0.4444427665626171,0.1034245120378538,4.886547474018477e-08,0.1975293727303858,0.1698787656214675,0.0449398004379052,0.1764657230415702,0.6992759347461782
24,70,0.774193525314331,1.0,1.0,oracle_clean_axis,0.1945728077387898,0.1645951661825335,0.288035655230236,0.9003264788887032,0.3759679056448913,0.4444427665626171,0.1425819645391094,4.6718739421304615e-08,0.1975293727303858,0.3181359568017808,-0.0248931236807317,0.039663655785309,0.4371269241577082
24,85,0.5853658318519592,0.35,0.1224999999999999,predicted_clean_axis,0.0076453801675881,0.002112605859618,0.204995066150245,0.9064263215982225,0.0966537025258828,0.3497833242538428,0.0885224285090531,5.319592001640438e-08,0.1223483739446349,0.0196725722176413,0.0044803194844459,0.0185050426977364,0.0751877003108506
24,85,0.5853658318519592,0.35,0.1224999999999999,oracle_clean_axis,0.7145382272501549,0.2212119417217418,0.1960049491834763,0.9064263215982225,0.1082884657380119,0.3497833242538428,0.1090347775058116,5.361122057224125e-08,0.1223483739446349,0.09244547194719,-0.0282519334705327,-0.044523331939024,-0.0411245238698814
24,85,0.5853658318519592,0.7,0.4899999999999999,predicted_clean_axis,-0.000112325202978,-9.819657024239948e-05,0.2600014724401561,0.9338427467732786,0.3057864295730621,0.3497833242538428,0.1938342384966582,5.325766266848197e-08,0.1223483739446349,0.1909778721764637,0.0478088518640126,0.191149562362855,0.7644265592650297
24,85,0.5853658318519592,0.7,0.4899999999999999,oracle_clean_axis,0.1885930354989177,0.1722875965305806,0.2528355212959368,0.9338427467732786,0.3195416420481611,0.3497833242538428,0.2364069315908987,5.3828113261588414e-08,0.1223483739446349,0.3660314940746386,-0.0265360504073086,0.0512476969387234,0.5197745848908089
24,85,0.5853658318519592,1.0,1.0,predicted_clean_axis,-0.0018259542581126,-0.0021407208557347,0.2799797181252741,0.9379577918773258,0.4100806216210421,0.3497833242538428,0.2391960397911019,5.3567081707779515e-08,0.1223483739446349,0.3411117293479866,0.087160243651441,0.346131226186505,1.3795054079075022
24,85,0.5853658318519592,1.0,1.0,oracle_clean_axis,0.1344509262603361,0.1612698776391688,0.274472485261141,0.9379577918773258,0.4195546692881364,0.3497833242538428,0.2889612633191302,5.420607751771591e-08,0.1223483739446349,0.5531205924351262,-0.0067986595593401,0.1662437719868018,1.0518519083955322
24,95,0.2962962985038757,0.35,0.1224999999999999,predicted_clean_axis,-0.0096622382841444,-0.0052905606765579,0.1758196843328948,0.9628836504253993,0.1318581870852606,0.2408147833892678,0.152104275432498,1.1115608272237157e-07,0.0579917598885333,0.0720559626128376,0.0201866263857899,0.0778496578997193,0.3056049363119955
24,95,0.2962962985038757,0.35,0.1224999999999999,oracle_clean_axis,0.35248218348996,0.1994208121958215,0.1626519273056388,0.9628836504253993,0.1362437080273491,0.2408147833892678,0.1679058628020002,1.1485715037409907e-07,0.0579917598885333,0.1928460864305448,-0.0364069262292543,-0.0328031078011633,0.0944367630270549
24,95,0.2962962985038757,0.7,0.4899999999999999,predicted_clean_axis,-0.0021645929922521,-0.0031765451988146,0.2052359975279859,0.97621273937637,0.3533962489561905,0.2408147833892678,0.3313266586437284,1.095991549003504e-07,0.0579917598885333,0.533729164235063,0.1369284815964649,0.5430523390022609,2.162886181241846
24,95,0.2962962985038757,0.7,0.4899999999999999,oracle_clean_axis,0.1084395453759832,0.1612829327769602,0.1967019668491766,0.97621273937637,0.3581655971205454,0.2408147833892678,0.3640499916133005,1.148838873098094e-07,0.0579917598885333,0.7928980790487521,0.0183165513348588,0.3131434965758742,1.732328568776374
24,95,0.2962962985038757,1.0,1.0,predicted_clean_axis,-0.0013380685632604,-0.0025394302960595,0.2119482824624063,0.9803524581521786,0.4570261744940818,0.2408147833892678,0.4068800346377582,1.10208039059677e-07,0.0579917598885333,0.8956228410597984,0.2275202706906681,0.9052616688617142,3.6114078476449416
24,95,0.2962962985038757,1.0,1.0,oracle_clean_axis,0.0768932048588094,0.146939343892438,0.2051519255524607,0.9803524581521786,0.4601858686446024,0.2408147833892678,0.4449799537885288,1.1585418652710832e-07,0.0579917598885333,1.1937301443120116,0.0878368388587058,0.6321416183938866,3.0901549994936715
24,98,0.1403508782386779,0.35,0.1224999999999999,predicted_clean_axis,-0.0091982829584661,-0.0104662272716655,0.1635190630819868,0.9785036083313262,0.1684668173398295,0.1480576921159664,0.1726520656192975,2.795902013271707e-07,0.0219210801915796,0.3117642915827589,0.0868727871593577,0.3355821962858735,1.3185108804403798
24,98,0.1403508782386779,0.35,0.1224999999999999,oracle_clean_axis,0.1400902179660194,0.1614544047346996,0.1493292480016096,0.9785036083313262,0.1706369430646123,0.1480576921159664,0.1783805065506347,2.806909796000689e-07,0.0219210801915796,0.5181425206031901,-0.0100218913497044,0.1459891299351846,0.956109910408744
24,98,0.1403508782386779,0.7,0.4899999999999999,predicted_clean_axis,-0.0050810332895615,-0.0138992228650875,0.1866033291905883,0.9870485692980228,0.4050134573686098,0.1480576921159664,0.3751239123470654,2.757229251167332e-07,0.0219210801915796,1.8327337402273924,0.4866995437224385,1.9087766966689663,7.559063830234292
24,98,0.1403508782386779,0.7,0.4899999999999999,oracle_clean_axis,0.0464452463262811,0.1273980251381823,0.1751272112166816,0.9870485692980228,0.4061181514590848,0.1480576921159664,0.3867608957939347,2.790759736753158e-07,0.0219210801915796,2.230423546129895,0.2955189439815988,1.5315250326608951,6.824998644112581
24,98,0.1403508782386779,1.0,1.0,predicted_clean_axis,-0.0044076951488905,-0.0149493335154967,0.1947930322584265,0.9893618490653128,0.5021590069661283,0.1480576921159664,0.4594426538137208,2.771555287968088e-07,0.0219210801915796,2.825109709418409,0.7443045422167727,2.926515349050864,11.604655756571
24,98,0.1403508782386779,1.0,1.0,oracle_clean_axis,0.0338382143431879,0.114947013956879,0.1841859684246656,0.9893618490653128,0.502945853746074,0.1480576921159664,0.4727395947339637,2.8016727313914465e-07,0.0219210801915796,3.275302219887789,0.5259728674359838,2.4943617197918866,10.758387379263448
28,30,0.9491525292396544,0.35,0.1224999999999999,predicted_clean_axis,-0.4078954037260362,-0.0189568771356704,0.4550726780133089,0.6924393603037774,0.0301659756864973,0.649081741859296,0.0026419450005282,4.5233641316619415e-08,0.4213071076392809,-0.000341040106723,0.0005755034695343,0.0014209958831841,0.0039219475428292
28,30,0.9491525292396544,0.35,0.1224999999999999,oracle_clean_axis,4.208308815840241,0.2327973197778789,0.3708440912496907,0.6924393603037774,0.0359062265708348,0.649081741859296,0.0109606146390873,4.489917750905908e-08,0.4213071076392809,0.0136430319342217,-0.0062477404406694,-0.012112963863711,-0.0226958596569115
28,30,0.9491525292396544,0.7,0.4899999999999999,predicted_clean_axis,-0.0647892596983146,-0.0122658772219161,0.5195520564170374,0.8658406782237428,0.1228839006604775,0.649081741859296,0.0064354869919684,4.5251924600454817e-08,0.4213071076392809,0.0066383073865999,0.003401205146959,0.0112826495207576,0.040486255948873
28,30,0.9491525292396544,0.7,0.4899999999999999,oracle_clean_axis,0.7347861824894398,0.1401009752519311,0.4926240603094585,0.8658406782237428,0.1237597919228925,0.649081741859296,0.0233868201654936,4.493077525060928e-08,0.4213071076392809,0.0358015889012878,-0.0110842914981032,-0.0176242476945125,-0.0170711541822496
28,30,0.9491525292396544,1.0,1.0,predicted_clean_axis,-0.0533058393892889,-0.0163380894949915,0.5512465400342672,0.9025026411529372,0.1989417240129425,0.649081741859296,0.0086670254197152,4.545016993865561e-08,0.4213071076392809,0.0184775520830331,0.0083750718064681,0.0284927088449261,0.1039556786178116
28,30,0.9491525292396544,1.0,1.0,oracle_clean_axis,0.3443704747373075,0.0960229172982687,0.5599983356586213,0.9025026411529372,0.1809874161422098,0.649081741859296,0.0281390457930505,4.50240541709488e-08,0.4213071076392809,0.0462120464821305,-0.0085279796026409,-0.0073372634463323,0.0242002561431334
28,50,0.8888888955116272,0.35,0.1224999999999999,predicted_clean_axis,0.2183729063066035,0.0207366629283961,0.3290902466075317,0.6873093089313598,0.0533082200863308,0.5613762923417741,0.011369576976182,4.639169728959893e-08,0.3151433416059862,0.0042234950902389,-0.0004209893525788,0.0002851934232026,0.0050790753598458
28,50,0.8888888955116272,0.35,0.1224999999999999,oracle_clean_axis,2.000281758664446,0.2805664723444233,0.2567522783308188,0.6873093089313598,0.0787405900783125,0.5613762923417741,0.0254090054005268,4.7104543265060095e-08,0.3151433416059862,0.0442716893177384,-0.0184469991554913,-0.0344347679753975,-0.059032614608455
28,50,0.8888888955116272,0.7,0.4899999999999999,predicted_clean_axis,0.0763909095490976,0.0229486072493077,0.3699455361378734,0.8304200898456493,0.1686431556852189,0.5613762923417741,0.025504869644912,4.6824700725607486e-08,0.3151433416059862,0.029455565124099,0.0021933947670519,0.0156675744201712,0.0764582883846125
28,50,0.8888888955116272,0.7,0.4899999999999999,oracle_clean_axis,0.6344806910968491,0.2170747684942093,0.3235676636114805,0.8304200898456493,0.1920635732626684,0.5613762923417741,0.0542155577155655,4.70168788706956e-08,0.3151433416059862,0.1035309572713545,-0.029818075281199,-0.0450045483260801,-0.0314826877068858
28,50,0.8888888955116272,1.0,1.0,predicted_clean_axis,0.0520476380643403,0.0222127755169813,0.3704239552013399,0.8903595523251553,0.2395829287570803,0.5613762923417741,0.0321418851218891,4.6525274136638494e-08,0.3151433416059862,0.0550147378071406,0.0066437451533544,0.0360548996779911,0.1631794368411136
28,50,0.8888888955116272,1.0,1.0,oracle_clean_axis,0.4188626443819859,0.1834462066976986,0.3521025602212682,0.8903595523251553,0.245861866035017,0.5613762923417741,0.0652322142595988,4.72400810668594e-08,0.3151433416059862,0.1282954199948526,-0.0281830893849211,-0.0323897650281724,0.0311261249103352
28,70,0.774193525314331,0.35,0.1224999999999999,predicted_clean_axis,0.0974249017940115,0.0224398808465613,0.2819276048539119,0.8772446973835648,0.1046824339853868,0.4544888593803403,0.0398950950889678,4.8492112991241264e-08,0.2065601232715745,0.0184315595401704,0.0007314560015826,0.0080944025176109,0.0427147670930032
28,70,0.774193525314331,0.35,0.1224999999999999,oracle_clean_axis,0.7612121807669209,0.2132613876092541,0.2538181269533599,0.8772446973835648,0.1273297081330815,0.4544888593803403,0.0573141017622146,4.608686729316973e-08,0.2065601232715745,0.0793698017431087,-0.0249680708061077,-0.0401249215685847,-0.0410049629626452
28,70,0.774193525314331,0.7,0.4899999999999999,predicted_clean_axis,0.0162923400790284,0.0106114431758437,0.3269098894080104,0.8992211802417547,0.2960153472107064,0.4544888593803403,0.0859582187639068,4.8449521013871895e-08,0.2065601232715745,0.1129641519311019,0.0230574950045469,0.0991413706558257,0.4103882638985793
28,70,0.774193525314331,0.7,0.4899999999999999,oracle_clean_axis,0.2405812028126021,0.165892016010757,0.3046166068756102,0.8992211802417547,0.3133913716266645,0.4544888593803403,0.1222919174179758,4.684545453170264e-08,0.2065601232715745,0.2332590432725203,-0.0274779798346918,0.0044784015316621,0.2466942478675064
28,70,0.774193525314331,1.0,1.0,predicted_clean_axis,0.0071493192318348,0.0059494971992252,0.3421431919761339,0.9094355949372172,0.3782150591236689,0.4544888593803403,0.1045279521875846,4.8593674706829215e-08,0.2065601232715745,0.1780805665243308,0.0408068667004237,0.1681785000425739,0.6826160666520525
28,70,0.774193525314331,1.0,1.0,oracle_clean_axis,0.1756959619230055,0.1502656357016545,0.3228109170011395,0.9094355949372172,0.3887059020971405,0.4544888593803403,0.147141759786411,4.641221302392176e-08,0.2065601232715745,0.3113832996787477,-0.0185412563497291,0.0543510829603048,0.474436548559662
28,85,0.5853658318519592,0.35,0.1224999999999999,predicted_clean_axis,-0.0290257985869113,-0.0084706022478439,0.2171694326226522,0.9123981050641444,0.1063942460389128,0.3645759611859737,0.0960481245064641,5.172944723802568e-08,0.132915631510432,0.0188192276912577,0.0065587895621662,0.0237631813961955,0.0901087718798434
28,85,0.5853658318519592,0.35,0.1224999999999999,oracle_clean_axis,0.6706907151970718,0.2093762033950969,0.2019752265454212,0.9123981050641444,0.1138133104762125,0.3645759611859737,0.1179713829495074,5.220412761381033e-08,0.132915631510432,0.0897271381438086,-0.0265905072040763,-0.0409989731629345,-0.0332697813449951
28,85,0.5853658318519592,0.7,0.4899999999999999,predicted_clean_axis,-0.0103256628946757,-0.0094835204298257,0.272508207771622,0.940324963351021,0.3348418025455121,0.3645759611859737,0.2062738085928072,5.200917684768272e-08,0.132915631510432,0.2021737740470214,0.0570759896700894,0.2195938971359125,0.8609554654547584
28,85,0.5853658318519592,0.7,0.4899999999999999,oracle_clean_axis,0.1597006590690599,0.1489729219784628,0.265350490939444,0.940324963351021,0.340085924113155,0.3645759611859737,0.2517172244256219,5.3061593079903306e-08,0.132915631510432,0.3565068820976823,-0.0150976371580928,0.0785752616109797,0.5922326669306208
28,85,0.5853658318519592,1.0,1.0,predicted_clean_axis,-0.0082296649211994,-0.0098907941731067,0.2823406402004821,0.9476420584723954,0.4381643514141317,0.3645759611859737,0.2495480683907779,5.241853408816217e-08,0.132915631510432,0.3492215497151913,0.0962207998438414,0.3729959828219742,1.468209498181114
28,85,0.5853658318519592,1.0,1.0,oracle_clean_axis,0.1103583466009286,0.1335814440307892,0.2773555823447594,0.9476420584723954,0.4412949709208993,0.3645759611859737,0.302866421176601,5.357065317573975e-08,0.132915631510432,0.527978798014824,0.010726104467051,0.2045958779170772,1.1417664317660554
28,95,0.2962962985038757,0.35,0.1224999999999999,predicted_clean_axis,-0.0232596855970482,-0.0135389966828218,0.1982163307784483,0.9610189352682904,0.1449739549627705,0.249061927644395,0.1718920994662773,1.053701683257794e-07,0.0620318437991037,0.0768234891518185,0.0251164562148445,0.0925850462901918,0.3545786280223936
28,95,0.2962962985038757,0.35,0.1224999999999999,oracle_clean_axis,0.340313600122278,0.2029223374745945,0.1851957985488879,0.9610189352682904,0.1485107515990232,0.249061927644395,0.1870723744046885,1.084064833986323e-07,0.0620318437991037,0.2098862029864942,-0.0382774121782895,-0.0321110314799406,0.1135531085466723
28,95,0.2962962985038757,0.7,0.4899999999999999,predicted_clean_axis,-0.0112863907403754,-0.0174497928547256,0.2233577974591473,0.9779324229389518,0.3850725307467785,0.249061927644395,0.3679504204127564,1.0486047512997628e-07,0.0620318437991037,0.570620759540274,0.1628894223023407,0.6245787126529992,2.444356897499272
28,95,0.2962962985038757,0.7,0.4899999999999999,oracle_clean_axis,0.0939070955833352,0.1442839917863878,0.2179530839735145,0.9779324229389518,0.3826723518528555,0.249061927644395,0.3991589966080043,1.092143076083823e-07,0.0620318437991037,0.811859014603088,0.0367003982762168,0.368487400270941,1.917321215415911
28,95,0.2962962985038757,1.0,1.0,predicted_clean_axis,-0.0092587150913689,-0.0180346913883108,0.2216589205195162,0.9834034411639884,0.4851380518050233,0.249061927644395,0.443851637909458,1.05139893675516e-07,0.0620318437991037,0.9134116863961872,0.2546997275985571,0.9836698357282142,3.864421193580829
28,95,0.2962962985038757,1.0,1.0,oracle_clean_axis,0.0610724130766694,0.1179478043505848,0.2190653955747959,0.9834034411639884,0.4810078075038893,0.249061927644395,0.4802685117444476,1.1060914614179361e-07,0.0620318437991037,1.1602486171609958,0.1192196595020744,0.7046686310591971,3.2742545103385874
28,98,0.1403508782386779,0.35,0.1224999999999999,predicted_clean_axis,-0.0257147485057631,-0.0308346906632393,0.178919359894811,0.9777905455455784,0.1804026938579649,0.150447752273069,0.1951573033507941,2.5961272385406095e-07,0.0226345261655622,0.3224893268036471,0.1083528619104724,0.3964374073624753,1.511801548891074
28,98,0.1403508782386779,0.35,0.1224999999999999,oracle_clean_axis,0.1199763740781268,0.1449979843310982,0.1629638931749909,0.9777905455455784,0.1818243049463559,0.150447752273069,0.2000843854906636,2.6143800575335106e-07,0.0226345261655622,0.540388946009353,0.0036687638547286,0.1899130189490609,1.1101280028565363
28,98,0.1403508782386779,0.7,0.4899999999999999,predicted_clean_axis,-0.0120941586486196,-0.0343929422367595,0.1988703608026709,0.9877613981287666,0.4278380170057158,0.150447752273069,0.4169839446736955,2.572277519734413e-07,0.0226345261655622,1.9239440734322852,0.5543400962655833,2.119554947852318,8.282608916989238
28,98,0.1403508782386779,0.7,0.4899999999999999,oracle_clean_axis,0.0364514112619087,0.1033520452818797,0.1870212108628681,0.9877613981287666,0.4265701208043996,0.150447752273069,0.4269229101764816,2.603396059903906e-07,0.0226345261655622,2.302822280683526,0.3559271398377843,1.716746466461934,7.453061680069328
28,98,0.1403508782386779,1.0,1.0,predicted_clean_axis,-0.009933121265437,-0.0341930031223982,0.2032240909131675,0.9905325714717614,0.5178896266101787,0.150447752273069,0.502241729002786,2.6213596261765294e-07,0.0226345261655622,2.8446920752276093,0.7994505171433002,3.080098737458004,12.08498828760162
28,98,0.1403508782386779,1.0,1.0,oracle_clean_axis,0.0255112184674458,0.0876006554058599,0.1928502442163016,0.9905325714717614,0.5166088683798883,0.150447752273069,0.5136740807805583,2.647417533783008e-07,0.0226345261655622,3.248565251960877,0.5865383638477543,2.6469573875809704,11.189437414703788
1,30,0.9491525292396544,0.35,0.1224999999999999,predicted_clean_axis,0.5190520965322758,0.0126593536485821,0.3632242292128941,0.750019268795223,0.0184186652457494,0.7551923326040577,0.0019037783576874,4.537295783113425e-08,0.5703154591338881,0.0004574640037243,-0.0001171992448582,-0.0001600433183809,-2.2665951418560262e-05
1,30,0.9491525292396544,0.35,0.1224999999999999,oracle_clean_axis,4.468052278487857,0.1988459697009624,0.2165023972649022,0.750019268795223,0.0336090408812779,0.7551923326040577,0.0107431765617806,4.4965229483128074e-08,0.5703154591338881,0.0093445812150898,-0.0043009278344727,-0.0083542804868974,-0.0157182602456024
1,30,0.9491525292396544,0.7,0.4899999999999999,predicted_clean_axis,-0.1107147753265743,-0.0082415470367942,0.4249587785655588,0.7371180436432264,0.0562161022557648,0.7551923326040577,0.0046670163752625,4.5311649491491225e-08,0.5703154591338881,0.0007718117165686,0.0006530751024557,0.0019988041787377,0.006768224252782
1,30,0.9491525292396544,0.7,0.4899999999999999,oracle_clean_axis,1.783973594274906,0.1893493029595972,0.2540173147868761,0.7371180436432264,0.0801554138681805,0.7551923326040577,0.0233585196593538,4.458890291267112e-08,0.5703154591338881,0.0229137351189876,-0.0093445857941515,-0.0172809837447422,-0.0289292161152394
1,30,0.9491525292396544,1.0,1.0,predicted_clean_axis,-0.2630238882410564,-0.0301669094773171,0.4824972818363208,0.7104744895835257,0.086615017700413,0.7551923326040577,0.0063368992070991,4.5617033672815996e-08,0.5703154591338881,-0.0001713215158957,0.002552111946636,0.0067485246857312,0.0200742525412977
1,30,0.9491525292396544,1.0,1.0,oracle_clean_axis,1.3590155218453468,0.1858219702489582,0.2833888465080411,0.7104744895835257,0.103259547007118,0.7551923326040577,0.0286352200055316,4.469597913836356e-08,0.5703154591338881,0.0300819178442364,-0.011535486464721,-0.0207339912911776,-0.0321200560292962
1,50,0.8888888955116272,0.35,0.1224999999999999,predicted_clean_axis,0.63493339922279,0.061083264256968,0.3802315270139834,0.8113559074039643,0.0601859024299098,0.6256057216319212,0.0103507871876677,4.71673619391458e-08,0.3913825188713436,0.0081902793814763,-0.0023597804146573,-0.0035626546452608,-0.0024976845543064
1,50,0.8888888955116272,0.35,0.1224999999999999,oracle_clean_axis,1.8648581519810443,0.2660009928356182,0.3175962499832047,0.8113559074039643,0.0892356037379866,0.6256057216319212,0.0248684616714922,4.717682368054008e-08,0.3913825188713436,0.0430284946184662,-0.0176994086010015,-0.0328555913965156,-0.0555382795710801
1,50,0.8888888955116272,0.7,0.4899999999999999,predicted_clean_axis,0.1361017261518793,0.0399276834982155,0.4623605645369417,0.8645733357954141,0.1835317446313459,0.6256057216319212,0.0238596572765467,4.69881595317343e-08,0.3913825188713436,0.0332294157472241,-0.000477728864929,0.0098025282759301,0.0626370005750146
1,50,0.8888888955116272,0.7,0.4899999999999999,oracle_clean_axis,0.5678383904461788,0.1961373509158355,0.4138624764423347,0.8645733357954141,0.2160907945344441,0.6256057216319212,0.0540706414471974,4.723483592542723e-08,0.3913825188713436,0.0975750094020947,-0.026417175213102,-0.0379207974342408,-0.016187382900628
1,50,0.8888888955116272,1.0,1.0,predicted_clean_axis,0.045660109667337,0.0197523219737798,0.4837652260350647,0.8598861620466329,0.2706337267330808,0.6256057216319212,0.0308743379168704,4.669731036932442e-08,0.3913825188713436,0.0553292961862695,0.0074237615096294,0.0382397960877678,0.1700486844495732
1,50,0.8888888955116272,1.0,1.0,oracle_clean_axis,0.3686893871562809,0.1658215825398779,0.4315855495524666,0.8598861620466329,0.2813721642685484,0.6256057216319212,0.0662852245500548,4.714858067207797e-08,0.3913825188713436,0.1251507638350938,-0.0246471925785678,-0.0240089255978166,0.0531239870416436
1,70,0.774193525314331,0.35,0.1224999999999999,predicted_clean_axis,0.0237372421181568,0.0049088213489923,0.2794699125444814,0.8423686456893398,0.1023162124797059,0.4947633119184739,0.0367832693704338,4.9077682193673536e-08,0.2447907349127397,0.0117065202814713,0.0021652781272087,0.0096762484330473,0.0407352655806134
1,70,0.774193525314331,0.35,0.1224999999999999,oracle_clean_axis,0.8954404753949173,0.2227925050847459,0.2469691912385919,0.8423686456893398,0.1231009326864833,0.4947633119184739,0.0556671067676771,4.6445690867351135e-08,0.2447907349127397,0.0709088163710694,-0.0238471676937092,-0.0399561750595345,-0.0489597088075343
1,70,0.774193525314331,0.7,0.4899999999999999,predicted_clean_axis,0.0028681862484158,0.0017048672297457,0.3453268415561181,0.8891915388276097,0.2940903009475665,0.4947633119184739,0.0820781321764971,4.914965501515701e-08,0.2447907349127397,0.0893430184439462,0.0215757170636702,0.0873162516511023,0.3512917733972533
1,70,0.774193525314331,0.7,0.4899999999999999,oracle_clean_axis,0.2701312705847707,0.169958319997423,0.3199376643452027,0.8891915388276097,0.3112899188161059,0.4947633119184739,0.1210350776064033,4.6653306749678646e-08,0.2447907349127397,0.2058960907240173,-0.0287254035274329,-0.0079690458318153,0.1819889532285707
1,70,0.774193525314331,1.0,1.0,predicted_clean_axis,-0.0007728660875165,-0.0006320143645148,0.3665522998315096,0.916387644562346,0.4045946965692213,0.4947633119184739,0.1029652068260102,4.890516506594994e-08,0.2447907349127397,0.1666635846481516,0.0420535203724195,0.1676972492091696,0.6697553322756605
1,70,0.774193525314331,1.0,1.0,oracle_clean_axis,0.1693706122853377,0.1398029065335227,0.3517492802209657,0.916387644562346,0.4083905000935189,0.4947633119184739,0.1483769577149132,4.717064389632382e-08,0.2447907349127397,0.2857289726605677,-0.0151154719838405,0.0549350655966143,0.4505341694504104
1,85,0.5853658318519592,0.35,0.1224999999999999,predicted_clean_axis,-0.0143748079069967,-0.0037397405435947,0.2009825335753875,0.9070125183611965,0.101849638366793,0.3914894549108011,0.0872617273714048,5.3786616354219425e-08,0.1532639932772556,0.015947792182938,0.0047166443613541,0.0178936490245903,0.069628739256709
1,85,0.5853658318519592,0.35,0.1224999999999999,oracle_clean_axis,0.7690867191056976,0.2200471235308267,0.1906259694378828,0.9070125183611965,0.1120109427269069,0.3914894549108011,0.1111579596739706,5.4404623475901695e-08,0.1532639932772556,0.0834241729541736,-0.0263630174186658,-0.0424933221317177,-0.0440557934409795
1,85,0.5853658318519592,0.7,0.4899999999999999,predicted_clean_axis,-0.0103482698897213,-0.0083015208294912,0.266785146539322,0.9348010641835602,0.3140580888498359,0.3914894549108011,0.192433548551951,5.3734932489559066e-08,0.1532639932772556,0.1542269957946842,0.0435514423753357,0.1675461782657899,0.6568655305920541
1,85,0.5853658318519592,0.7,0.4899999999999999,oracle_clean_axis,0.198575404813851,0.1657815011589334,0.2636944493597567,0.9348010641835602,0.3268365968275147,0.3914894549108011,0.2416869323154302,5.483277665106061e-08,0.1532639932772556,0.3126487383427763,-0.0256403463683086,0.0358419891321022,0.4201747057390833
1,85,0.5853658318519592,1.0,1.0,predicted_clean_axis,-0.0047110279639328,-0.0051742390618367,0.2879271942602766,0.9448653680654926,0.4299825951798434,0.3914894549108011,0.2389262198971033,5.4107263786710494e-08,0.1532639932772556,0.2958963715283645,0.078236339304519,0.3072623619881723,1.2176834574928816
1,85,0.5853658318519592,1.0,1.0,oracle_clean_axis,0.1345045127204253,0.1506865885842015,0.2865249184287689,0.9448653680654926,0.4385890795338262,0.3914894549108011,0.2962841223064205,5.533930305157575e-08,0.1532639932772556,0.4825884597649572,-0.0059645180078817,0.1449574385673002,0.917460775466858
1,95,0.2962962985038757,0.35,0.1224999999999999,predicted_clean_axis,-0.0019107687183866,-0.0010041256254775,0.1798860853575875,0.9581209322652166,0.1377199661866871,0.2620698014370852,0.1486255056699486,1.160826786826743e-07,0.0686805808180183,0.0685121772662067,0.0175238018593,0.0695675307135361,0.2772147694068153
1,95,0.2962962985038757,0.35,0.1224999999999999,oracle_clean_axis,0.4078223362734943,0.2248331721023692,0.1641329969971348,0.9581209322652166,0.1444795429984089,0.2620698014370852,0.1666783140079685,1.1985160690011918e-07,0.0686805808180183,0.1999343316245548,-0.0429796098965283,-0.0479675158492238,0.0560317840768839
1,95,0.2962962985038757,0.7,0.4899999999999999,predicted_clean_axis,0.0001141405298668,0.0001575726899643,0.2084234772287694,0.9745541637110708,0.3617912376875641,0.2620698014370852,0.3253906471931632,1.1568615341774032e-07,0.0686805808180183,0.4766728050523932,0.1190050525888341,0.4762377419210223,1.905386030815461
1,95,0.2962962985038757,0.7,0.4899999999999999,oracle_clean_axis,0.1271922558811959,0.1796677672468108,0.1986022170435753,0.9745541637110708,0.3701915321872774,0.2620698014370852,0.362402930828661,1.201758818943346e-07,0.0686805808180183,0.7526304227360266,-0.0021871585283367,0.2450443848364444,1.48776357724536
1,95,0.2962962985038757,1.0,1.0,predicted_clean_axis,0.0011352316952809,0.0020346594280108,0.2149085218789332,0.9801495879948978,0.4697039331331621,0.2620698014370852,0.4014200363391639,1.15879247004809e-07,0.0686805808180183,0.8067186152885019,0.1989446355875502,0.799425233329635,3.2049943152774065
1,95,0.2962962985038757,1.0,1.0,oracle_clean_axis,0.0877999762052826,0.1595601538119359,0.2071451664062307,0.9801495879948978,0.4762632022700811,0.2620698014370852,0.4442699208893673,1.2160865552781353e-07,0.0686805808180183,1.1156287841803527,0.0614289819145437,0.5356868798322341,2.7226894236770547
1,98,0.1403508782386779,0.35,0.1224999999999999,predicted_clean_axis,0.0010794651220144,0.0012053578146727,0.1603239186569388,0.9774542557067838,0.1736949731344986,0.1555535319765822,0.1679736488695685,2.915732646876262e-07,0.0241969013105467,0.3130588180833583,0.0772552549400989,0.3103669525347168,1.2441596756875086
1,98,0.1403508782386779,0.35,0.1224999999999999,oracle_clean_axis,0.1536836391336525,0.1766812716932251,0.1446369288250365,0.9774542557067838,0.1788309803237682,0.1555535319765822,0.1760166558025683,2.94571263218969e-07,0.0241969013105467,0.5335399081715394,-0.0189552717961053,0.1272992446008988,0.915437641974236
1,98,0.1403508782386779,0.7,0.4899999999999999,predicted_clean_axis,0.0024542460100403,0.0064900063792613,0.1748793195231542,0.9865534631392014,0.4113456477934954,0.1555535319765822,0.3662696071702494,2.8864367907919205e-07,0.0241969013105467,1.765374054858453,0.4284718875107834,1.7310497183149074,6.958523209803176
1,98,0.1403508782386779,0.7,0.4899999999999999,oracle_clean_axis,0.0562041284998239,0.1512537225089371,0.1617513516681545,0.9865534631392014,0.4186178380284781,0.1555535319765822,0.3827069664439135,2.934194629383844e-07,0.0241969013105467,2.217618059224616,0.2491197093812368,1.4035252447581708,6.428193793499128
1,98,0.1403508782386779,1.0,1.0,predicted_clean_axis,0.0027326335766372,0.0089776486669058,0.1798998522120244,0.9892649627595524,0.5110472808800715,0.1555535319765822,0.4501714640969321,2.908233397238648e-07,0.0241969013105467,2.7278704013219985,0.6598465840112492,2.6688810244706644,10.734513474733992
1,98,0.1403508782386779,1.0,1.0,oracle_clean_axis,0.0420922745690214,0.1402232710729988,0.1676400122321671,0.9892649627595524,0.5182001995389379,0.1555535319765822,0.4691606476146965,2.973551098979784e-07,0.0241969013105467,3.241570484015308,0.4600450936298126,2.3073104110179363,10.16350171706912
5,30,0.9491525292396544,0.35,0.1224999999999999,predicted_clean_axis,-1.5500571304235504,-0.0785777719665407,0.4269477353251066,0.5297498916665776,0.0319604110720972,0.6304640846099204,0.0018510138492364,4.539712183213412e-08,0.3974849619350234,-0.003340922858613,0.0021523041279545,0.0046258367216743,0.01053658730641
5,30,0.9491525292396544,0.35,0.1224999999999999,oracle_clean_axis,4.266712372733102,0.2269419670243964,0.2320464438211912,0.5297498916665776,0.0335337250324093,0.6304640846099204,0.009725709560064,4.4923119205808e-08,0.3974849619350234,0.0127780719849515,-0.005858586342377,-0.0113635395846879,-0.0213125467691124
5,30,0.9491525292396544,0.7,0.4899999999999999,predicted_clean_axis,-0.692925092298186,-0.1610178700731003,0.4185282292253012,0.3235338394088831,0.1465035473384055,0.6304640846099204,0.0044762135206708,4.576326392297296e-08,0.3974849619350234,-0.0239169536956936,0.0220830529819267,0.0509158233865736,0.1288305164640278
5,30,0.9491525292396544,0.7,0.4899999999999999,oracle_clean_axis,1.3825012899080225,0.189821018012015,0.2275348977069668,0.3235338394088831,0.0865643563838051,0.6304640846099204,0.0208488868881956,4.463111470213112e-08,0.3974849619350234,0.0307759196236572,-0.0118532092015492,-0.0213499179962455,-0.0332738343650794
5,30,0.9491525292396544,1.0,1.0,predicted_clean_axis,-0.4749964431737113,-0.1470756052037688,0.3951870915693773,0.2873179702209528,0.1952138550421383,0.6304640846099204,0.0060981605061303,4.527552227635234e-08,0.3974849619350234,-0.0215712953770003,0.0287620113483798,0.0695082651366795,0.1869535000330383
5,30,0.9491525292396544,1.0,1.0,oracle_clean_axis,1.0408194318055284,0.1854080729208472,0.2240893553606527,0.2873179702209528,0.1123087515483398,0.6304640846099204,0.0252650327106116,4.519578774564592e-08,0.3974849619350234,0.0409611358361209,-0.0145306939217541,-0.0250948051793041,-0.0343232797017913
5,50,0.8888888955116272,0.35,0.1224999999999999,predicted_clean_axis,0.0386670202184587,0.0030558289447126,0.3548959976760623,0.6285695640716686,0.0418631370480804,0.5297164193195573,0.0100734638965025,4.6707282880379066e-08,0.2805994848991084,0.0018029091369705,0.0002696021808726,0.001319908861317,0.0057626357209217
5,50,0.8888888955116272,0.35,0.1224999999999999,oracle_clean_axis,2.4615940680328925,0.3131861539389211,0.2229474914839348,0.6285695640716686,0.0673952907993326,0.5297164193195573,0.0225544392382931,4.695079260728387e-08,0.2805994848991084,0.0438931661305734,-0.0189114795638762,-0.035799556793479,-0.0635055042498635
5,50,0.8888888955116272,0.7,0.4899999999999999,predicted_clean_axis,-0.0724471692179025,-0.0205974117434597,0.432821890940204,0.7432372041126942,0.1506033612325037,0.5297164193195573,0.0221510381551519,4.6792205853158626e-08,0.2805994848991084,0.0143519218673921,0.0079800088973003,0.0260639976819314,0.0925439149131866
5,50,0.8888888955116272,0.7,0.4899999999999999,oracle_clean_axis,0.8664724545556195,0.2523696302072064,0.3772811289862618,0.7432372041126942,0.1542857319416158,0.5297164193195573,0.0483496809389839,4.714588488332699e-08,0.2805994848991084,0.09471367183723,-0.0314506544470156,-0.0522971879129649,-0.062177891901665
5,50,0.8888888955116272,1.0,1.0,predicted_clean_axis,-0.0522334862291517,-0.0212078262953625,0.417886152628499,0.8477457108199515,0.2150753207903012,0.5297164193195573,0.0278447804013685,4.7317119671456776e-08,0.2805994848991084,0.0326022105226491,0.0146086496356439,0.0498238025359336,0.18207361813045
5,50,0.8888888955116272,1.0,1.0,oracle_clean_axis,0.5028233853872203,0.2031642642772796,0.3798701847872797,0.8477457108199515,0.2140303130964681,0.5297164193195573,0.0585909588460677,4.72212666927012e-08,0.2805994848991084,0.1229013930562781,-0.0308405804711883,-0.0412744169044098,-0.0009218576569509
5,70,0.774193525314331,0.35,0.1224999999999999,predicted_clean_axis,-0.0033708047466434,-0.0006733145334032,0.2257709806012519,0.8070401790292843,0.0840631512074415,0.4208441301208918,0.035063493618532,4.863509654527417e-08,0.1771097818972202,0.0098404117166961,0.0025609733097645,0.0101093993982709,0.0401686099115092
5,70,0.774193525314331,0.35,0.1224999999999999,oracle_clean_axis,1.0402719157084128,0.2694958530353309,0.188950762071819,0.8070401790292843,0.1090250982740476,0.4208441301208918,0.0509088320418964,4.6265188827295145e-08,0.1771097818972202,0.0865947713652941,-0.0307135888635889,-0.0530379798478056,-0.0725191681781226
5,70,0.774193525314331,0.7,0.4899999999999999,predicted_clean_axis,-0.010854484398883,-0.0068753659309876,0.2816197005239728,0.8547844779249342,0.2665679260441921,0.4208441301208918,0.0756527070474543,4.881856754004677e-08,0.1771097818972202,0.0959479012145135,0.0272531822841856,0.1046577864959999,0.4099212607025131
5,70,0.774193525314331,0.7,0.4899999999999999,oracle_clean_axis,0.3187545955237046,0.2095523905339575,0.2497819751041677,0.8547844779249342,0.2766670496597075,0.4208441301208918,0.1091326528540991,4.6954373293915444e-08,0.1771097818972202,0.2458086990231463,-0.0418691694376821,-0.02971488549277,0.1566640425448362
5,70,0.774193525314331,1.0,1.0,predicted_clean_axis,-0.0051202575951245,-0.0040743995954419,0.3023609110426844,0.8815000747429825,0.334882986188304,0.4208441301208918,0.0927752267140847,4.875590273400429e-08,0.1771097818972202,0.1550588214615368,0.0411963309078373,0.1615431562414122,0.6396882901857734
5,70,0.774193525314331,1.0,1.0,oracle_clean_axis,0.2368953467475004,0.1925972306205139,0.277800331584334,0.8815000747429825,0.342148611600106,0.4208441301208918,0.1322487891629603,4.686939118803806e-08,0.1771097818972202,0.3218271207541025,-0.0369801821999759,0.0086618877180984,0.3478127839083982
5,85,0.5853658318519592,0.35,0.1224999999999999,predicted_clean_axis,-0.0060853665540683,-0.0018389692515987,0.1947882172929147,0.906500607433704,0.097475004573001,0.3225563081984777,0.0861480307009377,5.221466221651615e-08,0.1040425719821498,0.0222747739246285,0.0059854894036277,0.0233862297178838,0.0924334630782796
5,85,0.5853658318519592,0.35,0.1224999999999999,oracle_clean_axis,0.6565369310542569,0.218144217222202,0.1835690065745793,0.906500607433704,0.1071741588840267,0.3225563081984777,0.1048358416790992,5.2752432449419324e-08,0.1040425719821498,0.1000816805573122,-0.0293408395836233,-0.0448816787038916,-0.0345633555543628
5,85,0.5853658318519592,0.7,0.4899999999999999,predicted_clean_axis,-9.417560624459492e-05,-8.800083328158994e-05,0.2520080454682549,0.9335931598870006,0.3014073923556877,0.3225563081984777,0.1852067454414339,5.2746880706987554e-08,0.1040425719821498,0.2182092204422502,0.0546139783021413,0.21837368228646,0.8733302673016298
5,85,0.5853658318519592,0.7,0.4899999999999999,oracle_clean_axis,0.1758582502940089,0.1710104548607714,0.2429685054845807,0.9335931598870006,0.3136645616057969,0.3225563081984777,0.2247353371971032,5.316456922944567e-08,0.1040425719821498,0.402703026905687,-0.0240464653851706,0.0701104346081073,0.613034330730009
5,85,0.5853658318519592,1.0,1.0,predicted_clean_axis,0.0016077552001575,0.0019525731522586,0.2716233822956595,0.9397512637502314,0.3917355001671128,0.3225563081984777,0.2256495674645185,5.2863480958701935e-08,0.1040425719821498,0.3711067075713197,0.0909981682877503,0.3663640179577742,1.4701987614446423
5,85,0.5853658318519592,1.0,1.0,oracle_clean_axis,0.130084248255173,0.1620408326736018,0.2636416846220609,0.9397512637502314,0.4017957090552334,0.3225563081984777,0.2723380714490831,5.3442047201980765e-08,0.1040425719821498,0.5897655233567748,-0.0039445390963576,0.1860697368619712,1.1479747339426885
5,95,0.2962962985038757,0.35,0.1224999999999999,predicted_clean_axis,-0.0163558034260915,-0.0093987180212961,0.1826857907328807,0.9675836397077736,0.1284894062720024,0.2235993745698387,0.1514196635634925,1.06614321209803e-07,0.0499966803128199,0.0771522283080867,0.0233387248193943,0.0879540089544142,0.3410142551713294
5,95,0.2962962985038757,0.35,0.1224999999999999,oracle_clean_axis,0.3020141358992844,0.1775181759602924,0.1712506116586069,0.9675836397077736,0.1314274677948743,0.2235993745698387,0.1659088188111333,1.0958237773975637e-07,0.0499966803128199,0.1907134449967608,-0.0305779992552908,-0.0179701830151886,0.136802895951195
5,95,0.2962962985038757,0.7,0.4899999999999999,predicted_clean_axis,-0.0060347579980506,-0.0091156374059848,0.2157887026888069,0.9791308574495564,0.3377518739677759,0.2235993745698387,0.3252521233770166,1.0639479248704517e-07,0.0499966803128199,0.5566501392183736,0.1494895659888298,0.584188889043004,2.309216806347385
5,95,0.2962962985038757,0.7,0.4899999999999999,oracle_clean_axis,0.0900595019187969,0.1371531488186889,0.2087902763394669,0.9791308574495564,0.3405232945191546,0.2235993745698387,0.3556567457187388,1.1045669756135083e-07,0.0499966803128199,0.788691932380546,0.0405183339917457,0.3709462014381711,1.9015305366950597
5,95,0.2962962985038757,1.0,1.0,predicted_clean_axis,-0.0033023136662851,-0.0062940878077532,0.2209062024187629,0.9824486620785864,0.4261721445995877,0.2235993745698387,0.3952310124683532,1.066950415581022e-07,0.0499966803128199,0.8961774824330708,0.2330415946986414,0.9201700800074012,3.6566877224552736
5,95,0.2962962985038757,1.0,1.0,oracle_clean_axis,0.065690968813777,0.125899690266406,0.21570202633646,0.9824486620785864,0.4285382376062751,0.2235993745698387,0.4309908423159249,1.1122223767672261e-07,0.0499966803128199,1.1595784812522836,0.1089253148015623,0.6769936665549275,3.190559480917067
5,98,0.1403508782386779,0.35,0.1224999999999999,predicted_clean_axis,-0.005299983277087,-0.0058815291290685,0.1356370948891246,0.9797458243294018,0.1563531430920066,0.1408934692871054,0.1703305809992308,2.626326841578685e-07,0.019850969689243,0.3013460512633308,0.0802316770488972,0.3143998225515028,1.24454551891784
5,98,0.1403508782386779,0.35,0.1224999999999999,oracle_clean_axis,0.1430930751781486,0.1617934803741252,0.1228950722152614,0.9797458243294018,0.1593064145806182,0.1408934692871054,0.1771950138101743,2.6526793610887504e-07,0.019850969689243,0.5025510603734151,-0.0115655740376505,0.136675489357404,0.9125775284456272
5,98,0.1403508782386779,0.7,0.4899999999999999,predicted_clean_axis,-0.0007966139254422,-0.00208439186103,0.1492375331760322,0.9882749530089924,0.3686568754008134,0.1408934692871054,0.3654406723464792,2.607399660997185e-07,0.019850969689243,1.7061487351659197,0.4306276433376078,1.717056627288928,6.857318617032703
5,98,0.1403508782386779,0.7,0.4899999999999999,oracle_clean_axis,0.0499679986429627,0.1320308759378761,0.1388726806986616,0.9882749530089924,0.372284035164627,0.1408934692871054,0.3798508267605803,2.645488332464325e-07,0.019850969689243,2.094315102126703,0.2619290295429607,1.3965824461567964,6.284062440597092
5,98,0.1403508782386779,1.0,1.0,predicted_clean_axis,0.0003978167179891,0.0012742285971463,0.1525098240494073,0.9904641503109272,0.451289449634697,0.1408934692871054,0.443352813496243,2.619005497059165e-07,0.019850969689243,2.568970828779379,0.6391816394729486,2.56080798152099,10.251394773342348
5,98,0.1403508782386779,1.0,1.0,oracle_clean_axis,0.0380475823686267,0.1228991045551258,0.1427071409368796,0.9904641503109272,0.4551059524698874,0.1408934692871054,0.4603096377581925,2.6656053373151184e-07,0.019850969689243,3.0054363852476915,0.4536229006820352,2.2114731969013253,9.639855975951663
9,30,0.9491525292396544,0.35,0.1224999999999999,predicted_clean_axis,1.5245319518236544,0.0421762738090354,0.3970255273473779,0.611396223020935,0.0147344881426247,0.5326027156620418,0.0034943942051864,4.5589551766246855e-08,0.2836656527158651,0.0013581482458256,-0.0005355699181738,-0.0009754703665217,-0.0015682628537401
9,30,0.9491525292396544,0.35,0.1224999999999999,oracle_clean_axis,5.257493936561159,0.3475689189854675,0.2560911245843607,0.611396223020935,0.0352099597954955,0.5326027156620418,0.0086155790778067,4.530882936200183e-08,0.2836656527158651,0.0240701242963153,-0.0112156062652386,-0.0218849086085314,-0.0415846015292785
9,30,0.9491525292396544,0.7,0.4899999999999999,predicted_clean_axis,0.1144750221909295,0.0099983140891849,0.4284888417533058,0.5720502800922758,0.0465178266317374,0.5326027156620418,0.0086106449258289,4.5637571029781216e-08,0.2836656527158651,0.0027803524253842,4.014424588916924e-05,0.0010338354641658,0.005881858817882
9,30,0.9491525292396544,0.7,0.4899999999999999,oracle_clean_axis,1.885126233978233,0.3178847482322725,0.3040538533483372,0.5720502800922758,0.0898116407932858,0.5326027156620418,0.0190759462356142,4.504122411140226e-08,0.2836656527158651,0.0607130519925607,-0.0250248987279038,-0.0464953792768905,-0.0787730858381111
9,30,0.9491525292396544,1.0,1.0,predicted_clean_axis,-0.1243801157041795,-0.0182151060766362,0.4422603261768015,0.5567705923466207,0.0779981181683577,0.5326027156620418,0.01171971865404,4.5483226689749104e-08,0.2836656527158651,0.0026941382891435,0.0026741965468057,0.0080292368878627,0.0267818489527317
9,30,0.9491525292396544,1.0,1.0,oracle_clean_axis,1.2442946047780274,0.2918097766947872,0.3408279593553765,0.5567705923466207,0.1249050497587772,0.5326027156620418,0.0238712858595703,4.5082190083257635e-08,0.2836656527158651,0.082184415128339,-0.0307799319331536,-0.0546850134456302,-0.0818706252085519
9,50,0.8888888955116272,0.35,0.1224999999999999,predicted_clean_axis,-0.0628879800603396,-0.0052371391213456,0.2863778587779074,0.5659284701012278,0.0366341738165875,0.4399060515911203,0.0121831242839644,4.6891139185270717e-08,0.1935173342429662,0.001297641175387,0.0006515112693407,0.002169910443371,0.0078073725055003
9,50,0.8888888955116272,0.35,0.1224999999999999,oracle_clean_axis,1.6915855803088655,0.2695433477293773,0.1928988363757077,0.5659284701012278,0.0700962169532282,0.4399060515911203,0.0199762889308344,4.735150592388464e-08,0.1935173342429662,0.0492976055087319,-0.0198881055566426,-0.0366024129814698,-0.0605096334356774
9,50,0.8888888955116272,0.7,0.4899999999999999,predicted_clean_axis,-0.031218950277585,-0.008165938929654,0.3690259313252825,0.7097041495780891,0.1150661992199504,0.4399060515911203,0.0282400473045858,4.7171261383337856e-08,0.1935173342429662,0.0149687441402567,0.0053441591452281,0.0192406724340276,0.0726907614423397
9,50,0.8888888955116272,0.7,0.4899999999999999,oracle_clean_axis,0.6461424159953948,0.2447409252764753,0.2654400787341835,0.7097041495780891,0.166624278852325,0.4399060515911203,0.0442299478182784,4.75640378297208e-08,0.1935173342429662,0.1285682482172949,-0.0373837719919354,-0.0568339759060628,-0.0419336795008932
9,50,0.8888888955116272,1.0,1.0,predicted_clean_axis,-0.0267927574638256,-0.0113233585533186,0.3994848394342682,0.7538232420216573,0.1859164350166776,0.4399060515911203,0.0368949006071687,4.688328655785265e-08,0.1935173342429662,0.0398679565007702,0.0135561619331744,0.0494390839887223,0.1881852084669373
9,50,0.8888888955116272,1.0,1.0,oracle_clean_axis,0.3935510324099653,0.2094314281124649,0.3018545991916651,0.7538232420216573,0.2340996339302478,0.4399060515911203,0.0553485374954626,4.720994192855885e-08,0.1935173342429662,0.1822487623374717,-0.0380258058970469,-0.0406525616129676,0.060291077498569
9,70,0.774193525314331,0.35,0.1224999999999999,predicted_clean_axis,-0.0315849136828254,-0.0059002079190699,0.2049255806170129,0.8336626532002146,0.0656171152826731,0.3512606590728284,0.0345205432736497,4.907089979264383e-08,0.1233840506116587,0.0076218057445732,0.0027320910307066,0.0098261779967418,0.0371003397347988
9,70,0.774193525314331,0.35,0.1224999999999999,oracle_clean_axis,0.9978323636389016,0.2306388057221471,0.1825398248984629,0.8336626532002146,0.0811903300172464,0.3512606590728284,0.0450689769756507,4.6403153312419885e-08,0.1233840506116587,0.0666662205872942,-0.0233158061086179,-0.0399534094272166,-0.0531940076943556
9,70,0.774193525314331,0.7,0.4899999999999999,predicted_clean_axis,-0.0162505668839791,-0.0098858006881186,0.2842066201974272,0.8646997093176145,0.2136844142092403,0.3512606590728284,0.0779901198640055,4.9057414934884544e-08,0.1233840506116587,0.0865042082917587,0.026136466514573,0.0985319801361141,0.3821001487001012
9,70,0.774193525314331,0.7,0.4899999999999999,oracle_clean_axis,0.2779163306445931,0.1843233780536459,0.2650145490227154,0.8646997093176145,0.2329677824526696,0.3512606590728284,0.0997882288665314,4.6546121451715e-08,0.1233840506116587,0.2322190289226571,-0.0336323009481269,-0.0122797928874527,0.1953796502602985
9,70,0.774193525314331,1.0,1.0,predicted_clean_axis,-0.009299730929434,-0.0080895804425373,0.3178775904526189,0.8994660756046644,0.3055519970878609,0.3512606590728284,0.0995097363394894,4.959438517279928e-08,0.1233840506116587,0.1821326494396856,0.0508108402098287,0.196206457039439,0.7707520205580028
9,70,0.774193525314331,1.0,1.0,oracle_clean_axis,0.1706003588066454,0.1579459705351409,0.299468648117907,0.8994660756046644,0.3252056800827198,0.3512606590728284,0.124873141425956,4.6697332523938593e-08,0.1233840506116587,0.3605179226811644,-0.0195431914024594,0.0680574638204963,0.5646903141426531
9,85,0.5853658318519592,0.35,0.1224999999999999,predicted_clean_axis,-0.0356696000704105,-0.0095889471070878,0.1750178131666589,0.9324486014483632,0.076754077665042,0.2855148978829573,0.0783579696971902,5.264673022151303e-08,0.081518756903121,0.0154892054569573,0.0058056263737306,0.0206447388156012,0.0774234219037616
9,85,0.5853658318519592,0.35,0.1224999999999999,oracle_clean_axis,0.5515422712268973,0.1612500359115764,0.1606845320986718,0.9324486014483632,0.083473724388347,0.2855148978829573,0.0927223957537797,5.2978730995522965e-08,0.081518756903121,0.0685122869500442,-0.0182294730620494,-0.0257744991821171,-0.0088112105963064
9,85,0.5853658318519592,0.7,0.4899999999999999,predicted_clean_axis,-0.0186890720264699,-0.0158061440009725,0.2324808402695771,0.9438557434081176,0.2414721064785482,0.2855148978829573,0.1755283435907829,5.270966369778306e-08,0.081518756903121,0.1654521991062447,0.0513889965202948,0.1921880570895343,0.7420163703748484
9,85,0.5853658318519592,0.7,0.4899999999999999,oracle_clean_axis,0.1451469504347411,0.1284901467528623,0.2220263539742875,0.9438557434081176,0.2527497203298381,0.2855148978829573,0.2052987285062108,5.2895806938106675e-08,0.081518756903121,0.3096581063675947,-0.0078941094197255,0.0821684103365968,0.5561633373773853
9,85,0.5853658318519592,1.0,1.0,predicted_clean_axis,-0.0118843868152829,-0.0143936326948224,0.2603513152043336,0.9511833410780572,0.3457979475846577,0.2855148978829573,0.2221987778925563,5.3150858220829296e-08,0.081518756903121,0.3492811490943024,0.1003947940671599,0.3841465005438609,1.501720650725885
9,85,0.5853658318519592,1.0,1.0,oracle_clean_axis,0.0950154020237123,0.1181325255881336,0.2511132896706328,0.9511833410780572,0.3549803006836138,0.2855148978829573,0.2569070264458334,5.3259915531122326e-08,0.081518756903121,0.5333219281775973,0.023174970594883,0.2395738976455539,1.25204362111426
9,95,0.2962962985038757,0.35,0.1224999999999999,predicted_clean_axis,-0.010055385144744,-0.0051263916079926,0.1385221031978606,0.973969167550808,0.1074059046504713,0.2106760116406786,0.1322621645630189,1.0703586147787541e-07,0.0443843818776945,0.0623644571021148,0.0175512498669876,0.0675914853460053,0.2651389131401312
9,95,0.2962962985038757,0.35,0.1224999999999999,oracle_clean_axis,0.3035455270827108,0.1600456653982641,0.1308765757031952,0.973969167550808,0.1110798198561408,0.2106760116406786,0.1466404589086918,1.1089536114667609e-07,0.0443843818776945,0.1538840129592953,-0.0248175631903678,-0.0148854975212153,0.1092275203956491
9,95,0.2962962985038757,0.7,0.4899999999999999,predicted_clean_axis,-0.0016752757086616,-0.0022790077291592,0.1696954698853982,0.9811938935954316,0.2865989498893377,0.2106760116406786,0.2949786046532729,1.0635839956171164e-07,0.0443843818776945,0.4595565659181644,0.1172143749989001,0.4657571886364552,1.8568281318275304
9,95,0.2962962985038757,0.7,0.4899999999999999,oracle_clean_axis,0.1008511771707513,0.1404542828394734,0.164519663744654,0.9811938935954316,0.2934060757305055,0.2106760116406786,0.3246799170915529,1.1042401621738465e-07,0.0443843818776945,0.6805044468689396,0.023419304844314,0.2892862952078174,1.548363332492393
9,95,0.2962962985038757,1.0,1.0,predicted_clean_axis,-0.000298487252873,-0.0005408360492062,0.1809391609872762,0.9837397085586508,0.3817288031617343,0.2106760116406786,0.3718438116293867,1.0673709776904189e-07,0.0443843818776945,0.8197866821082818,0.2056816357114494,0.8217465892666258,3.28502644990816
9,95,0.2962962985038757,1.0,1.0,oracle_clean_axis,0.0727369752931055,0.1340715165571843,0.1759190194933888,0.9837397085586508,0.3883259135957241,0.2106760116406786,0.4062984349275017,1.1084547485706687e-07,0.0443843818776945,1.096506710166019,0.0887824477874529,0.6022554308218812,2.903273002631663
9,98,0.1403508782386779,0.35,0.1224999999999999,predicted_clean_axis,0.0097851495097649,0.0093212303459963,0.1191411765583874,0.9793096874945934,0.132922587192465,0.1395381661672697,0.1484732028103864,2.6536475874247445e-07,0.0194708998189033,0.2357359785116331,0.0522745152342531,0.2179773667952192,0.889668078897291
9,98,0.1403508782386779,0.35,0.1224999999999999,oracle_clean_axis,0.1785881143479784,0.1751670271563013,0.107013671170133,0.9793096874945934,0.1368651314316277,0.1395381661672697,0.156651964519972,2.6699842382818974e-07,0.0194708998189033,0.4123250671185702,-0.0257773397313657,0.068702116422548,0.6184314163862146
9,98,0.1403508782386779,0.7,0.4899999999999999,predicted_clean_axis,0.0053239519954486,0.0123311310726864,0.1341676285263704,0.985955890319518,0.3231928871864094,0.1395381661672697,0.330069548632964,2.603399647421605e-07,0.0194708998189033,1.3697115699996123,0.3210072269121874,1.3125897950990375,5.307480955296726
9,98,0.1403508782386779,0.7,0.4899999999999999,oracle_clean_axis,0.0667310246099502,0.1576399093278485,0.1232201256226129,0.985955890319518,0.3296335398857747,0.1395381661672697,0.3468466152893973,2.653069896271647e-07,0.0194708998189033,1.7675323537302683,0.1625863764475478,1.0227411217702176,4.835755719040922
9,98,0.1403508782386779,1.0,1.0,predicted_clean_axis,0.0046590918170443,0.0138527249452964,0.140579948183521,0.9881392013054306,0.4148842545267827,0.1395381661672697,0.4146641617119146,2.610968526230356e-07,0.0194708998189033,2.251267333794239,0.5319259437448768,2.1688916279177515,8.757942217547493
9,98,0.1403508782386779,1.0,1.0,oracle_clean_axis,0.0497215136244411,0.1502091713765492,0.1296628736736425,0.9881392013054306,0.4215461434602378,0.1395381661672697,0.4340374305144569,2.659590828227863e-07,0.0194708998189033,2.7354081458435253,0.3435145217404403,1.8278414399223493,8.218932465610575
13,30,0.9491525292396544,0.35,0.1224999999999999,predicted_clean_axis,0.2682543977138982,0.0116868133582576,0.4158095229267269,0.4155673550725176,0.0239403830027853,0.5495178905132823,0.0032507390559622,4.5425158010246176e-08,0.3019699120014302,0.0009836520731955,-0.0001359491456758,-3.4647030736955924e-05,0.0008797109809841
13,30,0.9491525292396544,0.35,0.1224999999999999,oracle_clean_axis,4.906554773139758,0.3318005413910876,0.2506831653906144,0.4155673550725176,0.0371605621473008,0.5495178905132823,0.0092344490887631,4.5055927410529536e-08,0.3019699120014302,0.0235809074122005,-0.0109330168447063,-0.0212944091151499,-0.0403023199332497
13,30,0.9491525292396544,0.7,0.4899999999999999,predicted_clean_axis,0.2203046998612774,0.0340727902476566,0.4528100078727149,0.6945958712763814,0.0849895977370604,0.5495178905132823,0.0078114492290983,4.531516737259554e-08,0.3019699120014302,0.0112498619643517,-0.0011398617937221,0.0007103225381912,0.013380829578925
13,30,0.9491525292396544,0.7,0.4899999999999999,oracle_clean_axis,1.364868746973603,0.2621613206870268,0.3571776100692344,0.6945958712763814,0.1055503221372372,0.5495178905132823,0.0200711312441424,4.5226729372952407e-08,0.3019699120014302,0.0595789278113147,-0.0228718435191795,-0.0411319401140406,-0.0638168925308074
13,30,0.9491525292396544,1.0,1.0,predicted_clean_axis,0.104790910724361,0.0299064809282128,0.4436210830858327,0.8157309150926056,0.1568279748572387,0.5495178905132823,0.0106076493017686,4.5427405260963936e-08,0.3019699120014302,0.0288972078399129,0.0008230005845346,0.0118270708387297,0.0643784203561016
13,30,0.9491525292396544,1.0,1.0,oracle_clean_axis,0.6872937770678648,0.2047179275953176,0.4068657261553147,0.8157309150926056,0.1636798811162838,0.5495178905132823,0.0246812531936696,4.488050532900652e-08,0.3019699120014302,0.083157737163802,-0.0249436618832402,-0.0387971859673734,-0.0332338207383185
13,50,0.8888888955116272,0.35,0.1224999999999999,predicted_clean_axis,-0.7070726565128356,-0.0828303017780956,0.3706515066099418,0.5193975491955319,0.0555628259708282,0.4743065535099049,0.0124648521234653,4.6984781150354046e-08,0.2249667067217411,-0.0062724273891716,0.005709284123694,0.0131339485334605,0.0331294182112099
13,50,0.8888888955116272,0.35,0.1224999999999999,oracle_clean_axis,1.909860890782771,0.2919848765520573,0.2628575931959161,0.5193975491955319,0.0725133129553011,0.4743065535099049,0.0214419861643312,4.74043793282954e-08,0.2249667067217411,0.0504827523461253,-0.0208589105692823,-0.038796177402711,-0.0659057798620078
13,50,0.8888888955116272,0.7,0.4899999999999999,predicted_clean_axis,-0.2397700851017011,-0.0891664390225714,0.4307151775714386,0.6659419654733276,0.1763865845216188,0.4743065535099049,0.0280781685902083,4.707736464569949e-08,0.2249667067217411,0.0014147668420495,0.0252233095462054,0.0677337477372311,0.2046160100537428
13,50,0.8888888955116272,0.7,0.4899999999999999,oracle_clean_axis,0.530455305995113,0.2130969760008168,0.3549058934573631,0.6659419654733276,0.190540637652254,0.4743065535099049,0.0466042867771602,4.711423515411338e-08,0.2249667067217411,0.1259519847320539,-0.0327167360692994,-0.0452606346074472,-0.0098299190902873
13,50,0.8888888955116272,1.0,1.0,predicted_clean_axis,-0.1585489066545886,-0.0838896318665412,0.42925096743297,0.6818199080179068,0.2509598016498354,0.4743065535099049,0.036031294420039,4.7017723553055246e-08,0.2249667067217411,0.0256022996484952,0.0396906357619621,0.1143757952480642,0.3687296853926882
13,50,0.8888888955116272,1.0,1.0,oracle_clean_axis,0.3543164057553107,0.1843608778117635,0.3873315641026871,0.6818199080179068,0.2467951557889373,0.4743065535099049,0.0573087878909763,4.72877907520352e-08,0.2249667067217411,0.1636135981498869,-0.0310427467443396,-0.0282427919349433,0.0788852223450572
13,70,0.774193525314331,0.35,0.1224999999999999,predicted_clean_axis,-0.009570084011633,-0.0024762016368552,0.2306015060057949,0.8187446343433578,0.095317025473932,0.3683835467789115,0.0376338555234616,4.8328182945931614e-08,0.1357064375557739,0.0160964097036785,0.0045046291028842,0.0173778141755839,0.0682298522304301
13,70,0.774193525314331,0.35,0.1224999999999999,oracle_clean_axis,0.7583387515310441,0.2381838837666686,0.2070085037077448,0.8187446343433578,0.1157042597525091,0.3683835467789115,0.048742957385639,4.6090086038114496e-08,0.1357064375557739,0.0994728828273544,-0.0312395171437239,-0.0501477514408125,-0.0509703714950837
13,70,0.774193525314331,0.7,0.4899999999999999,predicted_clean_axis,-0.0207873734017659,-0.0154871116225854,0.3050655090994538,0.8497949338194252,0.2744549298568071,0.3683835467789115,0.0821617982222937,4.8795216067314506e-08,0.1357064375557739,0.1272272559430531,0.0404605272593378,0.1503038246725845,0.5781387299608066
13,70,0.774193525314331,0.7,0.4899999999999999,oracle_clean_axis,0.2297704234476218,0.1805910397683511,0.2864523833365771,0.8497949338194252,0.2895358190499309,0.3683835467789115,0.1059431132875721,4.63364068559893e-08,0.1357064375557739,0.2963723058533605,-0.0323603232587883,0.0124965732610171,0.3338620256364119
13,70,0.774193525314331,1.0,1.0,predicted_clean_axis,-0.0171594445938936,-0.0171410331186322,0.335657040297994,0.8773520510642095,0.3679882843028389,0.3683835467789115,0.1025029504325665,4.894694448991697e-08,0.1357064375557739,0.2323411641534766,0.0709272720622179,0.2665864468837401,1.0321005048046974
13,70,0.774193525314331,1.0,1.0,oracle_clean_axis,0.1548197257473155,0.1559795535461955,0.3160137038385077,0.8773520510642095,0.3711432821817601,0.3683835467789115,0.1302771016478345,4.656364773045379e-08,0.1357064375557739,0.4109078371688636,-0.0151340933200116,0.0966116968695898,0.7007429277776327
13,85,0.5853658318519592,0.35,0.1224999999999999,predicted_clean_axis,-0.0560137071153851,-0.017211362217897,0.1850630041754889,0.9118087624788024,0.0887760774618598,0.2889182819376485,0.0888146385270977,5.1069785687081754e-08,0.0834737736276584,0.0183152520975681,0.0085452214752225,0.0288923412997832,0.1049922759969178
13,85,0.5853658318519592,0.35,0.1224999999999999,oracle_clean_axis,0.5589145173686326,0.1850048379194836,0.1755941464996863,0.9118087624788024,0.0956340876123575,0.2889182819376485,0.1035625818793647,5.0291217585911844e-08,0.0834737736276584,0.0886294430630963,-0.0237711162259976,-0.0338464955816275,-0.0129100436817862
13,85,0.5853658318519592,0.7,0.4899999999999999,predicted_clean_axis,-0.0120670700861434,-0.0121106847541368,0.2435771576273659,0.9389237992873384,0.2899625350043814,0.2889182819376485,0.1934279426262636,5.1437729363622936e-08,0.0834737736276584,0.2396559861317855,0.0690298392782627,0.2639649001192965,1.0315506864896755
13,85,0.5853658318519592,0.7,0.4899999999999999,oracle_clean_axis,0.1349684533743414,0.1394172596150207,0.2394168174141441,0.9389237992873384,0.2984415551440593,0.2889182819376485,0.2250938998835233,5.065685034912774e-08,0.0834737736276584,0.4107652385605778,-0.0053182203842579,0.1227398251621714,0.7789847140470926
13,85,0.5853658318519592,1.0,1.0,predicted_clean_axis,-0.0087888332340522,-0.0119656377559001,0.2692934812109187,0.9454448862721826,0.3933504494462884,0.2889182819376485,0.239694825846405,5.1595706102209666e-08,0.0834737736276584,0.4471020526064813,0.1239935587101278,0.4796835074291685,1.886152574893988
13,85,0.5853658318519592,1.0,1.0,oracle_clean_axis,0.0931998235345556,0.1280151793360319,0.2642785980866635,0.9454448862721826,0.3968454474808428,0.2889182819376485,0.2767955365592369,5.132661733318919e-08,0.0834737736276584,0.6475000611211222,0.0299979993792469,0.2958280187183659,1.5349841172762204
13,95,0.2962962985038757,0.35,0.1224999999999999,predicted_clean_axis,-0.0247900997742007,-0.0137117093409964,0.1853512059468491,0.9698833881342545,0.1147139523740151,0.2073972146085538,0.1617940623146969,9.449359451282602e-08,0.0430136046313394,0.0688991915267175,0.0229128842969617,0.0840674219674703,0.3211014574291289
13,95,0.2962962985038757,0.35,0.1224999999999999,oracle_clean_axis,0.288106694925293,0.1622204675006764,0.1747006869871636,0.9698833881342545,0.116776436315934,0.2073972146085538,0.1758222992829692,9.796851243847805e-08,0.0430136046313394,0.1705976293778543,-0.025855109920138,-0.0120810833277501,0.1343543793946038
13,95,0.2962962985038757,0.7,0.4899999999999999,predicted_clean_axis,-0.0068996794732092,-0.0105608088550886,0.2193397285055924,0.9801030777356324,0.3174469696836454,0.2073972146085538,0.3525906983633159,9.387453514492816e-08,0.0430136046313394,0.5695371582460718,0.1545077531488832,0.6018663944790461,2.375136341683211
13,95,0.2962962985038757,0.7,0.4899999999999999,oracle_clean_axis,0.0858103658584094,0.1324522139902687,0.2124959168784487,0.9801030777356324,0.3201270612881994,0.2073972146085538,0.3821508335443145,9.793978583957533e-08,0.0430136046313394,0.8000793009240483,0.0466852996178599,0.3911872326223093,1.9736409987909769
13,95,0.2962962985038757,1.0,1.0,predicted_clean_axis,-0.0050550323696058,-0.0100758913739473,0.2284100546700171,0.9829593406002076,0.4133923688045487,0.2073972146085538,0.4355690952283458,9.40840306479712e-08,0.0430136046313394,0.9731674917810584,0.2583546232481109,1.0133348259219814,4.013171969547003
13,95,0.2962962985038757,1.0,1.0,oracle_clean_axis,0.0615211863475299,0.1230001399677127,0.223306821166287,0.9829593406002076,0.4146520563121432,0.2073972146085538,0.4699267508500268,9.858446415815449e-08,0.0430136046313394,1.2452294866296665,0.1268704890793076,0.7533977997547092,3.505422885893795
13,98,0.1403508782386779,0.35,0.1224999999999999,predicted_clean_axis,-0.004556282151861,-0.0047315978366869,0.1244602891884798,0.9795281922977198,0.1411685021756707,0.1359379112655824,0.1837001472939389,2.281767497982068e-07,0.0184791157201009,0.2646953727033558,0.0698590876531194,0.274522691309437,1.0882634466316663
13,98,0.1403508782386779,0.35,0.1224999999999999,oracle_clean_axis,0.1536144277961416,0.1624822142750797,0.111720968123079,0.9795281922977198,0.1437852755320156,0.1359379112655824,0.1913429588061775,2.3135286288174838e-07,0.0184791157201009,0.4515588155264428,-0.0160067334409763,0.1078349826662105,0.7750637635250743
13,98,0.1403508782386779,0.7,0.4899999999999999,predicted_clean_axis,-0.0011179477627782,-0.0028555551922057,0.1371396740403545,0.9870310896481482,0.3472239233856097,0.1359379112655824,0.3999155556165341,2.2424474665597086e-07,0.0184791157201009,1.6237967733882186,0.4114196158836951,1.6383845668192598,6.538950473845999
13,98,0.1403508782386779,0.7,0.4899999999999999,oracle_clean_axis,0.0533854541622857,0.1378075047881532,0.1260813014500233,0.9870310896481482,0.350905778579242,0.1359379112655824,0.4158850812925408,2.2875141583254977e-07,0.0184791157201009,2.021597117519601,0.2386003637732152,1.3101333425684414,5.951997145224926
13,98,0.1403508782386779,1.0,1.0,predicted_clean_axis,-0.0006770510747371,-0.0021767745314067,0.1403616078615424,0.9890733265174744,0.4370514930655947,0.1359379112655824,0.4929124185247515,2.2568606946958375e-07,0.0184791157201009,2.577189102495029,0.6495461566614087,2.591186118595432,10.350747458281328
13,98,0.1403508782386779,1.0,1.0,oracle_clean_axis,0.0397179194596623,0.1287369720535445,0.1296781633721209,0.9890733265174744,0.4406130865285579,0.1359379112655824,0.5114093908117869,2.308592453243011e-07,0.0184791157201009,3.043749844495998,0.447982851530416,2.209204218913109,9.671362501235327
17,30,0.9491525292396544,0.35,0.1224999999999999,predicted_clean_axis,-2.267836350859065,-0.1300514689214754,0.3114268478819711,0.0381981773952857,0.0352549423043109,0.6147753683076846,0.0027507695933388,4.537828095982406e-08,0.3779487534069012,-0.0066357962193104,0.0039345049970026,0.0082800812522369,0.0182044475374002
17,30,0.9491525292396544,0.35,0.1224999999999999,oracle_clean_axis,3.41927452539792,0.1935121412665284,0.0986575816459313,0.0381981773952857,0.0347929062248354,0.6147753683076846,0.0100169032834986,4.518900241150433e-08,0.3779487534069012,0.0117524578314018,-0.0052756780906924,-0.0101509889647126,-0.0187005090627365
17,30,0.9491525292396544,0.7,0.4899999999999999,predicted_clean_axis,-0.4604286695887545,-0.1051159052578251,0.4329981855752018,0.5002021606012673,0.1403532699811998,0.6147753683076846,0.0065868975963718,4.579764985787661e-08,0.3779487534069012,-0.0109677378748596,0.0152565432501731,0.0370282027088417,0.1001168702516647
17,30,0.9491525292396544,0.7,0.4899999999999999,oracle_clean_axis,0.6673559416776539,0.1078764062670926,0.2848067054230809,0.5002021606012673,0.0993768890823707,0.6147753683076846,0.0216044695789051,4.529765827011955e-08,0.3779487534069012,0.0239704261887936,-0.0070858553798912,-0.0109054722834455,-0.008745990661543
17,30,0.9491525292396544,1.0,1.0,predicted_clean_axis,-0.2641977087758814,-0.0875724388860188,0.4189945504720007,0.71765506979383,0.2037768556707077,0.6147753683076846,0.0087212435742131,4.57390295375056e-08,0.3779487534069012,-0.0015598938776056,0.0213804614923929,0.0564945993538459,0.1679239041839319
17,30,0.9491525292396544,1.0,1.0,oracle_clean_axis,0.2384905745660253,0.0597082409988433,0.3629953821993503,0.71765506979383,0.1539144929222587,0.6147753683076846,0.0261604048126486,4.517926749902308e-08,0.3779487534069012,0.0306183866498759,-0.003556771079541,0.0007214060045157,0.0327826046634228
17,50,0.8888888955116272,0.35,0.1224999999999999,predicted_clean_axis,-0.0097595295778759,-0.0008141571667448,0.262107880030781,0.7152277814133005,0.044748768651964,0.5364160005843387,0.0108924755558048,4.7087779377649656e-08,0.2877421257349191,0.001671879218838,0.0004689086275781,0.0018077160798212,0.0070950274583017
17,50,0.8888888955116272,0.35,0.1224999999999999,oracle_clean_axis,2.363369086824509,0.2896189362774172,0.2359450695958127,0.7152277814133005,0.0657350696332259,0.5364160005843387,0.0232097109782023,4.721218107680387e-08,0.2877421257349191,0.039245652720216,-0.016807089416407,-0.0317370208703466,-0.0559654098908229
17,50,0.8888888955116272,0.7,0.4899999999999999,predicted_clean_axis,-0.0154426752367046,-0.0042090481019521,0.2983117419643665,0.7622255791330211,0.1462052859694835,0.5364160005843387,0.0244211789328395,4.71473043373253e-08,0.2877421257349191,0.0174249564263535,0.0052166512053228,0.0197193886896457,0.0765831224952915
17,50,0.8888888955116272,0.7,0.4899999999999999,oracle_clean_axis,0.6216899133850188,0.2147896053126375,0.2841357793337059,0.7622255791330211,0.1853280527289798,0.5364160005843387,0.0500587334318986,4.7305187173417584e-08,0.2877421257349191,0.1040497157318067,-0.0296438237364345,-0.044366958053223,-0.0290511584278623
17,50,0.8888888955116272,1.0,1.0,predicted_clean_axis,0.0110490700472391,0.0045665060370879,0.2976740122645998,0.8653078962410922,0.2216971106696018,0.5364160005843387,0.0306434601864709,4.6867305358119224e-08,0.2877421257349191,0.0445901330949423,0.0097320537128032,0.0408155209324562,0.1670366958923118
17,50,0.8888888955116272,1.0,1.0,oracle_clean_axis,0.4311522639128715,0.1878098242172008,0.294607321208253,0.8653078962410922,0.2336626830223423,0.5364160005843387,0.0606150834953239,4.738245813953511e-08,0.2877421257349191,0.1292467034857433,-0.0290457603723757,-0.0343731264977533,0.0261273239924836
17,70,0.774193525314331,0.35,0.1224999999999999,predicted_clean_axis,-0.0264335593649213,-0.0047646758525814,0.2386570600943839,0.7799571529189858,0.07926445218967,0.4397448362302445,0.0359199113591742,4.8838177075394724e-08,0.1933755209794971,0.0072637692541857,0.0024600705643246,0.008981444589594,0.0342081030229677
17,70,0.774193525314331,0.35,0.1224999999999999,oracle_clean_axis,1.1740441704756703,0.2714084628264606,0.1982003022153312,0.7799571529189858,0.1016575636918062,0.4397448362302445,0.0522357826735665,4.6554886979343364e-08,0.1933755209794971,0.0761029265454322,-0.0280311991351511,-0.0493822221785922,-0.0720437399903442
17,70,0.774193525314331,0.7,0.4899999999999999,predicted_clean_axis,-0.0159081028427302,-0.0089739212886401,0.3111864571297649,0.8517049267520803,0.248064498100699,0.4397448362302445,0.0783149679478396,4.8680844214641233e-08,0.1933755209794971,0.0744927681841886,0.0224199017176244,0.0846173273083946,0.328344750109373
17,70,0.774193525314331,0.7,0.4899999999999999,oracle_clean_axis,0.3318057065223639,0.2032979918147606,0.2865923162837108,0.8517049267520803,0.2694325032969075,0.4397448362302445,0.1126622009038496,4.686435378388534e-08,0.1933755209794971,0.2184119780584566,-0.0388178071398553,-0.030710159686795,0.1262814989980715
17,70,0.774193525314331,1.0,1.0,predicted_clean_axis,-0.0030800947448031,-0.0023409067500633,0.3148632530460962,0.8784858526566568,0.3342110359344431,0.4397448362302445,0.095797844930191,4.9124421882097275e-08,0.1933755209794971,0.1426251709278623,0.0369906294168218,0.1461834020874793,0.5811753771903002
17,70,0.774193525314331,1.0,1.0,oracle_clean_axis,0.2249880089061503,0.1797878903831857,0.2952341267935651,0.8784858526566568,0.3514000448162281,0.4397448362302445,0.1364203258948911,4.7047452903724256e-08,0.1933755209794971,0.3033086347662211,-0.0319242021731628,0.0159716724603058,0.3512236521471386
17,85,0.5853658318519592,0.35,0.1224999999999999,predicted_clean_axis,-0.0468096891342246,-0.0133614819016241,0.2044251320864175,0.8983203368090408,0.0989085771591716,0.3465094503452131,0.0861509620520915,5.3035594983735266e-08,0.1200687992009225,0.0165554403061456,0.0069993127346734,0.0241833140611779,0.0891053824896799
17,85,0.5853658318519592,0.35,0.1224999999999999,oracle_clean_axis,0.6871744199646905,0.214958161043842,0.1910117157231075,0.8983203368090408,0.1083931998434208,0.3465094503452131,0.1066102536684688,5.3362937145469103e-08,0.1200687992009225,0.0917052782731925,-0.0275052116869468,-0.0427788050741275,-0.0366311369491894
17,85,0.5853658318519592,0.7,0.4899999999999999,predicted_clean_axis,-0.0150353025571942,-0.0129397943400568,0.2635599043449832,0.9260303640515368,0.2982155501890955,0.3465094503452131,0.1870922223521436,5.325347981945789e-08,0.1200687992009225,0.174033566281071,0.051860648433766,0.1963062512503998,0.762952320032271
17,85,0.5853658318519592,0.7,0.4899999999999999,oracle_clean_axis,0.1852730423965911,0.1659872866107845,0.2557229580905968,0.9260303640515368,0.3104400008970467,0.3465094503452131,0.2299371276477995,5.340446729677151e-08,0.1200687992009225,0.3493710826242799,-0.0241890216110348,0.0519529699120007,0.5052299923602823
17,85,0.5853658318519592,1.0,1.0,predicted_clean_axis,-0.0057464991643652,-0.0066028652945548,0.2791205330942682,0.9388658147392326,0.3981476649483515,0.3465094503452131,0.2279373689254324,5.3305886431448564e-08,0.1200687992009225,0.3224771713567961,0.0863094307903031,0.3376508725597404,1.3354297890360176
17,85,0.5853658318519592,1.0,1.0,oracle_clean_axis,0.1282344249143554,0.1516083667180734,0.2721937927003295,0.9388658147392326,0.4096694928393926,0.3465094503452131,0.2784261056865882,5.446748456168145e-08,0.1200687992009225,0.5286863950156692,-0.0022604981301417,0.1702008033248455,1.039288804990206
17,95,0.2962962985038757,0.35,0.1224999999999999,predicted_clean_axis,-0.0164552847974806,-0.0093119539124591,0.1804278961192958,0.9633312578277128,0.1345338727182392,0.2377366996549073,0.1515830793518793,1.0990660722682249e-07,0.056518738358687,0.074789541995456,0.0226495725935826,0.0853287075813722,0.3307756647395724
17,95,0.2962962985038757,0.35,0.1224999999999999,oracle_clean_axis,0.3338077634553649,0.1934296026531372,0.1674355557576922,0.9633312578277128,0.1377598737498084,0.2377366996549073,0.1664053821364001,1.1312211913809242e-07,0.056518738358687,0.1960301532247365,-0.0350565891929268,-0.0281408534395598,0.1116075929060567
17,95,0.2962962985038757,0.7,0.4899999999999999,predicted_clean_axis,-0.0095648573574866,-0.014135546350987,0.2065705148338037,0.9776068305584852,0.3513422115670374,0.2377366996549073,0.3283348800121281,1.0923891069904453e-07,0.056518738358687,0.5251291760675592,0.1469500920094225,0.5669099707143127,2.225859088210497
17,95,0.2962962985038757,0.7,0.4899999999999999,oracle_clean_axis,0.0952918571132404,0.1412329054552877,0.1992476205888829,0.9776068305584852,0.3523516682617825,0.2377366996549073,0.3589033348884741,1.1335113560866159e-07,0.056518738358687,0.758484206380818,0.032629146501217,0.339839126130185,1.7780015847713722
17,95,0.2962962985038757,1.0,1.0,predicted_clean_axis,-0.007021996708589,-0.013086315477116,0.2096606248809191,0.9820592936262446,0.4430502578229804,0.2377366996549073,0.3989035929628258,1.098923051494574e-07,0.056518738358687,0.8438795981015593,0.2292608137594717,0.8926553693924444,3.521845706278892
17,95,0.2962962985038757,1.0,1.0,oracle_clean_axis,0.0660784668172258,0.1232692852282008,0.2043392463512591,0.9820592936262446,0.4434974727853745,0.2377366996549073,0.4345886151761279,1.1477752811120637e-07,0.056518738358687,1.0999799020231182,0.1025259691911553,0.6400625518507871,3.02016755757548
17,98,0.1403508782386779,0.35,0.1224999999999999,predicted_clean_axis,-0.0101710017499345,-0.01126673389138,0.1441506230594523,0.978184576268131,0.1627894962311936,0.1469576069694168,0.1705366673759751,2.7098260412090853e-07,0.0215965382419449,0.2942864792255686,0.0829320025364686,0.3192474998391061,1.2520289787428875
17,98,0.1403508782386779,0.35,0.1224999999999999,oracle_clean_axis,0.1430819055370853,0.161647747958334,0.12943918525533,0.978184576268131,0.1660263477955643,0.1469576069694168,0.1773561089799623,2.75093887190748e-07,0.0215965382419449,0.501710209871926,-0.0115394228328245,0.1364649424031097,0.9111050370812552
17,98,0.1403508782386779,0.7,0.4899999999999999,predicted_clean_axis,-0.003243864650943,-0.0084958028678444,0.1531939094623152,0.9878193648351042,0.3848874700673381,0.1469576069694168,0.3684755936482124,2.6959263064543744e-07,0.0215965382419449,1.692588411242456,0.439835221887443,1.737090062114,6.903858597584457
17,98,0.1403508782386779,0.7,0.4899999999999999,oracle_clean_axis,0.0482499475261919,0.1274935275907247,0.1414426851680857,0.9878193648351042,0.3883142817647941,0.1469576069694168,0.3825218761343572,2.743940271903899e-07,0.0215965382419449,2.0823942728351383,0.2679361237365387,1.4086277542424828,6.308277535562588
17,98,0.1403508782386779,1.0,1.0,predicted_clean_axis,-0.0019147536259933,-0.0061107543076129,0.1546464896756818,0.990218067874992,0.4690012425797033,0.1469576069694168,0.4468031576551819,2.7193572491199e-07,0.0215965382419449,2.526764587087219,0.6463175656168082,2.5657683706738954,10.224069699108904
17,98,0.1403508782386779,1.0,1.0,oracle_clean_axis,0.0362622296519095,0.1165795183144886,0.1436813915510973,0.990218067874992,0.4724543194834231,0.1469576069694168,0.4631878175672442,2.769993075961084e-07,0.0215965382419449,2.9586906196856737,0.4585788510044311,2.209107142573709,9.5860120474068
21,30,0.9491525292396544,0.35,0.1224999999999999,predicted_clean_axis,-2.145663247759591,-0.0774841213151456,0.3971317211412287,0.3450249616347115,0.0224790265298745,0.622481358140365,0.0032824542242101,4.5233614812045255e-08,0.387483041411637,-0.0024720855198035,0.0014805566707024,0.0031241226152721,0.0069002823260129
21,30,0.9491525292396544,0.35,0.1224999999999999,oracle_clean_axis,2.745878264654833,0.2707693747727732,0.3656348136819066,0.3450249616347115,0.0613825056707532,0.622481358140365,0.0099357903814131,4.4701863146324027e-08,0.387483041411637,0.0291313551361057,-0.0127424629368266,-0.0242694494528356,-0.0436769932224014
21,30,0.9491525292396544,0.7,0.4899999999999999,predicted_clean_axis,-0.4541762265851952,-0.0644152989622191,0.5049077978133124,0.6360437935606519,0.0882858248316929,0.622481358140365,0.0080541118485239,4.52421555026761e-08,0.387483041411637,-0.0041070920049162,0.0058251885809064,0.0141648055474451,0.0383873246374195
21,30,0.9491525292396544,0.7,0.4899999999999999,oracle_clean_axis,0.8539784192722953,0.200335379812847,0.4970866767713962,0.6360437935606519,0.1460283263548186,0.622481358140365,0.0217385983702052,4.496141143200481e-08,0.387483041411637,0.0607550104131237,-0.0200588574437931,-0.0332386163790737,-0.0389608387240973
21,30,0.9491525292396544,1.0,1.0,predicted_clean_axis,-0.1777289395234977,-0.048766866478038,0.5429601308629307,0.8112730008789859,0.1708020390989026,0.622481358140365,0.0110214535245529,4.5441205111249214e-08,0.387483041411637,0.0054412393490479,0.0113961287259648,0.0322034230522558,0.1020515085058154
21,30,0.9491525292396544,1.0,1.0,oracle_clean_axis,0.3980115506134319,0.1406204271452482,0.5553873682793548,0.8112730008789859,0.2199272718008861,0.622481358140365,0.0267885300506798,4.498230841704153e-08,0.387483041411637,0.0808887680588085,-0.0170394864052536,-0.0184757077277402,0.025461644875588
21,50,0.8888888955116272,0.35,0.1224999999999999,predicted_clean_axis,-0.1427715138854018,-0.0146044685900621,0.2938986107622224,0.6996053635726303,0.0518895074347925,0.5072655321587174,0.0127604671146871,4.690112434775309e-08,0.2573183200967104,0.001122014746215,0.0014009504226008,0.004109872709007,0.0134516328732356
21,50,0.8888888955116272,0.35,0.1224999999999999,oracle_clean_axis,1.7459891053995265,0.2694152299121241,0.2350306081090734,0.6996053635726303,0.0782737186334071,0.5072655321587174,0.0230573964047146,4.7010780827813326e-08,0.2573183200967104,0.0475247009513343,-0.0192979566561759,-0.0356196507660244,-0.0593342513467396
21,50,0.8888888955116272,0.7,0.4899999999999999,predicted_clean_axis,-0.1002854618708259,-0.0325533844391049,0.333963539428663,0.79271725088838,0.1646620514381233,0.5072655321587174,0.0294005811547148,4.698638301192607e-08,0.2573183200967104,0.015775397503779,0.0118691469521163,0.0369095243735692,0.126503970624486
21,50,0.8888888955116272,0.7,0.4899999999999999,oracle_clean_axis,0.5174964856659721,0.1990801092386762,0.2932088534800844,0.79271725088838,0.1951442770190256,0.5072655321587174,0.0504474692569955,4.704505551457212e-08,0.2573183200967104,0.1135840439299264,-0.0290433499803716,-0.0395875853043494,-0.0051787119831222
21,50,0.8888888955116272,1.0,1.0,predicted_clean_axis,-0.0539075512604762,-0.0281668581999285,0.3796637180880799,0.8644798341458316,0.2650477712294376,0.5072655321587174,0.0380879970578578,4.7084669090580914e-08,0.2573183200967104,0.0535350824524724,0.0244217218968356,0.0829696192090522,0.3024439400796293
21,50,0.8888888955116272,1.0,1.0,oracle_clean_axis,0.2842158129264663,0.1517941034303114,0.3372303926219591,0.8644798341458316,0.2709205932713325,0.5072655321587174,0.0621665445656582,4.749732345281053e-08,0.2573183200967104,0.1523807362915374,-0.0227075109271504,-0.0097597837085558,0.1231013851658698
21,70,0.774193525314331,0.35,0.1224999999999999,predicted_clean_axis,-0.1606014622045669,-0.0296818631352832,0.2400032961540112,0.752995642082491,0.0752606403267095,0.4072173241899222,0.0383366936449935,4.8466597443994826e-08,0.1658259491282924,0.0030536112089319,0.0048776850815833,0.014025030620533,0.0451287030705307
21,70,0.774193525314331,0.35,0.1224999999999999,oracle_clean_axis,1.064167810217682,0.2596034325636089,0.2264716506248832,0.752995642082491,0.0993405496238859,0.4072173241899222,0.0522762908956279,4.578535460109549e-08,0.1658259491282924,0.0782080487143279,-0.0279456250858357,-0.0484523173241193,-0.06714890325803
21,70,0.774193525314331,0.7,0.4899999999999999,predicted_clean_axis,-0.0408589931997201,-0.0269396481793772,0.2970149786700938,0.8417095788260732,0.2684914773254632,0.4072173241899222,0.0856819267555702,4.893105719220148e-08,0.1658259491282924,0.0909175473947671,0.0360510191479431,0.1264419001927711,0.4702432479730802
21,70,0.774193525314331,0.7,0.4899999999999999,oracle_clean_axis,0.2673608927943036,0.1833172178316408,0.2933145078181727,0.8417095788260732,0.2792104190823991,0.4072173241899222,0.1143757313065574,4.5987301736591246e-08,0.1658259491282924,0.2432228351517665,-0.0334635072209545,-0.0081617408719569,0.2187376125358957
21,70,0.774193525314331,1.0,1.0,predicted_clean_axis,-0.0286784648513106,-0.0263517456883775,0.3186508492249478,0.8758210388984548,0.3741792813036158,0.4072173241899222,0.1079201862996531,4.87310979480921e-08,0.1658259491282924,0.1868661574124686,0.0648768864555327,0.2352937496855773,0.8927474064692004
21,70,0.774193525314331,1.0,1.0,oracle_clean_axis,0.1698489367239365,0.1522608332043163,0.3206032722744,0.8758210388984548,0.365049380186386,0.4072173241899222,0.1409455043399255,4.627731115768327e-08,0.1658259491282924,0.3373990043538233,-0.0180207513447293,0.0644109978653293,0.5306319979498116
21,85,0.5853658318519592,0.35,0.1224999999999999,predicted_clean_axis,-0.0435876350164806,-0.0117878007276954,0.2051904339929105,0.8940168914691323,0.0864585820259629,0.3196970498946407,0.0918160051523554,5.131105688652825e-08,0.1022062037016967,0.0150964443212874,0.0061650227340055,0.0214722087311105,0.0795130705146194
21,85,0.5853658318519592,0.35,0.1224999999999999,oracle_clean_axis,0.7384618765387857,0.2215649909879771,0.1855429323744816,0.8940168914691323,0.0959205562659382,0.3196970498946407,0.1098618186035449,5.102204368579981e-08,0.1022062037016967,0.0889827951580264,-0.027612371194481,-0.0439720581326071,-0.0429333792397948
21,85,0.5853658318519592,0.7,0.4899999999999999,predicted_clean_axis,-0.017686888613647,-0.0159641204340847,0.2743490728040353,0.9264092298058856,0.2885573782039698,0.3196970498946407,0.2034597608409528,5.1189911412733094e-08,0.1022062037016967,0.1892608694444198,0.0581220845114265,0.2180791818452776,0.8434984149802531
21,85,0.5853658318519592,0.7,0.4899999999999999,oracle_clean_axis,0.1758786992329586,0.1644562359373089,0.262399159222951,0.9264092298058856,0.298934286501035,0.3196970498946407,0.2403675861997591,5.170696788527921e-08,0.1022062037016967,0.3723575129030003,-0.0222423262079329,0.0648063010798458,0.5667764161425385
21,85,0.5853658318519592,1.0,1.0,predicted_clean_axis,-0.0125549931796904,-0.0164010103883458,0.2943441712706243,0.9432665831047602,0.4176310222874042,0.3196970498946407,0.2536962705906175,5.167123300694372e-08,0.1022062037016967,0.4052017259661633,0.1173693255790758,0.4480521101995897,1.7493580565649336
21,85,0.5853658318519592,1.0,1.0,oracle_clean_axis,0.10724448282321,0.1402243821110153,0.2865886084514084,0.9432665831047602,0.4180105130264882,0.3196970498946407,0.2962055871880893,5.198550458509039e-08,0.1022062037016967,0.6107488839471662,0.0151775084075005,0.2440563170690568,1.342917835154337
21,95,0.2962962985038757,0.35,0.1224999999999999,predicted_clean_axis,-0.0119144581254519,-0.0063764153547765,0.1909664931138572,0.9636969539819285,0.1198190864051187,0.2238843312699654,0.1660398778563134,9.764714630973889e-08,0.0501241937890392,0.0681926598294767,0.0196075767532453,0.0750177579518131,0.2932459336849163
21,95,0.2962962985038757,0.35,0.1224999999999999,oracle_clean_axis,0.3474511124190383,0.1917913780592006,0.1769506971184619,0.9636969539819285,0.1235830966871195,0.2238843312699654,0.1819451431878342,1.0154310369118295e-07,0.0501241937890392,0.1820426380573125,-0.0338902936983884,-0.0296932371765979,0.0929629265275188
21,95,0.2962962985038757,0.7,0.4899999999999999,predicted_clean_axis,-0.0049817800474384,-0.0074516996262221,0.221531811146784,0.9758160273938205,0.33488407190904,0.2238843312699654,0.3658335407252263,9.649383920135195e-08,0.0501241937890392,0.5482011766735034,0.1454099307141152,0.570493540795475,2.259681799059928
21,95,0.2962962985038757,0.7,0.4899999999999999,oracle_clean_axis,0.1035365508038939,0.1565906990793806,0.2126368177304192,0.9758160273938205,0.3386070298293633,0.2238843312699654,0.398079291463041,1.0085284750264777e-07,0.0501241937890392,0.8086840187865172,0.0245478838253398,0.335022363129745,1.8137511081757525
21,95,0.2962962985038757,1.0,1.0,predicted_clean_axis,-0.0034541592646571,-0.0068744014560867,0.2231750844116896,0.9799512560049448,0.4455702979955149,0.2238843312699654,0.4535941499365063,9.696808571890774e-08,0.0501241937890392,0.9765236044565176,0.2543918774924669,1.0038862081320843,3.98818222885277
21,95,0.2962962985038757,1.0,1.0,oracle_clean_axis,0.0719588642559587,0.1438943507982524,0.2165684533614519,0.9799512560049448,0.4476959278762496,0.2238843312699654,0.4905541226273002,1.0207556178369593e-07,0.0501241937890392,1.2874171040343003,0.1060478107006659,0.7119331965465427,3.423216693673929
21,98,0.1403508782386779,0.35,0.1224999999999999,predicted_clean_axis,-0.0115840574348471,-0.012506854278495,0.1490199317381927,0.9776469462379452,0.1532628869408965,0.1419546470615366,0.1897533368239666,2.381437434311692e-07,0.020151121826228,0.2779137714867229,0.0796058143511267,0.3049200954319124,1.1926740577824608
21,98,0.1403508782386779,0.35,0.1224999999999999,oracle_clean_axis,0.1489704556273781,0.1636540108824538,0.1347244772471214,0.9776469462379452,0.1559466758504972,0.1419546470615366,0.1967112592547902,2.391555163922761e-07,0.020151121826228,0.4814971841995187,-0.014464362877902,0.1219274270587675,0.8472794653758214
21,98,0.1403508782386779,0.7,0.4899999999999999,predicted_clean_axis,-0.0058813670022881,-0.0157861721131265,0.1623436221697082,0.9859607886835388,0.3810203461031642,0.1419546470615366,0.4165999995679067,2.335303428038586e-07,0.020151121826228,1.7587253970816017,0.4714600874977597,1.843468699021227,7.289131494145283
21,98,0.1403508782386779,0.7,0.4899999999999999,oracle_clean_axis,0.048881277848875,0.1320057299892851,0.1504791735686388,0.9859607886835388,0.3833538654342017,0.1419546470615366,0.4303861994153659,2.369423853458919e-07,0.020151121826228,2.179712306199433,0.2775632461524022,1.4667394251395502,6.579930581618084
21,98,0.1403508782386779,1.0,1.0,predicted_clean_axis,-0.0050487520401064,-0.0171629066337379,0.1650645448301018,0.9883229767635217,0.4825656586792869,0.1419546470615366,0.5148297076971845,2.354118609798099e-07,0.020151121826228,2.830696141043281,0.7514321800834254,2.947384527236895,11.672849722753968
21,98,0.1403508782386779,1.0,1.0,oracle_clean_axis,0.0350594731775626,0.1196161167042087,0.1538637433969553,0.9883229767635217,0.4843216994054675,0.1419546470615366,0.5303660072163444,2.389587562395754e-07,0.020151121826228,3.3182118087445103,0.5234727245414823,2.5019978683587896,10.82420541382088
25,30,0.9491525292396544,0.35,0.1224999999999999,predicted_clean_axis,4.042060366259432,0.0691676589489861,0.3403419688098799,0.7535052633780299,0.0118538746545628,0.6927237043421457,0.0019872947179983,4.572921159699518e-08,0.4798661305933135,0.00125680061694,-0.0005734965803644,-0.0011103906753253,-0.0020743714090357
25,30,0.9491525292396544,0.35,0.1224999999999999,oracle_clean_axis,11.069642453315952,0.3174722833490471,0.2307956016836493,0.7535052633780299,0.0198669990539426,0.6927237043421457,0.0115811307801684,4.4698507658752406e-08,0.4798661305933135,0.0093105889499924,-0.0045010726932928,-0.0088993308654499,-0.017387403646357
25,30,0.9491525292396544,0.7,0.4899999999999999,predicted_clean_axis,1.1564979759000942,0.069201365386699,0.3512136153848195,0.8602126817047486,0.0414505059024415,0.6927237043421457,0.0047488610754447,4.5319667681578396e-08,0.4798661305933135,0.0050359184048427,-0.0018466217983399,-0.0032456853272924,-0.0047011375770348
25,30,0.9491525292396544,0.7,0.4899999999999999,oracle_clean_axis,3.27095988531639,0.263424286608355,0.2927343998264879,0.8602126817047486,0.0557879809080495,0.6927237043421457,0.0248029241946479,4.500208196047517e-08,0.4798661305933135,0.0228361173662729,-0.010201977800609,-0.0195932350128666,-0.0359435876723267
25,30,0.9491525292396544,1.0,1.0,predicted_clean_axis,0.6918694823454149,0.0681804085584597,0.359748934167444,0.8961387296141358,0.0682645880261524,0.6927237043421457,0.0063377309888149,4.5533319953183474e-08,0.4798661305933135,0.009146639764641,-0.0027524784741845,-0.0042910626762781,-0.0037265482641937
25,30,0.9491525292396544,1.0,1.0,oracle_clean_axis,1.922811726936544,0.2307930046111142,0.3294520581238696,0.8961387296141358,0.0831468743667284,0.6927237043421457,0.0299527871014312,4.475439416250129e-08,0.4798661305933135,0.0313035689409384,-0.0129504831558159,-0.0241000987685295,-0.0409967273646499
25,50,0.8888888955116272,0.35,0.1224999999999999,predicted_clean_axis,-0.1119925691220552,-0.0114155607580885,0.4149522739524724,0.6292724287086451,0.0629439723499033,0.6175130003332067,0.0111245044490524,4.7027359370765796e-08,0.3813223056135986,0.0014338989744824,0.0012311779220692,0.0037611074503451,0.012717221325518
25,50,0.8888888955116272,0.35,0.1224999999999999,oracle_clean_axis,2.0533133639720216,0.2843310366955495,0.3377224663911284,0.6292724287086451,0.08550965217412,0.6175130003332067,0.0268605576310823,4.712622800919728e-08,0.3813223056135986,0.0441663080202299,-0.0184878191841205,-0.0345787484842448,-0.0595699374325044
25,50,0.8888888955116272,0.7,0.4899999999999999,predicted_clean_axis,-0.0260620782995783,-0.0069801231570479,0.4688464839420055,0.77778644915074,0.1653865337928062,0.6175130003332067,0.0251447035919481,4.7015973293450366e-08,0.3813223056135986,0.0160633352360557,0.0054179318861165,0.0198022634416623,0.0754701255610428
25,50,0.8888888955116272,0.7,0.4899999999999999,oracle_clean_axis,0.7291939911884711,0.2253199915712124,0.3963323456748314,0.77778644915074,0.1908107111571493,0.6175130003332067,0.0575263666105025,4.6659209856938784e-08,0.3813223056135986,0.0934936316743215,-0.0288442795724103,-0.0457535349683203,-0.0437669732306393
25,50,0.8888888955116272,1.0,1.0,predicted_clean_axis,-0.013693123306527,-0.0050000422002227,0.461540960909208,0.834594424157554,0.2254847920182261,0.6175130003332067,0.031779280171939,4.677630692043494e-08,0.3813223056135986,0.0315078421730587,0.0092462841284966,0.0351593717336768,0.1369859573740892
25,50,0.8888888955116272,1.0,1.0,oracle_clean_axis,0.5208334757172141,0.2028708438717437,0.4100674464283791,0.834594424157554,0.2405286705253718,0.6175130003332067,0.0694706395512254,4.73769302746188e-08,0.3813223056135986,0.1169504933809034,-0.0300278346391777,-0.0410907279108399,-0.0063216903516164
25,70,0.774193525314331,0.35,0.1224999999999999,predicted_clean_axis,0.0950414842125397,0.025044720043158,0.3714929119818284,0.8676264033014934,0.1243748227245907,0.4719864198939572,0.0427587900254276,4.850509140744448e-08,0.2227711805408117,0.0239594727522171,0.001040150630443,0.0107602259319208,0.0562401505479797
25,70,0.774193525314331,0.35,0.1224999999999999,oracle_clean_axis,0.7474796624442225,0.2375631510344827,0.3405944526413507,0.8676264033014934,0.1500061965416482,0.4719864198939572,0.0607343597331069,4.6134191113273365e-08,0.2227711805408117,0.1007542657390656,-0.0314379749747608,-0.0502498446863406,-0.0499952683199558
25,70,0.774193525314331,0.7,0.4899999999999999,predicted_clean_axis,0.0252909142453705,0.0186367795251343,0.4094996459035776,0.907269991777874,0.3478050165003947,0.4719864198939572,0.0923115887272764,4.8953079383096747e-08,0.2227711805408117,0.1494873885644795,0.0270718176108131,0.1220206431503284,0.5155493180154647
25,70,0.774193525314331,0.7,0.4899999999999999,oracle_clean_axis,0.2316869624054672,0.178046611701926,0.3889312850784218,0.907269991777874,0.3627117467420281,0.4719864198939572,0.1300727669047423,4.634190074332908e-08,0.2227711805408117,0.2844651883935383,-0.031502541302412,0.0108149526580805,0.3169100463677803
25,70,0.774193525314331,1.0,1.0,predicted_clean_axis,0.0215367142817184,0.0195864030672556,0.4081672458192497,0.9149514880353046,0.4292445050525326,0.4719864198939572,0.1125759918379673,4.880391783729122e-08,0.2227711805408117,0.2245841179530357,0.0427864991014078,0.1889587035880993,0.7914602287173335
25,70,0.774193525314331,1.0,1.0,oracle_clean_axis,0.1759588515450289,0.1638326458718627,0.387678615337675,0.9149514880353046,0.4394594719608441,0.4719864198939572,0.1570799417220272,4.6230235073902873e-08,0.2227711805408117,0.3692719333283685,-0.0220886049829652,0.0641876978215489,0.5618350267930158
25,85,0.5853658318519592,0.35,0.1224999999999999,predicted_clean_axis,-0.0109895865319114,-0.0031211445341542,0.2294293494116119,0.8931655447976259,0.1040129296490332,0.3662307459034133,0.1044618307133441,5.1298106419797544e-08,0.1341249592148183,0.0192788834971694,0.0054845463557389,0.0210517514476932,0.0824341378402482
25,85,0.5853658318519592,0.35,0.1224999999999999,oracle_clean_axis,0.757870583426973,0.2425943609915112,0.2141294454189708,0.8931655447976259,0.1172304555959111,0.3662307459034133,0.1262343218812845,5.15621984926963e-08,0.1341249592148183,0.1032704507103262,-0.0324232254974213,-0.052038451089682,-0.0528449025587202
25,85,0.5853658318519592,0.7,0.4899999999999999,predicted_clean_axis,-0.0012888339633139,-0.0012612253109358,0.3075010869589048,0.9309309127295712,0.358385563636645,0.3662307459034133,0.224845913915195,5.1904121776183315e-08,0.1341249592148183,0.2381698018300708,0.0604681064657193,0.2406382178519419,0.9600844553858958
25,85,0.5853658318519592,0.7,0.4899999999999999,oracle_clean_axis,0.1757011203965863,0.178750379485349,0.2964222307000266,0.9309309127295712,0.3725866099298331,0.3662307459034133,0.2703518664243092,5.214727395082412e-08,0.1341249592148183,0.4406052589857456,-0.0262381037070721,0.0769001431097226,0.671305688314913
25,85,0.5853658318519592,1.0,1.0,predicted_clean_axis,0.0024908645845315,0.0032622751418466,0.3179195217499838,0.9417876371027044,0.4796509075443582,0.3662307459034133,0.2729508172886081,5.2036074825264095e-08,0.1341249592148183,0.4330984282837432,0.1050701657282388,0.4245532513698844,1.706758182393396
25,85,0.5853658318519592,1.0,1.0,oracle_clean_axis,0.1236192041936628,0.1644466726815679,0.3084837724411073,0.9417876371027044,0.4871850453199443,0.3662307459034133,0.3264853701686527,5.3046615094971834e-08,0.1341249592148183,0.6611613922574954,0.0012217370828782,0.2236450963068399,1.3320966811780148
25,95,0.2962962985038757,0.35,0.1224999999999999,predicted_clean_axis,-0.0082780170649961,-0.0046829276498464,0.187128054332814,0.9564099649560366,0.1412216703098842,0.2496377232757001,0.187701547217159,1.0061906843575364e-07,0.0623189928766911,0.0773567846128322,0.0213260679446968,0.0826551093901358,0.3253221127832391
25,95,0.2962962985038757,0.35,0.1224999999999999,oracle_clean_axis,0.3790273748309157,0.2224418995362458,0.1695802086034605,0.9564099649560366,0.1465062764559481,0.2496377232757001,0.2041707773649636,1.0480279013998396e-07,0.0623189928766911,0.2166514405714692,-0.0437464241609047,-0.0444399842385895,0.0833314878557008
25,95,0.2962962985038757,0.7,0.4899999999999999,predicted_clean_axis,-0.0034108318822768,-0.0054129923799898,0.2170269081387216,0.9735172830623876,0.3961752265981931,0.2496377232757001,0.4032229095036601,9.978843590465057e-08,0.0623189928766911,0.62105233545114,0.1617059006765898,0.6382331802879525,2.535751876314998
25,95,0.2962962985038757,0.7,0.4899999999999999,oracle_clean_axis,0.1073084881963559,0.1723861919935563,0.2064804264615024,0.9735172830623876,0.4010316165734642,0.2496377232757001,0.4372657920033967,1.0490832581051516e-07,0.0623189928766911,0.9221044821403884,0.022828204323522,0.3682433722428551,2.0268345988689536
25,95,0.2962962985038757,1.0,1.0,predicted_clean_axis,-0.0019216951069157,-0.0039282208568272,0.2159327101841481,0.9792816230473096,0.5102953677164462,0.2496377232757001,0.4883821166754367,1.0024833563897649e-07,0.0623189928766911,1.036600971369003,0.2651726286880465,1.0526606669577916,4.194582972242377
25,95,0.2962962985038757,1.0,1.0,oracle_clean_axis,0.0738991237000431,0.1517838473063934,0.2082726579924429,0.9792816230473096,0.5127391527048979,0.2496377232757001,0.5280558474154019,1.0630826149666999e-07,0.0623189928766911,1.366414020585949,0.1077881178999239,0.7429063212617799,3.5951329843712885
25,98,0.1403508782386779,0.35,0.1224999999999999,predicted_clean_axis,-0.0177220792539276,-0.0219070105803594,0.1576717315045591,0.9779226689879928,0.1856287288984096,0.1501677754377327,0.2141545034435154,2.476230180372908e-07,0.0225503607799686,0.3549317227328911,0.1090430663231513,0.4090920844393675,1.5822079760509948
25,98,0.1403508782386779,0.35,0.1224999999999999,oracle_clean_axis,0.1244150569241407,0.1553899021752636,0.1404844525613,0.9779226689879928,0.1875541153300597,0.1501677754377327,0.2194235146784941,2.508479906964957e-07,0.0225503607799686,0.5840540055916664,0.0004562294055595,0.1959012802787147,1.171757846427811
25,98,0.1403508782386779,0.7,0.4899999999999999,predicted_clean_axis,-0.0087439371617598,-0.026256445852197,0.1797196862215996,0.9873498573165664,0.4509263952363699,0.1501677754377327,0.4592490040225141,2.4561846276723665e-07,0.0225503607799686,2.1753846369064638,0.6029786416330921,2.3330712566570666,9.174598406877664
25,98,0.1403508782386779,0.7,0.4899999999999999,oracle_clean_axis,0.0385124953128896,0.1156849511650644,0.1663982373110272,0.9873498573165664,0.4510783221638258,0.1501677754377327,0.4699320744784241,2.485687797489602e-07,0.0225503607799686,2.603245013703008,0.390187892919974,1.908249385687601,8.32799317076581
25,98,0.1403508782386779,1.0,1.0,predicted_clean_axis,-0.0072811335214633,-0.0267882814709128,0.1863548798262694,0.9899817804526696,0.552487689509962,0.1501677754377327,0.555297899313367,2.5001561834735577e-07,0.0225503607799686,3.2854529478839214,0.8952815376460534,3.482568416350783,13.73315819693627
25,98,0.1403508782386779,1.0,1.0,oracle_clean_axis,0.0273834866515468,0.100692769432249,0.1744874741946433,0.9899817804526696,0.5521871404002238,0.1501677754377327,0.5675046716359344,2.535640916136956e-07,0.0225503607799686,3.750590809715333,0.65995204360744,3.0100690528582854,12.780797968290187
29,30,0.9491525292396544,0.35,0.1224999999999999,predicted_clean_axis,2.4009635939604173,0.0428763327904239,0.3170558962588874,0.7156089761420268,0.0123239547650091,0.6901095499242554,0.0021876873160249,4.5285925542593985e-08,0.4762511908093433,0.0008454109718846,-0.0003629104145672,-0.000685957448218,-0.0012124613727694
29,30,0.9491525292396544,0.35,0.1224999999999999,oracle_clean_axis,6.471980201225872,0.2622722743996,0.1841762200288611,0.7156089761420268,0.0279661858683121,0.6901095499242554,0.0113182559689913,4.5100891654053924e-08,0.4762511908093433,0.0110389466345266,-0.005211557728108,-0.0102178383967794,-0.0196145685558116
29,30,0.9491525292396544,0.7,0.4899999999999999,predicted_clean_axis,0.741646022898969,0.0487084148664836,0.3730969576938153,0.8679286647391781,0.0453237005568248,0.6901095499242554,0.0052930709112734,4.532599004537067e-08,0.4762511908093433,0.0042773158682026,-0.0013299049042636,-0.0021206411219687,-0.0020846074977033
29,30,0.9491525292396544,0.7,0.4899999999999999,oracle_clean_axis,1.6999721995932957,0.2017330034552262,0.3286030803696278,0.8679286647391781,0.0818942052420981,0.6901095499242554,0.0241910715388368,4.487992470956375e-08,0.4762511908093433,0.0274598834956531,-0.0110895306915161,-0.0204187873454918,-0.0337964785408222
29,30,0.9491525292396544,1.0,1.0,predicted_clean_axis,0.3089989439101437,0.0428173171499923,0.4391381082767938,0.9284677859106252,0.0956269917735966,0.6901095499242554,0.0071350859860279,4.581045537830865e-08,0.4762511908093433,0.0107333650600094,-0.0017664861950122,-0.0011328415000292,0.0073348405599218
29,30,0.9491525292396544,1.0,1.0,oracle_clean_axis,0.8836322518847384,0.1621299814301275,0.3885058948608742,0.9284677859106252,0.1266221873130179,0.6901095499242554,0.0291740270068716,4.477361361346973e-08,0.4762511908093433,0.0381641629343781,-0.0127698223211728,-0.0213314718783346,-0.0258302527006258
29,50,0.8888888955116272,0.35,0.1224999999999999,predicted_clean_axis,-0.156891572016866,-0.0189539631973394,0.3775696943775757,0.7843785001506228,0.0732152169639618,0.6060395055871088,0.0117281411846035,4.6675450867556136e-08,0.3672838822620472,0.001358907305199,0.0020570882911615,0.0059385378781639,0.0191745209396906
29,50,0.8888888955116272,0.35,0.1224999999999999,oracle_clean_axis,1.564248635492952,0.221791969740515,0.3103075090446762,0.7843785001506228,0.0859292395306285,0.6060395055871088,0.0261986823221942,4.685398927276838e-08,0.3672838822620472,0.0364734522315465,-0.0144672470273995,-0.0264215079958831,-0.0427910717561027
29,50,0.8888888955116272,0.7,0.4899999999999999,predicted_clean_axis,-0.0851788717824461,-0.0251215330717713,0.4063837113487225,0.8356302471826673,0.1787372990956197,0.6060395055871088,0.0261127887879384,4.6857436384430443e-08,0.3672838822620472,0.0143364424131193,0.0091408708358342,0.0291544696999306,0.1017998515129114
29,50,0.8888888955116272,0.7,0.4899999999999999,oracle_clean_axis,0.5797402949921139,0.1809856424881886,0.3487568162316762,0.8356302471826673,0.1891958351685716,0.6060395055871088,0.0559957472045816,4.7254608031592194e-08,0.3672838822620472,0.0808655332790847,-0.0221592326441845,-0.0321361092914638,-0.0155427945953071
29,50,0.8888888955116272,1.0,1.0,predicted_clean_axis,-0.069558335936542,-0.0316040188218432,0.3857121085601508,0.8996288833280978,0.2753556950935263,0.6060395055871088,0.0328587005323621,4.681095694510937e-08,0.3672838822620472,0.0372497257718478,0.0200819602702562,0.0659684693112989,0.2351551337057451
29,50,0.8888888955116272,1.0,1.0,oracle_clean_axis,0.2855104835097619,0.1247148655862669,0.366651492608164,0.8996288833280978,0.2647263054937166,0.6060395055871088,0.067529933063244,4.7253395549084525e-08,0.3672838822620472,0.1021786838748918,-0.0153131922385025,-0.0067756180110427,0.0818518298417637
29,70,0.774193525314331,0.35,0.1224999999999999,predicted_clean_axis,0.0155345100735078,0.0037155130205525,0.335708511577395,0.8458887992954379,0.1143849485040603,0.4782419345497953,0.0407316814443791,4.892165586966857e-08,0.228715347977356,0.0151901976485344,0.0031310476936515,0.0134128597325819,0.0554287768462799
29,70,0.774193525314331,0.35,0.1224999999999999,oracle_clean_axis,0.7658558974087045,0.2235386602396283,0.2982042750585517,0.8458887992954379,0.139589656071576,0.4782419345497953,0.0586568826319802,4.6547841325945074e-08,0.228715347977356,0.086545256942743,-0.0272986741752624,-0.0439480454864526,-0.0452988795166149
29,70,0.774193525314331,0.7,0.4899999999999999,predicted_clean_axis,-0.0201778181108316,-0.0138672655593137,0.3742727772771363,0.8913688628854652,0.3286731930863181,0.4782419345497953,0.0879914324038377,4.9002260691347545e-08,0.228715347977356,0.1085488439492643,0.0342849506326978,0.1276094830036156,0.4913772929601109
29,70,0.774193525314331,0.7,0.4899999999999999,oracle_clean_axis,0.2140460512536154,0.1506822730581579,0.3556931930631983,0.8913688628854652,0.3366685876597161,0.4782419345497953,0.1253702736700833,4.661718401703492e-08,0.228715347977356,0.2299698842976776,-0.0220645236139974,0.0178178984618991,0.2834235796833744
29,70,0.774193525314331,1.0,1.0,predicted_clean_axis,-0.0196693035369996,-0.0167553764732057,0.3770915323538668,0.9038366494384444,0.4073923432816348,0.4782419345497953,0.1074746209729108,4.9046459746896936e-08,0.228715347977356,0.1671407077030379,0.0524900287640149,0.195686979271719,0.7542016455181948
29,70,0.774193525314331,1.0,1.0,oracle_clean_axis,0.1541984363328317,0.1327523246553541,0.366499288666723,0.9038366494384444,0.4117274472363848,0.4782419345497953,0.1511944498960191,4.69931194274307e-08,0.228715347977356,0.29958423747859,-0.0108206644510259,0.0710063072901272,0.5126031593489709
29,85,0.5853658318519592,0.35,0.1224999999999999,predicted_clean_axis,-0.0548583899404644,-0.016076416273118,0.2438652442400272,0.9003209312735806,0.1089477946457053,0.3717682162673027,0.0958422141800182,5.3868650884868584e-08,0.1382116066099536,0.0167587744297793,0.0077231252422318,0.026181258789211,0.0953025507974116
29,85,0.5853658318519592,0.35,0.1224999999999999,oracle_clean_axis,0.6976293423304527,0.2218377135829827,0.2232025665160367,0.9003209312735806,0.1182178071869243,0.3717682162673027,0.1173002369234394,5.4281686448890995e-08,0.1382116066099536,0.095820797940514,-0.0289510877569018,-0.0452626347049004,-0.0399671061741877
29,85,0.5853658318519592,0.7,0.4899999999999999,predicted_clean_axis,-0.0162265225560226,-0.0154721523305927,0.3059843257508122,0.9366607187494944,0.3544847304098154,0.3717682162673027,0.2058317707031705,5.3840632101971624e-08,0.1382116066099536,0.2125425010259626,0.0642002648356841,0.2420482065704784,0.9386871207373976
29,85,0.5853658318519592,0.7,0.4899999999999999,oracle_clean_axis,0.1627441824451178,0.1564224485452142,0.2968143007832842,0.9366607187494944,0.3573270258027756,0.3717682162673027,0.2507116328605973,5.4944055344630455e-08,0.1382116066099536,0.3813012020185048,-0.0174344094106652,0.0806086422443942,0.6231271287516872
29,85,0.5853658318519592,1.0,1.0,predicted_clean_axis,-0.0097203167184484,-0.0121275366189782,0.3180518326639954,0.9460557211486365,0.4638359826276921,0.3717682162673027,0.2497962294409454,5.4419461689572894e-08,0.1382116066099536,0.3740256690390268,0.1048545926143648,0.4042874699846486,1.5868880789929714
29,85,0.5853658318519592,1.0,1.0,oracle_clean_axis,0.1130846102201684,0.1412628610098593,0.3112364323627277,0.9460557211486365,0.4644048536772953,0.3717682162673027,0.3023540292789701,5.5482114596449536e-08,0.1382116066099536,0.5665742413860342,0.0092966663288603,0.2136491906723048,1.2075218134029486
29,95,0.2962962985038757,0.35,0.1224999999999999,predicted_clean_axis,-0.0170496402183876,-0.0096506120652518,0.1918832882311097,0.9584097341934676,0.1422039024568818,0.251230218161012,0.1603625767041997,1.1668302566400853e-07,0.0631166225165046,0.0746350218255015,0.0227556591998801,0.0855600984748475,0.3313153172500443
29,95,0.2962962985038757,0.35,0.1224999999999999,oracle_clean_axis,0.3610299078949825,0.2124916077947056,0.1765646106779783,0.9584097341934676,0.147866732966557,0.251230218161012,0.1764685315421331,1.194676280631184e-07,0.0631166225165046,0.2116701765737298,-0.0408821987593706,-0.0384624711670783,0.0962827630724948
29,95,0.2962962985038757,0.7,0.4899999999999999,predicted_clean_axis,-0.002964962098632,-0.0045640241071144,0.2156463704499945,0.9758659911786726,0.3867235849832592,0.251230218161012,0.343559444582005,1.156730384536646e-07,0.0631166225165046,0.5853506735486181,0.1516067869934721,0.5994016564987986,2.383555643045014
29,95,0.2962962985038757,0.7,0.4899999999999999,oracle_clean_axis,0.1062108736010167,0.1657862298081661,0.2065062226311375,0.9758659911786726,0.3921492147711564,0.251230218161012,0.3771749729886063,1.2026631274435968e-07,0.0631166225165046,0.8678928709882442,0.0228894596540473,0.3503361827402077,1.9189014192088676
29,95,0.2962962985038757,1.0,1.0,predicted_clean_axis,-0.0011437644752119,-0.0022236995616731,0.2164150130362117,0.9809305998680212,0.4884401798719868,0.251230218161012,0.4156095054957278,1.1648379965420777e-07,0.0631166225165046,0.9406488768946302,0.2384046960142322,0.9492954816694964,3.78853532190312
29,95,0.2962962985038757,1.0,1.0,oracle_clean_axis,0.0753360262202266,0.1477040040157656,0.209159677432122,0.9809305998680212,0.4925626027003386,0.251230218161012,0.4548666990354704,1.2135944866559074e-07,0.0631166225165046,1.2505794203006948,0.0954532214625426,0.6714017306670123,3.2647846123017312
29,98,0.1403508782386779,0.35,0.1224999999999999,predicted_clean_axis,0.0062097689560088,0.0072826230952993,0.1352922394335721,0.978798777928414,0.1782773167855732,0.1520140384650919,0.1781631533112413,2.865539583890111e-07,0.0231082678882104,0.3523874793907933,0.0816912451887268,0.3353058136335363,1.3583049202914024
29,98,0.1403508782386779,0.35,0.1224999999999999,oracle_clean_axis,0.1472398251463413,0.1780761602384148,0.120246207329242,0.978798777928414,0.1838502337617786,0.1520140384650919,0.1865329136933112,2.934478308891331e-07,0.0231082678882104,0.5810503421449941,-0.0162653102368312,0.1503092867501146,1.0319782023953377
29,98,0.1403508782386779,0.7,0.4899999999999999,predicted_clean_axis,0.0070731757760231,0.0197246680629463,0.1379360295303588,0.9878107224898506,0.4239151612485095,0.1520140384650919,0.3811797200427111,2.849103722178174e-07,0.0231082678882104,1.9991586836849835,0.4585356562641444,1.889147977932713,7.666602617483121
29,98,0.1403508782386779,0.7,0.4899999999999999,oracle_clean_axis,0.0552990212840272,0.1573815892667456,0.1252074677868843,0.9878107224898506,0.4326335332701941,0.1520140384650919,0.3986860778493831,2.9126040334772736e-07,0.0231082678882104,2.472853427238776,0.2822811278931382,1.577034150127961,7.203955877622658
29,98,0.1403508782386779,1.0,1.0,predicted_clean_axis,0.0072119600873604,0.024505896123281,0.1379104370249352,0.990236175144938,0.5165364465112333,0.1520140384650919,0.4602876819743379,2.888754664755572e-07,0.0231082678882104,2.96978976645572,0.6799950427381145,2.803250036120212,11.37953987481636
29,98,0.1403508782386779,1.0,1.0,oracle_clean_axis,0.0431998779795095,0.1492314255518756,0.12581118350526,0.990236175144938,0.525123512497034,0.1520140384650919,0.4808087311817573,2.954883518564784e-07,0.0231082678882104,3.4988016311115637,0.4880670523672847,2.467779350016613,10.902139681161405
2,30,0.9491525292396544,0.35,0.1224999999999999,predicted_clean_axis,0.5695772492679083,0.0356316230825803,0.3810654986430171,0.8745826689765367,0.0348671392039452,0.5573568510083774,0.0037409516012626,4.5321830678707436e-08,0.3106466593717996,0.0032074200337359,-0.0008699277439118,-0.0012506673058526,-0.0005445818838218
2,30,0.9491525292396544,0.35,0.1224999999999999,oracle_clean_axis,2.650562294218632,0.2149791325984536,0.3368345817772172,0.8745826689765367,0.0452055371944799,0.5573568510083774,0.0094749893682111,4.4833977566310875e-08,0.3106466593717996,0.0190808966090443,-0.0083070088013575,-0.0157917246006056,-0.0282942771927722
2,30,0.9491525292396544,0.7,0.4899999999999999,predicted_clean_axis,0.1084453072480996,0.0360868468240172,0.3920958567542628,0.9735354138075552,0.1854690794746987,0.5573568510083774,0.0090443399178333,4.554516615423705e-08,0.3106466593717996,0.0396916583111947,0.0009165738854219,0.01567474979819,0.0867159077057645
2,30,0.9491525292396544,0.7,0.4899999999999999,oracle_clean_axis,0.2846764443067214,0.1076577736761782,0.3823301679481606,0.9735354138075552,0.2107789349022388,0.5573568510083774,0.0205310892908449,4.4883772037625574e-08,0.3106466593717996,0.0764678315288394,-0.0114182245734423,-0.0049593216862331,0.06158986647014
2,30,0.9491525292396544,1.0,1.0,predicted_clean_axis,0.07086773508257,0.0382090099029056,0.4126494273729943,0.9803801677755752,0.3005042197950698,0.5573568510083774,0.0121754930318117,4.538097061039815e-08,0.3106466593717996,0.0932739804524176,0.0078679332477334,0.0520724821447613,0.2494914268867013
2,30,0.9491525292396544,1.0,1.0,oracle_clean_axis,0.1647956900067789,0.0900819188557524,0.411323471048276,0.9803801677755752,0.3046667945270235,0.5573568510083774,0.0252969476349741,4.4796710973183583e-08,0.3106466593717996,0.1239417984929424,-0.005945516657206,0.0254592217450974,0.2003194637282352
2,50,0.8888888955116272,0.35,0.1224999999999999,predicted_clean_axis,-0.1348619244113581,-0.0141584097822429,0.2551600809049801,0.7682658410037813,0.0515969735403724,0.4914723653629283,0.0127087857867235,4.7315774630240396e-08,0.2415450860073933,0.0012690221912266,0.0014320655753291,0.004241848931286,0.0139945689850844
2,50,0.8888888955116272,0.35,0.1224999999999999,oracle_clean_axis,1.7690381050030164,0.2416430437908748,0.2129895197123912,0.7682658410037813,0.0671330244213119,0.4914723653629283,0.0219354132299725,4.710134440675532e-08,0.2415450860073933,0.0376720049927598,-0.0153375539439417,-0.0283428088529248,-0.0473564215660149
2,50,0.8888888955116272,0.7,0.4899999999999999,predicted_clean_axis,-0.130224415125147,-0.0377420040635669,0.3343297649358367,0.7841449977655274,0.1424398949523604,0.4914723653629283,0.0287722966924719,4.732446604309109e-08,0.2415450860073933,0.0100608200865047,0.0107190748738864,0.0319378063591984,0.1058742391640998
2,50,0.8888888955116272,0.7,0.4899999999999999,oracle_clean_axis,0.6389939331000114,0.2035321466633363,0.2969744007975706,0.7841449977655274,0.1565436232903453,0.4914723653629283,0.0475312328228209,4.695373710001709e-08,0.2415450860073933,0.0901926928564839,-0.0260735732904667,-0.0394652978224166,-0.028203200610766
2,50,0.8888888955116272,1.0,1.0,predicted_clean_axis,-0.09720109136476,-0.0421940177953103,0.3791151121167855,0.8185713325683153,0.2133432190818474,0.4914723653629283,0.0369773208372621,4.726494402251949e-08,0.2415450860073933,0.0287925236976751,0.0209351305326132,0.0654245226528601,0.2250660916562552
2,50,0.8888888955116272,1.0,1.0,oracle_clean_axis,0.3852408659935262,0.1686312198027573,0.3590507936460518,0.8185713325683153,0.2151318610935988,0.4914723653629283,0.0585646037338531,4.7413943043276814e-08,0.2415450860073933,0.1217165660067666,-0.0249319795366525,-0.0259130900954848,0.0439772957203118
2,70,0.774193525314331,0.35,0.1224999999999999,predicted_clean_axis,0.0538838232568835,0.0104049833498797,0.1752586752153786,0.8460868185965333,0.0787149344103727,0.4076375204862508,0.0361180958065204,4.9274978344549315e-08,0.1661683481320192,0.0113311386586608,0.0013258804964962,0.0073127275435435,0.033269321289291
2,70,0.774193525314331,0.35,0.1224999999999999,oracle_clean_axis,0.8675976785200097,0.2051174334281804,0.1769703506539552,0.8460868185965333,0.0963736580229204,0.4076375204862508,0.0491380855010347,4.695301968424198e-08,0.1661683481320192,0.0624674640671207,-0.0207535299540931,-0.0345202585218754,-0.0410933114985056
2,70,0.774193525314331,0.7,0.4899999999999999,predicted_clean_axis,0.0035054406373902,0.0019176439865466,0.2533251897114746,0.8808524086101645,0.222997255042162,0.4076375204862508,0.0792032585332764,4.95631955783206e-08,0.1661683481320192,0.0758643979735591,0.0181793171902108,0.0737663118317487,0.2971633334688052
2,70,0.774193525314331,0.7,0.4899999999999999,oracle_clean_axis,0.2873536964767056,0.1695141245704046,0.25332911762587,0.8808524086101645,0.240471301655515,0.4076375204862508,0.1064759424991795,4.7075298018606e-08,0.1661683481320192,0.1869986393323481,-0.0282494756413262,-0.0129990552660877,0.1480014735340845
2,70,0.774193525314331,1.0,1.0,predicted_clean_axis,-0.0055933998495442,-0.0042286235784226,0.2932912339460786,0.8947801203450095,0.3081749341982697,0.4076375204862508,0.0992287517593892,4.9224680085677286e-08,0.1661683481320192,0.1396880487105491,0.0373196493404077,0.1460817478112699,0.5779332921443594
2,70,0.774193525314331,1.0,1.0,oracle_clean_axis,0.1936549159810829,0.1499669914985299,0.2943436400899042,0.8947801203450095,0.3156758105496017,0.4076375204862508,0.1311920819090101,4.6598083868821984e-08,0.1661683481320192,0.2660600105825167,-0.0205861887269387,0.0337901669223355,0.3674305113495232
2,85,0.5853658318519592,0.35,0.1224999999999999,predicted_clean_axis,-0.0215729501164428,-0.005910416388315,0.1682645908163049,0.935688273876618,0.0920330292486479,0.3359194714219139,0.0808184755253522,5.4388243509166267e-08,0.112841891277385,0.017146070596546,0.0055009907185725,0.0203846654483752,0.0783000669416719
2,85,0.5853658318519592,0.35,0.1224999999999999,oracle_clean_axis,0.5649290689634204,0.1626490935417001,0.1613565130033025,0.935688273876618,0.0967147922305253,0.3359194714219139,0.0984229996309428,5.423565071854707e-08,0.112841891277385,0.0675515407695174,-0.018233419051998,-0.0261052705488219,-0.0107642708769484
2,85,0.5853658318519592,0.7,0.4899999999999999,predicted_clean_axis,-0.0062867975140716,-0.0049173368053687,0.2283505195749129,0.9465659487400676,0.2627457265429232,0.3359194714219139,0.1759195947253267,5.4354425871162935e-08,0.112841891277385,0.1491008166130895,0.0401598447437848,0.1567931915211227,0.6194803911764574
2,85,0.5853658318519592,0.7,0.4899999999999999,oracle_clean_axis,0.1722019965539835,0.1377770186452355,0.2249825946942581,0.9465659487400676,0.2687656601175688,0.3359194714219139,0.2132700436291589,5.487820123335975e-08,0.112841891277385,0.2702697770036236,-0.0151080207522944,0.0498018703284225,0.4196753879888916
2,85,0.5853658318519592,1.0,1.0,predicted_clean_axis,-0.003675957235136,-0.0039306939567847,0.2586456849484405,0.9524176471690268,0.3591980406256198,0.3359194714219139,0.2186685057528945,5.464563319190141e-08,0.112841891277385,0.2816465041845955,0.0735639386853101,0.2900526712223591,1.1518045178516725
2,85,0.5853658318519592,1.0,1.0,oracle_clean_axis,0.1223667029321863,0.1318730242846293,0.2553508954829943,0.9524176471690268,0.3620161003851802,0.3359194714219139,0.2627761761371517,5.498130341274615e-08,0.112841891277385,0.4324702671301028,0.0015291683065634,0.1482345378608698,0.8771738807127127
2,95,0.2962962985038757,0.35,0.1224999999999999,predicted_clean_axis,-0.0117682264369848,-0.0062219816609033,0.1461251810565506,0.9687836299284353,0.1253678439527802,0.2371201420961297,0.13433951716895,1.1715136284001229e-07,0.056225961798114,0.0665940004693118,0.0191157191126452,0.0731732511234911,0.2861137538397849
2,95,0.2962962985038757,0.35,0.1224999999999999,oracle_clean_axis,0.3394987879096119,0.1827920685559064,0.1374495743709848,0.9687836299284353,0.1276696200799451,0.2371201420961297,0.1484001958809753,1.200204690479851e-07,0.056225961798114,0.170891772888237,-0.0310908850907747,-0.0259451026126539,0.0930564650502751
2,95,0.2962962985038757,0.7,0.4899999999999999,predicted_clean_axis,-0.0048826743588023,-0.0065529731536912,0.1791591380602226,0.9789119456268196,0.3182358296236096,0.2371201420961297,0.2917724462532248,1.1614162003709007e-07,0.056225961798114,0.4415046331996093,0.1169721527249603,0.4590939516664304,1.8187864881989
2,95,0.2962962985038757,0.7,0.4899999999999999,oracle_clean_axis,0.1120784821813229,0.151003314632785,0.1740975888877315,0.9789119456268196,0.3194719158025803,0.2371201420961297,0.3215642313765364,1.1957015242404142e-07,0.056225961798114,0.6572509085883828,0.0117276774796068,0.2503574428084121,1.4083232370136185
2,95,0.2962962985038757,1.0,1.0,predicted_clean_axis,-0.0033613410937097,-0.0058360524412627,0.192901911306576,0.981792946633044,0.4116944831163739,0.2371201420961297,0.361282290647178,1.1599889726679075e-07,0.056225961798114,0.7434886647950558,0.1934717017353359,0.7637540928925809,3.034750943472797
2,95,0.2962962985038757,1.0,1.0,oracle_clean_axis,0.0811051627175508,0.1411209316281569,0.1888276343858757,0.981792946633044,0.4125830494532206,0.2371201420961297,0.3962085704200521,1.2018593069911826e-07,0.056225961798114,1.0024248453835474,0.0664460727755787,0.5113311425293922,2.536418272971724
2,98,0.1403508782386779,0.35,0.1224999999999999,predicted_clean_axis,-0.0162740894057467,-0.0170270111190977,0.1496183755334382,0.9779914107405576,0.1553537842692229,0.1484841559704345,0.1511745987639984,2.916571582100636e-07,0.0220475445752309,0.2558528768509482,0.077324294295707,0.2914824104055344,1.1303001080675512
2,98,0.1403508782386779,0.35,0.1224999999999999,oracle_clean_axis,0.1462215501499442,0.1548540994055796,0.1360001382351937,0.9779914107405576,0.1572502837319156,0.1484841559704345,0.156913171491503,2.934559950564756e-07,0.0220475445752309,0.4443863791164327,-0.0119006245852328,0.1163937941448561,0.7935677615510001
2,98,0.1403508782386779,0.7,0.4899999999999999,predicted_clean_axis,-0.0075089881493654,-0.0184267603314272,0.1664553663425173,0.985941985126184,0.364374253981569,0.1484841559704345,0.3280706339793185,2.888070743182792e-07,0.0220475445752309,1.460261994794779,0.3989794051657238,1.550699078706856,6.112359230915346
2,98,0.1403508782386779,0.7,0.4899999999999999,oracle_clean_axis,0.0518378400725658,0.1277232405911241,0.1545510638227047,0.985941985126184,0.365850073043815,0.1484841559704345,0.3400107604901979,2.9233175872120826e-07,0.0220475445752309,1.8323977392421569,0.2220764904432765,1.203003220929456,5.441407402030525
2,98,0.1403508782386779,1.0,1.0,predicted_clean_axis,-0.006051893064177,-0.0185212590702147,0.1737030984265604,0.9880312918193734,0.4544220281797994,0.1484841559704345,0.4051200362709934,2.90533252749744e-07,0.0220475445752309,2.2848409531804603,0.6137221886713912,2.398206154183863,9.47945941573205
2,98,0.1403508782386779,1.0,1.0,oracle_clean_axis,0.0386499135670169,0.1187129754369418,0.1620271073949774,0.9880312918193734,0.4560681857652517,0.1484841559704345,0.4189370712405957,2.940534431588148e-07,0.0220475445752309,2.7231449462771944,0.4073165976840682,1.993892575916579,8.704822674026934
6,30,0.9491525292396544,0.35,0.1224999999999999,predicted_clean_axis,-1.5475437933020366,-0.0496186672118528,0.4445828329225351,0.6701923668701989,0.01952016763715,0.608809465641404,0.0029835988852509,4.5661584341034e-08,0.3706489653384763,-0.0013339093558676,0.0008597096396101,0.0018479225870048,0.0042098584051463
6,30,0.9491525292396544,0.35,0.1224999999999999,oracle_clean_axis,5.201462063884607,0.2400078917084958,0.3472233868706293,0.6701923668701989,0.0280919238679678,0.608809465641404,0.0097758316485632,4.4979687434569194e-08,0.3706489653384763,0.0116068178111955,-0.0054041988744755,-0.010542257728203,-0.0200199553734135
6,30,0.9491525292396544,0.7,0.4899999999999999,predicted_clean_axis,-0.5939164971514101,-0.0608699988568022,0.4982160076385354,0.745816883455028,0.0623963665857814,0.608809465641404,0.0070357310755081,4.521424864166917e-08,0.3706489653384763,-0.003612508005475,0.0037757589760373,0.0088645212676083,0.0229810557973495
6,30,0.9491525292396544,0.7,0.4899999999999999,oracle_clean_axis,1.516116662748234,0.1870734107786953,0.4208154974954163,0.745816883455028,0.0751209099209044,0.608809465641404,0.0211970435194478,4.464781279854102e-08,0.3706489653384763,0.0268892243922674,-0.01058991427013,-0.0192766965895911,-0.030940865376506
6,30,0.9491525292396544,1.0,1.0,predicted_clean_axis,-0.3621121045644673,-0.064028689834784,0.5244143573735668,0.7932079011791228,0.1076497359593075,0.608809465641404,0.0094129831425753,4.527061966580101e-08,0.3706489653384763,-0.0035052229775594,0.0076148626022724,0.0191378926135398,0.0539084548630598
6,30,0.9491525292396544,1.0,1.0,oracle_clean_axis,0.8846806445272686,0.1556149647021673,0.4600174637591324,0.7932079011791228,0.1070893368044204,0.608809465641404,0.0259802110305229,4.481314661935696e-08,0.3706489653384763,0.0351077755019254,-0.011752512765973,-0.0196374422086193,-0.0238045511239327
6,50,0.8888888955116272,0.35,0.1224999999999999,predicted_clean_axis,-0.1511815021154566,-0.0169824960996904,0.3120866987693144,0.7219467852390967,0.0587448517010423,0.5229581605424436,0.0121440692267645,4.682439140332047e-08,0.2734852377321974,0.0012469354893174,0.0017424901243065,0.0050622854945896,0.0164337919730859
6,50,0.8888888955116272,0.35,0.1224999999999999,oracle_clean_axis,1.6839971677284649,0.2665143668054511,0.2119456199264712,0.7219467852390967,0.0827649034651977,0.5229581605424436,0.0226578417923953,4.7305926066690414e-08,0.2734852377321974,0.0484411417377414,-0.0195242278625678,-0.0359175603876002,-0.0593115394250601
6,50,0.8888888955116272,0.7,0.4899999999999999,predicted_clean_axis,-0.0928317382727957,-0.0313910155604794,0.4106373748524636,0.8267958862366893,0.1768380950362783,0.5229581605424436,0.0269998653089332,4.7363067260147426e-08,0.2734852377321974,0.0179714292557216,0.0124540019054054,0.0392011481663215,0.1355748737546856
6,50,0.8888888955116272,0.7,0.4899999999999999,oracle_clean_axis,0.5381211531291822,0.1979802135087049,0.3229305988487575,0.8267958862366893,0.1924015952137412,0.5229581605424436,0.0491292478631939,4.737116171096005e-08,0.2734852377321974,0.106678385019542,-0.0279595955973217,-0.0389994599196768,-0.0103199947394888
6,50,0.8888888955116272,1.0,1.0,predicted_clean_axis,-0.1035044512043758,-0.0492928019597764,0.4472660647527628,0.820258090165612,0.2490527966760313,0.5229581605424436,0.034182248824777,4.7028156884920744e-08,0.2734852377321974,0.0332256423883781,0.0259127571833433,0.080175899951708,0.2737533422435022
6,50,0.8888888955116272,1.0,1.0,oracle_clean_axis,0.3603193114232321,0.1680555558796643,0.373204688244272,0.820258090165612,0.2439115017860809,0.5229581605424436,0.0602153889570947,4.74982982330206e-08,0.2734852377321974,0.1327662790107156,-0.0255951833640572,-0.0239983959672475,0.0607710911089726
6,70,0.774193525314331,0.35,0.1224999999999999,predicted_clean_axis,0.0237016080510812,0.0049099224561589,0.2122094645261189,0.8453128740686452,0.0866211420572553,0.4181451695642924,0.0372403998254483,4.8859444147752295e-08,0.1748453828748428,0.0117454859892426,0.0021735328005273,0.0097112494644869,0.0408792343827039
6,70,0.774193525314331,0.35,0.1224999999999999,oracle_clean_axis,0.874835081656268,0.2249006214613001,0.1940477361969978,0.8453128740686452,0.107495813174305,0.4181451695642924,0.0510669185787883,4.6166894706522534e-08,0.1748453828748428,0.0743391828677903,-0.024777911074644,-0.0412947019097871,-0.0495449228615709
6,70,0.774193525314331,0.7,0.4899999999999999,predicted_clean_axis,-0.0194369386572903,-0.0126546471788412,0.2789898964648692,0.8825658423469233,0.2722383233116887,0.4181451695642924,0.081339570423643,4.891333483696013e-08,0.1748453828748428,0.0977313918965152,0.0306120654826209,0.1142093052524945,0.440359307653999
6,70,0.774193525314331,0.7,0.4899999999999999,oracle_clean_axis,0.2447986414300702,0.1670075673224328,0.2755580312830797,0.8825658423469233,0.2852687708910649,0.4181451695642924,0.1107289621116206,4.6201545648411294e-08,0.1748453828748428,0.230294089496836,-0.0278789357329757,0.0024208678776769,0.2375566931298668
6,70,0.774193525314331,1.0,1.0,predicted_clean_axis,-0.0199604020327958,-0.0170255474479955,0.3075358955933985,0.9009426379409988,0.3566636790616694,0.4181451695642924,0.1008326542876528,4.902068823968493e-08,0.1748453828748428,0.1673656011289792,0.0527330621289618,0.1964100327202248,0.7565956992896539
6,70,0.774193525314331,1.0,1.0,oracle_clean_axis,0.1682389471082001,0.1474044962524086,0.2983796511533117,0.9009426379409988,0.3663627188558307,0.4181451695642924,0.1357152371401147,4.662196527802796e-08,0.1748453828748428,0.3210649158295946,-0.0165963846962726,0.0627646127531375,0.5093587540890075
6,85,0.5853658318519592,0.35,0.1224999999999999,predicted_clean_axis,-0.0446994881484685,-0.0127694870264052,0.1590747133230304,0.9240312728456178,0.0958877396050486,0.3356542726576467,0.086510808538814,5.2419605161432494e-08,0.112663790769127,0.0167545139697424,0.0069245624991174,0.0240503379875609,0.0889055279324248
6,85,0.5853658318519592,0.35,0.1224999999999999,oracle_clean_axis,0.5915721017414873,0.1795520470680698,0.154477083507602,0.9240312728456178,0.101876697000091,0.3356542726576467,0.1048106441685977,5.241021840733183e-08,0.112663790769127,0.0775276611335184,-0.0214908762515442,-0.0314664496262786,-0.0168716877453171
6,85,0.5853658318519592,0.7,0.4899999999999999,predicted_clean_axis,-0.0117987493983542,-0.0102841960553517,0.2287125935589621,0.9403966144019148,0.2925678163237566,0.3356542726576467,0.1882823856505618,5.241750297329803e-08,0.112663790769127,0.1809725799916909,0.0519661894633544,0.1989006985661751,0.777674675690216
6,85,0.5853658318519592,0.7,0.4899999999999999,oracle_clean_axis,0.1601222730894434,0.1428176146144081,0.2291392849077186,0.9403966144019148,0.2993796030444915,0.3356542726576467,0.2272620745211293,5.28691679889146e-08,0.112663790769127,0.3262671973667269,-0.013970523350094,0.0715010035219917,0.5407702079327019
6,85,0.5853658318519592,1.0,1.0,predicted_clean_axis,-0.0051247146355409,-0.0060257735359967,0.2541406077978813,0.94904597455851,0.394671074833648,0.3356542726576467,0.2320672890599317,5.2623395437617075e-08,0.112663790769127,0.3385565279369357,0.089953078651093,0.3527270523818931,1.3967376850826154
6,85,0.5853658318519592,1.0,1.0,oracle_clean_axis,0.1109140042215441,0.1320646302218332,0.2531162674324736,0.94904597455851,0.3996615009261396,0.3356542726576467,0.2785443462367729,5.351101946983544e-08,0.112663790769127,0.5116865532782235,0.0099852244127291,0.1971894495266854,1.10325490185828
6,95,0.2962962985038757,0.35,0.1224999999999999,predicted_clean_axis,-0.0114765775345292,-0.0062169502518618,0.1638766361007817,0.9672398429035054,0.1274657802399499,0.235303621656767,0.1496158184806174,1.067988450738568e-07,0.0553677943896234,0.0699940343066326,0.0200243358889594,0.0767295738061024,0.30018275572494
6,95,0.2962962985038757,0.35,0.1224999999999999,oracle_clean_axis,0.338020067595668,0.1883019790889975,0.1554004836000787,0.9672398429035054,0.1310813821201241,0.235303621656767,0.165348648346966,1.106426810746496e-07,0.0553677943896234,0.1824807041298112,-0.0330533378630783,-0.0273153329249382,0.100534705354996
6,95,0.2962962985038757,0.7,0.4899999999999999,predicted_clean_axis,-0.0024729198954893,-0.0034909748568473,0.1943598507746393,0.9795792417792752,0.3321737305066822,0.235303621656767,0.3255211554551164,1.0607294311779801e-07,0.0553677943896234,0.4932829028633269,0.127016833774265,0.5031391910191491,2.0027004759207743
6,95,0.2962962985038757,0.7,0.4899999999999999,oracle_clean_axis,0.1045627115465651,0.1493604890785212,0.1896124457017372,0.9795792417792752,0.3361146960783511,0.235303621656767,0.3585272957615517,1.107691211235251e-07,0.0553677943896234,0.723453863046119,0.0208502400256103,0.2967519277503341,1.6137096462971212
6,95,0.2962962985038757,1.0,1.0,predicted_clean_axis,-5.252359029632613e-05,-9.530799942246228e-05,0.203296340195687,0.9834817642848525,0.4269760941786777,0.235303621656767,0.4004850106506537,1.0653250660923577e-07,0.0553677943896234,0.8229977597859925,0.2058791476110413,0.823343646891441,3.293028700460316
6,95,0.2962962985038757,1.0,1.0,oracle_clean_axis,0.0741210096394928,0.135518519776317,0.199540972868131,0.9834817642848525,0.4302153823865504,0.235303621656767,0.4394299020664322,1.1202975922212009e-07,0.0553677943896234,1.0834823193489682,0.0850399770937151,0.5879340453662296,2.847284455447657
6,98,0.1403508782386779,0.35,0.1224999999999999,predicted_clean_axis,-0.0074684752805831,-0.0080485859467325,0.1542315877473793,0.9785657593246844,0.1571773522081509,0.1458486220316294,0.1692272023823804,2.623791478774746e-07,0.0212718205536382,0.2816718675138892,0.0769232842264537,0.2990193804418401,1.17873000883941
6,98,0.1403508782386779,0.35,0.1224999999999999,oracle_clean_axis,0.1484785606341146,0.1635894710079982,0.1412815556044885,0.9785657593246844,0.1606918791743579,0.1458486220316294,0.1766622875755946,2.6643056075754524e-07,0.0212718205536382,0.4837134444053282,-0.014250321805409,0.1232369566540191,0.8534243143673861
6,98,0.1403508782386779,0.7,0.4899999999999999,predicted_clean_axis,-0.0008480940380952,-0.0021569926007979,0.168619987840982,0.9870840841526896,0.3709428252382832,0.1458486220316294,0.367539536008049,2.602261851060446e-07,0.0212718205536382,1.6116602844274095,0.4070295474000351,1.622632221209231,6.479556948055103
6,98,0.1403508782386779,0.7,0.4899999999999999,oracle_clean_axis,0.0539530051027913,0.1389490167359895,0.1575929351768661,0.9870840841526896,0.3756143440941609,0.1458486220316294,0.3830587844313016,2.651276181530135e-07,0.0212718205536382,2.015979532785619,0.235610908854363,1.3002889345401747,5.916846336406143
6,98,0.1403508782386779,1.0,1.0,predicted_clean_axis,0.0004738386893193,0.0014933866738567,0.1733938016691569,0.9893726352274156,0.4596678014099553,0.1458486220316294,0.4512471438441287,2.6145927624985945e-07,0.0212718205536382,2.487974232519412,0.6184635533973876,2.4785608865661706,9.923656892217926
6,98,0.1403508782386779,1.0,1.0,oracle_clean_axis,0.0411488994199256,0.1310739646915266,0.1628163015278242,0.9893726352274156,0.4645800350427975,0.1458486220316294,0.4694969844585572,2.657949352952548e-07,0.0212718205536382,2.954143426426089,0.4253977570433264,2.119108494257566,9.31146890919879
10,30,0.9491525292396544,0.35,0.1224999999999999,predicted_clean_axis,0.7443066568637835,0.0430545170050308,0.4139609849567913,0.6964671882903085,0.0296101589841687,0.5118867885601062,0.0036829863877714,4.54059071093392e-08,0.2620280843224865,0.0033270090603283,-0.0010361184066488,-0.0016539793976208,-0.0016349291325347
10,30,0.9491525292396544,0.35,0.1224999999999999,oracle_clean_axis,2.2358044446748937,0.2609244010230239,0.2571934563259654,0.6964671882903085,0.0597385670355737,0.5118867885601062,0.0091308861905487,4.47937707591747e-08,0.2620280843224865,0.0338554600804673,-0.0143740702860525,-0.0270457007359845,-0.0472816421274868
10,30,0.9491525292396544,0.7,0.4899999999999999,predicted_clean_axis,0.0953252612416843,0.0168439525101921,0.4780994141170963,0.7258436976937918,0.0904502819587432,0.5118867885601062,0.0089206438986678,4.5471322284268883e-08,0.2620280843224865,0.0107820255661577,0.0004632643888489,0.0048293802256494,0.0252701662431049
10,30,0.9491525292396544,0.7,0.4899999999999999,oracle_clean_axis,0.9298461686735952,0.2431971295987427,0.3366188083158455,0.7258436976937918,0.1338817127513873,0.5118867885601062,0.01986535088819,4.5016000113701406e-08,0.2620280843224865,0.0807086464771942,-0.0275281840179738,-0.0465056085555318,-0.0588081791894016
10,30,0.9491525292396544,1.0,1.0,predicted_clean_axis,0.0656809214121854,0.0185850866332848,0.5111709909951359,0.7892972328308704,0.1448435878680978,0.5118867885601062,0.0120094016896166,4.561602459101767e-08,0.2620280843224865,0.0252754584604054,0.0023747347491474,0.0147577788178611,0.0695487949139887
10,30,0.9491525292396544,1.0,1.0,oracle_clean_axis,0.5989111379159286,0.2144809300121063,0.3986932910844134,0.7892972328308704,0.1833159337348868,0.5118867885601062,0.024483521208286,4.506794925734749e-08,0.2620280843224865,0.1088716538787649,-0.030389216882308,-0.0447473603932329,-0.0253704273009348
10,50,0.8888888955116272,0.35,0.1224999999999999,predicted_clean_axis,0.1750953169123625,0.0206255353713061,0.3834107622597172,0.7102273948545209,0.0502095541163195,0.4262414347923262,0.0133298743471436,4.6900700200644266e-08,0.1816817606632124,0.0058985833327125,-0.000347558990333,0.0010393704700161,0.0090166947427612
10,50,0.8888888955116272,0.35,0.1224999999999999,oracle_clean_axis,1.4653075576260357,0.2873079754909713,0.2998821453440116,0.7102273948545209,0.0835746482458285,0.4262414347923262,0.0211855885108446,4.758032445356685e-08,0.1816817606632124,0.0659446831332048,-0.0257639385973974,-0.0467222752153245,-0.0742221425127684
10,50,0.8888888955116272,0.7,0.4899999999999999,predicted_clean_axis,-0.0385777832379253,-0.0158728399745122,0.4025055043134462,0.7818478202919719,0.1753771605599637,0.4262414347923262,0.0302164918333317,4.722789600111289e-08,0.1816817606632124,0.0357919500626232,0.0138461509398772,0.0488537191938808,0.1823531076442661
10,50,0.8888888955116272,0.7,0.4899999999999999,oracle_clean_axis,0.4158219411930162,0.2117151107985468,0.3739884634354721,0.7818478202919719,0.2170201801643278,0.4262414347923262,0.0460918187835144,4.735123948147294e-08,0.1816817606632124,0.1726024722395481,-0.0376952026632874,-0.0429863830222503,0.0436433231727967
10,50,0.8888888955116272,1.0,1.0,predicted_clean_axis,-0.0046882825825743,-0.0029154597030303,0.4130575027369333,0.862287378811333,0.2650628892374692,0.4262414347923262,0.0386808875167517,4.6737966591127486e-08,0.1816817606632124,0.0948647394320413,0.0250759426839587,0.0984907603012375,0.3903370203357541
10,50,0.8888888955116272,1.0,1.0,oracle_clean_axis,0.247297417745531,0.1715168963633335,0.3803120505499465,0.862287378811333,0.2956262490062137,0.4262414347923262,0.0568069512409544,4.7276655483456846e-08,0.1816817606632124,0.2392163502776023,-0.0294145323002978,0.001300030625073,0.2431164421528216
10,70,0.774193525314331,0.35,0.1224999999999999,predicted_clean_axis,0.0130921555966652,0.0030140354146664,0.2640490789757939,0.8461040151889773,0.0782219137104661,0.3397748614309783,0.0380744842330705,4.8709537543362006e-08,0.1154469564810861,0.0139438365993202,0.0029655477416112,0.01255607284407,0.0516120551315305
10,70,0.774193525314331,0.35,0.1224999999999999,oracle_clean_axis,0.7912381599576047,0.2190464350732021,0.2385175335401076,0.8461040151889773,0.0940632996365277,0.3397748614309783,0.0479899111894644,4.6235787042162136e-08,0.1154469564810861,0.0798009398823832,-0.0255303893947837,-0.0414807250919624,-0.0446412353935039
10,70,0.774193525314331,0.7,0.4899999999999999,predicted_clean_axis,-0.0237442415675999,-0.0178665898219477,0.3460897447885356,0.8749507295790284,0.2556669609224339,0.3397748614309783,0.0839262522645188,4.868851176322452e-08,0.1154469564810861,0.1281050857174749,0.04210919079536,0.1549928706934516,0.5930836977978305
10,70,0.774193525314331,0.7,0.4899999999999999,oracle_clean_axis,0.1987559813406638,0.1537091413485826,0.3293165244499275,0.8749507295790284,0.262766945930921,0.3397748614309783,0.1044078757219103,4.636179791378331e-08,0.1154469564810861,0.2683917913287975,-0.022055973392213,0.0306480013970312,0.3603357955198914
10,70,0.774193525314331,1.0,1.0,predicted_clean_axis,-0.0084170333521013,-0.008672429688526,0.372807428495952,0.9152914195573394,0.3500845811610311,0.3397748614309783,0.1050056684052889,4.900631704992866e-08,0.1154469564810861,0.2564659944734264,0.0708181801974884,0.2743371453511113,1.079477430526761
10,70,0.774193525314331,1.0,1.0,oracle_clean_axis,0.1223056709886944,0.1277482265146531,0.3584200464647076,0.9152914195573394,0.3548947126587595,0.3397748614309783,0.1286799539612568,4.6506145887973977e-08,0.1154469564810861,0.4061778361652256,0.0014697287716538,0.1393118887794856,0.8241135025036828
10,85,0.5853658318519592,0.35,0.1224999999999999,predicted_clean_axis,-0.0524336565024415,-0.0150065122846634,0.1891119554214113,0.9163777179324982,0.0788018497639047,0.2753384026813688,0.0869213917452374,5.2015610237635195e-08,0.0758112359861506,0.0161827456686612,0.0072668342443356,0.0247724732077822,0.090500165292008
10,85,0.5853658318519592,0.35,0.1224999999999999,oracle_clean_axis,0.601311569648944,0.1838611883779247,0.1745650080046278,0.9163777179324982,0.0841893761542476,0.2753384026813688,0.1004869968695672,5.12957514304951e-08,0.0758112359861506,0.0795920225889448,-0.0222659967003882,-0.0328453170047209,-0.0189439284252179
10,85,0.5853658318519592,0.7,0.4899999999999999,predicted_clean_axis,-0.0180489326115647,-0.017520692412977,0.2606943949106711,0.9401384543380784,0.2672800417997928,0.2753384026813688,0.1904197982528976,5.2022080897972126e-08,0.0758112359861506,0.2185726708735045,0.0673991019572581,0.2525884955105231,0.976338157405074
10,85,0.5853658318519592,0.7,0.4899999999999999,oracle_clean_axis,0.1354326382154843,0.1339116308214646,0.2516621778968881,0.9401384543380784,0.2722461514201212,0.2753384026813688,0.2186216565836971,5.188307925883332e-08,0.0758112359861506,0.3768238727513963,-0.0050998108734319,0.1120084619213137,0.7128492585153379
10,85,0.5853658318519592,1.0,1.0,predicted_clean_axis,-0.0125672870990287,-0.0170601719597042,0.2921348664777861,0.9484939272434796,0.3737736282970294,0.2753384026813688,0.2367848571999336,5.246916077442664e-08,0.0758112359861506,0.4375465765844539,0.126756112939557,0.4838651600336366,1.8891420566853632
10,85,0.5853658318519592,1.0,1.0,oracle_clean_axis,0.0866162844791006,0.1180082380767847,0.2826482284787549,0.9484939272434796,0.3751280717097086,0.2753384026813688,0.2694454273134341,5.233801739519076e-08,0.0758112359861506,0.624828274754699,0.0356239906969758,0.3032734001101685,1.5346484750852043
10,95,0.2962962985038757,0.35,0.1224999999999999,predicted_clean_axis,-0.0114613769893473,-0.0062427241655309,0.190539783957898,0.9699945334188776,0.1095110619275182,0.2010576684110637,0.1520868473723169,1.0035480509512248e-07,0.0404241860267155,0.0707674268746564,0.0202420480030214,0.0775679369662757,0.3034712377734839
10,95,0.2962962985038757,0.35,0.1224999999999999,oracle_clean_axis,0.3034570175848308,0.1693497154337214,0.1772797275761548,0.9699945334188776,0.1122038936590511,0.2010576684110637,0.1650986735456863,1.0277557939988137e-07,0.0404241860267155,0.1723687255262403,-0.0277893383837268,-0.0166486605145245,0.1224227439826666
10,95,0.2962962985038757,0.7,0.4899999999999999,predicted_clean_axis,-0.0059480179426287,-0.0090709485205548,0.2264792381627161,0.9801361672053686,0.3066204200139862,0.2010576684110637,0.3323836810513478,1.001418107626334e-07,0.0404241860267155,0.5676010677138029,0.152275417249232,0.5952681352358863,2.3534054734214616
10,95,0.2962962985038757,0.7,0.4899999999999999,oracle_clean_axis,0.0877963777188584,0.1353056029660326,0.2181071125015181,0.9801361672053686,0.3098559389593157,0.2010576684110637,0.3591922003079481,1.0288894496303841e-07,0.0404241860267155,0.8022936477613457,0.0441808020960181,0.3852466881764972,1.958033712290837
10,95,0.2962962985038757,1.0,1.0,predicted_clean_axis,-0.0048205623546613,-0.0097454822569186,0.2352667294124793,0.9838493570101804,0.4064679172177474,0.2010576684110637,0.4119548226448542,9.983492451318197e-08,0.0404241860267155,1.0020636424663112,0.2652923646985608,1.0414675200182657,4.126466202521108
10,95,0.2962962985038757,1.0,1.0,oracle_clean_axis,0.0600102887046212,0.1219000350239126,0.2288500941231086,0.9838493570101804,0.4084122464694545,0.2010576684110637,0.4426949163412747,1.0343424600551322e-07,0.0404241860267155,1.2791819896852772,0.1340821115063272,0.7839462939119657,3.631020871421173
10,98,0.1403508782386779,0.35,0.1224999999999999,predicted_clean_axis,-0.0085186807631514,-0.0090196867466573,0.1619859490889631,0.9802914107512176,0.1412620421913178,0.1334155248600642,0.1718113565175564,2.459347088850622e-07,0.0177997022720421,0.2707208859164487,0.0748428401404144,0.289821202346588,1.1401844929562128
10,98,0.1403508782386779,0.35,0.1224999999999999,oracle_clean_axis,0.1423119604681784,0.1529309239732583,0.1480373421671501,0.9802914107512176,0.1433706585314669,0.1334155248600642,0.178132272324412,2.4727094231861324e-07,0.0177997022720421,0.4530429439012768,-0.0099959500599684,0.1243584478071756,0.8261182873228035
10,98,0.1403508782386779,0.7,0.4899999999999999,predicted_clean_axis,-0.0046777929746532,-0.0121744595672293,0.1793332618031273,0.9876263383108316,0.3472282595340676,0.1334155248600642,0.3746082234440917,2.425922720483355e-07,0.0177997022720421,1.6617062446229498,0.4391905669350034,1.7250769267009924,6.836937024725927
10,98,0.1403508782386779,0.7,0.4899999999999999,oracle_clean_axis,0.0473792175739071,0.1241315276433237,0.1676018547025597,0.9876263383108316,0.3495429802398465,0.1334155248600642,0.3875483764208631,2.442536744952712e-07,0.0177997022720421,2.041263386600109,0.2664013687661846,1.3908247789098618,6.213737723329695
10,98,0.1403508782386779,1.0,1.0,predicted_clean_axis,-0.0043085616099434,-0.014161842484067,0.1862601601206366,0.9895971168511508,0.4385244587513607,0.1334155248600642,0.4629964618055602,2.424708953391256e-07,0.0177997022720421,2.654391189571333,0.6985092946567507,2.747488515608446,10.89685673639667
10,98,0.1403508782386779,1.0,1.0,oracle_clean_axis,0.0342876885675423,0.1131859806403704,0.1749482670347645,0.9895971168511508,0.4404136774687952,0.1334155248600642,0.4776431555441545,2.474924756442221e-07,0.0177997022720421,3.0978965443227198,0.4942481989487843,2.350627378637665,10.149778680235713
14,30,0.9491525292396544,0.35,0.1224999999999999,predicted_clean_axis,3.463266314842112,0.097763162713371,0.2237447724798326,0.7812160417978439,0.0194033032352947,0.6873632626685934,0.0026806912448646,4.5636815040970194e-08,0.4724682550068474,0.0029589307833002,-0.0013300552834901,-0.0025605038282072,-0.0047225807013217
14,30,0.9491525292396544,0.35,0.1224999999999999,oracle_clean_axis,4.838618794162184,0.264479354742317,0.1925645696733864,0.7812160417978439,0.0375713400699178,0.6873632626685934,0.0112267442503616,4.4707442161510767e-08,0.4724682550068474,0.0152033976580974,-0.0070415002417531,-0.0137095347586427,-0.0259252066178311
14,30,0.9491525292396544,0.7,0.4899999999999999,predicted_clean_axis,1.1414872726452296,0.0913387455364666,0.2492174404374927,0.7945706555165737,0.0550009620295738,0.6873632626685934,0.0064658499981815,4.5176324669933893e-08,0.4724682550068474,0.0089093737189285,-0.0032541673832397,-0.0057079884489966,-0.0082145916280614
14,30,0.9491525292396544,0.7,0.4899999999999999,oracle_clean_axis,1.9042513145851332,0.2472567521202132,0.2259978717108198,0.7945706555165737,0.089250408573942,0.6873632626685934,0.0241855424275153,4.4929550578212485e-08,0.4724682550068474,0.0363198594268574,-0.0149987508883691,-0.0278900492266988,-0.0473502882532393
14,30,0.9491525292396544,1.0,1.0,predicted_clean_axis,0.7448469109735129,0.0881253094957609,0.2730306145633576,0.8097566121959509,0.0813242283297055,0.6873632626685934,0.0087469142160633,4.548644758204031e-08,0.4724682550068474,0.0139259080831991,-0.0043383213109863,-0.0069268874682306,-0.0068547543214931
14,30,0.9491525292396544,1.0,1.0,oracle_clean_axis,1.382785302161753,0.2397095487793903,0.2456502993014808,0.8097566121959509,0.1191562690782377,0.6873632626685934,0.0294596991620565,4.5279786176678967e-08,0.4724682550068474,0.0490670831714501,-0.0188989501435287,-0.0340415059922599,-0.0530574348053297
14,50,0.8888888955116272,0.35,0.1224999999999999,predicted_clean_axis,0.2320626076637279,0.0482272731036733,0.4074680692363028,0.8738250129203515,0.1168518255402831,0.5622739499878476,0.0135141314195073,4.6762657947894864e-08,0.3161519947408091,0.0208198944259976,-0.0023119737544821,0.00077470146338,0.0231439988161375
14,50,0.8888888955116272,0.35,0.1224999999999999,oracle_clean_axis,0.860099040284675,0.2131632465625131,0.3641326085003666,0.8738250129203515,0.1393515572314414,0.5622739499878476,0.0260141326189499,4.713699065011097e-08,0.3161519947408091,0.0681850955326674,-0.0225758227263247,-0.0374738287593105,-0.0442363907452644
14,50,0.8888888955116272,0.7,0.4899999999999999,predicted_clean_axis,0.0659164084618398,0.0315733255682377,0.4569612349843793,0.9076170856571496,0.2693238132320693,0.5622739499878476,0.0304291576067281,4.691542860940626e-08,0.3161519947408091,0.0724812654036721,0.006777826919933,0.0422346269210454,0.1991851461668081
14,50,0.8888888955116272,0.7,0.4899999999999999,oracle_clean_axis,0.3324889388727101,0.168069252385224,0.4293245089853342,0.9076170856571496,0.2842228758964013,0.5622739499878476,0.0560417070222027,4.691993860831821e-08,0.3161519947408091,0.1488366256808967,-0.0265086179824521,-0.021077439392907,0.0856043075021755
14,50,0.8888888955116272,1.0,1.0,predicted_clean_axis,0.055379666840965,0.0325715565908987,0.4625174704843312,0.927427904583159,0.3307014799169959,0.5622739499878476,0.038641448335485,4.655751692251396e-08,0.3161519947408091,0.1056370993316171,0.0120415516295455,0.067323170789327,0.3076066116995982
14,50,0.8888888955116272,1.0,1.0,oracle_clean_axis,0.2441640370888818,0.1506524063682933,0.4367183090212513,0.927427904583159,0.3469303858743082,0.5622739499878476,0.0682627578514331,4.7104474358675726e-08,0.3161519947408091,0.1881307939278501,-0.0226831813019782,0.0022217811706744,0.1947961374398735
14,70,0.774193525314331,0.35,0.1224999999999999,predicted_clean_axis,0.1729560653945814,0.0417520366083754,0.2696496055906638,0.8771033444544838,0.1054815639535672,0.4369529669701479,0.0439646273153706,4.893346056961184e-08,0.1909278954237525,0.0246478471801302,-0.0013973245301854,0.0044897503128822,0.0381170981187766
14,70,0.774193525314331,0.35,0.1224999999999999,oracle_clean_axis,0.7472211750793503,0.2283769445036096,0.2591515272856904,0.8771033444544838,0.1335481204448361,0.4369529669701479,0.0585281305629952,4.636022259409457e-08,0.1909278954237525,0.0931531760498389,-0.0290616967015831,-0.0464467991876087,-0.0461872215129875
14,70,0.774193525314331,0.7,0.4899999999999999,predicted_clean_axis,0.0229671902153816,0.0185147758714158,0.3406012363239568,0.9301060768507912,0.352245362795156,0.4369529669701479,0.0957054537474761,4.8727522843020993e-08,0.1909278954237525,0.177391020795328,0.0331536260282665,0.1475400096738197,0.6200110498167872
14,70,0.774193525314331,0.7,0.4899999999999999,oracle_clean_axis,0.179643676942598,0.1497527478067148,0.3356492298451444,0.9301060768507912,0.3642483196721971,0.4369529669701479,0.1260859389698912,4.650661027413563e-08,0.1909278954237525,0.298561740097797,-0.0189860949360692,0.0488909935364141,0.4452347207070391
14,70,0.774193525314331,1.0,1.0,predicted_clean_axis,0.0118199968296621,0.0125882920720307,0.3386508534971782,0.9430740963328788,0.4653547415644979,0.4369529669701479,0.1181271714062751,4.924772980782293e-08,0.1909278954237525,0.2969625710418112,0.0641857481018499,0.2701495186188701,1.107411126898422
14,70,0.774193525314331,1.0,1.0,oracle_clean_axis,0.1156161102012191,0.1232666609854557,0.3380916593180873,0.9430740963328788,0.4658670245206909,0.4369529669701479,0.1535815802936284,4.6682276740227575e-08,0.1909278954237525,0.4156041544719364,0.0053334405475316,0.152757226284063,0.8738758333241252
14,85,0.5853658318519592,0.35,0.1224999999999999,predicted_clean_axis,-0.0054413093194295,-0.0015551342651596,0.2235182050302822,0.9109713203564092,0.0994958432182517,0.3481292072825619,0.1004812277907666,5.250753344761765e-08,0.1211939449650543,0.0199761620588985,0.0053273852577155,0.0208650813735412,0.0825714061795217
14,85,0.5853658318519592,0.35,0.1224999999999999,oracle_clean_axis,0.6925603669060525,0.2169362892781935,0.2110087792107819,0.9109713203564092,0.1090473293391373,0.3481292072825619,0.1191764031498781,5.281373410937324e-08,0.1211939449650543,0.0924822356596307,-0.0278439734230334,-0.0434231839082123,-0.0377873160650065
14,85,0.5853658318519592,0.7,0.4899999999999999,predicted_clean_axis,8.211574008128523e-05,8.278162235052243e-05,0.2990185282724469,0.944510551541884,0.3509522113290893,0.3481292072825619,0.2176162013757331,5.290578550763903e-08,0.1211939449650543,0.2541544271168094,0.0634760170593033,0.2539875211970791,1.0161169907080474
14,85,0.5853658318519592,0.7,0.4899999999999999,oracle_clean_axis,0.1512523873407329,0.1562951360411567,0.2955222689578781,0.944510551541884,0.359735821488584,0.3481292072825619,0.2567392562209589,5.347819788552396e-08,0.1211939449650543,0.4284538786065061,-0.0140160377302911,0.1054418589213923,0.7447794553706827
14,85,0.5853658318519592,1.0,1.0,predicted_clean_axis,-0.0004382885405108,-0.0006131265743114,0.3048414308014357,0.95860001723331,0.4870017090342658,0.3481292072825619,0.2670397233471269,5.3478232881570655e-08,0.1211939449650543,0.4883801496135506,0.122738319394379,0.4900955682561941,1.958666854382133
14,85,0.5853658318519592,1.0,1.0,oracle_clean_axis,0.0948945173609793,0.1338445485594432,0.3025806324977577,0.95860001723331,0.4910209555294211,0.3481292072825619,0.3127265496950763,5.421262455490045e-08,0.1211939449650543,0.6861284421160109,0.0299457179470118,0.3085647285640354,1.6118226278081171
14,95,0.2962962985038757,0.35,0.1224999999999999,predicted_clean_axis,-0.0063466599959862,-0.0036117788488337,0.1969276916809165,0.9609209303947244,0.1378433514501241,0.2422199478364148,0.1702463996594304,1.093194757321827e-07,0.0586705031180119,0.0789085756506384,0.0212686964551619,0.0830193824306444,0.3279667229425718
14,95,0.2962962985038757,0.35,0.1224999999999999,oracle_clean_axis,0.3567163395112487,0.2102731294870853,0.1822145110425731,0.9609209303947244,0.1427810862982782,0.2422199478364148,0.1849727581698793,1.1280061283772485e-07,0.0586705031180119,0.2108177831741951,-0.0402576309841642,-0.0370810882330394,0.0995745184750773
14,95,0.2962962985038757,0.7,0.4899999999999999,predicted_clean_axis,-0.002920228643128,-0.0046421154310031,0.2374159133444104,0.9756766136709376,0.3850427808775171,0.2422199478364148,0.3680536770585178,1.0812860404597235e-07,0.0586705031180119,0.624360398114008,0.161624572591878,0.6391189929496772,2.5417173769630392
14,95,0.2962962985038757,0.7,0.4899999999999999,oracle_clean_axis,0.1039125484207619,0.1677885323548281,0.2289165376996859,0.9756766136709376,0.3911147418882352,0.2422199478364148,0.3984829807297063,1.1266503664729476e-07,0.0586705031180119,0.9227509909838512,0.0274905014510247,0.3808916675306835,2.065425993575901
14,95,0.2962962985038757,1.0,1.0,predicted_clean_axis,-0.0025291162512193,-0.0052877103339054,0.2392288647456204,0.9812966158741228,0.5064175759556899,0.2422199478364148,0.4501846417538151,1.0894985770236033e-07,0.0586705031180119,1.0817373793459886,0.2787257432430652,1.103847775096837,4.393280704636498
14,95,0.2962962985038757,1.0,1.0,oracle_clean_axis,0.0693065369888758,0.1457101294895265,0.2336472954556877,0.9812966158741228,0.5092434494289519,0.2422199478364148,0.4853804187899592,1.1413101680411225e-07,0.0586705031180119,1.4113635584389466,0.1230850531464664,0.7986813278702262,3.8074075420496247
14,98,0.1403508782386779,0.35,0.1224999999999999,predicted_clean_axis,-0.0041760252694157,-0.0049598476757161,0.1640693244116417,0.9790490324202938,0.1775044817725028,0.149452815848721,0.1905413459878352,2.709264811472944e-07,0.0223361441695315,0.3467645383396814,0.091109227299234,0.3585461189111846,1.4224028950732353
14,98,0.1403508782386779,0.35,0.1224999999999999,oracle_clean_axis,0.1367002424116486,0.1651703702820125,0.1488775480558416,0.9790490324202938,0.1805788819239079,0.149452815848721,0.1968084380130437,2.7159443971687773e-07,0.0223361441695315,0.5645470724043843,-0.00854064320552,0.1654073089200747,1.060768999164609
14,98,0.1403508782386779,0.7,0.4899999999999999,predicted_clean_axis,-0.0027267527167219,-0.0079166363462841,0.1882069845017796,0.987416254034516,0.4339093848689214,0.149452815848721,0.4112758489244389,2.6870052166653e-07,0.0223361441695315,2.084332569999111,0.5383215404306543,2.1303016311481144,8.475237463443454
14,98,0.1403508782386779,0.7,0.4899999999999999,oracle_clean_axis,0.0452619963660752,0.1323018176802242,0.1758751070497125,0.987416254034516,0.4368538902767834,0.149452815848721,0.4239803406448603,2.709087298769195e-07,0.0223361441695315,2.5227357565566724,0.3406430820859987,1.749293471081554,7.770616169801333
14,98,0.1403508782386779,1.0,1.0,predicted_clean_axis,-0.0026457947029711,-0.0095718803582523,0.1971944780773869,0.9901155430777236,0.5406861200914204,0.149452815848721,0.5020533237913586,2.72192120027454e-07,0.0223361441695315,3.237438567029359,0.8353312979160193,3.306696316785838,13.157527517386873
14,98,0.1403508782386779,1.0,1.0,oracle_clean_axis,0.0320465558756902,0.1163658780832688,0.1859843861664368,0.9901155430777236,0.5426857168587668,0.149452815848721,0.5164380041668848,2.7520930122714257e-07,0.0223361441695315,3.718856148625107,0.6128074958176071,2.8737720383886547,12.34017226379107
18,30,0.9491525292396544,0.35,0.1224999999999999,predicted_clean_axis,-0.4204106239786134,-0.0143119785669927,0.3160353192782092,0.501316344692419,0.0210837364858809,0.619329240212267,0.0032309936414334,4.5142517270612194e-08,0.3835687077280441,-0.0001974916143113,0.0003160425726617,0.0007769496556609,0.0021333573526713
18,30,0.9491525292396544,0.35,0.1224999999999999,oracle_clean_axis,5.523639794564801,0.2961902496662021,0.186378780121322,0.501316344692419,0.0332098560200382,0.619329240212267,0.0098654881758305,4.489608930175148e-08,0.3835687077280441,0.0166012389920547,-0.0077614912473015,-0.0151635636621193,-0.0288894519943029
18,30,0.9491525292396544,0.7,0.4899999999999999,predicted_clean_axis,-0.7082570290258731,-0.0992957279767429,0.350889277922699,0.4114281831005964,0.0868282914872612,0.619329240212267,0.0079403785298234,4.538706736987854e-08,0.3835687077280441,-0.0090071724327428,0.0081889521221563,0.0188348148481693,0.0474972721117648
18,30,0.9491525292396544,0.7,0.4899999999999999,oracle_clean_axis,1.6575477410722024,0.2452766097177991,0.2957777922139598,0.4114281831005964,0.0916456115104731,0.619329240212267,0.0215857517948888,4.4991529482233045e-08,0.3835687077280441,0.0417691457693032,-0.0167789273673479,-0.0308207577231599,-0.0506931274001769
18,30,0.9491525292396544,1.0,1.0,predicted_clean_axis,-0.4364662741194312,-0.1022290470135263,0.3923924970481806,0.5285169103389553,0.1450591758601416,0.619329240212267,0.0107813787180087,4.5103219408812786e-08,0.3835687077280441,-0.0102293381450859,0.015400716303426,0.0376587974274407,0.1027470541372361
18,30,0.9491525292396544,1.0,1.0,oracle_clean_axis,0.9013583960509512,0.2038712941927015,0.3719913610056246,0.5285169103389553,0.1400812976132971,0.619329240212267,0.0266135392602776,4.486088806942647e-08,0.3835687077280441,0.0589016790696507,-0.0198586353486827,-0.0333224679066038,-0.041065724650161
18,50,0.8888888955116272,0.35,0.1224999999999999,predicted_clean_axis,-0.0951736995907189,-0.0103636444296063,0.2891862137056754,0.71286785584588,0.0574629898180642,0.5277067703042307,0.0117795929337803,4.7002025953359767e-08,0.2784744355199343,0.0018358442744513,0.0013053487300798,0.004092878038363,0.014114478389541
18,50,0.8888888955116272,0.35,0.1224999999999999,oracle_clean_axis,1.745681069616763,0.251734435313689,0.2801042496696176,0.71286785584588,0.0760975003658082,0.5277067703042307,0.0228882290242668,4.690286577189395e-08,0.2784744355199343,0.041499855856985,-0.0168508966194478,-0.0311024390328658,-0.0518074612416123
18,50,0.8888888955116272,0.7,0.4899999999999999,predicted_clean_axis,0.077788780336282,0.0272748129884969,0.343368614456893,0.8782988602964565,0.185028013173494,0.5277067703042307,0.0273063062387648,4.6236131990711695e-08,0.2784744355199343,0.0402980213460608,0.002902049827602,0.0211714733222924,0.1038124413129386
18,50,0.8888888955116272,0.7,0.4899999999999999,oracle_clean_axis,0.4600885518401751,0.1876097682226188,0.3214393122540538,0.8782988602964565,0.2151823697205901,0.5277067703042307,0.0500795930374463,4.723970202173775e-08,0.2784744355199343,0.1180702684055875,-0.0278584939538537,-0.0349325610750806,0.013272585180345
18,50,0.8888888955116272,1.0,1.0,predicted_clean_axis,0.0552005939815087,0.0279792778915204,0.3517323831426919,0.9193015075946268,0.2674763676732319,0.5277067703042307,0.0355305313966699,4.6744973434490143e-08,0.2784744355199343,0.0784098956336591,0.0089661754566282,0.0500464330955619,0.2285491949203449
18,50,0.8888888955116272,1.0,1.0,oracle_clean_axis,0.3158595879237315,0.1648624928343295,0.3496793605040592,0.9193015075946268,0.2754358485990158,0.5277067703042307,0.0617442109280606,4.7421733121841154e-08,0.2784744355199343,0.154157363707222,-0.0259979785981574,-0.0179421550260124,0.100330898629185
18,70,0.774193525314331,0.35,0.1224999999999999,predicted_clean_axis,0.0801276252379894,0.014600057108806,0.2377338509557414,0.8008957861173279,0.0775775994380927,0.4257592123313744,0.0363620839800024,4.875102642891653e-08,0.1812709069271804,0.0109604007480529,0.0007448925372507,0.0056398470153532,0.027879941794113
18,70,0.774193525314331,0.35,0.1224999999999999,oracle_clean_axis,1.045883560696338,0.2575175784330596,0.2171255782015744,0.8008957861173279,0.1048304854147865,0.4257592123313744,0.0518354807126141,4.6098672433351144e-08,0.1812709069271804,0.0785620968747237,-0.0279139830544766,-0.0482499225203625,-0.066187670686364
18,70,0.774193525314331,0.7,0.4899999999999999,predicted_clean_axis,0.0014362840293617,0.0008183790587411,0.300331958188661,0.8578519791594114,0.2425929804378469,0.4257592123313744,0.0818707523249369,4.841892354989084e-08,0.1812709069271804,0.0816312228560461,0.0200580780769609,0.080698615823911,0.3237270703277798
18,70,0.774193525314331,0.7,0.4899999999999999,oracle_clean_axis,0.3196073689868263,0.1982037616567118,0.2939544501389902,0.8578519791594114,0.2640335787988523,0.4257592123313744,0.1134163669611956,4.625831891769289e-08,0.1812709069271804,0.21906137847359,-0.0374213544622397,-0.0267698190747758,0.1387519212492629
18,70,0.774193525314331,1.0,1.0,predicted_clean_axis,-0.001099023687397,-0.0008500095276705,0.3324861750188075,0.8777105839122533,0.3292917078360071,0.4257592123313744,0.1036160463271881,4.8785585570041203e-08,0.1812709069271804,0.1488881321404018,0.0377150953415018,0.1502029649574726,0.5994970270128197
18,70,0.774193525314331,1.0,1.0,oracle_clean_axis,0.2158919042217443,0.1754589619523736,0.3220065689582377,0.8777105839122533,0.3460216338663391,0.4257592123313744,0.1398334859757621,4.6564338452387785e-08,0.1812709069271804,0.3077255532667817,-0.0300174367359611,0.0225286864596979,0.3753116126458756
18,85,0.5853658318519592,0.35,0.1224999999999999,predicted_clean_axis,-0.0001945997522627,-5.101319584390735e-05,0.2000235339779834,0.8954604689314637,0.0879228537897671,0.3353988175545286,0.0884978233214796,5.1347513891443697e-08,0.1124923667952791,0.0171665222282869,0.0043016601677907,0.0171932678568711,0.0687463257989002
18,85,0.5853658318519592,0.35,0.1224999999999999,oracle_clean_axis,0.7595762768859886,0.2254322671931131,0.1826139254071989,0.8954604689314637,0.0995419659039135,0.3353988175545286,0.1084781308405834,5.129113365997058e-08,0.1124923667952791,0.0889259492404229,-0.0279475157412632,-0.0448847255632279,-0.0457282274492611
18,85,0.5853658318519592,0.7,0.4899999999999999,predicted_clean_axis,-0.0053862683527984,-0.0043669623148036,0.2641634987199057,0.9252388203838916,0.2719274088765695,0.3353988175545286,0.1965939709455781,5.108937768413084e-08,0.1124923667952791,0.1607917446812606,0.0428533497036317,0.1678728474367717,0.6644102869915757
18,85,0.5853658318519592,0.7,0.4899999999999999,oracle_clean_axis,0.2050826790093828,0.1760906829391996,0.2518373390184996,0.9252388203838916,0.2879843735485573,0.3353988175545286,0.2373508521444654,5.160666553940469e-08,0.1124923667952791,0.3355097131043163,-0.0295204782380407,0.0331152957333299,0.4348556003043057
18,85,0.5853658318519592,1.0,1.0,predicted_clean_axis,-0.0057805101083703,-0.0065528942084226,0.289190148478948,0.935806402520249,0.380214363068467,0.3353988175545286,0.2457220840632172,5.15224795626796e-08,0.1124923667952791,0.3138443417788676,0.0840324478581291,0.3287013082146336,1.299948266422769
18,85,0.5853658318519592,1.0,1.0,oracle_clean_axis,0.13592286158421,0.1584649376198471,0.278829928626549,0.935806402520249,0.3910229087446102,0.3353988175545286,0.292634986866582,5.2174405184712926e-08,0.1124923667952791,0.5245439184110928,-0.0074231422608968,0.1550529267746394,0.9897026987350108
18,95,0.2962962985038757,0.35,0.1224999999999999,predicted_clean_axis,-0.0152468396575411,-0.0078764283006596,0.1720004537115097,0.9611738599669264,0.1201525875325101,0.2325860360327827,0.1610032298194096,9.878877860331757e-08,0.0540962641627836,0.0626484642815717,0.0187138036905178,0.0707862979352379,0.2750073580872859
18,95,0.2962962985038757,0.35,0.1224999999999999,oracle_clean_axis,0.3716771687507937,0.200192157001585,0.1582713675445203,0.9611738599669264,0.1252751154943028,0.2325860360327827,0.1780961350120393,1.030693719156666e-07,0.0540962641627836,0.1803546182594071,-0.0357817279202304,-0.0352997350341458,0.0744554131569695
18,95,0.2962962985038757,0.7,0.4899999999999999,predicted_clean_axis,-0.0064644384274115,-0.0091005886300655,0.2021648000275685,0.9738502937890195,0.327432902146075,0.2325860360327827,0.3550669956855311,9.723559438246037e-08,0.0540962641627836,0.4826582650952351,0.130273372266244,0.5082817477417293,2.0075035083204225
18,95,0.2962962985038757,0.7,0.4899999999999999,oracle_clean_axis,0.1142026018102842,0.1639466502331849,0.1933025973718024,0.9738502937890195,0.3338952081138637,0.2325860360327827,0.38967549510877,1.0232815048700064e-07,0.0540962641627836,0.7505785388500393,0.0111260810391174,0.279862395720993,1.5901657260130178
18,95,0.2962962985038757,1.0,1.0,predicted_clean_axis,-0.0056570087269694,-0.010522718542891,0.2088809412954037,0.9782501994737988,0.4326380800000665,0.2325860360327827,0.4408259382893481,9.714973032754157e-08,0.0540962641627836,0.8454386483949691,0.2260398062721287,0.8845856995239993,3.499195746966968
18,95,0.2962962985038757,1.0,1.0,oracle_clean_axis,0.0793516771883535,0.1488803172084749,0.202448908528964,0.9782501994737988,0.4363799739308436,0.2325860360327827,0.480439325895426,1.0324960094057625e-07,0.0540962641627836,1.1593704563648106,0.0803446899933892,0.6007093254373077,2.9614984326767337
18,98,0.1403508782386779,0.35,0.1224999999999999,predicted_clean_axis,-0.0175010895493517,-0.0183979374883205,0.1331982710921678,0.9765958637564608,0.1526306620056091,0.1451903445933949,0.1842962319405454,2.40429279372942e-07,0.0210802361614399,0.2569384061531817,0.07874016004908,0.2956198955152737,1.1437980926990032
18,98,0.1403508782386779,0.35,0.1224999999999999,oracle_clean_axis,0.1496986196388597,0.1611633695738242,0.1177611639310643,0.9765958637564608,0.1563098258401177,0.1451903445933949,0.1921506135455281,2.449085150900177e-07,0.0210802361614399,0.4632652609363375,-0.01431329993162,0.1162529538277926,0.8120241224197162
18,98,0.1403508782386779,0.7,0.4899999999999999,predicted_clean_axis,-0.006938069419717,-0.017922002695395,0.1462439801812702,0.9852943067865036,0.375046946021227,0.1451903445933949,0.4046761529286564,2.372676854546625e-07,0.0210802361614399,1.6218576657546877,0.440185694279364,1.7144477399965332,6.765200885744286
18,98,0.1403508782386779,0.7,0.4899999999999999,oracle_clean_axis,0.0509879681968202,0.1332191076591337,0.1330352695678115,0.9852943067865036,0.3793469093098794,0.1451903445933949,0.4204267854071307,2.417856443430473e-07,0.0210802361614399,2.054692158031627,0.2526212962980431,1.358554176138658,6.1303546864476
18,98,0.1403508782386779,1.0,1.0,predicted_clean_axis,-0.0055178844592733,-0.0179781801234505,0.1508281518781151,0.9877162065086336,0.4730541544593467,0.1451903445933949,0.5003786073292811,2.388084243831369e-07,0.0210802361614399,2.5953345290333183,0.6927655454278511,2.712486297485376,10.732793421489449
18,98,0.1403508782386779,1.0,1.0,oracle_clean_axis,0.0373037378754683,0.1225692555057985,0.1381115357723981,0.9877162065086336,0.47705333183637,0.1451903445933949,0.5183532551293071,2.439866483991913e-07,0.0210802361614399,3.101699150439944,0.4733795386638832,2.296245153250337,9.990434610190954
22,30,0.9491525292396544,0.35,0.1224999999999999,predicted_clean_axis,-1.0804568669285255,-0.0511792404905238,0.4364186556015462,0.5523019192037839,0.0314914363656477,0.6648230482632267,0.0028744309878694,4.5302023412126575e-08,0.4419896855639265,-0.001863330475045,0.0013523667536278,0.0029852011846592,0.0070922730789329
22,30,0.9491525292396544,0.35,0.1224999999999999,oracle_clean_axis,5.439842671993962,0.3018926586362362,0.2622091676285678,0.5523019192037839,0.0368954048241369,0.6648230482632267,0.0101619437669323,4.51047512688293e-08,0.4419896855639265,0.0175239773480048,-0.0081845129962894,-0.0159840422074369,-0.0304281492743061
22,30,0.9491525292396544,0.7,0.4899999999999999,predicted_clean_axis,-0.3430088747995913,-0.0580084046258645,0.5042085445199902,0.6954796685341269,0.1124324389880185,0.6648230482632267,0.0070666010780778,4.531407470963118e-08,0.4419896855639265,-0.0026600850501562,0.006692605449199,0.0169602528478119,0.0482206734932796
22,30,0.9491525292396544,0.7,0.4899999999999999,oracle_clean_axis,1.489341379451895,0.2315616762668916,0.3379842170557601,0.6954796685341269,0.1033661869606771,0.6648230482632267,0.0223705438491593,4.4882362210134694e-08,0.4419896855639265,0.042046484122618,-0.0164906552630063,-0.0299595859938107,-0.0478322738588139
22,30,0.9491525292396544,1.0,1.0,predicted_clean_axis,-0.1530567825686198,-0.0452018972547679,0.5114186517404964,0.8432492829937928,0.1963406169649696,0.6648230482632267,0.0096794428523157,4.5347164845256125e-08,0.4419896855639265,0.0084552333119413,0.0121258353288589,0.035153971980938,0.1139171492547554
22,30,0.9491525292396544,1.0,1.0,oracle_clean_axis,0.5797354668219398,0.1517440444984097,0.4034398354564947,0.8432492829937928,0.1740154673859356,0.6648230482632267,0.0275660204559909,4.4997472233702783e-08,0.4419896855639265,0.0568464337121612,-0.0155773078287113,-0.0225906763058429,-0.0109255952053674
22,50,0.8888888955116272,0.35,0.1224999999999999,predicted_clean_axis,0.1924951631292656,0.027089235350679,0.3965756104926702,0.8143501179043108,0.0752089642813658,0.5344322813364957,0.0125105849517778,4.707300270351243e-08,0.2856178633432582,0.0087631930149314,-0.0006683385361772,0.0011388282418375,0.0121796777404437
22,50,0.8888888955116272,0.35,0.1224999999999999,oracle_clean_axis,1.2638600072848918,0.2455937688299053,0.3912319261797269,0.8143501179043108,0.1038510890456619,0.5344322813364957,0.0235660195080148,4.7477993691132667e-08,0.2856178633432582,0.0571639802262882,-0.0215019125338787,-0.0382837733482468,-0.0576873398184515
22,50,0.8888888955116272,0.7,0.4899999999999999,predicted_clean_axis,0.0796621924879963,0.0329556875212195,0.4574473973430549,0.8772415769651409,0.2210908677617924,0.5344322813364957,0.0286839176917048,4.664011540552522e-08,0.2856178633432582,0.0564190001035701,0.0038795983213157,0.0291519288913657,0.1438747867776669
22,50,0.8888888955116272,0.7,0.4899999999999999,oracle_clean_axis,0.4422816521362125,0.2020740094122538,0.4367913805641518,0.8772415769651409,0.2441766990047857,0.5344322813364957,0.0518783299059196,4.7303096600169093e-08,0.2856178633432582,0.1445126589682809,-0.0331160121303601,-0.0401384793581996,0.0240972208936816
22,50,0.8888888955116272,1.0,1.0,predicted_clean_axis,0.0496976755133083,0.029268303838107,0.4492408137531686,0.8992018650901238,0.3147416097330465,0.5344322813364957,0.0368599350868054,4.697157661026188e-08,0.2856178633432582,0.1039456529664881,0.0130587420987613,0.0694718632521933,0.3123612427230683
22,50,0.8888888955116272,1.0,1.0,oracle_clean_axis,0.2802282663588938,0.1682132549220062,0.4406370742841712,0.8992018650901238,0.3208048736378021,0.5344322813364957,0.0639268813958404,4.70079921299998e-08,0.2856178633432582,0.1910554474506919,-0.0279664512012596,-0.0108920540531281,0.1583792852913077
22,70,0.774193525314331,0.35,0.1224999999999999,predicted_clean_axis,-0.0086065036988145,-0.0019815823716603,0.2461498172233168,0.857828428524952,0.0969479970764701,0.421069195691409,0.0396422958364261,4.862949249573594e-08,0.1772992675272938,0.012796650409677,0.0035413458682092,0.0137091391184505,0.0539240677650285
22,70,0.774193525314331,0.35,0.1224999999999999,oracle_clean_axis,0.7855323920695312,0.2171139517665085,0.2393192152066806,0.857828428524952,0.1163796655194011,0.421069195691409,0.0532663600279952,4.623321675644192e-08,0.1772992675272938,0.0791062789412235,-0.0252296596679639,-0.0409103328008294,-0.0436247194612645
22,70,0.774193525314331,0.7,0.4899999999999999,predicted_clean_axis,-0.023609506874609,-0.0169219012076875,0.3140868148524061,0.8887194493316639,0.3017975499841284,0.421069195691409,0.088993657152171,4.8488012724379494e-08,0.1772992675272938,0.1163007897124867,0.0381716625259181,0.1405580299732774,0.5379748796323189
22,70,0.774193525314331,0.7,0.4899999999999999,oracle_clean_axis,0.2108601786855581,0.1559546138958258,0.3146149748955428,0.8887194493316639,0.3114276211223625,0.421069195691409,0.1172607799376645,4.652998577044756e-08,0.1772992675272938,0.2521021208046698,-0.0234838397181708,0.0214104676864343,0.3163335238639726
22,70,0.774193525314331,1.0,1.0,predicted_clean_axis,-0.0181674401761951,-0.0179857070817841,0.3333189772627835,0.9092125930531052,0.416857143407104,0.421069195691409,0.1114874346245175,4.890766241750809e-08,0.1772992675272938,0.2272176089862375,0.0701587461639718,0.2628291927660043,1.0157051872842502
22,70,0.774193525314331,1.0,1.0,oracle_clean_axis,0.1258425090012874,0.1253186014188724,0.3326921671894536,0.9092125930531052,0.4193162002521504,0.421069195691409,0.1444941652245432,4.69831309193336e-08,0.1772992675272938,0.3727196078958851,-0.0004177542647341,0.123125857926004,0.7420971816738975
22,85,0.5853658318519592,0.35,0.1224999999999999,predicted_clean_axis,-0.063406397574948,-0.0181365521585867,0.1948231112130657,0.9128590605138772,0.0951017551178662,0.332481038421839,0.0932080576583375,5.1790279336264816e-08,0.1105436409500854,0.0152665199178185,0.0077074186445231,0.0256419563580011,0.092192388991822
22,85,0.5853658318519592,0.35,0.1224999999999999,oracle_clean_axis,0.6238650881495129,0.1917449457016624,0.1853499758563933,0.9128590605138772,0.1021880529460713,0.332481038421839,0.1106122441503192,5.203517692890699e-08,0.1105436409500854,0.0825488206866199,-0.023562404124838,-0.035316804104028,-0.0234015916254639
22,85,0.5853658318519592,0.7,0.4899999999999999,predicted_clean_axis,-0.0220664897235127,-0.0209146866875267,0.252780571938419,0.937251974824109,0.3151265486837636,0.332481038421839,0.2075316237772339,5.1893112215053046e-08,0.1105436409500854,0.2047596602394381,0.0660571682093731,0.2444056686381414,0.937976666153862
22,85,0.5853658318519592,0.7,0.4899999999999999,oracle_clean_axis,0.1440211307990798,0.1382685380425463,0.2479993251890634,0.937251974824109,0.3192008481976804,0.332481038421839,0.2435022402334533,5.2334814811161895e-08,0.1105436409500854,0.3631732243431506,-0.0087659834569528,0.0976817855625091,0.6562185810306777
22,85,0.5853658318519592,1.0,1.0,predicted_clean_axis,-0.0149513768821638,-0.0195720958641888,0.2705421632136474,0.9489867291018382,0.4352342134308856,0.332481038421839,0.2579842616073591,5.216051997242759e-08,0.1105436409500854,0.4027819517160022,0.1199111229885344,0.4540236452080929,1.764852887340281
22,85,0.5853658318519592,1.0,1.0,oracle_clean_axis,0.0929387314528439,0.1215981158902712,0.2682512495541578,0.9489867291018382,0.4350077433739212,0.332481038421839,0.3000547408195546,5.271777990329791e-08,0.1105436409500854,0.5870522376386835,0.0274416939301436,0.2688619296932773,1.3936380267185156
22,95,0.2962962985038757,0.35,0.1224999999999999,predicted_clean_axis,-0.020533895529275,-0.0111099607215273,0.165857483784914,0.9635183043375828,0.1257635330579654,0.2324414382672776,0.163870039377563,1.0225615597394349e-07,0.0540290222260179,0.0671739510805463,0.0213018101376957,0.0791961440607039,0.3047623832626581
22,95,0.2962962985038757,0.35,0.1224999999999999,oracle_clean_axis,0.3473855052191283,0.1927387645673441,0.1538069338289066,0.9635183043375828,0.1289647235500854,0.2324414382672776,0.1786988628319467,1.05347785241316e-07,0.0540290222260179,0.1838947944440091,-0.0342287655203207,-0.0299784432395189,0.0939594647254521
22,95,0.2962962985038757,0.7,0.4899999999999999,predicted_clean_axis,-0.0105566307727531,-0.0159657476046346,0.2016967291984137,0.977052889494076,0.3515422122948585,0.2324414382672776,0.3636283491266793,1.0103462095064873e-07,0.0540290222260179,0.5476847768480984,0.1550310274279913,0.5959776654240093,2.3356177731201258
22,95,0.2962962985038757,0.7,0.4899999999999999,oracle_clean_axis,0.0966878601383233,0.1467294013067108,0.1950764730685487,0.977052889494076,0.3527432815974601,0.2324414382672776,0.3933883966387131,1.0522155467628096e-07,0.0540290222260179,0.7984156258730855,0.0326011630047691,0.3530749766370792,1.8576405557843232
22,95,0.2962962985038757,1.0,1.0,predicted_clean_axis,-0.0085883782613747,-0.0172144961322766,0.2093214677725694,0.9822414864631004,0.4659042857984643,0.2324414382672776,0.4507264094574768,1.0126689870303552e-07,0.0540290222260179,0.9698944549362148,0.2683520917523854,1.0389037296517654,4.08660564389151
22,95,0.2962962985038757,1.0,1.0,oracle_clean_axis,0.0627853855488757,0.1255360195976373,0.2054439823470344,0.9822414864631004,0.4647542209788415,0.2324414382672776,0.4847514063605425,1.0611611179553113e-07,0.0540290222260179,1.2504491352739626,0.1243603672918734,0.7484440245363171,3.4957812088829137
22,98,0.1403508782386779,0.35,0.1224999999999999,predicted_clean_axis,-0.0145312960483501,-0.015873337731277,0.1477079064395425,0.9776267915091148,0.1580581703257712,0.1446948401619848,0.1854066239569398,2.498637962540212e-07,0.0209365967709016,0.2809706815979942,0.0832471634622597,0.3156493297653573,1.2279186708940664
22,98,0.1403508782386779,0.35,0.1224999999999999,oracle_clean_axis,0.1441332709449168,0.1601631490562194,0.1334851974144815,0.9776267915091148,0.1607871735692898,0.1446948401619848,0.1920410952522311,2.518771804550051e-07,0.0209365967709016,0.4866758662941988,-0.0118128839656505,0.1307242648563318,0.8788486608631941
22,98,0.1403508782386779,0.7,0.4899999999999999,predicted_clean_axis,-0.0074307031562247,-0.0201798771202271,0.1687126147007861,0.9862230248493392,0.3929539416406012,0.1446948401619848,0.4098134297853141,2.462330782788457e-07,0.0209365967709016,1.7890111170897256,0.488355293381172,1.8986178213797005,7.484864581228827
22,98,0.1403508782386779,0.7,0.4899999999999999,oracle_clean_axis,0.0462670855923598,0.1263713499827724,0.1567967550057574,0.9862230248493392,0.3952114565398726,0.1446948401619848,0.4227600409322587,2.494379775281527e-07,0.0209365967709016,2.210224392918981,0.2936833291113863,1.5198970086033574,6.769915418729053
22,98,0.1403508782386779,1.0,1.0,predicted_clean_axis,-0.0064659758159037,-0.0222024138163288,0.1773427779915691,0.9890608506036848,0.4968429839255353,0.1446948401619848,0.5064808068857024,2.491462053589089e-07,0.0209365967709016,2.871387986946724,0.7750248142788032,3.02386216705905,11.942974488123877
22,98,0.1403508782386779,1.0,1.0,oracle_clean_axis,0.0320082915604439,0.1102490714584769,0.1663470134429913,0.9890608506036848,0.4983856055724561,0.1446948401619848,0.5209445069927647,2.521135106786077e-07,0.0209365967709016,3.345698254003478,0.5516188813361914,2.586216434897669,11.104347558696483
26,30,0.9491525292396544,0.35,0.1224999999999999,predicted_clean_axis,1.816081010298476,0.0522912039690493,0.4780173512597715,0.7191316595171432,0.0155339152591525,0.5394951038884163,0.0031740416669022,4.5197474189668415e-08,0.2910549671483185,0.0017129086130919,-0.0007010052394573,-0.0012983777675223,-0.0021822246894746
26,30,0.9491525292396544,0.35,0.1224999999999999,oracle_clean_axis,5.588784576937368,0.3189050432609625,0.403775595328711,0.7191316595171432,0.030784458959929,0.5394951038884163,0.0088230038294552,4.5068953301397126e-08,0.2910549671483185,0.0190112418723718,-0.0088951158209016,-0.0173832282316139,-0.0331384428224703
26,30,0.9491525292396544,0.7,0.4899999999999999,predicted_clean_axis,0.3547318793669481,0.045033569455174,0.5056236230935349,0.863577060029942,0.0684894469452328,0.5394951038884163,0.0075472297662341,4.5378069793456985e-08,0.2910549671483185,0.0097461965717967,-0.0018512436070234,-0.0016879174281297,0.004682444287407
26,30,0.9491525292396544,0.7,0.4899999999999999,oracle_clean_axis,1.0949974689862725,0.2176343349081093,0.4629728594980266,0.863577060029942,0.1072264196460976,0.5394951038884163,0.019355597831161,4.490366828102879e-08,0.2910549671483185,0.0531312534214392,-0.0191588395262593,-0.0333798209295451,-0.0470082093671957
26,30,0.9491525292396544,1.0,1.0,predicted_clean_axis,0.1492025684963409,0.0370895913776181,0.4795373007956157,0.8978910397047623,0.1341106467207884,0.5394951038884163,0.0100013463732412,4.543109399222016e-08,0.2910549671483185,0.0246686182848598,-0.0007477956866854,0.0062287509304587,0.0433548710762363
26,30,0.9491525292396544,1.0,1.0,oracle_clean_axis,0.6418106719952191,0.184720685155394,0.4664552211347445,0.8978910397047623,0.1552730572685009,0.5394951038884163,0.0238446006040504,4.495672811042138e-08,0.2910549671483185,0.0738737011380868,-0.0214051694640137,-0.0324558848580074,-0.0234939534359354
26,50,0.8888888955116272,0.35,0.1224999999999999,predicted_clean_axis,-0.1129121763375582,-0.0116466995189858,0.3685813784212501,0.6831357252112013,0.0474484389389775,0.4600021229779462,0.0119976972519471,4.7022592989031767e-08,0.2116019531704359,0.0014585558594285,0.0012656419457999,0.0038612304752761,0.013042247285257
26,50,0.8888888955116272,0.35,0.1224999999999999,oracle_clean_axis,2.06234664544145,0.3101816566565122,0.266844265551552,0.6831357252112013,0.0691853723457193,0.4600021229779462,0.0204836850800654,4.713952104462935e-08,0.2116019531704359,0.0523072434021589,-0.0219122125881514,-0.0409968191010174,-0.0706832139008932
26,50,0.8888888955116272,0.7,0.4899999999999999,predicted_clean_axis,-0.0430036268158051,-0.0131957751978329,0.4546942786488924,0.7584351658264026,0.1411528527894293,0.4600021229779462,0.0269017924847165,4.7073069711089585e-08,0.2116019531704359,0.0194904732339662,0.0079094868674331,0.0275887893911435,0.1022568414073971
26,50,0.8888888955116272,0.7,0.4899999999999999,oracle_clean_axis,0.7119875668267456,0.2611061297198999,0.3582404077158526,0.7584351658264026,0.1686958868242938,0.4600021229779462,0.044936392771901,4.694140879296457e-08,0.2116019531704359,0.1293775058288469,-0.0394719173018703,-0.0621326108620387,-0.0570203267572689
26,50,0.8888888955116272,1.0,1.0,predicted_clean_axis,-0.0297723987639022,-0.0137622391010146,0.4806794128848213,0.81231714541123,0.2126351743975857,0.4600021229779462,0.0340823992074848,4.7176782470242546e-08,0.2116019531704359,0.047056789316022,0.0165353754717542,0.0597799310300186,0.2263965824060784
26,50,0.8888888955116272,1.0,1.0,oracle_clean_axis,0.4207362389517422,0.215816016414846,0.3987492259332675,0.81231714541123,0.2359573921438681,0.4600021229779462,0.0553581635761409,4.7599558317140895e-08,0.2116019531704359,0.1764815358351779,-0.0389064900968309,-0.0449234616464894,0.0417111508957096
26,70,0.774193525314331,0.35,0.1224999999999999,predicted_clean_axis,0.0123818714043698,0.0024123887930231,0.2492300613257554,0.8245505212283952,0.0705039192278086,0.3618697217909146,0.035483649816587,4.8305644016956086e-08,0.130949695570553,0.0099599200449023,0.002137471510355,0.0090198973759145,0.0370196121726462
26,70,0.774193525314331,0.35,0.1224999999999999,oracle_clean_axis,1.0435887139109048,0.2536065448911077,0.225057658759967,0.8245505212283952,0.0879393659789379,0.3618697217909146,0.0465590634766091,4.6042621032768594e-08,0.130949695570553,0.076393847822437,-0.0271239713523898,-0.0468659743322272,-0.0642040751742444
26,70,0.774193525314331,0.7,0.4899999999999999,predicted_clean_axis,-0.0032259261472346,-0.0020773729909974,0.3071439435489036,0.8743626941434028,0.2330302530182283,0.3618697217909146,0.0785510575303536,4.8832176976309776e-08,0.130949695570553,0.1023339295810759,0.0265867938930047,0.1050094269083711,0.41736221030619
26,70,0.774193525314331,0.7,0.4899999999999999,oracle_clean_axis,0.2722343774632576,0.1908653234169337,0.2896686789133133,0.8743626941434028,0.2537092564429731,0.3618697217909146,0.1021396465366278,4.616876297843308e-08,0.130949695570553,0.2567045633588893,-0.0361865651168881,-0.0109293191920717,0.2239166057826744
26,70,0.774193525314331,1.0,1.0,predicted_clean_axis,-0.0130898337224058,-0.011977766263848,0.3270409028425795,0.8821553788352736,0.3311265091286947,0.3618697217909146,0.0978636002082471,4.88178159717303e-08,0.130949695570553,0.1983659405282189,0.0578116172901449,0.2202862929497929,0.8592248193775979
26,70,0.774193525314331,1.0,1.0,oracle_clean_axis,0.1816652895683342,0.1675206709580112,0.317647063146235,0.8821553788352736,0.333694228203127,0.3618697217909146,0.1258281517175238,4.66488779137318e-08,0.130949695570553,0.3670625057243032,-0.0240923971851929,0.0581077760809205,0.5413858339670652
26,85,0.5853658318519592,0.35,0.1224999999999999,predicted_clean_axis,-0.0944627385366718,-0.0275516832957589,0.1850610142498283,0.9203341372268048,0.0842605348636185,0.2888927252952031,0.0841697628394885,5.066394110746876e-08,0.0834590067290724,0.0132315176391887,0.009334821322442,0.0293033627395749,0.1011416058579137
26,85,0.5853658318519592,0.35,0.1224999999999999,oracle_clean_axis,0.5509181253857663,0.1697942277577089,0.1747447705432138,0.9203341372268048,0.0890373994538141,0.2888927252952031,0.0989951311835307,5.04334902390388e-08,0.0834590067290724,0.0760781326844754,-0.0202286941932352,-0.0285838069538019,-0.0096732881769303
26,85,0.5853658318519592,0.7,0.4899999999999999,predicted_clean_axis,-0.0270013260460602,-0.0246634111567693,0.2455607328994452,0.9374869160197788,0.2638788943921085,0.2888927252952031,0.1857813999657817,5.087003676916032e-08,0.0834590067290724,0.1860537297200671,0.0634093761940107,0.2311095797573845,0.8793824689922204
26,85,0.5853658318519592,0.7,0.4899999999999999,oracle_clean_axis,0.1452081600419304,0.1349111914656116,0.2392616154650072,0.9374869160197788,0.2684068289555427,0.2888927252952031,0.2171720603615124,5.0635733774634945e-08,0.0834590067290724,0.3411456310792324,-0.0087218916846362,0.0904568325340473,0.6125161286813747
26,85,0.5853658318519592,1.0,1.0,predicted_clean_axis,-0.0153527700027569,-0.0195864767463365,0.267755168145521,0.9464299841708212,0.3685582891663324,0.2888927252952031,0.2304037378191363,5.12116540140638e-08,0.0834590067290724,0.3819043337113359,0.1142168417919701,0.4318796893490322,1.677543401758433
26,85,0.5853658318519592,1.0,1.0,oracle_clean_axis,0.0955532634901154,0.1223969064433436,0.2638489374940412,0.9464299841708212,0.3700509493720992,0.2888927252952031,0.2675391963236657,5.1241910491811504e-08,0.0834590067290724,0.5669762049886994,0.0241577792191508,0.253412812913969,1.3272146437306065
26,95,0.2962962985038757,0.35,0.1224999999999999,predicted_clean_axis,-0.0250658884277247,-0.0134850388974212,0.1560210718710362,0.9697838619009196,0.1118783887603205,0.2079587038251764,0.1541583670077963,9.466523282062925e-08,0.0432468224919115,0.0651018791345271,0.0217165179173864,0.0796113408245395,0.3039359016081456
26,95,0.2962962985038757,0.35,0.1224999999999999,oracle_clean_axis,0.2984363870587185,0.1634966800453418,0.1465641111395297,0.9697838619009196,0.1139289950432858,0.2079587038251764,0.1686888386187548,9.758644844307345e-08,0.0432468224919115,0.164604078005623,-0.0260270263385836,-0.0145373775676817,0.1209919453025781
26,95,0.2962962985038757,0.7,0.4899999999999999,predicted_clean_axis,-0.0074133828403958,-0.0107662287284786,0.1803407246917049,0.98023588511635,0.3020120530211624,0.2079587038251764,0.3396120588383555,9.374935031236881e-08,0.0432468224919115,0.5116361070756715,0.1396356248239527,0.5429070352224314,2.1403572127429653
26,95,0.2962962985038757,0.7,0.4899999999999999,oracle_clean_axis,0.0898208457881617,0.1314090011636371,0.1746393082509945,0.98023588511635,0.3042461392247639,0.2079587038251764,0.3700636803585211,9.762812255408477e-08,0.0432468224919115,0.727354222768285,0.0376488180402975,0.3428482556968884,1.7558989898589514
26,95,0.2962962985038757,1.0,1.0,predicted_clean_axis,-0.003758682123674,-0.0071052365763474,0.1834893878236606,0.9835179555581416,0.3931153899612319,0.2079587038251764,0.4201172023618376,9.39654355514873e-08,0.0432468224919115,0.8799273476605581,0.230055391674222,0.906790160351445,3.600297828714893
26,95,0.2962962985038757,1.0,1.0,oracle_clean_axis,0.0642960655886479,0.1222705021877502,0.1789549233524049,0.9835179555581416,0.395470779093944,0.2079587038251764,0.4558898576452068,9.822382601849389e-08,0.0432468224919115,1.1366154096560106,0.1097643827792196,0.6715768239632561,3.1513458815457787
26,98,0.1403508782386779,0.35,0.1224999999999999,predicted_clean_axis,-0.0031660376381381,-0.003177244102803,0.1055503765030971,0.97877071398167,0.135877510652786,0.1353982567860356,0.1759460161261389,2.2483371625496802e-07,0.0183326879371777,0.2485844353293275,0.0645374765044248,0.2549614157882423,1.0134686826940549
26,98,0.1403508782386779,0.35,0.1224999999999999,oracle_clean_axis,0.1628912435547702,0.1669402273093568,0.0933185161119661,0.97877071398167,0.1387638480244723,0.1353982567860356,0.1838911180923504,2.282349286321577e-07,0.0183326879371777,0.4336728120115529,-0.019899189428381,0.0914930988615021,0.7081521085960597
26,98,0.1403508782386779,0.7,0.4899999999999999,predicted_clean_axis,0.0008150504987762,0.0019948834793358,0.1084821251109029,0.9869140561715212,0.3313951049645224,0.1353982567860356,0.3866695157572701,2.22784133418642e-07,0.0183326879371777,1.5025178005824056,0.3719675051613081,1.492752613957624,5.980775642455276
26,98,0.1403508782386779,0.7,0.4899999999999999,oracle_clean_axis,0.0574812053787017,0.1425961036670144,0.0977908823029366,0.9869140561715212,0.3358882913779049,0.1353982567860356,0.4034139097902557,2.296415405832441e-07,0.0183326879371777,1.8922658837159636,0.207758245614586,1.1847772828775502,5.446597732348615
26,98,0.1403508782386779,1.0,1.0,predicted_clean_axis,0.0018268004350094,0.00561855152537,0.1073600115468302,0.9891393969932434,0.4164341477144965,0.1353982567860356,0.4772481325278988,2.242792125279412e-07,0.0183326879371777,2.38214652300429,0.5825762161784172,2.3475854174772093,9.42490277543592
26,98,0.1403508782386779,1.0,1.0,oracle_clean_axis,0.043466795065191,0.1352638648631463,0.0968819986997225,0.9891393969932434,0.4213444189097455,0.1353982567860356,0.4969747630929396,2.3101293946107042e-07,0.0183326879371777,2.841890332570549,0.3947779285230874,2.0000379202517493,8.842004093325798
30,30,0.9491525292396544,0.35,0.1224999999999999,predicted_clean_axis,-3.622691304404953,-0.0627646582879933,0.3009527403666031,0.5569978912851359,0.0122742772462737,0.7084547046189781,0.00209906862089,4.5494222048614445e-08,0.5019080686529309,-0.0010123816686708,0.0005624727604965,0.001162466805101,0.0024750187466321
30,30,0.9491525292396544,0.35,0.1224999999999999,oracle_clean_axis,8.471680289206684,0.2444940883721776,0.1228043387546479,0.5569978912851359,0.02044611945277,0.7084547046189781,0.0106801796903092,4.502610554400608e-08,0.5019080686529309,0.0072643669328554,-0.0034760130090823,-0.0068479123799339,-0.0132793702069465
30,30,0.9491525292396544,0.7,0.4899999999999999,predicted_clean_axis,-1.066958743229165,-0.0616710376162435,0.3013311897794538,0.6385147176095067,0.0409492279014743,0.7084547046189781,0.005057206110345,4.547528633033707e-08,0.5019080686529309,-0.0027294012278008,0.0019911248177744,0.0043998657714643,0.0104701960865926
30,30,0.9491525292396544,0.7,0.4899999999999999,oracle_clean_axis,3.2038170602161524,0.2239972005228618,0.1502676061216977,0.6385147176095067,0.0495321260700183,0.7084547046189781,0.023121447187057,4.496162301534167e-08,0.5019080686529309,0.0168829794671714,-0.0075249505555543,-0.0144388749924208,-0.0264336455100911
30,30,0.9491525292396544,1.0,1.0,predicted_clean_axis,-0.510071867929083,-0.0541668642051369,0.2909937290583167,0.7442763944942985,0.0752340448344859,0.7084547046189781,0.0068398943059948,4.555671072918086e-08,0.5019080686529309,-0.0029329051805669,0.0035809439641775,0.0085715488442847,0.0227817413522871
30,30,0.9491525292396544,1.0,1.0,oracle_clean_axis,1.918989448449436,0.1924322423258341,0.1765552600278891,0.7442763944942985,0.0710423538317379,0.7084547046189781,0.0281562810313292,4.5140458156948256e-08,0.5019080686529309,0.0218106167612141,-0.0090198724487716,-0.0167827876096532,-0.0285377460677453
30,50,0.8888888955116272,0.35,0.1224999999999999,predicted_clean_axis,0.2958533497988762,0.0281134464300575,0.3562356217781496,0.7762599424787232,0.0569253851340918,0.5990573202190547,0.0105121509969075,4.7373062689793844e-08,0.3588696729592429,0.0049289132654697,-0.0007713805750275,-0.0004140437782499,0.0036867819307205
30,50,0.8888888955116272,0.35,0.1224999999999999,oracle_clean_axis,2.249441335931701,0.2968791371867263,0.2956538978171449,0.7762599424787232,0.0790630177863083,0.5990573202190547,0.0247691368266875,4.7410370802385124e-08,0.3588696729592429,0.0435364449576657,-0.0185022592759177,-0.0348272097498916,-0.0609451842920093
30,50,0.8888888955116272,0.7,0.4899999999999999,predicted_clean_axis,0.1017868761831958,0.025628869420882,0.4440488083787445,0.8319319893516472,0.1508363593739245,0.5990573202190547,0.0235884844317973,4.7185792360090544e-08,0.3588696729592429,0.0223025723944099,0.0007358324196852,0.0093964105839643,0.050491804146303
30,50,0.8888888955116272,0.7,0.4899999999999999,oracle_clean_axis,0.8686098398837859,0.2561870035477683,0.3906199329935481,0.8319319893516472,0.1766854262678038,0.5990573202190547,0.0536225327546712,4.724117643168101e-08,0.3588696729592429,0.0973068319980725,-0.0323429649803488,-0.0538122959482391,-0.0641300558466445
30,50,0.8888888955116272,1.0,1.0,predicted_clean_axis,0.0714681039292591,0.0242864420373609,0.4535742228184969,0.8573947172481672,0.2035729239292231,0.5990573202190547,0.0298486129459093,4.6880578383674994e-08,0.3588696729592429,0.0371228370195939,0.0030909067351322,0.0206166969668842,0.0989729279202472
30,50,0.8888888955116272,1.0,1.0,oracle_clean_axis,0.6218565104362833,0.2328178364703997,0.4145769164683166,0.8573947172481672,0.2242820118057544,0.5990573202190547,0.0652991614971318,4.744728466787183e-08,0.3588696729592429,0.1222072980267509,-0.0348219523018426,-0.0521227734626633,-0.0341610223612383
30,70,0.774193525314331,0.35,0.1224999999999999,predicted_clean_axis,-0.0334225849753885,-0.0072008740347369,0.2772966547921268,0.8239943164543753,0.1025509056587825,0.4759861569789181,0.0380705224250798,4.8830098334889735e-08,0.2265628216727187,0.0100531814537184,0.0036768630551244,0.0131560286315714,0.0495212673484334
30,70,0.774193525314331,0.35,0.1224999999999999,oracle_clean_axis,0.9764824384039,0.2455781754707165,0.2489852723895798,0.8239943164543753,0.1197070294180253,0.4759861569789181,0.0559695403541379,4.616117220979132e-08,0.2265628216727187,0.0775732517257905,-0.0269275203069638,-0.0459489702433063,-0.0602736590041281
30,70,0.774193525314331,0.7,0.4899999999999999,predicted_clean_axis,0.0038507904480619,0.002384785630141,0.3277884612518666,0.8861853777786486,0.2947771276104333,0.4759861569789181,0.0830167236458846,4.8604897978499615e-08,0.2265628216727187,0.0973592995129736,0.0232321556983316,0.0944055150332091,0.3805758446126013
30,70,0.774193525314331,0.7,0.4899999999999999,oracle_clean_axis,0.2954425255230862,0.1935647786372724,0.308485644102059,0.8861853777786486,0.311851365834709,0.4759861569789181,0.1211680705606028,4.6417711060345595e-08,0.2265628216727187,0.2341292375816668,-0.0365809197871489,-0.0195060402385083,0.1756111168661421
30,70,0.774193525314331,1.0,1.0,predicted_clean_axis,0.0063619825736263,0.0049341557498721,0.3439180193243604,0.8944816393015641,0.3691600544542756,0.4759861569789181,0.1022135127611459,4.85433911516274e-08,0.2265628216727187,0.154203552660914,0.035680804896792,0.1465499972784171,0.5938535444961659
30,70,0.774193525314331,1.0,1.0,oracle_clean_axis,0.2310945688555035,0.1867195139354134,0.3219108594062094,0.8944816393015641,0.384586727032345,0.4759861569789181,0.1475531458061525,4.658040431021285e-08,0.2265628216727187,0.314072847902573,-0.034630845513827,0.0123420279306525,0.3510989316945306
30,85,0.5853658318519592,0.35,0.1224999999999999,predicted_clean_axis,-0.0285129515068927,-0.0081295627794309,0.2190183398276175,0.8979114435610948,0.1060588757985608,0.3719820689707001,0.0934155137847423,5.1580216745703314e-08,0.1383706596342441,0.0180052171356198,0.0062397193108761,0.0226409905408765,0.0859281887582495
30,85,0.5853658318519592,0.35,0.1224999999999999,oracle_clean_axis,0.7332091806191995,0.2272236539811188,0.2060412534309416,0.8979114435610948,0.1152783232413957,0.3719820689707001,0.1159638863135639,5.17718341634743e-08,0.1383706596342441,0.094427222518661,-0.0292061469541154,-0.0464073177047544,-0.0447947305956024
30,85,0.5853658318519592,0.7,0.4899999999999999,predicted_clean_axis,-0.0012825101621383,-0.0011330102816473,0.2891697497020349,0.9306281581933494,0.3286207947308271,0.3719820689707001,0.2032174368608777,5.1625968508944496e-08,0.1383706596342441,0.1941120060665343,0.0492787045218451,0.1961138807470981,0.7824536483078292
30,85,0.5853658318519592,0.7,0.4899999999999999,oracle_clean_axis,0.1959809834261825,0.178501495258622,0.2831106412378885,0.9306281581933494,0.3388050940446249,0.3719820689707001,0.2510494146774792,5.266642415550326e-08,0.1383706596342441,0.3699748412187255,-0.0294420379384502,0.0448128459037078,0.5044133789298488
30,85,0.5853658318519592,1.0,1.0,predicted_clean_axis,0.0037569071232728,0.0043102087502935,0.3064406640694287,0.9386021079801729,0.4267660381322099,0.3719820689707001,0.2492080937864914,5.2058046944036415e-08,0.1383706596342441,0.3340054577199981,0.0797926156847991,0.3241154610661304,1.3063518409183894
30,85,0.5853658318519592,1.0,1.0,oracle_clean_axis,0.1451444485135486,0.1705779780382526,0.2995655745579092,0.9386021079801729,0.4371641481388442,0.3719820689707001,0.3057169328291717,5.3205726322424036e-08,0.1383706596342441,0.5457590548331115,-0.013911387616638,0.1448226513000021,0.9802270087331176
30,95,0.2962962985038757,0.35,0.1224999999999999,predicted_clean_axis,-0.0274210092889712,-0.0153474597719393,0.1966258673314856,0.9582030102683622,0.1411046090554817,0.2521088735936203,0.1705235363723094,1.0256607495493825e-07,0.0635588841455162,0.069725286043976,0.0238737681944864,0.0869051438666227,0.3304407176438448
30,95,0.2962962985038757,0.35,0.1224999999999999,oracle_clean_axis,0.3632113789661912,0.2082662457315544,0.1818266729871729,0.9582030102683622,0.1445598118880568,0.2521088735936203,0.186197341149787,1.0642872556819236e-07,0.0635588841455162,0.201617901453445,-0.0391607853264713,-0.0372227937194418,0.0899495202951199
30,95,0.2962962985038757,0.7,0.4899999999999999,predicted_clean_axis,-0.010841417769187,-0.0161981044154645,0.2294412045178613,0.9754806859888476,0.3766745222327903,0.2521088735936203,0.3703918553899399,1.0192031881572775e-07,0.0635588841455162,0.533878213375726,0.1516206792692289,0.5822812158431862,2.2807218609052846
30,95,0.2962962985038757,0.7,0.4899999999999999,oracle_clean_axis,0.1035063872770156,0.1548143615668563,0.2221502960841916,0.9754806859888476,0.3770788966508788,0.2521088735936203,0.4030973350828992,1.0674533861110146e-07,0.0635588841455162,0.7908342258444707,0.0240418351000062,0.3277229688815066,1.7740031324889918
30,95,0.2962962985038757,1.0,1.0,predicted_clean_axis,-0.0078547054066648,-0.0149881382751245,0.2348190496290622,0.9807393879990484,0.4810673936416303,0.2521088735936203,0.4526898472883448,1.0215415958630037e-07,0.0635588841455162,0.8816812675863385,0.2418702895196178,0.938881194581094,3.698324851329621
30,95,0.2962962985038757,1.0,1.0,oracle_clean_axis,0.0700168190710646,0.1332257772480929,0.2302925843492532,0.9807393879990484,0.4797047492483374,0.2521088735936203,0.490874201127394,1.0778428943296209e-07,0.0635588841455162,1.158629485256914,0.0995340412938012,0.651633938535775,3.11353130086424
30,98,0.1403508782386779,0.35,0.1224999999999999,predicted_clean_axis,-0.0297916682121579,-0.0349829996384407,0.2028874376332353,0.976847661052556,0.1765862227917408,0.1503815628911639,0.1947839937811745,2.537135464656082e-07,0.0226146144545223,0.303639447710202,0.1067190697966954,0.385797335361255,1.4610314537939666
30,98,0.1403508782386779,0.35,0.1224999999999999,oracle_clean_axis,0.1235879747631464,0.146210746997803,0.1863390976099845,0.976847661052556,0.1779089000135534,0.1503815628911639,0.1996985283721709,2.560041055161463e-07,0.0226146144545223,0.5228764108119556,0.0009881403511268,0.1769271778736568,1.0536579444329264
30,98,0.1403508782386779,0.7,0.4899999999999999,predicted_clean_axis,-0.0133096069944224,-0.0373788514696492,0.2256332140462207,0.9868352718726252,0.4223332894380807,0.1503815628911639,0.4222774948134242,2.5146397850771936e-07,0.0226146144545223,1.8668183997478167,0.545435993294317,2.076768782034118,8.09712474585017
30,98,0.1403508782386779,0.7,0.4899999999999999,oracle_clean_axis,0.0382497109863975,0.1072328733675636,0.2130237714095531,0.9868352718726252,0.4215939591297624,0.1503815628911639,0.4323259618921801,2.546754648181869e-07,0.0226146144545223,2.2655228730040995,0.3409106003251466,1.664269225201757,7.258330548609369
30,98,0.1403508782386779,1.0,1.0,predicted_clean_axis,-0.0108371573207027,-0.0374168517407234,0.2321305568789947,0.989582942584153,0.5192140777072419,0.1503815628911639,0.5149350420765193,2.5428557531194e-07,0.0226146144545223,2.8510014427739763,0.8096406765974009,3.1093756185177286,12.179128298327162
30,98,0.1403508782386779,1.0,1.0,oracle_clean_axis,0.0267816411620406,0.0922802552689905,0.220897805050559,0.989582942584153,0.5181627566205868,0.1503815628911639,0.5264675370632498,2.577155741076528e-07,0.0226146144545223,3.2860977726034237,0.5830501056403691,2.650166205908792,11.2365963903298
3,30,0.9491525292396544,0.35,0.1224999999999999,predicted_clean_axis,-0.3220235913523068,-0.0142452996500334,0.5366565345826334,0.8116716145111281,0.0280563216033199,0.6342300734133859,0.0030634762067681,4.564976717648944e-08,0.4022477859363191,-0.0001409426936217,0.0004373893927717,0.0011193908161844,0.0032172297549317
3,30,0.9491525292396544,0.35,0.1224999999999999,oracle_clean_axis,3.536706855402032,0.2068887858225903,0.4363686944109068,0.8116716145111281,0.037100923312388,0.6342300734133859,0.0099318562839513,4.511037563779593e-08,0.4022477859363191,0.0129579845881904,-0.0058373735462316,-0.0112470012605541,-0.020783019193471
3,30,0.9491525292396544,0.7,0.4899999999999999,predicted_clean_axis,-0.1768147078953697,-0.0288790413306522,0.5649724000078231,0.8429722876701913,0.103588421581344,0.6342300734133859,0.0075326958100645,4.527093100577224e-08,0.4022477859363191,0.0019523270930406,0.0040256792824913,0.0113859204509904,0.0361100884460124
3,30,0.9491525292396544,0.7,0.4899999999999999,oracle_clean_axis,0.7701202938582297,0.1397988188708252,0.4935544955125355,0.8429722876701913,0.1151308644411209,0.6342300734133859,0.0218257629428941,4.527752177615608e-08,0.4022477859363191,0.0336156300806048,-0.0106291999504275,-0.0171393231742717,-0.0178023394422099
3,30,0.9491525292396544,1.0,1.0,predicted_clean_axis,-0.1544882286736784,-0.0390941114044528,0.5842419835728276,0.8433731719236683,0.160495471784134,0.6342300734133859,0.0101132413137782,4.5522899876416455e-08,0.4022477859363191,0.0061163003698053,0.008948812950046,0.0259022679900583,0.0838231043399803
3,30,0.9491525292396544,1.0,1.0,oracle_clean_axis,0.4198342649655304,0.1109961100705049,0.52786056676535,0.8433731719236683,0.1676782409468088,0.6342300734133859,0.0268842483185473,4.536380693982743e-08,0.4022477859363191,0.0468195371559826,-0.0103040442567391,-0.0118709389659765,0.011206720258053
3,50,0.8888888955116272,0.35,0.1224999999999999,predicted_clean_axis,0.025388316116884,0.0025079669109437,0.3204781286720106,0.7571266450294333,0.0540158220587599,0.5468057651626219,0.012001766519803,4.698525841175926e-08,0.2989965447556104,0.0026873319828427,0.0004860221880033,0.002191836495623,0.0092628414697122
3,50,0.8888888955116272,0.35,0.1224999999999999,oracle_clean_axis,1.6459974348549282,0.243400412797737,0.2286424296220009,0.7571266450294333,0.0808584182104116,0.5468057651626219,0.023019914905969,4.709352679458405e-08,0.2989965447556104,0.0414593088958969,-0.016629638132856,-0.0305259320556499,-0.0501184872710528
3,50,0.8888888955116272,0.7,0.4899999999999999,predicted_clean_axis,-0.0263255901229872,-0.0082838536586138,0.4121564456681175,0.852311072724401,0.1720629591637635,0.5468057651626219,0.0277498802363352,4.726583376321295e-08,0.2989965447556104,0.0221475099844831,0.0074918829947226,0.0273608579807545,0.1042300839267472
3,50,0.8888888955116272,0.7,0.4899999999999999,oracle_clean_axis,0.4847348199228544,0.1770185324391963,0.3312772216365059,0.852311072724401,0.1996859934546976,0.5468057651626219,0.0505874420876747,4.7273386088148125e-08,0.2989965447556104,0.0979850140203099,-0.0239873083623445,-0.0313044842928151,0.0040715611418648
3,50,0.8888888955116272,1.0,1.0,predicted_clean_axis,-0.0340550698576016,-0.015598465584699,0.4378231402048152,0.8867772823833744,0.2504570081655646,0.5468057651626219,0.0357694037845812,4.711271482804096e-08,0.2989965447556104,0.0453046959101429,0.0166846741022304,0.0595940295759955,0.2240867846381304
3,50,0.8888888955116272,1.0,1.0,oracle_clean_axis,0.299189508459983,0.1462512146911543,0.375799529617523,0.8867772823833744,0.2672921512749361,0.5468057651626219,0.0623119272477488,4.7089797698936296e-08,0.2989965447556104,0.1312285938550645,-0.020811253598315,-0.0117538116438187,0.0959671589236089
3,70,0.774193525314331,0.35,0.1224999999999999,predicted_clean_axis,-0.020474747329499,-0.0041368458581108,0.2857507931368397,0.8295385340669604,0.0871955841722118,0.4315625032713657,0.0371358076878025,4.9341090304887247e-08,0.1862461942140861,0.0093698373053454,0.0029693349663238,0.0110415056786452,0.0424943543412811
3,70,0.774193525314331,0.35,0.1224999999999999,oracle_clean_axis,0.9299263230571944,0.2278140458737733,0.2553487127804781,0.8295385340669604,0.1057245047053222,0.4315625032713657,0.0518820504082084,4.6618394756883887e-08,0.1862461942140861,0.0708139469596709,-0.0241540547198513,-0.0408061635997134,-0.0516045438394693
3,70,0.774193525314331,0.7,0.4899999999999999,predicted_clean_axis,-0.008219734060336,-0.0053603898859876,0.3684810079115281,0.8979279065896152,0.281437727878601,0.4315625032713657,0.0831969279439055,4.9199482262765374e-08,0.1862461942140861,0.102824847862244,0.0283279920486225,0.1098162614170748,0.4322736321134687
3,70,0.774193525314331,0.7,0.4899999999999999,oracle_clean_axis,0.2320650834245662,0.1585787359809668,0.3397262836364867,0.8979279065896152,0.2949027714796253,0.4315625032713657,0.1140134632707531,4.6873458087131354e-08,0.1862461942140861,0.2251002498672315,-0.0249970158016278,0.0083747078180693,0.2502243733214394
3,70,0.774193525314331,1.0,1.0,predicted_clean_axis,-0.0134926546890976,-0.0120030918114008,0.3892428880572142,0.914865845717064,0.3839188409164452,0.4315625032713657,0.1044142148932611,4.92220943885112e-08,0.1862461942140861,0.1871699299148803,0.0548009628388893,0.2085258775419981,0.8127475625408742
3,70,0.774193525314331,1.0,1.0,oracle_clean_axis,0.1436408046579166,0.1287977900573503,0.3706339028189585,0.914865845717064,0.3869673163231365,0.4315625032713657,0.1404379885329998,4.674498999679737e-08,0.1862461942140861,0.3164909346974208,-0.0074936917209459,0.085513800309951,0.573032335627274
3,85,0.5853658318519592,0.35,0.1224999999999999,predicted_clean_axis,0.0235354981767474,0.0059890288153315,0.2150881498817493,0.9111459375833856,0.0873082095256527,0.3431010718876178,0.0864476228387166,5.2462190506754896e-08,0.1177183455032843,0.0177124937358899,0.0032851117356977,0.0146644625404902,0.0617058813573605
3,85,0.5853658318519592,0.35,0.1224999999999999,oracle_clean_axis,0.7524116044253498,0.2134851715836709,0.196787077448187,0.9111459375833856,0.0973496298723508,0.3431010718876178,0.1064530640746306,5.249628543182821e-08,0.1177183455032843,0.0806994445141447,-0.0252549789593624,-0.0404467957202517,-0.0406409426466104
3,85,0.5853658318519592,0.7,0.4899999999999999,predicted_clean_axis,-0.000311176914991,-0.0002638461639444,0.2844653956710103,0.9380527623170248,0.2909145804256582,0.3431010718876178,0.1924202539912747,5.262962993450448e-08,0.1177183455032843,0.1795088767601844,0.0450450050643595,0.1799563057583535,0.719377794035245
3,85,0.5853658318519592,0.7,0.4899999999999999,oracle_clean_axis,0.1781190238129984,0.1568423005355828,0.2730316250910377,0.9380527623170248,0.3021168670201938,0.3431010718876178,0.2339360608570965,5.297711798837632e-08,0.1177183455032843,0.3319482027841122,-0.0205932970855954,0.0557339420331158,0.4991500288834596
3,85,0.5853658318519592,1.0,1.0,predicted_clean_axis,-0.0005156584875694,-0.0006147401758205,0.3104334525427059,0.9514965604824775,0.4090265521480253,0.3431010718876178,0.2397623927640664,5.2987523666072704e-08,0.1177183455032843,0.3545701296751266,0.0891921773779995,0.3560358495663741,1.422677678374248
3,85,0.5853658318519592,1.0,1.0,oracle_clean_axis,0.1133349931996033,0.1374738038499854,0.3023421615804552,0.9514965604824775,0.4161769293472125,0.3431010718876178,0.2881546521598628,5.351756999920972e-08,0.1177183455032843,0.5345878460820553,0.0085815720555117,0.2010801408420494,1.1378282686082035
3,95,0.2962962985038757,0.35,0.1224999999999999,predicted_clean_axis,-0.0101374619445919,-0.0051907399729988,0.1785439667007336,0.9615899993361492,0.1224988209213859,0.2392389412314371,0.1509344348802746,1.0634148378462069e-07,0.0572352710040148,0.062887234731598,0.0177151908652211,0.0682029205511225,0.2674959963849656
3,95,0.2962962985038757,0.35,0.1224999999999999,oracle_clean_axis,0.3903619936574277,0.2090936183184547,0.1655230414138212,0.9615899993361492,0.1281460200468609,0.2392389412314371,0.1677979565131265,1.1032934976344963e-07,0.0572352710040148,0.1837266047770397,-0.0380675763251106,-0.0402713352746152,0.0629125989531939
3,95,0.2962962985038757,0.7,0.4899999999999999,predicted_clean_axis,-0.0032957473665135,-0.0046210504521075,0.2054722966988074,0.9765175150992298,0.3354429495331045,0.2392389412314371,0.334287458627432,1.0555584670355653e-07,0.0572352710040148,0.4850094813633459,0.126111838803388,0.4979680639301499,1.9789136731537955
3,95,0.2962962985038757,0.7,0.4899999999999999,oracle_clean_axis,0.114056635478949,0.1636533368611641,0.1976759536021051,0.9765175150992298,0.3432702610878154,0.2392389412314371,0.3687446046048599,1.1024991122869641e-07,0.0572352710040148,0.7495102359668606,0.0112649556538269,0.2798766270658257,1.5891401171643378
3,95,0.2962962985038757,1.0,1.0,predicted_clean_axis,-0.0020789212204142,-0.003855525185724,0.2072430260546903,0.9814363756575784,0.4436876944956939,0.2392389412314371,0.4144804878148534,1.0571299046879752e-07,0.0572352710040148,0.8527161282331828,0.218541816216034,0.867016885987152,3.453766786194638
3,95,0.2962962985038757,1.0,1.0,oracle_clean_axis,0.0772349985700984,0.1450228347388755,0.2014907837397347,0.9814363756575784,0.4492148647587657,0.2392389412314371,0.4542073287635708,1.1168141742221135e-07,0.0572352710040148,1.1537301460822236,0.0842023657308689,0.6091163573097254,2.9810792180113994
3,98,0.1403508782386779,0.35,0.1224999999999999,predicted_clean_axis,-0.0100436501034823,-0.0106166620521168,0.1468870150729876,0.9759885977872008,0.1557143719621443,0.1473100170650579,0.1713868658452805,2.618043535800814e-07,0.0217002411231103,0.268117452554354,0.0754461373266984,0.290562183722647,1.139804003722294
3,98,0.1403508782386779,0.35,0.1224999999999999,oracle_clean_axis,0.1586927585179798,0.172384978190883,0.13168512945709,0.9759885977872008,0.1600201188523765,0.1473100170650579,0.1792268387519362,2.675223709494483e-07,0.0217002411231103,0.4822603537351607,-0.0198788469953313,0.1077431925908362,0.8054899315076685
3,98,0.1403508782386779,0.7,0.4899999999999999,predicted_clean_axis,-0.0025012817907744,-0.0064783676445596,0.1545902550293521,0.9856603237073708,0.3815357597027634,0.1473100170650579,0.3780229620801825,2.600241566554088e-07,0.0217002411231103,1.6602706554750104,0.4276519858871094,1.6938288475239616,6.741757198046895
3,98,0.1403508782386779,0.7,0.4899999999999999,oracle_clean_axis,0.0545857929510695,0.1436151979930183,0.1415730322487011,0.9856603237073708,0.3875725921233262,0.1473100170650579,0.3938601585477235,2.650318716683027e-07,0.0217002411231103,2.108391214537595,0.2437091600648164,1.3526881650187088,6.166455709593722
3,98,0.1403508782386779,1.0,1.0,predicted_clean_axis,-0.0014339779938192,-0.0046729751994341,0.1547931083822147,0.988382303380183,0.4800464577143428,0.1473100170650579,0.4669689756789323,2.61810416354172e-07,0.0217002411231103,2.6396341671514314,0.671329583787828,2.670090279151351,10.649905004605484
3,98,0.1403508782386779,1.0,1.0,oracle_clean_axis,0.0401523158519821,0.132408075119797,0.1423474597222666,0.988382303380183,0.485776110084218,0.1473100170650579,0.4851438318900013,2.675821030668663e-07,0.0217002411231103,3.1552500874897618,0.4613364226548054,2.281980489576068,10.001191556217965
7,30,0.9491525292396544,0.35,0.1224999999999999,predicted_clean_axis,3.008701056493099,0.0637514744695576,0.4595477465026243,0.6507863003308494,0.0133348864704415,0.6293295542676632,0.0024459835144974,4.544817880266618e-08,0.3960556879388985,0.0014630760889792,-0.0006473551871629,-0.0012385884694414,-0.002252689319345
7,30,0.9491525292396544,0.35,0.1224999999999999,oracle_clean_axis,7.862135658265143,0.3128677570006256,0.1999261983793325,0.6507863003308494,0.0250436948198594,0.6293295542676632,0.0103371233000477,4.4744147240428433e-08,0.3960556879388985,0.0128462318483751,-0.0061261943030636,-0.0120544408587112,-0.0233170907277587
7,30,0.9491525292396544,0.7,0.4899999999999999,predicted_clean_axis,1.057859355181925,0.0697668982605861,0.4742129427495991,0.7570406161532636,0.0415049229086047,0.6293295542676632,0.0059941601368423,4.544021489674812e-08,0.3960556879388985,0.0056885818636747,-0.002028752859426,-0.0035138136705778,-0.0048528591480587
7,30,0.9491525292396544,0.7,0.4899999999999999,oracle_clean_axis,2.579079546823639,0.2772621115581694,0.2690168809314363,0.7570406161532636,0.0676556259372118,0.6293295542676632,0.0221991040966058,4.5014051396701966e-08,0.3960556879388985,0.0326961590400729,-0.014181109763471,-0.0269175730225655,-0.0480565600276237
7,30,0.9491525292396544,1.0,1.0,predicted_clean_axis,0.6473833601570215,0.071277581525897,0.4910404990389697,0.8251826252183913,0.069289838713324,0.6293295542676632,0.0082067308779043,4.5543090761336515e-08,0.3960556879388985,0.0108782956794897,-0.0031662280071653,-0.0048171761259446,-0.003573232698344
7,30,0.9491525292396544,1.0,1.0,oracle_clean_axis,1.5332793695857636,0.2471969943968036,0.3418543284461824,0.8251826252183913,0.1014612062132391,0.6293295542676632,0.0270351724160043,4.482894890602509e-08,0.3960556879388985,0.0463514338143068,-0.0183021710209272,-0.0333553114510374,-0.0537145005388056
7,50,0.8888888955116272,0.35,0.1224999999999999,predicted_clean_axis,0.6003921024528922,0.0549471399170406,0.3736750678733704,0.8074465879097525,0.0487855116781903,0.5330657058753486,0.0110047751013297,4.685505201826266e-08,0.2841590468014305,0.0071226148399673,-0.0019908668230979,-0.0029347732482721,-0.0016817049048496
7,50,0.8888888955116272,0.35,0.1224999999999999,oracle_clean_axis,2.1671302352903146,0.2986418780759734,0.323510579400293,0.8074465879097525,0.0734592416035311,0.5330657058753486,0.0239943900089017,4.692889355462911e-08,0.2841590468014305,0.0459019826452326,-0.0193903136156411,-0.0364068420932989,-0.063318543634665
7,50,0.8888888955116272,0.7,0.4899999999999999,predicted_clean_axis,0.1416612303769449,0.0394682964595324,0.4232795124154288,0.8379129526181559,0.1485176660961872,0.5330657058753486,0.0250237906165134,4.6689380939745684e-08,0.2841590468014305,0.0304022221748961,-0.0006466537833362,0.0084096639694019,0.055631214083101
7,50,0.8888888955116272,0.7,0.4899999999999999,oracle_clean_axis,0.776522959418437,0.2534467785293295,0.3962010471208385,0.8379129526181559,0.1739855650884473,0.5330657058753486,0.0515282578194077,4.7010744557037825e-08,0.2841590468014305,0.109353733783353,-0.0347028128364623,-0.0560895896361147,-0.0589150351249915
7,50,0.8888888955116272,1.0,1.0,predicted_clean_axis,0.1009843176616206,0.0378107988085525,0.4515109822315813,0.8524952522082762,0.1995917843811116,0.5330657058753486,0.0321384329231167,4.6753827417763344e-08,0.2841590468014305,0.0492052617788564,0.0016834056019647,0.0208908355315244,0.1118777683734294
7,50,0.8888888955116272,1.0,1.0,oracle_clean_axis,0.5724087477461608,0.2364623856259669,0.4282609430098785,0.8524952522082762,0.2202097522146408,0.5330657058753486,0.0627536741583797,4.719254178817056e-08,0.2841590468014305,0.1403457709093422,-0.0381756187503314,-0.0550197263644366,-0.0247134081839677
7,70,0.774193525314331,0.35,0.1224999999999999,predicted_clean_axis,0.1531084024736296,0.0315455062511925,0.2965920961061545,0.8601607908440745,0.0881115404276029,0.4276557518822804,0.038234586580182,4.8590022824267985e-08,0.1828894421396802,0.0171119224680119,-0.0005965998306467,0.0041130412742792,0.0294510462908493
7,70,0.774193525314331,0.35,0.1224999999999999,oracle_clean_axis,0.9871271412531952,0.2573339303516528,0.2804277962074312,0.8601607908440745,0.1114854722053791,0.4276557518822804,0.0544404853114564,4.581521642660677e-08,0.1828894421396802,0.0840741054679347,-0.0292947126409799,-0.0500945318866349,-0.0662094901919697
7,70,0.774193525314331,0.7,0.4899999999999999,predicted_clean_axis,0.0169238191683374,0.0111799834081394,0.3359836383968632,0.8995837178561171,0.2825121305588258,0.4276557518822804,0.0832313804045793,4.839377480349447e-08,0.1828894421396802,0.1164857756450499,0.0235822673563996,0.101714638165416,0.4216296901412982
7,70,0.774193525314331,0.7,0.4899999999999999,oracle_clean_axis,0.2687849183316627,0.1869764218369849,0.3310685575451886,0.8995837178561171,0.2974926672272846,0.4276557518822804,0.116911635353719,4.597501140766357e-08,0.1828894421396802,0.2510448045440243,-0.0347894237660572,-0.0090901951948109,0.223774218959592
7,70,0.774193525314331,1.0,1.0,predicted_clean_axis,0.014912500213527,0.0125699566090818,0.3556491322519517,0.9092374739763764,0.3604770607083285,0.4276557518822804,0.1030257659079653,4.877395506152769e-08,0.1828894421396802,0.1882214361362496,0.0391088138147686,0.1670306488847998,0.689313382790649
7,70,0.774193525314331,1.0,1.0,oracle_clean_axis,0.2015781011510871,0.1747388096552252,0.3492448261843793,0.9092374739763764,0.3707151550659252,0.4276557518822804,0.1423808016302771,4.6771761725400336e-08,0.1828894421396802,0.3393320799543793,-0.0287717742382957,0.0363859620160042,0.4484899660023927
7,85,0.5853658318519592,0.35,0.1224999999999999,predicted_clean_axis,-0.0329940445032124,-0.0094633499580255,0.2209284877920742,0.8991637263276678,0.0969325214533411,0.337956002982628,0.0944707108770067,5.0834401408667783e-08,0.1142142599335418,0.0178521424033856,0.0064987437263583,0.0232806974047507,0.0876942346176379
7,85,0.5853658318519592,0.35,0.1224999999999999,oracle_clean_axis,0.7158648077240636,0.2247206769550724,0.2035994801530954,0.8991637263276678,0.1060894472697149,0.337956002982628,0.1146614066088576,5.0817503652535445e-08,0.1142142599335418,0.0951788352251606,-0.02911267897809,-0.0459075321998531,-0.0425437613743983
7,85,0.5853658318519592,0.7,0.4899999999999999,predicted_clean_axis,-0.0098148193017073,-0.0089698613742162,0.2841219618206801,0.9283635435290492,0.3088613660784412,0.337956002982628,0.2040833915421976,5.090398443608933e-08,0.1142142599335418,0.2006102199192247,0.056300789412129,0.2170055117387524,0.8516267551354817
7,85,0.5853658318519592,0.7,0.4899999999999999,oracle_clean_axis,0.1818934724023862,0.1703303435926817,0.2736440676521987,0.9283635435290492,0.3164718411658913,0.337956002982628,0.2462368303606917,5.151563449059502e-08,0.1142142599335418,0.378727165494255,-0.0249449284304407,0.0597225793502429,0.5578949035449835
7,85,0.5853658318519592,1.0,1.0,predicted_clean_axis,-0.0046033570709599,-0.0056467680980686,0.2966507525814891,0.9422743926344108,0.4145581467559548,0.337956002982628,0.2505271570697656,5.121597900067473e-08,0.1142142599335418,0.3692488874691853,0.0975072332913291,0.3831022512666063,1.5185556412690038
7,85,0.5853658318519592,1.0,1.0,oracle_clean_axis,0.1242524057584806,0.1545076242525292,0.287164605414356,0.9422743926344108,0.4202476306513089,0.337956002982628,0.2998794534953582,5.193486892286695e-08,0.1142142599335418,0.5787017794872995,0.0005779978096683,0.1944419206548822,1.1620275414519454
7,95,0.2962962985038757,0.35,0.1224999999999999,predicted_clean_axis,-0.0131556210986655,-0.0072813285527919,0.1965056109250144,0.9615488876338796,0.1288954234371094,0.2328832354969724,0.1736483806029587,9.668592440484637e-08,0.0542346013657919,0.072554044106798,0.0211610448055803,0.0806141341838137,0.3143964466582394
7,95,0.2962962985038757,0.35,0.1224999999999999,oracle_clean_axis,0.3460087207659279,0.1977052978942732,0.1788509390240486,0.9615488876338796,0.133066731227443,0.2328832354969724,0.1905850181736241,1.002378130556149e-07,0.0542346013657919,0.1945875899488558,-0.0360779572747166,-0.0313453560829591,0.1005515216999786
7,95,0.2962962985038757,0.7,0.4899999999999999,predicted_clean_axis,-0.0039084432844769,-0.0058264699776438,0.2276361370586039,0.9753930533405404,0.3471681897774441,0.2328832354969724,0.3742002995023883,9.548846450432425e-08,0.0542346013657919,0.5468901620939309,0.1432368513292636,0.5642616575760134,2.239675134821971
7,95,0.2962962985038757,0.7,0.4899999999999999,oracle_clean_axis,0.1054322190258656,0.1588074001448201,0.2164394983001183,0.9753930533405404,0.3507806390522324,0.2328832354969724,0.409283752547089,1.0042961433051677e-07,0.0542346013657919,0.8064019521972462,0.0221976173564573,0.3279942970163018,1.790384843246151
7,95,0.2962962985038757,1.0,1.0,predicted_clean_axis,-0.0019597151573062,-0.003766182315446,0.2316289035161731,0.979482483808796,0.4475552071037532,0.2328832354969724,0.4576572885296285,9.58734240029359e-08,0.0542346013657919,0.91609180402258,0.2344513403903966,0.9305675090485848,3.707794331168335
7,95,0.2962962985038757,1.0,1.0,oracle_clean_axis,0.0760394341657278,0.147093702670206,0.2228027948653197,0.979482483808796,0.4504985837270576,0.2328832354969724,0.4984461010081098,1.0120236152863934e-07,0.0542346013657919,1.220058172442881,0.0916066159959176,0.6509703668034075,3.172969272853104
7,98,0.1403508782386779,0.35,0.1224999999999999,predicted_clean_axis,-0.0023734725235664,-0.0026713235728047,0.1492401283601838,0.9784781875086488,0.1622214239193154,0.1441338280117351,0.1984220655311801,2.345436038924301e-07,0.0207745603758802,0.3136763268121771,0.0806739960175423,0.3196894316508383,1.2727446217646925
7,98,0.1403508782386779,0.35,0.1224999999999999,oracle_clean_axis,0.1485451696061913,0.1704425724250305,0.1348421400770593,0.9784781875086488,0.1653809442940185,0.1441338280117351,0.2061596471025351,2.372740944205118e-07,0.0207745603758802,0.524706739387705,-0.0154992584571333,0.1335708905768792,0.9254194111183428
7,98,0.1403508782386779,0.7,0.4899999999999999,predicted_clean_axis,-0.000813951421297,-0.0021999950250649,0.166013253562855,0.9869359025277044,0.3895732549543188,0.1441338280117351,0.4268678998682133,2.31145259345284e-07,0.0207745603758802,1.8204139262295291,0.4595631869184817,1.832306473859128,7.317333347806912
7,98,0.1403508782386779,0.7,0.4899999999999999,oracle_clean_axis,0.0515190668071436,0.1405100255943823,0.1540046623871765,0.9869359025277044,0.3931019934572465,0.1441338280117351,0.4427304662759088,2.3579885749151698e-07,0.0207745603758802,2.24281488902409,0.2732897337686171,1.4763775863910085,6.671947648197116
7,98,0.1403508782386779,1.0,1.0,predicted_clean_axis,-0.0005471191065521,-0.0018305056259361,0.1708407187884736,0.98902904564315,0.482230980244627,0.1441338280117351,0.5209134393482875,2.3280735898053199e-07,0.0207745603758802,2.792330994151576,0.7026760135881917,2.80457970095237,11.206070097008686
7,98,0.1403508782386779,1.0,1.0,oracle_clean_axis,0.0387571245077582,0.1306154307270028,0.1593296715581371,0.98902904564315,0.4857455827074069,0.1441338280117351,0.5391791715340779,2.3784699682595378e-07,0.0207745603758802,3.279582693931957,0.4897552612173051,2.3992082612234658,10.477207477602356
11,30,0.9491525292396544,0.35,0.1224999999999999,predicted_clean_axis,1.1000995284299402,0.080189619416482,0.5378979632572006,0.9447513583758133,0.0507854831838111,0.6967121992614675,0.0024535444634433,4.5088247316372843e-08,0.4854078885432326,0.0071736161285904,-0.0025905459400511,-0.0045169171306061,-0.0063771352632277
11,30,0.9491525292396544,0.35,0.1224999999999999,oracle_clean_axis,1.329016600915562,0.1546188780921551,0.5467886628604461,0.9447513583758133,0.0810560669661419,0.6967121992614675,0.0115847004001021,4.504608183442441e-08,0.4854078885432326,0.0213722831765826,-0.0081482942385074,-0.0146046902438252,-0.0224417875548931
11,30,0.9491525292396544,0.7,0.4899999999999999,predicted_clean_axis,0.4237686036477248,0.0713019687625801,0.5498256412982814,0.9637293851582186,0.1172265973473242,0.6967121992614675,0.0056819645126087,4.5670267253269694e-08,0.4854078885432326,0.0190746359631803,-0.0042291243018608,-0.0049194528172355,0.0043162775114737
11,30,0.9491525292396544,0.7,0.4899999999999999,oracle_clean_axis,0.7608427561835363,0.1524607083284314,0.5582422881750988,0.9637293851582186,0.1396099713602834,0.6967121992614675,0.024821942519931,4.4841569841199296e-08,0.4854078885432326,0.0405891212770676,-0.0127657336342564,-0.0205122492656611,-0.0209476265199156
11,30,0.9491525292396544,1.0,1.0,predicted_clean_axis,0.3343164075068806,0.0683371041887249,0.5516131116660661,0.95952548563713,0.1424138722521618,0.6967121992614675,0.007393865780576,4.539523595558108e-08,0.4854078885432326,0.0244143879691272,-0.004372915011965,-0.0035229773755305,0.0138454558425357
11,30,0.9491525292396544,1.0,1.0,oracle_clean_axis,0.6808792186315915,0.1563164126811966,0.5561553650624685,0.95952548563713,0.1599513521335817,0.6967121992614675,0.0299922539264832,4.49954096909209e-08,0.4854078885432326,0.0490639304988254,-0.0146493867314742,-0.0227103877843229,-0.0190672328541432
11,50,0.8888888955116272,0.35,0.1224999999999999,predicted_clean_axis,-0.3582909897244757,-0.0506042774895191,0.4408068906339915,0.6240200704779812,0.0862711023885714,0.6108210647968397,0.0131019194152907,4.7202294206043976e-08,0.3731023732180496,-0.0021602051893217,0.0048203812227214,0.0121342815308165,0.0342426394031279
11,50,0.8888888955116272,0.35,0.1224999999999999,oracle_clean_axis,1.3842139086047192,0.2313227404360504,0.3388728557293678,0.6240200704779812,0.102077288594288,0.6108210647968397,0.0268439953727054,4.715109819442734e-08,0.3731023732180496,0.0456393176111323,-0.0175832745072919,-0.0316756261490679,-0.0493875608360718
11,50,0.8888888955116272,0.7,0.4899999999999999,predicted_clean_axis,-0.1280139158307171,-0.0483453305912495,0.4768208265240322,0.7661905360873812,0.2306807515266742,0.6108210647968397,0.0288602895950819,4.691247918806728e-08,0.3731023732180496,0.0173982270685499,0.018043015240901,0.0539141163319194,0.1791405760643081
11,50,0.8888888955116272,0.7,0.4899999999999999,oracle_clean_axis,0.4887724784886961,0.1806785112424253,0.415412678214176,0.7661905360873812,0.2257947112002918,0.6108210647968397,0.0575172505949682,4.7254586980676643e-08,0.3731023732180496,0.1009509074671606,-0.0248541756010432,-0.0326274991137282,0.003068410125976
11,50,0.8888888955116272,1.0,1.0,predicted_clean_axis,-0.0818063196296322,-0.0403048773355745,0.4728221090714039,0.8253899164322492,0.3009433525683755,0.6108210647968397,0.0358350065988336,4.7183503661988546e-08,0.3731023732180496,0.0408273481369049,0.0251000917014205,0.0805426939160895,0.2824554298851738
11,50,0.8888888955116272,1.0,1.0,oracle_clean_axis,0.3383059712499288,0.1557278978415971,0.4465950540045127,0.8253899164322492,0.2811711541086134,0.6108210647968397,0.0694978638937514,4.7199841448814494e-08,0.3731023732180496,0.1246570290158242,-0.0225988600730788,-0.0187112838562688,0.0685231774470178
11,70,0.774193525314331,0.35,0.1224999999999999,predicted_clean_axis,0.0517131978549363,0.0156700978548322,0.3376816590068354,0.8697767141949568,0.1425879302919429,0.4705572306709782,0.0440259353620382,4.877609337224092e-08,0.221424107393129,0.0277035188519491,0.00336462294791,0.0182068341450769,0.0823240212871801
11,70,0.774193525314331,0.35,0.1224999999999999,oracle_clean_axis,0.6551791503046458,0.2245767563084847,0.320711794771589,0.8697767141949568,0.1612936194206642,0.4705572306709782,0.0603845297283688,4.6385081591662695e-08,0.221424107393129,0.1063515967187256,-0.0311459887113991,-0.0476054376574893,-0.0364647162537421
11,70,0.774193525314331,0.7,0.4899999999999999,predicted_clean_axis,-0.0134343997417507,-0.0111229716724634,0.366552943433158,0.9007110877844214,0.3895964723128037,0.4705572306709782,0.0951002561871027,4.863679420861288e-08,0.221424107393129,0.1621648489660749,0.0474481359075926,0.1805833120756056,0.7039147851928922
11,70,0.774193525314331,0.7,0.4899999999999999,oracle_clean_axis,0.1753295195616175,0.1448217239036372,0.3660814486611484,0.9007110877844214,0.3886790399670438,0.4705572306709782,0.1293828309532482,4.66196078993388e-08,0.221424107393129,0.2901902827905491,-0.0171692027788534,0.0509455535199072,0.443026943350271
11,70,0.774193525314331,1.0,1.0,predicted_clean_axis,-0.0105847050826189,-0.0105287584624453,0.3719771797979261,0.9162020094294852,0.4680700487940331,0.4705572306709782,0.1159797029626568,4.8863214003644704e-08,0.221424107393129,0.2368910719908086,0.0670775986217741,0.2578372869883344,1.0104029329558115
11,70,0.774193525314331,1.0,1.0,oracle_clean_axis,0.1291497343287933,0.1290799017117984,0.3690730960462823,0.9162020094294852,0.4703027954370665,0.4705572306709782,0.1563327573979769,4.677610622460922e-08,0.221424107393129,0.378739824660983,-0.0020726239954736,0.1207196108990646,0.7408986573581768
11,85,0.5853658318519592,0.35,0.1224999999999999,predicted_clean_axis,-0.028860697903779,-0.0090356040655549,0.2256262302824541,0.9008757126732206,0.1132388912362404,0.3616972819102055,0.1032897453582237,5.2828414868271095e-08,0.1308249237656999,0.0216753770423719,0.0075404702223532,0.0273330462737329,0.1036745158635706
11,85,0.5853658318519592,0.35,0.1224999999999999,oracle_clean_axis,0.6634222093744854,0.227399518270289,0.2151683429578135,0.9008757126732206,0.1239780437010147,0.3616972819102055,0.122813587019202,5.30672632870661e-08,0.1308249237656999,0.1073175217276559,-0.0316294789844174,-0.0485727700492278,-0.0384007884200272
11,85,0.5853658318519592,0.7,0.4899999999999999,predicted_clean_axis,-0.01049604062944,-0.0114479032179599,0.3081217284390997,0.9427176669461962,0.3944988042341555,0.3616972819102055,0.2224804393659691,5.328534673917195e-08,0.1308249237656999,0.284913868348689,0.0805930331921116,0.3098860446285276,1.214572002234272
11,85,0.5853658318519592,0.7,0.4899999999999999,oracle_clean_axis,0.1365182609083201,0.1509962245536351,0.3044153420208105,0.9427176669461962,0.4000558140454917,0.3616972819102055,0.263146366207956,5.3530430517390616e-08,0.1308249237656999,0.472847066777853,-0.0070454315169277,0.1388278715474772,0.8893306814202847
11,85,0.5853658318519592,1.0,1.0,predicted_clean_axis,-0.0076047185733309,-0.0107151974404594,0.3175617515794181,0.9514069274234996,0.5096385555853405,0.3616972819102055,0.270308896490384,5.3398971545215535e-08,0.1308249237656999,0.4812361275310072,0.131632474200044,0.5114319737104529,2.015532048662367
11,85,0.5853658318519592,1.0,1.0,oracle_clean_axis,0.0963484766388755,0.1362997877121922,0.314997353480634,0.9514069274234996,0.5116766186684708,0.3616972819102055,0.3179587022730271,5.430461476997633e-08,0.1308249237656999,0.6931287859839298,0.0286693849398856,0.3074946218343385,1.615612651486946
11,95,0.2962962985038757,0.35,0.1224999999999999,predicted_clean_axis,-0.0206546281837811,-0.0121745368905366,0.2236988140214511,0.9604910732828028,0.1451537769539555,0.2462596581218537,0.1754991317145382,1.0983092334790569e-07,0.0606438192194452,0.0796819800784066,0.0253025580848735,0.0940341482524649,0.3617844248358018
11,95,0.2962962985038757,0.35,0.1224999999999999,oracle_clean_axis,0.3325636944494156,0.2021808743246231,0.2062206449625717,0.9604910732828028,0.1497126530073843,0.2462596581218537,0.1900948986048593,1.1340286728844626e-07,0.0606438192194452,0.21531480069447,-0.0383576387670312,-0.0305154364805936,0.1237684912526888
11,95,0.2962962985038757,0.7,0.4899999999999999,predicted_clean_axis,-0.0073432382309034,-0.0121427651379947,0.2608484426052181,0.976565865573622,0.4072145145655531,0.2462596581218537,0.3770480881129657,1.0907989611218075e-07,0.0606438192194452,0.6635174546967841,0.1809388041370842,0.7036759625978191,2.7745453424902418
11,95,0.2962962985038757,0.7,0.4899999999999999,oracle_clean_axis,0.0922777624797494,0.1540794330046855,0.250803604585855,0.976565865573622,0.4111884323557339,0.2462596581218537,0.4073065771707975,1.1343286424060981e-07,0.0606438192194452,0.9542758139976718,0.0456150578107839,0.4397320921613136,2.2734720904816133
11,95,0.2962962985038757,1.0,1.0,predicted_clean_axis,-0.0050517545220467,-0.0106524288200431,0.2595190364942343,0.981465525709788,0.5192777020226956,0.2462596581218537,0.4568868456081956,1.1039266934016697e-07,0.0606438192194452,1.089148598697616,0.2891339064770211,1.134073283504595,4.4913684492114
11,95,0.2962962985038757,1.0,1.0,oracle_clean_axis,0.0643087765689326,0.1361260560090038,0.2528882667209199,0.981465525709788,0.5212718668084273,0.2462596581218537,0.4921469089559742,1.1530279876916619e-07,0.0606438192194452,1.4083108877397603,0.1359683806496976,0.832019310979114,3.904368820677102
11,98,0.1403508782386779,0.35,0.1224999999999999,predicted_clean_axis,-0.0163343744373506,-0.0204233269137952,0.1919522497634327,0.9794885988270492,0.1879738612544116,0.1503396311053608,0.1969328019646697,2.723267003609864e-07,0.0226020046784654,0.3652942135610278,0.1104754476473532,0.4163659315799511,1.6143920083008814
11,98,0.1403508782386779,0.35,0.1224999999999999,oracle_clean_axis,0.1182367910982807,0.1495262198567209,0.1760317006666846,0.9794885988270492,0.1901245502776959,0.1503396311053608,0.2020944069166365,2.7559396395311453e-07,0.0226020046784654,0.5889204244295992,0.0054081938115055,0.2107286583072143,1.221106399351242
11,98,0.1403508782386779,0.7,0.4899999999999999,predicted_clean_axis,-0.0073558315751277,-0.0221413703192565,0.2130359623818846,0.9882212938479688,0.4525287742067991,0.1503396311053608,0.4224801244263949,2.7083321600631184e-07,0.0226020046784654,2.198443435945228,0.5995957187851557,2.3317363954088246,9.1936526221717
11,98,0.1403508782386779,0.7,0.4899999999999999,oracle_clean_axis,0.0378612456045299,0.1142382328345513,0.2007095652288377,0.9882212938479688,0.4536177695226144,0.1503396311053608,0.4330173074135705,2.740099194192965e-07,0.0226020046784654,2.6206942594130744,0.3966564393954769,1.9313152581922968,8.414640033989963
11,98,0.1403508782386779,1.0,1.0,predicted_clean_axis,-0.0059138242449457,-0.0217381506019499,0.2185308648138134,0.9906271783972044,0.5526213507618188,0.1503396311053608,0.5111082830442806,2.753673800418175e-07,0.0226020046784654,3.2980067692855544,0.8844308311127439,3.4578178060625024,13.67146018747306
11,98,0.1403508782386779,1.0,1.0,oracle_clean_axis,0.0274667018178734,0.101091994522479,0.2075242150575885,0.9906271783972044,0.5533293827919585,0.1503396311053608,0.523213081564785,2.790649341178483e-07,0.0226020046784654,3.758645585434545,0.6606073778848335,3.0145015361710703,12.802150193947757
15,30,0.9491525292396544,0.35,0.1224999999999999,predicted_clean_axis,2.4705998632548622,0.0980575135588209,0.4366968489405803,0.775167742855399,0.0217003186354328,0.5467485591619357,0.0034473932697405,4.5620412231356825e-08,0.2989339869370419,0.0042856983484059,-0.0018474847400025,-0.003498059857205,-0.0062084812232096
15,30,0.9491525292396544,0.35,0.1224999999999999,oracle_clean_axis,4.397428951620451,0.3111553756272659,0.3335347998229306,0.775167742855399,0.0386870953849084,0.5467485591619357,0.0096287699856157,4.4808085029360455e-08,0.2989339869370419,0.0232685710367875,-0.0106955176289572,-0.0207651899982904,-0.0390269989580838
15,30,0.9491525292396544,0.7,0.4899999999999999,predicted_clean_axis,0.5597719450883315,0.0828598605973275,0.5237083060321388,0.8871907980341852,0.0809320827730994,0.5467485591619357,0.008225993031959,4.5713056111125136e-08,0.2989339869370419,0.0177430741032166,-0.0047631872727584,-0.0067874746929506,-0.0026193499756352
15,30,0.9491525292396544,0.7,0.4899999999999999,oracle_clean_axis,1.1330998965460666,0.2393136192924944,0.471441422635087,0.8871907980341852,0.1154747052178199,0.5467485591619357,0.0209260072363773,4.4987328402802425e-08,0.2989339869370419,0.061695285604448,-0.0224839186224076,-0.0393920211249377,-0.0564807777703657
15,30,0.9491525292396544,1.0,1.0,predicted_clean_axis,0.2930062481128398,0.0771635976686468,0.5584599685718138,0.9232019791032864,0.1439869836114774,0.5467485591619357,0.010998089614263,4.564588809212624e-08,0.2989339869370419,0.0376596257730436,-0.0058259480981197,-0.0029826530039714,0.028711666761129
15,30,0.9491525292396544,1.0,1.0,oracle_clean_axis,0.6546369921828983,0.2056892016464249,0.5214777807980187,0.9232019791032864,0.1717902837423698,0.5467485591619357,0.025611633449811,4.5077600618253464e-08,0.2989339869370419,0.0893092089150712,-0.0261438904216347,-0.0399473048193359,-0.0305327055429369
15,50,0.8888888955116272,0.35,0.1224999999999999,predicted_clean_axis,0.2391078772565391,0.0265720871815649,0.2653736168055534,0.7520489237717705,0.0514009868240772,0.4625297502758151,0.0129150086567408,4.69154977977014e-08,0.2139337699040162,0.00604043515979,-0.0007046106449126,0.0001345166668297,0.0064439851602794
15,50,0.8888888955116272,0.35,0.1224999999999999,oracle_clean_axis,1.6311441073300856,0.265710578619714,0.2451872475566339,0.7520489237717705,0.0753453033501645,0.4625297502758151,0.0223499178429777,4.723314352632383e-08,0.2139337699040162,0.0499177605786569,-0.0199834081436656,-0.0366498348568897,-0.060031743992012
15,50,0.8888888955116272,0.7,0.4899999999999999,predicted_clean_axis,0.0666865737352226,0.0233529166654338,0.3343464967429647,0.8504274261241545,0.1619729146133943,0.4625297502758151,0.0291201883582626,4.689114993814637e-08,0.2139337699040162,0.0388360544487054,0.0035755595409536,0.0224801769254451,0.106276585225041
15,50,0.8888888955116272,0.7,0.4899999999999999,oracle_clean_axis,0.532269974719927,0.2125017036904112,0.3209277188535076,0.8504274261241545,0.1846588472190811,0.4625297502758151,0.0485726153817878,4.717698273692141e-08,0.2139337699040162,0.1246859610728738,-0.0324573675688301,-0.0449909931592557,-0.0102870184048931
15,50,0.8888888955116272,1.0,1.0,predicted_clean_axis,0.0350981705447213,0.0189644243701523,0.3687607610567923,0.9126484101618928,0.2499164580921546,0.4625297502758151,0.0371059677893678,4.682764090439864e-08,0.2139337699040162,0.0832347732337088,0.013123476688659,0.0627408622476605,0.2714573599766906
15,50,0.8888888955116272,1.0,1.0,oracle_clean_axis,0.2820181525717349,0.1637845765112029,0.3595933645573558,0.9126484101618928,0.2686183090767093,0.4625297502758151,0.0594487044815248,4.7077433378290884e-08,0.2139337699040162,0.1794396148328579,-0.0264796198075455,-0.0107991145425017,0.147042271205353
15,70,0.774193525314331,0.35,0.1224999999999999,predicted_clean_axis,0.0057069384741621,0.0011422319170814,0.2220613610430127,0.8073245929367284,0.0758465974178744,0.3789526964404446,0.0377059843779269,4.8471028445132404e-08,0.1436051461828924,0.0102434137321555,0.0023893919169123,0.0097861830224849,0.0396019627996105
15,70,0.774193525314331,0.35,0.1224999999999999,oracle_clean_axis,1.007209936634198,0.253105437047404,0.2091059878482026,0.8073245929367284,0.0952283971436688,0.3789526964404446,0.0507359561231294,4.607503246806628e-08,0.1436051461828924,0.0793909046189408,-0.0278551111070524,-0.0478166614124932,-0.0640590796185381
15,70,0.774193525314331,0.7,0.4899999999999999,predicted_clean_axis,-0.0224031814644963,-0.0150446588038844,0.2563557586632075,0.8724382658172848,0.2544823390282114,0.3789526964404446,0.0830909584854875,4.8715108887912985e-08,0.1436051461828924,0.1026387795353191,0.0332370257734889,0.1228449952410768,0.4711737652585499
15,70,0.774193525314331,0.7,0.4899999999999999,oracle_clean_axis,0.258152269630972,0.1800516304859403,0.2557272067130427,0.8724382658172848,0.2643054464277295,0.3789526964404446,0.1102634067871686,4.640645397732577e-08,0.1436051461828924,0.2471929562482627,-0.0323862601215774,-0.0039657082414519,0.2352958315239066
15,70,0.774193525314331,1.0,1.0,predicted_clean_axis,-0.0133293396045718,-0.0124364746091034,0.2733436122999411,0.9077656805522646,0.3535685733234974,0.3789526964404446,0.1033311576833052,4.885965888578009e-08,0.1436051461828924,0.2060258579990126,0.060209028088476,0.2292326942356068,0.8937239407058334
15,70,0.774193525314331,1.0,1.0,oracle_clean_axis,0.1626517340706556,0.1536020556905515,0.2751041531961813,0.9077656805522646,0.3578683837298925,0.3789526964404446,0.1349529281019871,4.630972908765909e-08,0.1436051461828924,0.3680106057368338,-0.0167892635964781,0.0778988323216694,0.6017071027018426
15,85,0.5853658318519592,0.35,0.1224999999999999,predicted_clean_axis,-0.0374099654516027,-0.0111245946941284,0.174112442733223,0.9095698513339298,0.0898940488513412,0.302297149181383,0.0899005999451508,5.103653893501269e-08,0.0913835664134523,0.0187990837495761,0.0071808599743385,0.0254153211814279,0.0950450472938593
15,85,0.5853658318519592,0.35,0.1224999999999999,oracle_clean_axis,0.6226734483834169,0.2009264858550135,0.1657168153266392,0.9095698513339298,0.0975463206704827,0.302297149181383,0.1072226318453313,5.068876373623811e-08,0.0913835664134523,0.0908668441911959,-0.0259100444595862,-0.0388045038284981,-0.025546667294299
15,85,0.5853658318519592,0.7,0.4899999999999999,predicted_clean_axis,-0.0099094998110358,-0.009357028609406,0.2249466312635064,0.9369237757383008,0.285443577109914,0.302297149181383,0.197052298693783,5.1044718266358524e-08,0.0913835664134523,0.2140658667623419,0.0601429856142108,0.2317365838920094,0.90927561843837
15,85,0.5853658318519592,0.7,0.4899999999999999,oracle_clean_axis,0.158793163413506,0.1547332468576598,0.2222884909725711,0.9369237757383008,0.2945682194569299,0.302297149181383,0.2330247337935933,5.1347357739798465e-08,0.0913835664134523,0.3881568905970447,-0.0160436259933643,0.086602627550043,0.6479647732471733
15,85,0.5853658318519592,1.0,1.0,predicted_clean_axis,-0.0071182116008014,-0.0092111735381306,0.2417840655359481,0.9447019548126406,0.391181332805329,0.302297149181383,0.2433574826924084,5.1670047961640426e-08,0.0913835664134523,0.4067083539005379,0.1106167339470667,0.430547408492357,1.6983505793776084
15,85,0.5853658318519592,1.0,1.0,oracle_clean_axis,0.1077216120540154,0.1411047565378596,0.2404627636023233,0.9447019548126406,0.3959796444184207,0.302297149181383,0.285202236193771,5.158702439178424e-08,0.0913835664134523,0.6137942260167634,0.0148235029370489,0.2441274165043846,1.346176475529917
15,95,0.2962962985038757,0.35,0.1224999999999999,predicted_clean_axis,-0.0127100336351048,-0.0070913055892314,0.179186056455126,0.9667033356131176,0.1202762248633493,0.2155759393359172,0.1647129943166579,9.694866908377683e-08,0.046472985622551,0.0738649447113342,0.0214335738278891,0.0817778451114824,0.3191984800457815
15,95,0.2962962985038757,0.35,0.1224999999999999,oracle_clean_axis,0.3111038925609999,0.1775567948388132,0.1674959420157653,0.9667033356131176,0.1230359817029505,0.2155759393359172,0.1799292123086692,9.920520664872505e-08,0.046472985622551,0.1827708724408433,-0.0303102253042472,-0.0199036433310446,0.1230599424477094
15,95,0.2962962985038757,0.7,0.4899999999999999,predicted_clean_axis,-0.0060196506666602,-0.0091541399143867,0.2118722842546412,0.9780589817898132,0.3278283774482218,0.2155759393359172,0.359893743983551,9.596933028810385e-08,0.046472985622551,0.5642185531340015,0.1514952289079897,0.5920601281326398,2.340398937531921
15,95,0.2962962985038757,0.7,0.4899999999999999,oracle_clean_axis,0.0910871651371617,0.1393405067617531,0.2050096910854798,0.9780589817898132,0.3297770941435587,0.2155759393359172,0.391036444935662,9.95481287828281e-08,0.046472985622551,0.7981890708695155,0.0396802590705255,0.3718770478112396,1.9138202143032332
15,95,0.2962962985038757,1.0,1.0,predicted_clean_axis,-0.0044239372757256,-0.0087254998589173,0.2164334950748244,0.9815019700993411,0.425188629726437,0.2155759393359172,0.442761795323521,9.621700571416581e-08,0.046472985622551,0.9553197190736606,0.2517371563861644,0.9897389900543256,3.924536689236637
15,95,0.2962962985038757,1.0,1.0,oracle_clean_axis,0.0644274938374071,0.1274706080094925,0.2113984310879872,0.9815019700993411,0.4265197111145734,0.2155759393359172,0.4785949829106202,1.0030878608730537e-07,0.046472985622551,1.2308302252952104,0.1185559037891844,0.7264258185362286,3.410107680903897
15,98,0.1403508782386779,0.35,0.1224999999999999,predicted_clean_axis,-0.0159214008785023,-0.0172502153619448,0.176741841017411,0.9790339949321264,0.1504908079782851,0.1388982358816106,0.1888412078776697,2.329879945181905e-07,0.0192927199295138,0.2747819478160836,0.082712937392761,0.3121618156527242,1.2112673947742565
15,98,0.1403508782386779,0.35,0.1224999999999999,oracle_clean_axis,0.139346026183134,0.1528333310939797,0.1624023242658545,0.9790339949321264,0.1523421991594137,0.1388982358816106,0.1952481682492862,2.3466536815456562e-07,0.0192927199295138,0.4683631605343125,-0.0086287642679318,0.1331110154636194,0.8676962069251711
15,98,0.1403508782386779,0.7,0.4899999999999999,predicted_clean_axis,-0.0086562343212351,-0.0229558746465838,0.1974065521111176,0.9872733558817958,0.3683507600652509,0.1388982358816106,0.4114511004382323,2.310899534666063e-07,0.0192927199295138,1.697327960969253,0.4699903124594647,1.819083486881657,7.154578421614225
15,98,0.1403508782386779,0.7,0.4899999999999999,oracle_clean_axis,0.0438409882965404,0.1164413722601469,0.1857061655552312,0.9872733558817958,0.3689127873023926,0.1388982358816106,0.4243288159792521,2.34037520360948e-07,0.0192927199295138,2.0728426426502344,0.28626003010353,1.4543076278261582,6.435765526128709
15,98,0.1403508782386779,1.0,1.0,predicted_clean_axis,-0.0076142558700291,-0.0252080024704804,0.203651240548208,0.9894044386510352,0.4598410052163904,0.1388982358816106,0.5047948008426367,2.3330801310339123e-07,0.0192927199295138,2.65661735351107,0.7267451614050041,2.8235262149170346,11.127195998262174
15,98,0.1403508782386779,1.0,1.0,oracle_clean_axis,0.0312335532894299,0.10345853583142,0.1925657835678611,0.9894044386510352,0.4600888019597115,0.1388982358816106,0.5193419820520963,2.3644788878376522e-07,0.0192927199295138,3.0857234476863047,0.5144075446500624,2.4003279349622684,10.286707252573107
19,30,0.9491525292396544,0.35,0.1224999999999999,predicted_clean_axis,0.2931850272249788,0.0385567695001994,0.6611633044516664,0.9064169557622572,0.0800155990320228,0.608437270153177,0.0034049627857717,4.52316714307843e-08,0.3701959116560913,0.0093943231283294,-0.0014543704398254,-0.0007468801300915,0.0071536827380546
19,30,0.9491525292396544,0.35,0.1224999999999999,oracle_clean_axis,1.172964079661913,0.1842161065387758,0.5867790322816342,0.9064169557622572,0.0955561614580779,0.608437270153177,0.0100231269120707,4.4808226330900646e-08,0.3701959116560913,0.0350977850769685,-0.0129241554878942,-0.0227651529420616,-0.033197673749216
19,30,0.9491525292396544,0.7,0.4899999999999999,predicted_clean_axis,0.0507577371581197,0.0201977152930436,0.6748955083942969,0.8913987803221525,0.2421117142781191,0.608437270153177,0.0081568866264599,4.5534902926111625e-08,0.3701959116560913,0.047623005017997,0.005877886446125,0.0315486988623328,0.1422691016049955
19,30,0.9491525292396544,0.7,0.4899999999999999,oracle_clean_axis,0.3159955750282642,0.1308263251318536,0.592595129419848,0.8913987803221525,0.2519010341213709,0.608437270153177,0.0221450948713074,4.498942829685326e-08,0.3701959116560913,0.0970155429368707,-0.0163689790445381,-0.0113120964731447,0.0630792535174364
19,30,0.9491525292396544,1.0,1.0,predicted_clean_axis,0.0078917631906926,0.0036816640607503,0.6972553496697638,0.8584477455908069,0.2838480548156707,0.608437270153177,0.0108827160657623,4.526152803999555e-08,0.3701959116560913,0.0561277584123717,0.012743762615583,0.052692619779012,0.2142056177494083
19,30,0.9491525292396544,1.0,1.0,oracle_clean_axis,0.2553371184791569,0.1216567218511254,0.6145438208835265,0.8584477455908069,0.2898931584243025,0.608437270153177,0.0273834873614521,4.5247272187981124e-08,0.3701959116560913,0.1147164010001536,-0.0147938916494254,-0.0012115773984166,0.1110816688049038
19,50,0.8888888955116272,0.35,0.1224999999999999,predicted_clean_axis,0.3164690163793254,0.0536726615516178,0.4187454812464789,0.8503797928508382,0.0809466928050327,0.4772843289414991,0.0145951628482992,4.661535926397709e-08,0.2278003306252963,0.0162937117977004,-0.0027536730909445,-0.0019118909766188,0.0105580388678438
19,50,0.8888888955116272,0.35,0.1224999999999999,oracle_clean_axis,0.972782983763694,0.2397730409679099,0.3581808159968376,0.8503797928508382,0.1176417730025085,0.4772843289414991,0.0232776487841723,4.731872620405985e-08,0.2278003306252963,0.0742879132006476,-0.025752741717219,-0.0439113401790348,-0.0574461073364568
19,50,0.8888888955116272,0.7,0.4899999999999999,predicted_clean_axis,0.0462779596759675,0.0284052683902152,0.4625416387646676,0.8732492878531414,0.2929556436142429,0.4772843289414991,0.0334820760995854,4.687064717605718e-08,0.2278003306252963,0.1116217258020555,0.0148291320754859,0.0767515941353144,0.3418765082079989
19,50,0.8888888955116272,0.7,0.4899999999999999,oracle_clean_axis,0.2615113815270903,0.1642922195585425,0.4306166936672855,0.8732492878531414,0.2998496711860527,0.4772843289414991,0.051429633257904,4.7529354795504064e-08,0.2278003306252963,0.2018868841732599,-0.0269396327004773,-0.0045433924768528,0.1882567067427015
19,50,0.8888888955116272,1.0,1.0,predicted_clean_axis,0.0254214838602486,0.0214908487227544,0.4568237308841787,0.9330724522243484,0.4034872774308161,0.4772843289414991,0.0428175894906542,4.684110667512034e-08,0.2278003306252963,0.1968353761087158,0.0355828717245051,0.1604994499682525,0.6783337260134732
19,50,0.8888888955116272,1.0,1.0,oracle_clean_axis,0.1352680360755198,0.114651490802669,0.4295190181186532,0.9330724522243484,0.4045402109582159,0.4772843289414991,0.0635952443562945,4.7161046148981385e-08,0.2278003306252963,0.2767782902768718,-0.0036883016687658,0.0824239589755813,0.5240501672036159
19,70,0.774193525314331,0.35,0.1224999999999999,predicted_clean_axis,-0.0800065350849327,-0.0162501736353357,0.2667604089819259,0.7874545977452744,0.0763532050643771,0.3759193911963362,0.041370235546692,4.851115566941096e-08,0.141315388661421,0.0070128946210888,0.0042286602812725,0.01361405895709,0.0478550714923586
19,70,0.774193525314331,0.35,0.1224999999999999,oracle_clean_axis,0.9712288437773602,0.2461361070842792,0.2333312702097851,0.7874545977452744,0.095268315103468,0.3759193911963362,0.0529543191840092,4.5873112670037385e-08,0.141315388661421,0.0784340362909095,-0.0271747364069469,-0.0463212849882219,-0.0605298186737563
19,70,0.774193525314331,0.7,0.4899999999999999,predicted_clean_axis,-0.0175183891680394,-0.0147036293616448,0.327198382245209,0.9020722882556343,0.3155187012336865,0.3759193911963362,0.0933639876068998,4.8675381433403714e-08,0.141315388661421,0.1637756606594153,0.0501997625863629,0.1884579204501061,0.7291494220097332
19,70,0.774193525314331,0.7,0.4899999999999999,oracle_clean_axis,0.1546626503176668,0.1361007148284066,0.3142992792012011,0.9020722882556343,0.3308031884530337,0.3759193911963362,0.1169972638623377,4.6174834820607294e-08,0.141315388661421,0.3133596244082499,-0.0114849701995861,0.0738266209371864,0.5348394872198093
19,70,0.774193525314331,1.0,1.0,predicted_clean_axis,-0.0088117503893433,-0.0105842681187492,0.3378616677391336,0.9361957403544208,0.4515370331269079,0.3759193911963362,0.117374179204762,4.8869635259622434e-08,0.141315388661421,0.3479793227582274,0.0965298316892537,0.3734059920907523,1.4681972990304848
19,70,0.774193525314331,1.0,1.0,oracle_clean_axis,0.0845725923965198,0.1025268031591246,0.3249304094678475,0.9361957403544208,0.4557246305538428,0.3759193911963362,0.1446728102757407,4.633809256761963e-08,0.141315388661421,0.4917064522264114,0.0297071810822082,0.2431213002946923,1.2210703531104876
19,85,0.5853658318519592,0.35,0.1224999999999999,predicted_clean_axis,-0.1085650142335764,-0.0279505014254206,0.2117271167243746,0.8951644419144313,0.0778964279910232,0.3025644042971913,0.0963332528185882,5.038370551835511e-08,0.0915452187478975,0.0093746760937796,0.0077406461301238,0.0237666150449233,0.0806745212285499
19,85,0.5853658318519592,0.35,0.1224999999999999,oracle_clean_axis,0.7120752226070497,0.1995023759738493,0.1954521075064569,0.8951644419144313,0.0847695799910064,0.3025644042971913,0.112813753530027,5.0389806557434316e-08,0.0915452187478975,0.0755185123155773,-0.0230413622508158,-0.0362707952303162,-0.0332938733753714
19,85,0.5853658318519592,0.7,0.4899999999999999,predicted_clean_axis,-0.0241907229203114,-0.0244738954002033,0.2827188394222967,0.9419506155510008,0.3061061716504906,0.3025644042971913,0.2156585465131774,5.0741836125308975e-08,0.0915452187478975,0.2311267888099847,0.0763519841453038,0.2806475539908051,1.0730694507824
19,85,0.5853658318519592,0.7,0.4899999999999999,oracle_clean_axis,0.1220024172472169,0.1274214843224797,0.2734476025731007,0.9419506155510008,0.3160036199985572,0.3025644042971913,0.2492506880586612,5.0967265952196135e-08,0.0915452187478975,0.4057833382908015,0.0016348941025144,0.1396208303703058,0.824645829401719
19,85,0.5853658318519592,1.0,1.0,predicted_clean_axis,-0.0104759015126643,-0.0159441819921673,0.2984702521536603,0.9617671796742552,0.4604989766879925,0.3025644042971913,0.2694454245511531,5.0887863051482085e-08,0.0915452187478975,0.5548439903373505,0.1569111213592398,0.6033776537370894,2.36497695154862
19,85,0.5853658318519592,1.0,1.0,oracle_clean_axis,0.0675358021116416,0.1036904720526892,0.2925834900676906,0.9617671796742552,0.4645394727977688,0.3025644042971913,0.3082106050430407,5.138716964044834e-08,0.0915452187478975,0.7485180503567721,0.067729353772696,0.4301176268461139,2.0388709308951127
19,95,0.2962962985038757,0.35,0.1224999999999999,predicted_clean_axis,-0.0239028977784624,-0.0124506570077885,0.2062056624958351,0.963796037615168,0.1139635227915335,0.2187883285239847,0.1770846668786937,9.307679854713708e-08,0.0478683326985769,0.0613448948443526,0.0202002425492351,0.0743156117460774,0.2842917300825849
19,95,0.2962962985038757,0.35,0.1224999999999999,oracle_clean_axis,0.3544753796345723,0.1895560169078854,0.1915925651066518,0.963796037615168,0.1169972485640455,0.2187883285239847,0.1926473630228078,9.610371973633457e-08,0.0478683326985769,0.1728548672254361,-0.0328102166035439,-0.0298756218676383,0.0832280016225209
19,95,0.2962962985038757,0.7,0.4899999999999999,predicted_clean_axis,-0.0087301356271884,-0.0136574284979446,0.242918096295172,0.9782366426792752,0.3422725694770735,0.2187883285239847,0.3942878162348749,9.122178317508752e-08,0.0478683326985769,0.5904715393893837,0.1636421507856083,0.6332029152247499,2.490080285063633
19,95,0.2962962985038757,0.7,0.4899999999999999,oracle_clean_axis,0.092543369384328,0.1463345865762995,0.2344770199416739,0.9782366426792752,0.3459599516991304,0.2187883285239847,0.4256350516669603,9.559084254305252e-08,0.0478683326985769,0.8564833407988135,0.0405767063550083,0.3936989972129596,2.037580332437692
19,95,0.2962962985038757,1.0,1.0,predicted_clean_axis,-0.0056265662327333,-0.0120237570126161,0.2435540908983988,0.983943658602094,0.467542296767896,0.2187883285239847,0.4906179498553334,9.21834807224167e-08,0.0478683326985769,1.1159571069826888,0.2982600086631476,1.1673457254292896,4.617994283270558
19,95,0.2962962985038757,1.0,1.0,oracle_clean_axis,0.0585322367071945,0.125501817356931,0.2379667750892735,0.983943658602094,0.4691147031268375,0.2187883285239847,0.5263184542755065,9.695968124235437e-08,0.0478683326985769,1.4184379318544715,0.1527885670938715,0.8802488228684813,4.059184400459917
19,98,0.1403508782386779,0.35,0.1224999999999999,predicted_clean_axis,-0.0173587920082605,-0.0185229424286887,0.1659526377192292,0.9766295585694392,0.1498717804400402,0.1404524726339887,0.2031652669897247,2.2277215963955935e-07,0.0197268970703609,0.2648912415780166,0.0810466845278726,0.3044215726003324,1.1781559593790136
19,98,0.1403508782386779,0.35,0.1224999999999999,oracle_clean_axis,0.1502104701315522,0.1625734750940738,0.1496949200644169,0.9766295585694392,0.1520123500157165,0.1404524726339887,0.2099476853636853,2.2542869045096417e-07,0.0197268970703609,0.4687997955894051,-0.0147655597617004,0.1168917724986002,0.8194751130852052
19,98,0.1403508782386779,0.7,0.4899999999999999,predicted_clean_axis,-0.0082266790311452,-0.0226955443469722,0.1838523187992962,0.9855950150800792,0.3874765636581352,0.1404524726339887,0.4504887558125328,2.190661331305542e-07,0.0197268970703609,1.840095979548653,0.5069828952225495,1.9653197137763492,7.736055120877701
19,98,0.1403508782386779,0.7,0.4899999999999999,oracle_clean_axis,0.0463189719686534,0.1283143861259208,0.1705894396092943,0.9855950150800792,0.3890862003175388,0.1404524726339887,0.4638583805281141,2.2299742915883574e-07,0.0197268970703609,2.2740098195347747,0.3019068087505117,1.563088096512956,6.963274109073641
19,98,0.1403508782386779,1.0,1.0,predicted_clean_axis,-0.0066685447177185,-0.0236074540283192,0.1878769780841855,0.9887022490742168,0.4972187233086493,0.1404524726339887,0.5586785251498577,2.2153980434470314e-07,0.0197268970703609,3.04954062406643,0.8250650858649689,3.21668710366206,12.699601935052613
19,98,0.1403508782386779,1.0,1.0,oracle_clean_axis,0.0316047194575015,0.112110328127681,0.1758568610197477,0.9887022490742168,0.4982221979383277,0.1404524726339887,0.5735834602286537,2.2657534875962642e-07,0.0197268970703609,3.5434580611231827,0.5876006986002622,2.748087883308426,11.78772171104846
23,30,0.9491525292396544,0.35,0.1224999999999999,predicted_clean_axis,3.0959859835268198,0.0961548976870562,0.340290935764556,0.8007980210867732,0.0190979454949572,0.6149137796285767,0.0027771824903062,4.565712931962176e-08,0.378118956352575,0.0032275201763865,-0.0014328985914341,-0.0027452228516948,-0.0050081483786976
23,30,0.9491525292396544,0.35,0.1224999999999999,oracle_clean_axis,4.468447824798232,0.2469284135128385,0.2378048226841304,0.8007980210867732,0.0339804088588018,0.6149137796285767,0.0095370219817426,4.46747377944588e-08,0.378118956352575,0.0144088031017573,-0.0066318296623836,-0.012881944732437,-0.0242370310955533
23,30,0.9491525292396544,0.7,0.4899999999999999,predicted_clean_axis,0.9092432698274,0.0958853404944273,0.3602711792733126,0.8783846858627078,0.0648464707861888,0.6149137796285767,0.0069362502722271,4.579160419384396e-08,0.378118956352575,0.0128919562360947,-0.0043607887040532,-0.0073314511321099,-0.0091023971602347
23,30,0.9491525292396544,0.7,0.4899999999999999,oracle_clean_axis,1.2086146860436109,0.2021743219155222,0.2825784238956038,0.8783846858627078,0.102861381603659,0.6149137796285767,0.0208246462642794,4.48740801409083e-08,0.378118956352575,0.040814721561418,-0.0151607659355271,-0.0268238019742661,-0.0396566843613799
23,30,0.9491525292396544,1.0,1.0,predicted_clean_axis,0.5298985802484935,0.0968926847313327,0.3679722252853788,0.9227676730108278,0.1124378309497712,0.6149137796285767,0.0096098466366125,4.58150760595576e-08,0.378118956352575,0.0260756172217393,-0.0067688162658551,-0.0093583043017003,-0.0019992956833611
23,30,0.9491525292396544,1.0,1.0,oracle_clean_axis,0.6799396483351846,0.1773918420012906,0.3111718490302996,0.9227676730108278,0.1604270148201687,0.6149137796285767,0.0257095503437755,4.4664350981800417e-08,0.378118956352575,0.0632967364546911,-0.0188861012285681,-0.0292640244579508,-0.024495336919161
23,50,0.8888888955116272,0.35,0.1224999999999999,predicted_clean_axis,-0.1972491875081764,-0.0164110541381033,0.2624023287639435,0.6049404026161149,0.0452538130670413,0.5439186163182326,0.0104469192564371,4.7053468221354136e-08,0.2958474611941086,0.0003651502948159,0.0011153324733223,0.0030959366937978,0.0096529603762097
23,50,0.8888888955116272,0.35,0.1224999999999999,oracle_clean_axis,2.3242439351223125,0.26875269054927,0.1971867220771976,0.6049404026161149,0.062893394865487,0.5439186163182326,0.0220399779905862,4.699801824467213e-08,0.2958474611941086,0.0344184990247609,-0.0147023120467814,-0.02773333244983,-0.0487814983247291
23,50,0.8888888955116272,0.7,0.4899999999999999,predicted_clean_axis,-0.0358088486941925,-0.0092744502587762,0.3259891331074794,0.7619048050703838,0.1408742904567038,0.5439186163182326,0.0244763132428127,4.6757202001536675e-08,0.2958474611941086,0.0143680278533305,0.0053935608678623,0.0191721715987427,0.0718845426495586
23,50,0.8888888955116272,0.7,0.4899999999999999,oracle_clean_axis,0.7256911509850448,0.2129513312215795,0.2907102220322681,0.7619048050703838,0.1596108665014632,0.5439186163182326,0.0481255829635076,4.697175237707564e-08,0.2958474611941086,0.0840174372070307,-0.0258629644267753,-0.040962092735724,-0.0388688410001407
23,50,0.8888888955116272,1.0,1.0,predicted_clean_axis,0.031187082355685,0.0114945529709877,0.3604666484868797,0.8815773902270301,0.2004708640542843,0.5439186163182326,0.0321374008708276,4.6947947114991126e-08,0.2958474611941086,0.0381970693241899,0.0063718761531153,0.029724026183037,0.1273691478733012
23,50,0.8888888955116272,1.0,1.0,oracle_clean_axis,0.4098589600777737,0.1731475425004019,0.3319532757185652,0.8815773902270301,0.2297819028229857,0.5439186163182326,0.0594145553721027,4.711716174862168e-08,0.2958474611941086,0.1177646415462587,-0.0254193057544436,-0.0285299348297633,0.0321748370569688
23,70,0.774193525314331,0.35,0.1224999999999999,predicted_clean_axis,0.149725784376212,0.0264281284377964,0.260939783557461,0.8470888264430741,0.0777087460158178,0.4402507342695616,0.0326200313607149,4.95601810407454e-08,0.1938207090745566,0.0124537971304697,-0.0003851764304615,0.0031241285622589,0.0218261828172467
23,70,0.774193525314331,0.35,0.1224999999999999,oracle_clean_axis,0.980176433264354,0.2238145765625018,0.2382435279631902,0.8470888264430741,0.1005273421476944,0.4402507342695616,0.0489579214405436,4.6752529934979155e-08,0.1938207090745566,0.0641409850753334,-0.0222943056615983,-0.0380711534058181,-0.0500724751421207
23,70,0.774193525314331,0.7,0.4899999999999999,predicted_clean_axis,0.0437662539333383,0.0229738578180983,0.3059943049550722,0.8917007457438375,0.231097177949651,0.4402507342695616,0.073489406924886,4.969189365258373e-08,0.1938207090745566,0.0809451834005098,0.011191687923771,0.056826228930226,0.2514238701911879
23,70,0.774193525314331,0.7,0.4899999999999999,oracle_clean_axis,0.3196478999238297,0.187957099349474,0.2966241618764424,0.8917007457438375,0.2588731257721429,0.4402507342695616,0.1069024897809671,4.7086801600707034e-08,0.1938207090745566,0.1969610078361889,-0.0336506520471758,-0.0240814028470722,0.1247167992949724
23,70,0.774193525314331,1.0,1.0,predicted_clean_axis,0.0369033370910378,0.0264690715290586,0.3261632853014191,0.9161564672990616,0.3157716644257514,0.4402507342695616,0.0932480993840542,4.9697008514054384e-08,0.1938207090745566,0.1475984287321689,0.022660818720331,0.1096283261649391,0.4764834072269864
23,70,0.774193525314331,1.0,1.0,oracle_clean_axis,0.2242429512224325,0.1727963899461655,0.3174640031928272,0.9161564672990616,0.3392469513009097,0.4402507342695616,0.1319789495521533,4.7124503083353055e-08,0.1938207090745566,0.2815999760268803,-0.0294646579455652,0.015294237487453,0.3274826884892394
23,85,0.5853658318519592,0.35,0.1224999999999999,predicted_clean_axis,0.0668913861467123,0.0165362666823508,0.1749623763489481,0.9207864282497228,0.0875468106292293,0.354138429683352,0.0749039289442084,5.6320643957604245e-08,0.1254140273967675,0.0193662252151285,0.001775599702835,0.0111903409459369,0.0529372480529401
23,85,0.5853658318519592,0.35,0.1224999999999999,oracle_clean_axis,0.7595093041708428,0.2079282280548803,0.1652981807697662,0.9207864282497228,0.0969512496632086,0.354138429683352,0.0951530964325004,5.65021028639248e-08,0.1254140273967675,0.0756608183288271,-0.0237776378062695,-0.0381867613737759,-0.0388994657924996
23,85,0.5853658318519592,0.7,0.4899999999999999,predicted_clean_axis,0.0158288471209965,0.0118348552979765,0.2389077197438309,0.9421272857738724,0.2647809432182603,0.354138429683352,0.166268688441453,5.657419930805861e-08,0.1254140273967675,0.1486036385034976,0.0305144282010039,0.1309063547038431,0.5413227026150274
23,85,0.5853658318519592,0.7,0.4899999999999999,oracle_clean_axis,0.2103870015770755,0.1662502389119066,0.2373887104922791,0.9421272857738724,0.2798442779326153,0.354138429683352,0.2077723609923088,5.669753845838007e-08,0.1254140273967675,0.287481433163642,-0.0266592861033475,0.0247357147789541,0.3616885775005052
23,85,0.5853658318519592,1.0,1.0,predicted_clean_axis,0.0111597607558253,0.0114697295373581,0.2603429002487475,0.9506911846184536,0.3639748285045015,0.354138429683352,0.2084113194570727,5.609958766220157e-08,0.1254140273967675,0.2758689664078467,0.060126010707824,0.2522923506901469,1.032746018478288
23,85,0.5853658318519592,1.0,1.0,oracle_clean_axis,0.1456126244774392,0.1551604558677702,0.2612922549797619,0.9506911846184536,0.3773593147377045,0.354138429683352,0.2565101896954397,5.7136745267894795e-08,0.1254140273967675,0.4491942379217709,-0.0117021949812033,0.1185255593573818,0.8047709159939163
23,95,0.2962962985038757,0.35,0.1224999999999999,predicted_clean_axis,0.0193385070427562,0.0098118987537023,0.1329377456133862,0.9635221687365224,0.1240937985783993,0.244579449707961,0.1222772868496588,1.2951912583342114e-07,0.059819107205584,0.0693359833077113,0.0136002526987369,0.0593793349658689,0.2474739882053179
23,95,0.2962962985038757,0.35,0.1224999999999999,oracle_clean_axis,0.4005794902561461,0.2111453801540795,0.1243630926401087,0.9635221687365224,0.1289177857144938,0.244579449707961,0.1369030476826112,1.3177619400858054e-07,0.059819107205584,0.1807532504437553,-0.038282707461172,-0.0418361364152067,0.0552448411981346
23,95,0.2962962985038757,0.7,0.4899999999999999,predicted_clean_axis,0.004316304303003,0.0056317748522911,0.1721061539157775,0.9764498270741266,0.3191193895421567,0.244579449707961,0.2693262833354699,1.2808176679438145e-07,0.059819107205584,0.4329529089027809,0.102727108399466,0.4182565920328362,1.6877226850012903
23,95,0.2962962985038757,0.7,0.4899999999999999,oracle_clean_axis,0.1272375730770245,0.1687106771314594,0.1682109771796025,0.9764498270741266,0.3243001542295275,0.244579449707961,0.2989358253023554,1.3189601618439413e-07,0.059819107205584,0.6632378848991022,-0.0019669875403663,0.2158339948587236,1.310739869475273
23,95,0.2962962985038757,1.0,1.0,predicted_clean_axis,0.0022409131950078,0.003812026023338,0.1888007364402486,0.9802083237384192,0.4160550391409411,0.244579449707961,0.3352128310606427,1.2806126100163842e-07,0.059819107205584,0.7299232140573566,0.1776173144927733,0.7169539099998478,2.8807849440569
23,95,0.2962962985038757,1.0,1.0,oracle_clean_axis,0.0894503790744687,0.1535965340171823,0.1861182265540673,0.9802083237384192,0.4199708951003756,0.244579449707961,0.3690581601832415,1.324115529644495e-07,0.059819107205584,1.0008632864255316,0.0524087063344842,0.4733776457004685,2.4209962235269367
23,98,0.1403508782386779,0.35,0.1224999999999999,predicted_clean_axis,-0.0013853424243569,-0.001445051992968,0.1482842500535748,0.978102488941407,0.1591078310535044,0.1525334932434537,0.1375514617715672,3.233539725811109e-07,0.0232664665628159,0.2705075606285331,0.0687573914686534,0.273522230792587,1.091074253006295
23,98,0.1403508782386779,0.35,0.1224999999999999,oracle_clean_axis,0.1578812110779938,0.1676087108234298,0.1347479512747577,0.978102488941407,0.1619315052460546,0.1525334932434537,0.1434299144853495,3.274088271179069e-07,0.0232664665628159,0.4596909705438986,-0.018528918998945,0.1038198728507795,0.7711505890962372
23,98,0.1403508782386779,0.7,0.4899999999999999,predicted_clean_axis,-0.0025508068230449,-0.0061975474835605,0.1705207806005642,0.9864967999617898,0.370601787116596,0.1525334932434537,0.3015537736594403,3.235764363218497e-07,0.0232664665628159,1.460732284103991,0.3764764374002973,1.4908479277687896,5.933276067410359
23,98,0.1403508782386779,0.7,0.4899999999999999,oracle_clean_axis,0.0550662578672345,0.1347152589850472,0.1594396993026405,0.9864967999617898,0.3731611669659618,0.1525334932434537,0.3131876216076173,3.259365317649934e-07,0.0232664665628159,1.825814396341029,0.2092759029525623,1.1666738733205086,5.325836016302556
23,98,0.1403508782386779,1.0,1.0,predicted_clean_axis,-0.0026212721845546,-0.0079318137111626,0.1797537059912076,0.9884746398193932,0.4615572775116146,0.1525334932434537,0.3736173929066602,3.248153412537381e-07,0.0232664665628159,2.265077807582556,0.5842703492014135,2.3130802003979545,9.20431840877642
23,98,0.1403508782386779,1.0,1.0,oracle_clean_axis,0.0408998885382827,0.1244122776346641,0.1691208770242902,0.9884746398193932,0.4639875556684468,0.1525334932434537,0.3866530459708251,3.263855895895389e-07,0.0232664665628159,2.691694627121908,0.389088870511712,1.934801863738535,8.496100218337512
27,30,0.9491525292396544,0.35,0.1224999999999999,predicted_clean_axis,-1.6415704734513137,-0.0608926746322808,0.3524526769078106,0.1069907576374706,0.0255462149069605,0.6886856646214207,0.0023715017192007,4.5653704004270334e-08,0.4742879448507892,-0.0019147683563685,0.0012153797836852,0.0026027566377044,0.005893501556745
27,30,0.9491525292396544,0.35,0.1224999999999999,oracle_clean_axis,2.335126640264646,0.2396812304649888,-0.040827196045129,0.1069907576374706,0.0706878267987013,0.6886856646214207,0.0105793183361542,4.4678804659567175e-08,0.4742879448507892,0.0272351014383083,-0.011642180754648,-0.0219674481996252,-0.0386672431605674
27,30,0.9491525292396544,0.7,0.4899999999999999,predicted_clean_axis,-0.4270213431321636,-0.0471051454562654,0.3534378273646111,0.4377270790442386,0.0759695947928215,0.6886856646214207,0.0056601380179004,4.5106757781615216e-08,0.4742879448507892,-0.002154086632163,0.0033586396262622,0.0082383434593116,0.0225609437457719
27,30,0.9491525292396544,0.7,0.4899999999999999,oracle_clean_axis,1.3921429445961462,0.2376982531561028,0.0393479736920397,0.4377270790442386,0.1175880537911642,0.6886856646214207,0.0230643689821562,4.504587997434953e-08,0.4742879448507892,0.0478735107692665,-0.0184705544678792,-0.0332969749912556,-0.0520174142045
27,30,0.9491525292396544,1.0,1.0,predicted_clean_axis,-0.1169814657498905,-0.0187260188411358,0.319286272618077,0.6297926917570786,0.1102425982496546,0.6886856646214207,0.0075688536242983,4.566556070046012e-08,0.4742879448507892,0.0034085443727961,0.0031003369917318,0.0094037467688838,0.0316197846794476
27,30,0.9491525292396544,1.0,1.0,oracle_clean_axis,0.9645581001067308,0.2093202674278566,0.0971416868665181,0.6297926917570786,0.1494527571499692,0.6886856646214207,0.0282631220323061,4.4956361341328114e-08,0.4742879448507892,0.0571984251432734,-0.019769083561049,-0.033651414448373,-0.0437558182018458
27,50,0.8888888955116272,0.35,0.1224999999999999,predicted_clean_axis,0.0601999715128101,0.0129142534210344,0.3585713711399109,0.8564155415121901,0.1143821943727683,0.5331941861693624,0.0137395608468875,4.704546006737592e-08,0.2842960401974271,0.0142753837041125,0.0014910466851857,0.0087345857285323,0.0404791408897103
27,50,0.8888888955116272,0.35,0.1224999999999999,oracle_clean_axis,0.8290540321184994,0.2034541993865304,0.3344525667642616,0.8564155415121901,0.1308486444332675,0.5331941861693624,0.0245390329558034,4.7124690463809494e-08,0.2842960401974271,0.0649846578565851,-0.0212003796950212,-0.0348727932345277,-0.0396337218469985
27,50,0.8888888955116272,0.7,0.4899999999999999,predicted_clean_axis,-0.0044470489109531,-0.0024911689569848,0.4665908034231648,0.9019475395519484,0.298687248831093,0.5331941861693624,0.0308593445082745,4.7198839127413875e-08,0.2842960401974271,0.0770562220397751,0.0203106916717097,0.0798472518044847,0.3165979774532289
27,50,0.8888888955116272,0.7,0.4899999999999999,oracle_clean_axis,0.2629094681986613,0.1454951514226554,0.4421858833768377,0.9019475395519484,0.2950717955725032,0.5331941861693624,0.0534984667545683,4.7208795223946015e-08,0.2842960401974271,0.1570815956763133,-0.0211178001757212,-0.0039536019098192,0.1452207899468556
27,50,0.8888888955116272,1.0,1.0,predicted_clean_axis,0.0100539565957805,0.0076089084341714,0.4825791379469822,0.945775895165577,0.4035252889293235,0.5331941861693624,0.0389627767861455,4.672083432181186e-08,0.2842960401974271,0.1489478261560021,0.0329180980974906,0.1374308703119758,0.5612404370919295
27,50,0.8888888955116272,1.0,1.0,oracle_clean_axis,0.1485298073951106,0.1107795703111011,0.4685146543332519,0.945775895165577,0.3976779063551365,0.5331941861693624,0.0655571238223135,4.7518049352072965e-08,0.2842960401974271,0.2216934826898299,-0.006544560579501,0.0564456660179402,0.3910304807436506
27,70,0.774193525314331,0.35,0.1224999999999999,predicted_clean_axis,0.0461143422983338,0.0103000151795101,0.2903778740624695,0.8077480087330087,0.0926090214346628,0.4146211476316365,0.0414281543049636,4.899261089786448e-08,0.1719106960476592,0.0147728107656786,0.0019677582704376,0.0101716256430602,0.0452876876948595
27,70,0.774193525314331,0.35,0.1224999999999999,oracle_clean_axis,0.929252507199806,0.2514262191951286,0.2705997975488161,0.8077480087330087,0.1121833158798814,0.4146211476316365,0.055483509433829,4.60266587650379e-08,0.1719106960476592,0.0863297443419541,-0.029438526910969,-0.0497261569819325,-0.0628487266038434
27,70,0.774193525314331,0.7,0.4899999999999999,predicted_clean_axis,0.0109871365996256,0.0086304411494034,0.3562226722581136,0.8981218396341084,0.3256866228508411,0.4146211476316365,0.0915945037123003,4.8744217100994414e-08,0.1719106960476592,0.1610334307553762,0.0351739223443742,0.1474749365034575,0.6034582402657492
27,70,0.774193525314331,0.7,0.4899999999999999,oracle_clean_axis,0.1882772516966276,0.1561667076562982,0.3425747815211638,0.8981218396341084,0.3439078219318857,0.4146211476316365,0.1209616812398097,4.6155343844826994e-08,0.1719106960476592,0.3015297295511512,-0.0217670122148799,0.0424645439440376,0.4289233613832642
27,70,0.774193525314331,1.0,1.0,predicted_clean_axis,0.0130870931365963,0.0139128758167181,0.3638140134544464,0.9218509622102876,0.4407833334549329,0.4146211476316365,0.1138393465812783,4.891014171615111e-08,0.1719106960476592,0.2973356432387719,0.0632408374095063,0.2677541141716075,1.1005979857535952
27,70,0.774193525314331,1.0,1.0,oracle_clean_axis,0.1267558593101229,0.1360225778179632,0.3521397754508765,0.9218509622102876,0.4449327835860721,0.4146211476316365,0.148226676312473,4.657119834954888e-08,0.1719106960476592,0.4338563215187347,-0.0010109871253953,0.1419228081718576,0.8596247460343084
27,85,0.5853658318519592,0.35,0.1224999999999999,predicted_clean_axis,0.002677285583029,0.000753177073336,0.2161791506951512,0.9165438338230742,0.0932388261143091,0.3314319749919179,0.0969057159108471,5.180714750102494e-08,0.1098471540253194,0.0199972827673065,0.0048404071998855,0.0195735134554638,0.0787178231336982
27,85,0.5853658318519592,0.35,0.1224999999999999,oracle_clean_axis,0.6820207536159737,0.2075622975276433,0.2083791844997423,0.9165438338230742,0.1008661127080337,0.3314319749919179,0.1152078862604866,5.178695130328821e-08,0.1098471540253194,0.0863231622278645,-0.0257954518151624,-0.0400134840978116,-0.0337172900655702
27,85,0.5853658318519592,0.7,0.4899999999999999,predicted_clean_axis,-0.0018537562916848,-0.0018092834657948,0.2952612980265316,0.944556779663866,0.3234807051382137,0.3314319749919179,0.2132539612611419,5.184359675103456e-08,0.1098471540253194,0.2363826833664124,0.0604200789855705,0.2399144384169921,0.9561259986173888
27,85,0.5853658318519592,0.7,0.4899999999999999,oracle_clean_axis,0.1480650054593672,0.1485515350595469,0.2921201678076161,0.944556779663866,0.3325210335833069,0.3314319749919179,0.2511690366836993,5.2099786508990484e-08,0.1098471540253194,0.4006853222259705,-0.0116084170005513,0.1026059954071866,0.7085033084475305
27,85,0.5853658318519592,1.0,1.0,predicted_clean_axis,0.0018654095663948,0.002574155357153,0.3136682675243418,0.9573910416549374,0.4573566091472909,0.3314319749919179,0.2635515315512681,5.2391170128559653e-08,0.1098471540253194,0.4796115532617756,0.1172387511496641,0.4725071874863631,1.8971331157208644
27,85,0.5853658318519592,1.0,1.0,oracle_clean_axis,0.0930067061590658,0.1305291088963165,0.3094878984676926,0.9573910416549374,0.4651440970444946,0.3314319749919179,0.3077830193058578,5.2746465106231584e-08,0.1098471540253194,0.6755987375303681,0.0315075893925602,0.30921981755695,1.6032581902012175
27,95,0.2962962985038757,0.35,0.1224999999999999,predicted_clean_axis,-0.0083980970445926,-0.0045849073752811,0.2043294068350464,0.9633385137717316,0.1276880440010224,0.2338840236416,0.1698378433987308,1.0162192103419236e-07,0.0547017365117032,0.072011143234579,0.0198801196577447,0.0770173668321792,0.3030632437311167
27,95,0.2962962985038757,0.35,0.1224999999999999,oracle_clean_axis,0.3573697273137402,0.2019228503122735,0.1899639225009927,0.9633385137717316,0.1321503336368337,0.2338840236416,0.1857363905066274,1.0562851395032223e-07,0.0547017365117032,0.1939047984399979,-0.0370924027853217,-0.0342781412808584,0.0910703745974224
27,95,0.2962962985038757,0.7,0.4899999999999999,predicted_clean_axis,-0.0024112158445328,-0.0036998806367628,0.23550211833593,0.9770034842978595,0.358882417051885,0.2338840236416,0.3724173642459539,1.0042712396700885e-07,0.0547017365117032,0.5829539055126725,0.1499964268459993,0.5943084400935554,2.3658792257933388
27,95,0.2962962985038757,0.7,0.4899999999999999,oracle_clean_axis,0.1035700154369763,0.16130845339136,0.226321121620813,0.9770034842978595,0.3642701989315857,0.2338840236416,0.4049308758656812,1.0536857143496395e-07,0.0547017365117032,0.8576727265702632,0.0259919004892322,0.3552026434947068,1.923280657054384
27,95,0.2962962985038757,1.0,1.0,predicted_clean_axis,-0.0012338620022078,-0.0025120972517853,0.2370494408136863,0.9823774183477344,0.476179193439159,0.2338840236416,0.4586821986250605,1.0150327308130104e-07,0.0547017365117032,1.0311716888068254,0.2616288248324186,1.0414007624887245,4.155373976273
27,95,0.2962962985038757,1.0,1.0,oracle_clean_axis,0.0685464133777926,0.1406414786980261,0.230321907639443,0.9823774183477344,0.4798762372511749,0.2338840236416,0.4962030721110325,1.0724069228725382e-07,0.0547017365117032,1.3410040701191632,0.1188280361704638,0.7638761198276246,3.6326324296020367
27,98,0.1403508782386779,0.35,0.1224999999999999,predicted_clean_axis,-0.00663105938683,-0.007446399550142,0.159539062592855,0.9782932741232182,0.1632693014350723,0.1453922028454092,0.1917144944412708,2.479438333676352e-07,0.0211388926468744,0.3068965367798551,0.0829956282618492,0.3236205209582161,1.2777580996545042
27,98,0.1403508782386779,0.35,0.1224999999999999,oracle_clean_axis,0.1453207854976093,0.1669528264576954,0.1441149778150325,0.9782932741232182,0.1670348747898213,0.1453922028454092,0.1993740433256108,2.528473984008094e-07,0.0211388926468744,0.5217731514931503,-0.0134104260186894,0.138163247781212,0.9362628948367868
27,98,0.1403508782386779,0.7,0.4899999999999999,predicted_clean_axis,-0.0015951130351543,-0.0044365819885267,0.1701917366410548,0.9869828366425746,0.4043879112013872,0.1453922028454092,0.4191103970045195,2.452659851716642e-07,0.0211388926468744,1.921649737867957,0.4896672298385166,1.9463291921920305,7.760637314444049
27,98,0.1403508782386779,0.7,0.4899999999999999,oracle_clean_axis,0.0492794075192614,0.1387154217330809,0.1568547969212369,0.9869828366425746,0.4092610230047839,0.1453922028454092,0.434662834869258,2.515302178219347e-07,0.0211388926468744,2.371348442193294,0.2999870764425779,1.590415017911306,7.142593495927211
27,98,0.1403508782386779,1.0,1.0,predicted_clean_axis,-0.0007665275550886,-0.0026798854588137,0.1724518246476631,0.989818525438996,0.5083110811134165,0.1453922028454092,0.5147875709374455,2.484960565278506e-07,0.0211388926468744,3.0463744891636564,0.7686205575604246,3.065112983215685,12.241713438810711
27,98,0.1403508782386779,1.0,1.0,oracle_clean_axis,0.0355977000028793,0.1255405708867995,0.1600018997627522,0.989818525438996,0.5127471759755728,0.1453922028454092,0.5326366715572212,2.5552910985988065e-07,0.0211388926468744,3.5520496417802763,0.5559593225927567,2.666574740840777,11.551773864302609
31,30,0.9491525292396544,0.35,0.1224999999999999,predicted_clean_axis,3.904191231993362,0.1258800762474268,0.489638236177875,0.7661573589216326,0.0210420433082585,0.6526224279198197,0.0029887731697916,4.5497225276357816e-08,0.4259160334501143,0.0043185536147783,-0.0019643582883269,-0.0037987708972789,-0.0070777590770584
31,30,0.9491525292396544,0.35,0.1224999999999999,oracle_clean_axis,5.037453908715325,0.2898147159412789,0.3432741978776,0.7661573589216326,0.0375466628562613,0.6526224279198197,0.0102960660670113,4.5123489929576275e-08,0.4259160334501143,0.0175010977843269,-0.008129937177827,-0.0158461332127631,-0.0300373018539628
31,30,0.9491525292396544,0.7,0.4899999999999999,predicted_clean_axis,1.1972907120205316,0.1275691821245029,0.5304453910482281,0.8582868027096993,0.0695357514511572,0.6526224279198197,0.0073376035145276,4.5722208482877526e-08,0.4259160334501143,0.0164303982548119,-0.0060866014329073,-0.0107541377361487,-0.0158320149536341
31,30,0.9491525292396544,0.7,0.4899999999999999,oracle_clean_axis,1.4494553942322137,0.2395652562106096,0.4247328562926862,0.8582868027096993,0.1078651055945182,0.6526224279198197,0.0223327000556563,4.52351042232522e-08,0.4259160334501143,0.0464245525624213,-0.0180902803545714,-0.0327658967580499,-0.0518731377117282
31,30,0.9491525292396544,1.0,1.0,predicted_clean_axis,0.6016707904618874,0.116380691581387,0.5712802646271231,0.9210540136037394,0.1262362253692349,0.6526224279198197,0.0099882662923446,4.53239049328714e-08,0.4259160334501143,0.0318651350557548,-0.0089172831126663,-0.0131577099485257,-0.0076079947898221
31,30,0.9491525292396544,1.0,1.0,oracle_clean_axis,0.7751899019457874,0.1978664597645303,0.4971993790056344,0.9210540136037394,0.1665812326131899,0.6526224279198197,0.027340268957048,4.4816341617377945e-08,0.4259160334501143,0.0667932342180752,-0.0211806058182611,-0.034217204109338,-0.0358583781099388
31,50,0.8888888955116272,0.35,0.1224999999999999,predicted_clean_axis,-0.3665970979093699,-0.0422869418933781,0.4073102411636713,0.6565696294583371,0.0631312790227485,0.5473023737540709,0.0126161691507134,4.7089885305524215e-08,0.2995398882558922,-0.0015513945211046,0.0032704975446571,0.0082041952787176,0.0230611913150482
31,50,0.8888888955116272,0.35,0.1224999999999999,oracle_clean_axis,1.763247340750973,0.2597783206287403,0.2965124169608482,0.6565696294583371,0.0806337762400378,0.5473023737540709,0.0238903525771683,4.691954833777545e-08,0.2995398882558922,0.0436995001113394,-0.0177798794021822,-0.0328465117020394,-0.0548400349947786
31,50,0.8888888955116272,0.7,0.4899999999999999,predicted_clean_axis,-0.1419784691631097,-0.0447472388329289,0.472933897055934,0.7312090958139309,0.1724928447007487,0.5473023737540709,0.028898039275566,4.7347565041122455e-08,0.2995398882558922,0.0107299533369168,0.0132597015293695,0.0389358551906246,0.1275375189087906
31,50,0.8888888955116272,0.7,0.4899999999999999,oracle_clean_axis,0.6049719481615594,0.2078922801361427,0.3997450525006825,0.7312090958139309,0.1880747342904434,0.5473023737540709,0.0518194111175627,4.6782976721443096e-08,0.2995398882558922,0.100962039749824,-0.0283394952408436,-0.0419179740589751,-0.0247918824271011
31,50,0.8888888955116272,1.0,1.0,predicted_clean_axis,-0.0409652034244231,-0.018815326432823,0.5028890193844362,0.8148189609687653,0.2513760938265563,0.5473023737540709,0.0370873005834945,4.6756111843006666e-08,0.2995398882558922,0.0440972868161653,0.0175057342130177,0.0613810535067692,0.2282404473364734
31,50,0.8888888955116272,1.0,1.0,oracle_clean_axis,0.3324169235214053,0.1620959105580994,0.4581736716121032,0.8148189609687653,0.2668801446222479,0.5473023737540709,0.0634386628537572,4.729487449924599e-08,0.2995398882558922,0.1384879068207268,-0.0246599424074957,-0.0195972108130795,0.0796962743814884
31,70,0.774193525314331,0.35,0.1224999999999999,predicted_clean_axis,0.0313960208939711,0.0070865968246365,0.2497028066944343,0.8521946702714075,0.0991185279164736,0.4391286043854853,0.0384577462384646,4.859685369634283e-08,0.1928339312056585,0.0143365344875467,0.0023844627739382,0.011137412226351,0.0477487711665998
31,70,0.774193525314331,0.35,0.1224999999999999,oracle_clean_axis,0.8153505625298421,0.2215523598084147,0.2227024128665151,0.8521946702714075,0.1193228815089205,0.4391286043854853,0.0541134568927067,4.6519476852685047e-08,0.1928339312056585,0.0786604722718944,-0.0254861184644245,-0.0417428251478335,-0.046568003171606
31,70,0.774193525314331,0.7,0.4899999999999999,predicted_clean_axis,-0.0044455995772954,-0.0027106643128034,0.32989296498431,0.881592660509627,0.2677547124842691,0.4391286043854853,0.0853167674924364,4.866659701955637e-08,0.1928339312056585,0.0912932173318497,0.0240629066758081,0.0945988235794383,0.3750896880701653
31,70,0.774193525314331,0.7,0.4899999999999999,oracle_clean_axis,0.2697961168889007,0.1775245934348051,0.2976483539041309,0.881592660509627,0.2889445847407365,0.4391286043854853,0.1173748883532502,4.650048606037202e-08,0.1928339312056585,0.2250498329392026,-0.0313453110485689,-0.0085708851497828,0.1993371774898542
31,70,0.774193525314331,1.0,1.0,predicted_clean_axis,-0.0093661087339066,-0.0076115422668323,0.3599895707102374,0.8968292137730529,0.3568660185157902,0.4391286043854853,0.1065258032160689,4.888852118872012e-08,0.1928339312056585,0.1589218932456463,0.0443697192009948,0.1712932156178689,0.6728015400992527
31,70,0.774193525314331,1.0,1.0,oracle_clean_axis,0.1843762392840708,0.156202907164626,0.3312320106851061,0.8968292137730529,0.3720282227824127,0.4391286043854853,0.1436933727995355,4.636666852139297e-08,0.1928339312056585,0.3117700417074314,-0.0213084084015312,0.0471009248317268,0.4530728162026121
31,85,0.5853658318519592,0.35,0.1224999999999999,predicted_clean_axis,-0.0161297553516331,-0.0041574720358174,0.2031845333456178,0.9015338056785116,0.0900865733337217,0.3495091189601222,0.0920888831036246,5.117539251746082e-08,0.1221566242082224,0.015537390582521,0.0046880442853094,0.0176805816216655,0.0685791354475177
31,85,0.5853658318519592,0.35,0.1224999999999999,oracle_clean_axis,0.7586078261582541,0.2183452477721322,0.1891738014176217,0.9015338056785116,0.100596978499992,0.3495091189601222,0.1132054332290874,5.11908748402465e-08,0.1221566242082224,0.083555527319128,-0.026244807277357,-0.0421343102999092,-0.0428474035805999
31,85,0.5853658318519592,0.7,0.4899999999999999,predicted_clean_axis,-0.0095547357748245,-0.0080417771477567,0.2714399191788874,0.9324661608943388,0.2941655857393622,0.3495091189601222,0.2018806324260997,5.139843284530227e-08,0.1221566242082224,0.1703267784485045,0.047657987217051,0.1838635587283043,0.7219174546334175
31,85,0.5853658318519592,0.7,0.4899999999999999,oracle_clean_axis,0.1850502906824236,0.1633093781584743,0.2618074731800153,0.9324661608943388,0.3084465129322555,0.3495091189601222,0.2455484434730086,5.2063360289439936e-08,0.1221566242082224,0.3388302453663337,-0.0233844858520778,0.0505847861832373,0.4905846039160456
31,85,0.5853658318519592,1.0,1.0,predicted_clean_axis,-0.006451180506298,-0.0074134832976523,0.2950459785433248,0.9406303622634692,0.4016443212615809,0.3495091189601222,0.2497652667129438,5.170334284978352e-08,0.1221566242082224,0.3216268285475286,0.0867962044953037,0.338665488169986,1.337623293057487
31,85,0.5853658318519592,1.0,1.0,oracle_clean_axis,0.1290057219634026,0.1516363097091222,0.2863384811992864,0.9406303622634692,0.4108211031432739,0.3495091189601222,0.300606752521655,5.252312018274263e-08,0.1221566242082224,0.5236417107771824,-0.0027671918821217,0.1671680585734032,1.0251458864973917
31,95,0.2962962985038757,0.35,0.1224999999999999,predicted_clean_axis,0.0070440715589398,0.0036732332755747,0.169899514542183,0.960130398485708,0.1262145334073674,0.2420385906366335,0.1672152073261057,9.864862322182045e-08,0.0585826793619141,0.069896767771492,0.0160375963671347,0.06606584623619,0.2680943064800621
31,95,0.2962962985038757,0.35,0.1224999999999999,oracle_clean_axis,0.4036621370218084,0.2198644876034059,0.1566402127316472,0.960130398485708,0.1318322573011075,0.2420385906366335,0.1854476789066941,1.025245105792558e-07,0.0585826793619141,0.193922175816284,-0.0413353970435171,-0.0455870001772847,0.0571611752844297
31,95,0.2962962985038757,0.7,0.4899999999999999,predicted_clean_axis,0.0015197362051626,0.0021567884795935,0.2042110743486348,0.9747583536200491,0.3434978005582847,0.2420385906366335,0.3648301394983218,9.818053623313257e-08,0.0585826793619141,0.506583172164123,0.1243501298873844,0.5004614037543997,2.007967383427321
31,95,0.2962962985038757,0.7,0.4899999999999999,oracle_clean_axis,0.1221510113045397,0.1767632801367655,0.1963334529655038,0.9747583536200491,0.3502511747033004,0.2420385906366335,0.4022456131284526,1.0276427375273028e-07,0.0585826793619141,0.7793080703222371,0.0029829824604973,0.267723976668739,1.5824800003284538
31,95,0.2962962985038757,1.0,1.0,predicted_clean_axis,0.0011059102466432,0.0020325281738878,0.2156480236971059,0.9787284168790584,0.4448374143654822,0.2420385906366335,0.4492883758726024,9.779377084269543e-08,0.0585826793619141,0.8481844757575913,0.2092444647567727,0.8407133979372574,3.370324669569363
31,95,0.2962962985038757,1.0,1.0,oracle_clean_axis,0.0873977585724237,0.1623579578558014,0.2097212695924151,0.9787284168790584,0.4496327130116965,0.2420385906366335,0.4924394787966444,1.0362295298728965e-07,0.0585826793619141,1.1643639850977918,0.0648829083280607,0.5611424172407594,2.84779123682007
31,98,0.1403508782386779,0.35,0.1224999999999999,predicted_clean_axis,0.0020593395358414,0.0022419772302993,0.1385953686877005,0.976558947579726,0.1606148287099295,0.1475306984989268,0.1914993640709792,2.427970452567214e-07,0.0217653069978821,0.2987509359001936,0.0728571245309396,0.2938693107159033,1.1803588680479034
31,98,0.1403508782386779,0.35,0.1224999999999999,oracle_clean_axis,0.1634438694884646,0.1825374703363426,0.1233597857389758,0.976558947579726,0.1647653141425926,0.1475306984989268,0.1998727526631431,2.44785881213919e-07,0.0217653069978821,0.5156836247348773,-0.0239752907470273,0.107960432919553,0.8395649234935358
31,98,0.1403508782386779,0.7,0.4899999999999999,predicted_clean_axis,0.001301924815446,0.0034406605753715,0.1577411208639327,0.9855261142022288,0.3898866140041803,0.1475306984989268,0.4165224537107289,2.39393606323064e-07,0.0217653069978821,1.7551234441747643,0.4319612592083418,1.7369378392804993,6.965936962016263
31,98,0.1403508782386779,0.7,0.4899999999999999,oracle_clean_axis,0.057549639016053,0.1541905777179794,0.1449463756031299,0.9855261142022288,0.3952734373597239,0.1475306984989268,0.4335343444231875,2.43489525586146e-07,0.0217653069978821,2.2077286076924256,0.2420944014804634,1.3814946065120444,6.352212427228559
31,98,0.1403508782386779,1.0,1.0,predicted_clean_axis,0.0011351125169522,0.0037400703798586,0.1661097630362143,0.9878717063024434,0.486097358046218,0.1475306984989268,0.5112302229128983,2.40769434727476e-07,0.0217653069978821,2.7263974197403877,0.672357015829867,2.7017511821264413,10.831650966119712
31,98,0.1403508782386779,1.0,1.0,oracle_clean_axis,0.0432156597388204,0.1438632755562106,0.1537741892348026,0.9878717063024434,0.491124042984023,0.1475306984989268,0.5307439526031758,2.4527051468833856e-07,0.0217653069978821,3.249411811365354,0.4531664534727841,2.291581146382542,10.12415525051298
