/home/zhoushunyu/miniconda3/envs/myenv/lib/python3.10/site-packages/torch/distributed/c10d_logger.py:83: UserWarning: barrier(): using the device under current context. You can specify `device_id` in `init_process_group` to mute this warning.
  return func(*args, **kwargs)
/data/users/zhoushunyu/research_repos/JiT/model_jit.py:99: FutureWarning: `torch.cuda.amp.autocast(args...)` is deprecated. Please use `torch.amp.autocast('cuda', args...)` instead.
  with torch.cuda.amp.autocast(enabled=False):
/data/users/zhoushunyu/research_repos/JiT/model_jit.py:99: FutureWarning: `torch.cuda.amp.autocast(args...)` is deprecated. Please use `torch.amp.autocast('cuda', args...)` instead.
  with torch.cuda.amp.autocast(enabled=False):
/data/users/zhoushunyu/research_repos/JiT/model_jit.py:99: FutureWarning: `torch.cuda.amp.autocast(args...)` is deprecated. Please use `torch.amp.autocast('cuda', args...)` instead.
  with torch.cuda.amp.autocast(enabled=False):
/data/users/zhoushunyu/research_repos/JiT/model_jit.py:99: FutureWarning: `torch.cuda.amp.autocast(args...)` is deprecated. Please use `torch.amp.autocast('cuda', args...)` instead.
  with torch.cuda.amp.autocast(enabled=False):
{"step": 1, "steps": 50000, "loss_depth4": 0.9833459854125977, "loss_depth8": 0.9833459854125977, "seconds_per_step": 1.8182511031627655, "elapsed_seconds": 1.8182511031627655, "peak_memory_bytes": 1613843456}
{"step": 50, "steps": 50000, "loss_depth4": 0.6493470072746277, "loss_depth8": 0.6819272637367249, "seconds_per_step": 0.11767426518039131, "elapsed_seconds": 7.58429009700194, "peak_memory_bytes": 1783042048}
{"step": 100, "steps": 50000, "loss_depth4": 0.3061431050300598, "loss_depth8": 0.36831778287887573, "seconds_per_step": 0.1168091095238924, "elapsed_seconds": 13.42474557319656, "peak_memory_bytes": 1783042048}
{"step": 150, "steps": 50000, "loss_depth4": 0.1725907027721405, "loss_depth8": 0.22138135135173798, "seconds_per_step": 0.11704030849970877, "elapsed_seconds": 19.276760998182, "peak_memory_bytes": 1783042048}
{"step": 200, "steps": 50000, "loss_depth4": 0.13336870074272156, "loss_depth8": 0.1613292098045349, "seconds_per_step": 0.11728348089382053, "elapsed_seconds": 25.140935042873025, "peak_memory_bytes": 1783042048}
{"step": 250, "steps": 50000, "loss_depth4": 0.12171249091625214, "loss_depth8": 0.13791567087173462, "seconds_per_step": 0.11878010684624314, "elapsed_seconds": 31.079940385185182, "peak_memory_bytes": 1783042048}
{"step": 300, "steps": 50000, "loss_depth4": 0.11533049494028091, "loss_depth8": 0.12488856166601181, "seconds_per_step": 0.11831275215372443, "elapsed_seconds": 36.995577992871404, "peak_memory_bytes": 1783042048}
{"step": 350, "steps": 50000, "loss_depth4": 0.11204056441783905, "loss_depth8": 0.11755820363759995, "seconds_per_step": 0.11662817312404514, "elapsed_seconds": 42.82698664907366, "peak_memory_bytes": 1783042048}
{"step": 400, "steps": 50000, "loss_depth4": 0.10674167424440384, "loss_depth8": 0.11046580970287323, "seconds_per_step": 0.116940573817119, "elapsed_seconds": 48.67401533992961, "peak_memory_bytes": 1783042048}
{"step": 450, "steps": 50000, "loss_depth4": 0.10720733553171158, "loss_depth8": 0.1089121475815773, "seconds_per_step": 0.11597550858743488, "elapsed_seconds": 54.472790769301355, "peak_memory_bytes": 1783042048}
{"step": 500, "steps": 50000, "loss_depth4": 0.10497608780860901, "loss_depth8": 0.10632669180631638, "seconds_per_step": 0.11706848671659827, "elapsed_seconds": 60.32621510513127, "peak_memory_bytes": 1783042048}
{"step": 550, "steps": 50000, "loss_depth4": 0.10369805991649628, "loss_depth8": 0.1045217290520668, "seconds_per_step": 0.11451290084049105, "elapsed_seconds": 66.05186014715582, "peak_memory_bytes": 1783042048}
{"step": 600, "steps": 50000, "loss_depth4": 0.10143358260393143, "loss_depth8": 0.10199607908725739, "seconds_per_step": 0.11392860155552625, "elapsed_seconds": 71.74829022493213, "peak_memory_bytes": 1783042048}
{"step": 650, "steps": 50000, "loss_depth4": 0.10275157541036606, "loss_depth8": 0.10248156636953354, "seconds_per_step": 0.11532082252204418, "elapsed_seconds": 77.51433135103434, "peak_memory_bytes": 1783042048}
{"step": 700, "steps": 50000, "loss_depth4": 0.10200149565935135, "loss_depth8": 0.10142378509044647, "seconds_per_step": 0.11547208609990775, "elapsed_seconds": 83.28793565602973, "peak_memory_bytes": 1783042048}
{"step": 750, "steps": 50000, "loss_depth4": 0.09813296794891357, "loss_depth8": 0.09815730154514313, "seconds_per_step": 0.11652840480208397, "elapsed_seconds": 89.11435589613393, "peak_memory_bytes": 1783042048}
{"step": 800, "steps": 50000, "loss_depth4": 0.09973523765802383, "loss_depth8": 0.09918113797903061, "seconds_per_step": 0.11323580977506936, "elapsed_seconds": 94.7761463848874, "peak_memory_bytes": 1783042048}
{"step": 850, "steps": 50000, "loss_depth4": 0.09895206242799759, "loss_depth8": 0.09847687184810638, "seconds_per_step": 0.11651481552049518, "elapsed_seconds": 100.60188716091216, "peak_memory_bytes": 1783042048}
{"step": 900, "steps": 50000, "loss_depth4": 0.09795186668634415, "loss_depth8": 0.09736351668834686, "seconds_per_step": 0.11493836952373386, "elapsed_seconds": 106.34880563709885, "peak_memory_bytes": 1783042048}
{"step": 950, "steps": 50000, "loss_depth4": 0.09816329926252365, "loss_depth8": 0.09764557331800461, "seconds_per_step": 0.1159144941624254, "elapsed_seconds": 112.14453034522012, "peak_memory_bytes": 1783042048}
{"step": 1000, "steps": 50000, "loss_depth4": 0.09441164880990982, "loss_depth8": 0.09434083849191666, "seconds_per_step": 0.11387808883562683, "elapsed_seconds": 117.83843478700146, "peak_memory_bytes": 1783042048}
{"step": 1050, "steps": 50000, "loss_depth4": 0.09773777425289154, "loss_depth8": 0.097046859562397, "seconds_per_step": 0.11626242253929377, "elapsed_seconds": 123.65155591396615, "peak_memory_bytes": 1783042048}
{"step": 1100, "steps": 50000, "loss_depth4": 0.09682951867580414, "loss_depth8": 0.0961964800953865, "seconds_per_step": 0.11379854104481638, "elapsed_seconds": 129.34148296620697, "peak_memory_bytes": 1783042048}
{"step": 1150, "steps": 50000, "loss_depth4": 0.09616055339574814, "loss_depth8": 0.09565398097038269, "seconds_per_step": 0.11407447685487568, "elapsed_seconds": 135.04520680895075, "peak_memory_bytes": 1783042048}
{"step": 1200, "steps": 50000, "loss_depth4": 0.09542820602655411, "loss_depth8": 0.09490881860256195, "seconds_per_step": 0.11378501140512526, "elapsed_seconds": 140.73445737920702, "peak_memory_bytes": 1783042048}
{"step": 1250, "steps": 50000, "loss_depth4": 0.09685306251049042, "loss_depth8": 0.09612877666950226, "seconds_per_step": 0.11514411177486181, "elapsed_seconds": 146.4916629679501, "peak_memory_bytes": 1783042048}
{"step": 1300, "steps": 50000, "loss_depth4": 0.0955151841044426, "loss_depth8": 0.09515602141618729, "seconds_per_step": 0.11585046938620508, "elapsed_seconds": 152.28418643726036, "peak_memory_bytes": 1783042048}
{"step": 1350, "steps": 50000, "loss_depth4": 0.09669448435306549, "loss_depth8": 0.09591272473335266, "seconds_per_step": 0.11439383301883936, "elapsed_seconds": 158.00387808820233, "peak_memory_bytes": 1783042048}
{"step": 1400, "steps": 50000, "loss_depth4": 0.09509339928627014, "loss_depth8": 0.09460555762052536, "seconds_per_step": 0.11489347459748388, "elapsed_seconds": 163.74855181807652, "peak_memory_bytes": 1783042048}
{"step": 1450, "steps": 50000, "loss_depth4": 0.09489614516496658, "loss_depth8": 0.09456603974103928, "seconds_per_step": 0.1144699400383979, "elapsed_seconds": 169.47204881999642, "peak_memory_bytes": 1783042048}
{"step": 1500, "steps": 50000, "loss_depth4": 0.09582533687353134, "loss_depth8": 0.095131054520607, "seconds_per_step": 0.11531837626360357, "elapsed_seconds": 175.2379676331766, "peak_memory_bytes": 1783042048}
{"step": 1550, "steps": 50000, "loss_depth4": 0.09389425069093704, "loss_depth8": 0.09352932125329971, "seconds_per_step": 0.11402423101477326, "elapsed_seconds": 180.93917918391526, "peak_memory_bytes": 1783042048}
{"step": 1600, "steps": 50000, "loss_depth4": 0.09439824521541595, "loss_depth8": 0.09402728825807571, "seconds_per_step": 0.11424288192763925, "elapsed_seconds": 186.65132328029722, "peak_memory_bytes": 1783042048}
{"step": 1650, "steps": 50000, "loss_depth4": 0.09496362507343292, "loss_depth8": 0.09444016963243484, "seconds_per_step": 0.11415212268009782, "elapsed_seconds": 192.3589294143021, "peak_memory_bytes": 1783042048}
{"step": 1700, "steps": 50000, "loss_depth4": 0.09622752666473389, "loss_depth8": 0.09557395428419113, "seconds_per_step": 0.11464895769953727, "elapsed_seconds": 198.09137729927897, "peak_memory_bytes": 1783042048}
{"step": 1750, "steps": 50000, "loss_depth4": 0.09562752395868301, "loss_depth8": 0.09515056759119034, "seconds_per_step": 0.11531101279892027, "elapsed_seconds": 203.856927939225, "peak_memory_bytes": 1783042048}
{"step": 1800, "steps": 50000, "loss_depth4": 0.09459839016199112, "loss_depth8": 0.09408515691757202, "seconds_per_step": 0.1141940763965249, "elapsed_seconds": 209.56663175905123, "peak_memory_bytes": 1783042048}
{"step": 1850, "steps": 50000, "loss_depth4": 0.09352380782365799, "loss_depth8": 0.09331464767456055, "seconds_per_step": 0.11534276885911822, "elapsed_seconds": 215.33377020200714, "peak_memory_bytes": 1783042048}
{"step": 1900, "steps": 50000, "loss_depth4": 0.09440365433692932, "loss_depth8": 0.0938543751835823, "seconds_per_step": 0.11503247042186558, "elapsed_seconds": 221.08539372310042, "peak_memory_bytes": 1783042048}
{"step": 1950, "steps": 50000, "loss_depth4": 0.09532798826694489, "loss_depth8": 0.09463399648666382, "seconds_per_step": 0.1149384752009064, "elapsed_seconds": 226.83231748314574, "peak_memory_bytes": 1783042048}
{"step": 2000, "steps": 50000, "loss_depth4": 0.09400889277458191, "loss_depth8": 0.09344291687011719, "seconds_per_step": 0.11452417708002031, "elapsed_seconds": 232.55852633714676, "peak_memory_bytes": 1783042048}
{"step": 2050, "steps": 50000, "loss_depth4": 0.09446411579847336, "loss_depth8": 0.09392432868480682, "seconds_per_step": 0.11830276995897293, "elapsed_seconds": 238.4736648350954, "peak_memory_bytes": 1783042048}
{"step": 2100, "steps": 50000, "loss_depth4": 0.09356273710727692, "loss_depth8": 0.09324909746646881, "seconds_per_step": 0.12036040091887117, "elapsed_seconds": 244.49168488103896, "peak_memory_bytes": 1783042048}
{"step": 2150, "steps": 50000, "loss_depth4": 0.09502159804105759, "loss_depth8": 0.0942964181303978, "seconds_per_step": 0.11640146845951677, "elapsed_seconds": 250.3117583040148, "peak_memory_bytes": 1783042048}
{"step": 2200, "steps": 50000, "loss_depth4": 0.09328155219554901, "loss_depth8": 0.09276276081800461, "seconds_per_step": 0.11665618971921504, "elapsed_seconds": 256.14456778997555, "peak_memory_bytes": 1783042048}
{"step": 2250, "steps": 50000, "loss_depth4": 0.09361813962459564, "loss_depth8": 0.09306985884904861, "seconds_per_step": 0.11616351778618991, "elapsed_seconds": 261.95274367928505, "peak_memory_bytes": 1783042048}
{"step": 2300, "steps": 50000, "loss_depth4": 0.09301500022411346, "loss_depth8": 0.09273038804531097, "seconds_per_step": 0.11686702129431069, "elapsed_seconds": 267.7960947440006, "peak_memory_bytes": 1783042048}
{"step": 2350, "steps": 50000, "loss_depth4": 0.09448739886283875, "loss_depth8": 0.09381425380706787, "seconds_per_step": 0.1168007046636194, "elapsed_seconds": 273.63612997718155, "peak_memory_bytes": 1783042048}
{"step": 2400, "steps": 50000, "loss_depth4": 0.09321413189172745, "loss_depth8": 0.0927581787109375, "seconds_per_step": 0.11841868866235018, "elapsed_seconds": 279.55706441029906, "peak_memory_bytes": 1783042048}
{"step": 2450, "steps": 50000, "loss_depth4": 0.09470578283071518, "loss_depth8": 0.09405652433633804, "seconds_per_step": 0.11581980133429169, "elapsed_seconds": 285.34805447701365, "peak_memory_bytes": 1783042048}
{"step": 2500, "steps": 50000, "loss_depth4": 0.09381970018148422, "loss_depth8": 0.09336305409669876, "seconds_per_step": 0.11292423460632563, "elapsed_seconds": 290.99426620732993, "peak_memory_bytes": 1783042048}
{"step": 2550, "steps": 50000, "loss_depth4": 0.09351067990064621, "loss_depth8": 0.09296444058418274, "seconds_per_step": 0.11560341543518007, "elapsed_seconds": 296.77443697908893, "peak_memory_bytes": 1783042048}
{"step": 2600, "steps": 50000, "loss_depth4": 0.093302421271801, "loss_depth8": 0.09296604245901108, "seconds_per_step": 0.11790986011736095, "elapsed_seconds": 302.669929984957, "peak_memory_bytes": 1783042048}
{"step": 2650, "steps": 50000, "loss_depth4": 0.0926593765616417, "loss_depth8": 0.09238740801811218, "seconds_per_step": 0.11723212188109755, "elapsed_seconds": 308.53153607901186, "peak_memory_bytes": 1783042048}
{"step": 2700, "steps": 50000, "loss_depth4": 0.093388132750988, "loss_depth8": 0.09295783936977386, "seconds_per_step": 0.1154279345832765, "elapsed_seconds": 314.3029328081757, "peak_memory_bytes": 1783042048}
{"step": 2750, "steps": 50000, "loss_depth4": 0.09251218289136887, "loss_depth8": 0.09205303341150284, "seconds_per_step": 0.11653180181980133, "elapsed_seconds": 320.12952289916575, "peak_memory_bytes": 1783042048}
{"step": 2800, "steps": 50000, "loss_depth4": 0.09342709183692932, "loss_depth8": 0.09271526336669922, "seconds_per_step": 0.11301532429642976, "elapsed_seconds": 325.78028911398724, "peak_memory_bytes": 1783042048}
{"step": 2850, "steps": 50000, "loss_depth4": 0.0934523493051529, "loss_depth8": 0.09284123033285141, "seconds_per_step": 0.11349511286243796, "elapsed_seconds": 331.45504475710914, "peak_memory_bytes": 1783042048}
{"step": 2900, "steps": 50000, "loss_depth4": 0.09414346516132355, "loss_depth8": 0.09357333183288574, "seconds_per_step": 0.11464645723812282, "elapsed_seconds": 337.1873676190153, "peak_memory_bytes": 1783042048}
{"step": 2950, "steps": 50000, "loss_depth4": 0.09248838573694229, "loss_depth8": 0.09210938215255737, "seconds_per_step": 0.11535488845780492, "elapsed_seconds": 342.9551120419055, "peak_memory_bytes": 1783042048}
{"step": 3000, "steps": 50000, "loss_depth4": 0.09351549297571182, "loss_depth8": 0.09289899468421936, "seconds_per_step": 0.11514054580591619, "elapsed_seconds": 348.71213933220133, "peak_memory_bytes": 1783042048}
{"step": 3050, "steps": 50000, "loss_depth4": 0.09278246760368347, "loss_depth8": 0.09216175228357315, "seconds_per_step": 0.11802903169766069, "elapsed_seconds": 354.61359091708437, "peak_memory_bytes": 1783042048}
{"step": 3100, "steps": 50000, "loss_depth4": 0.09430040419101715, "loss_depth8": 0.09337209165096283, "seconds_per_step": 0.1138518892787397, "elapsed_seconds": 360.30618538102135, "peak_memory_bytes": 1783042048}
{"step": 3150, "steps": 50000, "loss_depth4": 0.09245559573173523, "loss_depth8": 0.09188417345285416, "seconds_per_step": 0.113066145516932, "elapsed_seconds": 365.95949265686795, "peak_memory_bytes": 1783042048}
{"step": 3200, "steps": 50000, "loss_depth4": 0.09306488931179047, "loss_depth8": 0.09245471656322479, "seconds_per_step": 0.11126023782417178, "elapsed_seconds": 371.52250454807654, "peak_memory_bytes": 1783042048}
{"step": 3250, "steps": 50000, "loss_depth4": 0.09218952059745789, "loss_depth8": 0.09171200543642044, "seconds_per_step": 0.11206417876295745, "elapsed_seconds": 377.1257134862244, "peak_memory_bytes": 1783042048}
{"step": 3300, "steps": 50000, "loss_depth4": 0.0916767492890358, "loss_depth8": 0.09134980291128159, "seconds_per_step": 0.11080506823956966, "elapsed_seconds": 382.6659668982029, "peak_memory_bytes": 1783042048}
{"step": 3350, "steps": 50000, "loss_depth4": 0.09279143810272217, "loss_depth8": 0.09221021085977554, "seconds_per_step": 0.11088489471934736, "elapsed_seconds": 388.21021163417026, "peak_memory_bytes": 1783042048}
{"step": 3400, "steps": 50000, "loss_depth4": 0.09213098138570786, "loss_depth8": 0.09176620095968246, "seconds_per_step": 0.11100619089789689, "elapsed_seconds": 393.7605211790651, "peak_memory_bytes": 1783042048}
{"step": 3450, "steps": 50000, "loss_depth4": 0.09215091168880463, "loss_depth8": 0.0918281227350235, "seconds_per_step": 0.11045846446417272, "elapsed_seconds": 399.28344440227374, "peak_memory_bytes": 1783042048}
{"step": 3500, "steps": 50000, "loss_depth4": 0.09221285581588745, "loss_depth8": 0.09170549362897873, "seconds_per_step": 0.11073382733389735, "elapsed_seconds": 404.8201357689686, "peak_memory_bytes": 1783042048}
{"step": 3550, "steps": 50000, "loss_depth4": 0.09256701916456223, "loss_depth8": 0.0920201763510704, "seconds_per_step": 0.1107206052262336, "elapsed_seconds": 410.3561660302803, "peak_memory_bytes": 1783042048}
{"step": 3600, "steps": 50000, "loss_depth4": 0.0939704105257988, "loss_depth8": 0.09336284548044205, "seconds_per_step": 0.1116238612588495, "elapsed_seconds": 415.93735909322277, "peak_memory_bytes": 1783042048}
{"step": 3650, "steps": 50000, "loss_depth4": 0.09249313175678253, "loss_depth8": 0.09200941771268845, "seconds_per_step": 0.11262889102101326, "elapsed_seconds": 421.56880364427343, "peak_memory_bytes": 1783042048}
{"step": 3700, "steps": 50000, "loss_depth4": 0.09211107343435287, "loss_depth8": 0.09140938520431519, "seconds_per_step": 0.11288667423650622, "elapsed_seconds": 427.21313735609874, "peak_memory_bytes": 1783042048}
{"step": 3750, "steps": 50000, "loss_depth4": 0.09238526970148087, "loss_depth8": 0.09151314198970795, "seconds_per_step": 0.11397725362330675, "elapsed_seconds": 432.9120000372641, "peak_memory_bytes": 1783042048}
{"step": 3800, "steps": 50000, "loss_depth4": 0.09210806339979172, "loss_depth8": 0.091554656624794, "seconds_per_step": 0.11580750923603773, "elapsed_seconds": 438.70237549906597, "peak_memory_bytes": 1783042048}
{"step": 3850, "steps": 50000, "loss_depth4": 0.09264405816793442, "loss_depth8": 0.09204349666833878, "seconds_per_step": 0.11256268312223255, "elapsed_seconds": 444.3305096551776, "peak_memory_bytes": 1783042048}
{"step": 3900, "steps": 50000, "loss_depth4": 0.09199967235326767, "loss_depth8": 0.09147092700004578, "seconds_per_step": 0.11231566454283894, "elapsed_seconds": 449.94629288231954, "peak_memory_bytes": 1783042048}
{"step": 3950, "steps": 50000, "loss_depth4": 0.0924210250377655, "loss_depth8": 0.09174460917711258, "seconds_per_step": 0.11104954415932297, "elapsed_seconds": 455.4987700902857, "peak_memory_bytes": 1783042048}
{"step": 4000, "steps": 50000, "loss_depth4": 0.09039903432130814, "loss_depth8": 0.09015844017267227, "seconds_per_step": 0.1130369667802006, "elapsed_seconds": 461.1506184292957, "peak_memory_bytes": 1783042048}
{"step": 4050, "steps": 50000, "loss_depth4": 0.09150701016187668, "loss_depth8": 0.09111053496599197, "seconds_per_step": 0.11252028533257544, "elapsed_seconds": 466.7766326959245, "peak_memory_bytes": 1783042048}
{"step": 4100, "steps": 50000, "loss_depth4": 0.09344734996557236, "loss_depth8": 0.09275432676076889, "seconds_per_step": 0.11344426962547004, "elapsed_seconds": 472.448846177198, "peak_memory_bytes": 1783042048}
{"step": 4150, "steps": 50000, "loss_depth4": 0.09314878284931183, "loss_depth8": 0.09230812638998032, "seconds_per_step": 0.12010439120233059, "elapsed_seconds": 478.4540657373145, "peak_memory_bytes": 1783042048}
{"step": 4200, "steps": 50000, "loss_depth4": 0.091314896941185, "loss_depth8": 0.09082219004631042, "seconds_per_step": 0.1108430112991482, "elapsed_seconds": 483.99621630227193, "peak_memory_bytes": 1783042048}
{"step": 4250, "steps": 50000, "loss_depth4": 0.09284881502389908, "loss_depth8": 0.0921834334731102, "seconds_per_step": 0.11627824681811035, "elapsed_seconds": 489.81012864317745, "peak_memory_bytes": 1783042048}
{"step": 4300, "steps": 50000, "loss_depth4": 0.09215495735406876, "loss_depth8": 0.09178536385297775, "seconds_per_step": 0.11562568565830589, "elapsed_seconds": 495.59141292609274, "peak_memory_bytes": 1783042048}
{"step": 4350, "steps": 50000, "loss_depth4": 0.09086115658283234, "loss_depth8": 0.09046521037817001, "seconds_per_step": 0.1112650426570326, "elapsed_seconds": 501.1546650589444, "peak_memory_bytes": 1783042048}
{"step": 4400, "steps": 50000, "loss_depth4": 0.09220604598522186, "loss_depth8": 0.0917811170220375, "seconds_per_step": 0.11106758002191781, "elapsed_seconds": 506.70804406004027, "peak_memory_bytes": 1783042048}
{"step": 4450, "steps": 50000, "loss_depth4": 0.09216473996639252, "loss_depth8": 0.09134303033351898, "seconds_per_step": 0.11047620966099203, "elapsed_seconds": 512.2318545430899, "peak_memory_bytes": 1783042048}
{"step": 4500, "steps": 50000, "loss_depth4": 0.09370862692594528, "loss_depth8": 0.0927840992808342, "seconds_per_step": 0.11173331383615732, "elapsed_seconds": 517.8185202348977, "peak_memory_bytes": 1783042048}
{"step": 4550, "steps": 50000, "loss_depth4": 0.09154072403907776, "loss_depth8": 0.09085026383399963, "seconds_per_step": 0.1122319242823869, "elapsed_seconds": 523.4301164490171, "peak_memory_bytes": 1783042048}
{"step": 4600, "steps": 50000, "loss_depth4": 0.09246751666069031, "loss_depth8": 0.09200845658779144, "seconds_per_step": 0.11368861090391874, "elapsed_seconds": 529.114546994213, "peak_memory_bytes": 1783042048}
{"step": 4650, "steps": 50000, "loss_depth4": 0.09168783575296402, "loss_depth8": 0.09119752049446106, "seconds_per_step": 0.11145683064125478, "elapsed_seconds": 534.6873885262758, "peak_memory_bytes": 1783042048}
{"step": 4700, "steps": 50000, "loss_depth4": 0.0912747010588646, "loss_depth8": 0.0908256322145462, "seconds_per_step": 0.11506372317671776, "elapsed_seconds": 540.4405746851116, "peak_memory_bytes": 1783042048}
{"step": 4750, "steps": 50000, "loss_depth4": 0.0918026715517044, "loss_depth8": 0.09148319810628891, "seconds_per_step": 0.11373836087994277, "elapsed_seconds": 546.1274927291088, "peak_memory_bytes": 1783042048}
{"step": 4800, "steps": 50000, "loss_depth4": 0.09119048714637756, "loss_depth8": 0.09085004776716232, "seconds_per_step": 0.11259650588035583, "elapsed_seconds": 551.7573180231266, "peak_memory_bytes": 1783042048}
{"step": 4850, "steps": 50000, "loss_depth4": 0.09128043800592422, "loss_depth8": 0.09078486263751984, "seconds_per_step": 0.11117033488117159, "elapsed_seconds": 557.3158347671852, "peak_memory_bytes": 1783042048}
{"step": 4900, "steps": 50000, "loss_depth4": 0.09079122543334961, "loss_depth8": 0.0904364213347435, "seconds_per_step": 0.11416862782090903, "elapsed_seconds": 563.0242661582306, "peak_memory_bytes": 1783042048}
{"step": 4950, "steps": 50000, "loss_depth4": 0.09107916802167892, "loss_depth8": 0.09055815637111664, "seconds_per_step": 0.11223965929821134, "elapsed_seconds": 568.6362491231412, "peak_memory_bytes": 1783042048}
{"step": 5000, "steps": 50000, "loss_depth4": 0.09190395474433899, "loss_depth8": 0.09141276776790619, "seconds_per_step": 0.11191733364015817, "elapsed_seconds": 574.2321158051491, "peak_memory_bytes": 1783042048}
{"step": 5050, "steps": 50000, "loss_depth4": 0.09177562594413757, "loss_depth8": 0.09129954874515533, "seconds_per_step": 0.17480743040330707, "elapsed_seconds": 582.9724873253144, "peak_memory_bytes": 1783042048}
{"step": 5100, "steps": 50000, "loss_depth4": 0.09191153943538666, "loss_depth8": 0.09128428250551224, "seconds_per_step": 0.1168059098534286, "elapsed_seconds": 588.8127828179859, "peak_memory_bytes": 1783042048}
{"step": 5150, "steps": 50000, "loss_depth4": 0.09144483506679535, "loss_depth8": 0.09115534275770187, "seconds_per_step": 0.11694834333844482, "elapsed_seconds": 594.6601999849081, "peak_memory_bytes": 1783042048}
{"step": 5200, "steps": 50000, "loss_depth4": 0.09162598103284836, "loss_depth8": 0.09120212495326996, "seconds_per_step": 0.11831466910429299, "elapsed_seconds": 600.5759334401228, "peak_memory_bytes": 1783042048}
{"step": 5250, "steps": 50000, "loss_depth4": 0.09067828953266144, "loss_depth8": 0.09031936526298523, "seconds_per_step": 0.11863321426324547, "elapsed_seconds": 606.507594153285, "peak_memory_bytes": 1783042048}
{"step": 5300, "steps": 50000, "loss_depth4": 0.09157706052064896, "loss_depth8": 0.0910724401473999, "seconds_per_step": 0.1214347932767123, "elapsed_seconds": 612.5793338171206, "peak_memory_bytes": 1783042048}
{"step": 5350, "steps": 50000, "loss_depth4": 0.09185007959604263, "loss_depth8": 0.09120162576436996, "seconds_per_step": 0.11589249606244266, "elapsed_seconds": 618.3739586202428, "peak_memory_bytes": 1783042048}
{"step": 5400, "steps": 50000, "loss_depth4": 0.09337237477302551, "loss_depth8": 0.09266454726457596, "seconds_per_step": 0.123363028857857, "elapsed_seconds": 624.5421100631356, "peak_memory_bytes": 1783042048}
{"step": 5450, "steps": 50000, "loss_depth4": 0.09064722806215286, "loss_depth8": 0.0903937965631485, "seconds_per_step": 0.1120334388036281, "elapsed_seconds": 630.143782003317, "peak_memory_bytes": 1783042048}
{"step": 5500, "steps": 50000, "loss_depth4": 0.09080836176872253, "loss_depth8": 0.09042540937662125, "seconds_per_step": 0.12206965413875878, "elapsed_seconds": 636.247264710255, "peak_memory_bytes": 1783042048}
{"step": 5550, "steps": 50000, "loss_depth4": 0.09229356795549393, "loss_depth8": 0.09166916459798813, "seconds_per_step": 0.11982444581575692, "elapsed_seconds": 642.2384870010428, "peak_memory_bytes": 1783042048}
{"step": 5600, "steps": 50000, "loss_depth4": 0.09280090034008026, "loss_depth8": 0.09217369556427002, "seconds_per_step": 0.1288123694807291, "elapsed_seconds": 648.6791054750793, "peak_memory_bytes": 1783042048}
{"step": 5650, "steps": 50000, "loss_depth4": 0.09170597046613693, "loss_depth8": 0.09114377945661545, "seconds_per_step": 0.12231222338043153, "elapsed_seconds": 654.7947166441008, "peak_memory_bytes": 1783042048}
{"step": 5700, "steps": 50000, "loss_depth4": 0.0914451852440834, "loss_depth8": 0.09079457819461823, "seconds_per_step": 0.12197347732260823, "elapsed_seconds": 660.8933905102313, "peak_memory_bytes": 1783042048}
{"step": 5750, "steps": 50000, "loss_depth4": 0.0907185822725296, "loss_depth8": 0.09041571617126465, "seconds_per_step": 0.12479656097479165, "elapsed_seconds": 667.1332185589708, "peak_memory_bytes": 1783042048}
{"step": 5800, "steps": 50000, "loss_depth4": 0.09352012723684311, "loss_depth8": 0.09280206263065338, "seconds_per_step": 0.1189107738249004, "elapsed_seconds": 673.0787572502159, "peak_memory_bytes": 1783042048}
{"step": 5850, "steps": 50000, "loss_depth4": 0.09073613584041595, "loss_depth8": 0.09029226750135422, "seconds_per_step": 0.11898393291980028, "elapsed_seconds": 679.0279538962059, "peak_memory_bytes": 1783042048}
{"step": 5900, "steps": 50000, "loss_depth4": 0.09165138751268387, "loss_depth8": 0.09130188822746277, "seconds_per_step": 0.11207349471747875, "elapsed_seconds": 684.6316286320798, "peak_memory_bytes": 1783042048}
{"step": 5950, "steps": 50000, "loss_depth4": 0.09112045168876648, "loss_depth8": 0.09070237725973129, "seconds_per_step": 0.11231142258271574, "elapsed_seconds": 690.2471997612156, "peak_memory_bytes": 1783042048}
{"step": 6000, "steps": 50000, "loss_depth4": 0.09097117185592651, "loss_depth8": 0.09050257503986359, "seconds_per_step": 0.11098862093873323, "elapsed_seconds": 695.7966308081523, "peak_memory_bytes": 1783042048}
{"step": 6050, "steps": 50000, "loss_depth4": 0.09191206097602844, "loss_depth8": 0.09137747436761856, "seconds_per_step": 0.11805764008313417, "elapsed_seconds": 701.699512812309, "peak_memory_bytes": 1783042048}
{"step": 6100, "steps": 50000, "loss_depth4": 0.09094440191984177, "loss_depth8": 0.09068185836076736, "seconds_per_step": 0.11923869675956666, "elapsed_seconds": 707.6614476502873, "peak_memory_bytes": 1783042048}
{"step": 6150, "steps": 50000, "loss_depth4": 0.09124650061130524, "loss_depth8": 0.09084786474704742, "seconds_per_step": 0.11489823083393276, "elapsed_seconds": 713.4063591919839, "peak_memory_bytes": 1783042048}
{"step": 6200, "steps": 50000, "loss_depth4": 0.09216593205928802, "loss_depth8": 0.09162405878305435, "seconds_per_step": 0.11731836760416627, "elapsed_seconds": 719.2722775721923, "peak_memory_bytes": 1783042048}
{"step": 6250, "steps": 50000, "loss_depth4": 0.0914502963423729, "loss_depth8": 0.0911191999912262, "seconds_per_step": 0.11570806405507028, "elapsed_seconds": 725.0576807749458, "peak_memory_bytes": 1783042048}
{"step": 6300, "steps": 50000, "loss_depth4": 0.09147917479276657, "loss_depth8": 0.09111423045396805, "seconds_per_step": 0.11985074718482792, "elapsed_seconds": 731.0502181341872, "peak_memory_bytes": 1783042048}
{"step": 6350, "steps": 50000, "loss_depth4": 0.09140604734420776, "loss_depth8": 0.09108691662549973, "seconds_per_step": 0.11809419007971883, "elapsed_seconds": 736.9549276381731, "peak_memory_bytes": 1783042048}
{"step": 6400, "steps": 50000, "loss_depth4": 0.09061524271965027, "loss_depth8": 0.09013456851243973, "seconds_per_step": 0.11358340163715183, "elapsed_seconds": 742.6340977200307, "peak_memory_bytes": 1783042048}
{"step": 6450, "steps": 50000, "loss_depth4": 0.0913127139210701, "loss_depth8": 0.09076225012540817, "seconds_per_step": 0.11340070058591664, "elapsed_seconds": 748.3041327493265, "peak_memory_bytes": 1783042048}
{"step": 6500, "steps": 50000, "loss_depth4": 0.09049081802368164, "loss_depth8": 0.09004112333059311, "seconds_per_step": 0.11541660057380795, "elapsed_seconds": 754.0749627780169, "peak_memory_bytes": 1783042048}
{"step": 6550, "steps": 50000, "loss_depth4": 0.09174096584320068, "loss_depth8": 0.09130798280239105, "seconds_per_step": 0.11751135000027717, "elapsed_seconds": 759.9505302780308, "peak_memory_bytes": 1783042048}
{"step": 6600, "steps": 50000, "loss_depth4": 0.09154445677995682, "loss_depth8": 0.09111009538173676, "seconds_per_step": 0.11665924698114395, "elapsed_seconds": 765.783492627088, "peak_memory_bytes": 1783042048}
{"step": 6650, "steps": 50000, "loss_depth4": 0.09109856188297272, "loss_depth8": 0.09064386039972305, "seconds_per_step": 0.11897140639834106, "elapsed_seconds": 771.732062947005, "peak_memory_bytes": 1783042048}
{"step": 6700, "steps": 50000, "loss_depth4": 0.09219194948673248, "loss_depth8": 0.09168247133493423, "seconds_per_step": 0.11028707788325846, "elapsed_seconds": 777.246416841168, "peak_memory_bytes": 1783042048}
{"step": 6750, "steps": 50000, "loss_depth4": 0.09158798307180405, "loss_depth8": 0.0912434384226799, "seconds_per_step": 0.11050345130264759, "elapsed_seconds": 782.7715894063003, "peak_memory_bytes": 1783042048}
{"step": 6800, "steps": 50000, "loss_depth4": 0.09124871343374252, "loss_depth8": 0.09088149666786194, "seconds_per_step": 0.10932201325893402, "elapsed_seconds": 788.237690069247, "peak_memory_bytes": 1783042048}
{"step": 6850, "steps": 50000, "loss_depth4": 0.09262613207101822, "loss_depth8": 0.091997891664505, "seconds_per_step": 0.1252207930572331, "elapsed_seconds": 794.4987297221087, "peak_memory_bytes": 1783042048}
{"step": 6900, "steps": 50000, "loss_depth4": 0.09241417050361633, "loss_depth8": 0.0918731763958931, "seconds_per_step": 0.11290300938300789, "elapsed_seconds": 800.1438801912591, "peak_memory_bytes": 1783042048}
{"step": 6950, "steps": 50000, "loss_depth4": 0.09101838618516922, "loss_depth8": 0.09025254100561142, "seconds_per_step": 0.11504271973855794, "elapsed_seconds": 805.896016178187, "peak_memory_bytes": 1783042048}
{"step": 7000, "steps": 50000, "loss_depth4": 0.09162024408578873, "loss_depth8": 0.09107087552547455, "seconds_per_step": 0.11159492589533329, "elapsed_seconds": 811.4757624729536, "peak_memory_bytes": 1783042048}
{"step": 7050, "steps": 50000, "loss_depth4": 0.0909324660897255, "loss_depth8": 0.0904349759221077, "seconds_per_step": 0.11571219109930098, "elapsed_seconds": 817.2613720279187, "peak_memory_bytes": 1783042048}
{"step": 7100, "steps": 50000, "loss_depth4": 0.0898216962814331, "loss_depth8": 0.08957157284021378, "seconds_per_step": 0.11578745922073722, "elapsed_seconds": 823.0507449889556, "peak_memory_bytes": 1783042048}
{"step": 7150, "steps": 50000, "loss_depth4": 0.09040975570678711, "loss_depth8": 0.09003522992134094, "seconds_per_step": 0.10806056524626911, "elapsed_seconds": 828.453773251269, "peak_memory_bytes": 1783042048}
{"step": 7200, "steps": 50000, "loss_depth4": 0.0920572578907013, "loss_depth8": 0.09133642166852951, "seconds_per_step": 0.12680944579653441, "elapsed_seconds": 834.7942455410957, "peak_memory_bytes": 1783042048}
{"step": 7250, "steps": 50000, "loss_depth4": 0.09192143380641937, "loss_depth8": 0.09140472114086151, "seconds_per_step": 0.1106068499572575, "elapsed_seconds": 840.3245880389586, "peak_memory_bytes": 1783042048}
{"step": 7300, "steps": 50000, "loss_depth4": 0.09133527427911758, "loss_depth8": 0.09083350747823715, "seconds_per_step": 0.11807959332130849, "elapsed_seconds": 846.228567705024, "peak_memory_bytes": 1783042048}
{"step": 7350, "steps": 50000, "loss_depth4": 0.09163714200258255, "loss_depth8": 0.09109347313642502, "seconds_per_step": 0.11462488180026412, "elapsed_seconds": 851.9598117950372, "peak_memory_bytes": 1783042048}
{"step": 7400, "steps": 50000, "loss_depth4": 0.09020058065652847, "loss_depth8": 0.08973820507526398, "seconds_per_step": 0.11525309641845524, "elapsed_seconds": 857.72246661596, "peak_memory_bytes": 1783042048}
{"step": 7450, "steps": 50000, "loss_depth4": 0.09136895835399628, "loss_depth8": 0.09103347361087799, "seconds_per_step": 0.11315348522737623, "elapsed_seconds": 863.3801408773288, "peak_memory_bytes": 1783042048}
{"step": 7500, "steps": 50000, "loss_depth4": 0.08976388722658157, "loss_depth8": 0.08951228111982346, "seconds_per_step": 0.11901142917573453, "elapsed_seconds": 869.3307123361155, "peak_memory_bytes": 1783042048}
{"step": 7550, "steps": 50000, "loss_depth4": 0.08968227356672287, "loss_depth8": 0.08951845020055771, "seconds_per_step": 0.11517663397826254, "elapsed_seconds": 875.0895440350287, "peak_memory_bytes": 1783042048}
{"step": 7600, "steps": 50000, "loss_depth4": 0.09134224057197571, "loss_depth8": 0.09101057052612305, "seconds_per_step": 0.11617133782245219, "elapsed_seconds": 880.8981109261513, "peak_memory_bytes": 1783042048}
{"step": 7650, "steps": 50000, "loss_depth4": 0.09134518355131149, "loss_depth8": 0.09104035049676895, "seconds_per_step": 0.11203723941929639, "elapsed_seconds": 886.4999728971161, "peak_memory_bytes": 1783042048}
{"step": 7700, "steps": 50000, "loss_depth4": 0.09132762998342514, "loss_depth8": 0.0911170020699501, "seconds_per_step": 0.11193481284193695, "elapsed_seconds": 892.0967135392129, "peak_memory_bytes": 1783042048}
{"step": 7750, "steps": 50000, "loss_depth4": 0.09027540683746338, "loss_depth8": 0.08987544476985931, "seconds_per_step": 0.11504917285405099, "elapsed_seconds": 897.8491721819155, "peak_memory_bytes": 1783042048}
{"step": 7800, "steps": 50000, "loss_depth4": 0.0908447802066803, "loss_depth8": 0.09027580171823502, "seconds_per_step": 0.11435342444106937, "elapsed_seconds": 903.566843403969, "peak_memory_bytes": 1783042048}
{"step": 7850, "steps": 50000, "loss_depth4": 0.09119988977909088, "loss_depth8": 0.0908837839961052, "seconds_per_step": 0.11673820866271853, "elapsed_seconds": 909.4037538371049, "peak_memory_bytes": 1783042048}
{"step": 7900, "steps": 50000, "loss_depth4": 0.08976937085390091, "loss_depth8": 0.08949760347604752, "seconds_per_step": 0.11557144368067383, "elapsed_seconds": 915.1823260211386, "peak_memory_bytes": 1783042048}
{"step": 7950, "steps": 50000, "loss_depth4": 0.09161552041769028, "loss_depth8": 0.09110592305660248, "seconds_per_step": 0.11498704924248158, "elapsed_seconds": 920.9316784832627, "peak_memory_bytes": 1783042048}
{"step": 8000, "steps": 50000, "loss_depth4": 0.09237314760684967, "loss_depth8": 0.09166175872087479, "seconds_per_step": 0.11546968843787908, "elapsed_seconds": 926.7051629051566, "peak_memory_bytes": 1783042048}
{"step": 8050, "steps": 50000, "loss_depth4": 0.09087515622377396, "loss_depth8": 0.090455062687397, "seconds_per_step": 0.11310148175805806, "elapsed_seconds": 932.3602369930595, "peak_memory_bytes": 1783042048}
{"step": 8100, "steps": 50000, "loss_depth4": 0.08929910510778427, "loss_depth8": 0.08904833346605301, "seconds_per_step": 0.11239651700481773, "elapsed_seconds": 937.9800628433004, "peak_memory_bytes": 1783042048}
{"step": 8150, "steps": 50000, "loss_depth4": 0.09180156141519547, "loss_depth8": 0.09126149117946625, "seconds_per_step": 0.11638625615276396, "elapsed_seconds": 943.7993756509386, "peak_memory_bytes": 1783042048}
{"step": 8200, "steps": 50000, "loss_depth4": 0.091770701110363, "loss_depth8": 0.09136060625314713, "seconds_per_step": 0.11248854040168225, "elapsed_seconds": 949.4238026710227, "peak_memory_bytes": 1783042048}
{"step": 8250, "steps": 50000, "loss_depth4": 0.09148486703634262, "loss_depth8": 0.09107053279876709, "seconds_per_step": 0.11185296608135104, "elapsed_seconds": 955.0164509750903, "peak_memory_bytes": 1783042048}
{"step": 8300, "steps": 50000, "loss_depth4": 0.09273595362901688, "loss_depth8": 0.09166427701711655, "seconds_per_step": 0.11189239179715514, "elapsed_seconds": 960.611070564948, "peak_memory_bytes": 1783042048}
{"step": 8350, "steps": 50000, "loss_depth4": 0.0912407636642456, "loss_depth8": 0.09069154411554337, "seconds_per_step": 0.11935542032122612, "elapsed_seconds": 966.5788415810093, "peak_memory_bytes": 1783042048}
{"step": 8400, "steps": 50000, "loss_depth4": 0.09071197360754013, "loss_depth8": 0.09036695957183838, "seconds_per_step": 0.11464234343729914, "elapsed_seconds": 972.3109587528743, "peak_memory_bytes": 1783042048}
{"step": 8450, "steps": 50000, "loss_depth4": 0.09129009395837784, "loss_depth8": 0.09081414341926575, "seconds_per_step": 0.1144107928685844, "elapsed_seconds": 978.0314983963035, "peak_memory_bytes": 1783042048}
{"step": 8500, "steps": 50000, "loss_depth4": 0.08983635902404785, "loss_depth8": 0.08966377377510071, "seconds_per_step": 0.11666814527474344, "elapsed_seconds": 983.8649056600407, "peak_memory_bytes": 1783042048}
{"step": 8550, "steps": 50000, "loss_depth4": 0.09086190909147263, "loss_depth8": 0.09062214940786362, "seconds_per_step": 0.11068122790195048, "elapsed_seconds": 989.3989670551382, "peak_memory_bytes": 1783042048}
{"step": 8600, "steps": 50000, "loss_depth4": 0.09064418822526932, "loss_depth8": 0.09019355475902557, "seconds_per_step": 0.11606226589530706, "elapsed_seconds": 995.2020803499036, "peak_memory_bytes": 1783042048}
{"step": 8650, "steps": 50000, "loss_depth4": 0.09052610397338867, "loss_depth8": 0.09021816402673721, "seconds_per_step": 0.11308983156457543, "elapsed_seconds": 1000.8565719281323, "peak_memory_bytes": 1783042048}
{"step": 8700, "steps": 50000, "loss_depth4": 0.09001100063323975, "loss_depth8": 0.08975452929735184, "seconds_per_step": 0.11182332891970873, "elapsed_seconds": 1006.4477383741178, "peak_memory_bytes": 1783042048}
{"step": 8750, "steps": 50000, "loss_depth4": 0.09205128252506256, "loss_depth8": 0.09146501123905182, "seconds_per_step": 0.11026765305548906, "elapsed_seconds": 1011.9611210268922, "peak_memory_bytes": 1783042048}
{"step": 8800, "steps": 50000, "loss_depth4": 0.09119190275669098, "loss_depth8": 0.09072155505418777, "seconds_per_step": 0.11150487040169538, "elapsed_seconds": 1017.536364546977, "peak_memory_bytes": 1783042048}
{"step": 8850, "steps": 50000, "loss_depth4": 0.09068604558706284, "loss_depth8": 0.0902915671467781, "seconds_per_step": 0.10964726554229856, "elapsed_seconds": 1023.0187278240919, "peak_memory_bytes": 1783042048}
{"step": 8900, "steps": 50000, "loss_depth4": 0.0899786427617073, "loss_depth8": 0.08964269608259201, "seconds_per_step": 0.11451486728154123, "elapsed_seconds": 1028.744471188169, "peak_memory_bytes": 1783042048}
{"step": 8950, "steps": 50000, "loss_depth4": 0.09028557687997818, "loss_depth8": 0.0900205746293068, "seconds_per_step": 0.11148864183574915, "elapsed_seconds": 1034.3189032799564, "peak_memory_bytes": 1783042048}
{"step": 9000, "steps": 50000, "loss_depth4": 0.09074573218822479, "loss_depth8": 0.09055711328983307, "seconds_per_step": 0.11161221354268491, "elapsed_seconds": 1039.8995139570907, "peak_memory_bytes": 1783042048}
{"step": 9050, "steps": 50000, "loss_depth4": 0.09250672161579132, "loss_depth8": 0.09188622981309891, "seconds_per_step": 0.1126556864567101, "elapsed_seconds": 1045.5322982799262, "peak_memory_bytes": 1783042048}
{"step": 9100, "steps": 50000, "loss_depth4": 0.09069229662418365, "loss_depth8": 0.09035137295722961, "seconds_per_step": 0.11489567438140512, "elapsed_seconds": 1051.2770819989964, "peak_memory_bytes": 1783042048}
{"step": 9150, "steps": 50000, "loss_depth4": 0.09072709828615189, "loss_depth8": 0.0905618667602539, "seconds_per_step": 0.11083439806476235, "elapsed_seconds": 1056.8188019022346, "peak_memory_bytes": 1783042048}
{"step": 9200, "steps": 50000, "loss_depth4": 0.0911574512720108, "loss_depth8": 0.09070353955030441, "seconds_per_step": 0.11215750985778868, "elapsed_seconds": 1062.426677395124, "peak_memory_bytes": 1783042048}
{"step": 9250, "steps": 50000, "loss_depth4": 0.09069035947322845, "loss_depth8": 0.0903751328587532, "seconds_per_step": 0.11536158244125545, "elapsed_seconds": 1068.1947565171868, "peak_memory_bytes": 1783042048}
{"step": 9300, "steps": 50000, "loss_depth4": 0.0912703201174736, "loss_depth8": 0.0907885879278183, "seconds_per_step": 0.12815274516120553, "elapsed_seconds": 1074.602393775247, "peak_memory_bytes": 1783042048}
{"step": 9350, "steps": 50000, "loss_depth4": 0.09063360840082169, "loss_depth8": 0.09029827266931534, "seconds_per_step": 0.13150948341935872, "elapsed_seconds": 1081.177867946215, "peak_memory_bytes": 1783042048}
{"step": 9400, "steps": 50000, "loss_depth4": 0.09119730442762375, "loss_depth8": 0.09072767943143845, "seconds_per_step": 0.14156230991706253, "elapsed_seconds": 1088.255983442068, "peak_memory_bytes": 1783042048}
{"step": 9450, "steps": 50000, "loss_depth4": 0.08941343426704407, "loss_depth8": 0.0893084779381752, "seconds_per_step": 0.13897477045655252, "elapsed_seconds": 1095.2047219648957, "peak_memory_bytes": 1783042048}
{"step": 9500, "steps": 50000, "loss_depth4": 0.09044453501701355, "loss_depth8": 0.09007768332958221, "seconds_per_step": 0.10936451278626919, "elapsed_seconds": 1100.6729476042092, "peak_memory_bytes": 1783042048}
{"step": 9550, "steps": 50000, "loss_depth4": 0.09038150310516357, "loss_depth8": 0.09001997113227844, "seconds_per_step": 0.11017526036128401, "elapsed_seconds": 1106.1817106222734, "peak_memory_bytes": 1783042048}
{"step": 9600, "steps": 50000, "loss_depth4": 0.09134769439697266, "loss_depth8": 0.09080030024051666, "seconds_per_step": 0.11627672479487955, "elapsed_seconds": 1111.9955468620174, "peak_memory_bytes": 1783042048}
{"step": 9650, "steps": 50000, "loss_depth4": 0.09046301990747452, "loss_depth8": 0.09018950164318085, "seconds_per_step": 0.11526849220506846, "elapsed_seconds": 1117.7589714722708, "peak_memory_bytes": 1783042048}
{"step": 9700, "steps": 50000, "loss_depth4": 0.09075013548135757, "loss_depth8": 0.09043671190738678, "seconds_per_step": 0.13615351634100079, "elapsed_seconds": 1124.5666472893208, "peak_memory_bytes": 1783042048}
{"step": 9750, "steps": 50000, "loss_depth4": 0.09053070843219757, "loss_depth8": 0.09027981758117676, "seconds_per_step": 0.14169020453467965, "elapsed_seconds": 1131.6511575160548, "peak_memory_bytes": 1783042048}
{"step": 9800, "steps": 50000, "loss_depth4": 0.09113338589668274, "loss_depth8": 0.09045474976301193, "seconds_per_step": 0.14338027758523822, "elapsed_seconds": 1138.8201713953167, "peak_memory_bytes": 1783042048}
{"step": 9850, "steps": 50000, "loss_depth4": 0.09092362970113754, "loss_depth8": 0.09049349278211594, "seconds_per_step": 0.1309107510186732, "elapsed_seconds": 1145.3657089462504, "peak_memory_bytes": 1783042048}
{"step": 9900, "steps": 50000, "loss_depth4": 0.09076878428459167, "loss_depth8": 0.09047055244445801, "seconds_per_step": 0.11104420793242753, "elapsed_seconds": 1150.9179193428718, "peak_memory_bytes": 1783042048}
{"step": 9950, "steps": 50000, "loss_depth4": 0.09071043878793716, "loss_depth8": 0.09031285345554352, "seconds_per_step": 0.1143841400835663, "elapsed_seconds": 1156.63712634705, "peak_memory_bytes": 1783042048}
{"step": 10000, "steps": 50000, "loss_depth4": 0.0911719873547554, "loss_depth8": 0.09082308411598206, "seconds_per_step": 0.11922832669690252, "elapsed_seconds": 1162.5985426818952, "peak_memory_bytes": 1783042048}
{"step": 10050, "steps": 50000, "loss_depth4": 0.09112073481082916, "loss_depth8": 0.0907192975282669, "seconds_per_step": 0.17330873208120465, "elapsed_seconds": 1171.2639792859554, "peak_memory_bytes": 1783042048}
{"step": 10100, "steps": 50000, "loss_depth4": 0.09087219089269638, "loss_depth8": 0.09048819541931152, "seconds_per_step": 0.11118059378117323, "elapsed_seconds": 1176.823008975014, "peak_memory_bytes": 1783042048}
{"step": 10150, "steps": 50000, "loss_depth4": 0.09107743948698044, "loss_depth8": 0.09079328924417496, "seconds_per_step": 0.12022820772603154, "elapsed_seconds": 1182.8344193613157, "peak_memory_bytes": 1783042048}
{"step": 10200, "steps": 50000, "loss_depth4": 0.09106016904115677, "loss_depth8": 0.09075887501239777, "seconds_per_step": 0.11451097724027931, "elapsed_seconds": 1188.5599682233296, "peak_memory_bytes": 1783042048}
{"step": 10250, "steps": 50000, "loss_depth4": 0.09063758701086044, "loss_depth8": 0.09040742367506027, "seconds_per_step": 0.11206532999873162, "elapsed_seconds": 1194.1632347232662, "peak_memory_bytes": 1783042048}
{"step": 10300, "steps": 50000, "loss_depth4": 0.09096120297908783, "loss_depth8": 0.09050152450799942, "seconds_per_step": 0.1230722879152745, "elapsed_seconds": 1200.31684911903, "peak_memory_bytes": 1783042048}
{"step": 10350, "steps": 50000, "loss_depth4": 0.08950713276863098, "loss_depth8": 0.08940751105546951, "seconds_per_step": 0.12854219553992152, "elapsed_seconds": 1206.743958896026, "peak_memory_bytes": 1783042048}
{"step": 10400, "steps": 50000, "loss_depth4": 0.08999770879745483, "loss_depth8": 0.0899723693728447, "seconds_per_step": 0.11516731931827963, "elapsed_seconds": 1212.50232486194, "peak_memory_bytes": 1783042048}
{"step": 10450, "steps": 50000, "loss_depth4": 0.09122289717197418, "loss_depth8": 0.09066612273454666, "seconds_per_step": 0.12263857020065189, "elapsed_seconds": 1218.6342533719726, "peak_memory_bytes": 1783042048}
{"step": 10500, "steps": 50000, "loss_depth4": 0.0903526023030281, "loss_depth8": 0.09008343517780304, "seconds_per_step": 0.11803155472502112, "elapsed_seconds": 1224.5358311082236, "peak_memory_bytes": 1783042048}
{"step": 10550, "steps": 50000, "loss_depth4": 0.09043417125940323, "loss_depth8": 0.09005369246006012, "seconds_per_step": 0.12092524883337319, "elapsed_seconds": 1230.5820935498923, "peak_memory_bytes": 1783042048}
{"step": 10600, "steps": 50000, "loss_depth4": 0.08982387185096741, "loss_depth8": 0.0894627571105957, "seconds_per_step": 0.11130704236216843, "elapsed_seconds": 1236.1474456680007, "peak_memory_bytes": 1783042048}
{"step": 10650, "steps": 50000, "loss_depth4": 0.09067291021347046, "loss_depth8": 0.09038493782281876, "seconds_per_step": 0.11251030515879393, "elapsed_seconds": 1241.7729609259404, "peak_memory_bytes": 1783042048}
{"step": 10700, "steps": 50000, "loss_depth4": 0.09075131267309189, "loss_depth8": 0.0905180498957634, "seconds_per_step": 0.11092483424581587, "elapsed_seconds": 1247.3192026382312, "peak_memory_bytes": 1783042048}
{"step": 10750, "steps": 50000, "loss_depth4": 0.08980489522218704, "loss_depth8": 0.0895637646317482, "seconds_per_step": 0.11487525572068989, "elapsed_seconds": 1253.0629654242657, "peak_memory_bytes": 1783042048}
{"step": 10800, "steps": 50000, "loss_depth4": 0.09063718467950821, "loss_depth8": 0.09033685177564621, "seconds_per_step": 0.11053930531255901, "elapsed_seconds": 1258.5899306898937, "peak_memory_bytes": 1783042048}
{"step": 10850, "steps": 50000, "loss_depth4": 0.09006572514772415, "loss_depth8": 0.08991168439388275, "seconds_per_step": 0.1094643444661051, "elapsed_seconds": 1264.063147913199, "peak_memory_bytes": 1783042048}
{"step": 10900, "steps": 50000, "loss_depth4": 0.0905500203371048, "loss_depth8": 0.09029815346002579, "seconds_per_step": 0.10963741771876812, "elapsed_seconds": 1269.5450187991373, "peak_memory_bytes": 1783042048}
{"step": 10950, "steps": 50000, "loss_depth4": 0.09103727340698242, "loss_depth8": 0.09065744280815125, "seconds_per_step": 0.11456158758141101, "elapsed_seconds": 1275.2730981782079, "peak_memory_bytes": 1783042048}
{"step": 11000, "steps": 50000, "loss_depth4": 0.0899205356836319, "loss_depth8": 0.08961862325668335, "seconds_per_step": 0.11611479581333697, "elapsed_seconds": 1281.0788379688747, "peak_memory_bytes": 1783042048}
{"step": 11050, "steps": 50000, "loss_depth4": 0.09216493368148804, "loss_depth8": 0.09161160886287689, "seconds_per_step": 0.11357161820866167, "elapsed_seconds": 1286.7574188793078, "peak_memory_bytes": 1783042048}
{"step": 11100, "steps": 50000, "loss_depth4": 0.09239570051431656, "loss_depth8": 0.09170975536108017, "seconds_per_step": 0.11292362335138023, "elapsed_seconds": 1292.4036000468768, "peak_memory_bytes": 1783042048}
{"step": 11150, "steps": 50000, "loss_depth4": 0.09022346884012222, "loss_depth8": 0.09004586189985275, "seconds_per_step": 0.11659521722234785, "elapsed_seconds": 1298.2333609079942, "peak_memory_bytes": 1783042048}
{"step": 11200, "steps": 50000, "loss_depth4": 0.09064941853284836, "loss_depth8": 0.09028104692697525, "seconds_per_step": 0.11623452248051763, "elapsed_seconds": 1304.04508703202, "peak_memory_bytes": 1783042048}
{"step": 11250, "steps": 50000, "loss_depth4": 0.09049008786678314, "loss_depth8": 0.09013758599758148, "seconds_per_step": 0.11022591603919864, "elapsed_seconds": 1309.55638283398, "peak_memory_bytes": 1783042048}
{"step": 11300, "steps": 50000, "loss_depth4": 0.09008660912513733, "loss_depth8": 0.08980843424797058, "seconds_per_step": 0.12301695000380278, "elapsed_seconds": 1315.7072303341702, "peak_memory_bytes": 1783042048}
{"step": 11350, "steps": 50000, "loss_depth4": 0.0904349610209465, "loss_depth8": 0.09026780724525452, "seconds_per_step": 0.12834654757753014, "elapsed_seconds": 1322.1245577130467, "peak_memory_bytes": 1783042048}
{"step": 11400, "steps": 50000, "loss_depth4": 0.08975762128829956, "loss_depth8": 0.08955881744623184, "seconds_per_step": 0.12048988823778928, "elapsed_seconds": 1328.1490521249361, "peak_memory_bytes": 1783042048}
{"step": 11450, "steps": 50000, "loss_depth4": 0.09036954492330551, "loss_depth8": 0.09006389230489731, "seconds_per_step": 0.12707386408001184, "elapsed_seconds": 1334.5027453289367, "peak_memory_bytes": 1783042048}
{"step": 11500, "steps": 50000, "loss_depth4": 0.09162511676549911, "loss_depth8": 0.09118839353322983, "seconds_per_step": 0.1143586904462427, "elapsed_seconds": 1340.2206798512489, "peak_memory_bytes": 1783042048}
{"step": 11550, "steps": 50000, "loss_depth4": 0.09036023914813995, "loss_depth8": 0.09008659422397614, "seconds_per_step": 0.11292321899905801, "elapsed_seconds": 1345.8668408012018, "peak_memory_bytes": 1783042048}
{"step": 11600, "steps": 50000, "loss_depth4": 0.09104283154010773, "loss_depth8": 0.09067409485578537, "seconds_per_step": 0.11137202774174511, "elapsed_seconds": 1351.435442188289, "peak_memory_bytes": 1783042048}
{"step": 11650, "steps": 50000, "loss_depth4": 0.08933944255113602, "loss_depth8": 0.08908265084028244, "seconds_per_step": 0.11232477352023125, "elapsed_seconds": 1357.0516808643006, "peak_memory_bytes": 1783042048}
{"step": 11700, "steps": 50000, "loss_depth4": 0.09141695499420166, "loss_depth8": 0.09101613610982895, "seconds_per_step": 0.11066373809240758, "elapsed_seconds": 1362.584867768921, "peak_memory_bytes": 1783042048}
{"step": 11750, "steps": 50000, "loss_depth4": 0.09059057384729385, "loss_depth8": 0.09021010994911194, "seconds_per_step": 0.1274119201861322, "elapsed_seconds": 1368.9554637782276, "peak_memory_bytes": 1783042048}
{"step": 11800, "steps": 50000, "loss_depth4": 0.09197484701871872, "loss_depth8": 0.09160362184047699, "seconds_per_step": 0.11840244545601308, "elapsed_seconds": 1374.8755860510282, "peak_memory_bytes": 1783042048}
{"step": 11850, "steps": 50000, "loss_depth4": 0.0904063880443573, "loss_depth8": 0.09005631506443024, "seconds_per_step": 0.12168189777992666, "elapsed_seconds": 1380.9596809400246, "peak_memory_bytes": 1783042048}
{"step": 11900, "steps": 50000, "loss_depth4": 0.0908113494515419, "loss_depth8": 0.09037893265485764, "seconds_per_step": 0.12293816660530865, "elapsed_seconds": 1387.10658927029, "peak_memory_bytes": 1783042048}
{"step": 11950, "steps": 50000, "loss_depth4": 0.09075046330690384, "loss_depth8": 0.09026956558227539, "seconds_per_step": 0.12464955895207823, "elapsed_seconds": 1393.339067217894, "peak_memory_bytes": 1783042048}
{"step": 12000, "steps": 50000, "loss_depth4": 0.09038154035806656, "loss_depth8": 0.0901997908949852, "seconds_per_step": 0.11921361200511456, "elapsed_seconds": 1399.2997478181496, "peak_memory_bytes": 1783042048}
{"step": 12050, "steps": 50000, "loss_depth4": 0.09086490422487259, "loss_depth8": 0.09055688977241516, "seconds_per_step": 0.11401112837716937, "elapsed_seconds": 1405.000304237008, "peak_memory_bytes": 1783042048}
{"step": 12100, "steps": 50000, "loss_depth4": 0.0902458056807518, "loss_depth8": 0.09004569798707962, "seconds_per_step": 0.11113270903937518, "elapsed_seconds": 1410.5569396889769, "peak_memory_bytes": 1783042048}
{"step": 12150, "steps": 50000, "loss_depth4": 0.0899953618645668, "loss_depth8": 0.08987004309892654, "seconds_per_step": 0.11023023716174066, "elapsed_seconds": 1416.068451547064, "peak_memory_bytes": 1783042048}
{"step": 12200, "steps": 50000, "loss_depth4": 0.09200886636972427, "loss_depth8": 0.09122378379106522, "seconds_per_step": 0.11099580746144057, "elapsed_seconds": 1421.618241920136, "peak_memory_bytes": 1783042048}
{"step": 12250, "steps": 50000, "loss_depth4": 0.09149333089590073, "loss_depth8": 0.09106405824422836, "seconds_per_step": 0.11137492739595473, "elapsed_seconds": 1427.1869882899337, "peak_memory_bytes": 1783042048}
{"step": 12300, "steps": 50000, "loss_depth4": 0.09070611000061035, "loss_depth8": 0.09034591168165207, "seconds_per_step": 0.12124717180617153, "elapsed_seconds": 1433.2493468802422, "peak_memory_bytes": 1783042048}
{"step": 12350, "steps": 50000, "loss_depth4": 0.09047771245241165, "loss_depth8": 0.09021829068660736, "seconds_per_step": 0.11394371437840163, "elapsed_seconds": 1438.9465325991623, "peak_memory_bytes": 1783042048}
{"step": 12400, "steps": 50000, "loss_depth4": 0.09095019847154617, "loss_depth8": 0.09052563458681107, "seconds_per_step": 0.11308596545830368, "elapsed_seconds": 1444.6008308720775, "peak_memory_bytes": 1783042048}
{"step": 12450, "steps": 50000, "loss_depth4": 0.09082517772912979, "loss_depth8": 0.09050203114748001, "seconds_per_step": 0.11451455559581518, "elapsed_seconds": 1450.3265586518683, "peak_memory_bytes": 1783042048}
{"step": 12500, "steps": 50000, "loss_depth4": 0.09100762009620667, "loss_depth8": 0.09064718335866928, "seconds_per_step": 0.11070490034297109, "elapsed_seconds": 1455.8618036690168, "peak_memory_bytes": 1783042048}
{"step": 12550, "steps": 50000, "loss_depth4": 0.0913822129368782, "loss_depth8": 0.09106826782226562, "seconds_per_step": 0.11026345166377723, "elapsed_seconds": 1461.3749762522057, "peak_memory_bytes": 1783042048}
{"step": 12600, "steps": 50000, "loss_depth4": 0.08966334909200668, "loss_depth8": 0.08946752548217773, "seconds_per_step": 0.1278366208355874, "elapsed_seconds": 1467.766807293985, "peak_memory_bytes": 1783042048}
{"step": 12650, "steps": 50000, "loss_depth4": 0.09103433042764664, "loss_depth8": 0.09067536145448685, "seconds_per_step": 0.1248347809817642, "elapsed_seconds": 1474.0085463430732, "peak_memory_bytes": 1783042048}
{"step": 12700, "steps": 50000, "loss_depth4": 0.09060791879892349, "loss_depth8": 0.09033309668302536, "seconds_per_step": 0.11530174981802702, "elapsed_seconds": 1479.7736338339746, "peak_memory_bytes": 1783042048}
{"step": 12750, "steps": 50000, "loss_depth4": 0.09118488430976868, "loss_depth8": 0.09085706621408463, "seconds_per_step": 0.11116962890140712, "elapsed_seconds": 1485.332115279045, "peak_memory_bytes": 1783042048}
{"step": 12800, "steps": 50000, "loss_depth4": 0.09104723483324051, "loss_depth8": 0.09064646810293198, "seconds_per_step": 0.13491546580567956, "elapsed_seconds": 1492.077888569329, "peak_memory_bytes": 1783042048}
{"step": 12850, "steps": 50000, "loss_depth4": 0.09115825593471527, "loss_depth8": 0.09071092307567596, "seconds_per_step": 0.13999239995144308, "elapsed_seconds": 1499.077508566901, "peak_memory_bytes": 1783042048}
{"step": 12900, "steps": 50000, "loss_depth4": 0.090186707675457, "loss_depth8": 0.08990083634853363, "seconds_per_step": 0.13044137292541563, "elapsed_seconds": 1505.5995772131719, "peak_memory_bytes": 1783042048}
{"step": 12950, "steps": 50000, "loss_depth4": 0.09115210175514221, "loss_depth8": 0.090520478785038, "seconds_per_step": 0.11928457039408386, "elapsed_seconds": 1511.563805732876, "peak_memory_bytes": 1783042048}
{"step": 13000, "steps": 50000, "loss_depth4": 0.0895795002579689, "loss_depth8": 0.0892929881811142, "seconds_per_step": 0.12063243146054446, "elapsed_seconds": 1517.5954273059033, "peak_memory_bytes": 1783042048}
{"step": 13050, "steps": 50000, "loss_depth4": 0.09102809429168701, "loss_depth8": 0.09077717363834381, "seconds_per_step": 0.1320715439412743, "elapsed_seconds": 1524.199004502967, "peak_memory_bytes": 1783042048}
{"step": 13100, "steps": 50000, "loss_depth4": 0.09153352677822113, "loss_depth8": 0.09058426320552826, "seconds_per_step": 0.13752733116038143, "elapsed_seconds": 1531.075371060986, "peak_memory_bytes": 1783042048}
{"step": 13150, "steps": 50000, "loss_depth4": 0.09044823795557022, "loss_depth8": 0.09023939073085785, "seconds_per_step": 0.13123774350620807, "elapsed_seconds": 1537.6372582362965, "peak_memory_bytes": 1783042048}
{"step": 13200, "steps": 50000, "loss_depth4": 0.09197355061769485, "loss_depth8": 0.091297946870327, "seconds_per_step": 0.13190340461209416, "elapsed_seconds": 1544.2324284669012, "peak_memory_bytes": 1783042048}
{"step": 13250, "steps": 50000, "loss_depth4": 0.09018802642822266, "loss_depth8": 0.08997873216867447, "seconds_per_step": 0.12114622164517641, "elapsed_seconds": 1550.28973954916, "peak_memory_bytes": 1783042048}
{"step": 13300, "steps": 50000, "loss_depth4": 0.08978711068630219, "loss_depth8": 0.08956477791070938, "seconds_per_step": 0.11670012434013188, "elapsed_seconds": 1556.1247457661666, "peak_memory_bytes": 1783042048}
{"step": 13350, "steps": 50000, "loss_depth4": 0.08988788723945618, "loss_depth8": 0.08974546194076538, "seconds_per_step": 0.12559414845891298, "elapsed_seconds": 1562.4044531891122, "peak_memory_bytes": 1783042048}
{"step": 13400, "steps": 50000, "loss_depth4": 0.09187641739845276, "loss_depth8": 0.09152144938707352, "seconds_per_step": 0.13733231787569822, "elapsed_seconds": 1569.2710690828972, "peak_memory_bytes": 1783042048}
{"step": 13450, "steps": 50000, "loss_depth4": 0.09096334129571915, "loss_depth8": 0.09048568457365036, "seconds_per_step": 0.127958719804883, "elapsed_seconds": 1575.6690050731413, "peak_memory_bytes": 1783042048}
{"step": 13500, "steps": 50000, "loss_depth4": 0.09161380678415298, "loss_depth8": 0.09130309522151947, "seconds_per_step": 0.13062287883833051, "elapsed_seconds": 1582.2001490150578, "peak_memory_bytes": 1783042048}
{"step": 13550, "steps": 50000, "loss_depth4": 0.09087084233760834, "loss_depth8": 0.09070470929145813, "seconds_per_step": 0.11761902742087842, "elapsed_seconds": 1588.0811003861018, "peak_memory_bytes": 1783042048}
{"step": 13600, "steps": 50000, "loss_depth4": 0.08967769145965576, "loss_depth8": 0.08941569179296494, "seconds_per_step": 0.116198524357751, "elapsed_seconds": 1593.8910266039893, "peak_memory_bytes": 1783042048}
{"step": 13650, "steps": 50000, "loss_depth4": 0.09048353880643845, "loss_depth8": 0.09027286618947983, "seconds_per_step": 0.11139562448486685, "elapsed_seconds": 1599.4608078282326, "peak_memory_bytes": 1783042048}
{"step": 13700, "steps": 50000, "loss_depth4": 0.0904272049665451, "loss_depth8": 0.09020931273698807, "seconds_per_step": 0.11312916539609433, "elapsed_seconds": 1605.1172660980374, "peak_memory_bytes": 1783042048}
{"step": 13750, "steps": 50000, "loss_depth4": 0.08850686997175217, "loss_depth8": 0.08847843110561371, "seconds_per_step": 0.1177687313593924, "elapsed_seconds": 1611.005702666007, "peak_memory_bytes": 1783042048}
{"step": 13800, "steps": 50000, "loss_depth4": 0.09159990400075912, "loss_depth8": 0.09117341786623001, "seconds_per_step": 0.11128805190324784, "elapsed_seconds": 1616.5701052611694, "peak_memory_bytes": 1783042048}
{"step": 13850, "steps": 50000, "loss_depth4": 0.0915818065404892, "loss_depth8": 0.09112424403429031, "seconds_per_step": 0.11393973317928613, "elapsed_seconds": 1622.2670919201337, "peak_memory_bytes": 1783042048}
{"step": 13900, "steps": 50000, "loss_depth4": 0.09166231006383896, "loss_depth8": 0.09117187559604645, "seconds_per_step": 0.11166095545515418, "elapsed_seconds": 1627.8501396928914, "peak_memory_bytes": 1783042048}
{"step": 13950, "steps": 50000, "loss_depth4": 0.08999946713447571, "loss_depth8": 0.08980455249547958, "seconds_per_step": 0.11488033602014185, "elapsed_seconds": 1633.5941564938985, "peak_memory_bytes": 1783042048}
{"step": 14000, "steps": 50000, "loss_depth4": 0.09023669362068176, "loss_depth8": 0.0899754986166954, "seconds_per_step": 0.11663983300328255, "elapsed_seconds": 1639.4261481440626, "peak_memory_bytes": 1783042048}
{"step": 14050, "steps": 50000, "loss_depth4": 0.09016422182321548, "loss_depth8": 0.08997979760169983, "seconds_per_step": 0.11426689032465219, "elapsed_seconds": 1645.1394926602952, "peak_memory_bytes": 1783042048}
{"step": 14100, "steps": 50000, "loss_depth4": 0.08986879140138626, "loss_depth8": 0.08969096094369888, "seconds_per_step": 0.11330518753267825, "elapsed_seconds": 1650.8047520369291, "peak_memory_bytes": 1783042048}
{"step": 14150, "steps": 50000, "loss_depth4": 0.09063363820314407, "loss_depth8": 0.09017056971788406, "seconds_per_step": 0.11077759464271367, "elapsed_seconds": 1656.3436317690648, "peak_memory_bytes": 1783042048}
{"step": 14200, "steps": 50000, "loss_depth4": 0.09074515849351883, "loss_depth8": 0.09049215912818909, "seconds_per_step": 0.11632725037634373, "elapsed_seconds": 1662.159994287882, "peak_memory_bytes": 1783042048}
{"step": 14250, "steps": 50000, "loss_depth4": 0.09118432551622391, "loss_depth8": 0.0909125879406929, "seconds_per_step": 0.11057787446305156, "elapsed_seconds": 1667.6888880110346, "peak_memory_bytes": 1783042048}
{"step": 14300, "steps": 50000, "loss_depth4": 0.08944437652826309, "loss_depth8": 0.08932489156723022, "seconds_per_step": 0.1104566504433751, "elapsed_seconds": 1673.2117205332033, "peak_memory_bytes": 1783042048}
{"step": 14350, "steps": 50000, "loss_depth4": 0.090646892786026, "loss_depth8": 0.09029003232717514, "seconds_per_step": 0.11061441487632692, "elapsed_seconds": 1678.7424412770197, "peak_memory_bytes": 1783042048}
{"step": 14400, "steps": 50000, "loss_depth4": 0.09099863469600677, "loss_depth8": 0.09078168869018555, "seconds_per_step": 0.1155500730033964, "elapsed_seconds": 1684.5199449271895, "peak_memory_bytes": 1783042048}
{"step": 14450, "steps": 50000, "loss_depth4": 0.09059620648622513, "loss_depth8": 0.09038186818361282, "seconds_per_step": 0.11492296444252133, "elapsed_seconds": 1690.2660931493156, "peak_memory_bytes": 1783042048}
{"step": 14500, "steps": 50000, "loss_depth4": 0.09055241197347641, "loss_depth8": 0.09016488492488861, "seconds_per_step": 0.11634101973846554, "elapsed_seconds": 1696.0831441362388, "peak_memory_bytes": 1783042048}
{"step": 14550, "steps": 50000, "loss_depth4": 0.08997228741645813, "loss_depth8": 0.0897585079073906, "seconds_per_step": 0.11153900234028696, "elapsed_seconds": 1701.6600942532532, "peak_memory_bytes": 1783042048}
{"step": 14600, "steps": 50000, "loss_depth4": 0.08987083286046982, "loss_depth8": 0.08967216312885284, "seconds_per_step": 0.12065599887631834, "elapsed_seconds": 1707.692894197069, "peak_memory_bytes": 1783042048}
{"step": 14650, "steps": 50000, "loss_depth4": 0.08951780945062637, "loss_depth8": 0.08923473954200745, "seconds_per_step": 0.11644556803628803, "elapsed_seconds": 1713.5151725988835, "peak_memory_bytes": 1783042048}
{"step": 14700, "steps": 50000, "loss_depth4": 0.09034648537635803, "loss_depth8": 0.09007102996110916, "seconds_per_step": 0.1208035946637392, "elapsed_seconds": 1719.5553523320705, "peak_memory_bytes": 1783042048}
{"step": 14750, "steps": 50000, "loss_depth4": 0.09057021141052246, "loss_depth8": 0.0903228148818016, "seconds_per_step": 0.11680321049876512, "elapsed_seconds": 1725.3955128570087, "peak_memory_bytes": 1783042048}
{"step": 14800, "steps": 50000, "loss_depth4": 0.09030596166849136, "loss_depth8": 0.09016569703817368, "seconds_per_step": 0.1223853236809373, "elapsed_seconds": 1731.5147790410556, "peak_memory_bytes": 1783042048}
{"step": 14850, "steps": 50000, "loss_depth4": 0.09030891209840775, "loss_depth8": 0.08994677662849426, "seconds_per_step": 0.11735605006106198, "elapsed_seconds": 1737.3825815441087, "peak_memory_bytes": 1783042048}
{"step": 14900, "steps": 50000, "loss_depth4": 0.09070079773664474, "loss_depth8": 0.0903346985578537, "seconds_per_step": 0.1341905559785664, "elapsed_seconds": 1744.092109343037, "peak_memory_bytes": 1783042048}
{"step": 14950, "steps": 50000, "loss_depth4": 0.09090648591518402, "loss_depth8": 0.09062999486923218, "seconds_per_step": 0.13562316314317285, "elapsed_seconds": 1750.8732675001957, "peak_memory_bytes": 1783042048}
{"step": 15000, "steps": 50000, "loss_depth4": 0.09115123748779297, "loss_depth8": 0.09071207791566849, "seconds_per_step": 0.13038031306117773, "elapsed_seconds": 1757.3922831532545, "peak_memory_bytes": 1783042048}
{"step": 15050, "steps": 50000, "loss_depth4": 0.09028132259845734, "loss_depth8": 0.08993306756019592, "seconds_per_step": 0.18094087357632815, "elapsed_seconds": 1766.439326832071, "peak_memory_bytes": 1783042048}
{"step": 15100, "steps": 50000, "loss_depth4": 0.09129178524017334, "loss_depth8": 0.0907188430428505, "seconds_per_step": 0.11651480103842914, "elapsed_seconds": 1772.2650668839924, "peak_memory_bytes": 1783042048}
{"step": 15150, "steps": 50000, "loss_depth4": 0.09037048369646072, "loss_depth8": 0.09001608937978745, "seconds_per_step": 0.11552204112522305, "elapsed_seconds": 1778.0411689402536, "peak_memory_bytes": 1783042048}
{"step": 15200, "steps": 50000, "loss_depth4": 0.0905224084854126, "loss_depth8": 0.09033996611833572, "seconds_per_step": 0.11664741273969412, "elapsed_seconds": 1783.8735395772383, "peak_memory_bytes": 1783042048}
{"step": 15250, "steps": 50000, "loss_depth4": 0.08991830796003342, "loss_depth8": 0.08980945497751236, "seconds_per_step": 0.11704020901583136, "elapsed_seconds": 1789.7255500280298, "peak_memory_bytes": 1783042048}
{"step": 15300, "steps": 50000, "loss_depth4": 0.09083560854196548, "loss_depth8": 0.09055288136005402, "seconds_per_step": 0.11867275374010205, "elapsed_seconds": 1795.659187715035, "peak_memory_bytes": 1783042048}
{"step": 15350, "steps": 50000, "loss_depth4": 0.09019015729427338, "loss_depth8": 0.08994851261377335, "seconds_per_step": 0.1190131842624396, "elapsed_seconds": 1801.609846928157, "peak_memory_bytes": 1783042048}
{"step": 15400, "steps": 50000, "loss_depth4": 0.09086882323026657, "loss_depth8": 0.09061078727245331, "seconds_per_step": 0.11270253215916455, "elapsed_seconds": 1807.2449735361151, "peak_memory_bytes": 1783042048}
{"step": 15450, "steps": 50000, "loss_depth4": 0.09061622619628906, "loss_depth8": 0.09034816175699234, "seconds_per_step": 0.11291312294080853, "elapsed_seconds": 1812.8906296831556, "peak_memory_bytes": 1783042048}
{"step": 15500, "steps": 50000, "loss_depth4": 0.08990945667028427, "loss_depth8": 0.08957210928201675, "seconds_per_step": 0.12250916985794902, "elapsed_seconds": 1819.016088176053, "peak_memory_bytes": 1783042048}
{"step": 15550, "steps": 50000, "loss_depth4": 0.09019811451435089, "loss_depth8": 0.08998017013072968, "seconds_per_step": 0.1178505839034915, "elapsed_seconds": 1824.9086173712276, "peak_memory_bytes": 1783042048}
{"step": 15600, "steps": 50000, "loss_depth4": 0.0907643660902977, "loss_depth8": 0.09053146094083786, "seconds_per_step": 0.1261360538378358, "elapsed_seconds": 1831.2154200631194, "peak_memory_bytes": 1783042048}
{"step": 15650, "steps": 50000, "loss_depth4": 0.09173648804426193, "loss_depth8": 0.09113305807113647, "seconds_per_step": 0.12189871003851295, "elapsed_seconds": 1837.310355565045, "peak_memory_bytes": 1783042048}
{"step": 15700, "steps": 50000, "loss_depth4": 0.09056881815195084, "loss_depth8": 0.09033102542161942, "seconds_per_step": 0.12280148248188198, "elapsed_seconds": 1843.4504296891391, "peak_memory_bytes": 1783042048}
{"step": 15750, "steps": 50000, "loss_depth4": 0.09013902395963669, "loss_depth8": 0.08978067338466644, "seconds_per_step": 0.13119221125729383, "elapsed_seconds": 1850.0100402520038, "peak_memory_bytes": 1783042048}
{"step": 15800, "steps": 50000, "loss_depth4": 0.09087954461574554, "loss_depth8": 0.09037511795759201, "seconds_per_step": 0.12760974856093527, "elapsed_seconds": 1856.3905276800506, "peak_memory_bytes": 1783042048}
{"step": 15850, "steps": 50000, "loss_depth4": 0.09008393436670303, "loss_depth8": 0.08985456079244614, "seconds_per_step": 0.11441309251822532, "elapsed_seconds": 1862.1111823059618, "peak_memory_bytes": 1783042048}
{"step": 15900, "steps": 50000, "loss_depth4": 0.0898037925362587, "loss_depth8": 0.08968336135149002, "seconds_per_step": 0.11729532382450998, "elapsed_seconds": 1867.9759484971873, "peak_memory_bytes": 1783042048}
{"step": 15950, "steps": 50000, "loss_depth4": 0.0906548798084259, "loss_depth8": 0.09022645652294159, "seconds_per_step": 0.11492483797483147, "elapsed_seconds": 1873.722190395929, "peak_memory_bytes": 1783042048}
{"step": 16000, "steps": 50000, "loss_depth4": 0.09018971025943756, "loss_depth8": 0.08990294486284256, "seconds_per_step": 0.11043437066487968, "elapsed_seconds": 1879.243908929173, "peak_memory_bytes": 1783042048}
{"step": 16050, "steps": 50000, "loss_depth4": 0.09096082299947739, "loss_depth8": 0.09050297737121582, "seconds_per_step": 0.11771583519876003, "elapsed_seconds": 1885.129700689111, "peak_memory_bytes": 1783042048}
{"step": 16100, "steps": 50000, "loss_depth4": 0.09132897108793259, "loss_depth8": 0.09089697897434235, "seconds_per_step": 0.111741389837116, "elapsed_seconds": 1890.7167701809667, "peak_memory_bytes": 1783042048}
{"step": 16150, "steps": 50000, "loss_depth4": 0.09033509343862534, "loss_depth8": 0.09013369679450989, "seconds_per_step": 0.12083426690660418, "elapsed_seconds": 1896.758483526297, "peak_memory_bytes": 1783042048}
{"step": 16200, "steps": 50000, "loss_depth4": 0.09069321304559708, "loss_depth8": 0.0903346911072731, "seconds_per_step": 0.11269301931373775, "elapsed_seconds": 1902.3931344919838, "peak_memory_bytes": 1783042048}
{"step": 16250, "steps": 50000, "loss_depth4": 0.08998966217041016, "loss_depth8": 0.08980968594551086, "seconds_per_step": 0.11008369400165975, "elapsed_seconds": 1907.8973191920668, "peak_memory_bytes": 1783042048}
{"step": 16300, "steps": 50000, "loss_depth4": 0.09135859459638596, "loss_depth8": 0.09098298847675323, "seconds_per_step": 0.11975649033673108, "elapsed_seconds": 1913.8851437089033, "peak_memory_bytes": 1783042048}
{"step": 16350, "steps": 50000, "loss_depth4": 0.09154394268989563, "loss_depth8": 0.09118178486824036, "seconds_per_step": 0.12282497668638825, "elapsed_seconds": 1920.0263925432228, "peak_memory_bytes": 1783042048}
{"step": 16400, "steps": 50000, "loss_depth4": 0.09181090444326401, "loss_depth8": 0.0915345549583435, "seconds_per_step": 0.11229826698079705, "elapsed_seconds": 1925.6413058922626, "peak_memory_bytes": 1783042048}
{"step": 16450, "steps": 50000, "loss_depth4": 0.09040214121341705, "loss_depth8": 0.0902465358376503, "seconds_per_step": 0.1130487684533, "elapsed_seconds": 1931.2937443149276, "peak_memory_bytes": 1783042048}
{"step": 16500, "steps": 50000, "loss_depth4": 0.0905831903219223, "loss_depth8": 0.09045159816741943, "seconds_per_step": 0.11285778018645942, "elapsed_seconds": 1936.9366333242506, "peak_memory_bytes": 1783042048}
{"step": 16550, "steps": 50000, "loss_depth4": 0.0908927321434021, "loss_depth8": 0.09060131013393402, "seconds_per_step": 0.12046881219372153, "elapsed_seconds": 1942.9600739339367, "peak_memory_bytes": 1783042048}
{"step": 16600, "steps": 50000, "loss_depth4": 0.09031699597835541, "loss_depth8": 0.09010618925094604, "seconds_per_step": 0.11611552352085709, "elapsed_seconds": 1948.7658501099795, "peak_memory_bytes": 1783042048}
{"step": 16650, "steps": 50000, "loss_depth4": 0.09034091979265213, "loss_depth8": 0.0900614783167839, "seconds_per_step": 0.11723345432430506, "elapsed_seconds": 1954.6275228261948, "peak_memory_bytes": 1783042048}
{"step": 16700, "steps": 50000, "loss_depth4": 0.08995881676673889, "loss_depth8": 0.08968939632177353, "seconds_per_step": 0.11374317320063711, "elapsed_seconds": 1960.3146814862266, "peak_memory_bytes": 1783042048}
{"step": 16750, "steps": 50000, "loss_depth4": 0.09016735106706619, "loss_depth8": 0.0899316594004631, "seconds_per_step": 0.11281552779488266, "elapsed_seconds": 1965.9554578759708, "peak_memory_bytes": 1783042048}
{"step": 16800, "steps": 50000, "loss_depth4": 0.09045406430959702, "loss_depth8": 0.0900970920920372, "seconds_per_step": 0.11412700960412621, "elapsed_seconds": 1971.661808356177, "peak_memory_bytes": 1783042048}
{"step": 16850, "steps": 50000, "loss_depth4": 0.09015799313783646, "loss_depth8": 0.08990369737148285, "seconds_per_step": 0.11398338828235864, "elapsed_seconds": 1977.360977770295, "peak_memory_bytes": 1783042048}
{"step": 16900, "steps": 50000, "loss_depth4": 0.09097691625356674, "loss_depth8": 0.09071772545576096, "seconds_per_step": 0.12589267015457153, "elapsed_seconds": 1983.6556112780236, "peak_memory_bytes": 1783042048}
{"step": 16950, "steps": 50000, "loss_depth4": 0.09085553139448166, "loss_depth8": 0.09045178443193436, "seconds_per_step": 0.12675936776213348, "elapsed_seconds": 1989.9935796661302, "peak_memory_bytes": 1783042048}
{"step": 17000, "steps": 50000, "loss_depth4": 0.09154677391052246, "loss_depth8": 0.09118839353322983, "seconds_per_step": 0.12889219026081264, "elapsed_seconds": 1996.4381891791709, "peak_memory_bytes": 1783042048}
{"step": 17050, "steps": 50000, "loss_depth4": 0.09090325981378555, "loss_depth8": 0.09070128947496414, "seconds_per_step": 0.12471742614172399, "elapsed_seconds": 2002.674060486257, "peak_memory_bytes": 1783042048}
{"step": 17100, "steps": 50000, "loss_depth4": 0.09021823853254318, "loss_depth8": 0.089939646422863, "seconds_per_step": 0.11442757997661829, "elapsed_seconds": 2008.395439485088, "peak_memory_bytes": 1783042048}
{"step": 17150, "steps": 50000, "loss_depth4": 0.08998622000217438, "loss_depth8": 0.08983790874481201, "seconds_per_step": 0.11153922306373715, "elapsed_seconds": 2013.9724006382748, "peak_memory_bytes": 1783042048}
{"step": 17200, "steps": 50000, "loss_depth4": 0.09016606956720352, "loss_depth8": 0.09004884213209152, "seconds_per_step": 0.11300557590089738, "elapsed_seconds": 2019.6226794333197, "peak_memory_bytes": 1783042048}
{"step": 17250, "steps": 50000, "loss_depth4": 0.09057430177927017, "loss_depth8": 0.09022048115730286, "seconds_per_step": 0.11057858089916409, "elapsed_seconds": 2025.151608478278, "peak_memory_bytes": 1783042048}
{"step": 17300, "steps": 50000, "loss_depth4": 0.09082412719726562, "loss_depth8": 0.09036262333393097, "seconds_per_step": 0.11801964350044727, "elapsed_seconds": 2031.0525906533003, "peak_memory_bytes": 1783042048}
{"step": 17350, "steps": 50000, "loss_depth4": 0.09057426452636719, "loss_depth8": 0.09018630534410477, "seconds_per_step": 0.11237376099452376, "elapsed_seconds": 2036.6712787030265, "peak_memory_bytes": 1783042048}
{"step": 17400, "steps": 50000, "loss_depth4": 0.09032821655273438, "loss_depth8": 0.08990203589200974, "seconds_per_step": 0.12020389418117702, "elapsed_seconds": 2042.6814734120853, "peak_memory_bytes": 1783042048}
{"step": 17450, "steps": 50000, "loss_depth4": 0.0901823565363884, "loss_depth8": 0.09006116539239883, "seconds_per_step": 0.11270868171937763, "elapsed_seconds": 2048.316907498054, "peak_memory_bytes": 1783042048}
{"step": 17500, "steps": 50000, "loss_depth4": 0.08931660652160645, "loss_depth8": 0.08925125002861023, "seconds_per_step": 0.11472140918485821, "elapsed_seconds": 2054.052977957297, "peak_memory_bytes": 1783042048}
{"step": 17550, "steps": 50000, "loss_depth4": 0.09060212969779968, "loss_depth8": 0.09032958745956421, "seconds_per_step": 0.11357452693395316, "elapsed_seconds": 2059.731704303995, "peak_memory_bytes": 1783042048}
{"step": 17600, "steps": 50000, "loss_depth4": 0.09047631919384003, "loss_depth8": 0.09021589905023575, "seconds_per_step": 0.11401859680190682, "elapsed_seconds": 2065.43263414409, "peak_memory_bytes": 1783042048}
{"step": 17650, "steps": 50000, "loss_depth4": 0.08998800814151764, "loss_depth8": 0.08975686132907867, "seconds_per_step": 0.11664788329973817, "elapsed_seconds": 2071.265028309077, "peak_memory_bytes": 1783042048}
{"step": 17700, "steps": 50000, "loss_depth4": 0.09073642641305923, "loss_depth8": 0.09045083075761795, "seconds_per_step": 0.1152072751801461, "elapsed_seconds": 2077.0253920680843, "peak_memory_bytes": 1783042048}
{"step": 17750, "steps": 50000, "loss_depth4": 0.0903506949543953, "loss_depth8": 0.09014181047677994, "seconds_per_step": 0.11531521369703114, "elapsed_seconds": 2082.791152752936, "peak_memory_bytes": 1783042048}
{"step": 17800, "steps": 50000, "loss_depth4": 0.08989986032247543, "loss_depth8": 0.08975633233785629, "seconds_per_step": 0.11768937756307424, "elapsed_seconds": 2088.6756216310896, "peak_memory_bytes": 1783042048}
{"step": 17850, "steps": 50000, "loss_depth4": 0.09006354212760925, "loss_depth8": 0.08987336605787277, "seconds_per_step": 0.11179549884051085, "elapsed_seconds": 2094.265396573115, "peak_memory_bytes": 1783042048}
{"step": 17900, "steps": 50000, "loss_depth4": 0.09110812097787857, "loss_depth8": 0.09027276188135147, "seconds_per_step": 0.1174164754152298, "elapsed_seconds": 2100.1362203438766, "peak_memory_bytes": 1783042048}
{"step": 17950, "steps": 50000, "loss_depth4": 0.09057088941335678, "loss_depth8": 0.09039300680160522, "seconds_per_step": 0.12373318922705949, "elapsed_seconds": 2106.3228798052296, "peak_memory_bytes": 1783042048}
{"step": 18000, "steps": 50000, "loss_depth4": 0.09006888419389725, "loss_depth8": 0.0899898111820221, "seconds_per_step": 0.11718231911770999, "elapsed_seconds": 2112.181995761115, "peak_memory_bytes": 1783042048}
{"step": 18050, "steps": 50000, "loss_depth4": 0.09072870016098022, "loss_depth8": 0.09044477343559265, "seconds_per_step": 0.11189352056011558, "elapsed_seconds": 2117.776671789121, "peak_memory_bytes": 1783042048}
{"step": 18100, "steps": 50000, "loss_depth4": 0.08977045118808746, "loss_depth8": 0.08955296128988266, "seconds_per_step": 0.11653992322273553, "elapsed_seconds": 2123.6036679502577, "peak_memory_bytes": 1783042048}
{"step": 18150, "steps": 50000, "loss_depth4": 0.09074563533067703, "loss_depth8": 0.09052366763353348, "seconds_per_step": 0.11921385086141527, "elapsed_seconds": 2129.5643604933284, "peak_memory_bytes": 1783042048}
{"step": 18200, "steps": 50000, "loss_depth4": 0.09008852392435074, "loss_depth8": 0.08997219055891037, "seconds_per_step": 0.11905086015351117, "elapsed_seconds": 2135.516903501004, "peak_memory_bytes": 1783042048}
{"step": 18250, "steps": 50000, "loss_depth4": 0.0899665430188179, "loss_depth8": 0.08978065103292465, "seconds_per_step": 0.1143470274657011, "elapsed_seconds": 2141.234254874289, "peak_memory_bytes": 1783042048}
{"step": 18300, "steps": 50000, "loss_depth4": 0.09120837599039078, "loss_depth8": 0.09090055525302887, "seconds_per_step": 0.11030479432083666, "elapsed_seconds": 2146.749494590331, "peak_memory_bytes": 1783042048}
{"step": 18350, "steps": 50000, "loss_depth4": 0.09068477153778076, "loss_depth8": 0.0904734879732132, "seconds_per_step": 0.11656188963912427, "elapsed_seconds": 2152.577589072287, "peak_memory_bytes": 1783042048}
{"step": 18400, "steps": 50000, "loss_depth4": 0.09056224673986435, "loss_depth8": 0.0902455523610115, "seconds_per_step": 0.11206956151872874, "elapsed_seconds": 2158.1810671482235, "peak_memory_bytes": 1783042048}
{"step": 18450, "steps": 50000, "loss_depth4": 0.09006660431623459, "loss_depth8": 0.08988749980926514, "seconds_per_step": 0.1099813457019627, "elapsed_seconds": 2163.6801344333217, "peak_memory_bytes": 1783042048}
{"step": 18500, "steps": 50000, "loss_depth4": 0.09082713723182678, "loss_depth8": 0.09057524800300598, "seconds_per_step": 0.11273365397937596, "elapsed_seconds": 2169.3168171322905, "peak_memory_bytes": 1783042048}
{"step": 18550, "steps": 50000, "loss_depth4": 0.09017418324947357, "loss_depth8": 0.09003371745347977, "seconds_per_step": 0.11663614981807768, "elapsed_seconds": 2175.1486246231943, "peak_memory_bytes": 1783042048}
{"step": 18600, "steps": 50000, "loss_depth4": 0.09105444699525833, "loss_depth8": 0.09073850512504578, "seconds_per_step": 0.11109072315506636, "elapsed_seconds": 2180.7031607809477, "peak_memory_bytes": 1783042048}
{"step": 18650, "steps": 50000, "loss_depth4": 0.09084468334913254, "loss_depth8": 0.09056326001882553, "seconds_per_step": 0.11402033174410463, "elapsed_seconds": 2186.404177368153, "peak_memory_bytes": 1783042048}
{"step": 18700, "steps": 50000, "loss_depth4": 0.0905783623456955, "loss_depth8": 0.09032037854194641, "seconds_per_step": 0.12218447313643992, "elapsed_seconds": 2192.513401024975, "peak_memory_bytes": 1783042048}
{"step": 18750, "steps": 50000, "loss_depth4": 0.08997569978237152, "loss_depth8": 0.08961866796016693, "seconds_per_step": 0.1108880184404552, "elapsed_seconds": 2198.0578019469976, "peak_memory_bytes": 1783042048}
{"step": 18800, "steps": 50000, "loss_depth4": 0.08990312367677689, "loss_depth8": 0.08959415555000305, "seconds_per_step": 0.11337417512200773, "elapsed_seconds": 2203.726510703098, "peak_memory_bytes": 1783042048}
{"step": 18850, "steps": 50000, "loss_depth4": 0.08979863673448563, "loss_depth8": 0.08962244540452957, "seconds_per_step": 0.11131179845891893, "elapsed_seconds": 2209.292100626044, "peak_memory_bytes": 1783042048}
{"step": 18900, "steps": 50000, "loss_depth4": 0.09057898074388504, "loss_depth8": 0.09037372469902039, "seconds_per_step": 0.11208576668053866, "elapsed_seconds": 2214.896388960071, "peak_memory_bytes": 1783042048}
{"step": 18950, "steps": 50000, "loss_depth4": 0.09016494452953339, "loss_depth8": 0.08996769785881042, "seconds_per_step": 0.11436499638482928, "elapsed_seconds": 2220.6146387793124, "peak_memory_bytes": 1783042048}
{"step": 19000, "steps": 50000, "loss_depth4": 0.08999444544315338, "loss_depth8": 0.08992311358451843, "seconds_per_step": 0.11066332574002445, "elapsed_seconds": 2226.1478050663136, "peak_memory_bytes": 1783042048}
{"step": 19050, "steps": 50000, "loss_depth4": 0.09058046340942383, "loss_depth8": 0.09038935601711273, "seconds_per_step": 0.11257599387317896, "elapsed_seconds": 2231.7766047599725, "peak_memory_bytes": 1783042048}
{"step": 19100, "steps": 50000, "loss_depth4": 0.09048332273960114, "loss_depth8": 0.09017179161310196, "seconds_per_step": 0.11204695486463606, "elapsed_seconds": 2237.3789525032043, "peak_memory_bytes": 1783042048}
{"step": 19150, "steps": 50000, "loss_depth4": 0.09059587121009827, "loss_depth8": 0.090329609811306, "seconds_per_step": 0.11408440952189267, "elapsed_seconds": 2243.083172979299, "peak_memory_bytes": 1783042048}
{"step": 19200, "steps": 50000, "loss_depth4": 0.08995107561349869, "loss_depth8": 0.089718759059906, "seconds_per_step": 0.10912063857540488, "elapsed_seconds": 2248.539204908069, "peak_memory_bytes": 1783042048}
{"step": 19250, "steps": 50000, "loss_depth4": 0.0909164622426033, "loss_depth8": 0.0907398983836174, "seconds_per_step": 0.10990149956196546, "elapsed_seconds": 2254.0342798861675, "peak_memory_bytes": 1783042048}
{"step": 19300, "steps": 50000, "loss_depth4": 0.09179858863353729, "loss_depth8": 0.09147985279560089, "seconds_per_step": 0.11174991365522147, "elapsed_seconds": 2259.6217755689286, "peak_memory_bytes": 1783042048}
{"step": 19350, "steps": 50000, "loss_depth4": 0.08926931023597717, "loss_depth8": 0.08910589665174484, "seconds_per_step": 0.11532105324789882, "elapsed_seconds": 2265.3878282313235, "peak_memory_bytes": 1783042048}
{"step": 19400, "steps": 50000, "loss_depth4": 0.09020595997571945, "loss_depth8": 0.09013786166906357, "seconds_per_step": 0.11748170583508909, "elapsed_seconds": 2271.261913523078, "peak_memory_bytes": 1783042048}
{"step": 19450, "steps": 50000, "loss_depth4": 0.09032482653856277, "loss_depth8": 0.0901457890868187, "seconds_per_step": 0.12332057868130505, "elapsed_seconds": 2277.427942457143, "peak_memory_bytes": 1783042048}
{"step": 19500, "steps": 50000, "loss_depth4": 0.09030663967132568, "loss_depth8": 0.09024646878242493, "seconds_per_step": 0.12308971615508199, "elapsed_seconds": 2283.5824282648973, "peak_memory_bytes": 1783042048}
{"step": 19550, "steps": 50000, "loss_depth4": 0.09026238322257996, "loss_depth8": 0.09012024849653244, "seconds_per_step": 0.11296583864837885, "elapsed_seconds": 2289.2307201973163, "peak_memory_bytes": 1783042048}
{"step": 19600, "steps": 50000, "loss_depth4": 0.08951760083436966, "loss_depth8": 0.08934866636991501, "seconds_per_step": 0.1144417501334101, "elapsed_seconds": 2294.9528077039868, "peak_memory_bytes": 1783042048}
{"step": 19650, "steps": 50000, "loss_depth4": 0.08995281904935837, "loss_depth8": 0.08971177041530609, "seconds_per_step": 0.11117830992676318, "elapsed_seconds": 2300.511723200325, "peak_memory_bytes": 1783042048}
{"step": 19700, "steps": 50000, "loss_depth4": 0.09059146046638489, "loss_depth8": 0.09036324918270111, "seconds_per_step": 0.11776655629277229, "elapsed_seconds": 2306.4000510149635, "peak_memory_bytes": 1783042048}
{"step": 19750, "steps": 50000, "loss_depth4": 0.09015597403049469, "loss_depth8": 0.08996430039405823, "seconds_per_step": 0.11438964724540711, "elapsed_seconds": 2312.119533377234, "peak_memory_bytes": 1783042048}
{"step": 19800, "steps": 50000, "loss_depth4": 0.09027925878763199, "loss_depth8": 0.09010246396064758, "seconds_per_step": 0.10977025283500552, "elapsed_seconds": 2317.608046018984, "peak_memory_bytes": 1783042048}
{"step": 19850, "steps": 50000, "loss_depth4": 0.09095747023820877, "loss_depth8": 0.09084880352020264, "seconds_per_step": 0.11185167094692589, "elapsed_seconds": 2323.2006295663305, "peak_memory_bytes": 1783042048}
{"step": 19900, "steps": 50000, "loss_depth4": 0.08911750465631485, "loss_depth8": 0.08910761028528214, "seconds_per_step": 0.10952644837088883, "elapsed_seconds": 2328.676951984875, "peak_memory_bytes": 1783042048}
{"step": 19950, "steps": 50000, "loss_depth4": 0.09054457396268845, "loss_depth8": 0.09045523405075073, "seconds_per_step": 0.11253822633996606, "elapsed_seconds": 2334.303863301873, "peak_memory_bytes": 1783042048}
{"step": 20000, "steps": 50000, "loss_depth4": 0.0903642475605011, "loss_depth8": 0.09018950909376144, "seconds_per_step": 0.10917660862207412, "elapsed_seconds": 2339.762693732977, "peak_memory_bytes": 1783042048}
{"step": 20050, "steps": 50000, "loss_depth4": 0.09022299200296402, "loss_depth8": 0.08990901708602905, "seconds_per_step": 0.16932912556454538, "elapsed_seconds": 2348.229150011204, "peak_memory_bytes": 1783042048}
{"step": 20100, "steps": 50000, "loss_depth4": 0.09154210984706879, "loss_depth8": 0.09115570038557053, "seconds_per_step": 0.11631057740189135, "elapsed_seconds": 2354.0446788812988, "peak_memory_bytes": 1783042048}
{"step": 20150, "steps": 50000, "loss_depth4": 0.08917583525180817, "loss_depth8": 0.08911716192960739, "seconds_per_step": 0.11270579671487212, "elapsed_seconds": 2359.6799687170424, "peak_memory_bytes": 1783042048}
{"step": 20200, "steps": 50000, "loss_depth4": 0.09059475362300873, "loss_depth8": 0.09031306207180023, "seconds_per_step": 0.1091309413406998, "elapsed_seconds": 2365.1365157840773, "peak_memory_bytes": 1783042048}
{"step": 20250, "steps": 50000, "loss_depth4": 0.0901339128613472, "loss_depth8": 0.08996377885341644, "seconds_per_step": 0.12031055907718838, "elapsed_seconds": 2371.1520437379368, "peak_memory_bytes": 1783042048}
{"step": 20300, "steps": 50000, "loss_depth4": 0.08975636959075928, "loss_depth8": 0.08972752094268799, "seconds_per_step": 0.1181444915663451, "elapsed_seconds": 2377.059268316254, "peak_memory_bytes": 1783042048}
{"step": 20350, "steps": 50000, "loss_depth4": 0.09039439260959625, "loss_depth8": 0.09008124470710754, "seconds_per_step": 0.11716182425618171, "elapsed_seconds": 2382.917359529063, "peak_memory_bytes": 1783042048}
{"step": 20400, "steps": 50000, "loss_depth4": 0.09029607474803925, "loss_depth8": 0.09014801681041718, "seconds_per_step": 0.12194134234450757, "elapsed_seconds": 2389.0144266462885, "peak_memory_bytes": 1783042048}
{"step": 20450, "steps": 50000, "loss_depth4": 0.0896257534623146, "loss_depth8": 0.08950625360012054, "seconds_per_step": 0.11451175975613297, "elapsed_seconds": 2394.740014634095, "peak_memory_bytes": 1783042048}
{"step": 20500, "steps": 50000, "loss_depth4": 0.09046721458435059, "loss_depth8": 0.090157650411129, "seconds_per_step": 0.11615300274454057, "elapsed_seconds": 2400.547664771322, "peak_memory_bytes": 1783042048}
{"step": 20550, "steps": 50000, "loss_depth4": 0.0906425192952156, "loss_depth8": 0.09053029865026474, "seconds_per_step": 0.12248605237342418, "elapsed_seconds": 2406.6719673899934, "peak_memory_bytes": 1783042048}
{"step": 20600, "steps": 50000, "loss_depth4": 0.09073925018310547, "loss_depth8": 0.09039678424596786, "seconds_per_step": 0.11587666127830744, "elapsed_seconds": 2412.4658004539087, "peak_memory_bytes": 1783042048}
{"step": 20650, "steps": 50000, "loss_depth4": 0.09100452065467834, "loss_depth8": 0.09053031355142593, "seconds_per_step": 0.11674611748196184, "elapsed_seconds": 2418.303106328007, "peak_memory_bytes": 1783042048}
{"step": 20700, "steps": 50000, "loss_depth4": 0.08983676880598068, "loss_depth8": 0.089764803647995, "seconds_per_step": 0.11524426414631307, "elapsed_seconds": 2424.0653195353225, "peak_memory_bytes": 1783042048}
{"step": 20750, "steps": 50000, "loss_depth4": 0.0901811420917511, "loss_depth8": 0.09008415788412094, "seconds_per_step": 0.11617055267095566, "elapsed_seconds": 2429.8738471688703, "peak_memory_bytes": 1783042048}
{"step": 20800, "steps": 50000, "loss_depth4": 0.090537890791893, "loss_depth8": 0.09040435403585434, "seconds_per_step": 0.11556217922829091, "elapsed_seconds": 2435.651956130285, "peak_memory_bytes": 1783042048}
{"step": 20850, "steps": 50000, "loss_depth4": 0.09070632606744766, "loss_depth8": 0.0904763862490654, "seconds_per_step": 0.11809065349400044, "elapsed_seconds": 2441.556488804985, "peak_memory_bytes": 1783042048}
{"step": 20900, "steps": 50000, "loss_depth4": 0.09101799875497818, "loss_depth8": 0.09075939655303955, "seconds_per_step": 0.11019606344401836, "elapsed_seconds": 2447.0662919771858, "peak_memory_bytes": 1783042048}
{"step": 20950, "steps": 50000, "loss_depth4": 0.08926637470722198, "loss_depth8": 0.08924754709005356, "seconds_per_step": 0.11487047395668924, "elapsed_seconds": 2452.80981567502, "peak_memory_bytes": 1783042048}
{"step": 21000, "steps": 50000, "loss_depth4": 0.08964946866035461, "loss_depth8": 0.08953643590211868, "seconds_per_step": 0.11434306424111128, "elapsed_seconds": 2458.526968887076, "peak_memory_bytes": 1783042048}
{"step": 21050, "steps": 50000, "loss_depth4": 0.0908554419875145, "loss_depth8": 0.09047092497348785, "seconds_per_step": 0.11873330055736005, "elapsed_seconds": 2464.463633914944, "peak_memory_bytes": 1783042048}
{"step": 21100, "steps": 50000, "loss_depth4": 0.09052775800228119, "loss_depth8": 0.09028062969446182, "seconds_per_step": 0.112922808425501, "elapsed_seconds": 2470.109774336219, "peak_memory_bytes": 1783042048}
{"step": 21150, "steps": 50000, "loss_depth4": 0.09034419804811478, "loss_depth8": 0.0900331363081932, "seconds_per_step": 0.11303280117921531, "elapsed_seconds": 2475.7614143951796, "peak_memory_bytes": 1783042048}
{"step": 21200, "steps": 50000, "loss_depth4": 0.09012975543737411, "loss_depth8": 0.08992969244718552, "seconds_per_step": 0.11722887273877859, "elapsed_seconds": 2481.6228580321185, "peak_memory_bytes": 1783042048}
{"step": 21250, "steps": 50000, "loss_depth4": 0.09028434753417969, "loss_depth8": 0.09009704738855362, "seconds_per_step": 0.11557436145842076, "elapsed_seconds": 2487.4015761050396, "peak_memory_bytes": 1783042048}
{"step": 21300, "steps": 50000, "loss_depth4": 0.09004298597574234, "loss_depth8": 0.08981205523014069, "seconds_per_step": 0.11202086473815143, "elapsed_seconds": 2493.002619341947, "peak_memory_bytes": 1783042048}
{"step": 21350, "steps": 50000, "loss_depth4": 0.09006816893815994, "loss_depth8": 0.08996192365884781, "seconds_per_step": 0.11647474904544651, "elapsed_seconds": 2498.8263567942195, "peak_memory_bytes": 1783042048}
{"step": 21400, "steps": 50000, "loss_depth4": 0.09086575359106064, "loss_depth8": 0.09051588177680969, "seconds_per_step": 0.11458816073834896, "elapsed_seconds": 2504.555764831137, "peak_memory_bytes": 1783042048}
{"step": 21450, "steps": 50000, "loss_depth4": 0.08990193903446198, "loss_depth8": 0.08958520740270615, "seconds_per_step": 0.11130929902195931, "elapsed_seconds": 2510.121229782235, "peak_memory_bytes": 1783042048}
{"step": 21500, "steps": 50000, "loss_depth4": 0.09021475911140442, "loss_depth8": 0.08994074910879135, "seconds_per_step": 0.12041757827624679, "elapsed_seconds": 2516.142108696047, "peak_memory_bytes": 1783042048}
{"step": 21550, "steps": 50000, "loss_depth4": 0.09028442949056625, "loss_depth8": 0.09018776565790176, "seconds_per_step": 0.12546345101669432, "elapsed_seconds": 2522.415281246882, "peak_memory_bytes": 1783042048}
{"step": 21600, "steps": 50000, "loss_depth4": 0.09057072550058365, "loss_depth8": 0.09041091799736023, "seconds_per_step": 0.11817324760369957, "elapsed_seconds": 2528.323943627067, "peak_memory_bytes": 1783042048}
{"step": 21650, "steps": 50000, "loss_depth4": 0.0893886387348175, "loss_depth8": 0.08926736563444138, "seconds_per_step": 0.11692559765651822, "elapsed_seconds": 2534.170223509893, "peak_memory_bytes": 1783042048}
{"step": 21700, "steps": 50000, "loss_depth4": 0.09092201292514801, "loss_depth8": 0.09062833338975906, "seconds_per_step": 0.11368270890787244, "elapsed_seconds": 2539.8543589552864, "peak_memory_bytes": 1783042048}
{"step": 21750, "steps": 50000, "loss_depth4": 0.09077012538909912, "loss_depth8": 0.09047696739435196, "seconds_per_step": 0.11817190829664469, "elapsed_seconds": 2545.7629543701187, "peak_memory_bytes": 1783042048}
{"step": 21800, "steps": 50000, "loss_depth4": 0.09123207628726959, "loss_depth8": 0.09089387953281403, "seconds_per_step": 0.11730832047760487, "elapsed_seconds": 2551.628370393999, "peak_memory_bytes": 1783042048}
{"step": 21850, "steps": 50000, "loss_depth4": 0.09027712792158127, "loss_depth8": 0.09010589122772217, "seconds_per_step": 0.12025507378391921, "elapsed_seconds": 2557.641124083195, "peak_memory_bytes": 1783042048}
{"step": 21900, "steps": 50000, "loss_depth4": 0.08956579864025116, "loss_depth8": 0.08944637328386307, "seconds_per_step": 0.11752086555585266, "elapsed_seconds": 2563.5171673609875, "peak_memory_bytes": 1783042048}
{"step": 21950, "steps": 50000, "loss_depth4": 0.09040933102369308, "loss_depth8": 0.09016429632902145, "seconds_per_step": 0.11146177036687732, "elapsed_seconds": 2569.0902558793314, "peak_memory_bytes": 1783042048}
{"step": 22000, "steps": 50000, "loss_depth4": 0.09011338651180267, "loss_depth8": 0.09006385505199432, "seconds_per_step": 0.11555876719765365, "elapsed_seconds": 2574.868194239214, "peak_memory_bytes": 1783042048}
{"step": 22050, "steps": 50000, "loss_depth4": 0.09040278196334839, "loss_depth8": 0.09008929878473282, "seconds_per_step": 0.11525392067618669, "elapsed_seconds": 2580.6308902730234, "peak_memory_bytes": 1783042048}
{"step": 22100, "steps": 50000, "loss_depth4": 0.08937578648328781, "loss_depth8": 0.08935228735208511, "seconds_per_step": 0.12170995468273758, "elapsed_seconds": 2586.7163880071603, "peak_memory_bytes": 1783042048}
{"step": 22150, "steps": 50000, "loss_depth4": 0.09079989045858383, "loss_depth8": 0.09051553159952164, "seconds_per_step": 0.12001252617686987, "elapsed_seconds": 2592.7170143160038, "peak_memory_bytes": 1783042048}
{"step": 22200, "steps": 50000, "loss_depth4": 0.0917862206697464, "loss_depth8": 0.09153148531913757, "seconds_per_step": 0.11942261355929076, "elapsed_seconds": 2598.6881449939683, "peak_memory_bytes": 1783042048}
{"step": 22250, "steps": 50000, "loss_depth4": 0.08981046825647354, "loss_depth8": 0.08965180069208145, "seconds_per_step": 0.11283402900211513, "elapsed_seconds": 2604.329846444074, "peak_memory_bytes": 1783042048}
{"step": 22300, "steps": 50000, "loss_depth4": 0.09040282666683197, "loss_depth8": 0.09017610549926758, "seconds_per_step": 0.1179598193988204, "elapsed_seconds": 2610.227837414015, "peak_memory_bytes": 1783042048}
{"step": 22350, "steps": 50000, "loss_depth4": 0.09010769426822662, "loss_depth8": 0.0900232270359993, "seconds_per_step": 0.11592691122554243, "elapsed_seconds": 2616.024182975292, "peak_memory_bytes": 1783042048}
{"step": 22400, "steps": 50000, "loss_depth4": 0.08935554325580597, "loss_depth8": 0.08927781879901886, "seconds_per_step": 0.11926283815875649, "elapsed_seconds": 2621.98732488323, "peak_memory_bytes": 1783042048}
{"step": 22450, "steps": 50000, "loss_depth4": 0.08952368795871735, "loss_depth8": 0.08943819999694824, "seconds_per_step": 0.1139806700963527, "elapsed_seconds": 2627.6863583880477, "peak_memory_bytes": 1783042048}
{"step": 22500, "steps": 50000, "loss_depth4": 0.0901244729757309, "loss_depth8": 0.09005404263734818, "seconds_per_step": 0.12122968565672636, "elapsed_seconds": 2633.747842670884, "peak_memory_bytes": 1783042048}
{"step": 22550, "steps": 50000, "loss_depth4": 0.08972849696874619, "loss_depth8": 0.08963649719953537, "seconds_per_step": 0.11480496686883271, "elapsed_seconds": 2639.4880910143256, "peak_memory_bytes": 1783042048}
{"step": 22600, "steps": 50000, "loss_depth4": 0.08948802947998047, "loss_depth8": 0.08942041546106339, "seconds_per_step": 0.11316624227911234, "elapsed_seconds": 2645.1464031282812, "peak_memory_bytes": 1783042048}
{"step": 22650, "steps": 50000, "loss_depth4": 0.09077481180429459, "loss_depth8": 0.09047076106071472, "seconds_per_step": 0.11929916061460971, "elapsed_seconds": 2651.1113611590117, "peak_memory_bytes": 1783042048}
{"step": 22700, "steps": 50000, "loss_depth4": 0.09028232097625732, "loss_depth8": 0.09018800407648087, "seconds_per_step": 0.1234397667646408, "elapsed_seconds": 2657.2833494972438, "peak_memory_bytes": 1783042048}
{"step": 22750, "steps": 50000, "loss_depth4": 0.0907142162322998, "loss_depth8": 0.09044231474399567, "seconds_per_step": 0.1129092891793698, "elapsed_seconds": 2662.9288139562123, "peak_memory_bytes": 1783042048}
{"step": 22800, "steps": 50000, "loss_depth4": 0.09151750057935715, "loss_depth8": 0.09122226387262344, "seconds_per_step": 0.11510251943953335, "elapsed_seconds": 2668.683939928189, "peak_memory_bytes": 1783042048}
{"step": 22850, "steps": 50000, "loss_depth4": 0.09158919751644135, "loss_depth8": 0.09115501493215561, "seconds_per_step": 0.11265829119831323, "elapsed_seconds": 2674.3168544881046, "peak_memory_bytes": 1783042048}
{"step": 22900, "steps": 50000, "loss_depth4": 0.08884430676698685, "loss_depth8": 0.08886399120092392, "seconds_per_step": 0.11041815349832178, "elapsed_seconds": 2679.8377621630207, "peak_memory_bytes": 1783042048}
{"step": 22950, "steps": 50000, "loss_depth4": 0.09011922776699066, "loss_depth8": 0.08994116634130478, "seconds_per_step": 0.12049871046096086, "elapsed_seconds": 2685.8626976860687, "peak_memory_bytes": 1783042048}
{"step": 23000, "steps": 50000, "loss_depth4": 0.08943238854408264, "loss_depth8": 0.08941838145256042, "seconds_per_step": 0.11068659031763672, "elapsed_seconds": 2691.3970272019506, "peak_memory_bytes": 1783042048}
{"step": 23050, "steps": 50000, "loss_depth4": 0.09018956869840622, "loss_depth8": 0.08988956362009048, "seconds_per_step": 0.12837486456148325, "elapsed_seconds": 2697.8157704300247, "peak_memory_bytes": 1783042048}
{"step": 23100, "steps": 50000, "loss_depth4": 0.0901569351553917, "loss_depth8": 0.08987302333116531, "seconds_per_step": 0.12308075208216905, "elapsed_seconds": 2703.969808034133, "peak_memory_bytes": 1783042048}
{"step": 23150, "steps": 50000, "loss_depth4": 0.0897166058421135, "loss_depth8": 0.08955404162406921, "seconds_per_step": 0.11129009444266558, "elapsed_seconds": 2709.5343127562664, "peak_memory_bytes": 1783042048}
{"step": 23200, "steps": 50000, "loss_depth4": 0.09086091816425323, "loss_depth8": 0.09049542993307114, "seconds_per_step": 0.11522320015355944, "elapsed_seconds": 2715.2954727639444, "peak_memory_bytes": 1783042048}
{"step": 23250, "steps": 50000, "loss_depth4": 0.09033433347940445, "loss_depth8": 0.08996021002531052, "seconds_per_step": 0.11620350174605847, "elapsed_seconds": 2721.1056478512473, "peak_memory_bytes": 1783042048}
{"step": 23300, "steps": 50000, "loss_depth4": 0.09094689786434174, "loss_depth8": 0.09057816118001938, "seconds_per_step": 0.11623003574088216, "elapsed_seconds": 2726.9171496382914, "peak_memory_bytes": 1783042048}
{"step": 23350, "steps": 50000, "loss_depth4": 0.08926714956760406, "loss_depth8": 0.0891687199473381, "seconds_per_step": 0.10977912775240839, "elapsed_seconds": 2732.406106025912, "peak_memory_bytes": 1783042048}
{"step": 23400, "steps": 50000, "loss_depth4": 0.09057589620351791, "loss_depth8": 0.09026087820529938, "seconds_per_step": 0.11312515654601157, "elapsed_seconds": 2738.0623638532124, "peak_memory_bytes": 1783042048}
{"step": 23450, "steps": 50000, "loss_depth4": 0.0898817926645279, "loss_depth8": 0.08978909999132156, "seconds_per_step": 0.1179697549622506, "elapsed_seconds": 2743.960851601325, "peak_memory_bytes": 1783042048}
{"step": 23500, "steps": 50000, "loss_depth4": 0.09055297821760178, "loss_depth8": 0.09030639380216599, "seconds_per_step": 0.11795555609278381, "elapsed_seconds": 2749.858629405964, "peak_memory_bytes": 1783042048}
{"step": 23550, "steps": 50000, "loss_depth4": 0.09049052745103836, "loss_depth8": 0.09018087387084961, "seconds_per_step": 0.11980025698430836, "elapsed_seconds": 2755.8486422551796, "peak_memory_bytes": 1783042048}
{"step": 23600, "steps": 50000, "loss_depth4": 0.09142927080392838, "loss_depth8": 0.09121804684400558, "seconds_per_step": 0.11682889888063074, "elapsed_seconds": 2761.690087199211, "peak_memory_bytes": 1783042048}
{"step": 23650, "steps": 50000, "loss_depth4": 0.09001103043556213, "loss_depth8": 0.08970187604427338, "seconds_per_step": 0.11736118925735355, "elapsed_seconds": 2767.558146662079, "peak_memory_bytes": 1783042048}
{"step": 23700, "steps": 50000, "loss_depth4": 0.09032777696847916, "loss_depth8": 0.09006709605455399, "seconds_per_step": 0.11607492435723543, "elapsed_seconds": 2773.3618928799406, "peak_memory_bytes": 1783042048}
{"step": 23750, "steps": 50000, "loss_depth4": 0.09033594280481339, "loss_depth8": 0.0901041179895401, "seconds_per_step": 0.11147685686126352, "elapsed_seconds": 2778.9357357230037, "peak_memory_bytes": 1783042048}
{"step": 23800, "steps": 50000, "loss_depth4": 0.09088346362113953, "loss_depth8": 0.09079304337501526, "seconds_per_step": 0.11202371680177749, "elapsed_seconds": 2784.5369215630926, "peak_memory_bytes": 1783042048}
{"step": 23850, "steps": 50000, "loss_depth4": 0.09145312756299973, "loss_depth8": 0.09120353311300278, "seconds_per_step": 0.11079348823986948, "elapsed_seconds": 2790.076595975086, "peak_memory_bytes": 1783042048}
{"step": 23900, "steps": 50000, "loss_depth4": 0.08951640129089355, "loss_depth8": 0.08934573829174042, "seconds_per_step": 0.11001241631805897, "elapsed_seconds": 2795.577216790989, "peak_memory_bytes": 1783042048}
{"step": 23950, "steps": 50000, "loss_depth4": 0.08974626660346985, "loss_depth8": 0.08952449262142181, "seconds_per_step": 0.11194639313966036, "elapsed_seconds": 2801.174536447972, "peak_memory_bytes": 1783042048}
{"step": 24000, "steps": 50000, "loss_depth4": 0.09046408534049988, "loss_depth8": 0.090147465467453, "seconds_per_step": 0.11098108620382846, "elapsed_seconds": 2806.7235907581635, "peak_memory_bytes": 1783042048}
{"step": 24050, "steps": 50000, "loss_depth4": 0.09019766002893448, "loss_depth8": 0.0900343805551529, "seconds_per_step": 0.1189553963020444, "elapsed_seconds": 2812.6713605732657, "peak_memory_bytes": 1783042048}
{"step": 24100, "steps": 50000, "loss_depth4": 0.08964330703020096, "loss_depth8": 0.08956333249807358, "seconds_per_step": 0.11376833073794841, "elapsed_seconds": 2818.359777110163, "peak_memory_bytes": 1783042048}
{"step": 24150, "steps": 50000, "loss_depth4": 0.09128189086914062, "loss_depth8": 0.09078393876552582, "seconds_per_step": 0.11277317618019879, "elapsed_seconds": 2823.998435919173, "peak_memory_bytes": 1783042048}
{"step": 24200, "steps": 50000, "loss_depth4": 0.08973054587841034, "loss_depth8": 0.08963998407125473, "seconds_per_step": 0.11010984292253852, "elapsed_seconds": 2829.5039280653, "peak_memory_bytes": 1783042048}
{"step": 24250, "steps": 50000, "loss_depth4": 0.09040503948926926, "loss_depth8": 0.09007171541452408, "seconds_per_step": 0.11772911101579667, "elapsed_seconds": 2835.39038361609, "peak_memory_bytes": 1783042048}
{"step": 24300, "steps": 50000, "loss_depth4": 0.09186599403619766, "loss_depth8": 0.09159909188747406, "seconds_per_step": 0.12251183837652206, "elapsed_seconds": 2841.515975534916, "peak_memory_bytes": 1783042048}
{"step": 24350, "steps": 50000, "loss_depth4": 0.09013773500919342, "loss_depth8": 0.09001290053129196, "seconds_per_step": 0.11645906572230161, "elapsed_seconds": 2847.338928821031, "peak_memory_bytes": 1783042048}
{"step": 24400, "steps": 50000, "loss_depth4": 0.09043310582637787, "loss_depth8": 0.09027591347694397, "seconds_per_step": 0.12179846935905517, "elapsed_seconds": 2853.4288522889838, "peak_memory_bytes": 1783042048}
W0909 00:45:53.919000 1553615 site-packages/torch/distributed/elastic/agent/server/api.py:739] Received Signals.SIGTERM death signal, shutting down workers
W0909 00:45:53.927000 1553615 site-packages/torch/distributed/elastic/multiprocessing/api.py:1012] Sending process 1553653 closing signal SIGTERM
W0909 00:45:53.928000 1553615 site-packages/torch/distributed/elastic/multiprocessing/api.py:1012] Sending process 1553654 closing signal SIGTERM
W0909 00:45:53.928000 1553615 site-packages/torch/distributed/elastic/multiprocessing/api.py:1012] Sending process 1553655 closing signal SIGTERM
W0909 00:45:53.929000 1553615 site-packages/torch/distributed/elastic/multiprocessing/api.py:1012] Sending process 1553656 closing signal SIGTERM
Traceback (most recent call last):
  File "/home/zhoushunyu/miniconda3/envs/myenv/lib/python3.10/runpy.py", line 196, in _run_module_as_main
    return _run_code(code, main_globals, None,
  File "/home/zhoushunyu/miniconda3/envs/myenv/lib/python3.10/runpy.py", line 86, in _run_code
    exec(code, run_globals)
  File "/home/zhoushunyu/miniconda3/envs/myenv/lib/python3.10/site-packages/torch/distributed/run.py", line 994, in <module>
    main()
  File "/home/zhoushunyu/miniconda3/envs/myenv/lib/python3.10/site-packages/torch/distributed/elastic/multiprocessing/errors/__init__.py", line 362, in wrapper
    return f(*args, **kwargs)
  File "/home/zhoushunyu/miniconda3/envs/myenv/lib/python3.10/site-packages/torch/distributed/run.py", line 990, in main
    run(args)
  File "/home/zhoushunyu/miniconda3/envs/myenv/lib/python3.10/site-packages/torch/distributed/run.py", line 981, in run
    elastic_launch(
  File "/home/zhoushunyu/miniconda3/envs/myenv/lib/python3.10/site-packages/torch/distributed/launcher/api.py", line 170, in __call__
    return launch_agent(self._config, self._entrypoint, list(args))
  File "/home/zhoushunyu/miniconda3/envs/myenv/lib/python3.10/site-packages/torch/distributed/launcher/api.py", line 308, in launch_agent
    result = agent.run()
  File "/home/zhoushunyu/miniconda3/envs/myenv/lib/python3.10/site-packages/torch/distributed/elastic/metrics/api.py", line 134, in wrapper
    result = f(*args, **kwargs)
  File "/home/zhoushunyu/miniconda3/envs/myenv/lib/python3.10/site-packages/torch/distributed/elastic/agent/server/api.py", line 731, in run
    result = self._invoke_run(role)
  File "/home/zhoushunyu/miniconda3/envs/myenv/lib/python3.10/site-packages/torch/distributed/elastic/agent/server/api.py", line 908, in _invoke_run
    time.sleep(monitor_interval)
  File "/home/zhoushunyu/miniconda3/envs/myenv/lib/python3.10/site-packages/torch/distributed/elastic/multiprocessing/api.py", line 86, in _terminate_process_handler
    raise SignalException(f"Process {os.getpid()} got signal: {sigval}", sigval=sigval)
torch.distributed.elastic.multiprocessing.api.SignalException: Process 1553615 got signal: 15
