start,method,k,index,gap_rms,clean_gap_rms,noise_gap_rms,modified_rms,correction_rms,sign_disagreement,guidance_flip_fraction
0,cfg_low,0,0,0.15222660610198033,0.15222660610198033,0.0,0.15222660610198033,0.0,0.0,0.0
0,cfg_low,0,1,0.18167397449166828,0.18167397449166828,0.0,0.18167397449166828,0.0,0.0,0.0
0,cfg_low,0,2,0.08842107906727106,0.08842107906727106,0.0,0.08842107906727106,0.0,0.0,0.0
0,cfg_low,0,3,0.16248645496254221,0.16248645496254221,0.0,0.16248645496254221,0.0,0.0,0.0
0,cfg_low,1,0,0.15705214397730335,0.154598204227658,0.002453939749645365,0.15705214397730335,0.0,0.0,0.0
0,cfg_low,1,1,0.18390412369535714,0.1810306217626172,0.0028735019327399552,0.18390412369535714,0.0,0.0,0.0
0,cfg_low,1,2,0.08866964724794901,0.08728418400969981,0.0013854632382492033,0.08866964724794901,0.0,0.0,0.0
0,cfg_low,1,3,0.17483348129123036,0.17210170814605488,0.0027317731451754743,0.17483348129123036,0.0,0.0,0.0
0,cfg_low,2,0,0.155782141870009,0.1509139499365712,0.004868191933437781,0.155782141870009,0.0,0.0,0.0
0,cfg_low,2,1,0.18398384546924826,0.17823435029833426,0.005749495170914008,0.18398384546924826,0.0,0.0,0.0
0,cfg_low,2,2,0.0870836343886615,0.08436227081401583,0.002721363574645672,0.0870836343886615,0.0,0.0,0.0
0,cfg_low,2,3,0.1789185197271726,0.17332731598569845,0.005591203741474144,0.1789185197271726,0.0,0.0,0.0
0,cfg_low,3,0,0.14811734961158038,0.14117434884853755,0.00694300076304283,0.14811734961158038,0.0,0.0,0.0
0,cfg_low,3,1,0.1801388161327663,0.1716948091265429,0.008444007006223421,0.1801388161327663,0.0,0.0,0.0
0,cfg_low,3,2,0.08709675381446859,0.08301409347941538,0.004082660335053215,0.08709675381446859,0.0,0.0,0.0
0,cfg_low,3,3,0.17251484785193863,0.164428214358879,0.008086633493059624,0.17251484785193863,0.0,0.0,0.0
0,cfg_low,4,0,0.13836547997925788,0.12971763748055426,0.008647842498703618,0.13836547997925788,0.0,0.0,0.0
0,cfg_low,4,1,0.17193648446758691,0.16119045418836273,0.010746030279224182,0.17193648446758691,0.0,0.0,0.0
0,cfg_low,4,2,0.08785355852556208,0.08236271111771445,0.00549084740784763,0.08785355852556208,0.0,0.0,0.0
0,cfg_low,4,3,0.15415980320987635,0.14452481550925908,0.009634987700617272,0.15415980320987635,0.0,0.0,0.0
0,cfg_low,5,0,0.12815373492692278,0.11814172438575694,0.010012010541165843,0.12815373492692278,0.0,0.0,0.0
0,cfg_low,5,1,0.15986161437543775,0.14737242575235668,0.012489188623081075,0.15986161437543775,0.0,0.0,0.0
0,cfg_low,5,2,0.0871700006461285,0.0803598443456497,0.006810156300478789,0.0871700006461285,0.0,0.0,0.0
0,cfg_low,5,3,0.13346611528081806,0.12303907502450415,0.010427040256313911,0.13346611528081806,0.0,0.0,0.0
0,cfg_low,6,0,0.11846688939511374,0.10736061851432183,0.011106270880791913,0.11846688939511374,0.0,0.0,0.0
0,cfg_low,6,1,0.14565734269550712,0.13200196681780332,0.013655375877703792,0.14565734269550712,0.0,0.0,0.0
0,cfg_low,6,2,0.08376770940226533,0.07591448664580296,0.007853222756462375,0.08376770940226533,0.0,0.0,0.0
0,cfg_low,6,3,0.11914681371275844,0.10797679992718734,0.011170013785571104,0.11914681371275844,0.0,0.0,0.0
0,cfg_low,7,0,0.11031142469961581,0.09824611262309534,0.012065312076520479,0.11031142469961581,0.0,0.0,0.0
0,cfg_low,7,1,0.13150164741444342,0.11711865472848867,0.014382992685954749,0.13150164741444342,0.0,0.0,0.0
0,cfg_low,7,2,0.07779645189855716,0.06928746497215248,0.008508986926404689,0.07779645189855716,0.0,0.0,0.0
0,cfg_low,7,3,0.11052956732942264,0.09844039590276704,0.0120891714266556,0.11052956732942264,0.0,0.0,0.0
0,cfg_low,8,0,0.1044091941290763,0.09135804486294176,0.013051149266134538,0.1044091941290763,0.0,0.0,0.0
0,cfg_low,8,1,0.1190593487441002,0.10417693015108767,0.014882418593012524,0.1190593487441002,0.0,0.0,0.0
0,cfg_low,8,2,0.07037466351295825,0.06157783057383847,0.008796832939119781,0.07037466351295825,0.0,0.0,0.0
0,cfg_low,8,3,0.1050870626729885,0.09195117983886493,0.013135882834123562,0.1050870626729885,0.0,0.0,0.0
0,cfg_low,9,0,0.10110991072071862,0.08689132952561757,0.014218581195101056,0.10110991072071862,0.0,0.0,0.0
0,cfg_low,9,1,0.10926424644203732,0.09389896178612582,0.015365284655911499,0.10926424644203732,0.0,0.0,0.0
0,cfg_low,9,2,0.06275817341580638,0.0539328052792086,0.008825368136597771,0.06275817341580638,0.0,0.0,0.0
0,cfg_low,9,3,0.10303821738967281,0.08854846806925007,0.014489749320422738,0.10303821738967281,0.0,0.0,0.0
0,cfg_low,10,0,0.10016023287526721,0.0845101964885067,0.0156500363867605,0.10016023287526721,0.0,0.0,0.0
0,cfg_low,10,1,0.10262045032975224,0.08658600496572845,0.016034445364023788,0.10262045032975224,0.0,0.0,0.0
0,cfg_low,10,2,0.05606666780651665,0.047306250961748425,0.008760416844768228,0.05606666780651665,0.0,0.0,0.0
0,cfg_low,10,3,0.10492592180481795,0.08853124652281515,0.016394675282002804,0.10492592180481795,0.0,0.0,0.0
0,cfg_low,11,0,0.10136933431055224,0.08394647997592608,0.017422854334626165,0.10136933431055224,0.0,0.0,0.0
0,cfg_low,11,1,0.09942032135217113,0.08233245361976672,0.017087867732404415,0.09942032135217113,0.0,0.0,0.0
0,cfg_low,11,2,0.05101268959769902,0.0422448835730945,0.00876780602460452,0.05101268959769902,0.0,0.0,0.0
0,cfg_low,11,3,0.1106329980453551,0.09161795150630969,0.01901504653904541,0.1106329980453551,0.0,0.0,0.0
0,cfg_low,12,0,0.10434478625806985,0.08478013883468176,0.019564647423388096,0.10434478625806985,0.0,0.0,0.0
0,cfg_low,12,1,0.09986260581990054,0.0811383672286692,0.018724238591231353,0.09986260581990054,0.0,0.0,0.0
0,cfg_low,12,2,0.04793310385612257,0.038945646883099594,0.008987456973022983,0.04793310385612257,0.0,0.0,0.0
0,cfg_low,12,3,0.12038598852559594,0.0978136156770467,0.022572372848549238,0.12038598852559594,0.0,0.0,0.0
0,cfg_low,13,0,0.10781121757554507,0.08591206400551248,0.02189915357003259,0.10781121757554507,0.0,0.0,0.0
0,cfg_low,13,1,0.10460827859159125,0.08335972200267427,0.021248556588916973,0.10460827859159125,0.0,0.0,0.0
0,cfg_low,13,2,0.046864654563855954,0.037345271605572716,0.00951938295828324,0.046864654563855954,0.0,0.0,0.0
0,cfg_low,13,3,0.13264684924471107,0.10570295799187913,0.026943891252831937,0.13264684924471107,0.0,0.0,0.0
0,cfg_low,14,0,0.11026368462110289,0.08614350361023664,0.024120181010866257,0.11026368462110289,0.0,0.0,0.0
0,cfg_low,14,1,0.11606695734301349,0.09067731042422929,0.0253896469187842,0.11606695734301349,0.0,0.0,0.0
0,cfg_low,14,2,0.04751055908064054,0.037117624281750417,0.010392934798890117,0.04751055908064054,0.0,0.0,0.0
0,cfg_low,14,3,0.13973752668903072,0.10916994272580526,0.03056758396322547,0.13973752668903072,0.0,0.0,0.0
0,cfg_low,15,0,0.11073628686881451,0.08478246963393611,0.025953817234878402,0.11073628686881451,0.0,0.0,0.0
0,cfg_low,15,1,0.13776600127077895,0.10547709472294013,0.032288906547838815,0.13776600127077895,0.0,0.0,0.0
0,cfg_low,15,2,0.04932086997864823,0.03776129107740255,0.011559578901245678,0.04932086997864823,0.0,0.0,0.0
0,cfg_low,15,3,0.14058264493115635,0.10763358752541659,0.03294905740573977,0.14058264493115635,0.0,0.0,0.0
0,cfg_low,16,0,0.10852119840373191,0.08139089880279893,0.027130299600932977,0.10852119840373191,0.0,0.0,0.0
0,cfg_low,16,1,0.1607225643651095,0.12054192327383213,0.04018064109127738,0.1607225643651095,0.0,0.0,0.0
0,cfg_low,16,2,0.051669474842210496,0.038752106131657874,0.012917368710552624,0.051669474842210496,0.0,0.0,0.0
0,cfg_low,16,3,0.1403477849756491,0.10526083873173682,0.03508694624391227,0.1403477849756491,0.0,0.0,0.0
0,cfg_low,17,0,0.10440385005627051,0.07667157738507366,0.027732272671196854,0.10440385005627051,0.0,0.0,0.0
0,cfg_low,17,1,0.1767523586243771,0.12980251336477694,0.046949845259600165,0.1767523586243771,0.0,0.0,0.0
0,cfg_low,17,2,0.054126761902744916,0.0397493407723283,0.014377421130416618,0.054126761902744916,0.0,0.0,0.0
0,cfg_low,17,3,0.1407556995397224,0.10336746684948363,0.03738823269023876,0.1407556995397224,0.0,0.0,0.0
0,cfg_low,18,0,0.10126953498385001,0.0727874782696422,0.028482056714207817,0.10126953498385001,0.0,0.0,0.0
0,cfg_low,18,1,0.19262477964389668,0.13844906036905075,0.05417571927484594,0.19262477964389668,0.0,0.0,0.0
0,cfg_low,18,2,0.056660979944033886,0.04072507933477436,0.01593590060925953,0.056660979944033886,0.0,0.0,0.0
0,cfg_low,18,3,0.14150024845166365,0.10170330357463325,0.0397969448770304,0.14150024845166365,0.0,0.0,0.0
0,cfg_low,19,0,0.0994046482735071,0.06989389331730968,0.02951075495619742,0.0994046482735071,0.0,0.0,0.0
0,cfg_low,19,1,0.21686363381410884,0.15248224252554526,0.06438139128856356,0.21686363381410884,0.0,0.0,0.0
0,cfg_low,19,2,0.059265599794103556,0.041671124855229065,0.017594474938874494,0.059265599794103556,0.0,0.0,0.0
0,cfg_low,19,3,0.14290333146504397,0.10047890493635904,0.04242442652868493,0.14290333146504397,0.0,0.0,0.0
0,cfg_low,20,0,0.09678397943080017,0.06653898585867511,0.030244993572125053,0.09678397943080017,0.0,0.0,0.0
0,cfg_low,20,1,0.24792243185930238,0.1704466719032704,0.077475759956032,0.24792243185930238,0.0,0.0,0.0
0,cfg_low,20,2,0.06190363908283958,0.04255875186945221,0.01934488721338737,0.06190363908283958,0.0,0.0,0.0
0,cfg_low,20,3,0.1460630632828238,0.10041835600694138,0.04564470727588244,0.1460630632828238,0.0,0.0,0.0
0,cfg_low,21,0,0.0934222233605421,0.06276805632036422,0.030654167040177874,0.0934222233605421,0.0,0.0,0.0
0,cfg_low,21,1,0.2758458769078273,0.18533394854744648,0.09051192836038083,0.2758458769078273,0.0,0.0,0.0
0,cfg_low,21,2,0.06462069444196965,0.04341702907819836,0.02120366536377129,0.06462069444196965,0.0,0.0,0.0
0,cfg_low,21,3,0.1510117753582934,0.10146103656885339,0.049550738789440024,0.1510117753582934,0.0,0.0,0.0
0,cfg_low,22,0,0.09514384070345992,0.062438145461645576,0.032705695241814346,0.09514384070345992,0.0,0.0,0.0
0,cfg_low,22,1,0.2897690139788094,0.19016091542359365,0.09960809855521573,0.2897690139788094,0.0,0.0,0.0
0,cfg_low,22,2,0.06698283987244459,0.04395748866629176,0.023025351206152827,0.06698283987244459,0.0,0.0,0.0
0,cfg_low,22,3,0.1567415302434211,0.10286162922224511,0.053879901021176006,0.1567415302434211,0.0,0.0,0.0
0,cfg_low,23,0,0.1021335597568092,0.0654293117192059,0.036704248037603304,0.1021335597568092,0.0,0.0,0.0
0,cfg_low,23,1,0.2810731152026524,0.18006246442669918,0.1010106507759532,0.2810731152026524,0.0,0.0,0.0
0,cfg_low,23,2,0.06839965260837225,0.04381852745223847,0.024581125156133775,0.06839965260837225,0.0,0.0,0.0
0,cfg_low,23,3,0.16203942246431358,0.10380650501620088,0.058232917448112695,0.16203942246431358,0.0,0.0,0.0
0,cfg_low,24,0,0.09519467879002473,0.05949667424376546,0.03569800454625927,0.09519467879002473,0.0,0.0,0.0
0,cfg_low,24,1,0.2648111051882938,0.16550694074268363,0.09930416444561019,0.2648111051882938,0.0,0.0,0.0
0,cfg_low,24,2,0.06918898357394172,0.043243114733713575,0.025945868840228148,0.06918898357394172,0.0,0.0,0.0
0,cfg_low,24,3,0.1652866378218459,0.1033041486386537,0.06198248918319221,0.1652866378218459,0.0,0.0,0.0
0,cfg_low,25,0,0.09763551828793371,0.0594966439567096,0.03813887433122411,0.09763551828793371,0.0,0.0,0.0
0,cfg_low,25,1,0.25342613099752204,0.15443154857661498,0.09899458242090704,0.25342613099752204,0.0,0.0,0.0
0,cfg_low,25,2,0.07080100836112659,0.043144364470061515,0.027656643891065074,0.07080100836112659,0.0,0.0,0.0
0,cfg_low,25,3,0.16855047963874317,0.10271044852985912,0.06584003110888405,0.16855047963874317,0.0,0.0,0.0
0,cfg_low,26,0,0.10081342148393474,0.059857969006086253,0.040955452477848486,0.10081342148393474,0.0,0.0,0.0
0,cfg_low,26,1,0.2438318001487281,0.1447751313383073,0.09905666881042079,0.2438318001487281,0.0,0.0,0.0
0,cfg_low,26,2,0.07457917472475296,0.044281384992822075,0.030297789731930893,0.07457917472475296,0.0,0.0,0.0
0,cfg_low,26,3,0.17387623246108144,0.1032390130237671,0.07063721943731434,0.17387623246108144,0.0,0.0,0.0
0,cfg_low,27,0,0.10360758412021345,0.059898134569498405,0.04370944955071505,0.10360758412021345,0.0,0.0,0.0
0,cfg_low,27,1,0.2342784041609813,0.1354422024055673,0.098836201755414,0.2342784041609813,0.0,0.0,0.0
0,cfg_low,27,2,0.08005311041326975,0.04628070445767157,0.033772405955598175,0.08005311041326975,0.0,0.0,0.0
0,cfg_low,27,3,0.1792493800287324,0.10362854782911092,0.07562083219962147,0.1792493800287324,0.0,0.0,0.0
0,cfg_low,28,0,0.10598546232451313,0.05961682255753863,0.046368639766974494,0.10598546232451313,0.0,0.0,0.0
0,cfg_low,28,1,0.22352151908054527,0.12573085448280671,0.09779066459773855,0.22352151908054527,0.0,0.0,0.0
0,cfg_low,28,2,0.08567064827176092,0.04818973965286552,0.0374809086188954,0.08567064827176092,0.0,0.0,0.0
0,cfg_low,28,3,0.1830972323992333,0.10299219322456873,0.08010503917466458,0.1830972323992333,0.0,0.0,0.0
0,cfg_low,29,0,0.10753073298868925,0.05880586960318943,0.04872486338549981,0.10753073298868925,0.0,0.0,0.0
0,cfg_low,29,1,0.21116556636342212,0.11548116910499648,0.09568439725842565,0.21116556636342212,0.0,0.0,0.0
0,cfg_low,29,2,0.09199371425046941,0.05030906248072546,0.04168465176974395,0.09199371425046941,0.0,0.0,0.0
0,cfg_low,29,3,0.18429753715141414,0.10078771562967961,0.08350982152173453,0.18429753715141414,0.0,0.0,0.0
0,cfg_low,30,0,0.10812293648529184,0.05744031000781129,0.05068262647748055,0.10812293648529184,0.0,0.0,0.0
0,cfg_low,30,1,0.19847185492717578,0.10543817293006214,0.09303368199711365,0.19847185492717578,0.0,0.0,0.0
0,cfg_low,30,2,0.10165099834198256,0.05400209286917824,0.04764890547280432,0.10165099834198256,0.0,0.0,0.0
0,cfg_low,30,3,0.182812534379242,0.09711915888897231,0.08569337549026969,0.182812534379242,0.0,0.0,0.0
0,cfg_low,31,0,0.10779165145254069,0.05558007028021629,0.0522115811723244,0.10779165145254069,0.0,0.0,0.0
0,cfg_low,31,1,0.18618957443817197,0.09600399931968243,0.09018557511848954,0.18618957443817197,0.0,0.0,0.0
0,cfg_low,31,2,0.11272219984363606,0.05812238429437484,0.054599815549261216,0.11272219984363606,0.0,0.0,0.0
0,cfg_low,31,3,0.17979989215204498,0.09270931939089819,0.08709057276114679,0.17979989215204498,0.0,0.0,0.0
0,cfg_low,32,0,0.10716840993667272,0.05358420496833636,0.05358420496833636,0.10716840993667272,0.0,0.0,0.0
0,cfg_low,32,1,0.1764701501368677,0.08823507506843385,0.08823507506843385,0.1764701501368677,0.0,0.0,0.0
0,cfg_low,32,2,0.1135983294174173,0.05679916470870865,0.05679916470870865,0.1135983294174173,0.0,0.0,0.0
0,cfg_low,32,3,0.17579521162051376,0.08789760581025688,0.08789760581025688,0.17579521162051376,0.0,0.0,0.0
0,cfg_low,33,0,0.10697665541051597,0.05181681746446867,0.0551598379460473,0.10697665541051597,0.0,0.0,0.0
0,cfg_low,33,1,0.17042465345863297,0.08254944151902535,0.08787521193960762,0.17042465345863297,0.0,0.0,0.0
0,cfg_low,33,2,0.108404187120173,0.0525082781363338,0.0558959089838392,0.108404187120173,0.0,0.0,0.0
0,cfg_low,33,3,0.16975424897949,0.08222471434944048,0.08752953463004953,0.16975424897949,0.0,0.0,0.0
0,cfg_low,34,0,0.10746057415354109,0.050372144134472385,0.0570884300190687,0.10746057415354109,0.0,0.0,0.0
0,cfg_low,34,1,0.16593357282963883,0.0777813622638932,0.08815221056574563,0.16593357282963883,0.0,0.0,0.0
0,cfg_low,34,2,0.10222884281914284,0.0479197700714732,0.054309072747669634,0.10222884281914284,0.0,0.0,0.0
0,cfg_low,34,3,0.1611761960809827,0.07555134191296063,0.08562485416802205,0.1611761960809827,0.0,0.0,0.0
0,cfg_low,35,0,0.10865468322137235,0.049234153334684345,0.05942052988668801,0.10865468322137235,0.0,0.0,0.0
0,cfg_low,35,1,0.16089806046985788,0.07290693365040435,0.08799112681945354,0.16089806046985788,0.0,0.0,0.0
0,cfg_low,35,2,0.0977118757965784,0.04427569372032459,0.053436182076253814,0.0977118757965784,0.0,0.0,0.0
0,cfg_low,35,3,0.15221882310515672,0.06897415421952414,0.08324466888563258,0.15221882310515672,0.0,0.0,0.0
0,cfg_low,36,0,0.11016770269535772,0.048198369929219005,0.06196933276613872,0.11016770269535772,0.0,0.0,0.0
0,cfg_low,36,1,0.1559094178735787,0.06821037031969068,0.08769904755388802,0.1559094178735787,0.0,0.0,0.0
0,cfg_low,36,2,0.09646572366663386,0.042203754104152315,0.05426196956248155,0.09646572366663386,0.0,0.0,0.0
0,cfg_low,36,3,0.1448428204492359,0.06336873394654072,0.08147408650269519,0.1448428204492359,0.0,0.0,0.0
0,cfg_low,37,0,0.11148708891599193,0.047033615636434094,0.06445347327955783,0.11148708891599193,0.0,0.0,0.0
0,cfg_low,37,1,0.15179255042677278,0.06403748221129477,0.08775506821547802,0.15179255042677278,0.0,0.0,0.0
0,cfg_low,37,2,0.09774245096489216,0.04123509650081388,0.05650735446407828,0.09774245096489216,0.0,0.0,0.0
0,cfg_low,37,3,0.13942651684153243,0.05882056179252149,0.08060595504901094,0.13942651684153243,0.0,0.0,0.0
0,cfg_low,38,0,0.1121734999935474,0.04557048437237863,0.06660301562116877,0.1121734999935474,0.0,0.0,0.0
0,cfg_low,38,1,0.1471543989496529,0.059781474573296495,0.08737292437635641,0.1471543989496529,0.0,0.0,0.0
0,cfg_low,38,2,0.09980901386210243,0.04054741188147911,0.05926160198062332,0.09980901386210243,0.0,0.0,0.0
0,cfg_low,38,3,0.1356032953622094,0.05508883874089757,0.08051445662131182,0.1356032953622094,0.0,0.0,0.0
0,cfg_low,39,0,0.11184541337332526,0.04368961459895518,0.06815579877437009,0.11184541337332526,0.0,0.0,0.0
0,cfg_low,39,1,0.14107270083522722,0.05510652376376063,0.08596617707146659,0.14107270083522722,0.0,0.0,0.0
0,cfg_low,39,2,0.1016488946139262,0.039706599458564924,0.06194229515536128,0.1016488946139262,0.0,0.0,0.0
0,cfg_low,39,3,0.13152364256400317,0.05137642287656374,0.08014721968743943,0.13152364256400317,0.0,0.0,0.0
0,cfg_low,40,0,0.11022872733196093,0.04133577274948535,0.06889295458247557,0.11022872733196093,0.0,0.0,0.0
0,cfg_low,40,1,0.1348286068165023,0.05056072755618836,0.08426787926031394,0.1348286068165023,0.0,0.0,0.0
0,cfg_low,40,2,0.10266037687984862,0.03849764132994323,0.06416273554990538,0.10266037687984862,0.0,0.0,0.0
0,cfg_low,40,3,0.12692895170757798,0.04759835689034174,0.07933059481723624,0.12692895170757798,0.0,0.0,0.0
0,cfg_low,41,0,0.10736004274332862,0.03858251536088372,0.0687775273824449,0.10736004274332862,0.0,0.0,0.0
0,cfg_low,41,1,0.12946923838267924,0.04652800754377535,0.08294123083890388,0.12946923838267924,0.0,0.0,0.0
0,cfg_low,41,2,0.10201782127197444,0.03666265451961581,0.06535516675235863,0.10201782127197444,0.0,0.0,0.0
0,cfg_low,41,3,0.12260433232894345,0.04406093193071405,0.0785434003982294,0.12260433232894345,0.0,0.0,0.0
0,cfg_low,42,0,0.10361010898177506,0.035615974962485177,0.06799413401928989,0.10361010898177506,0.0,0.0,0.0
0,cfg_low,42,1,0.12484152890157361,0.04291427555991593,0.08192725334165768,0.12484152890157361,0.0,0.0,0.0
0,cfg_low,42,2,0.09905372021421867,0.034049716323637666,0.065004003890581,0.09905372021421867,0.0,0.0,0.0
0,cfg_low,42,3,0.1189926607843939,0.0409037271446354,0.0780889336397585,0.1189926607843939,0.0,0.0,0.0
0,cfg_low,43,0,0.09966710735984104,0.03270326960244784,0.0669638377573932,0.09966710735984104,0.0,0.0,0.0
0,cfg_low,43,1,0.12051873720270696,0.03954521064463822,0.08097352655806873,0.12051873720270696,0.0,0.0,0.0
0,cfg_low,43,2,0.0951061163975954,0.03120669444296099,0.06389942195463441,0.0951061163975954,0.0,0.0,0.0
0,cfg_low,43,3,0.11597334278071558,0.0380537530999223,0.07791958968079328,0.11597334278071558,0.0,0.0,0.0
0,cfg_low,44,0,0.09599672138566397,0.02999897543301999,0.06599774595264397,0.09599672138566397,0.0,0.0,0.0
0,cfg_low,44,1,0.11631346980327287,0.03634795931352277,0.07996551048975009,0.11631346980327287,0.0,0.0,0.0
0,cfg_low,44,2,0.09157687196640432,0.02861777248950135,0.06295909947690297,0.09157687196640432,0.0,0.0,0.0
0,cfg_low,44,3,0.1132115757075395,0.035378617408606094,0.0778329582989334,0.1132115757075395,0.0,0.0,0.0
0,cfg_low,45,0,0.0928586584272695,0.02756741422059563,0.06529124420667386,0.0928586584272695,0.0,0.0,0.0
0,cfg_low,45,1,0.11228121782089122,0.03333348654057708,0.07894773128031414,0.11228121782089122,0.0,0.0,0.0
0,cfg_low,45,2,0.08849656296312047,0.02627241712967639,0.062224145833444086,0.08849656296312047,0.0,0.0,0.0
0,cfg_low,45,3,0.11034568205680365,0.03275887436061358,0.07758680769619006,0.11034568205680365,0.0,0.0,0.0
0,cfg_low,46,0,0.0902702798557184,0.0253885162094208,0.0648817636462976,0.0902702798557184,0.0,0.0,0.0
0,cfg_low,46,1,0.10853326970506334,0.030524982104549066,0.07800828760051427,0.10853326970506334,0.0,0.0,0.0
0,cfg_low,46,2,0.085821014230083,0.024137160252210844,0.061683853977872155,0.085821014230083,0.0,0.0,0.0
0,cfg_low,46,3,0.10716661527759724,0.030140610546824223,0.07702600473077302,0.10716661527759724,0.0,0.0,0.0
0,cfg_low,47,0,0.08802411940679998,0.023381406717431243,0.06464271268936873,0.08802411940679998,0.0,0.0,0.0
0,cfg_low,47,1,0.10509292384620304,0.027915307896647683,0.07717761594955536,0.10509292384620304,0.0,0.0,0.0
0,cfg_low,47,2,0.08373131843268261,0.02224113145868132,0.06149018697400129,0.08373131843268261,0.0,0.0,0.0
0,cfg_low,47,3,0.10362687765072452,0.0275258893759737,0.07610098827475083,0.10362687765072452,0.0,0.0,0.0
4,cfg_low,0,4,0.0798901046334073,0.0798901046334073,0.0,0.0798901046334073,0.0,0.0,0.0
4,cfg_low,0,5,0.10445120237934812,0.10445120237934812,0.0,0.10445120237934812,0.0,0.0,0.0
4,cfg_low,0,6,0.13187463580451894,0.13187463580451894,0.0,0.13187463580451894,0.0,0.0,0.0
4,cfg_low,0,7,0.1176059073798838,0.1176059073798838,0.0,0.1176059073798838,0.0,0.0,0.0
4,cfg_low,1,4,0.07651195900894964,0.0753164596494348,0.001195499359514838,0.07651195900894964,0.0,0.0,0.0
4,cfg_low,1,5,0.10771992640236126,0.10603680255232437,0.0016831238500368947,0.10771992640236126,0.0,0.0,0.0
4,cfg_low,1,6,0.1314652158313539,0.129411071833989,0.0020541439973649047,0.1314652158313539,0.0,0.0,0.0
4,cfg_low,1,7,0.13846832350440055,0.1363047559496443,0.0021635675547562586,0.13846832350440055,0.0,0.0,0.0
4,cfg_low,2,4,0.08187329136403737,0.07931475100891121,0.002558540355126168,0.08187329136403737,0.0,0.0,0.0
4,cfg_low,2,5,0.11719662903550548,0.11353423437814594,0.0036623946573595464,0.11719662903550548,0.0,0.0,0.0
4,cfg_low,2,6,0.14673491225139895,0.14214944624354273,0.004585466007856217,0.14673491225139895,0.0,0.0,0.0
4,cfg_low,2,7,0.14979809243666692,0.14511690204802108,0.004681190388645841,0.14979809243666692,0.0,0.0,0.0
4,cfg_low,3,4,0.08811939404804614,0.08398879745204398,0.004130596596002163,0.08811939404804614,0.0,0.0,0.0
4,cfg_low,3,5,0.14088239556052684,0.13427853326862715,0.006603862291899696,0.14088239556052684,0.0,0.0,0.0
4,cfg_low,3,6,0.1650799910486384,0.15734186646823348,0.007738124580404925,0.1650799910486384,0.0,0.0,0.0
4,cfg_low,3,7,0.15244500554860987,0.14529914591351878,0.007145859635091088,0.15244500554860987,0.0,0.0,0.0
4,cfg_low,4,4,0.09037615606555084,0.08472764631145391,0.005648509754096928,0.09037615606555084,0.0,0.0,0.0
4,cfg_low,4,5,0.1669076286579174,0.15647590186679755,0.010431726791119837,0.1669076286579174,0.0,0.0,0.0
4,cfg_low,4,6,0.17987813869874936,0.16863575503007752,0.011242383668671835,0.17987813869874936,0.0,0.0,0.0
4,cfg_low,4,7,0.1517619989109264,0.1422768739789935,0.0094851249319329,0.1517619989109264,0.0,0.0,0.0
4,cfg_low,5,4,0.09022316390934386,0.08317447922892637,0.007048684680417489,0.09022316390934386,0.0,0.0,0.0
4,cfg_low,5,5,0.18431221706323533,0.16991282510517008,0.01439939195806526,0.18431221706323533,0.0,0.0,0.0
4,cfg_low,5,6,0.19214312662076527,0.177131944853518,0.015011181767247287,0.19214312662076527,0.0,0.0,0.0
4,cfg_low,5,7,0.14904989568445265,0.1374053725841048,0.011644523100347862,0.14904989568445265,0.0,0.0,0.0
4,cfg_low,6,4,0.09040625665477306,0.08193067009338809,0.008475586561384973,0.09040625665477306,0.0,0.0,0.0
4,cfg_low,6,5,0.19251112946819846,0.17446321108055485,0.018047918387643604,0.19251112946819846,0.0,0.0,0.0
4,cfg_low,6,6,0.20561804275356224,0.1863413512454158,0.01927669150814646,0.20561804275356224,0.0,0.0,0.0
4,cfg_low,6,7,0.14415743071653997,0.13064267158686435,0.013514759129675622,0.14415743071653997,0.0,0.0,0.0
4,cfg_low,7,4,0.09398658218637541,0.0837067997597406,0.01027978242663481,0.09398658218637541,0.0,0.0,0.0
4,cfg_low,7,5,0.19907028817787265,0.17729697540841782,0.021773312769454822,0.19907028817787265,0.0,0.0,0.0
4,cfg_low,7,6,0.22165631267112842,0.19741265347272374,0.024243659198404672,0.22165631267112842,0.0,0.0,0.0
4,cfg_low,7,7,0.1361603635055894,0.12126782374716556,0.014892539758423841,0.1361603635055894,0.0,0.0,0.0
4,cfg_low,8,4,0.1047187669486109,0.09162892108003454,0.013089845868576363,0.1047187669486109,0.0,0.0,0.0
4,cfg_low,8,5,0.22588055469177667,0.1976454853553046,0.028235069336472084,0.22588055469177667,0.0,0.0,0.0
4,cfg_low,8,6,0.24002229918589665,0.21001951178765957,0.03000278739823708,0.24002229918589665,0.0,0.0,0.0
4,cfg_low,8,7,0.1262781038336932,0.11049334085448155,0.01578476297921165,0.1262781038336932,0.0,0.0,0.0
4,cfg_low,9,4,0.13014656055326074,0.11184470047545844,0.018301860077802292,0.13014656055326074,0.0,0.0,0.0
4,cfg_low,9,5,0.3029959088737221,0.2603871091883549,0.04260879968536717,0.3029959088737221,0.0,0.0,0.0
4,cfg_low,9,6,0.25746968038481144,0.22126300658069734,0.03620667380411411,0.25746968038481144,0.0,0.0,0.0
4,cfg_low,9,7,0.11809013834187886,0.10148371263755214,0.016606425704326713,0.11809013834187886,0.0,0.0,0.0
4,cfg_low,10,4,0.18393697922840585,0.15519682622396744,0.028740153004438412,0.18393697922840585,0.0,0.0,0.0
4,cfg_low,10,5,0.34896217658564216,0.29443683649413555,0.054525340091506586,0.34896217658564216,0.0,0.0,0.0
4,cfg_low,10,6,0.2687516789351442,0.2267592291015279,0.041992449833616274,0.2687516789351442,0.0,0.0,0.0
4,cfg_low,10,7,0.11425977742122811,0.09640668719916122,0.017853090222066895,0.11425977742122811,0.0,0.0,0.0
4,cfg_low,11,4,0.23906066539641774,0.19797211353140845,0.0410885518650093,0.23906066539641774,0.0,0.0,0.0
4,cfg_low,11,5,0.3328355072736838,0.27562940446101936,0.057206102812664396,0.3328355072736838,0.0,0.0,0.0
4,cfg_low,11,6,0.2745828559811295,0.22738892760937288,0.047193928371756635,0.2745828559811295,0.0,0.0,0.0
4,cfg_low,11,7,0.11364326337966164,0.0941108274862823,0.019532435893379343,0.11364326337966164,0.0,0.0,0.0
4,cfg_low,12,4,0.2582169045913641,0.20980123498048334,0.04841566961088077,0.2582169045913641,0.0,0.0,0.0
4,cfg_low,12,5,0.28489294533043286,0.2314755180809767,0.05341742724945616,0.28489294533043286,0.0,0.0,0.0
4,cfg_low,12,6,0.27162796813639756,0.220697724110823,0.05093024402557454,0.27162796813639756,0.0,0.0,0.0
4,cfg_low,12,7,0.11478522801616566,0.0932629977631346,0.02152223025303106,0.11478522801616566,0.0,0.0,0.0
4,cfg_low,13,4,0.26165384807723857,0.2085054101865495,0.053148437890689085,0.26165384807723857,0.0,0.0,0.0
4,cfg_low,13,5,0.26497422359816797,0.2111513344297901,0.053822889168377866,0.26497422359816797,0.0,0.0,0.0
4,cfg_low,13,6,0.23953153465666888,0.190876691679533,0.04865484297713586,0.23953153465666888,0.0,0.0,0.0
4,cfg_low,13,7,0.11693224092293766,0.09318037948546595,0.023751861437471714,0.11693224092293766,0.0,0.0,0.0
4,cfg_low,14,4,0.2477641489336095,0.19356574135438243,0.05419840757922708,0.2477641489336095,0.0,0.0,0.0
4,cfg_low,14,5,0.2600463096550488,0.2031611794180069,0.056885130237041934,0.2600463096550488,0.0,0.0,0.0
4,cfg_low,14,6,0.15056762071980387,0.11763095368734677,0.032936667032457095,0.15056762071980387,0.0,0.0,0.0
4,cfg_low,14,7,0.11960475231985385,0.09344121274988582,0.02616353956996803,0.11960475231985385,0.0,0.0,0.0
4,cfg_low,15,4,0.22200909560105492,0.16997571381955767,0.052033381781497245,0.22200909560105492,0.0,0.0,0.0
4,cfg_low,15,5,0.26491781124534225,0.20282769923471516,0.06209011201062709,0.26491781124534225,0.0,0.0,0.0
4,cfg_low,15,6,0.13539801625186715,0.10366410619283578,0.03173391005903136,0.13539801625186715,0.0,0.0,0.0
4,cfg_low,15,7,0.122874307743179,0.09407564186587143,0.02879866587730758,0.122874307743179,0.0,0.0,0.0
4,cfg_low,16,4,0.20206554319763675,0.15154915739822755,0.05051638579940919,0.20206554319763675,0.0,0.0,0.0
4,cfg_low,16,5,0.2674097214479182,0.20055729108593864,0.06685243036197955,0.2674097214479182,0.0,0.0,0.0
4,cfg_low,16,6,0.13343046684980656,0.10007285013735492,0.03335761671245164,0.13343046684980656,0.0,0.0,0.0
4,cfg_low,16,7,0.12747278994360842,0.0956045924577063,0.031868197485902104,0.12747278994360842,0.0,0.0,0.0
4,cfg_low,17,4,0.19791128537991404,0.14534110020087437,0.052570185179039663,0.19791128537991404,0.0,0.0,0.0
4,cfg_low,17,5,0.2586042029649731,0.18991246155240213,0.06869174141257098,0.2586042029649731,0.0,0.0,0.0
4,cfg_low,17,6,0.13322080972408065,0.09783403214112173,0.035386777582958925,0.13322080972408065,0.0,0.0,0.0
4,cfg_low,17,7,0.1340487704498853,0.09844206579913452,0.03560670465075078,0.1340487704498853,0.0,0.0,0.0
4,cfg_low,18,4,0.20291923872952655,0.1458482028368472,0.05707103589267934,0.20291923872952655,0.0,0.0,0.0
4,cfg_low,18,5,0.2413420649912389,0.17346460921245296,0.06787745577878594,0.2413420649912389,0.0,0.0,0.0
4,cfg_low,18,6,0.1347388267315373,0.09684353171329244,0.037895295018244866,0.1347388267315373,0.0,0.0,0.0
4,cfg_low,18,7,0.14256602400950666,0.10246932975683291,0.040096694252673745,0.14256602400950666,0.0,0.0,0.0
4,cfg_low,19,4,0.20806150688698313,0.14629324702991,0.06176825985707312,0.20806150688698313,0.0,0.0,0.0
4,cfg_low,19,5,0.22749358657704122,0.1599564280619821,0.0675371585150591,0.22749358657704122,0.0,0.0,0.0
4,cfg_low,19,6,0.13847539900998346,0.09736551492889461,0.041109884081088836,0.13847539900998346,0.0,0.0,0.0
4,cfg_low,19,7,0.15240951986809706,0.10716294365725575,0.04524657621084131,0.15240951986809706,0.0,0.0,0.0
4,cfg_low,20,4,0.21279873774893177,0.1462991322023906,0.06649960554654118,0.21279873774893177,0.0,0.0,0.0
4,cfg_low,20,5,0.2168226308846864,0.1490655587332219,0.0677570721514645,0.2168226308846864,0.0,0.0,0.0
4,cfg_low,20,6,0.14316502435522188,0.09842595424421505,0.044739070111006835,0.14316502435522188,0.0,0.0,0.0
4,cfg_low,20,7,0.16259091691714755,0.11178125538053894,0.05080966153660861,0.16259091691714755,0.0,0.0,0.0
4,cfg_low,21,4,0.22405167870447731,0.15053472162957068,0.07351695707490662,0.22405167870447731,0.0,0.0,0.0
4,cfg_low,21,5,0.20574197413434792,0.138232888871515,0.0675090852628329,0.20574197413434792,0.0,0.0,0.0
4,cfg_low,21,6,0.14756761578825645,0.0991469918577348,0.04842062393052165,0.14756761578825645,0.0,0.0,0.0
4,cfg_low,21,7,0.1721141286998683,0.11563918022022401,0.05647494847964429,0.1721141286998683,0.0,0.0,0.0
4,cfg_low,22,4,0.23951549832215768,0.15718204577391598,0.0823334525482417,0.23951549832215768,0.0,0.0,0.0
4,cfg_low,22,5,0.19448256618990115,0.12762918406212262,0.06685338212777851,0.19448256618990115,0.0,0.0,0.0
4,cfg_low,22,6,0.15146104374627928,0.09939630995849577,0.0520647337877835,0.15146104374627928,0.0,0.0,0.0
4,cfg_low,22,7,0.17956919691761108,0.11784228547718227,0.061726911440428814,0.17956919691761108,0.0,0.0,0.0
4,cfg_low,23,4,0.2520456313845192,0.1614667326057076,0.09057889877881159,0.2520456313845192,0.0,0.0,0.0
4,cfg_low,23,5,0.18044330618756324,0.1155964930264077,0.06484681316115554,0.18044330618756324,0.0,0.0,0.0
4,cfg_low,23,6,0.15532764736855084,0.09950677409547788,0.05582087327307296,0.15532764736855084,0.0,0.0,0.0
4,cfg_low,23,7,0.18379270989179006,0.11774220477442801,0.06605050511736205,0.18379270989179006,0.0,0.0,0.0
4,cfg_low,24,4,0.25835646252540256,0.1614727890783766,0.09688367344702596,0.25835646252540256,0.0,0.0,0.0
4,cfg_low,24,5,0.16253633945826254,0.10158521216141408,0.060951127296848456,0.16253633945826254,0.0,0.0,0.0
4,cfg_low,24,6,0.16023017910689377,0.1001438619418086,0.06008631716508517,0.16023017910689377,0.0,0.0,0.0
4,cfg_low,24,7,0.18480795793540092,0.11550497370962558,0.06930298422577534,0.18480795793540092,0.0,0.0,0.0
4,cfg_low,25,4,0.23504127660321955,0.1432282779300869,0.09181299867313264,0.23504127660321955,0.0,0.0,0.0
4,cfg_low,25,5,0.14821241020624004,0.09031693746942752,0.05789547273681252,0.14821241020624004,0.0,0.0,0.0
4,cfg_low,25,6,0.1653581388158802,0.10076511584092701,0.0645930229749532,0.1653581388158802,0.0,0.0,0.0
4,cfg_low,25,7,0.18329567872325803,0.11169580422198536,0.07159987450127267,0.18329567872325803,0.0,0.0,0.0
4,cfg_low,26,4,0.20273392168532683,0.12037326600066281,0.08236065568466402,0.20273392168532683,0.0,0.0,0.0
4,cfg_low,26,5,0.140102850677909,0.08318606759000848,0.05691678308790053,0.140102850677909,0.0,0.0,0.0
4,cfg_low,26,6,0.16897786119451608,0.10033060508424392,0.06864725611027216,0.16897786119451608,0.0,0.0,0.0
4,cfg_low,26,7,0.1800153362635791,0.10688410590650009,0.07313123035707901,0.1800153362635791,0.0,0.0,0.0
4,cfg_low,27,4,0.19211321202450082,0.11106545070166454,0.08104776132283628,0.19211321202450082,0.0,0.0,0.0
4,cfg_low,27,5,0.1370621082405133,0.07923903132654675,0.05782307691396654,0.1370621082405133,0.0,0.0,0.0
4,cfg_low,27,6,0.1706372502980779,0.09864966032857629,0.07198758996950162,0.1706372502980779,0.0,0.0,0.0
4,cfg_low,27,7,0.17649145323743928,0.10203412140289458,0.0744573318345447,0.17649145323743928,0.0,0.0,0.0
4,cfg_low,28,4,0.18127138463255943,0.10196515385581467,0.07930623077674476,0.18127138463255943,0.0,0.0,0.0
4,cfg_low,28,5,0.13636831139346722,0.07670717515882532,0.05966113623464191,0.13636831139346722,0.0,0.0,0.0
4,cfg_low,28,6,0.17012356111723184,0.09569450312844291,0.07442905798878893,0.17012356111723184,0.0,0.0,0.0
4,cfg_low,28,7,0.17367778492673636,0.0976937540212892,0.07598403090544716,0.17367778492673636,0.0,0.0,0.0
4,cfg_low,29,4,0.17632444174496872,0.09642742907927977,0.07989701266568895,0.17632444174496872,0.0,0.0,0.0
4,cfg_low,29,5,0.13575544795626796,0.07424126060108403,0.061514187355183915,0.13575544795626796,0.0,0.0,0.0
4,cfg_low,29,6,0.1669431924029751,0.091297058345377,0.07564613405759808,0.1669431924029751,0.0,0.0,0.0
4,cfg_low,29,7,0.1704368372815703,0.09320764538835875,0.07722919189321155,0.1704368372815703,0.0,0.0,0.0
4,cfg_low,30,4,0.17290973499899878,0.0918582967182181,0.08105143828078068,0.17290973499899878,0.0,0.0,0.0
4,cfg_low,30,5,0.13539734407577145,0.07192983904025359,0.06346750503551786,0.13539734407577145,0.0,0.0,0.0
4,cfg_low,30,6,0.16273649004997168,0.08645376033904745,0.07628272971092423,0.16273649004997168,0.0,0.0,0.0
4,cfg_low,30,7,0.1659844496184294,0.08817923885979062,0.07780521075863878,0.1659844496184294,0.0,0.0,0.0
4,cfg_low,31,4,0.16833696327392467,0.0867987466881174,0.08153821658580726,0.16833696327392467,0.0,0.0,0.0
4,cfg_low,31,5,0.13454149708300303,0.06937295943342343,0.0651685376495796,0.13454149708300303,0.0,0.0,0.0
4,cfg_low,31,6,0.15992199245129252,0.0824597773576977,0.07746221509359481,0.15992199245129252,0.0,0.0,0.0
4,cfg_low,31,7,0.16045883881151377,0.08273658876218679,0.07772225004932698,0.16045883881151377,0.0,0.0,0.0
4,cfg_low,32,4,0.16272502496577004,0.08136251248288502,0.08136251248288502,0.16272502496577004,0.0,0.0,0.0
4,cfg_low,32,5,0.1312735598567108,0.0656367799283554,0.0656367799283554,0.1312735598567108,0.0,0.0,0.0
4,cfg_low,32,6,0.15686875015882867,0.07843437507941434,0.07843437507941434,0.15686875015882867,0.0,0.0,0.0
4,cfg_low,32,7,0.15481761979067074,0.07740880989533537,0.07740880989533537,0.15481761979067074,0.0,0.0,0.0
4,cfg_low,33,4,0.15649557132251107,0.07580254235934131,0.08069302896316977,0.15649557132251107,0.0,0.0,0.0
4,cfg_low,33,5,0.12590264233682172,0.06098409238189802,0.0649185499549237,0.12590264233682172,0.0,0.0,0.0
4,cfg_low,33,6,0.153112941562924,0.07416408106954131,0.07894886049338268,0.153112941562924,0.0,0.0,0.0
4,cfg_low,33,7,0.14972050798276154,0.07252087105415012,0.07719963692861143,0.14972050798276154,0.0,0.0,0.0
4,cfg_low,34,4,0.1506933911076855,0.07063752708172759,0.08005586402595792,0.1506933911076855,0.0,0.0,0.0
4,cfg_low,34,5,0.11984362533928787,0.05617669937779119,0.06366692596149669,0.11984362533928787,0.0,0.0,0.0
4,cfg_low,34,6,0.14883066398885203,0.06976437374477439,0.07906629024407764,0.14883066398885203,0.0,0.0,0.0
4,cfg_low,34,7,0.1448245916883002,0.06788652735389072,0.07693806433440947,0.1448245916883002,0.0,0.0,0.0
4,cfg_low,35,4,0.14571459126139913,0.06602692416532148,0.07968766709607765,0.14571459126139913,0.0,0.0,0.0
4,cfg_low,35,5,0.11364926394967079,0.051497322727194574,0.06215194122247621,0.11364926394967079,0.0,0.0,0.0
4,cfg_low,35,6,0.1444032916137924,0.06543274151249968,0.07897055010129271,0.1444032916137924,0.0,0.0,0.0
4,cfg_low,35,7,0.14008764606349183,0.06347721462251973,0.0766104314409721,0.14008764606349183,0.0,0.0,0.0
4,cfg_low,36,4,0.14089296041048824,0.0616406701795886,0.07925229023089964,0.14089296041048824,0.0,0.0,0.0
4,cfg_low,36,5,0.10783133614543611,0.047176209563628294,0.060655126581807814,0.10783133614543611,0.0,0.0,0.0
4,cfg_low,36,6,0.14025129525799301,0.06135994167537194,0.07889135358262107,0.14025129525799301,0.0,0.0,0.0
4,cfg_low,36,7,0.13695973524684252,0.0599198841704936,0.07703985107634892,0.13695973524684252,0.0,0.0,0.0
4,cfg_low,37,4,0.1357940017723553,0.05728809449771239,0.0785059072746429,0.1357940017723553,0.0,0.0,0.0
4,cfg_low,37,5,0.10286961562964626,0.043398119093757015,0.05947149653588925,0.10286961562964626,0.0,0.0,0.0
4,cfg_low,37,6,0.13647148730221198,0.05757390870562068,0.0788975785965913,0.13647148730221198,0.0,0.0,0.0
4,cfg_low,37,7,0.13543623810534028,0.05713716295069043,0.07829907515464984,0.13543623810534028,0.0,0.0,0.0
4,cfg_low,38,4,0.13045617776277815,0.05299782221612862,0.07745835554664952,0.13045617776277815,0.0,0.0,0.0
4,cfg_low,38,5,0.09887660720261465,0.0401686216760622,0.05870798552655245,0.09887660720261465,0.0,0.0,0.0
4,cfg_low,38,6,0.13311104259326406,0.05407636105351352,0.07903468153975053,0.13311104259326406,0.0,0.0,0.0
4,cfg_low,38,7,0.13484212893427144,0.05477961487954777,0.08006251405472367,0.13484212893427144,0.0,0.0,0.0
4,cfg_low,39,4,0.12497568594242957,0.04881862732126155,0.07615705862116802,0.12497568594242957,0.0,0.0,0.0
4,cfg_low,39,5,0.09564376782690721,0.037360846807385634,0.05828292101952158,0.09564376782690721,0.0,0.0,0.0
4,cfg_low,39,6,0.13034619273498768,0.05091648153710456,0.07942971119788311,0.13034619273498768,0.0,0.0,0.0
4,cfg_low,39,7,0.13465453241061176,0.05259942672289522,0.08205510568771654,0.13465453241061176,0.0,0.0,0.0
4,cfg_low,40,4,0.11942862374898032,0.04478573390586762,0.0746428898431127,0.11942862374898032,0.0,0.0,0.0
4,cfg_low,40,5,0.09279617985130935,0.03479856744424101,0.05799761240706834,0.09279617985130935,0.0,0.0,0.0
4,cfg_low,40,6,0.1278122564950908,0.04792959618565905,0.07988266030943174,0.1278122564950908,0.0,0.0,0.0
4,cfg_low,40,7,0.13447812985839133,0.050429298696896746,0.08404883116149459,0.13447812985839133,0.0,0.0,0.0
4,cfg_low,41,4,0.11397978143636606,0.040961483953694054,0.07301829748267201,0.11397978143636606,0.0,0.0,0.0
4,cfg_low,41,5,0.09012112794427553,0.03238728035497402,0.05773384758930151,0.09012112794427553,0.0,0.0,0.0
4,cfg_low,41,6,0.12518123645848267,0.04498700685226721,0.08019422960621546,0.12518123645848267,0.0,0.0,0.0
4,cfg_low,41,7,0.13402472576271088,0.048165135820974224,0.08585958994173666,0.13402472576271088,0.0,0.0,0.0
4,cfg_low,42,4,0.10887824109767437,0.03742689537732556,0.07145134572034881,0.10887824109767437,0.0,0.0,0.0
4,cfg_low,42,5,0.08760600907383033,0.030114565619129174,0.057491443454701155,0.08760600907383033,0.0,0.0,0.0
4,cfg_low,42,6,0.12252870933658881,0.042119243834452404,0.0804094655021364,0.12252870933658881,0.0,0.0,0.0
4,cfg_low,42,7,0.13311797599549838,0.045759304248452565,0.08735867174704581,0.13311797599549838,0.0,0.0,0.0
4,cfg_low,43,4,0.10433512381644296,0.034234962502270344,0.07010016131417261,0.10433512381644296,0.0,0.0,0.0
4,cfg_low,43,5,0.08529842309485956,0.027988545078000793,0.057309878016858766,0.08529842309485956,0.0,0.0,0.0
4,cfg_low,43,6,0.11969685353312191,0.039275530065555626,0.08042132346756628,0.11969685353312191,0.0,0.0,0.0
4,cfg_low,43,7,0.1316845701890801,0.043208999593291914,0.0884755705957882,0.1316845701890801,0.0,0.0,0.0
4,cfg_low,44,4,0.10034260616948715,0.03135706442796474,0.06898554174152241,0.10034260616948715,0.0,0.0,0.0
4,cfg_low,44,5,0.08319618448790353,0.025998807652469855,0.057197376835433675,0.08319618448790353,0.0,0.0,0.0
4,cfg_low,44,6,0.11663452469600792,0.036448288967502476,0.08018623572850545,0.11663452469600792,0.0,0.0,0.0
4,cfg_low,44,7,0.12972048756291613,0.04053765236341129,0.08918283519950483,0.12972048756291613,0.0,0.0,0.0
4,cfg_low,45,4,0.09672717571497895,0.028715880290384375,0.06801129542459457,0.09672717571497895,0.0,0.0,0.0
4,cfg_low,45,5,0.08123781771927237,0.024117477135408984,0.05712034058386339,0.08123781771927237,0.0,0.0,0.0
4,cfg_low,45,6,0.11339008960263186,0.033662682850781334,0.07972740675185053,0.11339008960263186,0.0,0.0,0.0
4,cfg_low,45,7,0.12724543857812057,0.037775989577879546,0.08946944900024102,0.12724543857812057,0.0,0.0,0.0
4,cfg_low,46,4,0.09338495972505294,0.026264519922671137,0.0671204398023818,0.09338495972505294,0.0,0.0,0.0
4,cfg_low,46,5,0.07937762037509462,0.022324955730495363,0.05705266464459926,0.07937762037509462,0.0,0.0,0.0
4,cfg_low,46,6,0.11004706020671828,0.030950735683139517,0.07909632452357876,0.11004706020671828,0.0,0.0,0.0
4,cfg_low,46,7,0.12426997974578469,0.03495093180350194,0.08931904794228274,0.12426997974578469,0.0,0.0,0.0
4,cfg_low,47,4,0.09032145141903497,0.023991635533181163,0.06632981588585381,0.09032145141903497,0.0,0.0,0.0
4,cfg_low,47,5,0.07761375628388886,0.020616154012907978,0.056997602270980885,0.07761375628388886,0.0,0.0,0.0
4,cfg_low,47,6,0.10669795737828228,0.02834164492860623,0.07835631244967604,0.10669795737828228,0.0,0.0,0.0
4,cfg_low,47,7,0.12079904404076029,0.032087246073326955,0.08871179796743334,0.12079904404076029,0.0,0.0,0.0
8,cfg_low,0,8,0.11885719599341563,0.11885719599341563,0.0,0.11885719599341563,0.0,0.0,0.0
8,cfg_low,0,9,0.11026297399714714,0.11026297399714714,0.0,0.11026297399714714,0.0,0.0,0.0
8,cfg_low,0,10,0.15577216811415842,0.15577216811415842,0.0,0.15577216811415842,0.0,0.0,0.0
8,cfg_low,0,11,0.18657678636685524,0.18657678636685524,0.0,0.18657678636685524,0.0,0.0,0.0
8,cfg_low,1,8,0.14356591144526645,0.14132269407893416,0.0022432173663322883,0.14356591144526645,0.0,0.0,0.0
8,cfg_low,1,9,0.1147392111070592,0.1129464109335114,0.0017928001735478,0.1147392111070592,0.0,0.0,0.0
8,cfg_low,1,10,0.1466275893304759,0.1443365332471872,0.002291056083288686,0.1466275893304759,0.0,0.0,0.0
8,cfg_low,1,11,0.18502870673972083,0.1821376331969127,0.002891073542808138,0.18502870673972083,0.0,0.0,0.0
8,cfg_low,2,8,0.1628807288335018,0.15779070605745488,0.005090022776046931,0.1628807288335018,0.0,0.0,0.0
8,cfg_low,2,9,0.11165230489378837,0.10816317036585749,0.0034891345279308866,0.11165230489378837,0.0,0.0,0.0
8,cfg_low,2,10,0.1348936237777529,0.13067819803469813,0.004215425743054778,0.1348936237777529,0.0,0.0,0.0
8,cfg_low,2,11,0.17659311452229318,0.1710745796934715,0.005518534828821662,0.17659311452229318,0.0,0.0,0.0
8,cfg_low,3,8,0.13437301279287847,0.1280742778182123,0.006298734974666178,0.13437301279287847,0.0,0.0,0.0
8,cfg_low,3,9,0.10946540411139546,0.1043342132936738,0.005131190817721662,0.10946540411139546,0.0,0.0,0.0
8,cfg_low,3,10,0.1265365669437134,0.12060516536822684,0.005931401575486566,0.1265365669437134,0.0,0.0,0.0
8,cfg_low,3,11,0.15398818897103567,0.14676999261301837,0.007218196358017297,0.15398818897103567,0.0,0.0,0.0
8,cfg_low,4,8,0.19323441053279528,0.18115725987449557,0.012077150658299705,0.19323441053279528,0.0,0.0,0.0
8,cfg_low,4,9,0.12149695781100725,0.1139033979478193,0.007593559863187953,0.12149695781100725,0.0,0.0,0.0
8,cfg_low,4,10,0.13367980691810777,0.12532481898572603,0.008354987932381736,0.13367980691810777,0.0,0.0,0.0
8,cfg_low,4,11,0.12471365771237646,0.11691905410535293,0.0077946036070235284,0.12471365771237646,0.0,0.0,0.0
8,cfg_low,5,8,0.22986472411806763,0.21190654254634358,0.017958181571724033,0.22986472411806763,0.0,0.0,0.0
8,cfg_low,5,9,0.14183495772821147,0.13075410165569495,0.01108085607251652,0.14183495772821147,0.0,0.0,0.0
8,cfg_low,5,10,0.15683453441154335,0.14458183641064154,0.012252698000901825,0.15683453441154335,0.0,0.0,0.0
8,cfg_low,5,11,0.0984445150459707,0.09075353730800423,0.00769097773796646,0.0984445150459707,0.0,0.0,0.0
8,cfg_low,6,8,0.2712107013943606,0.2457846981386393,0.025426003255721308,0.2712107013943606,0.0,0.0,0.0
8,cfg_low,6,9,0.16888963646254296,0.15305623304417956,0.015833403418363402,0.16888963646254296,0.0,0.0,0.0
8,cfg_low,6,10,0.1750800029350151,0.15866625265985743,0.016413750275157665,0.1750800029350151,0.0,0.0,0.0
8,cfg_low,6,11,0.07971217517327892,0.07223915875078402,0.007473016422494898,0.07971217517327892,0.0,0.0,0.0
8,cfg_low,7,8,0.32949237209768023,0.2934541438994965,0.036038228198183773,0.32949237209768023,0.0,0.0,0.0
8,cfg_low,7,9,0.19788162695303718,0.17623832400504874,0.02164330294798844,0.19788162695303718,0.0,0.0,0.0
8,cfg_low,7,10,0.17511057826551374,0.15595785876772317,0.019152719497790564,0.17511057826551374,0.0,0.0,0.0
8,cfg_low,7,11,0.0680992642449073,0.06065090721812056,0.007448357026786735,0.0680992642449073,0.0,0.0,0.0
8,cfg_low,8,8,0.3631407443976512,0.3177481513479448,0.0453925930497064,0.3631407443976512,0.0,0.0,0.0
8,cfg_low,8,9,0.24060275418858307,0.21052740991501018,0.030075344273572883,0.24060275418858307,0.0,0.0,0.0
8,cfg_low,8,10,0.15134627886487584,0.13242799400676636,0.01891828485810948,0.15134627886487584,0.0,0.0,0.0
8,cfg_low,8,11,0.06162124547620485,0.053918589791679246,0.007702655684525606,0.06162124547620485,0.0,0.0,0.0
8,cfg_low,9,8,0.3567278622260571,0.30656300660051783,0.05016485562553928,0.3567278622260571,0.0,0.0,0.0
8,cfg_low,9,9,0.2855606494224196,0.24540368309739186,0.04015696632502776,0.2855606494224196,0.0,0.0,0.0
8,cfg_low,9,10,0.11906468240695624,0.10232121144347801,0.01674347096347822,0.11906468240695624,0.0,0.0,0.0
8,cfg_low,9,11,0.05831954235240118,0.050118356709094765,0.008201185643306417,0.05831954235240118,0.0,0.0,0.0
8,cfg_low,10,8,0.3235189727260161,0.2729691332375761,0.05054983948844002,0.3235189727260161,0.0,0.0,0.0
8,cfg_low,10,9,0.3122778838436201,0.26348446449305446,0.04879341935056564,0.3122778838436201,0.0,0.0,0.0
8,cfg_low,10,10,0.12602733069973843,0.10633556027790429,0.019691770421834127,0.12602733069973843,0.0,0.0,0.0
8,cfg_low,10,11,0.05693753476135656,0.0480410449548946,0.008896489806461962,0.05693753476135656,0.0,0.0,0.0
8,cfg_low,11,8,0.29736775729181913,0.2462576740072877,0.05111008328453141,0.29736775729181913,0.0,0.0,0.0
8,cfg_low,11,9,0.24690684337750382,0.20446972967199536,0.04243711370550847,0.24690684337750382,0.0,0.0,0.0
8,cfg_low,11,10,0.14903156214483115,0.1234167624011883,0.025614799743642856,0.14903156214483115,0.0,0.0,0.0
8,cfg_low,11,11,0.057526373499818775,0.04763902805453742,0.009887345445281352,0.057526373499818775,0.0,0.0,0.0
8,cfg_low,12,8,0.28194548312146683,0.2290807050361918,0.05286477808527503,0.28194548312146683,0.0,0.0,0.0
8,cfg_low,12,9,0.2202137776109026,0.17892369430885838,0.04129008330204424,0.2202137776109026,0.0,0.0,0.0
8,cfg_low,12,10,0.1602116268928472,0.13017194685043837,0.030039680042408853,0.1602116268928472,0.0,0.0,0.0
8,cfg_low,12,11,0.061343537241478015,0.04984162400870089,0.011501913232777128,0.061343537241478015,0.0,0.0,0.0
8,cfg_low,13,8,0.2729836977015448,0.2175338841059185,0.055449813595626285,0.2729836977015448,0.0,0.0,0.0
8,cfg_low,13,9,0.21652120636119698,0.17254033631907884,0.043980870042118134,0.21652120636119698,0.0,0.0,0.0
8,cfg_low,13,10,0.15771752701548683,0.12568115434046606,0.03203637267502076,0.15771752701548683,0.0,0.0,0.0
8,cfg_low,13,11,0.06895162535862094,0.05494582645765106,0.014005798900969878,0.06895162535862094,0.0,0.0,0.0
8,cfg_low,14,8,0.26284301049682696,0.20534610195064606,0.0574969085461809,0.26284301049682696,0.0,0.0,0.0
8,cfg_low,14,9,0.20835509136145253,0.16277741512613478,0.04557767623531774,0.20835509136145253,0.0,0.0,0.0
8,cfg_low,14,10,0.14999564694939715,0.11718409917921653,0.032811547770180624,0.14999564694939715,0.0,0.0,0.0
8,cfg_low,14,11,0.07858498891092265,0.06139452258665832,0.01719046632426433,0.07858498891092265,0.0,0.0,0.0
8,cfg_low,15,8,0.2459314207153567,0.18829124398519498,0.057640176730161724,0.2459314207153567,0.0,0.0,0.0
8,cfg_low,15,9,0.20244200342456609,0.15499465887193342,0.04744734455263268,0.20244200342456609,0.0,0.0,0.0
8,cfg_low,15,10,0.14078715716462367,0.107790167204165,0.032996989960458675,0.14078715716462367,0.0,0.0,0.0
8,cfg_low,15,11,0.08755040418776865,0.06703077820626037,0.020519625981508277,0.08755040418776865,0.0,0.0,0.0
8,cfg_low,16,8,0.22705568922845887,0.17029176692134415,0.05676392230711472,0.22705568922845887,0.0,0.0,0.0
8,cfg_low,16,9,0.20036552162834068,0.15027414122125551,0.05009138040708517,0.20036552162834068,0.0,0.0,0.0
8,cfg_low,16,10,0.1341664451201611,0.10062483384012083,0.033541611280040275,0.1341664451201611,0.0,0.0,0.0
8,cfg_low,16,11,0.09425287479936449,0.07068965609952337,0.023563218699841123,0.09425287479936449,0.0,0.0,0.0
8,cfg_low,17,8,0.2164517137333539,0.15895672727293178,0.05749498646042213,0.2164517137333539,0.0,0.0,0.0
8,cfg_low,17,9,0.19944373726077405,0.14646649455088095,0.05297724270989311,0.19944373726077405,0.0,0.0,0.0
8,cfg_low,17,10,0.13252836905529605,0.09732552102498304,0.03520284803031301,0.13252836905529605,0.0,0.0,0.0
8,cfg_low,17,11,0.09874467831209463,0.07251562313544449,0.026229055176650137,0.09874467831209463,0.0,0.0,0.0
8,cfg_low,18,8,0.2074261782611724,0.14908756562521766,0.05833861263595474,0.2074261782611724,0.0,0.0,0.0
8,cfg_low,18,9,0.19958333183777482,0.14345051975840065,0.05613281207937417,0.19958333183777482,0.0,0.0,0.0
8,cfg_low,18,10,0.13416242826082705,0.09642924531246945,0.03773318294835761,0.13416242826082705,0.0,0.0,0.0
8,cfg_low,18,11,0.10188469301863713,0.07322962310714544,0.028655069911491693,0.10188469301863713,0.0,0.0,0.0
8,cfg_low,19,8,0.19791608702854357,0.1391597486919447,0.05875633833659887,0.19791608702854357,0.0,0.0,0.0
8,cfg_low,19,9,0.20122498171391673,0.1414863152675977,0.059738666446319026,0.20122498171391673,0.0,0.0,0.0
8,cfg_low,19,10,0.13710577348297395,0.09640249698021607,0.040703276502757894,0.13710577348297395,0.0,0.0,0.0
8,cfg_low,19,11,0.10412648154263429,0.07321393233466474,0.030912549207969556,0.10412648154263429,0.0,0.0,0.0
8,cfg_low,20,8,0.18972217110811063,0.13043399263682606,0.05928817847128457,0.18972217110811063,0.0,0.0,0.0
8,cfg_low,20,9,0.2031344953395111,0.1396549655459139,0.06347952979359722,0.2031344953395111,0.0,0.0,0.0
8,cfg_low,20,10,0.14021191508464298,0.09639569162069204,0.043816223463950935,0.14021191508464298,0.0,0.0,0.0
8,cfg_low,20,11,0.10459689820044905,0.07191036751280873,0.03268653068764033,0.10459689820044905,0.0,0.0,0.0
8,cfg_low,21,8,0.18384392634841068,0.12352013801533843,0.060323788333072254,0.18384392634841068,0.0,0.0,0.0
8,cfg_low,21,9,0.2036604644779511,0.1368343745711234,0.0668260899068277,0.2036604644779511,0.0,0.0,0.0
8,cfg_low,21,10,0.14250933851435907,0.095748461814335,0.046760876700024066,0.14250933851435907,0.0,0.0,0.0
8,cfg_low,21,11,0.10188874268607856,0.06845649899220903,0.033432243693869525,0.10188874268607856,0.0,0.0,0.0
8,cfg_low,22,8,0.17972549734114768,0.11794485763012816,0.06178063971101951,0.17972549734114768,0.0,0.0,0.0
8,cfg_low,22,9,0.2019140531809176,0.13250609739997718,0.06940795578094042,0.2019140531809176,0.0,0.0,0.0
8,cfg_low,22,10,0.14326974202198958,0.09402076820193066,0.04924897382005892,0.14326974202198958,0.0,0.0,0.0
8,cfg_low,22,11,0.09873289721593023,0.06479346379795421,0.03393943341797602,0.09873289721593023,0.0,0.0,0.0
8,cfg_low,23,8,0.17595442449964965,0.11272080319508807,0.06323362130456159,0.17595442449964965,0.0,0.0,0.0
8,cfg_low,23,9,0.19833183974514085,0.12705633483673084,0.07127550490840999,0.19833183974514085,0.0,0.0,0.0
8,cfg_low,23,10,0.14215043422842583,0.0910651219275853,0.051085312300840534,0.14215043422842583,0.0,0.0,0.0
8,cfg_low,23,11,0.09780283487501827,0.06265494109180858,0.03514789378320969,0.09780283487501827,0.0,0.0,0.0
8,cfg_low,24,8,0.17223608642019977,0.10764755401262485,0.06458853240757492,0.17223608642019977,0.0,0.0,0.0
8,cfg_low,24,9,0.19425986427668857,0.12141241517293036,0.0728474491037582,0.19425986427668857,0.0,0.0,0.0
8,cfg_low,24,10,0.13983504173160385,0.08739690108225241,0.05243814064935144,0.13983504173160385,0.0,0.0,0.0
8,cfg_low,24,11,0.09850873113100701,0.06156795695687938,0.03694077417412763,0.09850873113100701,0.0,0.0,0.0
8,cfg_low,25,8,0.1688579722803607,0.10289782685834481,0.06596014542201589,0.1688579722803607,0.0,0.0,0.0
8,cfg_low,25,9,0.19107500113521642,0.1164363288167725,0.07463867231844391,0.19107500113521642,0.0,0.0,0.0
8,cfg_low,25,10,0.13801480210028294,0.08410277002985991,0.05391203207042303,0.13801480210028294,0.0,0.0,0.0
8,cfg_low,25,11,0.0998394918552829,0.06083969034931302,0.038999801505969885,0.0998394918552829,0.0,0.0,0.0
8,cfg_low,26,8,0.16518700576837236,0.0980797846749711,0.06710722109340127,0.16518700576837236,0.0,0.0,0.0
8,cfg_low,26,9,0.1890847058697037,0.11226904411013656,0.07681566175956712,0.1890847058697037,0.0,0.0,0.0
8,cfg_low,26,10,0.1375824308958476,0.0816895683444095,0.055892862551438084,0.1375824308958476,0.0,0.0,0.0
8,cfg_low,26,11,0.1014918363172329,0.06026077781335703,0.041231058503875866,0.1014918363172329,0.0,0.0,0.0
8,cfg_low,27,8,0.15908979175637913,0.09197378585915669,0.06711600589722244,0.15908979175637913,0.0,0.0,0.0
8,cfg_low,27,9,0.18710908752665162,0.10817244122634546,0.07893664630030615,0.18710908752665162,0.0,0.0,0.0
8,cfg_low,27,10,0.1385554264649784,0.08010235592506564,0.05845307053991276,0.1385554264649784,0.0,0.0,0.0
8,cfg_low,27,11,0.10310744621199436,0.05960899234130924,0.04349845387068512,0.10310744621199436,0.0,0.0,0.0
8,cfg_low,28,8,0.1511533886912423,0.0850237811388238,0.0661296075524185,0.1511533886912423,0.0,0.0,0.0
8,cfg_low,28,9,0.18459695874700177,0.1038357892951885,0.08076116945181327,0.18459695874700177,0.0,0.0,0.0
8,cfg_low,28,10,0.14077519824228613,0.07918604901128595,0.06158914923100018,0.14077519824228613,0.0,0.0,0.0
8,cfg_low,28,11,0.10433221263806981,0.05868686960891427,0.045645343029155544,0.10433221263806981,0.0,0.0,0.0
8,cfg_low,29,8,0.14448231324384422,0.07901376505522731,0.06546854818861692,0.14448231324384422,0.0,0.0,0.0
8,cfg_low,29,9,0.17991994578649886,0.09839372035199156,0.0815262254345073,0.17991994578649886,0.0,0.0,0.0
8,cfg_low,29,10,0.14351252203601328,0.07848341048844476,0.06502911154756852,0.14351252203601328,0.0,0.0,0.0
8,cfg_low,29,11,0.10510924810775993,0.05748162005893121,0.04762762804882872,0.10510924810775993,0.0,0.0,0.0
8,cfg_low,30,8,0.14126091622658354,0.0750448617453725,0.06621605448121104,0.14126091622658354,0.0,0.0,0.0
8,cfg_low,30,9,0.17161848208856495,0.09117231860955013,0.08044616347901482,0.17161848208856495,0.0,0.0,0.0
8,cfg_low,30,10,0.14503589637227127,0.0770503199477691,0.06798557642450216,0.14503589637227127,0.0,0.0,0.0
8,cfg_low,30,11,0.10580439860842702,0.056208586760726854,0.04959581184770017,0.10580439860842702,0.0,0.0,0.0
8,cfg_low,31,8,0.14022935340057283,0.07230576034717036,0.06792359305340247,0.14022935340057283,0.0,0.0,0.0
8,cfg_low,31,9,0.164795199616977,0.08497252480250377,0.07982267481447324,0.164795199616977,0.0,0.0,0.0
8,cfg_low,31,10,0.14419249716854962,0.0743492563525334,0.06984324081601623,0.14419249716854962,0.0,0.0,0.0
8,cfg_low,31,11,0.10729872034408972,0.05532590267742126,0.051972817666668454,0.10729872034408972,0.0,0.0,0.0
8,cfg_low,32,8,0.1385305709780419,0.06926528548902094,0.06926528548902094,0.1385305709780419,0.0,0.0,0.0
8,cfg_low,32,9,0.16157314037800025,0.08078657018900012,0.08078657018900012,0.16157314037800025,0.0,0.0,0.0
8,cfg_low,32,10,0.14176083395024622,0.07088041697512311,0.07088041697512311,0.14176083395024622,0.0,0.0,0.0
8,cfg_low,32,11,0.11011840249453922,0.05505920124726961,0.05505920124726961,0.11011840249453922,0.0,0.0,0.0
8,cfg_low,33,8,0.13488507277384212,0.06533495712482978,0.06955011564901234,0.13488507277384212,0.0,0.0,0.0
8,cfg_low,33,9,0.15956542058192197,0.07728950059436845,0.08227591998755351,0.15956542058192197,0.0,0.0,0.0
8,cfg_low,33,10,0.13897968088796067,0.06731828293010594,0.07166139795785473,0.13897968088796067,0.0,0.0,0.0
8,cfg_low,33,11,0.113942595216469,0.05519094455797717,0.05875165065849183,0.113942595216469,0.0,0.0,0.0
8,cfg_low,34,8,0.1303606156068092,0.061106538565691815,0.06925407704111738,0.1303606156068092,0.0,0.0,0.0
8,cfg_low,34,9,0.15727818287228632,0.0737241482213842,0.08355403465090211,0.15727818287228632,0.0,0.0,0.0
8,cfg_low,34,10,0.1363775403703135,0.06392697204858445,0.07245056832172904,0.1363775403703135,0.0,0.0,0.0
8,cfg_low,34,11,0.11876616836457153,0.055671641420892905,0.06309452694367862,0.11876616836457153,0.0,0.0,0.0
8,cfg_low,35,8,0.126397807180694,0.05727400637875196,0.06912380080194203,0.126397807180694,0.0,0.0,0.0
8,cfg_low,35,9,0.1545878004702143,0.07004759708806586,0.08454020338214845,0.1545878004702143,0.0,0.0,0.0
8,cfg_low,35,10,0.13450916111209013,0.06094946362891584,0.07355969748317429,0.13450916111209013,0.0,0.0,0.0
8,cfg_low,35,11,0.12467087737850206,0.05649149131213375,0.06817938606636832,0.12467087737850206,0.0,0.0,0.0
8,cfg_low,36,8,0.12318415285054854,0.05389306687211499,0.06929108597843356,0.12318415285054854,0.0,0.0,0.0
8,cfg_low,36,9,0.15150994070153948,0.06628559905692352,0.08522434164461595,0.15150994070153948,0.0,0.0,0.0
8,cfg_low,36,10,0.1340131107722741,0.05863073596286992,0.07538237480940418,0.1340131107722741,0.0,0.0,0.0
8,cfg_low,36,11,0.12955607649704787,0.056680783467458445,0.07287529302958942,0.12955607649704787,0.0,0.0,0.0
8,cfg_low,37,8,0.12037420617708255,0.0507828682309567,0.06959133794612585,0.12037420617708255,0.0,0.0,0.0
8,cfg_low,37,9,0.1496947709521026,0.06315248149541829,0.08654228945668431,0.1496947709521026,0.0,0.0,0.0
8,cfg_low,37,10,0.1340743722565916,0.05656262579574958,0.07751174646084202,0.1340743722565916,0.0,0.0,0.0
8,cfg_low,37,11,0.13060188271790185,0.055097669271614844,0.07550421344628701,0.13060188271790185,0.0,0.0,0.0
8,cfg_low,38,8,0.11764235637221152,0.047792207276210925,0.06985014909600058,0.11764235637221152,0.0,0.0,0.0
8,cfg_low,38,9,0.14844388963933378,0.060305330165979346,0.08813855947335443,0.14844388963933378,0.0,0.0,0.0
8,cfg_low,38,10,0.1327134254701403,0.0539148290972445,0.07879859637289581,0.1327134254701403,0.0,0.0,0.0
8,cfg_low,38,11,0.12763635084544817,0.051852267530963315,0.07578408331448484,0.12763635084544817,0.0,0.0,0.0
8,cfg_low,39,8,0.11484491855554069,0.04486129631075808,0.0699836222447826,0.11484491855554069,0.0,0.0,0.0
8,cfg_low,39,9,0.1473315245440793,0.05755137677503098,0.08978014776904833,0.1473315245440793,0.0,0.0,0.0
8,cfg_low,39,10,0.12905196490648216,0.05041092379159459,0.07864104111488757,0.12905196490648216,0.0,0.0,0.0
8,cfg_low,39,11,0.12358269617233351,0.048274490692317776,0.07530820548001574,0.12358269617233351,0.0,0.0,0.0
8,cfg_low,40,8,0.11198734111862449,0.04199525291948418,0.06999208819914031,0.11198734111862449,0.0,0.0,0.0
8,cfg_low,40,9,0.14594468274614542,0.05472925602980453,0.09121542671634089,0.14594468274614542,0.0,0.0,0.0
8,cfg_low,40,10,0.12389759815456258,0.04646159930796097,0.07743599884660161,0.12389759815456258,0.0,0.0,0.0
8,cfg_low,40,11,0.12103304385575478,0.045387391445908046,0.07564565240984673,0.12103304385575478,0.0,0.0,0.0
8,cfg_low,41,8,0.10907420188498616,0.0391985413024169,0.06987566058256926,0.10907420188498616,0.0,0.0,0.0
8,cfg_low,41,9,0.14406751797143896,0.05177426427098588,0.09229325370045309,0.14406751797143896,0.0,0.0,0.0
8,cfg_low,41,10,0.11817239131370562,0.042468203128362955,0.07570418818534266,0.11817239131370562,0.0,0.0,0.0
8,cfg_low,41,11,0.11918135817693128,0.04283080059483468,0.07635055758209659,0.11918135817693128,0.0,0.0,0.0
8,cfg_low,42,8,0.10606631654347164,0.03646029631181837,0.06960602023165326,0.10606631654347164,0.0,0.0,0.0
8,cfg_low,42,9,0.14165551345799546,0.04869408275118594,0.09296143070680953,0.14165551345799546,0.0,0.0,0.0
8,cfg_low,42,10,0.11264177098318243,0.038720608775468957,0.07392116220771347,0.11264177098318243,0.0,0.0,0.0
8,cfg_low,42,11,0.1171813449492525,0.040281087326305545,0.07690025762294696,0.1171813449492525,0.0,0.0,0.0
8,cfg_low,43,8,0.10293675313356272,0.03377612212195027,0.06916063101161245,0.10293675313356272,0.0,0.0,0.0
8,cfg_low,43,9,0.13868072009820134,0.045504611282222315,0.09317610881597903,0.13868072009820134,0.0,0.0,0.0
8,cfg_low,43,10,0.10816418546598422,0.03549137335602607,0.07267281210995814,0.10816418546598422,0.0,0.0,0.0
8,cfg_low,43,11,0.11481616112021657,0.03767405286757106,0.07714210825264552,0.11481616112021657,0.0,0.0,0.0
8,cfg_low,44,8,0.09969440093409705,0.031154500291905328,0.06853990064219172,0.09969440093409705,0.0,0.0,0.0
8,cfg_low,44,9,0.1352816934908228,0.042275529215882124,0.09300616427494068,0.1352816934908228,0.0,0.0,0.0
8,cfg_low,44,10,0.10466907318520334,0.03270908537037604,0.07195998781482729,0.10466907318520334,0.0,0.0,0.0
8,cfg_low,44,11,0.11230286845052308,0.035094646390788464,0.07720822205973461,0.11230286845052308,0.0,0.0,0.0
8,cfg_low,45,8,0.09638385745432583,0.02861395768175298,0.06776989977257285,0.09638385745432583,0.0,0.0,0.0
8,cfg_low,45,9,0.13146489764763372,0.03902864148914126,0.09243625615849246,0.13146489764763372,0.0,0.0,0.0
8,cfg_low,45,10,0.10144687378316215,0.030117040654376263,0.0713298331287859,0.10144687378316215,0.0,0.0,0.0
8,cfg_low,45,11,0.1097246805508558,0.03257451453853531,0.07715016601232048,0.1097246805508558,0.0,0.0,0.0
8,cfg_low,46,8,0.0930845060944621,0.026180017339067465,0.06690448875539463,0.0930845060944621,0.0,0.0,0.0
8,cfg_low,46,9,0.12706065151339666,0.03573580823814281,0.09132484327525385,0.12706065151339666,0.0,0.0,0.0
8,cfg_low,46,10,0.09832695841505473,0.027654457054234145,0.0706725013608206,0.09832695841505473,0.0,0.0,0.0
8,cfg_low,46,11,0.10719779670943866,0.030149380324529622,0.07704841638490903,0.10719779670943866,0.0,0.0,0.0
8,cfg_low,47,8,0.0898953828942211,0.023878461081277478,0.06601692181294362,0.0898953828942211,0.0,0.0,0.0
8,cfg_low,47,9,0.12238142439442604,0.03250756585476942,0.08987385853965663,0.12238142439442604,0.0,0.0,0.0
8,cfg_low,47,10,0.0955220273291175,0.025373038509296838,0.07014898881982067,0.0955220273291175,0.0,0.0,0.0
8,cfg_low,47,11,0.10475272454224338,0.0278249424565334,0.07692778208570998,0.10475272454224338,0.0,0.0,0.0
12,cfg_low,0,12,0.0741066329688582,0.0741066329688582,0.0,0.0741066329688582,0.0,0.0,0.0
12,cfg_low,0,13,0.10990619967190085,0.10990619967190085,0.0,0.10990619967190085,0.0,0.0,0.0
12,cfg_low,0,14,0.12802481379007333,0.12802481379007333,0.0,0.12802481379007333,0.0,0.0,0.0
12,cfg_low,0,15,0.15798208445730022,0.15798208445730022,0.0,0.15798208445730022,0.0,0.0,0.0
12,cfg_low,1,12,0.09469990132544201,0.09322021536723198,0.0014796859582100314,0.09469990132544201,0.0,0.0,0.0
12,cfg_low,1,13,0.11942623810712111,0.11756020313669734,0.0018660349704237673,0.11942623810712111,0.0,0.0,0.0
12,cfg_low,1,14,0.11575382173091617,0.1139451682663706,0.0018086534645455651,0.11575382173091617,0.0,0.0,0.0
12,cfg_low,1,15,0.15272840012751712,0.15034201887552467,0.002386381251992455,0.15272840012751712,0.0,0.0,0.0
12,cfg_low,2,12,0.11381243703352686,0.11025579837622915,0.0035566386572977145,0.11381243703352686,0.0,0.0,0.0
12,cfg_low,2,13,0.11765366695046943,0.11397698985826726,0.0036766770922021697,0.11765366695046943,0.0,0.0,0.0
12,cfg_low,2,14,0.10474567176104897,0.1014723695185162,0.0032733022425327804,0.10474567176104897,0.0,0.0,0.0
12,cfg_low,2,15,0.13944418719435017,0.13508655634452674,0.004357630849823443,0.13944418719435017,0.0,0.0,0.0
12,cfg_low,3,12,0.1223392256680952,0.11660457446490324,0.005734651203191963,0.1223392256680952,0.0,0.0,0.0
12,cfg_low,3,13,0.10768158015824131,0.10263400608832375,0.005047574069917561,0.10768158015824131,0.0,0.0,0.0
12,cfg_low,3,14,0.09863385835888393,0.09401039624831124,0.004623462110572684,0.09863385835888393,0.0,0.0,0.0
12,cfg_low,3,15,0.12330480445440342,0.11752489174560327,0.005779912708800161,0.12330480445440342,0.0,0.0,0.0
12,cfg_low,4,12,0.11964192474310544,0.11216430444666134,0.00747762029644409,0.11964192474310544,0.0,0.0,0.0
12,cfg_low,4,13,0.09874966578504053,0.0925778116734755,0.006171854111565033,0.09874966578504053,0.0,0.0,0.0
12,cfg_low,4,14,0.09774949991666217,0.09164015617187078,0.006109343744791385,0.09774949991666217,0.0,0.0,0.0
12,cfg_low,4,15,0.12268052309263616,0.1150129903993464,0.00766753269328976,0.12268052309263616,0.0,0.0,0.0
12,cfg_low,5,12,0.111012434403003,0.10233958796526839,0.008672846437734609,0.111012434403003,0.0,0.0,0.0
12,cfg_low,5,13,0.09404315569014675,0.08669603415185403,0.007347121538292715,0.09404315569014675,0.0,0.0,0.0
12,cfg_low,5,14,0.09785961714142037,0.09021433455224691,0.007645282589173467,0.09785961714142037,0.0,0.0,0.0
12,cfg_low,5,15,0.17190829773900584,0.158477961978146,0.013430335760859832,0.17190829773900584,0.0,0.0,0.0
12,cfg_low,6,12,0.10376110546668547,0.09403350182918371,0.009727603637501763,0.10376110546668547,0.0,0.0,0.0
12,cfg_low,6,13,0.09894758031824342,0.0896712446634081,0.009276335654835322,0.09894758031824342,0.0,0.0,0.0
12,cfg_low,6,14,0.09746389805712279,0.08832665761426753,0.00913724044285526,0.09746389805712279,0.0,0.0,0.0
12,cfg_low,6,15,0.2070347758765348,0.18762526563810966,0.01940951023842514,0.2070347758765348,0.0,0.0,0.0
12,cfg_low,7,12,0.10184042747148939,0.09070163071679524,0.011138796754694152,0.10184042747148939,0.0,0.0,0.0
12,cfg_low,7,13,0.12872256640002366,0.11464353570002107,0.014079030700002588,0.12872256640002366,0.0,0.0,0.0
12,cfg_low,7,14,0.09710804183751175,0.0864868497615339,0.010621192075977847,0.09710804183751175,0.0,0.0,0.0
12,cfg_low,7,15,0.20730006591009784,0.1846266212011809,0.02267344470891695,0.20730006591009784,0.0,0.0,0.0
12,cfg_low,8,12,0.10467030423612068,0.0915865162066056,0.013083788029515086,0.10467030423612068,0.0,0.0,0.0
12,cfg_low,8,13,0.19131441867885365,0.16740011634399696,0.023914302334856707,0.19131441867885365,0.0,0.0,0.0
12,cfg_low,8,14,0.09588958707928465,0.08390338869437407,0.01198619838491058,0.09588958707928465,0.0,0.0,0.0
12,cfg_low,8,15,0.20030464924135316,0.17526656808618402,0.025038081155169145,0.20030464924135316,0.0,0.0,0.0
12,cfg_low,9,12,0.10930246790368665,0.09393180835473072,0.015370659548955936,0.10930246790368665,0.0,0.0,0.0
12,cfg_low,9,13,0.3054744266694823,0.26251708541908636,0.04295734125039595,0.3054744266694823,0.0,0.0,0.0
12,cfg_low,9,14,0.09255467763278566,0.07953917609067518,0.013015501542110484,0.09255467763278566,0.0,0.0,0.0
12,cfg_low,9,15,0.199067779333164,0.17107387286443781,0.02799390646872619,0.199067779333164,0.0,0.0,0.0
12,cfg_low,10,12,0.11392300591459621,0.09612253624044055,0.017800469674155658,0.11392300591459621,0.0,0.0,0.0
12,cfg_low,10,13,0.46542544169781835,0.39270271643253424,0.07272272526528412,0.46542544169781835,0.0,0.0,0.0
12,cfg_low,10,14,0.08745698920204291,0.0737918346392237,0.013665154562819205,0.08745698920204291,0.0,0.0,0.0
12,cfg_low,10,15,0.20282677868030088,0.17113509451150388,0.031691684168797016,0.20282677868030088,0.0,0.0,0.0
12,cfg_low,11,12,0.1188775776133214,0.09844549396103179,0.020432083652289615,0.1188775776133214,0.0,0.0,0.0
12,cfg_low,11,13,0.4863910576960193,0.402792594654516,0.08359846304150331,0.4863910576960193,0.0,0.0,0.0
12,cfg_low,11,14,0.09182051206414732,0.076038861553122,0.01578165051102532,0.09182051206414732,0.0,0.0,0.0
12,cfg_low,11,15,0.21090177193358764,0.17465302988250225,0.03624874205108537,0.21090177193358764,0.0,0.0,0.0
12,cfg_low,12,12,0.12453512807784703,0.1011847915632507,0.023350336514596316,0.12453512807784703,0.0,0.0,0.0
12,cfg_low,12,13,0.3724003069335981,0.30257524938354846,0.06982505755004964,0.3724003069335981,0.0,0.0,0.0
12,cfg_low,12,14,0.11168443961374322,0.09074360718616636,0.020940832427576855,0.11168443961374322,0.0,0.0,0.0
12,cfg_low,12,15,0.219205316505401,0.17810431966063833,0.04110099684476269,0.219205316505401,0.0,0.0,0.0
12,cfg_low,13,12,0.13019992739211228,0.10375306714058947,0.026446860251522805,0.13019992739211228,0.0,0.0,0.0
12,cfg_low,13,13,0.2598236977329249,0.20704700913092453,0.05277668860200037,0.2598236977329249,0.0,0.0,0.0
12,cfg_low,13,14,0.13204470423143952,0.10522312368442836,0.026821580547011153,0.13204470423143952,0.0,0.0,0.0
12,cfg_low,13,15,0.22126452584112047,0.17632016902964287,0.0449443568114776,0.22126452584112047,0.0,0.0,0.0
12,cfg_low,14,12,0.1357909534341037,0.10608668237039351,0.02970427106371018,0.1357909534341037,0.0,0.0,0.0
12,cfg_low,14,13,0.1860870423091071,0.14538050180398993,0.040706540505117184,0.1860870423091071,0.0,0.0,0.0
12,cfg_low,14,14,0.14713562963049398,0.11494971064882342,0.03218591898167056,0.14713562963049398,0.0,0.0,0.0
12,cfg_low,14,15,0.2120013110178689,0.16562602423271008,0.04637528678515882,0.2120013110178689,0.0,0.0,0.0
12,cfg_low,15,12,0.14437528538334157,0.11053732787162089,0.03383795751172068,0.14437528538334157,0.0,0.0,0.0
12,cfg_low,15,13,0.16983374495247006,0.1300289609792349,0.03980478397323517,0.16983374495247006,0.0,0.0,0.0
12,cfg_low,15,14,0.15832080158755782,0.12121436371547395,0.03710643787208386,0.15832080158755782,0.0,0.0,0.0
12,cfg_low,15,15,0.19406816035206398,0.14858343526954898,0.045484725082515,0.19406816035206398,0.0,0.0,0.0
12,cfg_low,16,12,0.16276959194946763,0.12207719396210073,0.04069239798736691,0.16276959194946763,0.0,0.0,0.0
12,cfg_low,16,13,0.14862712218654536,0.11147034163990902,0.03715678054663634,0.14862712218654536,0.0,0.0,0.0
12,cfg_low,16,14,0.1660665721351868,0.1245499291013901,0.0415166430337967,0.1660665721351868,0.0,0.0,0.0
12,cfg_low,16,15,0.18574114390069546,0.13930585792552158,0.046435285975173865,0.18574114390069546,0.0,0.0,0.0
12,cfg_low,17,12,0.1942572216745012,0.14265764716721183,0.051599574507289386,0.1942572216745012,0.0,0.0,0.0
12,cfg_low,17,13,0.1366951869073311,0.10038552788507127,0.03630965902225982,0.1366951869073311,0.0,0.0,0.0
12,cfg_low,17,14,0.1697831212343273,0.1246844796564591,0.045098641577868186,0.1697831212343273,0.0,0.0,0.0
12,cfg_low,17,15,0.17935306201545265,0.13171240491759803,0.04764065709785461,0.17935306201545265,0.0,0.0,0.0
12,cfg_low,18,12,0.22493272410316736,0.16167039544915154,0.06326232865401582,0.22493272410316736,0.0,0.0,0.0
12,cfg_low,18,13,0.13255412368282798,0.09527327639703262,0.03728084728579537,0.13255412368282798,0.0,0.0,0.0
12,cfg_low,18,14,0.1699405595793745,0.12214477719767543,0.047795782381699084,0.1699405595793745,0.0,0.0,0.0
12,cfg_low,18,15,0.17159596802348992,0.12333460201688339,0.04826136600660654,0.17159596802348992,0.0,0.0,0.0
12,cfg_low,19,12,0.24446127622186756,0.17188683484350062,0.07257444137836692,0.24446127622186756,0.0,0.0,0.0
12,cfg_low,19,13,0.13034312558188188,0.0916475101747607,0.03869561540712119,0.13034312558188188,0.0,0.0,0.0
12,cfg_low,19,14,0.16762938978499378,0.11786441469257375,0.049764975092420026,0.16762938978499378,0.0,0.0,0.0
12,cfg_low,19,15,0.16511903228858432,0.11609931957791085,0.04901971271067347,0.16511903228858432,0.0,0.0,0.0
12,cfg_low,20,12,0.2521250364129177,0.17333596253388095,0.07878907387903679,0.2521250364129177,0.0,0.0,0.0
12,cfg_low,20,13,0.12810776730839513,0.08807409002452166,0.04003367728387348,0.12810776730839513,0.0,0.0,0.0
12,cfg_low,20,14,0.16459901248292352,0.11316182108200992,0.0514371914009136,0.16459901248292352,0.0,0.0,0.0
12,cfg_low,20,15,0.16022965604356407,0.1101578885299503,0.05007176751361377,0.16022965604356407,0.0,0.0,0.0
12,cfg_low,21,12,0.2514941539950543,0.16897263471542712,0.0825215192796272,0.2514941539950543,0.0,0.0,0.0
12,cfg_low,21,13,0.126577659247948,0.08504436480721507,0.04153329444073294,0.126577659247948,0.0,0.0,0.0
12,cfg_low,21,14,0.1610601355265209,0.10821227855688123,0.05284785696963967,0.1610601355265209,0.0,0.0,0.0
12,cfg_low,21,15,0.15643200749053499,0.1051027550327032,0.05132925245783179,0.15643200749053499,0.0,0.0,0.0
12,cfg_low,22,12,0.2406752472305731,0.1579431309950636,0.0827321162355095,0.2406752472305731,0.0,0.0,0.0
12,cfg_low,22,13,0.12619933250824153,0.08281831195853351,0.04338102054970803,0.12619933250824153,0.0,0.0,0.0
12,cfg_low,22,14,0.15624208009108226,0.10253386505977273,0.05370821503130953,0.15624208009108226,0.0,0.0,0.0
12,cfg_low,22,15,0.1540861627848483,0.1011190443275567,0.0529671184572916,0.1540861627848483,0.0,0.0,0.0
12,cfg_low,23,12,0.21893661172405515,0.14025626688572282,0.07868034483833232,0.21893661172405515,0.0,0.0,0.0
12,cfg_low,23,13,0.12635367489409413,0.08094532297902905,0.04540835191506508,0.12635367489409413,0.0,0.0,0.0
12,cfg_low,23,14,0.15054806626605766,0.09644485495169319,0.05410321131436447,0.15054806626605766,0.0,0.0,0.0
12,cfg_low,23,15,0.15347514800325318,0.09832001668958407,0.055155131313669115,0.15347514800325318,0.0,0.0,0.0
12,cfg_low,24,12,0.20232533314459025,0.12645333321536892,0.07587199992922135,0.20232533314459025,0.0,0.0,0.0
12,cfg_low,24,13,0.1262881472110557,0.07893009200690981,0.047358055204145884,0.1262881472110557,0.0,0.0,0.0
12,cfg_low,24,14,0.14470838485929052,0.09044274053705657,0.05426564432223395,0.14470838485929052,0.0,0.0,0.0
12,cfg_low,24,15,0.1540979065853935,0.09631119161587093,0.05778671496952256,0.1540979065853935,0.0,0.0,0.0
12,cfg_low,25,12,0.18895377287369206,0.1151437053449061,0.07381006752878595,0.18895377287369206,0.0,0.0,0.0
12,cfg_low,25,13,0.12550624584467002,0.07648036856159579,0.049025877283074226,0.12550624584467002,0.0,0.0,0.0
12,cfg_low,25,14,0.13953895847950312,0.08503155282344721,0.054507405656055906,0.13953895847950312,0.0,0.0,0.0
12,cfg_low,25,15,0.15486141576065546,0.09436867522914942,0.06049274053150604,0.15486141576065546,0.0,0.0,0.0
12,cfg_low,26,12,0.17721570782887072,0.10522182652339199,0.07199388130547874,0.17721570782887072,0.0,0.0,0.0
12,cfg_low,26,13,0.12392753579556223,0.07358197437861508,0.050345561416947154,0.12392753579556223,0.0,0.0,0.0
12,cfg_low,26,14,0.13661176593558186,0.08111323602425173,0.05549852991133013,0.13661176593558186,0.0,0.0,0.0
12,cfg_low,26,15,0.1554272978626676,0.09228495810595888,0.06314233975670872,0.1554272978626676,0.0,0.0,0.0
12,cfg_low,27,12,0.16731822657161188,0.09673084973671311,0.07058737683489877,0.16731822657161188,0.0,0.0,0.0
12,cfg_low,27,13,0.12177394123393367,0.0704005597758679,0.05137338145806577,0.12177394123393367,0.0,0.0,0.0
12,cfg_low,27,14,0.1351968621608798,0.07816068593675864,0.05703617622412117,0.1351968621608798,0.0,0.0,0.0
12,cfg_low,27,15,0.15609321973834658,0.09024139266123161,0.06585182707711497,0.15609321973834658,0.0,0.0,0.0
12,cfg_low,28,12,0.1619673445875809,0.09110663133051426,0.07086071325706665,0.1619673445875809,0.0,0.0,0.0
12,cfg_low,28,13,0.11925749538066682,0.06708234115162509,0.05217515422904173,0.11925749538066682,0.0,0.0,0.0
12,cfg_low,28,14,0.13379801688466605,0.07526138449762465,0.0585366323870414,0.13379801688466605,0.0,0.0,0.0
12,cfg_low,28,15,0.15706767163334914,0.0883505652937589,0.06871710633959024,0.15706767163334914,0.0,0.0,0.0
12,cfg_low,29,12,0.16128492852600107,0.08820269528765684,0.07308223323834423,0.16128492852600107,0.0,0.0,0.0
12,cfg_low,29,13,0.1165399564397974,0.06373278867801421,0.0528071677617832,0.1165399564397974,0.0,0.0,0.0
12,cfg_low,29,14,0.13206197399115954,0.07222139202641538,0.05984058196474417,0.13206197399115954,0.0,0.0,0.0
12,cfg_low,29,15,0.1582402709757323,0.0865376481898536,0.07170262278587869,0.1582402709757323,0.0,0.0,0.0
12,cfg_low,30,12,0.16219341549595132,0.08616525198222413,0.07602816351372718,0.16219341549595132,0.0,0.0,0.0
12,cfg_low,30,13,0.11371161572262363,0.060409295852643805,0.053302319869979825,0.11371161572262363,0.0,0.0,0.0
12,cfg_low,30,14,0.13088918528364818,0.0695348796819381,0.06135430560171008,0.13088918528364818,0.0,0.0,0.0
12,cfg_low,30,15,0.15855685438057865,0.08423332888968241,0.07432352549089624,0.15855685438057865,0.0,0.0,0.0
12,cfg_low,31,12,0.16248160126953123,0.08377957565460205,0.07870202561492919,0.16248160126953123,0.0,0.0,0.0
12,cfg_low,31,13,0.1107845622403243,0.05712328990516722,0.053661272335157086,0.1107845622403243,0.0,0.0,0.0
12,cfg_low,31,14,0.1305249563298051,0.06730193060755575,0.06322302572224935,0.1305249563298051,0.0,0.0,0.0
12,cfg_low,31,15,0.15782893003936355,0.08138054205154682,0.07644838798781672,0.15782893003936355,0.0,0.0,0.0
12,cfg_low,32,12,0.16135231530809485,0.08067615765404743,0.08067615765404743,0.16135231530809485,0.0,0.0,0.0
12,cfg_low,32,13,0.10774112740818947,0.05387056370409474,0.05387056370409474,0.10774112740818947,0.0,0.0,0.0
12,cfg_low,32,14,0.1303413093629519,0.06517065468147595,0.06517065468147595,0.1303413093629519,0.0,0.0,0.0
12,cfg_low,32,15,0.15840151315062825,0.07920075657531413,0.07920075657531413,0.15840151315062825,0.0,0.0,0.0
12,cfg_low,33,12,0.15897265067480326,0.07700237767060783,0.08197027300419543,0.15897265067480326,0.0,0.0,0.0
12,cfg_low,33,13,0.10460817553510501,0.05066958502481649,0.05393859051028852,0.10460817553510501,0.0,0.0,0.0
12,cfg_low,33,14,0.1306011706465752,0.06325994203193486,0.06734122861464034,0.1306011706465752,0.0,0.0,0.0
12,cfg_low,33,15,0.16021694619774407,0.07760508331453228,0.08261186288321179,0.16021694619774407,0.0,0.0,0.0
12,cfg_low,34,12,0.15562179254316877,0.07294771525461036,0.08267407728855841,0.15562179254316877,0.0,0.0,0.0
12,cfg_low,34,13,0.10145872193315066,0.04755877590616437,0.053899946026986285,0.10145872193315066,0.0,0.0,0.0
12,cfg_low,34,14,0.13543874964790945,0.06348691389745756,0.07195183575045189,0.13543874964790945,0.0,0.0,0.0
12,cfg_low,34,15,0.16055686529115828,0.07526103060523044,0.08529583468592784,0.16055686529115828,0.0,0.0,0.0
12,cfg_low,35,12,0.15156693950312727,0.06867876946235454,0.08288817004077273,0.15156693950312727,0.0,0.0,0.0
12,cfg_low,35,13,0.09837140142477581,0.044574541270601536,0.05379686015417427,0.09837140142477581,0.0,0.0,0.0
12,cfg_low,35,14,0.14609727339543163,0.06620032700730495,0.07989694638812668,0.14609727339543163,0.0,0.0,0.0
12,cfg_low,35,15,0.15768662148301452,0.07145175035949096,0.08623487112352356,0.15768662148301452,0.0,0.0,0.0
12,cfg_low,36,12,0.1470751904987777,0.06434539584321525,0.08272979465556246,0.1470751904987777,0.0,0.0,0.0
12,cfg_low,36,13,0.09546999529047213,0.041768122939581556,0.05370187235089058,0.09546999529047213,0.0,0.0,0.0
12,cfg_low,36,14,0.13386575950813423,0.05856626978480872,0.07529948972332551,0.13386575950813423,0.0,0.0,0.0
12,cfg_low,36,15,0.15192147653116675,0.06646564598238545,0.0854558305487813,0.15192147653116675,0.0,0.0,0.0
12,cfg_low,37,12,0.14220377863468342,0.05999221911150707,0.08221155952317635,0.14220377863468342,0.0,0.0,0.0
12,cfg_low,37,13,0.09289760852439014,0.03919117859622709,0.053706429928163046,0.09289760852439014,0.0,0.0,0.0
12,cfg_low,37,14,0.12357386758082796,0.05213272538566179,0.07144114219516616,0.12357386758082796,0.0,0.0,0.0
12,cfg_low,37,15,0.1467099798129325,0.0618932727335809,0.0848167070793516,0.1467099798129325,0.0,0.0,0.0
12,cfg_low,38,12,0.13698107725947523,0.05564856263666181,0.08133251462281342,0.13698107725947523,0.0,0.0,0.0
12,cfg_low,38,13,0.09069730781031096,0.03684578129793883,0.053851526512372135,0.09069730781031096,0.0,0.0,0.0
12,cfg_low,38,14,0.11888476366406617,0.04829693523852688,0.07058782842553929,0.11888476366406617,0.0,0.0,0.0
12,cfg_low,38,15,0.14407887832575472,0.058532044319837856,0.08554683400591687,0.14407887832575472,0.0,0.0,0.0
12,cfg_low,39,12,0.13168313414464267,0.05143872427525104,0.08024440986939163,0.13168313414464267,0.0,0.0,0.0
12,cfg_low,39,13,0.08884498341539765,0.034705071646639704,0.054139911768757945,0.08884498341539765,0.0,0.0,0.0
12,cfg_low,39,14,0.11602463988628411,0.04532212495557973,0.07070251493070438,0.11602463988628411,0.0,0.0,0.0
12,cfg_low,39,15,0.14264577397949363,0.0557210054607397,0.08692476851875393,0.14264577397949363,0.0,0.0,0.0
12,cfg_low,40,12,0.12669238344920566,0.04750964379345213,0.07918273965575354,0.12669238344920566,0.0,0.0,0.0
12,cfg_low,40,13,0.08727192214668239,0.032726970805005896,0.054544951341676494,0.08727192214668239,0.0,0.0,0.0
12,cfg_low,40,14,0.11394734071618798,0.042730252768570495,0.07121708794761748,0.11394734071618798,0.0,0.0,0.0
12,cfg_low,40,15,0.1407809138598013,0.052792842697425485,0.08798807116237581,0.1407809138598013,0.0,0.0,0.0
12,cfg_low,41,12,0.12205960766789231,0.0438651715056488,0.07819443616224352,0.12205960766789231,0.0,0.0,0.0
12,cfg_low,41,13,0.08580871271638006,0.030837506132449084,0.054971206583930975,0.08580871271638006,0.0,0.0,0.0
12,cfg_low,41,14,0.11207286073140595,0.04027618432534901,0.07179667640605693,0.11207286073140595,0.0,0.0,0.0
12,cfg_low,41,15,0.1390023507284735,0.049953969793045165,0.08904838093542834,0.1390023507284735,0.0,0.0,0.0
12,cfg_low,42,12,0.11725776849868126,0.040307357921421684,0.07695041057725958,0.11725776849868126,0.0,0.0,0.0
12,cfg_low,42,13,0.08428778393292762,0.028973925726943867,0.055313858205983744,0.08428778393292762,0.0,0.0,0.0
12,cfg_low,42,14,0.11021564636352928,0.03788662843746319,0.0723290179260661,0.11021564636352928,0.0,0.0,0.0
12,cfg_low,42,15,0.13707834618366288,0.047120681500634115,0.08995766468302877,0.13707834618366288,0.0,0.0,0.0
12,cfg_low,43,12,0.1119595399858754,0.03673672405786537,0.07522281592801004,0.1119595399858754,0.0,0.0,0.0
12,cfg_low,43,13,0.08271139143285984,0.027139675313907135,0.0555717161189527,0.08271139143285984,0.0,0.0,0.0
12,cfg_low,43,14,0.10834808438153049,0.03555171518768969,0.07279636919384079,0.10834808438153049,0.0,0.0,0.0
12,cfg_low,43,15,0.13489391343470666,0.04426206534576312,0.09063184808894353,0.13489391343470666,0.0,0.0,0.0
12,cfg_low,44,12,0.10659187918188692,0.033309962244339665,0.07328191693754726,0.10659187918188692,0.0,0.0,0.0
12,cfg_low,44,13,0.0812272733721862,0.02538352292880819,0.05584375044337801,0.0812272733721862,0.0,0.0,0.0
12,cfg_low,44,14,0.10636862202344981,0.033240194382328066,0.07312842764112175,0.10636862202344981,0.0,0.0,0.0
12,cfg_low,44,15,0.13246163020742402,0.04139425943982,0.09106737076760402,0.13246163020742402,0.0,0.0,0.0
12,cfg_low,45,12,0.10118375329404994,0.030038926759171074,0.07114482653487886,0.10118375329404994,0.0,0.0,0.0
12,cfg_low,45,13,0.07997272090801194,0.023741901519566046,0.056230819388445895,0.07997272090801194,0.0,0.0,0.0
12,cfg_low,45,14,0.10421295362793784,0.030938220608294046,0.0732747330196438,0.10421295362793784,0.0,0.0,0.0
12,cfg_low,45,15,0.12973173599285281,0.03851410912287818,0.09121762686997463,0.12973173599285281,0.0,0.0,0.0
12,cfg_low,46,12,0.09575155348371539,0.026930124417294955,0.06882142906642044,0.09575155348371539,0.0,0.0,0.0
12,cfg_low,46,13,0.07897856489115254,0.02221272137563665,0.05676584351551589,0.07897856489115254,0.0,0.0,0.0
12,cfg_low,46,14,0.1018875557340238,0.028655875050194193,0.07323168068382961,0.1018875557340238,0.0,0.0,0.0
12,cfg_low,46,15,0.12662096415638033,0.035612146168981965,0.09100881798739836,0.12662096415638033,0.0,0.0,0.0
12,cfg_low,47,12,0.09090931550977928,0.02414778693228512,0.06676152857749416,0.09090931550977928,0.0,0.0,0.0
12,cfg_low,47,13,0.07819598703647347,0.020770809056563266,0.0574251779799102,0.07819598703647347,0.0,0.0,0.0
12,cfg_low,47,14,0.09943407083281026,0.026412175064965227,0.07302189576784504,0.09943407083281026,0.0,0.0,0.0
12,cfg_low,47,15,0.12306786269852096,0.03268990102929463,0.09037796166922633,0.12306786269852096,0.0,0.0,0.0
0,cfg_tuned,0,0,0.15222660610198033,0.15222660610198033,0.0,0.15222660610198033,0.0,0.0,0.0
0,cfg_tuned,0,1,0.18167397449166828,0.18167397449166828,0.0,0.18167397449166828,0.0,0.0,0.0
0,cfg_tuned,0,2,0.08842107906727106,0.08842107906727106,0.0,0.08842107906727106,0.0,0.0,0.0
0,cfg_tuned,0,3,0.16248645496254221,0.16248645496254221,0.0,0.16248645496254221,0.0,0.0,0.0
0,cfg_tuned,1,0,0.1562214773138235,0.153780516730795,0.002440960583028492,0.1562214773138235,0.0,0.0,0.0
0,cfg_tuned,1,1,0.18737249000544104,0.18444479484910603,0.0029276951563350162,0.18737249000544104,0.0,0.0,0.0
0,cfg_tuned,1,2,0.08856554694905953,0.08718171027798048,0.0013838366710790552,0.08856554694905953,0.0,0.0,0.0
0,cfg_tuned,1,3,0.17500512110575134,0.17227066608847397,0.0027344550172773647,0.17500512110575134,0.0,0.0,0.0
0,cfg_tuned,2,0,0.15318545412649656,0.14839840868504353,0.0047870454414530176,0.15318545412649656,0.0,0.0,0.0
0,cfg_tuned,2,1,0.19383175578306985,0.1877745134148489,0.006057242368220933,0.19383175578306985,0.0,0.0,0.0
0,cfg_tuned,2,2,0.08718243216118603,0.08445798115614897,0.0027244510050370633,0.08718243216118603,0.0,0.0,0.0
0,cfg_tuned,2,3,0.17867133727640605,0.17308785798651835,0.005583479289887689,0.17867133727640605,0.0,0.0,0.0
0,cfg_tuned,3,0,0.14336948435020225,0.1366490397712865,0.00672044457891573,0.14336948435020225,0.0,0.0,0.0
0,cfg_tuned,3,1,0.19410930894232548,0.18501043508565396,0.009098873856671507,0.19410930894232548,0.0,0.0,0.0
0,cfg_tuned,3,2,0.08798837926567471,0.0838639239875962,0.004124455278078502,0.08798837926567471,0.0,0.0,0.0
0,cfg_tuned,3,3,0.16632674587504298,0.15853017966215033,0.00779656621289264,0.16632674587504298,0.0,0.0,0.0
0,cfg_tuned,4,0,0.13086941776785058,0.12269007915735991,0.008179338610490661,0.13086941776785058,0.0,0.0,0.0
0,cfg_tuned,4,1,0.1831611256086035,0.17171355525806578,0.01144757035053772,0.1831611256086035,0.0,0.0,0.0
0,cfg_tuned,4,2,0.08932695138983862,0.0837440169279737,0.005582934461864914,0.08932695138983862,0.0,0.0,0.0
0,cfg_tuned,4,3,0.1395129507583524,0.13079339133595538,0.008719559422397025,0.1395129507583524,0.0,0.0,0.0
0,cfg_tuned,5,0,0.1180386851422929,0.10881691286555127,0.009221772276741633,0.1180386851422929,0.0,0.0,0.0
0,cfg_tuned,5,1,0.16172855468919156,0.14909351135409848,0.01263504333509309,0.16172855468919156,0.0,0.0,0.0
0,cfg_tuned,5,2,0.08778977822945372,0.08093120180527764,0.006858576424176072,0.08778977822945372,0.0,0.0,0.0
0,cfg_tuned,5,3,0.1194247987416298,0.11009473633993996,0.009330062401689827,0.1194247987416298,0.0,0.0,0.0
0,cfg_tuned,6,0,0.10656560744725348,0.09657508174907346,0.009990525698180014,0.10656560744725348,0.0,0.0,0.0
0,cfg_tuned,6,1,0.13781966199754106,0.12489906868527159,0.012920593312269475,0.13781966199754106,0.0,0.0,0.0
0,cfg_tuned,6,2,0.08173461121977577,0.07407199141792178,0.007662619801853978,0.08173461121977577,0.0,0.0,0.0
0,cfg_tuned,6,3,0.10982692465490071,0.09953065046850376,0.01029627418639694,0.10982692465490071,0.0,0.0,0.0
0,cfg_tuned,7,0,0.09733288740973906,0.08668710284929884,0.01064578456044021,0.09733288740973906,0.0,0.0,0.0
0,cfg_tuned,7,1,0.11875631106494217,0.10576733954221412,0.01298897152272805,0.11875631106494217,0.0,0.0,0.0
0,cfg_tuned,7,2,0.07262243344665711,0.064679354788429,0.007943078658228122,0.07262243344665711,0.0,0.0,0.0
0,cfg_tuned,7,3,0.10311211111012257,0.09183422395745292,0.011277887152669657,0.10311211111012257,0.0,0.0,0.0
0,cfg_tuned,8,0,0.09080774616274104,0.07945677789239841,0.01135096827034263,0.09080774616274104,0.0,0.0,0.0
0,cfg_tuned,8,1,0.10656968827388763,0.09324847723965168,0.013321211034235954,0.10656968827388763,0.0,0.0,0.0
0,cfg_tuned,8,2,0.06353471485703138,0.05559287549990246,0.007941839357128923,0.06353471485703138,0.0,0.0,0.0
0,cfg_tuned,8,3,0.09697246316869548,0.08485090527260855,0.012121557896086935,0.09697246316869548,0.0,0.0,0.0
0,cfg_tuned,9,0,0.08750173375520802,0.0751968024458819,0.012304931309326127,0.08750173375520802,0.0,0.0,0.0
0,cfg_tuned,9,1,0.10033621053457731,0.08622643092815238,0.014109779606424934,0.10033621053457731,0.0,0.0,0.0
0,cfg_tuned,9,2,0.05668487563511765,0.04871356499892923,0.00797131063618842,0.05668487563511765,0.0,0.0,0.0
0,cfg_tuned,9,3,0.0941053055171043,0.0808717469287615,0.013233558588342792,0.0941053055171043,0.0,0.0,0.0
0,cfg_tuned,10,0,0.08766235951608613,0.07396511584169767,0.013697243674388458,0.08766235951608613,0.0,0.0,0.0
0,cfg_tuned,10,1,0.0988128123037677,0.083373310381304,0.015439501922463704,0.0988128123037677,0.0,0.0,0.0
0,cfg_tuned,10,2,0.05283041083801249,0.04457565914457304,0.008254751693439451,0.05283041083801249,0.0,0.0,0.0
0,cfg_tuned,10,3,0.095322996127229,0.08042877798234947,0.014894218144879531,0.095322996127229,0.0,0.0,0.0
0,cfg_tuned,11,0,0.09047311515117117,0.07492304848456362,0.015550066666607545,0.09047311515117117,0.0,0.0,0.0
0,cfg_tuned,11,1,0.10138104070510784,0.08395617433391743,0.01742486637119041,0.10138104070510784,0.0,0.0,0.0
0,cfg_tuned,11,2,0.05156789034966873,0.042704659195819415,0.008863231153849313,0.05156789034966873,0.0,0.0,0.0
0,cfg_tuned,11,3,0.09892982970188643,0.0819262652218747,0.01700356448001173,0.09892982970188643,0.0,0.0,0.0
0,cfg_tuned,12,0,0.09450351179526073,0.07678410333364935,0.017719408461611387,0.09450351179526073,0.0,0.0,0.0
0,cfg_tuned,12,1,0.10884333359880874,0.0884352085490321,0.02040812504977664,0.10884333359880874,0.0,0.0,0.0
0,cfg_tuned,12,2,0.0521226078603279,0.04234961888651642,0.009772988973811481,0.0521226078603279,0.0,0.0,0.0
0,cfg_tuned,12,3,0.1052208953001191,0.08549197743134677,0.01972891786877233,0.1052208953001191,0.0,0.0,0.0
0,cfg_tuned,13,0,0.09824612620537253,0.07828988181990623,0.019956244385466296,0.09824612620537253,0.0,0.0,0.0
0,cfg_tuned,13,1,0.12294945553015717,0.09797534737559399,0.024974108154563173,0.12294945553015717,0.0,0.0,0.0
0,cfg_tuned,13,2,0.05384455231388915,0.042907377625130416,0.010937174688758733,0.05384455231388915,0.0,0.0,0.0
0,cfg_tuned,13,3,0.11569613937019178,0.09219536106062158,0.023500778309570206,0.11569613937019178,0.0,0.0,0.0
0,cfg_tuned,14,0,0.10054740699471452,0.07855266171462072,0.021994745280093802,0.10054740699471452,0.0,0.0,0.0
0,cfg_tuned,14,1,0.1437591146196879,0.11231180829663118,0.03144730632305673,0.1437591146196879,0.0,0.0,0.0
0,cfg_tuned,14,2,0.05638953370716747,0.044054323208724586,0.012335210498442883,0.05638953370716747,0.0,0.0,0.0
0,cfg_tuned,14,3,0.12264552644598875,0.09581681753592872,0.02682870891006004,0.12264552644598875,0.0,0.0,0.0
0,cfg_tuned,15,0,0.10157263021704568,0.07776654500992561,0.023806085207120083,0.10157263021704568,0.0,0.0,0.0
0,cfg_tuned,15,1,0.1635964135347075,0.12525350411251043,0.03834290942219707,0.1635964135347075,0.0,0.0,0.0
0,cfg_tuned,15,2,0.05976143724051649,0.04575485038727044,0.014006586853246052,0.05976143724051649,0.0,0.0,0.0
0,cfg_tuned,15,3,0.12100460345170046,0.09264414951770816,0.028360453933992294,0.12100460345170046,0.0,0.0,0.0
0,cfg_tuned,16,0,0.10231019798135586,0.0767326484860169,0.025577549495338966,0.10231019798135586,0.0,0.0,0.0
0,cfg_tuned,16,1,0.17577040222329188,0.1318278016674689,0.04394260055582297,0.17577040222329188,0.0,0.0,0.0
0,cfg_tuned,16,2,0.0642078375743818,0.04815587818078634,0.01605195939359545,0.0642078375743818,0.0,0.0,0.0
0,cfg_tuned,16,3,0.11995458776898062,0.08996594082673547,0.029988646942245154,0.11995458776898062,0.0,0.0,0.0
0,cfg_tuned,17,0,0.10291442409425063,0.07557778019421531,0.02733664390003532,0.10291442409425063,0.0,0.0,0.0
0,cfg_tuned,17,1,0.19283492916874578,0.1416131511082977,0.0512217780604481,0.19283492916874578,0.0,0.0,0.0
0,cfg_tuned,17,2,0.0698624193397759,0.05130521420264792,0.018557205137127972,0.0698624193397759,0.0,0.0,0.0
0,cfg_tuned,17,3,0.12120121909440303,0.08900714527245222,0.0321940738219508,0.12120121909440303,0.0,0.0,0.0
0,cfg_tuned,18,0,0.10259428384248635,0.07373964151178707,0.028854642330699287,0.10259428384248635,0.0,0.0,0.0
0,cfg_tuned,18,1,0.20933436919718348,0.15045907786047563,0.05887529133670785,0.20933436919718348,0.0,0.0,0.0
0,cfg_tuned,18,2,0.076462020161253,0.0549570769909006,0.021504943170352408,0.076462020161253,0.0,0.0,0.0
0,cfg_tuned,18,3,0.12451658874410121,0.08949629815982274,0.03502029058427847,0.12451658874410121,0.0,0.0,0.0
0,cfg_tuned,19,0,0.10240526687691792,0.07200370327283291,0.030401563604085007,0.10240526687691792,0.0,0.0,0.0
0,cfg_tuned,19,1,0.2170342077799674,0.15260217734528958,0.06443203043467782,0.2170342077799674,0.0,0.0,0.0
0,cfg_tuned,19,2,0.08382307482242755,0.05893809948451938,0.02488497533790818,0.08382307482242755,0.0,0.0,0.0
0,cfg_tuned,19,3,0.13082817850974626,0.09198856301466535,0.03883961549508092,0.13082817850974626,0.0,0.0,0.0
0,cfg_tuned,20,0,0.1018477675275062,0.07002034017516051,0.031827427352345686,0.1018477675275062,0.0,0.0,0.0
0,cfg_tuned,20,1,0.22053965090765904,0.1516210099990156,0.06891864090864344,0.22053965090765904,0.0,0.0,0.0
0,cfg_tuned,20,2,0.09166760922694542,0.06302148134352498,0.02864612788342044,0.09166760922694542,0.0,0.0,0.0
0,cfg_tuned,20,3,0.14214814251972763,0.09772684798231274,0.044421294537414883,0.14214814251972763,0.0,0.0,0.0
0,cfg_tuned,21,0,0.10026743177836644,0.06736718072608995,0.03290025105227649,0.10026743177836644,0.0,0.0,0.0
0,cfg_tuned,21,1,0.22381352370230803,0.15037471123748822,0.07343881246481983,0.22381352370230803,0.0,0.0,0.0
0,cfg_tuned,21,2,0.09902481056353254,0.06653229459737343,0.03249251596615912,0.09902481056353254,0.0,0.0,0.0
0,cfg_tuned,21,3,0.158969130871326,0.10680738480417215,0.05216174606715384,0.158969130871326,0.0,0.0,0.0
0,cfg_tuned,22,0,0.09943920335541413,0.06525697720199053,0.03418222615342361,0.09943920335541413,0.0,0.0,0.0
0,cfg_tuned,22,1,0.2218159977289482,0.14556674850962226,0.07624924921932594,0.2218159977289482,0.0,0.0,0.0
0,cfg_tuned,22,2,0.10777887762119852,0.07072988843891152,0.03704898918228699,0.10777887762119852,0.0,0.0,0.0
0,cfg_tuned,22,3,0.16805282813409148,0.11028466846299753,0.057768159671093944,0.16805282813409148,0.0,0.0,0.0
0,cfg_tuned,23,0,0.1002891906012094,0.06424776272889977,0.03604142787230963,0.1002891906012094,0.0,0.0,0.0
0,cfg_tuned,23,1,0.21586010870445954,0.1382853821387944,0.07757472656566515,0.21586010870445954,0.0,0.0,0.0
0,cfg_tuned,23,2,0.11928210362898352,0.07641509763731756,0.04286700599166595,0.11928210362898352,0.0,0.0,0.0
0,cfg_tuned,23,3,0.1657045078447414,0.10615445033803746,0.05955005750670394,0.1657045078447414,0.0,0.0,0.0
0,cfg_tuned,24,0,0.10110605120361692,0.06319128200226057,0.03791476920135634,0.10110605120361692,0.0,0.0,0.0
0,cfg_tuned,24,1,0.21572581848505476,0.13482863655315921,0.08089718193189553,0.21572581848505476,0.0,0.0,0.0
0,cfg_tuned,24,2,0.12619058912174588,0.07886911820109117,0.04732147092065471,0.12619058912174588,0.0,0.0,0.0
0,cfg_tuned,24,3,0.16217603463121671,0.10136002164451044,0.06081601298670627,0.16217603463121671,0.0,0.0,0.0
0,cfg_tuned,25,0,0.10536219564365486,0.06420508797035218,0.041157107673302676,0.10536219564365486,0.0,0.0,0.0
0,cfg_tuned,25,1,0.21604001006769505,0.13164938113500166,0.08439062893269338,0.21604001006769505,0.0,0.0,0.0
0,cfg_tuned,25,2,0.13388537448930798,0.08158640007942206,0.05229897440988593,0.13388537448930798,0.0,0.0,0.0
0,cfg_tuned,25,3,0.16566581578117762,0.1009526064916551,0.06471320928952251,0.16566581578117762,0.0,0.0,0.0
0,cfg_tuned,26,0,0.1108918366320972,0.06584202800030771,0.045049808631789486,0.1108918366320972,0.0,0.0,0.0
0,cfg_tuned,26,1,0.21070372753305258,0.12510533822274997,0.08559838931030261,0.21070372753305258,0.0,0.0,0.0
0,cfg_tuned,26,2,0.1266550746677844,0.07520145058399698,0.05145362408378741,0.1266550746677844,0.0,0.0,0.0
0,cfg_tuned,26,3,0.17075862094585006,0.10138793118659847,0.06937068975925159,0.17075862094585006,0.0,0.0,0.0
0,cfg_tuned,27,0,0.11142599175305812,0.06441815148223673,0.047007840270821395,0.11142599175305812,0.0,0.0,0.0
0,cfg_tuned,27,1,0.20344434446736745,0.11761626164519681,0.08582808282217064,0.20344434446736745,0.0,0.0,0.0
0,cfg_tuned,27,2,0.11856692372188832,0.06854650277671669,0.05002042094517163,0.11856692372188832,0.0,0.0,0.0
0,cfg_tuned,27,3,0.17435629399714905,0.10079973246710179,0.07355656153004726,0.17435629399714905,0.0,0.0,0.0
0,cfg_tuned,28,0,0.11075313680710167,0.062298639453994685,0.04845449735310698,0.11075313680710167,0.0,0.0,0.0
0,cfg_tuned,28,1,0.19541530103311344,0.10992110683112631,0.08549419420198713,0.19541530103311344,0.0,0.0,0.0
0,cfg_tuned,28,2,0.11413396091622274,0.0642003530153753,0.04993360790084745,0.11413396091622274,0.0,0.0,0.0
0,cfg_tuned,28,3,0.17314583396508842,0.09739453160536224,0.07575130235972619,0.17314583396508842,0.0,0.0,0.0
0,cfg_tuned,29,0,0.11121072162880338,0.06081836339075185,0.050392358238051535,0.11121072162880338,0.0,0.0,0.0
0,cfg_tuned,29,1,0.18873377748432157,0.10321378456173837,0.08551999292258321,0.18873377748432157,0.0,0.0,0.0
0,cfg_tuned,29,2,0.11154679639759835,0.0610021542799366,0.05054464211766175,0.11154679639759835,0.0,0.0,0.0
0,cfg_tuned,29,3,0.16495408047441787,0.09020926275944727,0.0747448177149706,0.16495408047441787,0.0,0.0,0.0
0,cfg_tuned,30,0,0.11223771060422533,0.05962628375849471,0.05261142684573062,0.11223771060422533,0.0,0.0,0.0
0,cfg_tuned,30,1,0.18500502826244694,0.09828392126442494,0.086721106998022,0.18500502826244694,0.0,0.0,0.0
0,cfg_tuned,30,2,0.1107256261430192,0.05882298888847895,0.05190263725454025,0.1107256261430192,0.0,0.0,0.0
0,cfg_tuned,30,3,0.1510278910514518,0.08023356712108377,0.07079432393036804,0.1510278910514518,0.0,0.0,0.0
0,cfg_tuned,31,0,0.11237197841159662,0.057941801368479505,0.05443017704311711,0.11237197841159662,0.0,0.0,0.0
0,cfg_tuned,31,1,0.18312935253850826,0.09442607240266832,0.08870328013583995,0.18312935253850826,0.0,0.0,0.0
0,cfg_tuned,31,2,0.11151845162382572,0.057501701618535135,0.05401675000529058,0.11151845162382572,0.0,0.0,0.0
0,cfg_tuned,31,3,0.1403130650687124,0.07234892417605483,0.06796414089265758,0.1403130650687124,0.0,0.0,0.0
0,cfg_tuned,32,0,0.11125198673149114,0.05562599336574557,0.05562599336574557,0.11125198673149114,0.0,0.0,0.0
0,cfg_tuned,32,1,0.179492787757745,0.0897463938788725,0.0897463938788725,0.179492787757745,0.0,0.0,0.0
0,cfg_tuned,32,2,0.11269107602332415,0.056345538011662075,0.056345538011662075,0.11269107602332415,0.0,0.0,0.0
0,cfg_tuned,32,3,0.13376825578279583,0.06688412789139792,0.06688412789139792,0.13376825578279583,0.0,0.0,0.0
0,cfg_tuned,33,0,0.10984449018992808,0.05320592493574641,0.056638565254181664,0.10984449018992808,0.0,0.0,0.0
0,cfg_tuned,33,1,0.17189919463542586,0.0832636724015344,0.08863552223389146,0.17189919463542586,0.0,0.0,0.0
0,cfg_tuned,33,2,0.11485155862551333,0.05563122370923302,0.05922033491628031,0.11485155862551333,0.0,0.0,0.0
0,cfg_tuned,33,3,0.12868912792619086,0.062333796339248695,0.06635533158694217,0.12868912792619086,0.0,0.0,0.0
0,cfg_tuned,34,0,0.1088614445760667,0.05102880214503126,0.05783264243103543,0.1088614445760667,0.0,0.0,0.0
0,cfg_tuned,34,1,0.16237305072369218,0.07611236752673071,0.08626068319696147,0.16237305072369218,0.0,0.0,0.0
0,cfg_tuned,34,2,0.11814776750445617,0.05538176601771383,0.06276600148674234,0.11814776750445617,0.0,0.0,0.0
0,cfg_tuned,34,3,0.12443968618775039,0.058331102900508,0.0661085832872424,0.12443968618775039,0.0,0.0,0.0
0,cfg_tuned,35,0,0.10777859396691167,0.04883717539125685,0.05894141857565482,0.10777859396691167,0.0,0.0,0.0
0,cfg_tuned,35,1,0.15438791447182773,0.06995702374504693,0.0844308907267808,0.15438791447182773,0.0,0.0,0.0
0,cfg_tuned,35,2,0.12137587453813113,0.05499844315009067,0.06637743138804046,0.12137587453813113,0.0,0.0,0.0
0,cfg_tuned,35,3,0.12093094610656858,0.05479683495453889,0.06613411115202969,0.12093094610656858,0.0,0.0,0.0
0,cfg_tuned,36,0,0.10349845377775391,0.045280573527767334,0.05821788024998657,0.10349845377775391,0.0,0.0,0.0
0,cfg_tuned,36,1,0.1485061389566995,0.06497143579355603,0.08353470316314347,0.1485061389566995,0.0,0.0,0.0
0,cfg_tuned,36,2,0.12362795096657911,0.05408722854787836,0.06954072241870075,0.12362795096657911,0.0,0.0,0.0
0,cfg_tuned,36,3,0.11801619284495736,0.051632084369668846,0.06638410847528851,0.11801619284495736,0.0,0.0,0.0
0,cfg_tuned,37,0,0.10139354580480169,0.042775402136400714,0.05861814366840097,0.10139354580480169,0.0,0.0,0.0
0,cfg_tuned,37,1,0.1437821838818336,0.06065810882514854,0.08312407505668504,0.1437821838818336,0.0,0.0,0.0
0,cfg_tuned,37,2,0.12458722950101908,0.052560237445742425,0.07202699205527666,0.12458722950101908,0.0,0.0,0.0
0,cfg_tuned,37,3,0.11542612960468485,0.04869539842697642,0.06673073117770843,0.11542612960468485,0.0,0.0,0.0
0,cfg_tuned,38,0,0.1003730954012624,0.040776570006762845,0.05959652539449955,0.1003730954012624,0.0,0.0,0.0
0,cfg_tuned,38,1,0.13922993635495068,0.056562161644198715,0.08266777471075197,0.13922993635495068,0.0,0.0,0.0
0,cfg_tuned,38,2,0.12229645297504853,0.04968293402111346,0.07261351895393506,0.12229645297504853,0.0,0.0,0.0
0,cfg_tuned,38,3,0.11290849776165042,0.04586907721567048,0.06703942054597993,0.11290849776165042,0.0,0.0,0.0
0,cfg_tuned,39,0,0.09927057093334414,0.03877756677083755,0.06049300416250659,0.09927057093334414,0.0,0.0,0.0
0,cfg_tuned,39,1,0.1343454380376519,0.05247868673345777,0.08186675130419412,0.1343454380376519,0.0,0.0,0.0
0,cfg_tuned,39,2,0.11691668814925295,0.045670581308301934,0.07124610684095102,0.11691668814925295,0.0,0.0,0.0
0,cfg_tuned,39,3,0.11036178524091868,0.04311007235973386,0.06725171288118482,0.11036178524091868,0.0,0.0,0.0
0,cfg_tuned,40,0,0.09774911272971858,0.036655917273644464,0.06109319545607411,0.09774911272971858,0.0,0.0,0.0
0,cfg_tuned,40,1,0.12943553835102958,0.04853832688163609,0.08089721146939349,0.12943553835102958,0.0,0.0,0.0
0,cfg_tuned,40,2,0.11297531720598528,0.042365743952244475,0.0706095732537408,0.11297531720598528,0.0,0.0,0.0
0,cfg_tuned,40,3,0.1078151507295647,0.04043068152358676,0.06738446920597793,0.1078151507295647,0.0,0.0,0.0
0,cfg_tuned,41,0,0.09575494673990245,0.03441193398465244,0.06134301275525001,0.09575494673990245,0.0,0.0,0.0
0,cfg_tuned,41,1,0.12483922459495578,0.044864096338812234,0.07997512825614354,0.12483922459495578,0.0,0.0,0.0
0,cfg_tuned,41,2,0.10929340860477352,0.039277318717340484,0.07001608988743303,0.10929340860477352,0.0,0.0,0.0
0,cfg_tuned,41,3,0.10531765988050548,0.03784853401955666,0.06746912586094883,0.10531765988050548,0.0,0.0,0.0
0,cfg_tuned,42,0,0.09366422016319127,0.032197075681097,0.061467144482094276,0.09366422016319127,0.0,0.0,0.0
0,cfg_tuned,42,1,0.12067192019176672,0.04148097256591981,0.07919094762584691,0.12067192019176672,0.0,0.0,0.0
0,cfg_tuned,42,2,0.10555741667746597,0.036285361982878926,0.06927205469458704,0.10555741667746597,0.0,0.0,0.0
0,cfg_tuned,42,3,0.10289226876980277,0.035369217389619706,0.06752305138018307,0.10289226876980277,0.0,0.0,0.0
0,cfg_tuned,43,0,0.09211354404220773,0.03022475663884941,0.06188878740335832,0.09211354404220773,0.0,0.0,0.0
0,cfg_tuned,43,1,0.11706400504319192,0.038411626654797346,0.07865237838839458,0.11706400504319192,0.0,0.0,0.0
0,cfg_tuned,43,2,0.10208014954512946,0.0334950490694956,0.06858510047563386,0.10208014954512946,0.0,0.0,0.0
0,cfg_tuned,43,3,0.10054133291487552,0.03299012486269353,0.067551208052182,0.10054133291487552,0.0,0.0,0.0
0,cfg_tuned,44,0,0.09075951883493685,0.028362349635917765,0.06239716919901909,0.09075951883493685,0.0,0.0,0.0
0,cfg_tuned,44,1,0.11395665841264506,0.03561145575395158,0.07834520265869348,0.11395665841264506,0.0,0.0,0.0
0,cfg_tuned,44,2,0.09905053128652522,0.03095329102703913,0.06809724025948609,0.09905053128652522,0.0,0.0,0.0
0,cfg_tuned,44,3,0.09824515796397702,0.03070161186374282,0.0675435461002342,0.09824515796397702,0.0,0.0,0.0
0,cfg_tuned,45,0,0.08901875709080097,0.026427443511331538,0.06259131357946943,0.08901875709080097,0.0,0.0,0.0
0,cfg_tuned,45,1,0.11111739170141814,0.03298797566135851,0.07812941604005963,0.11111739170141814,0.0,0.0,0.0
0,cfg_tuned,45,2,0.09637432506903439,0.028611127754869584,0.0677631973141648,0.09637432506903439,0.0,0.0,0.0
0,cfg_tuned,45,3,0.0959681211829044,0.028490535976174746,0.06747758520672965,0.0959681211829044,0.0,0.0,0.0
0,cfg_tuned,46,0,0.08709530749485277,0.02449555523292734,0.06259975226192542,0.08709530749485277,0.0,0.0,0.0
0,cfg_tuned,46,1,0.10829079271116715,0.03045678545001576,0.07783400726115139,0.10829079271116715,0.0,0.0,0.0
0,cfg_tuned,46,2,0.09388350691859965,0.026404736320856152,0.0674787705977435,0.09388350691859965,0.0,0.0,0.0
0,cfg_tuned,46,3,0.09367220207386524,0.0263453068332746,0.06732689524059064,0.09367220207386524,0.0,0.0,0.0
0,cfg_tuned,47,0,0.08515828199009938,0.022620168653620147,0.06253811333647923,0.08515828199009938,0.0,0.0,0.0
0,cfg_tuned,47,1,0.10532638196466337,0.027977320209363707,0.07734906175529967,0.10532638196466337,0.0,0.0,0.0
0,cfg_tuned,47,2,0.09145080031499253,0.02429161883366989,0.06715918148132263,0.09145080031499253,0.0,0.0,0.0
0,cfg_tuned,47,3,0.09132106926433983,0.024257159023340268,0.06706391024099956,0.09132106926433983,0.0,0.0,0.0
4,cfg_tuned,0,4,0.0798901046334073,0.0798901046334073,0.0,0.0798901046334073,0.0,0.0,0.0
4,cfg_tuned,0,5,0.10445120237934812,0.10445120237934812,0.0,0.10445120237934812,0.0,0.0,0.0
4,cfg_tuned,0,6,0.13187463580451894,0.13187463580451894,0.0,0.13187463580451894,0.0,0.0,0.0
4,cfg_tuned,0,7,0.1176059073798838,0.1176059073798838,0.0,0.1176059073798838,0.0,0.0,0.0
4,cfg_tuned,1,4,0.0762949895799552,0.0751028803677684,0.0011921092121868,0.0762949895799552,0.0,0.0,0.0
4,cfg_tuned,1,5,0.10871252411147739,0.10701389092223555,0.0016986331892418342,0.10871252411147739,0.0,0.0,0.0
4,cfg_tuned,1,6,0.13087646837397526,0.1288315235556319,0.0020449448183433635,0.13087646837397526,0.0,0.0,0.0
4,cfg_tuned,1,7,0.1378537760678446,0.13569981081678453,0.002153965251060072,0.1378537760678446,0.0,0.0,0.0
4,cfg_tuned,2,4,0.08055542505714204,0.07803806802410636,0.0025173570330356888,0.08055542505714204,0.0,0.0,0.0
4,cfg_tuned,2,5,0.11782110970066038,0.11413920002251475,0.003681909678145637,0.11782110970066038,0.0,0.0,0.0
4,cfg_tuned,2,6,0.14492340277256605,0.14039454643592336,0.004528856336642689,0.14492340277256605,0.0,0.0,0.0
4,cfg_tuned,2,7,0.14874528639100626,0.14409699619128732,0.004648290199718946,0.14874528639100626,0.0,0.0,0.0
4,cfg_tuned,3,4,0.08443253466377408,0.08047475960140966,0.00395777506236441,0.08443253466377408,0.0,0.0,0.0
4,cfg_tuned,3,5,0.13567309002534866,0.12931341393041046,0.006359676094938219,0.13567309002534866,0.0,0.0,0.0
4,cfg_tuned,3,6,0.16227917602136452,0.15467233964536306,0.007606836376001461,0.16227917602136452,0.0,0.0,0.0
4,cfg_tuned,3,7,0.15277699244502924,0.1456155709241685,0.0071614215208607454,0.15277699244502924,0.0,0.0,0.0
4,cfg_tuned,4,4,0.08411905125869878,0.0788616105550301,0.005257440703668674,0.08411905125869878,0.0,0.0,0.0
4,cfg_tuned,4,5,0.1509606741047888,0.1415256319732395,0.0094350421315493,0.1509606741047888,0.0,0.0,0.0
4,cfg_tuned,4,6,0.1775644808089707,0.16646670075841002,0.011097780050560668,0.1775644808089707,0.0,0.0,0.0
4,cfg_tuned,4,7,0.15223349497735392,0.1427189015412693,0.00951459343608462,0.15223349497735392,0.0,0.0,0.0
4,cfg_tuned,5,4,0.08262683267480797,0.0761716113720886,0.006455221302719373,0.08262683267480797,0.0,0.0,0.0
4,cfg_tuned,5,5,0.15723465320916982,0.14495069592720344,0.012283957281966393,0.15723465320916982,0.0,0.0,0.0
4,cfg_tuned,5,6,0.19043762798437916,0.17555968829809954,0.014877939686279621,0.19043762798437916,0.0,0.0,0.0
4,cfg_tuned,5,7,0.14597790241466596,0.1345733787885202,0.011404523626145777,0.14597790241466596,0.0,0.0,0.0
4,cfg_tuned,6,4,0.08367995092636894,0.07583495552702185,0.007844995399347089,0.08367995092636894,0.0,0.0,0.0
4,cfg_tuned,6,5,0.15777810157053337,0.14298640454829586,0.014791697022237503,0.15777810157053337,0.0,0.0,0.0
4,cfg_tuned,6,6,0.20024997878729137,0.1814765432759828,0.018773435511308566,0.20024997878729137,0.0,0.0,0.0
4,cfg_tuned,6,7,0.13464270030237102,0.12201994714902374,0.012622753153347283,0.13464270030237102,0.0,0.0,0.0
4,cfg_tuned,7,4,0.09094733083858528,0.08099996652811502,0.009947364310470264,0.09094733083858528,0.0,0.0,0.0
4,cfg_tuned,7,5,0.1606261099281,0.14305762915471407,0.017568480773385936,0.1606261099281,0.0,0.0,0.0
4,cfg_tuned,7,6,0.2120942717066914,0.18889646073877203,0.023197810967919372,0.2120942717066914,0.0,0.0,0.0
4,cfg_tuned,7,7,0.1207948438058068,0.10758290776454668,0.013211936041260117,0.1207948438058068,0.0,0.0,0.0
4,cfg_tuned,8,4,0.11054308018074807,0.09672519515815456,0.013817885022593509,0.11054308018074807,0.0,0.0,0.0
4,cfg_tuned,8,5,0.17793257793682887,0.15569100569472527,0.02224157224210361,0.17793257793682887,0.0,0.0,0.0
4,cfg_tuned,8,6,0.23044264454180644,0.20163731397408063,0.028805330567725804,0.23044264454180644,0.0,0.0,0.0
4,cfg_tuned,8,7,0.11191913735184268,0.09792924518286235,0.013989892168980335,0.11191913735184268,0.0,0.0,0.0
4,cfg_tuned,9,4,0.16234237568976714,0.13951297910839364,0.022829396581373503,0.16234237568976714,0.0,0.0,0.0
4,cfg_tuned,9,5,0.22483151610570468,0.19321458415333995,0.03161693195236472,0.22483151610570468,0.0,0.0,0.0
4,cfg_tuned,9,6,0.24515620753419268,0.21068111584969684,0.03447509168449585,0.24515620753419268,0.0,0.0,0.0
4,cfg_tuned,9,7,0.11294922323595602,0.0970657387183997,0.015883484517556314,0.11294922323595602,0.0,0.0,0.0
4,cfg_tuned,10,4,0.2354356079756064,0.1986487942294179,0.0367868137461885,0.2354356079756064,0.0,0.0,0.0
4,cfg_tuned,10,5,0.23628245086235328,0.19936331791511058,0.0369191329472427,0.23628245086235328,0.0,0.0,0.0
4,cfg_tuned,10,6,0.24494242072642933,0.20667016748792474,0.03827225323850458,0.24494242072642933,0.0,0.0,0.0
4,cfg_tuned,10,7,0.11937310764669935,0.10072105957690258,0.018652048069796773,0.11937310764669935,0.0,0.0,0.0
4,cfg_tuned,11,4,0.2565600400448509,0.21246378316214215,0.04409625688270875,0.2565600400448509,0.0,0.0,0.0
4,cfg_tuned,11,5,0.2252780250870604,0.1865583645252219,0.03871966056183851,0.2252780250870604,0.0,0.0,0.0
4,cfg_tuned,11,6,0.1645913121157007,0.13630218034581462,0.028289131769886056,0.1645913121157007,0.0,0.0,0.0
4,cfg_tuned,11,7,0.12740946170151415,0.10551096047156641,0.021898501229947746,0.12740946170151415,0.0,0.0,0.0
4,cfg_tuned,12,4,0.2671024953413976,0.21702077746488557,0.050081717876512055,0.2671024953413976,0.0,0.0,0.0
4,cfg_tuned,12,5,0.22988500622769456,0.18678156756000183,0.04310343866769273,0.22988500622769456,0.0,0.0,0.0
4,cfg_tuned,12,6,0.11727208202801762,0.09528356664776431,0.0219885153802533,0.11727208202801762,0.0,0.0,0.0
4,cfg_tuned,12,7,0.13527133646763734,0.10990796087995533,0.025363375587682,0.13527133646763734,0.0,0.0,0.0
4,cfg_tuned,13,4,0.26744864854866796,0.21312314181221978,0.054325506736448176,0.26744864854866796,0.0,0.0,0.0
4,cfg_tuned,13,5,0.23482737433000597,0.18712806391922351,0.047699310410782465,0.23482737433000597,0.0,0.0,0.0
4,cfg_tuned,13,6,0.11551879576705297,0.09205404037687033,0.023464755390182633,0.11551879576705297,0.0,0.0,0.0
4,cfg_tuned,13,7,0.14217037127861293,0.11329201461264468,0.02887835666596825,0.14217037127861293,0.0,0.0,0.0
4,cfg_tuned,14,4,0.27410112119002,0.21414150092970313,0.05995962026031688,0.27410112119002,0.0,0.0,0.0
4,cfg_tuned,14,5,0.23612006547253395,0.18446880115041714,0.0516512643221168,0.23612006547253395,0.0,0.0,0.0
4,cfg_tuned,14,6,0.11894858635866196,0.09292858309270466,0.026020003265957305,0.11894858635866196,0.0,0.0,0.0
4,cfg_tuned,14,7,0.14774665654069974,0.11542707542242167,0.03231958111827807,0.14774665654069974,0.0,0.0,0.0
4,cfg_tuned,15,4,0.29009038286832706,0.2221004493835629,0.06798993348476415,0.29009038286832706,0.0,0.0,0.0
4,cfg_tuned,15,5,0.2282033740403678,0.17471820824965661,0.053485165790711206,0.2282033740403678,0.0,0.0,0.0
4,cfg_tuned,15,6,0.12429237713889629,0.09516135124696748,0.02913102589192882,0.12429237713889629,0.0,0.0,0.0
4,cfg_tuned,15,7,0.15228012099486465,0.11658946763669326,0.035690653358171405,0.15228012099486465,0.0,0.0,0.0
4,cfg_tuned,16,4,0.2971935127650732,0.22289513457380492,0.0742983781912683,0.2971935127650732,0.0,0.0,0.0
4,cfg_tuned,16,5,0.20806677966203496,0.1560500847465262,0.05201669491550874,0.20806677966203496,0.0,0.0,0.0
4,cfg_tuned,16,6,0.13026184525724852,0.0976963839429364,0.03256546131431213,0.13026184525724852,0.0,0.0,0.0
4,cfg_tuned,16,7,0.15739363427004865,0.11804522570253649,0.039348408567512164,0.15739363427004865,0.0,0.0,0.0
4,cfg_tuned,17,4,0.2792880983075307,0.20510219719459286,0.07418590111293784,0.2792880983075307,0.0,0.0,0.0
4,cfg_tuned,17,5,0.19420804132211472,0.142621530345928,0.051586510976186724,0.19420804132211472,0.0,0.0,0.0
4,cfg_tuned,17,6,0.13609201834301682,0.09994257597065298,0.036149442372363845,0.13609201834301682,0.0,0.0,0.0
4,cfg_tuned,17,7,0.16390895424810656,0.12037063827595325,0.0435383159721533,0.16390895424810656,0.0,0.0,0.0
4,cfg_tuned,18,4,0.2265747520658184,0.16285060304730697,0.06372414901851142,0.2265747520658184,0.0,0.0,0.0
4,cfg_tuned,18,5,0.1876529126094904,0.13487553093807123,0.052777381671419175,0.1876529126094904,0.0,0.0,0.0
4,cfg_tuned,18,6,0.14143961506526825,0.10165972332816156,0.03977989173710669,0.14143961506526825,0.0,0.0,0.0
4,cfg_tuned,18,7,0.16973912787335552,0.12199999815897428,0.04773912971438124,0.16973912787335552,0.0,0.0,0.0
4,cfg_tuned,19,4,0.2168177145688871,0.15244995555624874,0.06436775901263836,0.2168177145688871,0.0,0.0,0.0
4,cfg_tuned,19,5,0.18115317879587,0.1273733288408461,0.05377984995502391,0.18115317879587,0.0,0.0,0.0
4,cfg_tuned,19,6,0.14609220435192924,0.10272108118495024,0.04337112316697899,0.14609220435192924,0.0,0.0,0.0
4,cfg_tuned,19,7,0.17342932166717304,0.12194249179723105,0.051486829869942,0.17342932166717304,0.0,0.0,0.0
4,cfg_tuned,20,4,0.20904956443103592,0.1437215755463372,0.06532798888469872,0.20904956443103592,0.0,0.0,0.0
4,cfg_tuned,20,5,0.17270466525594433,0.11873445736346172,0.0539702078924826,0.17270466525594433,0.0,0.0,0.0
4,cfg_tuned,20,6,0.14987685883273957,0.10304034044750846,0.04683651838523112,0.14987685883273957,0.0,0.0,0.0
4,cfg_tuned,20,7,0.17397762242531817,0.11960961541740624,0.05436800700791193,0.17397762242531817,0.0,0.0,0.0
4,cfg_tuned,21,4,0.20406350280984123,0.13710516595036207,0.06695833685947915,0.20406350280984123,0.0,0.0,0.0
4,cfg_tuned,21,5,0.1628438627893819,0.10941072031161596,0.053433142477765934,0.1628438627893819,0.0,0.0,0.0
4,cfg_tuned,21,6,0.1527153381703898,0.10260561783323065,0.05010972033715915,0.1527153381703898,0.0,0.0,0.0
4,cfg_tuned,21,7,0.17191169000165069,0.11550316671985905,0.056408523281791634,0.17191169000165069,0.0,0.0,0.0
4,cfg_tuned,22,4,0.2015187932308908,0.13224670805777208,0.06927208517311871,0.2015187932308908,0.0,0.0,0.0
4,cfg_tuned,22,5,0.1522906768170981,0.09994075666122063,0.05234992015587747,0.1522906768170981,0.0,0.0,0.0
4,cfg_tuned,22,6,0.1544536273748089,0.10136019296471833,0.053093434410090554,0.1544536273748089,0.0,0.0,0.0
4,cfg_tuned,22,7,0.16883339627261693,0.11079691630390485,0.05803647996871207,0.16883339627261693,0.0,0.0,0.0
4,cfg_tuned,23,4,0.19905569872445958,0.12752005699535693,0.07153564172910266,0.19905569872445958,0.0,0.0,0.0
4,cfg_tuned,23,5,0.14213016671841322,0.09105213805398348,0.05107802866442975,0.14213016671841322,0.0,0.0,0.0
4,cfg_tuned,23,6,0.1549466546975467,0.09926270066561586,0.05568395403193085,0.1549466546975467,0.0,0.0,0.0
4,cfg_tuned,23,7,0.16554902093566692,0.10605484153691162,0.0594941793987553,0.16554902093566692,0.0,0.0,0.0
4,cfg_tuned,24,4,0.19615429179456595,0.12259643237160373,0.07355785942296222,0.19615429179456595,0.0,0.0,0.0
4,cfg_tuned,24,5,0.1342428136413645,0.08390175852585281,0.05034105511551169,0.1342428136413645,0.0,0.0,0.0
4,cfg_tuned,24,6,0.15440284746291133,0.09650177966431958,0.05790106779859175,0.15440284746291133,0.0,0.0,0.0
4,cfg_tuned,24,7,0.162037846686656,0.10127365417916,0.060764192507496,0.162037846686656,0.0,0.0,0.0
4,cfg_tuned,25,4,0.19528210433366602,0.11900003232832773,0.07628207200533829,0.19528210433366602,0.0,0.0,0.0
4,cfg_tuned,25,5,0.1303838176465802,0.0794526388783848,0.05093117876819539,0.1303838176465802,0.0,0.0,0.0
4,cfg_tuned,25,6,0.15350285760046684,0.09354080385028447,0.059962053750182355,0.15350285760046684,0.0,0.0,0.0
4,cfg_tuned,25,7,0.15871669689346074,0.09671798716945264,0.0619987097240081,0.15871669689346074,0.0,0.0,0.0
4,cfg_tuned,26,4,0.19544516545893875,0.11604556699124488,0.07939959846769387,0.19544516545893875,0.0,0.0,0.0
4,cfg_tuned,26,5,0.12993445823022892,0.07714858457419842,0.0527858736560305,0.12993445823022892,0.0,0.0,0.0
4,cfg_tuned,26,6,0.15256806702497283,0.09058728979607762,0.06198077722889521,0.15256806702497283,0.0,0.0,0.0
4,cfg_tuned,26,7,0.15590383610538394,0.09256790268757172,0.06333593341781223,0.15590383610538394,0.0,0.0,0.0
4,cfg_tuned,27,4,0.19166530449783745,0.11080650416281228,0.08085880033502517,0.19166530449783745,0.0,0.0,0.0
4,cfg_tuned,27,5,0.13054694663729605,0.07547245352468678,0.05507449311260927,0.13054694663729605,0.0,0.0,0.0
4,cfg_tuned,27,6,0.15140667448801523,0.0875319836883838,0.06387469079963143,0.15140667448801523,0.0,0.0,0.0
4,cfg_tuned,27,7,0.15251959958980194,0.08817539351285425,0.06434420607694769,0.15251959958980194,0.0,0.0,0.0
4,cfg_tuned,28,4,0.18378566680718356,0.10337943757904075,0.0804062292281428,0.18378566680718356,0.0,0.0,0.0
4,cfg_tuned,28,5,0.12856095360748074,0.07231553640420792,0.05624541720327282,0.12856095360748074,0.0,0.0,0.0
4,cfg_tuned,28,6,0.1499284558537718,0.08433475641774663,0.06559369943602517,0.1499284558537718,0.0,0.0,0.0
4,cfg_tuned,28,7,0.14884243022651478,0.08372386700241456,0.06511856322410021,0.14884243022651478,0.0,0.0,0.0
4,cfg_tuned,29,4,0.17337273786541504,0.09481321602014885,0.0785595218452662,0.17337273786541504,0.0,0.0,0.0
4,cfg_tuned,29,5,0.12467280002135597,0.06818043751167904,0.05649236250967692,0.12467280002135597,0.0,0.0,0.0
4,cfg_tuned,29,6,0.14825273191331675,0.0810757127650951,0.06717701914822165,0.14825273191331675,0.0,0.0,0.0
4,cfg_tuned,29,7,0.14755657903828145,0.08069500416156017,0.06686157487672129,0.14755657903828145,0.0,0.0,0.0
4,cfg_tuned,30,4,0.16343967010392058,0.08682732474270781,0.07661234536121277,0.16343967010392058,0.0,0.0,0.0
4,cfg_tuned,30,5,0.12255952037177624,0.06510974519750613,0.057449775174270114,0.12255952037177624,0.0,0.0,0.0
4,cfg_tuned,30,6,0.14684179480769824,0.07800970349158969,0.06883209131610855,0.14684179480769824,0.0,0.0,0.0
4,cfg_tuned,30,7,0.14890710342179844,0.07910689869283043,0.06980020472896802,0.14890710342179844,0.0,0.0,0.0
4,cfg_tuned,31,4,0.15674950887431205,0.08082396551331715,0.0759255433609949,0.15674950887431205,0.0,0.0,0.0
4,cfg_tuned,31,5,0.12007985047535998,0.06191617290135749,0.05816367757400249,0.12007985047535998,0.0,0.0,0.0
4,cfg_tuned,31,6,0.1463787492325833,0.07547654257305075,0.07090220665953254,0.1463787492325833,0.0,0.0,0.0
4,cfg_tuned,31,7,0.15167318402861787,0.07820648551475609,0.07346669851386178,0.15167318402861787,0.0,0.0,0.0
4,cfg_tuned,32,4,0.15168405520326703,0.07584202760163351,0.07584202760163351,0.15168405520326703,0.0,0.0,0.0
4,cfg_tuned,32,5,0.11673432916617603,0.058367164583088015,0.058367164583088015,0.11673432916617603,0.0,0.0,0.0
4,cfg_tuned,32,6,0.14672707633723767,0.07336353816861883,0.07336353816861883,0.14672707633723767,0.0,0.0,0.0
4,cfg_tuned,32,7,0.15461106879884057,0.07730553439942028,0.07730553439942028,0.15461106879884057,0.0,0.0,0.0
4,cfg_tuned,33,4,0.14696323567859865,0.07118531728182122,0.07577791839677743,0.14696323567859865,0.0,0.0,0.0
4,cfg_tuned,33,5,0.11228904101498968,0.05439000424163563,0.057899036773354055,0.11228904101498968,0.0,0.0,0.0
4,cfg_tuned,33,6,0.14707937602462287,0.0712415727619267,0.07583780326269617,0.14707937602462287,0.0,0.0,0.0
4,cfg_tuned,33,7,0.15684000264338346,0.07596937628038887,0.0808706263629946,0.15684000264338346,0.0,0.0,0.0
4,cfg_tuned,34,4,0.14021053181237306,0.06572368678704987,0.07448684502532318,0.14021053181237306,0.0,0.0,0.0
4,cfg_tuned,34,5,0.10681395785825894,0.050069042746058876,0.05674491511220006,0.10681395785825894,0.0,0.0,0.0
4,cfg_tuned,34,6,0.14675190121808884,0.06878995369597915,0.07796194752210969,0.14675190121808884,0.0,0.0,0.0
4,cfg_tuned,34,7,0.15815780033942506,0.0741364689091055,0.08402133143031956,0.15815780033942506,0.0,0.0,0.0
4,cfg_tuned,35,4,0.13257457172456852,0.06007285281269511,0.0725017189118734,0.13257457172456852,0.0,0.0,0.0
4,cfg_tuned,35,5,0.10249372212406253,0.046442467837465834,0.0560512542865967,0.10249372212406253,0.0,0.0,0.0
4,cfg_tuned,35,6,0.1451850718795636,0.06578698569542725,0.07939808618413634,0.1451850718795636,0.0,0.0,0.0
4,cfg_tuned,35,7,0.15876420976995528,0.071940032552011,0.08682417721794429,0.15876420976995528,0.0,0.0,0.0
4,cfg_tuned,36,4,0.12596717927555273,0.05511064093305432,0.07085653834249842,0.12596717927555273,0.0,0.0,0.0
4,cfg_tuned,36,5,0.09969907010636944,0.04361834317153663,0.05608072693483281,0.09969907010636944,0.0,0.0,0.0
4,cfg_tuned,36,6,0.14224239718427673,0.062231048768121064,0.08001134841615566,0.14224239718427673,0.0,0.0,0.0
4,cfg_tuned,36,7,0.15882017619787703,0.06948382708657119,0.08933634911130584,0.15882017619787703,0.0,0.0,0.0
4,cfg_tuned,37,4,0.12060974885719031,0.050882237799127164,0.06972751105806314,0.12060974885719031,0.0,0.0,0.0
4,cfg_tuned,37,5,0.09793081481638882,0.04131456250066404,0.056616252315724785,0.09793081481638882,0.0,0.0,0.0
4,cfg_tuned,37,6,0.13854298063455356,0.05844781995520228,0.08009516067935128,0.13854298063455356,0.0,0.0,0.0
4,cfg_tuned,37,7,0.1581587134798364,0.06672320724930599,0.09143550623053041,0.1581587134798364,0.0,0.0,0.0
4,cfg_tuned,38,4,0.11594651881038671,0.047103273266719606,0.06884324554366711,0.11594651881038671,0.0,0.0,0.0
4,cfg_tuned,38,5,0.09672686247273994,0.039295287879550604,0.05743157459318934,0.09672686247273994,0.0,0.0,0.0
4,cfg_tuned,38,6,0.1348917465507727,0.054799772036251415,0.0800919745145213,0.1348917465507727,0.0,0.0,0.0
4,cfg_tuned,38,7,0.15632873756868476,0.06350854963727819,0.09282018793140658,0.15632873756868476,0.0,0.0,0.0
4,cfg_tuned,39,4,0.11196038319471284,0.043734524685434706,0.06822585850927813,0.11196038319471284,0.0,0.0,0.0
4,cfg_tuned,39,5,0.09521386534883844,0.037192916151890014,0.058020949196948425,0.09521386534883844,0.0,0.0,0.0
4,cfg_tuned,39,6,0.13157713041791866,0.051397316569499474,0.08017981384841918,0.13157713041791866,0.0,0.0,0.0
4,cfg_tuned,39,7,0.1532655110179822,0.059869340241399296,0.0933961707765829,0.1532655110179822,0.0,0.0,0.0
4,cfg_tuned,40,4,0.10858119613681709,0.04071794855130641,0.06786324758551068,0.10858119613681709,0.0,0.0,0.0
4,cfg_tuned,40,5,0.09409419331067083,0.03528532249150156,0.058808870819169266,0.09409419331067083,0.0,0.0,0.0
4,cfg_tuned,40,6,0.12856354518975707,0.0482113294461589,0.08035221574359817,0.12856354518975707,0.0,0.0,0.0
4,cfg_tuned,40,7,0.1493275396587845,0.05599782737204419,0.09332971228674032,0.1493275396587845,0.0,0.0,0.0
4,cfg_tuned,41,4,0.10549721696592088,0.03791306234712782,0.06758415461879307,0.10549721696592088,0.0,0.0,0.0
4,cfg_tuned,41,5,0.09298870132323146,0.03341781453803631,0.059570886785195155,0.09298870132323146,0.0,0.0,0.0
4,cfg_tuned,41,6,0.12576057842287516,0.04519520787072076,0.0805653705521544,0.12576057842287516,0.0,0.0,0.0
4,cfg_tuned,41,7,0.14476802151562038,0.052026007732176076,0.09274201378344431,0.14476802151562038,0.0,0.0,0.0
4,cfg_tuned,42,4,0.10255875124636703,0.035254570740938664,0.06730418050542836,0.10255875124636703,0.0,0.0,0.0
4,cfg_tuned,42,5,0.09012040303362658,0.030978888542809134,0.05914151449081744,0.09012040303362658,0.0,0.0,0.0
4,cfg_tuned,42,6,0.12303395617823011,0.0422929224362666,0.08074103374196351,0.12303395617823011,0.0,0.0,0.0
4,cfg_tuned,42,7,0.13986371413214413,0.04807815173292455,0.09178556239921959,0.13986371413214413,0.0,0.0,0.0
4,cfg_tuned,43,4,0.09968854293328343,0.032710303149983626,0.06697823978329981,0.09968854293328343,0.0,0.0,0.0
4,cfg_tuned,43,5,0.08601515184719014,0.028223721699859265,0.057791430147330874,0.08601515184719014,0.0,0.0,0.0
4,cfg_tuned,43,6,0.12021333735185089,0.03944500131857607,0.08076833603327481,0.12021333735185089,0.0,0.0,0.0
4,cfg_tuned,43,7,0.13491252150113503,0.04426817111755993,0.0906443503835751,0.13491252150113503,0.0,0.0,0.0
4,cfg_tuned,44,4,0.09679004449552583,0.030246888904851825,0.06654315559067402,0.09679004449552583,0.0,0.0,0.0
4,cfg_tuned,44,5,0.08272380881165366,0.025851190253641767,0.056872618558011886,0.08272380881165366,0.0,0.0,0.0
4,cfg_tuned,44,6,0.1171648706347,0.03661402207334375,0.08055084856135625,0.1171648706347,0.0,0.0,0.0
4,cfg_tuned,44,7,0.1300912670969415,0.04065352096779422,0.08943774612914727,0.1300912670969415,0.0,0.0,0.0
4,cfg_tuned,45,4,0.09380653792234785,0.027848815945697016,0.06595772197665083,0.09380653792234785,0.0,0.0,0.0
4,cfg_tuned,45,5,0.08053974072411071,0.023910235527470368,0.056629505196640346,0.08053974072411071,0.0,0.0,0.0
4,cfg_tuned,45,6,0.11387264075352707,0.03380594022370335,0.08006670052982372,0.11387264075352707,0.0,0.0,0.0
4,cfg_tuned,45,7,0.12544211744349607,0.03724062861603789,0.08820148882745817,0.12544211744349607,0.0,0.0,0.0
4,cfg_tuned,46,4,0.09073004333326255,0.02551782468748009,0.06521221864578246,0.09073004333326255,0.0,0.0,0.0
4,cfg_tuned,46,5,0.07886365293329951,0.02218040238749049,0.05668325054580903,0.07886365293329951,0.0,0.0,0.0
4,cfg_tuned,46,6,0.11047145534618284,0.031070096816113925,0.07940135853006892,0.11047145534618284,0.0,0.0,0.0
4,cfg_tuned,46,7,0.12092513554269473,0.03401019437138289,0.08691494117131184,0.12092513554269473,0.0,0.0,0.0
4,cfg_tuned,47,4,0.08757232552179876,0.023261398966727798,0.06431092655507097,0.08757232552179876,0.0,0.0,0.0
4,cfg_tuned,47,5,0.07740942427408802,0.02056187832280463,0.05684754595128339,0.07740942427408802,0.0,0.0,0.0
4,cfg_tuned,47,6,0.10708623750576952,0.02844478183747003,0.0786414556682995,0.10708623750576952,0.0,0.0,0.0
4,cfg_tuned,47,7,0.11646651440649482,0.030936417889225187,0.08553009651726963,0.11646651440649482,0.0,0.0,0.0
8,cfg_tuned,0,8,0.11885719599341563,0.11885719599341563,0.0,0.11885719599341563,0.0,0.0,0.0
8,cfg_tuned,0,9,0.11026297399714714,0.11026297399714714,0.0,0.11026297399714714,0.0,0.0,0.0
8,cfg_tuned,0,10,0.15577216811415842,0.15577216811415842,0.0,0.15577216811415842,0.0,0.0,0.0
8,cfg_tuned,0,11,0.18657678636685524,0.18657678636685524,0.0,0.18657678636685524,0.0,0.0,0.0
8,cfg_tuned,1,8,0.14391781762975672,0.14166910172929179,0.002248715900464949,0.14391781762975672,0.0,0.0,0.0
8,cfg_tuned,1,9,0.11463722771975482,0.11284602103663365,0.001791206683121169,0.11463722771975482,0.0,0.0,0.0
8,cfg_tuned,1,10,0.14676640751488787,0.14447318239746776,0.002293225117420123,0.14676640751488787,0.0,0.0,0.0
8,cfg_tuned,1,11,0.18373920254945497,0.18086827750961973,0.002870925039835234,0.18373920254945497,0.0,0.0,0.0
8,cfg_tuned,2,8,0.15802279830629723,0.15308458585922544,0.004938212447071788,0.15802279830629723,0.0,0.0,0.0
8,cfg_tuned,2,9,0.1117019756347721,0.10821128889618548,0.0034906867385866283,0.1117019756347721,0.0,0.0,0.0
8,cfg_tuned,2,10,0.13640986817554207,0.1321470597950564,0.00426280838048569,0.13640986817554207,0.0,0.0,0.0
8,cfg_tuned,2,11,0.17003474420032044,0.16472115844406043,0.005313585756260014,0.17003474420032044,0.0,0.0,0.0
8,cfg_tuned,3,8,0.13801353579179185,0.13154415130155162,0.006469384490240242,0.13801353579179185,0.0,0.0,0.0
8,cfg_tuned,3,9,0.1108626092009691,0.10566592439467368,0.005196684806295426,0.1108626092009691,0.0,0.0,0.0
8,cfg_tuned,3,10,0.12953019222627263,0.12345846446566609,0.00607172776060653,0.12953019222627263,0.0,0.0,0.0
8,cfg_tuned,3,11,0.14123465123436646,0.13461427695775552,0.006620374276610928,0.14123465123436646,0.0,0.0,0.0
8,cfg_tuned,4,8,0.19400075931047597,0.18187571185357124,0.012125047456904748,0.19400075931047597,0.0,0.0,0.0
8,cfg_tuned,4,9,0.12722710912628452,0.11927541480589174,0.007951694320392782,0.12722710912628452,0.0,0.0,0.0
8,cfg_tuned,4,10,0.1352862062285198,0.12683081833923732,0.008455387889282488,0.1352862062285198,0.0,0.0,0.0
8,cfg_tuned,4,11,0.10867184733368283,0.10187985687532766,0.006791990458355177,0.10867184733368283,0.0,0.0,0.0
8,cfg_tuned,5,8,0.22513534348945818,0.20754664477934426,0.01758869871011392,0.22513534348945818,0.0,0.0,0.0
8,cfg_tuned,5,9,0.14835414821260465,0.1367639803834949,0.011590167829109738,0.14835414821260465,0.0,0.0,0.0
8,cfg_tuned,5,10,0.15710543410648867,0.14483157206691924,0.012273862039569428,0.15710543410648867,0.0,0.0,0.0
8,cfg_tuned,5,11,0.08326697739029876,0.07676174478168167,0.0065052326086170904,0.08326697739029876,0.0,0.0,0.0
8,cfg_tuned,6,8,0.28047789764412656,0.2541830947399897,0.026294802904136865,0.28047789764412656,0.0,0.0,0.0
8,cfg_tuned,6,9,0.16962983018949185,0.153727033609227,0.01590279658026486,0.16962983018949185,0.0,0.0,0.0
8,cfg_tuned,6,10,0.1735104040163798,0.1572438036398442,0.016266600376535607,0.1735104040163798,0.0,0.0,0.0
8,cfg_tuned,6,11,0.06781109282965893,0.061453802876878405,0.006357289952780525,0.06781109282965893,0.0,0.0,0.0
8,cfg_tuned,7,8,0.3417168766906405,0.3043415933026017,0.037375283388038805,0.3417168766906405,0.0,0.0,0.0
8,cfg_tuned,7,9,0.18567978562253867,0.16537105907007352,0.020308726552465167,0.18567978562253867,0.0,0.0,0.0
8,cfg_tuned,7,10,0.15625934831692373,0.1391684820947602,0.017090866222163534,0.15625934831692373,0.0,0.0,0.0
8,cfg_tuned,7,11,0.060034560855626876,0.053468280762042686,0.00656628009358419,0.060034560855626876,0.0,0.0,0.0
8,cfg_tuned,8,8,0.3242521948553911,0.2837206704984672,0.040531524356923886,0.3242521948553911,0.0,0.0,0.0
8,cfg_tuned,8,9,0.20308989618784923,0.1777036591643681,0.025386237023481154,0.20308989618784923,0.0,0.0,0.0
8,cfg_tuned,8,10,0.11273315925752678,0.09864151435033593,0.014091644907190847,0.11273315925752678,0.0,0.0,0.0
8,cfg_tuned,8,11,0.05693975337354626,0.04982228420185297,0.007117469171693282,0.05693975337354626,0.0,0.0,0.0
8,cfg_tuned,9,8,0.29360489674392914,0.2523167081393141,0.041288188604615035,0.29360489674392914,0.0,0.0,0.0
8,cfg_tuned,9,9,0.2567539574305727,0.22064793216689843,0.03610602526367429,0.2567539574305727,0.0,0.0,0.0
8,cfg_tuned,9,10,0.11522673862892835,0.0990229785092353,0.016203760119693048,0.11522673862892835,0.0,0.0,0.0
8,cfg_tuned,9,11,0.05625198230212975,0.04834154729089275,0.007910435011236996,0.05625198230212975,0.0,0.0,0.0
8,cfg_tuned,10,8,0.2707196933208924,0.22841974123950298,0.04229995208138944,0.2707196933208924,0.0,0.0,0.0
8,cfg_tuned,10,9,0.2955044384682079,0.2493318699575504,0.046172568510657486,0.2955044384682079,0.0,0.0,0.0
8,cfg_tuned,10,10,0.13939550236263537,0.1176149551184736,0.02178054724416178,0.13939550236263537,0.0,0.0,0.0
8,cfg_tuned,10,11,0.05717650558420416,0.04824267658667226,0.0089338289975319,0.05717650558420416,0.0,0.0,0.0
8,cfg_tuned,11,8,0.2424733917904601,0.20079827757647475,0.04167511421398533,0.2424733917904601,0.0,0.0,0.0
8,cfg_tuned,11,9,0.21645787909360037,0.17925418112438782,0.037203697969212565,0.21645787909360037,0.0,0.0,0.0
8,cfg_tuned,11,10,0.16035039918495034,0.132790174325037,0.02756022485991334,0.16035039918495034,0.0,0.0,0.0
8,cfg_tuned,11,11,0.060545103706303983,0.050138914006782984,0.010406189699520996,0.060545103706303983,0.0,0.0,0.0
8,cfg_tuned,12,8,0.21941972012533648,0.17827852260183588,0.04114119752350059,0.21941972012533648,0.0,0.0,0.0
8,cfg_tuned,12,9,0.21728359508278128,0.1765429210047598,0.04074067407802149,0.21728359508278128,0.0,0.0,0.0
8,cfg_tuned,12,10,0.1737842111813081,0.14119967158481284,0.032584539596495266,0.1737842111813081,0.0,0.0,0.0
8,cfg_tuned,12,11,0.06698302090626002,0.054423704486336266,0.012559316419923753,0.06698302090626002,0.0,0.0,0.0
8,cfg_tuned,13,8,0.2092573957467199,0.16675198723566742,0.04250540851105248,0.2092573957467199,0.0,0.0,0.0
8,cfg_tuned,13,9,0.20607688596269913,0.16421751850152588,0.04185936746117326,0.20607688596269913,0.0,0.0,0.0
8,cfg_tuned,13,10,0.1741796642489313,0.13879941994836714,0.03538024430056417,0.1741796642489313,0.0,0.0,0.0
8,cfg_tuned,13,11,0.07481636853103504,0.05961929367316855,0.015197074857866493,0.07481636853103504,0.0,0.0,0.0
8,cfg_tuned,14,8,0.2030760321337653,0.15865315010450415,0.04442288202926116,0.2030760321337653,0.0,0.0,0.0
8,cfg_tuned,14,9,0.19702200448951174,0.15392344100743105,0.043098563482080694,0.19702200448951174,0.0,0.0,0.0
8,cfg_tuned,14,10,0.1677985120126007,0.13109258750984432,0.03670592450275641,0.1677985120126007,0.0,0.0,0.0
8,cfg_tuned,14,11,0.0814552612143673,0.06363692282372446,0.017818338390642847,0.0814552612143673,0.0,0.0,0.0
8,cfg_tuned,15,8,0.198362146500203,0.15187101841421793,0.04649112808598508,0.198362146500203,0.0,0.0,0.0
8,cfg_tuned,15,9,0.1965951991790304,0.15051819937144514,0.04607699980758525,0.1965951991790304,0.0,0.0,0.0
8,cfg_tuned,15,10,0.15798914408100953,0.12096043843702292,0.03702870564398661,0.15798914408100953,0.0,0.0,0.0
8,cfg_tuned,15,11,0.08580461096104178,0.06569415526704761,0.020110455693994167,0.08580461096104178,0.0,0.0,0.0
8,cfg_tuned,16,8,0.1971057344161465,0.14782930081210988,0.04927643360403663,0.1971057344161465,0.0,0.0,0.0
8,cfg_tuned,16,9,0.20043171821498323,0.1503237886612374,0.05010792955374581,0.20043171821498323,0.0,0.0,0.0
8,cfg_tuned,16,10,0.15126535179369488,0.11344901384527116,0.03781633794842372,0.15126535179369488,0.0,0.0,0.0
8,cfg_tuned,16,11,0.08826694220879232,0.06620020665659423,0.02206673555219808,0.08826694220879232,0.0,0.0,0.0
8,cfg_tuned,17,8,0.19776237389011206,0.14523174332555105,0.05253063056456102,0.19776237389011206,0.0,0.0,0.0
8,cfg_tuned,17,9,0.20600510428878596,0.15128499846207719,0.05472010582670877,0.20600510428878596,0.0,0.0,0.0
8,cfg_tuned,17,10,0.1464908656213054,0.10757922944064614,0.038911636180659244,0.1464908656213054,0.0,0.0,0.0
8,cfg_tuned,17,11,0.0903721644537875,0.06636705827075019,0.024005106183037306,0.0903721644537875,0.0,0.0,0.0
8,cfg_tuned,18,8,0.1967686636416251,0.14142747699241803,0.05534118664920706,0.1967686636416251,0.0,0.0,0.0
8,cfg_tuned,18,9,0.21183897071856198,0.1522592602039664,0.059579710514595555,0.21183897071856198,0.0,0.0,0.0
8,cfg_tuned,18,10,0.14413260473767223,0.10359530965520192,0.040537295082470316,0.14413260473767223,0.0,0.0,0.0
8,cfg_tuned,18,11,0.09416634844677746,0.0676820629461213,0.02648428550065616,0.09416634844677746,0.0,0.0,0.0
8,cfg_tuned,19,8,0.19262611761222825,0.135440238946098,0.057185878666130265,0.19262611761222825,0.0,0.0,0.0
8,cfg_tuned,19,9,0.21723205557505043,0.15274128907620732,0.0644907664988431,0.21723205557505043,0.0,0.0,0.0
8,cfg_tuned,19,10,0.14561616919675985,0.10238636896647177,0.04322980023028808,0.14561616919675985,0.0,0.0,0.0
8,cfg_tuned,19,11,0.09943591847495567,0.0699158801777032,0.029520038297252464,0.09943591847495567,0.0,0.0,0.0
8,cfg_tuned,20,8,0.1873427959757373,0.1287981722333194,0.05854462374241791,0.1873427959757373,0.0,0.0,0.0
8,cfg_tuned,20,9,0.22138006975480623,0.1521987979564293,0.06918127179837695,0.22138006975480623,0.0,0.0,0.0
8,cfg_tuned,20,10,0.15296969472579358,0.1051666651239831,0.047803029601810494,0.15296969472579358,0.0,0.0,0.0
8,cfg_tuned,20,11,0.10057769073011387,0.06914716237695329,0.03143052835316058,0.10057769073011387,0.0,0.0,0.0
8,cfg_tuned,21,8,0.1836766762444772,0.12340776685175812,0.06026890939271908,0.1836766762444772,0.0,0.0,0.0
8,cfg_tuned,21,9,0.22341831623816996,0.15010918122252045,0.07330913501564952,0.22341831623816996,0.0,0.0,0.0
8,cfg_tuned,21,10,0.16700865989201596,0.11220894336494823,0.054799716527067735,0.16700865989201596,0.0,0.0,0.0
8,cfg_tuned,21,11,0.09836093591065162,0.06608625381496906,0.032274682095682565,0.09836093591065162,0.0,0.0,0.0
8,cfg_tuned,22,8,0.18136582932055878,0.1190213254916167,0.06234450382894208,0.18136582932055878,0.0,0.0,0.0
8,cfg_tuned,22,9,0.22244343762755858,0.1459785059430853,0.07646493168447327,0.22244343762755858,0.0,0.0,0.0
8,cfg_tuned,22,10,0.17368542574024834,0.11398106064203797,0.059704365098210366,0.17368542574024834,0.0,0.0,0.0
8,cfg_tuned,22,11,0.0982463099274556,0.06447414088989274,0.03377216903756286,0.0982463099274556,0.0,0.0,0.0
8,cfg_tuned,23,8,0.17925100884594833,0.11483267754193564,0.06441833130401269,0.17925100884594833,0.0,0.0,0.0
8,cfg_tuned,23,9,0.21760962633825548,0.1394061668729449,0.07820345946531056,0.21760962633825548,0.0,0.0,0.0
8,cfg_tuned,23,10,0.16611016237957563,0.10641432277441563,0.05969583960515999,0.16611016237957563,0.0,0.0,0.0
8,cfg_tuned,23,11,0.100416483436211,0.06432930970132267,0.03608717373488833,0.100416483436211,0.0,0.0,0.0
8,cfg_tuned,24,8,0.17696243184345742,0.11060151990216088,0.06636091194129654,0.17696243184345742,0.0,0.0,0.0
8,cfg_tuned,24,9,0.20936600726753854,0.1308537545422116,0.07851225272532696,0.20936600726753854,0.0,0.0,0.0
8,cfg_tuned,24,10,0.14472219556381635,0.09045137222738522,0.05427082333643113,0.14472219556381635,0.0,0.0,0.0
8,cfg_tuned,24,11,0.10332293165963842,0.06457683228727401,0.03874609937236441,0.10332293165963842,0.0,0.0,0.0
8,cfg_tuned,25,8,0.17386629270909146,0.1059497721196026,0.06791652058948885,0.17386629270909146,0.0,0.0,0.0
8,cfg_tuned,25,9,0.2001391012974278,0.12195976485312006,0.07817933644430773,0.2001391012974278,0.0,0.0,0.0
8,cfg_tuned,25,10,0.13801564888375725,0.08410328603853957,0.05391236284521768,0.13801564888375725,0.0,0.0,0.0
8,cfg_tuned,25,11,0.10647081241984073,0.06488065131834045,0.04159016110150029,0.10647081241984073,0.0,0.0,0.0
8,cfg_tuned,26,8,0.1695422351522651,0.1006657021216574,0.0688765330306077,0.1695422351522651,0.0,0.0,0.0
8,cfg_tuned,26,9,0.1934435833865316,0.11485712763575313,0.07858645575077845,0.1934435833865316,0.0,0.0,0.0
8,cfg_tuned,26,10,0.13566277343125197,0.08054977172480586,0.05511300170644611,0.13566277343125197,0.0,0.0,0.0
8,cfg_tuned,26,11,0.10966619005990311,0.06511430034806746,0.044551889711835636,0.10966619005990311,0.0,0.0,0.0
8,cfg_tuned,27,8,0.16416148027673438,0.09490585578498706,0.06925562449174733,0.16416148027673438,0.0,0.0,0.0
8,cfg_tuned,27,9,0.1874029086030058,0.10834230653611272,0.07906060206689307,0.1874029086030058,0.0,0.0,0.0
8,cfg_tuned,27,10,0.1352848812236435,0.07821157195741889,0.057073309266224594,0.1352848812236435,0.0,0.0,0.0
8,cfg_tuned,27,11,0.1129110790531956,0.0652767175776287,0.04763436147556689,0.1129110790531956,0.0,0.0,0.0
8,cfg_tuned,28,8,0.15779464270093377,0.08875948651927525,0.06903515618165852,0.15779464270093377,0.0,0.0,0.0
8,cfg_tuned,28,9,0.1808051287305506,0.10170288491093471,0.07910224381961589,0.1808051287305506,0.0,0.0,0.0
8,cfg_tuned,28,10,0.1351144397152388,0.07600187233982182,0.059112567375416966,0.1351144397152388,0.0,0.0,0.0
8,cfg_tuned,28,11,0.11609670230461237,0.06530439504634446,0.050792307258267916,0.11609670230461237,0.0,0.0,0.0
8,cfg_tuned,29,8,0.15089730062267817,0.08252196127802712,0.06837533934465105,0.15089730062267817,0.0,0.0,0.0
8,cfg_tuned,29,9,0.1752761837752056,0.09585416300206556,0.07942202077314003,0.1752761837752056,0.0,0.0,0.0
8,cfg_tuned,29,10,0.1343386552650895,0.07346645209809582,0.06087220316699368,0.1343386552650895,0.0,0.0,0.0
8,cfg_tuned,29,11,0.11964235561440643,0.06542941322662851,0.054212942387777914,0.11964235561440643,0.0,0.0,0.0
8,cfg_tuned,30,8,0.1445843139876783,0.07681041680595409,0.0677738971817242,0.1445843139876783,0.0,0.0,0.0
8,cfg_tuned,30,9,0.16917568847725026,0.0898745845035392,0.07930110397371105,0.16917568847725026,0.0,0.0,0.0
8,cfg_tuned,30,10,0.1331411641527794,0.07073124345616406,0.06240992069661535,0.1331411641527794,0.0,0.0,0.0
8,cfg_tuned,30,11,0.12387019731448613,0.06580604232332075,0.05806415499116537,0.12387019731448613,0.0,0.0,0.0
8,cfg_tuned,31,8,0.13964266114788895,0.07200324715438024,0.06763941399350872,0.13964266114788895,0.0,0.0,0.0
8,cfg_tuned,31,9,0.16193650928997005,0.08349851260264081,0.07843799668732925,0.16193650928997005,0.0,0.0,0.0
8,cfg_tuned,31,10,0.13252529739588073,0.068333356469751,0.06419194092612973,0.13252529739588073,0.0,0.0,0.0
8,cfg_tuned,31,11,0.12874926883106277,0.06638634174101675,0.06236292709004603,0.12874926883106277,0.0,0.0,0.0
8,cfg_tuned,32,8,0.13584203793508015,0.06792101896754008,0.06792101896754008,0.13584203793508015,0.0,0.0,0.0
8,cfg_tuned,32,9,0.15616575973940686,0.07808287986970343,0.07808287986970343,0.15616575973940686,0.0,0.0,0.0
8,cfg_tuned,32,10,0.13177234079176176,0.06588617039588088,0.06588617039588088,0.13177234079176176,0.0,0.0,0.0
8,cfg_tuned,32,11,0.13416022886239248,0.06708011443119624,0.06708011443119624,0.13416022886239248,0.0,0.0,0.0
8,cfg_tuned,33,8,0.13212752108332865,0.06399926802473731,0.06812825305859134,0.13212752108332865,0.0,0.0,0.0
8,cfg_tuned,33,9,0.1524124980952831,0.07382480376490275,0.07858769433038035,0.1524124980952831,0.0,0.0,0.0
8,cfg_tuned,33,10,0.13052363088210145,0.06322238370851789,0.06730124717358356,0.13052363088210145,0.0,0.0,0.0
8,cfg_tuned,33,11,0.1397414893606604,0.06768728390906988,0.07205420545159051,0.1397414893606604,0.0,0.0,0.0
8,cfg_tuned,34,8,0.12784443726604774,0.05992707996845988,0.06791735729758787,0.12784443726604774,0.0,0.0,0.0
8,cfg_tuned,34,9,0.14727382089712593,0.06903460354552778,0.07823921735159815,0.14727382089712593,0.0,0.0,0.0
8,cfg_tuned,34,10,0.12783788178795127,0.05992400708810216,0.06791387469984911,0.12783788178795127,0.0,0.0,0.0
8,cfg_tuned,34,11,0.14418991384992513,0.06758902211715241,0.07660089173277272,0.14418991384992513,0.0,0.0,0.0
8,cfg_tuned,35,8,0.12326577250340096,0.05585480316560356,0.0674109693377974,0.12326577250340096,0.0,0.0,0.0
8,cfg_tuned,35,9,0.14259119445682994,0.06461163498825107,0.07797955946857887,0.14259119445682994,0.0,0.0,0.0
8,cfg_tuned,35,10,0.12267566238520933,0.05558740951829798,0.06708825286691135,0.12267566238520933,0.0,0.0,0.0
8,cfg_tuned,35,11,0.14598228125003726,0.06614822119142313,0.07983406005861413,0.14598228125003726,0.0,0.0,0.0
8,cfg_tuned,36,8,0.1189371149288836,0.05203498778138658,0.06690212714749703,0.1189371149288836,0.0,0.0,0.0
8,cfg_tuned,36,9,0.13942602248735672,0.06099888483821857,0.07842713764913815,0.13942602248735672,0.0,0.0,0.0
8,cfg_tuned,36,10,0.11724955514362081,0.05129668037533411,0.0659528747682867,0.11724955514362081,0.0,0.0,0.0
8,cfg_tuned,36,11,0.1459605569023173,0.06385774364476382,0.08210281325755348,0.1459605569023173,0.0,0.0,0.0
8,cfg_tuned,37,8,0.11504055486129373,0.04853273408210829,0.06650782077918543,0.11504055486129373,0.0,0.0,0.0
8,cfg_tuned,37,9,0.1369554334300565,0.05777807347830509,0.07917735995175142,0.1369554334300565,0.0,0.0,0.0
8,cfg_tuned,37,10,0.11414380910579706,0.048154419466508135,0.06598938963928892,0.11414380910579706,0.0,0.0,0.0
8,cfg_tuned,37,11,0.14617234695792147,0.06166645887287312,0.08450588808504836,0.14617234695792147,0.0,0.0,0.0
8,cfg_tuned,38,8,0.11155013543452828,0.045317242520277114,0.06623289291425116,0.11155013543452828,0.0,0.0,0.0
8,cfg_tuned,38,9,0.13485047617047327,0.05478300594425477,0.0800674702262185,0.13485047617047327,0.0,0.0,0.0
8,cfg_tuned,38,10,0.11258150328066588,0.045736235707770516,0.06684526757289537,0.11258150328066588,0.0,0.0,0.0
8,cfg_tuned,38,11,0.1460267454544805,0.0593233653408827,0.0867033801135978,0.1460267454544805,0.0,0.0,0.0
8,cfg_tuned,39,8,0.10848382627720402,0.042376494639532816,0.0661073316376712,0.10848382627720402,0.0,0.0,0.0
8,cfg_tuned,39,9,0.13293855577342717,0.051929123348994986,0.08100943242443218,0.13293855577342717,0.0,0.0,0.0
8,cfg_tuned,39,10,0.110846377479478,0.04329936620292109,0.0675470112765569,0.110846377479478,0.0,0.0,0.0
8,cfg_tuned,39,11,0.1437683280508049,0.05615950314484566,0.08760882490595923,0.1437683280508049,0.0,0.0,0.0
8,cfg_tuned,40,8,0.10586378978133879,0.03969892116800204,0.06616486861333674,0.10586378978133879,0.0,0.0,0.0
8,cfg_tuned,40,9,0.13100621629847475,0.04912733111192803,0.08187888518654672,0.13100621629847475,0.0,0.0,0.0
8,cfg_tuned,40,10,0.10821752681880253,0.04058157255705095,0.06763595426175159,0.10821752681880253,0.0,0.0,0.0
8,cfg_tuned,40,11,0.14025282143244008,0.05259480803716503,0.08765801339527506,0.14025282143244008,0.0,0.0,0.0
8,cfg_tuned,41,8,0.10361746750973617,0.03723752738631144,0.06637994012342474,0.10361746750973617,0.0,0.0,0.0
8,cfg_tuned,41,9,0.1287483148405162,0.046268925645810505,0.08247938919470568,0.1287483148405162,0.0,0.0,0.0
8,cfg_tuned,41,10,0.10514092800733757,0.03778502100263694,0.06735590700470064,0.10514092800733757,0.0,0.0,0.0
8,cfg_tuned,41,11,0.13653506979645086,0.04906729070809953,0.08746777908835134,0.13653506979645086,0.0,0.0,0.0
8,cfg_tuned,42,8,0.10156123619554262,0.03491167494221778,0.06664956125332484,0.10156123619554262,0.0,0.0,0.0
8,cfg_tuned,42,9,0.12598430558786597,0.04330710504582893,0.08267720054203705,0.12598430558786597,0.0,0.0,0.0
8,cfg_tuned,42,10,0.1016572548069205,0.03494468133987892,0.06671257346704158,0.1016572548069205,0.0,0.0,0.0
8,cfg_tuned,42,11,0.13265882780132066,0.04560147205670398,0.08705735574461668,0.13265882780132066,0.0,0.0,0.0
8,cfg_tuned,43,8,0.09947578876890156,0.032640493189795824,0.06683529557910574,0.09947578876890156,0.0,0.0,0.0
8,cfg_tuned,43,9,0.12290940082629209,0.04032964714612709,0.082579753680165,0.12290940082629209,0.0,0.0,0.0
8,cfg_tuned,43,10,0.09838407333044054,0.0322822740615508,0.06610179926888973,0.09838407333044054,0.0,0.0,0.0
8,cfg_tuned,43,11,0.12866743169074907,0.04221900102352704,0.08644843066722203,0.12866743169074907,0.0,0.0,0.0
8,cfg_tuned,44,8,0.0972204282533612,0.030381383829175376,0.06683904442418583,0.0972204282533612,0.0,0.0,0.0
8,cfg_tuned,44,9,0.11981890093633421,0.03744340654260444,0.08237549439372976,0.11981890093633421,0.0,0.0,0.0
8,cfg_tuned,44,10,0.09571102181540034,0.029909694317312607,0.06580132749808773,0.09571102181540034,0.0,0.0,0.0
8,cfg_tuned,44,11,0.12478546709886885,0.03899545846839652,0.08579000863047234,0.12478546709886885,0.0,0.0,0.0
8,cfg_tuned,45,8,0.09478335731828766,0.02813880920386665,0.06664454811442101,0.09478335731828766,0.0,0.0,0.0
8,cfg_tuned,45,9,0.11694431865044227,0.03471784459935005,0.08222647405109222,0.11694431865044227,0.0,0.0,0.0
8,cfg_tuned,45,10,0.09342520874991461,0.0277356088476309,0.06568959990228371,0.09342520874991461,0.0,0.0,0.0
8,cfg_tuned,45,11,0.12116508726848466,0.035970885282831384,0.08519420198565328,0.12116508726848466,0.0,0.0,0.0
8,cfg_tuned,46,8,0.09224316101242562,0.025943389034744704,0.06629977197768092,0.09224316101242562,0.0,0.0,0.0
8,cfg_tuned,46,9,0.11436840769548952,0.03216611466435643,0.08220229303113309,0.11436840769548952,0.0,0.0,0.0
8,cfg_tuned,46,10,0.0912402976560499,0.025661333715764036,0.06557896394028587,0.0912402976560499,0.0,0.0,0.0
8,cfg_tuned,46,11,0.11779610573920833,0.033130154739152345,0.08466595100005599,0.11779610573920833,0.0,0.0,0.0
8,cfg_tuned,47,8,0.08971329606200722,0.023830094266470668,0.06588320179553656,0.08971329606200722,0.0,0.0,0.0
8,cfg_tuned,47,9,0.11196259747183869,0.029740064953457154,0.08222253251838153,0.11196259747183869,0.0,0.0,0.0
8,cfg_tuned,47,10,0.08904207702946237,0.023651801710950944,0.06539027531851144,0.08904207702946237,0.0,0.0,0.0
8,cfg_tuned,47,11,0.1146078259385499,0.030442703764927317,0.08416512217362258,0.1146078259385499,0.0,0.0,0.0
12,cfg_tuned,0,12,0.0741066329688582,0.0741066329688582,0.0,0.0741066329688582,0.0,0.0,0.0
12,cfg_tuned,0,13,0.10990619967190085,0.10990619967190085,0.0,0.10990619967190085,0.0,0.0,0.0
12,cfg_tuned,0,14,0.12802481379007333,0.12802481379007333,0.0,0.12802481379007333,0.0,0.0,0.0
12,cfg_tuned,0,15,0.15798208445730022,0.15798208445730022,0.0,0.15798208445730022,0.0,0.0,0.0
12,cfg_tuned,1,12,0.0970507405272606,0.09553432270652217,0.001516417820738447,0.0970507405272606,0.0,0.0,0.0
12,cfg_tuned,1,13,0.11917114405925061,0.11730909493332482,0.0018620491259257908,0.11917114405925061,0.0,0.0,0.0
12,cfg_tuned,1,14,0.1148628354299058,0.11306810362631352,0.0017947318035922782,0.1148628354299058,0.0,0.0,0.0
12,cfg_tuned,1,15,0.15245752797293066,0.1500753790983536,0.0023821488745770416,0.15245752797293066,0.0,0.0,0.0
12,cfg_tuned,2,12,0.12856253659612618,0.12454495732749724,0.004017579268628943,0.12856253659612618,0.0,0.0,0.0
12,cfg_tuned,2,13,0.11552023260570661,0.11191022533677827,0.0036100072689283316,0.11552023260570661,0.0,0.0,0.0
12,cfg_tuned,2,14,0.10198047335176673,0.09879358355952401,0.0031868897922427103,0.10198047335176673,0.0,0.0,0.0
12,cfg_tuned,2,15,0.13926217730140533,0.13491023426073642,0.004351943040668917,0.13926217730140533,0.0,0.0,0.0
12,cfg_tuned,3,12,0.17127860229389277,0.16324991781136655,0.008028684482526223,0.17127860229389277,0.0,0.0,0.0
12,cfg_tuned,3,13,0.10350722885900546,0.09865532750623958,0.004851901352765881,0.10350722885900546,0.0,0.0,0.0
12,cfg_tuned,3,14,0.09495272695071286,0.0905018178748982,0.004450909075814665,0.09495272695071286,0.0,0.0,0.0
12,cfg_tuned,3,15,0.12211608616772579,0.11639189462861364,0.005724191539112146,0.12211608616772579,0.0,0.0,0.0
12,cfg_tuned,4,12,0.22976788433044673,0.2154073915597938,0.01436049277065292,0.22976788433044673,0.0,0.0,0.0
12,cfg_tuned,4,13,0.09294130033730877,0.08713246906622697,0.005808831271081798,0.09294130033730877,0.0,0.0,0.0
12,cfg_tuned,4,14,0.09459888895741907,0.08868645839758038,0.005912430559838692,0.09459888895741907,0.0,0.0,0.0
12,cfg_tuned,4,15,0.1116378402877396,0.10466047526975587,0.006977365017983725,0.1116378402877396,0.0,0.0,0.0
12,cfg_tuned,5,12,0.2583693689214188,0.238184261974433,0.020185106946985845,0.2583693689214188,0.0,0.0,0.0
12,cfg_tuned,5,13,0.08693226964311436,0.08014068607724605,0.006791583565868309,0.08693226964311436,0.0,0.0,0.0
12,cfg_tuned,5,14,0.09466501212524822,0.08726930805296321,0.007395704072285018,0.09466501212524822,0.0,0.0,0.0
12,cfg_tuned,5,15,0.1504548652200809,0.13870057887476206,0.01175428634531882,0.1504548652200809,0.0,0.0,0.0
12,cfg_tuned,6,12,0.23154448458938118,0.2098371891591267,0.021707295430254486,0.23154448458938118,0.0,0.0,0.0
12,cfg_tuned,6,13,0.08856013508489174,0.08025762242068314,0.008302512664208601,0.08856013508489174,0.0,0.0,0.0
12,cfg_tuned,6,14,0.09384958581271906,0.08505118714277665,0.008798398669942411,0.09384958581271906,0.0,0.0,0.0
12,cfg_tuned,6,15,0.20822231250771084,0.18870147071011295,0.01952084179759789,0.20822231250771084,0.0,0.0,0.0
12,cfg_tuned,7,12,0.21436624544796803,0.19091993735209653,0.023446308095871504,0.21436624544796803,0.0,0.0,0.0
12,cfg_tuned,7,13,0.11049563332768242,0.09841017343246715,0.012085459895215265,0.11049563332768242,0.0,0.0,0.0
12,cfg_tuned,7,14,0.09286506466927044,0.08270794822106899,0.010157116448201454,0.09286506466927044,0.0,0.0,0.0
12,cfg_tuned,7,15,0.2175277652420146,0.19373566591866925,0.023792099323345344,0.2175277652420146,0.0,0.0,0.0
12,cfg_tuned,8,12,0.20387694814544446,0.1783923296272639,0.025484618518180558,0.20387694814544446,0.0,0.0,0.0
12,cfg_tuned,8,13,0.17508945630238293,0.15320327426458508,0.021886182037797866,0.17508945630238293,0.0,0.0,0.0
12,cfg_tuned,8,14,0.09025503867151859,0.07897315883757876,0.011281879833939823,0.09025503867151859,0.0,0.0,0.0
12,cfg_tuned,8,15,0.21201815876080699,0.1855158889157061,0.026502269845100873,0.21201815876080699,0.0,0.0,0.0
12,cfg_tuned,9,12,0.19230727678415407,0.1652640659863824,0.027043210797771666,0.19230727678415407,0.0,0.0,0.0
12,cfg_tuned,9,13,0.32974551735070945,0.28337505397326596,0.046370463377443515,0.32974551735070945,0.0,0.0,0.0
12,cfg_tuned,9,14,0.0849864797391087,0.07303525602579654,0.01195122371331216,0.0849864797391087,0.0,0.0,0.0
12,cfg_tuned,9,15,0.21400642376596446,0.18391177042387571,0.030094653342088752,0.21400642376596446,0.0,0.0,0.0
12,cfg_tuned,10,12,0.18302886932675025,0.1544306084944455,0.028598260832304725,0.18302886932675025,0.0,0.0,0.0
12,cfg_tuned,10,13,0.5189662812745691,0.4378777998254177,0.08108848144915143,0.5189662812745691,0.0,0.0,0.0
12,cfg_tuned,10,14,0.08601123736777996,0.07257198152906434,0.013439255838715618,0.08601123736777996,0.0,0.0,0.0
12,cfg_tuned,10,15,0.22289632232323195,0.18806877196022695,0.03482755036300499,0.22289632232323195,0.0,0.0,0.0
12,cfg_tuned,11,12,0.18129187527130425,0.15013233420904884,0.03115954106225542,0.18129187527130425,0.0,0.0,0.0
12,cfg_tuned,11,13,0.40196511186709366,0.3328773582649369,0.06908775360215673,0.40196511186709366,0.0,0.0,0.0
12,cfg_tuned,11,14,0.09992823006992756,0.08275306552665876,0.017175164543268798,0.09992823006992756,0.0,0.0,0.0
12,cfg_tuned,11,15,0.22779523710157268,0.18864293072473987,0.039152306376832806,0.22779523710157268,0.0,0.0,0.0
12,cfg_tuned,12,12,0.1916442428897806,0.15571094734794674,0.03593329554183386,0.1916442428897806,0.0,0.0,0.0
12,cfg_tuned,12,13,0.2609120243176428,0.2119910197580848,0.04892100455955803,0.2609120243176428,0.0,0.0,0.0
12,cfg_tuned,12,14,0.117905161509913,0.09579794372680431,0.022107217783108687,0.117905161509913,0.0,0.0,0.0
12,cfg_tuned,12,15,0.22283109013868496,0.18105026073768155,0.04178082940100343,0.22283109013868496,0.0,0.0,0.0
12,cfg_tuned,13,12,0.20296689060927708,0.16173924095426767,0.041227649655009406,0.20296689060927708,0.0,0.0,0.0
12,cfg_tuned,13,13,0.17519570139608567,0.13960907455000576,0.035586626846079904,0.17519570139608567,0.0,0.0,0.0
12,cfg_tuned,13,14,0.13214474207345644,0.10530284133978561,0.02684190073367084,0.13214474207345644,0.0,0.0,0.0
12,cfg_tuned,13,15,0.21177348811906743,0.16875699834488186,0.043016489774185575,0.21177348811906743,0.0,0.0,0.0
12,cfg_tuned,14,12,0.207854794160896,0.1623865579382,0.045468236222696,0.207854794160896,0.0,0.0,0.0
12,cfg_tuned,14,13,0.15751383315106446,0.12305768214926911,0.03445615100179535,0.15751383315106446,0.0,0.0,0.0
12,cfg_tuned,14,14,0.14204784472906518,0.11097487869458217,0.031072966034483007,0.14204784472906518,0.0,0.0,0.0
12,cfg_tuned,14,15,0.2036394149923474,0.1590932929627714,0.04454612202957599,0.2036394149923474,0.0,0.0,0.0
12,cfg_tuned,15,12,0.20968208741030195,0.16053784817351244,0.04914423923678952,0.20968208741030195,0.0,0.0,0.0
12,cfg_tuned,15,13,0.14085417537493677,0.10784147802143597,0.033012697353500806,0.14085417537493677,0.0,0.0,0.0
12,cfg_tuned,15,14,0.15162451406881813,0.11608751858393888,0.03553699548487925,0.15162451406881813,0.0,0.0,0.0
12,cfg_tuned,15,15,0.20509225083136592,0.15702375454276454,0.04806849628860139,0.20509225083136592,0.0,0.0,0.0
12,cfg_tuned,16,12,0.2114891272369796,0.1586168454277347,0.0528722818092449,0.2114891272369796,0.0,0.0,0.0
12,cfg_tuned,16,13,0.13147140555358572,0.09860355416518929,0.03286785138839643,0.13147140555358572,0.0,0.0,0.0
12,cfg_tuned,16,14,0.16230382034637356,0.12172786525978016,0.04057595508659339,0.16230382034637356,0.0,0.0,0.0
12,cfg_tuned,16,15,0.21029189882770932,0.15771892412078198,0.05257297470692733,0.21029189882770932,0.0,0.0,0.0
12,cfg_tuned,17,12,0.2117640546669119,0.15551422764601341,0.05624982702089847,0.2117640546669119,0.0,0.0,0.0
12,cfg_tuned,17,13,0.12717774919706923,0.09339615956659772,0.033781589630471516,0.12717774919706923,0.0,0.0,0.0
12,cfg_tuned,17,14,0.17086917229836693,0.1254820484066132,0.045387123891753714,0.17086917229836693,0.0,0.0,0.0
12,cfg_tuned,17,15,0.2071033750044607,0.15209154101890082,0.05501183398555987,0.2071033750044607,0.0,0.0,0.0
12,cfg_tuned,18,12,0.20653125982830586,0.14844434300159484,0.05808691682671102,0.20653125982830586,0.0,0.0,0.0
12,cfg_tuned,18,13,0.1259544979052482,0.09052979536939715,0.03542470253585106,0.1259544979052482,0.0,0.0,0.0
12,cfg_tuned,18,14,0.17362231823392077,0.12479104123063055,0.048831277003290215,0.17362231823392077,0.0,0.0,0.0
12,cfg_tuned,18,15,0.1944665319445215,0.13977281983512482,0.05469371210939667,0.1944665319445215,0.0,0.0,0.0
12,cfg_tuned,19,12,0.18810166483438895,0.13225898308667972,0.05584268174770922,0.18810166483438895,0.0,0.0,0.0
12,cfg_tuned,19,13,0.1266807412469911,0.08907239618929062,0.037608345057700485,0.1266807412469911,0.0,0.0,0.0
12,cfg_tuned,19,14,0.16968031572712508,0.11930647199563482,0.05037384373149026,0.16968031572712508,0.0,0.0,0.0
12,cfg_tuned,19,15,0.17849940515406523,0.1255073942489521,0.052992010905113116,0.17849940515406523,0.0,0.0,0.0
12,cfg_tuned,20,12,0.15954488372946135,0.10968710756400468,0.04985777616545667,0.15954488372946135,0.0,0.0,0.0
12,cfg_tuned,20,13,0.1288334745916762,0.0885730137817774,0.04026046080989881,0.1288334745916762,0.0,0.0,0.0
12,cfg_tuned,20,14,0.16278013108785688,0.1119113401229016,0.05086879096495528,0.16278013108785688,0.0,0.0,0.0
12,cfg_tuned,20,15,0.1687071059677129,0.11598613535280262,0.05272097061491028,0.1687071059677129,0.0,0.0,0.0
12,cfg_tuned,21,12,0.1424296182044202,0.09569489973109482,0.04673471847332538,0.1424296182044202,0.0,0.0,0.0
12,cfg_tuned,21,13,0.13180450120558396,0.08855614924750171,0.043248351958082236,0.13180450120558396,0.0,0.0,0.0
12,cfg_tuned,21,14,0.15633136648570586,0.10503513685758363,0.051296229628122234,0.15633136648570586,0.0,0.0,0.0
12,cfg_tuned,21,15,0.1648017609344268,0.11072618312781801,0.05407557780660879,0.1648017609344268,0.0,0.0,0.0
12,cfg_tuned,22,12,0.13653924244371893,0.08960387785369055,0.04693536459002838,0.13653924244371893,0.0,0.0,0.0
12,cfg_tuned,22,13,0.13460368424031155,0.08833366778270446,0.046270016457607095,0.13460368424031155,0.0,0.0,0.0
12,cfg_tuned,22,14,0.15158993621231476,0.09948089563933156,0.0521090405729832,0.15158993621231476,0.0,0.0,0.0
12,cfg_tuned,22,15,0.16464335148819279,0.10804719941412652,0.05659615207406627,0.16464335148819279,0.0,0.0,0.0
12,cfg_tuned,23,12,0.13492854698623152,0.08643860041305457,0.048489946573176956,0.13492854698623152,0.0,0.0,0.0
12,cfg_tuned,23,13,0.1368369188797384,0.0876611511573324,0.049175767722405984,0.1368369188797384,0.0,0.0,0.0
12,cfg_tuned,23,14,0.1471541782957547,0.09427064547071785,0.05288353282503684,0.1471541782957547,0.0,0.0,0.0
12,cfg_tuned,23,15,0.16510917989542645,0.10577306837050757,0.05933611152491888,0.16510917989542645,0.0,0.0,0.0
12,cfg_tuned,24,12,0.13469201491662733,0.08418250932289208,0.05050950559373525,0.13469201491662733,0.0,0.0,0.0
12,cfg_tuned,24,13,0.13926467629110362,0.08704042268193976,0.052224253609163857,0.13926467629110362,0.0,0.0,0.0
12,cfg_tuned,24,14,0.14326963119043717,0.08954351949402323,0.05372611169641394,0.14326963119043717,0.0,0.0,0.0
12,cfg_tuned,24,15,0.16531179105077506,0.10331986940673442,0.061991921644040646,0.16531179105077506,0.0,0.0,0.0
12,cfg_tuned,25,12,0.13413105552195934,0.08173611195869397,0.052394943563265364,0.13413105552195934,0.0,0.0,0.0
12,cfg_tuned,25,13,0.14068152503262368,0.08572780431675506,0.054953720715868626,0.14068152503262368,0.0,0.0,0.0
12,cfg_tuned,25,14,0.1413270478586141,0.08612116978884297,0.05520587806977113,0.1413270478586141,0.0,0.0,0.0
12,cfg_tuned,25,15,0.16551337276378078,0.10085971152792891,0.06465366123585187,0.16551337276378078,0.0,0.0,0.0
12,cfg_tuned,26,12,0.13195448668267543,0.07834797646783853,0.053606510214836894,0.13195448668267543,0.0,0.0,0.0
12,cfg_tuned,26,13,0.13809113114483182,0.08199160911724389,0.056099522027587924,0.13809113114483182,0.0,0.0,0.0
12,cfg_tuned,26,14,0.14123991251902862,0.08386119805817324,0.05737871446085538,0.14123991251902862,0.0,0.0,0.0
12,cfg_tuned,26,15,0.1663253821898064,0.09875569567519754,0.06756968651460885,0.1663253821898064,0.0,0.0,0.0
12,cfg_tuned,27,12,0.12834110074410413,0.0741971988676852,0.054143901876418925,0.12834110074410413,0.0,0.0,0.0
12,cfg_tuned,27,13,0.1315065498414285,0.07602722412707585,0.055479325714352656,0.1315065498414285,0.0,0.0,0.0
12,cfg_tuned,27,14,0.1426421330912316,0.08246498319336827,0.06017714989786334,0.1426421330912316,0.0,0.0,0.0
12,cfg_tuned,27,15,0.16724213108561473,0.09668685703387102,0.07055527405174371,0.16724213108561473,0.0,0.0,0.0
12,cfg_tuned,28,12,0.12706671005633027,0.07147502440668578,0.05559168564964449,0.12706671005633027,0.0,0.0,0.0
12,cfg_tuned,28,13,0.12352621182897396,0.06948349415379786,0.054042717675176107,0.12352621182897396,0.0,0.0,0.0
12,cfg_tuned,28,14,0.14287075889548548,0.08036480187871058,0.0625059570167749,0.14287075889548548,0.0,0.0,0.0
12,cfg_tuned,28,15,0.16796378421378544,0.0944796286202543,0.07348415559353114,0.16796378421378544,0.0,0.0,0.0
12,cfg_tuned,29,12,0.12767347565519974,0.06982143199893735,0.057852043656262384,0.12767347565519974,0.0,0.0,0.0
12,cfg_tuned,29,13,0.11616803265989535,0.06352939286088027,0.052638639799015084,0.11616803265989535,0.0,0.0,0.0
12,cfg_tuned,29,14,0.13684923276912808,0.07483942417061692,0.062009808598511164,0.13684923276912808,0.0,0.0,0.0
12,cfg_tuned,29,15,0.16810330669549717,0.09193149584910001,0.07617181084639715,0.16810330669549717,0.0,0.0,0.0
12,cfg_tuned,30,12,0.12876842345140113,0.06840822495855685,0.06036019849284428,0.12876842345140113,0.0,0.0,0.0
12,cfg_tuned,30,13,0.1099571431000069,0.05841473227187866,0.051542410828128236,0.1099571431000069,0.0,0.0,0.0
12,cfg_tuned,30,14,0.129947991100281,0.06903487027202428,0.060913120828256714,0.129947991100281,0.0,0.0,0.0
12,cfg_tuned,30,15,0.16602822997499533,0.08820249717421627,0.07782573280077906,0.16602822997499533,0.0,0.0,0.0
12,cfg_tuned,31,12,0.13009891770312457,0.0670822544406736,0.06301666326245096,0.13009891770312457,0.0,0.0,0.0
12,cfg_tuned,31,13,0.10485101841314871,0.05406380636927981,0.05078721204386891,0.10485101841314871,0.0,0.0,0.0
12,cfg_tuned,31,14,0.12305014200544674,0.06344772947155848,0.05960241253388827,0.12305014200544674,0.0,0.0,0.0
12,cfg_tuned,31,15,0.16100166016904427,0.08301648102466345,0.07798517914438081,0.16100166016904427,0.0,0.0,0.0
12,cfg_tuned,32,12,0.12848145654792117,0.06424072827396059,0.06424072827396059,0.12848145654792117,0.0,0.0,0.0
12,cfg_tuned,32,13,0.10071790379468963,0.050358951897344816,0.050358951897344816,0.10071790379468963,0.0,0.0,0.0
12,cfg_tuned,32,14,0.11825291251246739,0.059126456256233695,0.059126456256233695,0.11825291251246739,0.0,0.0,0.0
12,cfg_tuned,32,15,0.1575840970679009,0.07879204853395046,0.07879204853395046,0.1575840970679009,0.0,0.0,0.0
12,cfg_tuned,33,12,0.12672545579199052,0.06138264264924541,0.06534281314274511,0.12672545579199052,0.0,0.0,0.0
12,cfg_tuned,33,13,0.09741933555368118,0.04718749065881432,0.05023184489486686,0.09741933555368118,0.0,0.0,0.0
12,cfg_tuned,33,14,0.11517124398372611,0.05578607130461733,0.059385172679108776,0.11517124398372611,0.0,0.0,0.0
12,cfg_tuned,33,15,0.15481764942568277,0.0749897989405651,0.07982785048511767,0.15481764942568277,0.0,0.0,0.0
12,cfg_tuned,34,12,0.12928267172425614,0.06060125237074507,0.06868141935351108,0.12928267172425614,0.0,0.0,0.0
12,cfg_tuned,34,13,0.0947863694258758,0.044431110668379285,0.05035525875749652,0.0947863694258758,0.0,0.0,0.0
12,cfg_tuned,34,14,0.11297098271165387,0.052955148146087754,0.06001583456556612,0.11297098271165387,0.0,0.0,0.0
12,cfg_tuned,34,15,0.1522505115209407,0.07136742727544096,0.08088308424549975,0.1522505115209407,0.0,0.0,0.0
12,cfg_tuned,35,12,0.13237021504350763,0.059980253691589394,0.07238996135191823,0.13237021504350763,0.0,0.0,0.0
12,cfg_tuned,35,13,0.09259746898775768,0.0419582281350777,0.050639240852679984,0.09259746898775768,0.0,0.0,0.0
12,cfg_tuned,35,14,0.11103947869403628,0.05031476378323519,0.06072471491080109,0.11103947869403628,0.0,0.0,0.0
12,cfg_tuned,35,15,0.1491469298099816,0.06758220257014791,0.08156472723983368,0.1491469298099816,0.0,0.0,0.0
12,cfg_tuned,36,12,0.12769673499859038,0.055867321561883294,0.0718294134367071,0.12769673499859038,0.0,0.0,0.0
12,cfg_tuned,36,13,0.09064951599924412,0.0396591632496693,0.050990352749574815,0.09064951599924412,0.0,0.0,0.0
12,cfg_tuned,36,14,0.10913529255473177,0.04774669049269515,0.06138860206203662,0.10913529255473177,0.0,0.0,0.0
12,cfg_tuned,36,15,0.14523466982021677,0.06354016804634484,0.08169450177387193,0.14523466982021677,0.0,0.0,0.0
12,cfg_tuned,37,12,0.11536839141117973,0.04867104012659145,0.06669735128458829,0.11536839141117973,0.0,0.0,0.0
12,cfg_tuned,37,13,0.0888401849513108,0.03747945302633424,0.05136073192497655,0.0888401849513108,0.0,0.0,0.0
12,cfg_tuned,37,14,0.10715655796596693,0.0452066728918923,0.06194988507407463,0.10715655796596693,0.0,0.0,0.0
12,cfg_tuned,37,15,0.14235765284696547,0.06005713479481356,0.08230051805215191,0.14235765284696547,0.0,0.0,0.0
12,cfg_tuned,38,12,0.10464391676277836,0.04251159118487871,0.06213232557789965,0.10464391676277836,0.0,0.0,0.0
12,cfg_tuned,38,13,0.08717061276740963,0.035413061436760165,0.051757551330649465,0.08717061276740963,0.0,0.0,0.0
12,cfg_tuned,38,14,0.10521369974507581,0.04274306552143705,0.062470634223638764,0.10521369974507581,0.0,0.0,0.0
12,cfg_tuned,38,15,0.14090075196244572,0.057240930484743574,0.08365982147770215,0.14090075196244572,0.0,0.0,0.0
12,cfg_tuned,39,12,0.09739127877156925,0.03804346827014424,0.05934781050142501,0.09739127877156925,0.0,0.0,0.0
12,cfg_tuned,39,13,0.08564492351177289,0.03345504824678629,0.0521898752649866,0.08564492351177289,0.0,0.0,0.0
12,cfg_tuned,39,14,0.10355747349405826,0.04045213808361651,0.06310533541044175,0.10355747349405826,0.0,0.0,0.0
12,cfg_tuned,39,15,0.14047560519857766,0.0548732832806944,0.08560232191788326,0.14047560519857766,0.0,0.0,0.0
12,cfg_tuned,40,12,0.09209559012499002,0.03453584629687126,0.057559743828118765,0.09209559012499002,0.0,0.0,0.0
12,cfg_tuned,40,13,0.08416312495077521,0.031561171856540705,0.05260195309423451,0.08416312495077521,0.0,0.0,0.0
12,cfg_tuned,40,14,0.1020297746950144,0.0382611655106304,0.063768609184384,0.1020297746950144,0.0,0.0,0.0
12,cfg_tuned,40,15,0.1392970678304967,0.052236400436436264,0.08706066739406043,0.1392970678304967,0.0,0.0,0.0
12,cfg_tuned,41,12,0.08810298986020165,0.03166201198100997,0.05644097787919168,0.08810298986020165,0.0,0.0,0.0
12,cfg_tuned,41,13,0.08271151438048549,0.029724450480486973,0.052987063899998514,0.08271151438048549,0.0,0.0,0.0
12,cfg_tuned,41,14,0.10046486039245082,0.036104559203537015,0.06436030118891381,0.10046486039245082,0.0,0.0,0.0
12,cfg_tuned,41,15,0.13751419987347688,0.04941916557953075,0.08809503429394612,0.13751419987347688,0.0,0.0,0.0
12,cfg_tuned,42,12,0.08527867269459344,0.029314543738766494,0.05596412895582695,0.08527867269459344,0.0,0.0,0.0
12,cfg_tuned,42,13,0.08133649175071518,0.027959419039308344,0.05337707271140684,0.08133649175071518,0.0,0.0,0.0
12,cfg_tuned,42,14,0.09895565521966639,0.03401600648176032,0.06493964873790607,0.09895565521966639,0.0,0.0,0.0
12,cfg_tuned,42,15,0.13514096221613256,0.04645470576179557,0.08868625645433699,0.13514096221613256,0.0,0.0,0.0
12,cfg_tuned,43,12,0.08370803100663883,0.027466697674053367,0.056241333332585464,0.08370803100663883,0.0,0.0,0.0
12,cfg_tuned,43,13,0.0801143286664317,0.0262875140936729,0.0538268145727588,0.0801143286664317,0.0,0.0,0.0
12,cfg_tuned,43,14,0.09751401886505306,0.031996787440095535,0.06551723142495752,0.09751401886505306,0.0,0.0,0.0
12,cfg_tuned,43,15,0.13194442558493316,0.043294264645056195,0.08865016093987697,0.13194442558493316,0.0,0.0,0.0
12,cfg_tuned,44,12,0.08288884229248282,0.025902763216400882,0.05698607907608194,0.08288884229248282,0.0,0.0,0.0
12,cfg_tuned,44,13,0.07914692899203361,0.024733415310010505,0.05441351368202311,0.07914692899203361,0.0,0.0,0.0
12,cfg_tuned,44,14,0.09614002983215732,0.03004375932254916,0.06609627050960816,0.09614002983215732,0.0,0.0,0.0
12,cfg_tuned,44,15,0.12768087762029098,0.039900274256340934,0.08778060336395005,0.12768087762029098,0.0,0.0,0.0
12,cfg_tuned,45,12,0.08215777023199564,0.024390588037623704,0.05776718219437193,0.08215777023199564,0.0,0.0,0.0
12,cfg_tuned,45,13,0.07835018645686397,0.02326021160438149,0.05508997485248247,0.07835018645686397,0.0,0.0,0.0
12,cfg_tuned,45,14,0.094828707460695,0.028152272527393826,0.06667643493330117,0.094828707460695,0.0,0.0,0.0
12,cfg_tuned,45,15,0.1234594651037266,0.036652028702668836,0.08680743640105777,0.1234594651037266,0.0,0.0,0.0
12,cfg_tuned,46,12,0.08111137770760266,0.022812574980263248,0.05829880272733941,0.08111137770760266,0.0,0.0,0.0
12,cfg_tuned,46,13,0.07766236629292723,0.021842540519885784,0.05581982577304145,0.07766236629292723,0.0,0.0,0.0
12,cfg_tuned,46,14,0.09356187304459943,0.026314276793793587,0.06724759625080584,0.09356187304459943,0.0,0.0,0.0
12,cfg_tuned,46,15,0.11997516891363952,0.03374301625696111,0.0862321526566784,0.11997516891363952,0.0,0.0,0.0
12,cfg_tuned,47,12,0.07982267022651647,0.02120289677891844,0.058619773447598035,0.07982267022651647,0.0,0.0,0.0
12,cfg_tuned,47,13,0.07710029936267045,0.020479767018209336,0.05662053234446111,0.07710029936267045,0.0,0.0,0.0
12,cfg_tuned,47,14,0.0923083707354563,0.02451941097660558,0.06778895975885071,0.0923083707354563,0.0,0.0,0.0
12,cfg_tuned,47,15,0.11694540124463355,0.03106362220560579,0.08588177903902777,0.11694540124463355,0.0,0.0,0.0
0,cfg_high,0,0,0.15222660610198033,0.15222660610198033,0.0,0.15222660610198033,0.0,0.0,0.0
0,cfg_high,0,1,0.18167397449166828,0.18167397449166828,0.0,0.18167397449166828,0.0,0.0,0.0
0,cfg_high,0,2,0.08842107906727106,0.08842107906727106,0.0,0.08842107906727106,0.0,0.0,0.0
0,cfg_high,0,3,0.16248645496254221,0.16248645496254221,0.0,0.16248645496254221,0.0,0.0,0.0
0,cfg_high,1,0,0.15462609580112813,0.1522100630542355,0.002416032746892627,0.15462609580112813,0.0,0.0,0.0
0,cfg_high,1,1,0.19513519757286274,0.19208621011078675,0.0030489874620759803,0.19513519757286274,0.0,0.0,0.0
0,cfg_high,1,2,0.0883682635877019,0.08698750946914406,0.0013807541185578422,0.0883682635877019,0.0,0.0,0.0
0,cfg_high,1,3,0.17542025562932295,0.17267931413511478,0.002740941494208171,0.17542025562932295,0.0,0.0,0.0
0,cfg_high,2,0,0.1481731575447299,0.1435427463714571,0.004630411173272809,0.1481731575447299,0.0,0.0,0.0
0,cfg_high,2,1,0.22163197372542695,0.21470597454650736,0.006925999178919592,0.22163197372542695,0.0,0.0,0.0
0,cfg_high,2,2,0.08739652670373449,0.08466538524424279,0.002731141459491703,0.08739652670373449,0.0,0.0,0.0
0,cfg_high,2,3,0.1762987288459977,0.17078939356956027,0.005509335276437428,0.1762987288459977,0.0,0.0,0.0
0,cfg_high,3,0,0.1335941518703689,0.12733192600144536,0.006262225868923542,0.1335941518703689,0.0,0.0,0.0
0,cfg_high,3,1,0.2308648219937925,0.22004303346283346,0.010821788530959022,0.2308648219937925,0.0,0.0,0.0
0,cfg_high,3,2,0.08944653719609233,0.0852537307650255,0.004192806431066828,0.08944653719609233,0.0,0.0,0.0
0,cfg_high,3,3,0.14662024280980682,0.1397474189280971,0.006872823881709695,0.14662024280980682,0.0,0.0,0.0
0,cfg_high,4,0,0.11525872752714432,0.1080550570566978,0.00720367047044652,0.11525872752714432,0.0,0.0,0.0
0,cfg_high,4,1,0.17991795893440832,0.1686730865010078,0.01124487243340052,0.17991795893440832,0.0,0.0,0.0
0,cfg_high,4,2,0.090302048235339,0.08465817022063031,0.005643878014708687,0.090302048235339,0.0,0.0,0.0
0,cfg_high,4,3,0.11566170938955159,0.10843285255270461,0.007228856836846974,0.11566170938955159,0.0,0.0,0.0
0,cfg_high,5,0,0.09740576488530563,0.08979593950364112,0.007609825381664502,0.09740576488530563,0.0,0.0,0.0
0,cfg_high,5,1,0.12088322648971131,0.11143922442020261,0.009444002069508696,0.12088322648971131,0.0,0.0,0.0
0,cfg_high,5,2,0.08416452912400026,0.07758917528618774,0.00657535383781252,0.08416452912400026,0.0,0.0,0.0
0,cfg_high,5,3,0.10574956649828557,0.09748788161560701,0.00826168488267856,0.10574956649828557,0.0,0.0,0.0
0,cfg_high,6,0,0.0833958236677118,0.07557746519886381,0.00781835846884798,0.0833958236677118,0.0,0.0,0.0
0,cfg_high,6,1,0.0898610679627217,0.08143659284121654,0.008424475121505159,0.0898610679627217,0.0,0.0,0.0
0,cfg_high,6,2,0.07292693071255994,0.06609003095825745,0.006836899754302494,0.07292693071255994,0.0,0.0,0.0
0,cfg_high,6,3,0.0975570435078162,0.08841107067895844,0.00914597282885777,0.0975570435078162,0.0,0.0,0.0
0,cfg_high,7,0,0.07493463044675022,0.06673865524163691,0.008195975205113306,0.07493463044675022,0.0,0.0,0.0
0,cfg_high,7,1,0.07960997927677975,0.07090263779338196,0.008707341483397786,0.07960997927677975,0.0,0.0,0.0
0,cfg_high,7,2,0.06391576294498565,0.05692497637287784,0.006990786572107805,0.06391576294498565,0.0,0.0,0.0
0,cfg_high,7,3,0.08768482045324619,0.07809429321617238,0.009590527237073801,0.08768482045324619,0.0,0.0,0.0
0,cfg_high,8,0,0.07176957433459573,0.06279837754277126,0.008971196791824466,0.07176957433459573,0.0,0.0,0.0
0,cfg_high,8,1,0.08122192808330476,0.07106918707289167,0.010152741010413096,0.08122192808330476,0.0,0.0,0.0
0,cfg_high,8,2,0.060245374624275566,0.05271470279624112,0.007530671828034446,0.060245374624275566,0.0,0.0,0.0
0,cfg_high,8,3,0.08250073674031366,0.07218814464777445,0.010312592092539208,0.08250073674031366,0.0,0.0,0.0
0,cfg_high,9,0,0.07329694492203116,0.06298956204237054,0.010307382879660633,0.07329694492203116,0.0,0.0,0.0
0,cfg_high,9,1,0.09136686977503618,0.07851840371292171,0.012848466062114462,0.09136686977503618,0.0,0.0,0.0
0,cfg_high,9,2,0.061339772526234584,0.052713867014732844,0.008625905511501738,0.061339772526234584,0.0,0.0,0.0
0,cfg_high,9,3,0.08376196059607922,0.07198293488725559,0.01177902570882364,0.08376196059607922,0.0,0.0,0.0
0,cfg_high,10,0,0.07899881347747566,0.06665524887162008,0.012343564605855572,0.07899881347747566,0.0,0.0,0.0
0,cfg_high,10,1,0.11456315006752736,0.09666265786947621,0.01790049219805115,0.11456315006752736,0.0,0.0,0.0
0,cfg_high,10,2,0.06631768549830752,0.05595554713919697,0.01036213835911055,0.06631768549830752,0.0,0.0,0.0
0,cfg_high,10,3,0.08874038992013146,0.07487470399511093,0.01386568592502054,0.08874038992013146,0.0,0.0,0.0
0,cfg_high,11,0,0.08735121834623216,0.0723377276929735,0.015013490653258653,0.08735121834623216,0.0,0.0,0.0
0,cfg_high,11,1,0.1626939100133882,0.1347308942298371,0.027963015783551096,0.1626939100133882,0.0,0.0,0.0
0,cfg_high,11,2,0.07531470215189788,0.06236998771954043,0.012944714432357448,0.07531470215189788,0.0,0.0,0.0
0,cfg_high,11,3,0.09953601535141086,0.08242826271288713,0.01710775263852374,0.09953601535141086,0.0,0.0,0.0
0,cfg_high,12,0,0.09507945329245224,0.07725205580011744,0.017827397492334793,0.09507945329245224,0.0,0.0,0.0
0,cfg_high,12,1,0.19786684353698009,0.1607668103737963,0.03710003316318376,0.19786684353698009,0.0,0.0,0.0
0,cfg_high,12,2,0.09068455308592913,0.07368119938231742,0.01700335370361171,0.09068455308592913,0.0,0.0,0.0
0,cfg_high,12,3,0.11913169842728309,0.09679450497216752,0.02233719345511558,0.11913169842728309,0.0,0.0,0.0
0,cfg_high,13,0,0.09972073897146234,0.07946496386788406,0.02025577510357829,0.09972073897146234,0.0,0.0,0.0
0,cfg_high,13,1,0.20177219015737308,0.16078721403165666,0.04098497612571641,0.20177219015737308,0.0,0.0,0.0
0,cfg_high,13,2,0.1161442539248979,0.09255245234640301,0.023591801578494886,0.1161442539248979,0.0,0.0,0.0
0,cfg_high,13,3,0.11685961648514083,0.0931225068865966,0.02373710959854423,0.11685961648514083,0.0,0.0,0.0
0,cfg_high,14,0,0.09987304363811972,0.07802581534228104,0.02184722829583869,0.09987304363811972,0.0,0.0,0.0
0,cfg_high,14,1,0.2071398925653095,0.16182804106664805,0.04531185149866146,0.2071398925653095,0.0,0.0,0.0
0,cfg_high,14,2,0.14881629152279516,0.11626272775218371,0.03255356377061144,0.14881629152279516,0.0,0.0,0.0
0,cfg_high,14,3,0.10604447681092918,0.08284724750853842,0.023197229302390758,0.10604447681092918,0.0,0.0,0.0
0,cfg_high,15,0,0.0984086335329951,0.07534411004869937,0.02306452348429573,0.0984086335329951,0.0,0.0,0.0
0,cfg_high,15,1,0.20325139569810904,0.15561434983136474,0.047637045866744304,0.20325139569810904,0.0,0.0,0.0
0,cfg_high,15,2,0.1733225683342295,0.13270009138089445,0.040622476953335034,0.1733225683342295,0.0,0.0,0.0
0,cfg_high,15,3,0.1005068600230868,0.07695056470517583,0.02355629531791097,0.1005068600230868,0.0,0.0,0.0
0,cfg_high,16,0,0.09838450134293472,0.07378837600720103,0.02459612533573368,0.09838450134293472,0.0,0.0,0.0
0,cfg_high,16,1,0.2090731730758163,0.15680487980686222,0.052268293268954075,0.2090731730758163,0.0,0.0,0.0
0,cfg_high,16,2,0.17130256081577622,0.12847692061183216,0.042825640203944054,0.17130256081577622,0.0,0.0,0.0
0,cfg_high,16,3,0.11537638757389881,0.08653229068042412,0.028844096893474704,0.11537638757389881,0.0,0.0,0.0
0,cfg_high,17,0,0.1000737556953984,0.0734916643388082,0.0265820913565902,0.1000737556953984,0.0,0.0,0.0
0,cfg_high,17,1,0.21884840361349325,0.1607167964036591,0.058131607209834145,0.21884840361349325,0.0,0.0,0.0
0,cfg_high,17,2,0.16723602374493077,0.12281395493768353,0.044422068807247236,0.16723602374493077,0.0,0.0,0.0
0,cfg_high,17,3,0.10857622726841556,0.07973566690024268,0.028840560368172886,0.10857622726841556,0.0,0.0,0.0
0,cfg_high,18,0,0.10292548825339237,0.07397769468212577,0.028947793571266603,0.10292548825339237,0.0,0.0,0.0
0,cfg_high,18,1,0.22780345222154377,0.16373373128423457,0.06406972093730919,0.22780345222154377,0.0,0.0,0.0
0,cfg_high,18,2,0.16275248181767313,0.11697834630645255,0.045774135511220566,0.16275248181767313,0.0,0.0,0.0
0,cfg_high,18,3,0.1036528373499028,0.07450047684524264,0.029152360504660163,0.1036528373499028,0.0,0.0,0.0
0,cfg_high,19,0,0.10540621217400961,0.07411374293485051,0.031292469239159106,0.10540621217400961,0.0,0.0,0.0
0,cfg_high,19,1,0.2268076334237042,0.15947411725104202,0.06733351617266219,0.2268076334237042,0.0,0.0,0.0
0,cfg_high,19,2,0.15655994847474483,0.11008121377130496,0.04647873470343987,0.15655994847474483,0.0,0.0,0.0
0,cfg_high,19,3,0.10045414473643002,0.07063182051780235,0.029822324218627662,0.10045414473643002,0.0,0.0,0.0
0,cfg_high,20,0,0.1071047416009215,0.07363450985063352,0.03347023175028797,0.1071047416009215,0.0,0.0,0.0
0,cfg_high,20,1,0.21581561647227182,0.14837323632468688,0.06744238014758494,0.21581561647227182,0.0,0.0,0.0
0,cfg_high,20,2,0.1510191123110822,0.10382563971386902,0.04719347259721319,0.1510191123110822,0.0,0.0,0.0
0,cfg_high,20,3,0.10196058609304948,0.07009790293897152,0.03186268315407796,0.10196058609304948,0.0,0.0,0.0
0,cfg_high,21,0,0.1084015471617472,0.0728322894992989,0.0355692576624483,0.1084015471617472,0.0,0.0,0.0
0,cfg_high,21,1,0.19282022085502873,0.12955108588697242,0.0632691349680563,0.19282022085502873,0.0,0.0,0.0
0,cfg_high,21,2,0.14782475827233893,0.09931975946422772,0.04850499880811121,0.14782475827233893,0.0,0.0,0.0
0,cfg_high,21,3,0.10319118588673595,0.06933157801765072,0.033859607869085234,0.10319118588673595,0.0,0.0,0.0
0,cfg_high,22,0,0.11008889342562717,0.07224583631056783,0.037843057115059336,0.11008889342562717,0.0,0.0,0.0
0,cfg_high,22,1,0.1705215961085876,0.11190479744626061,0.05861679866232699,0.1705215961085876,0.0,0.0,0.0
0,cfg_high,22,2,0.14557060986631912,0.09553071272477193,0.0500398971415472,0.14557060986631912,0.0,0.0,0.0
0,cfg_high,22,3,0.09941071280816309,0.06523828028035702,0.034172432527806065,0.09941071280816309,0.0,0.0,0.0
0,cfg_high,23,0,0.1132767272391424,0.0725679033875756,0.040708823851566794,0.1132767272391424,0.0,0.0,0.0
0,cfg_high,23,1,0.15865058395614168,0.10163553034690326,0.05701505360923841,0.15865058395614168,0.0,0.0,0.0
0,cfg_high,23,2,0.14322089783058678,0.09175088767271966,0.051470010157867126,0.14322089783058678,0.0,0.0,0.0
0,cfg_high,23,3,0.09587051025281765,0.061417045630711306,0.03445346462210634,0.09587051025281765,0.0,0.0,0.0
0,cfg_high,24,0,0.118227243892666,0.07389202743291626,0.04433521645974975,0.118227243892666,0.0,0.0,0.0
0,cfg_high,24,1,0.1535303487383525,0.09595646796147031,0.05757388077688219,0.1535303487383525,0.0,0.0,0.0
0,cfg_high,24,2,0.14071207180010556,0.08794504487506598,0.05276702692503958,0.14071207180010556,0.0,0.0,0.0
0,cfg_high,24,3,0.09841948050626288,0.0615121753164143,0.03690730518984858,0.09841948050626288,0.0,0.0,0.0
0,cfg_high,25,0,0.12225089370563276,0.07449663835186997,0.0477542553537628,0.12225089370563276,0.0,0.0,0.0
0,cfg_high,25,1,0.15232341280080902,0.092822079675493,0.059501333125316025,0.15232341280080902,0.0,0.0,0.0
0,cfg_high,25,2,0.13845969607891448,0.08437387729808851,0.05408581878082597,0.13845969607891448,0.0,0.0,0.0
0,cfg_high,25,3,0.10304497671726014,0.06279303268708039,0.04025194403017974,0.10304497671726014,0.0,0.0,0.0
0,cfg_high,26,0,0.12187881098232124,0.07236554402075324,0.049513266961568006,0.12187881098232124,0.0,0.0,0.0
0,cfg_high,26,1,0.15002490351909317,0.08907728646446157,0.0609476170546316,0.15002490351909317,0.0,0.0,0.0
0,cfg_high,26,2,0.13692771867424566,0.08130083296283336,0.0556268857114123,0.13692771867424566,0.0,0.0,0.0
0,cfg_high,26,3,0.10377627222510374,0.06161716163365535,0.0421591105914484,0.10377627222510374,0.0,0.0,0.0
0,cfg_high,27,0,0.11876144810716698,0.06865896218695591,0.05010248592021107,0.11876144810716698,0.0,0.0,0.0
0,cfg_high,27,1,0.15110893712097748,0.0873598542730651,0.06374908284791238,0.15110893712097748,0.0,0.0,0.0
0,cfg_high,27,2,0.136210842164286,0.07874689312622785,0.057463949038058154,0.136210842164286,0.0,0.0,0.0
0,cfg_high,27,3,0.10143833891506339,0.05864403968527102,0.04279429922979237,0.10143833891506339,0.0,0.0,0.0
0,cfg_high,28,0,0.11574048789466876,0.06510402444075118,0.050636463453917584,0.11574048789466876,0.0,0.0,0.0
0,cfg_high,28,1,0.1532291116529375,0.08619137530477736,0.06703773634816015,0.1532291116529375,0.0,0.0,0.0
0,cfg_high,28,2,0.13506322791019146,0.0759730656994827,0.059090162210708765,0.13506322791019146,0.0,0.0,0.0
0,cfg_high,28,3,0.10063792531185932,0.05660883298792087,0.04402909232393845,0.10063792531185932,0.0,0.0,0.0
0,cfg_high,29,0,0.11339764999453496,0.0620143398407613,0.051383310153773655,0.11339764999453496,0.0,0.0,0.0
0,cfg_high,29,1,0.15566471774473953,0.08512914251665443,0.0705355752280851,0.15566471774473953,0.0,0.0,0.0
0,cfg_high,29,2,0.13076415512921866,0.07151164733629145,0.059252507792927206,0.13076415512921866,0.0,0.0,0.0
0,cfg_high,29,3,0.10163863306203899,0.05558362745580257,0.04605500560623642,0.10163863306203899,0.0,0.0,0.0
0,cfg_high,30,0,0.11221734539638924,0.05961546474183178,0.052601880654557454,0.11221734539638924,0.0,0.0,0.0
0,cfg_high,30,1,0.15609411447691407,0.0829249983158606,0.07316911616105347,0.15609411447691407,0.0,0.0,0.0
0,cfg_high,30,2,0.12598120617480948,0.06692751578036754,0.05905369039444194,0.12598120617480948,0.0,0.0,0.0
0,cfg_high,30,3,0.10328131425424115,0.05486819819756562,0.04841311605667554,0.10328131425424115,0.0,0.0,0.0
0,cfg_high,31,0,0.11189013561414284,0.0576933511760424,0.054196784438100436,0.11189013561414284,0.0,0.0,0.0
0,cfg_high,31,1,0.15292797071765774,0.07885348490129226,0.07407448581636547,0.15292797071765774,0.0,0.0,0.0
0,cfg_high,31,2,0.12203999346221933,0.06292687162895684,0.05911312183326249,0.12203999346221933,0.0,0.0,0.0
0,cfg_high,31,3,0.10511108375533255,0.054197902561343346,0.05091318119398921,0.10511108375533255,0.0,0.0,0.0
0,cfg_high,32,0,0.11042760734856433,0.055213803674282164,0.055213803674282164,0.11042760734856433,0.0,0.0,0.0
0,cfg_high,32,1,0.1489481315429865,0.07447406577149325,0.07447406577149325,0.1489481315429865,0.0,0.0,0.0
0,cfg_high,32,2,0.11763385210693679,0.058816926053468395,0.058816926053468395,0.11763385210693679,0.0,0.0,0.0
0,cfg_high,32,3,0.10687861341652344,0.05343930670826172,0.05343930670826172,0.10687861341652344,0.0,0.0,0.0
0,cfg_high,33,0,0.10800100716359003,0.05231298784486392,0.055688019318726106,0.10800100716359003,0.0,0.0,0.0
0,cfg_high,33,1,0.1469108124613728,0.07115992478597745,0.07575088767539535,0.1469108124613728,0.0,0.0,0.0
0,cfg_high,33,2,0.11402458277722158,0.0552306572827167,0.05879392549450488,0.11402458277722158,0.0,0.0,0.0
0,cfg_high,33,3,0.10808723379593511,0.05235475386990607,0.05573247992602905,0.10808723379593511,0.0,0.0,0.0
0,cfg_high,34,0,0.10544993398587416,0.04942965655587851,0.056020277429995644,0.10544993398587416,0.0,0.0,0.0
0,cfg_high,34,1,0.14580376763206315,0.0683455160775296,0.07745825155453355,0.14580376763206315,0.0,0.0,0.0
0,cfg_high,34,2,0.11127937309228174,0.05216220613700707,0.05911716695527467,0.11127937309228174,0.0,0.0,0.0
0,cfg_high,34,3,0.10818508578777722,0.05071175896302057,0.05747332682475665,0.10818508578777722,0.0,0.0,0.0
0,cfg_high,35,0,0.10308407197452207,0.04670997011345532,0.056374101861066755,0.10308407197452207,0.0,0.0,0.0
0,cfg_high,35,1,0.14445283910763126,0.06545519272064541,0.07899764638698585,0.14445283910763126,0.0,0.0,0.0
0,cfg_high,35,2,0.10911099687965677,0.049440920461094474,0.05967007641856229,0.10911099687965677,0.0,0.0,0.0
0,cfg_high,35,3,0.10703480355111818,0.048500145359100424,0.05853465819201775,0.10703480355111818,0.0,0.0,0.0
0,cfg_high,36,0,0.10104340898298272,0.044206491430054944,0.05683691755292778,0.10104340898298272,0.0,0.0,0.0
0,cfg_high,36,1,0.14231906594245333,0.06226459134982333,0.08005447459263,0.14231906594245333,0.0,0.0,0.0
0,cfg_high,36,2,0.10733386495718798,0.04695856591876974,0.06037529903841824,0.10733386495718798,0.0,0.0,0.0
0,cfg_high,36,3,0.10509109779922342,0.045977355287160245,0.059113742512063173,0.10509109779922342,0.0,0.0,0.0
0,cfg_high,37,0,0.09924011486545838,0.04186692345886525,0.057373191406593124,0.09924011486545838,0.0,0.0,0.0
0,cfg_high,37,1,0.13854155611171293,0.05844721898462889,0.08009433712708404,0.13854155611171293,0.0,0.0,0.0
0,cfg_high,37,2,0.10580734199299545,0.04463747240329496,0.06116986958970049,0.10580734199299545,0.0,0.0,0.0
0,cfg_high,37,3,0.10293385350300954,0.04342521944658215,0.059508634056427395,0.10293385350300954,0.0,0.0,0.0
0,cfg_high,38,0,0.09747080763881866,0.03959751560327008,0.05787329203554858,0.09747080763881866,0.0,0.0,0.0
0,cfg_high,38,1,0.13327507780671352,0.054143000358977365,0.07913207744773615,0.13327507780671352,0.0,0.0,0.0
0,cfg_high,38,2,0.10439156228804176,0.04240907217951697,0.061982490108524795,0.10439156228804176,0.0,0.0,0.0
0,cfg_high,38,3,0.10108501442346464,0.04106578710953251,0.06001922731393213,0.10108501442346464,0.0,0.0,0.0
0,cfg_high,39,0,0.09563146221830052,0.037356039929023636,0.05827542228927688,0.09563146221830052,0.0,0.0,0.0
0,cfg_high,39,1,0.12782655659807196,0.04993224867112186,0.0778943079269501,0.12782655659807196,0.0,0.0,0.0
0,cfg_high,39,2,0.10298434075495012,0.040228258107402395,0.06275608264754773,0.10298434075495012,0.0,0.0,0.0
0,cfg_high,39,3,0.0998583774591046,0.03900717869496274,0.06085119876414186,0.0998583774591046,0.0,0.0,0.0
0,cfg_high,40,0,0.09376962481704919,0.035163609306393444,0.058606015510655744,0.09376962481704919,0.0,0.0,0.0
0,cfg_high,40,1,0.12290977945350082,0.04609116729506281,0.07681861215843801,0.12290977945350082,0.0,0.0,0.0
0,cfg_high,40,2,0.10154185256244981,0.03807819471091868,0.06346365785153113,0.10154185256244981,0.0,0.0,0.0
0,cfg_high,40,3,0.09931344551889221,0.03724254206958458,0.06207090344930763,0.09931344551889221,0.0,0.0,0.0
0,cfg_high,41,0,0.09194332469684713,0.033042132312929434,0.058901192383917694,0.09194332469684713,0.0,0.0,0.0
0,cfg_high,41,1,0.11860153249187036,0.04262242573926591,0.07597910675260446,0.11860153249187036,0.0,0.0,0.0
0,cfg_high,41,2,0.10008216359382252,0.035967027541529965,0.06411513605229255,0.10008216359382252,0.0,0.0,0.0
0,cfg_high,41,3,0.09885986512996002,0.035527764031079385,0.06333210109888064,0.09885986512996002,0.0,0.0,0.0
0,cfg_high,42,0,0.09017216625641723,0.030996682150643422,0.05917548410577381,0.09017216625641723,0.0,0.0,0.0
0,cfg_high,42,1,0.11449369161224794,0.03935720649171023,0.07513648512053771,0.11449369161224794,0.0,0.0,0.0
0,cfg_high,42,2,0.0986457868200668,0.033909489219397966,0.06473629760066885,0.0986457868200668,0.0,0.0,0.0
0,cfg_high,42,3,0.09706756439243187,0.03336697525989846,0.06370058913253342,0.09706756439243187,0.0,0.0,0.0
0,cfg_high,43,0,0.08846714162273663,0.029028280844960456,0.05943886077777617,0.08846714162273663,0.0,0.0,0.0
0,cfg_high,43,1,0.11052981846489678,0.036267596683794256,0.07426222178110252,0.11052981846489678,0.0,0.0,0.0
0,cfg_high,43,2,0.09722536353010998,0.031902072408317335,0.06532329112179264,0.09722536353010998,0.0,0.0,0.0
0,cfg_high,43,3,0.09484310467065651,0.031120393720059168,0.06372271095059734,0.09484310467065651,0.0,0.0,0.0
0,cfg_high,44,0,0.08683251380643124,0.027135160564509764,0.05969735324192148,0.08683251380643124,0.0,0.0,0.0
0,cfg_high,44,1,0.10681377732620101,0.033379305414437815,0.0734344719117632,0.10681377732620101,0.0,0.0,0.0
0,cfg_high,44,2,0.09574022688915317,0.029918820902860365,0.0658214059862928,0.09574022688915317,0.0,0.0,0.0
0,cfg_high,44,3,0.09282941730211454,0.029009192906910793,0.06382022439520374,0.09282941730211454,0.0,0.0,0.0
0,cfg_high,45,0,0.08524974959885487,0.02530851941216004,0.05994123018669483,0.08524974959885487,0.0,0.0,0.0
0,cfg_high,45,1,0.10366284713200746,0.030774907742314714,0.07288793938969275,0.10366284713200746,0.0,0.0,0.0
0,cfg_high,45,2,0.09395103934465972,0.027891714805445854,0.06605932453921387,0.09395103934465972,0.0,0.0,0.0
0,cfg_high,45,3,0.09094255914626066,0.026998572246546133,0.06394398689971453,0.09094255914626066,0.0,0.0,0.0
0,cfg_high,46,0,0.0836853709956672,0.0235365105925314,0.0601488604031358,0.0836853709956672,0.0,0.0,0.0
0,cfg_high,46,1,0.1013687712636699,0.02850996691790716,0.07285880434576274,0.1013687712636699,0.0,0.0,0.0
0,cfg_high,46,2,0.09170230971133467,0.025791274606312874,0.06591103510502179,0.09170230971133467,0.0,0.0,0.0
0,cfg_high,46,3,0.08907141378179234,0.025051335126129094,0.06402007865566324,0.08907141378179234,0.0,0.0,0.0
0,cfg_high,47,0,0.08209624786784862,0.02180681583989729,0.06028943202795133,0.08209624786784862,0.0,0.0,0.0
0,cfg_high,47,1,0.09972924757623802,0.026490581387438226,0.0732386661887998,0.09972924757623802,0.0,0.0,0.0
0,cfg_high,47,2,0.08933590960410143,0.023729850988589443,0.06560605861551198,0.08933590960410143,0.0,0.0,0.0
0,cfg_high,47,3,0.0871381870428724,0.023146080933262984,0.06399210610960943,0.0871381870428724,0.0,0.0,0.0
4,cfg_high,0,4,0.0798901046334073,0.0798901046334073,0.0,0.0798901046334073,0.0,0.0,0.0
4,cfg_high,0,5,0.10445120237934812,0.10445120237934812,0.0,0.10445120237934812,0.0,0.0,0.0
4,cfg_high,0,6,0.13187463580451894,0.13187463580451894,0.0,0.13187463580451894,0.0,0.0,0.0
4,cfg_high,0,7,0.1176059073798838,0.1176059073798838,0.0,0.1176059073798838,0.0,0.0,0.0
4,cfg_high,1,4,0.07586954707399543,0.07468408540096425,0.0011854616730311786,0.07586954707399543,0.0,0.0,0.0
4,cfg_high,1,5,0.11089154114409952,0.10915886081372296,0.001732680330376555,0.11089154114409952,0.0,0.0,0.0
4,cfg_high,1,6,0.12971008229955577,0.12768336226362523,0.002026720035930559,0.12971008229955577,0.0,0.0,0.0
4,cfg_high,1,7,0.13678557523069262,0.13464830061771305,0.0021372746129795723,0.13678557523069262,0.0,0.0,0.0
4,cfg_high,2,4,0.07797210079573569,0.07553547264586895,0.0024366281498667403,0.07797210079573569,0.0,0.0,0.0
4,cfg_high,2,5,0.12146880730967502,0.11767290708124767,0.0037959002284273444,0.12146880730967502,0.0,0.0,0.0
4,cfg_high,2,6,0.14134420720476593,0.136927200729617,0.004417006475148935,0.14134420720476593,0.0,0.0,0.0
4,cfg_high,2,7,0.14745411034694547,0.14284616939860342,0.004607940948342046,0.14745411034694547,0.0,0.0,0.0
4,cfg_high,3,4,0.07788456821559246,0.07423372908048656,0.0036508391351058964,0.07788456821559246,0.0,0.0,0.0
4,cfg_high,3,5,0.13324189096838884,0.12699617732924562,0.006245713639143227,0.13324189096838884,0.0,0.0,0.0
4,cfg_high,3,6,0.1560356510546353,0.14872147991144927,0.007314171143186029,0.1560356510546353,0.0,0.0,0.0
4,cfg_high,3,7,0.15145673340087643,0.14435719902271035,0.007099534378166083,0.15145673340087643,0.0,0.0,0.0
4,cfg_high,4,4,0.07458948666986019,0.06992764375299393,0.004661842916866262,0.07458948666986019,0.0,0.0,0.0
4,cfg_high,4,5,0.13432886180437414,0.12593330794160076,0.008395553862773384,0.13432886180437414,0.0,0.0,0.0
4,cfg_high,4,6,0.1631148161114692,0.15292014010450236,0.010194676006966824,0.1631148161114692,0.0,0.0,0.0
4,cfg_high,4,7,0.1406583342127927,0.13186718832449315,0.008791145888299544,0.1406583342127927,0.0,0.0,0.0
4,cfg_high,5,4,0.07331978374093376,0.06759167563617331,0.005728108104760449,0.07331978374093376,0.0,0.0,0.0
4,cfg_high,5,5,0.12540184908180033,0.11560482962228467,0.00979701945951565,0.12540184908180033,0.0,0.0,0.0
4,cfg_high,5,6,0.16394456389372258,0.1511363948395255,0.012808169054197077,0.16394456389372258,0.0,0.0,0.0
4,cfg_high,5,7,0.12096346658373601,0.11151319575688164,0.009450270826854375,0.12096346658373601,0.0,0.0,0.0
4,cfg_high,6,4,0.07874946288748415,0.07136670074178252,0.007382762145701639,0.07874946288748415,0.0,0.0,0.0
4,cfg_high,6,5,0.11432175131463507,0.10360408712888802,0.010717664185747038,0.11432175131463507,0.0,0.0,0.0
4,cfg_high,6,6,0.17903342742666523,0.16224904360541537,0.016784383821249867,0.17903342742666523,0.0,0.0,0.0
4,cfg_high,6,7,0.10312057592311039,0.09345302193031879,0.009667553992791598,0.10312057592311039,0.0,0.0,0.0
4,cfg_high,7,4,0.09768364055249935,0.08699949236706973,0.010684148185429617,0.09768364055249935,0.0,0.0,0.0
4,cfg_high,7,5,0.10471792130006956,0.09326439865787445,0.011453522642195109,0.10471792130006956,0.0,0.0,0.0
4,cfg_high,7,6,0.20457141666705184,0.18219641796909306,0.022374998697958795,0.20457141666705184,0.0,0.0,0.0
4,cfg_high,7,7,0.0981898706468258,0.08745035354482923,0.010739517101996571,0.0981898706468258,0.0,0.0,0.0
4,cfg_high,8,4,0.16399875741857964,0.14349891274125717,0.020499844677322455,0.16399875741857964,0.0,0.0,0.0
4,cfg_high,8,5,0.09865628701087348,0.0863242511345143,0.012332035876359185,0.09865628701087348,0.0,0.0,0.0
4,cfg_high,8,6,0.21339174209188821,0.18671777433040218,0.026673967761486027,0.21339174209188821,0.0,0.0,0.0
4,cfg_high,8,7,0.10505156039180896,0.09192011534283284,0.01313144504897612,0.10505156039180896,0.0,0.0,0.0
4,cfg_high,9,4,0.2615695163479916,0.22478630311155526,0.03678321323643632,0.2615695163479916,0.0,0.0,0.0
4,cfg_high,9,5,0.09923163018746178,0.08527718219234998,0.013954447995111814,0.09923163018746178,0.0,0.0,0.0
4,cfg_high,9,6,0.13817461916198492,0.11874381334233079,0.01943080581965413,0.13817461916198492,0.0,0.0,0.0
4,cfg_high,9,7,0.11410539988942155,0.09805932802997164,0.016046071859449906,0.11410539988942155,0.0,0.0,0.0
4,cfg_high,10,4,0.32479891723413,0.2740490864162972,0.05074983081783281,0.32479891723413,0.0,0.0,0.0
4,cfg_high,10,5,0.09824948744871892,0.08289800503485659,0.015351482413862331,0.09824948744871892,0.0,0.0,0.0
4,cfg_high,10,6,0.1089134433426483,0.0918957178203595,0.017017725522288796,0.1089134433426483,0.0,0.0,0.0
4,cfg_high,10,7,0.12312968204615728,0.1038906692264452,0.019239012819712076,0.12312968204615728,0.0,0.0,0.0
4,cfg_high,11,4,0.3609791418694665,0.29893585186065197,0.062043290008814554,0.3609791418694665,0.0,0.0,0.0
4,cfg_high,11,5,0.09560160638812483,0.07917008029016588,0.016431526097958955,0.09560160638812483,0.0,0.0,0.0
4,cfg_high,11,6,0.10985220872080409,0.09097136034691589,0.018880848373888204,0.10985220872080409,0.0,0.0,0.0
4,cfg_high,11,7,0.13106084958658482,0.10853476606389055,0.022526083522694265,0.13106084958658482,0.0,0.0,0.0
4,cfg_high,12,4,0.3658623746520287,0.2972631794047733,0.06859919524725538,0.3658623746520287,0.0,0.0,0.0
4,cfg_high,12,5,0.1023409895518561,0.08315205401088308,0.019188935540973017,0.1023409895518561,0.0,0.0,0.0
4,cfg_high,12,6,0.11458155529264966,0.09309751367527784,0.02148404161737181,0.11458155529264966,0.0,0.0,0.0
4,cfg_high,12,7,0.13532768316775512,0.10995374257380103,0.025373940593954085,0.13532768316775512,0.0,0.0,0.0
4,cfg_high,13,4,0.25910374947410425,0.20647330036217681,0.05263044911192743,0.25910374947410425,0.0,0.0,0.0
4,cfg_high,13,5,0.11259128188437498,0.08972117775161131,0.022870104132763667,0.11259128188437498,0.0,0.0,0.0
4,cfg_high,13,6,0.12286258410951743,0.0979061217122717,0.024956462397245728,0.12286258410951743,0.0,0.0,0.0
4,cfg_high,13,7,0.1414471701520912,0.11271571371494768,0.02873145643714353,0.1414471701520912,0.0,0.0,0.0
4,cfg_high,14,4,0.2348329570944648,0.18346324773005063,0.05136970936441418,0.2348329570944648,0.0,0.0,0.0
4,cfg_high,14,5,0.13095852225926483,0.10231134551505064,0.02864717674421418,0.13095852225926483,0.0,0.0,0.0
4,cfg_high,14,6,0.1318059063921461,0.10297336436886413,0.02883254202328196,0.1318059063921461,0.0,0.0,0.0
4,cfg_high,14,7,0.15298428560129043,0.11951897312600815,0.03346531247528228,0.15298428560129043,0.0,0.0,0.0
4,cfg_high,15,4,0.21911558638858583,0.16776037082876102,0.05135521555982481,0.21911558638858583,0.0,0.0,0.0
4,cfg_high,15,5,0.1611085998989169,0.12334877179760825,0.03775982810130865,0.1611085998989169,0.0,0.0,0.0
4,cfg_high,15,6,0.1395876546882861,0.10687179812071905,0.03271585656756706,0.1395876546882861,0.0,0.0,0.0
4,cfg_high,15,7,0.1646514531023292,0.1260612687814708,0.03859018432085841,0.1646514531023292,0.0,0.0,0.0
4,cfg_high,16,4,0.20800464226479856,0.15600348169859893,0.05200116056619964,0.20800464226479856,0.0,0.0,0.0
4,cfg_high,16,5,0.18425443757959203,0.13819082818469403,0.04606360939489801,0.18425443757959203,0.0,0.0,0.0
4,cfg_high,16,6,0.14606411037310837,0.10954808277983127,0.036516027593277094,0.14606411037310837,0.0,0.0,0.0
4,cfg_high,16,7,0.17378675407022115,0.13034006555266586,0.04344668851755529,0.17378675407022115,0.0,0.0,0.0
4,cfg_high,17,4,0.20178843746474426,0.14818838376317156,0.05360005370157269,0.20178843746474426,0.0,0.0,0.0
4,cfg_high,17,5,0.17489962344586166,0.12844191096805466,0.046457712477807,0.17489962344586166,0.0,0.0,0.0
4,cfg_high,17,6,0.15105522637606547,0.11093118186992308,0.04012404450614239,0.15105522637606547,0.0,0.0,0.0
4,cfg_high,17,7,0.17957817982631405,0.1318777258099494,0.04770045401636467,0.17957817982631405,0.0,0.0,0.0
4,cfg_high,18,4,0.2008845182229326,0.1443857474727328,0.056498770750199795,0.2008845182229326,0.0,0.0,0.0
4,cfg_high,18,5,0.16344680898780614,0.11747739395998566,0.045969415027820475,0.16344680898780614,0.0,0.0,0.0
4,cfg_high,18,6,0.1526939598515461,0.10974878364329876,0.04294517620824734,0.1526939598515461,0.0,0.0,0.0
4,cfg_high,18,7,0.18330740613078203,0.13175219815649958,0.051555207974282445,0.18330740613078203,0.0,0.0,0.0
4,cfg_high,19,4,0.2030374888606857,0.14276073435516964,0.06027675450551607,0.2030374888606857,0.0,0.0,0.0
4,cfg_high,19,5,0.1615313554644954,0.11357673431097333,0.04795462115352207,0.1615313554644954,0.0,0.0,0.0
4,cfg_high,19,6,0.15158350567291043,0.10658215242626515,0.04500135324664528,0.15158350567291043,0.0,0.0,0.0
4,cfg_high,19,7,0.18463085079380043,0.12981856696439092,0.0548122838294095,0.18463085079380043,0.0,0.0,0.0
4,cfg_high,20,4,0.20248705255467042,0.13920984863133593,0.06327720392333451,0.20248705255467042,0.0,0.0,0.0
4,cfg_high,20,5,0.16614007939559475,0.11422130458447138,0.05191877481112336,0.16614007939559475,0.0,0.0,0.0
4,cfg_high,20,6,0.14997789188794036,0.103109800672959,0.04686809121498137,0.14997789188794036,0.0,0.0,0.0
4,cfg_high,20,7,0.18293224372330644,0.12576591755977318,0.05716632616353326,0.18293224372330644,0.0,0.0,0.0
4,cfg_high,21,4,0.19848175568992896,0.13335492960417103,0.06512682608575794,0.19848175568992896,0.0,0.0,0.0
4,cfg_high,21,5,0.15715889511007608,0.10559113265208236,0.051567762457993715,0.15715889511007608,0.0,0.0,0.0
4,cfg_high,21,6,0.1485560784109417,0.09981111518235146,0.048744963228590246,0.1485560784109417,0.0,0.0,0.0
4,cfg_high,21,7,0.18094921485922694,0.1215752537335431,0.05937396112568384,0.18094921485922694,0.0,0.0,0.0
4,cfg_high,22,4,0.1950353247791313,0.12799193188630492,0.06704339289282639,0.1950353247791313,0.0,0.0,0.0
4,cfg_high,22,5,0.14010911316563984,0.09194660551495115,0.0481625076506887,0.14010911316563984,0.0,0.0,0.0
4,cfg_high,22,6,0.14700385936678734,0.0964712827094542,0.05053257665733315,0.14700385936678734,0.0,0.0,0.0
4,cfg_high,22,7,0.1796558804095007,0.11789917151873483,0.061756708890765864,0.1796558804095007,0.0,0.0,0.0
4,cfg_high,23,4,0.19235359595302357,0.12322652240740573,0.06912707354561784,0.19235359595302357,0.0,0.0,0.0
4,cfg_high,23,5,0.1265135999405586,0.08104777496192035,0.04546582497863825,0.1265135999405586,0.0,0.0,0.0
4,cfg_high,23,6,0.1451811082391184,0.09300664746568522,0.05217446077343317,0.1451811082391184,0.0,0.0,0.0
4,cfg_high,23,7,0.1788883741562996,0.11460036469387944,0.06428800946242016,0.1788883741562996,0.0,0.0,0.0
4,cfg_high,24,4,0.18679470698342593,0.1167466918646412,0.07004801511878472,0.18679470698342593,0.0,0.0,0.0
4,cfg_high,24,5,0.12013840288253075,0.07508650180158172,0.04505190108094903,0.12013840288253075,0.0,0.0,0.0
4,cfg_high,24,6,0.14316917791138334,0.08948073619461458,0.05368844171676875,0.14316917791138334,0.0,0.0,0.0
4,cfg_high,24,7,0.17857292625010743,0.11160807890631715,0.06696484734379028,0.17857292625010743,0.0,0.0,0.0
4,cfg_high,25,4,0.16699522331917246,0.10176271421012072,0.06523250910905175,0.16699522331917246,0.0,0.0,0.0
4,cfg_high,25,5,0.11485353622156509,0.06998887363501623,0.044864662586548865,0.11485353622156509,0.0,0.0,0.0
4,cfg_high,25,6,0.14089769557030854,0.08585953323815676,0.05503816233215177,0.14089769557030854,0.0,0.0,0.0
4,cfg_high,25,7,0.17820924865494492,0.10859626089910707,0.06961298775583785,0.17820924865494492,0.0,0.0,0.0
4,cfg_high,26,4,0.15336787426316392,0.09106217534375358,0.062305698919410346,0.15336787426316392,0.0,0.0,0.0
4,cfg_high,26,5,0.1100572498930539,0.06534649212400076,0.04471075776905315,0.1100572498930539,0.0,0.0,0.0
4,cfg_high,26,6,0.13840409258138428,0.08217742997019692,0.05622666261118736,0.13840409258138428,0.0,0.0,0.0
4,cfg_high,26,7,0.17674039290055882,0.1049396082847068,0.07180078461585201,0.17674039290055882,0.0,0.0,0.0
4,cfg_high,27,4,0.14836314536564388,0.08577244341451287,0.062590701951131,0.14836314536564388,0.0,0.0,0.0
4,cfg_high,27,5,0.10633681275344001,0.06147596987308251,0.0448608428803575,0.10633681275344001,0.0,0.0,0.0
4,cfg_high,27,6,0.13618764808237016,0.07873348404762025,0.05745416403474991,0.13618764808237016,0.0,0.0,0.0
4,cfg_high,27,7,0.1742548043728254,0.10074105877803968,0.07351374559478571,0.1742548043728254,0.0,0.0,0.0
4,cfg_high,28,4,0.14626576683372522,0.08227449384397044,0.06399127298975478,0.14626576683372522,0.0,0.0,0.0
4,cfg_high,28,5,0.10270008320485316,0.0577687968027299,0.04493128640212326,0.10270008320485316,0.0,0.0,0.0
4,cfg_high,28,6,0.13455603411607675,0.07568776919029317,0.05886826492578358,0.13455603411607675,0.0,0.0,0.0
4,cfg_high,28,7,0.1714029950021897,0.0964141846887317,0.074988810313458,0.1714029950021897,0.0,0.0,0.0
4,cfg_high,29,4,0.1458146612565039,0.07974239287465058,0.06607226838185333,0.1458146612565039,0.0,0.0,0.0
4,cfg_high,29,5,0.09786235436184516,0.053518475041634074,0.04434387932021109,0.09786235436184516,0.0,0.0,0.0
4,cfg_high,29,6,0.13345184537619276,0.07298147794010541,0.060470367436087344,0.13345184537619276,0.0,0.0,0.0
4,cfg_high,29,7,0.16850500636863436,0.09215117535784692,0.07635383101078744,0.16850500636863436,0.0,0.0,0.0
4,cfg_high,30,4,0.1476903343038061,0.078460490098897,0.0692298442049091,0.1476903343038061,0.0,0.0,0.0
4,cfg_high,30,5,0.09199304153357553,0.048871303314712,0.04312173821886353,0.09199304153357553,0.0,0.0,0.0
4,cfg_high,30,6,0.13282926047051866,0.07056554462496303,0.06226371584555562,0.13282926047051866,0.0,0.0,0.0
4,cfg_high,30,7,0.16561532663939724,0.08798314227717978,0.07763218436221746,0.16561532663939724,0.0,0.0,0.0
4,cfg_high,31,4,0.1516077473116864,0.07817274470758831,0.0734350026040981,0.1516077473116864,0.0,0.0,0.0
4,cfg_high,31,5,0.08656956407092155,0.04463743147406892,0.04193213259685263,0.08656956407092155,0.0,0.0,0.0
4,cfg_high,31,6,0.13261852968962576,0.06838142937121328,0.06423710031841248,0.13261852968962576,0.0,0.0,0.0
4,cfg_high,31,7,0.16262097946820306,0.0838514425382922,0.07876953692991086,0.16262097946820306,0.0,0.0,0.0
4,cfg_high,32,4,0.15526874138553168,0.07763437069276584,0.07763437069276584,0.15526874138553168,0.0,0.0,0.0
4,cfg_high,32,5,0.08264135172969014,0.04132067586484507,0.04132067586484507,0.08264135172969014,0.0,0.0,0.0
4,cfg_high,32,6,0.13224387810915622,0.06612193905457811,0.06612193905457811,0.13224387810915622,0.0,0.0,0.0
4,cfg_high,32,7,0.15927962018905667,0.07963981009452833,0.07963981009452833,0.15927962018905667,0.0,0.0,0.0
4,cfg_high,33,4,0.14827011262772755,0.07181833580405553,0.07645177682367202,0.14827011262772755,0.0,0.0,0.0
4,cfg_high,33,5,0.0802899477234721,0.0388904434285568,0.041399504294915304,0.0802899477234721,0.0,0.0,0.0
4,cfg_high,33,6,0.1313135994459984,0.06360502473165548,0.06770857471434293,0.1313135994459984,0.0,0.0,0.0
4,cfg_high,33,7,0.15538547323846325,0.07526483859988063,0.08012063463858261,0.15538547323846325,0.0,0.0,0.0
4,cfg_high,34,4,0.1387996666915469,0.0650623437616626,0.07373732292988429,0.1387996666915469,0.0,0.0,0.0
4,cfg_high,34,5,0.07916228354807693,0.03710732041316106,0.04205496313491587,0.07916228354807693,0.0,0.0,0.0
4,cfg_high,34,6,0.1298746925353078,0.06087876212592554,0.06899593040938228,0.1298746925353078,0.0,0.0,0.0
4,cfg_high,34,7,0.15093082078785128,0.07074882224430529,0.08018199854354599,0.15093082078785128,0.0,0.0,0.0
4,cfg_high,35,4,0.13198054024301673,0.059803682297616956,0.07217685794539977,0.13198054024301673,0.0,0.0,0.0
4,cfg_high,35,5,0.07865734044937597,0.035641607391123487,0.04301573305825249,0.07865734044937597,0.0,0.0,0.0
4,cfg_high,35,6,0.12800074030642078,0.05800033545134692,0.07000040485507386,0.12800074030642078,0.0,0.0,0.0
4,cfg_high,35,7,0.1460504332209623,0.06617910255324855,0.07987133066771376,0.1460504332209623,0.0,0.0,0.0
4,cfg_high,36,4,0.1256918160166008,0.05499016950726285,0.07070164650933794,0.1256918160166008,0.0,0.0,0.0
4,cfg_high,36,5,0.07823991198612766,0.03422996149393085,0.04400995049219681,0.07823991198612766,0.0,0.0,0.0
4,cfg_high,36,6,0.1257740621266697,0.055026152180417995,0.0707479099462517,0.1257740621266697,0.0,0.0,0.0
4,cfg_high,36,7,0.14090957530253503,0.06164793919485908,0.07926163610767596,0.14090957530253503,0.0,0.0,0.0
4,cfg_high,37,4,0.11921282438015045,0.05029291028537597,0.06891991409477448,0.11921282438015045,0.0,0.0,0.0
4,cfg_high,37,5,0.07809821644404756,0.03294768506233257,0.045150531381714994,0.07809821644404756,0.0,0.0,0.0
4,cfg_high,37,6,0.12338894183603175,0.05205470983707589,0.07133423199895585,0.12338894183603175,0.0,0.0,0.0
4,cfg_high,37,7,0.13567410237990643,0.057237511941523024,0.0784365904383834,0.13567410237990643,0.0,0.0,0.0
4,cfg_high,38,4,0.11359988298515607,0.046149952462719655,0.06744993052243642,0.11359988298515607,0.0,0.0,0.0
4,cfg_high,38,5,0.07855722938062094,0.03191387443587726,0.046643354944743684,0.07855722938062094,0.0,0.0,0.0
4,cfg_high,38,6,0.1209233861007051,0.04912512560341145,0.07179826049729365,0.1209233861007051,0.0,0.0,0.0
4,cfg_high,38,7,0.1305700233706202,0.05304407199431446,0.07752595137630575,0.1305700233706202,0.0,0.0,0.0
4,cfg_high,39,4,0.1094413697264235,0.042750535049384183,0.06669083467703932,0.1094413697264235,0.0,0.0,0.0
4,cfg_high,39,5,0.07886758729599838,0.030807651287499366,0.04805993600849901,0.07886758729599838,0.0,0.0,0.0
4,cfg_high,39,6,0.11829834795982898,0.04621029217180819,0.07208805578802079,0.11829834795982898,0.0,0.0,0.0
4,cfg_high,39,7,0.12586730731543067,0.049166916920090106,0.07670039039534056,0.12586730731543067,0.0,0.0,0.0
4,cfg_high,40,4,0.106089270061108,0.039783476272915494,0.0663057937881925,0.106089270061108,0.0,0.0,0.0
4,cfg_high,40,5,0.07766955305002955,0.029126082393761084,0.04854347065626847,0.07766955305002955,0.0,0.0,0.0
4,cfg_high,40,6,0.11549392201072615,0.043310220754022306,0.07218370125670384,0.11549392201072615,0.0,0.0,0.0
4,cfg_high,40,7,0.12171023594461267,0.04564133847922975,0.07606889746538292,0.12171023594461267,0.0,0.0,0.0
4,cfg_high,41,4,0.1037252082896791,0.03727624672910343,0.06644896156057567,0.1037252082896791,0.0,0.0,0.0
4,cfg_high,41,5,0.07487576592011956,0.02690847837754297,0.04796728754257659,0.07487576592011956,0.0,0.0,0.0
4,cfg_high,41,6,0.1125792941749861,0.04045818384413563,0.07212111033085047,0.1125792941749861,0.0,0.0,0.0
4,cfg_high,41,7,0.11804220991110552,0.04242141918680355,0.07562079072430197,0.11804220991110552,0.0,0.0,0.0
4,cfg_high,42,4,0.10198784906065515,0.03505832311460021,0.06692952594605495,0.10198784906065515,0.0,0.0,0.0
4,cfg_high,42,5,0.07173215392882883,0.024657927913034908,0.04707422601579392,0.07173215392882883,0.0,0.0,0.0
4,cfg_high,42,6,0.10965473545260764,0.03769381531183388,0.07196092014077377,0.10965473545260764,0.0,0.0,0.0
4,cfg_high,42,7,0.11469856302469983,0.03942763103974056,0.07527093198495927,0.11469856302469983,0.0,0.0,0.0
4,cfg_high,43,4,0.09892752357786468,0.03246059367398685,0.06646692990387783,0.09892752357786468,0.0,0.0,0.0
4,cfg_high,43,5,0.06895622323267701,0.022626260748222146,0.04632996248445487,0.06895622323267701,0.0,0.0,0.0
4,cfg_high,43,6,0.10681597630560874,0.03504899222527787,0.07176698408033087,0.10681597630560874,0.0,0.0,0.0
4,cfg_high,43,7,0.11151644412480027,0.03659133322845009,0.07492511089635018,0.11151644412480027,0.0,0.0,0.0
4,cfg_high,44,4,0.09485281570103947,0.029641504906574835,0.06521131079446464,0.09485281570103947,0.0,0.0,0.0
4,cfg_high,44,5,0.06668544326124733,0.02083920101913979,0.04584624224210754,0.06668544326124733,0.0,0.0,0.0
4,cfg_high,44,6,0.10412247876130137,0.032538274612906676,0.0715842041483947,0.10412247876130137,0.0,0.0,0.0
4,cfg_high,44,7,0.10840160395314472,0.03387550123535772,0.074526102717787,0.10840160395314472,0.0,0.0,0.0
4,cfg_high,45,4,0.09180357951758189,0.027254187669282122,0.06454939184829976,0.09180357951758189,0.0,0.0,0.0
4,cfg_high,45,5,0.06481266561423392,0.019241260104225694,0.045571405510008225,0.06481266561423392,0.0,0.0,0.0
4,cfg_high,45,6,0.10158103471468861,0.030156869680923182,0.07142416503376543,0.10158103471468861,0.0,0.0,0.0
4,cfg_high,45,7,0.10532686923801395,0.03126891430503539,0.07405795493297855,0.10532686923801395,0.0,0.0,0.0
4,cfg_high,46,4,0.08971269917610743,0.025231696643280215,0.06448100253282721,0.08971269917610743,0.0,0.0,0.0
4,cfg_high,46,5,0.06328483467599291,0.017798859752623006,0.04548597492336991,0.06328483467599291,0.0,0.0,0.0
4,cfg_high,46,6,0.09916099572871112,0.027889030048700005,0.07127196568001112,0.09916099572871112,0.0,0.0,0.0
4,cfg_high,46,7,0.10227237999771753,0.028764106874358056,0.07350827312335947,0.10227237999771753,0.0,0.0,0.0
4,cfg_high,47,4,0.0875699157740049,0.02326075887747005,0.06430915689653485,0.0875699157740049,0.0,0.0,0.0
4,cfg_high,47,5,0.062225804421669154,0.01652872929950587,0.04569707512216328,0.062225804421669154,0.0,0.0,0.0
4,cfg_high,47,6,0.09683781695245708,0.02572254512799641,0.07111527182446067,0.09683781695245708,0.0,0.0,0.0
4,cfg_high,47,7,0.09918411550293096,0.026345780680466037,0.07283833482246492,0.09918411550293096,0.0,0.0,0.0
8,cfg_high,0,8,0.11885719599341563,0.11885719599341563,0.0,0.11885719599341563,0.0,0.0,0.0
8,cfg_high,0,9,0.11026297399714714,0.11026297399714714,0.0,0.11026297399714714,0.0,0.0,0.0
8,cfg_high,0,10,0.15577216811415842,0.15577216811415842,0.0,0.15577216811415842,0.0,0.0,0.0
8,cfg_high,0,11,0.18657678636685524,0.18657678636685524,0.0,0.18657678636685524,0.0,0.0,0.0
8,cfg_high,1,8,0.14467689456455501,0.14241631808698385,0.002260576477571172,0.14467689456455501,0.0,0.0,0.0
8,cfg_high,1,9,0.11446867134704487,0.1126800983572473,0.0017885729897975761,0.11446867134704487,0.0,0.0,0.0
8,cfg_high,1,10,0.14711470319764974,0.14481603596018647,0.0022986672374632772,0.14711470319764974,0.0,0.0,0.0
8,cfg_high,1,11,0.1812144807640033,0.17838300450206573,0.0028314762619375514,0.1812144807640033,0.0,0.0,0.0
8,cfg_high,2,8,0.14647720670422337,0.1418997939947164,0.00457741270950698,0.14647720670422337,0.0,0.0,0.0
8,cfg_high,2,9,0.1120662162446158,0.10856414698697155,0.0035020692576442436,0.1120662162446158,0.0,0.0,0.0
8,cfg_high,2,10,0.14031201514417707,0.13592726467092153,0.0043847504732555335,0.14031201514417707,0.0,0.0,0.0
8,cfg_high,2,11,0.15836170626109936,0.15341290294044,0.004948803320659355,0.15836170626109936,0.0,0.0,0.0
8,cfg_high,3,8,0.15318357938653812,0.14600309910279416,0.007180480283743974,0.15318357938653812,0.0,0.0,0.0
8,cfg_high,3,9,0.11431436397212798,0.10895587816093448,0.005358485811193499,0.11431436397212798,0.0,0.0,0.0
8,cfg_high,3,10,0.1393346488705206,0.13280333720471496,0.006531311665805653,0.1393346488705206,0.0,0.0,0.0
8,cfg_high,3,11,0.12061452279205437,0.11496071703617682,0.0056538057558775485,0.12061452279205437,0.0,0.0,0.0
8,cfg_high,4,8,0.19036262230709394,0.17846495841290058,0.011897663894193371,0.19036262230709394,0.0,0.0,0.0
8,cfg_high,4,9,0.13965543320703877,0.13092696863159886,0.008728464575439923,0.13965543320703877,0.0,0.0,0.0
8,cfg_high,4,10,0.14752121493117176,0.13830113899797353,0.009220075933198235,0.14752121493117176,0.0,0.0,0.0
8,cfg_high,4,11,0.08626848784874773,0.080876707358201,0.005391780490546733,0.08626848784874773,0.0,0.0,0.0
8,cfg_high,5,8,0.19369614729128354,0.17856363578415202,0.015132511507131526,0.19369614729128354,0.0,0.0,0.0
8,cfg_high,5,9,0.16062295357028092,0.14807428532260272,0.012548668247678196,0.16062295357028092,0.0,0.0,0.0
8,cfg_high,5,10,0.17292664028799704,0.15941674651549725,0.013509893772499768,0.17292664028799704,0.0,0.0,0.0
8,cfg_high,5,11,0.06602703055163868,0.060868668789791906,0.005158361761846772,0.06602703055163868,0.0,0.0,0.0
8,cfg_high,6,8,0.19458731200344775,0.17634475150312454,0.018242560500323225,0.19458731200344775,0.0,0.0,0.0
8,cfg_high,6,9,0.16463181661031506,0.14919758380309803,0.015434232807217037,0.16463181661031506,0.0,0.0,0.0
8,cfg_high,6,10,0.20757663141761282,0.1881163222222116,0.0194603091954012,0.20757663141761282,0.0,0.0,0.0
8,cfg_high,6,11,0.05769537213039643,0.05228643099317177,0.005408941137224665,0.05769537213039643,0.0,0.0,0.0
8,cfg_high,7,8,0.2104194704083666,0.18740484083245149,0.023014629575915095,0.2104194704083666,0.0,0.0,0.0
8,cfg_high,7,9,0.20039800559277027,0.17847947373106102,0.021918531861709247,0.20039800559277027,0.0,0.0,0.0
8,cfg_high,7,10,0.2086429913789024,0.18582266419683496,0.022820327182067453,0.2086429913789024,0.0,0.0,0.0
8,cfg_high,7,11,0.05577648886373664,0.049675935394265444,0.0061005534694711944,0.05577648886373664,0.0,0.0,0.0
8,cfg_high,8,8,0.2253813418707206,0.1972086741368805,0.028172667733840074,0.2253813418707206,0.0,0.0,0.0
8,cfg_high,8,9,0.26740688958418696,0.23398102838616358,0.03342586119802337,0.26740688958418696,0.0,0.0,0.0
8,cfg_high,8,10,0.20922612470803514,0.18307285911953075,0.026153265588504393,0.20922612470803514,0.0,0.0,0.0
8,cfg_high,8,11,0.056391843982895144,0.04934286348503325,0.007048980497861893,0.056391843982895144,0.0,0.0,0.0
8,cfg_high,9,8,0.23485144204408132,0.20182545800663237,0.033025984037448934,0.23485144204408132,0.0,0.0,0.0
8,cfg_high,9,9,0.3277846708887098,0.28168995154498494,0.04609471934372481,0.3277846708887098,0.0,0.0,0.0
8,cfg_high,9,10,0.1986908284131932,0.1707499306675879,0.027940897745605292,0.1986908284131932,0.0,0.0,0.0
8,cfg_high,9,11,0.05839610280919644,0.05018415085165319,0.008211951957543248,0.05839610280919644,0.0,0.0,0.0
8,cfg_high,10,8,0.2562359524317706,0.21619908486430645,0.040036867567464156,0.2562359524317706,0.0,0.0,0.0
8,cfg_high,10,9,0.27536386304524435,0.23233825944442493,0.04302560360081943,0.27536386304524435,0.0,0.0,0.0
8,cfg_high,10,10,0.2153752515992453,0.18172286853686323,0.03365238306238208,0.2153752515992453,0.0,0.0,0.0
8,cfg_high,10,11,0.06277204253353817,0.052963910887672834,0.00980813164586534,0.06277204253353817,0.0,0.0,0.0
8,cfg_high,11,8,0.2902535673521506,0.2403662354634997,0.04988733188865088,0.2902535673521506,0.0,0.0,0.0
8,cfg_high,11,9,0.26189771664486694,0.21688404659653043,0.04501367004833651,0.26189771664486694,0.0,0.0,0.0
8,cfg_high,11,10,0.20674762316973588,0.17121287543743752,0.03553474773229835,0.20674762316973588,0.0,0.0,0.0
8,cfg_high,11,11,0.0698546852595451,0.05784841123056078,0.012006274028984312,0.0698546852595451,0.0,0.0,0.0
8,cfg_high,12,8,0.2625157696632339,0.21329406285137756,0.049221706811856364,0.2625157696632339,0.0,0.0,0.0
8,cfg_high,12,9,0.2497845373413684,0.20294993658986182,0.046834600751506576,0.2497845373413684,0.0,0.0,0.0
8,cfg_high,12,10,0.19247713287587015,0.1563876704616445,0.036089462414225656,0.19247713287587015,0.0,0.0,0.0
8,cfg_high,12,11,0.07760826194795341,0.06305671283271215,0.014551549115241265,0.07760826194795341,0.0,0.0,0.0
8,cfg_high,13,8,0.23918106229866273,0.19059740901924688,0.04858365327941587,0.23918106229866273,0.0,0.0,0.0
8,cfg_high,13,9,0.24351392008385647,0.19405015506682313,0.04946376501703335,0.24351392008385647,0.0,0.0,0.0
8,cfg_high,13,10,0.19919480066704037,0.1587333567815478,0.040461443885492575,0.19919480066704037,0.0,0.0,0.0
8,cfg_high,13,11,0.08411366966579692,0.06702808051493192,0.017085589150865,0.08411366966579692,0.0,0.0,0.0
8,cfg_high,14,8,0.23002064005071673,0.17970362503962245,0.050317015011094285,0.23002064005071673,0.0,0.0,0.0
8,cfg_high,14,9,0.22727658594668085,0.17755983277084442,0.04971675317583644,0.22727658594668085,0.0,0.0,0.0
8,cfg_high,14,10,0.1935449075039797,0.15120695898748415,0.04233794851649556,0.1935449075039797,0.0,0.0,0.0
8,cfg_high,14,11,0.08957662220801516,0.06998173610001183,0.019594886108003313,0.08957662220801516,0.0,0.0,0.0
8,cfg_high,15,8,0.21926123955570356,0.16787188653483553,0.05138935302086802,0.21926123955570356,0.0,0.0,0.0
8,cfg_high,15,9,0.21450356213870517,0.16422928976244613,0.050274272376259026,0.21450356213870517,0.0,0.0,0.0
8,cfg_high,15,10,0.1783818352935093,0.13657359264659305,0.04180824264691624,0.1783818352935093,0.0,0.0,0.0
8,cfg_high,15,11,0.09508523307628956,0.0727996315740342,0.022285601502255368,0.09508523307628956,0.0,0.0,0.0
8,cfg_high,16,8,0.20657052054391206,0.15492789040793403,0.051642630135978015,0.20657052054391206,0.0,0.0,0.0
8,cfg_high,16,9,0.20500295319246287,0.15375221489434715,0.05125073829811572,0.20500295319246287,0.0,0.0,0.0
8,cfg_high,16,10,0.16062638025494572,0.1204697851912093,0.04015659506373643,0.16062638025494572,0.0,0.0,0.0
8,cfg_high,16,11,0.1007452372329034,0.07555892792467755,0.02518630930822585,0.1007452372329034,0.0,0.0,0.0
8,cfg_high,17,8,0.19981352575366934,0.14673805797535092,0.05307546777831842,0.19981352575366934,0.0,0.0,0.0
8,cfg_high,17,9,0.19802986374803636,0.1454281811899642,0.052601682558072155,0.19802986374803636,0.0,0.0,0.0
8,cfg_high,17,10,0.15121796289589567,0.11105069150167339,0.04016727139422229,0.15121796289589567,0.0,0.0,0.0
8,cfg_high,17,11,0.10583473664554183,0.07772238472406978,0.02811235192147205,0.10583473664554183,0.0,0.0,0.0
8,cfg_high,18,8,0.20000525748880793,0.1437537788200807,0.056251478668727234,0.20000525748880793,0.0,0.0,0.0
8,cfg_high,18,9,0.19164856748053075,0.13774740787663148,0.053901159603899275,0.19164856748053075,0.0,0.0,0.0
8,cfg_high,18,10,0.14667604133002363,0.10542340470595449,0.041252636624069146,0.14667604133002363,0.0,0.0,0.0
8,cfg_high,18,11,0.11090702273676888,0.07971442259205264,0.031192600144716247,0.11090702273676888,0.0,0.0,0.0
8,cfg_high,19,8,0.20410740352500592,0.1435130181035198,0.06059438542148613,0.20410740352500592,0.0,0.0,0.0
8,cfg_high,19,9,0.18614485045025447,0.13088309797283518,0.055261752477419296,0.18614485045025447,0.0,0.0,0.0
8,cfg_high,19,10,0.14096429660759283,0.0991155210522137,0.04184877555537912,0.14096429660759283,0.0,0.0,0.0
8,cfg_high,19,11,0.1179100760142438,0.08290552219751518,0.03500455381672863,0.1179100760142438,0.0,0.0,0.0
8,cfg_high,20,8,0.20853884244500878,0.14337045418094355,0.06516838826406525,0.20853884244500878,0.0,0.0,0.0
8,cfg_high,20,9,0.18262089183319655,0.12555186313532263,0.05706902869787392,0.18262089183319655,0.0,0.0,0.0
8,cfg_high,20,10,0.1351396436426953,0.092908505004353,0.042231138638342276,0.1351396436426953,0.0,0.0,0.0
8,cfg_high,20,11,0.12766365510080155,0.08776876288180106,0.039894892219000486,0.12766365510080155,0.0,0.0,0.0
8,cfg_high,21,8,0.2080476340473864,0.13978200412558775,0.06826562992179866,0.2080476340473864,0.0,0.0,0.0
8,cfg_high,21,9,0.18102969485925605,0.12162932623356265,0.05940036862569339,0.18102969485925605,0.0,0.0,0.0
8,cfg_high,21,10,0.13209156043234146,0.08874901716547942,0.043342543266862044,0.13209156043234146,0.0,0.0,0.0
8,cfg_high,21,11,0.1391253764625703,0.09347486231078943,0.04565051415178088,0.1391253764625703,0.0,0.0,0.0
8,cfg_high,22,8,0.1981357239477064,0.1300265688406823,0.06810915510702407,0.1981357239477064,0.0,0.0,0.0
8,cfg_high,22,9,0.17909607230628186,0.11753179745099747,0.06156427485528439,0.17909607230628186,0.0,0.0,0.0
8,cfg_high,22,10,0.13095947327876165,0.08594215433918732,0.045017318939574315,0.13095947327876165,0.0,0.0,0.0
8,cfg_high,22,11,0.15025749410387393,0.09860648050566727,0.05165101359820666,0.15025749410387393,0.0,0.0,0.0
8,cfg_high,23,8,0.18531881620294816,0.11871986663001366,0.0665989495729345,0.18531881620294816,0.0,0.0,0.0
8,cfg_high,23,9,0.1752206031980796,0.11225069892376975,0.06296990427430986,0.1752206031980796,0.0,0.0,0.0
8,cfg_high,23,10,0.12898926518320883,0.08263374800799315,0.046355517175215674,0.12898926518320883,0.0,0.0,0.0
8,cfg_high,23,11,0.16047861652643053,0.10280661371224456,0.05767200281418597,0.16047861652643053,0.0,0.0,0.0
8,cfg_high,24,8,0.17616283815213257,0.11010177384508285,0.06606106430704972,0.17616283815213257,0.0,0.0,0.0
8,cfg_high,24,9,0.1714853804051286,0.10717836275320537,0.06430701765192322,0.1714853804051286,0.0,0.0,0.0
8,cfg_high,24,10,0.1249065216797977,0.07806657604987356,0.046839945629924135,0.1249065216797977,0.0,0.0,0.0
8,cfg_high,24,11,0.1676187083422112,0.104761692713882,0.06285701562832921,0.1676187083422112,0.0,0.0,0.0
8,cfg_high,25,8,0.1710627399129755,0.10424135713446944,0.06682138277850605,0.1710627399129755,0.0,0.0,0.0
8,cfg_high,25,9,0.1688238644208669,0.10287704238146576,0.06594682203940112,0.1688238644208669,0.0,0.0,0.0
8,cfg_high,25,10,0.12029057963771352,0.07330207196673168,0.046988507670981845,0.12029057963771352,0.0,0.0,0.0
8,cfg_high,25,11,0.1705845595679645,0.10394996598672837,0.06663459358123613,0.1705845595679645,0.0,0.0,0.0
8,cfg_high,26,8,0.16668004653082083,0.09896627762767486,0.06771376890314597,0.16668004653082083,0.0,0.0,0.0
8,cfg_high,26,9,0.16455383296933884,0.09770383832554494,0.0668499946437939,0.16455383296933884,0.0,0.0,0.0
8,cfg_high,26,10,0.11622287351392606,0.0690073311488936,0.04721554236503246,0.11622287351392606,0.0,0.0,0.0
8,cfg_high,26,11,0.17056715373713047,0.10127424753142121,0.06929290620570926,0.17056715373713047,0.0,0.0,0.0
8,cfg_high,27,8,0.1623657503574782,0.09386769942541708,0.06849805093206111,0.1623657503574782,0.0,0.0,0.0
8,cfg_high,27,9,0.1609972885581269,0.09307655744766712,0.06792073111045978,0.1609972885581269,0.0,0.0,0.0
8,cfg_high,27,10,0.1132882492160559,0.06549476907803232,0.047793480138023585,0.1132882492160559,0.0,0.0,0.0
8,cfg_high,27,11,0.16847159127008615,0.09739763870301855,0.0710739525670676,0.16847159127008615,0.0,0.0,0.0
8,cfg_high,28,8,0.1583662135104418,0.08908099509962351,0.06928521841081829,0.1583662135104418,0.0,0.0,0.0
8,cfg_high,28,9,0.15658542374871692,0.08807930085865327,0.06850612289006365,0.15658542374871692,0.0,0.0,0.0
8,cfg_high,28,10,0.11153501332852954,0.06273844499729786,0.04879656833123167,0.11153501332852954,0.0,0.0,0.0
8,cfg_high,28,11,0.16607312736150423,0.09341613414084612,0.0726569932206581,0.16607312736150423,0.0,0.0,0.0
8,cfg_high,29,8,0.15499155132508552,0.08476100463090615,0.07023054669417937,0.15499155132508552,0.0,0.0,0.0
8,cfg_high,29,9,0.15049809918838009,0.08230364799364535,0.06819445119473473,0.15049809918838009,0.0,0.0,0.0
8,cfg_high,29,10,0.11065844509294923,0.06051633716020661,0.05014210793274262,0.11065844509294923,0.0,0.0,0.0
8,cfg_high,29,11,0.16680254972080294,0.09122014437856411,0.07558240534223883,0.16680254972080294,0.0,0.0,0.0
8,cfg_high,30,8,0.15192383611421217,0.08070953793567522,0.07121429817853696,0.15192383611421217,0.0,0.0,0.0
8,cfg_high,30,9,0.1444849129549948,0.07675761000734099,0.0677273029476538,0.1444849129549948,0.0,0.0,0.0
8,cfg_high,30,10,0.11012471463957117,0.058503754652272186,0.05162095998729899,0.11012471463957117,0.0,0.0,0.0
8,cfg_high,30,11,0.17212195013489415,0.09143978600916251,0.08068216412573163,0.17212195013489415,0.0,0.0,0.0
8,cfg_high,31,8,0.1485154013284278,0.07657825380997059,0.07193714751845721,0.1485154013284278,0.0,0.0,0.0
8,cfg_high,31,9,0.14033055154748705,0.07235794064167302,0.06797261090581404,0.14033055154748705,0.0,0.0,0.0
8,cfg_high,31,10,0.10946121117742298,0.05644093701335873,0.053020274164064254,0.10946121117742298,0.0,0.0,0.0
8,cfg_high,31,11,0.17068527995239047,0.08800959747545134,0.08267568247693913,0.17068527995239047,0.0,0.0,0.0
8,cfg_high,32,8,0.14426657194148032,0.07213328597074016,0.07213328597074016,0.14426657194148032,0.0,0.0,0.0
8,cfg_high,32,9,0.13732043801794347,0.06866021900897173,0.06866021900897173,0.13732043801794347,0.0,0.0,0.0
8,cfg_high,32,10,0.10861587694873295,0.05430793847436648,0.05430793847436648,0.10861587694873295,0.0,0.0,0.0
8,cfg_high,32,11,0.16346347286090987,0.08173173643045493,0.08173173643045493,0.16346347286090987,0.0,0.0,0.0
8,cfg_high,33,8,0.13927396929087077,0.06746082887526553,0.07181314041560524,0.13927396929087077,0.0,0.0,0.0
8,cfg_high,33,9,0.13411806261397988,0.0649634365786465,0.06915462603533337,0.13411806261397988,0.0,0.0,0.0
8,cfg_high,33,10,0.10792734338593434,0.05227730695256194,0.055650036433372393,0.10792734338593434,0.0,0.0,0.0
8,cfg_high,33,11,0.1637345983473169,0.07930894607448162,0.08442565227283529,0.1637345983473169,0.0,0.0,0.0
8,cfg_high,34,8,0.13379687537520218,0.06271728533212602,0.07107959004307617,0.13379687537520218,0.0,0.0,0.0
8,cfg_high,34,9,0.13140427054584486,0.061595751818364776,0.06980851872748008,0.13140427054584486,0.0,0.0,0.0
8,cfg_high,34,10,0.10778973407238229,0.0505264378464292,0.057263296225953095,0.10778973407238229,0.0,0.0,0.0
8,cfg_high,34,11,0.1611845651808916,0.07555526492854295,0.08562930025234866,0.1611845651808916,0.0,0.0,0.0
8,cfg_high,35,8,0.12809749809192528,0.05804417882290364,0.07005331926902164,0.12809749809192528,0.0,0.0,0.0
8,cfg_high,35,9,0.12926560090620326,0.058573475410623355,0.0706921254955799,0.12926560090620326,0.0,0.0,0.0
8,cfg_high,35,10,0.10811180920754732,0.04898816354716988,0.059123645660377436,0.10811180920754732,0.0,0.0,0.0
8,cfg_high,35,11,0.14696106303643008,0.06659173168838238,0.0803693313480477,0.14696106303643008,0.0,0.0,0.0
8,cfg_high,36,8,0.12247505235083474,0.053582835403490195,0.06889221694734454,0.12247505235083474,0.0,0.0,0.0
8,cfg_high,36,9,0.12721004248756956,0.05565439358831169,0.07155564889925788,0.12721004248756956,0.0,0.0,0.0
8,cfg_high,36,10,0.10808091934881053,0.047285402215104605,0.06079551713370593,0.10808091934881053,0.0,0.0,0.0
8,cfg_high,36,11,0.13879437722935237,0.06072254003784166,0.0780718371915107,0.13879437722935237,0.0,0.0,0.0
8,cfg_high,37,8,0.11718133781867733,0.049435876892254496,0.06774546092642283,0.11718133781867733,0.0,0.0,0.0
8,cfg_high,37,9,0.12518145086864793,0.05281092458521085,0.07237052628343708,0.12518145086864793,0.0,0.0,0.0
8,cfg_high,37,10,0.10722150880598944,0.04523407402752679,0.06198743477846264,0.10722150880598944,0.0,0.0,0.0
8,cfg_high,37,11,0.13300377752892195,0.05611096864501395,0.07689280888390801,0.13300377752892195,0.0,0.0,0.0
8,cfg_high,38,8,0.11239042371204358,0.045658609633017704,0.06673181407902587,0.11239042371204358,0.0,0.0,0.0
8,cfg_high,38,9,0.1233471088860245,0.05010976298494745,0.07323734590107704,0.1233471088860245,0.0,0.0,0.0
8,cfg_high,38,10,0.10547513543034998,0.04284927376857968,0.0626258616617703,0.10547513543034998,0.0,0.0,0.0
8,cfg_high,38,11,0.1283051861687527,0.052123981881055784,0.07618120428769691,0.1283051861687527,0.0,0.0,0.0
8,cfg_high,39,8,0.1082208163214587,0.04227375637556981,0.0659470599458889,0.1082208163214587,0.0,0.0,0.0
8,cfg_high,39,9,0.12186788494177513,0.04760464255538091,0.07426324238639422,0.12186788494177513,0.0,0.0,0.0
8,cfg_high,39,10,0.102881599454333,0.04018812478684883,0.06269347466748418,0.102881599454333,0.0,0.0,0.0
8,cfg_high,39,11,0.1242529046346369,0.048536290872905036,0.07571661376173186,0.1242529046346369,0.0,0.0,0.0
8,cfg_high,40,8,0.10455587363429873,0.03920845261286202,0.0653474210214367,0.10455587363429873,0.0,0.0,0.0
8,cfg_high,40,9,0.12087210196166939,0.04532703823562602,0.07554506372604337,0.12087210196166939,0.0,0.0,0.0
8,cfg_high,40,10,0.09968671075613673,0.03738251653355128,0.06230419422258546,0.09968671075613673,0.0,0.0,0.0
8,cfg_high,40,11,0.12075294753476826,0.04528235532553809,0.07547059220923016,0.12075294753476826,0.0,0.0,0.0
8,cfg_high,41,8,0.10119686719864032,0.03636762414951136,0.06482924304912896,0.10119686719864032,0.0,0.0,0.0
8,cfg_high,41,9,0.1207741440314487,0.043403208011301875,0.07737093602014683,0.1207741440314487,0.0,0.0,0.0
8,cfg_high,41,10,0.09638923369870483,0.03463988086047205,0.06174935283823278,0.09638923369870483,0.0,0.0,0.0
8,cfg_high,41,11,0.11776648153449898,0.04232232930146057,0.07544415223303841,0.11776648153449898,0.0,0.0,0.0
8,cfg_high,42,8,0.09807785623124189,0.0337142630794894,0.0643635931517525,0.09807785623124189,0.0,0.0,0.0
8,cfg_high,42,9,0.1229310409026725,0.04225754531029367,0.08067349559237882,0.1229310409026725,0.0,0.0,0.0
8,cfg_high,42,10,0.09331780059728145,0.0320779939553155,0.06123980664196595,0.09331780059728145,0.0,0.0,0.0
8,cfg_high,42,11,0.11514046111108113,0.03957953350693414,0.075560927604147,0.11514046111108113,0.0,0.0,0.0
8,cfg_high,43,8,0.09524290920764027,0.03125157958375696,0.0639913296238833,0.09524290920764027,0.0,0.0,0.0
8,cfg_high,43,9,0.12510786589262263,0.0410510184960168,0.08405684739660582,0.12510786589262263,0.0,0.0,0.0
8,cfg_high,43,10,0.09063576103984958,0.02973985909120064,0.06089590194864893,0.09063576103984958,0.0,0.0,0.0
8,cfg_high,43,11,0.11269772884009527,0.03697894227565626,0.075718786564439,0.11269772884009527,0.0,0.0,0.0
8,cfg_high,44,8,0.0927169620672729,0.028974050646022778,0.06374291142125012,0.0927169620672729,0.0,0.0,0.0
8,cfg_high,44,9,0.11615037268847193,0.03629699146514748,0.07985338122332446,0.11615037268847193,0.0,0.0,0.0
8,cfg_high,44,10,0.08835475621705781,0.027610861317830564,0.06074389489922724,0.08835475621705781,0.0,0.0,0.0
8,cfg_high,44,11,0.11029921578521257,0.034468504932878924,0.07583071085233364,0.11029921578521257,0.0,0.0,0.0
8,cfg_high,45,8,0.09043709337855592,0.02684851209675879,0.06358858128179713,0.09043709337855592,0.0,0.0,0.0
8,cfg_high,45,9,0.10905322555785418,0.03237517633748796,0.07667804922036622,0.10905322555785418,0.0,0.0,0.0
8,cfg_high,45,10,0.08638992142553152,0.025647007923204672,0.06074291350232685,0.08638992142553152,0.0,0.0,0.0
8,cfg_high,45,11,0.1078375441694436,0.03201427092530357,0.07582327324414004,0.1078375441694436,0.0,0.0,0.0
8,cfg_high,46,8,0.08828237565533188,0.024829418153062093,0.06345295750226979,0.08828237565533188,0.0,0.0,0.0
8,cfg_high,46,9,0.10584417091925269,0.02976867307103982,0.07607549784821287,0.10584417091925269,0.0,0.0,0.0
8,cfg_high,46,10,0.08467943875357772,0.023816092149443736,0.06086334660413399,0.08467943875357772,0.0,0.0,0.0
8,cfg_high,46,11,0.1052707235833404,0.02960739100781449,0.07566333257552592,0.1052707235833404,0.0,0.0,0.0
8,cfg_high,47,8,0.08615351351563358,0.022884527027590168,0.06326898648804341,0.08615351351563358,0.0,0.0,0.0
8,cfg_high,47,9,0.10267266483762627,0.02727242659749448,0.0754002382401318,0.10267266483762627,0.0,0.0,0.0
8,cfg_high,47,10,0.08319663763425263,0.022099106871598353,0.06109753076265427,0.08319663763425263,0.0,0.0,0.0
8,cfg_high,47,11,0.10261759936840527,0.02725779983223265,0.07535979953617263,0.10261759936840527,0.0,0.0,0.0
12,cfg_high,0,12,0.0741066329688582,0.0741066329688582,0.0,0.0741066329688582,0.0,0.0,0.0
12,cfg_high,0,13,0.10990619967190085,0.10990619967190085,0.0,0.10990619967190085,0.0,0.0,0.0
12,cfg_high,0,14,0.12802481379007333,0.12802481379007333,0.0,0.12802481379007333,0.0,0.0,0.0
12,cfg_high,0,15,0.15798208445730022,0.15798208445730022,0.0,0.15798208445730022,0.0,0.0,0.0
12,cfg_high,1,12,0.10253513211951412,0.10093302068014672,0.0016021114393674082,0.10253513211951412,0.0,0.0,0.0
12,cfg_high,1,13,0.11886695951661357,0.11700966327416648,0.001857296242447087,0.11886695951661357,0.0,0.0,0.0
12,cfg_high,1,14,0.11312159945354182,0.11135407446208023,0.001767524991461591,0.11312159945354182,0.0,0.0,0.0
12,cfg_high,1,15,0.15193396974537646,0.14956000146810494,0.002373968277271507,0.15193396974537646,0.0,0.0,0.0
12,cfg_high,2,12,0.1737172332827552,0.16828856974266912,0.0054286635400861,0.1737172332827552,0.0,0.0,0.0
12,cfg_high,2,13,0.11332776004140016,0.10978626754010641,0.003541492501293755,0.11332776004140016,0.0,0.0,0.0
12,cfg_high,2,14,0.09689938086609687,0.09387127521403134,0.003028105652065527,0.09689938086609687,0.0,0.0,0.0
12,cfg_high,2,15,0.1393214929873239,0.13496769633147004,0.004353796655853872,0.1393214929873239,0.0,0.0,0.0
12,cfg_high,3,12,0.2744018125815098,0.2615392276167515,0.012862584964758273,0.2744018125815098,0.0,0.0,0.0
12,cfg_high,3,13,0.1010516748151768,0.09631487755821538,0.004736797256961412,0.1010516748151768,0.0,0.0,0.0
12,cfg_high,3,14,0.08984700034069609,0.08563542219972596,0.004211578140970129,0.08984700034069609,0.0,0.0,0.0
12,cfg_high,3,15,0.12479147666960753,0.11894187620071968,0.005849600468887853,0.12479147666960753,0.0,0.0,0.0
12,cfg_high,4,12,0.22201375278969568,0.2081378932403397,0.01387585954935598,0.22201375278969568,0.0,0.0,0.0
12,cfg_high,4,13,0.0905109000038082,0.08485396875357018,0.005656931250238012,0.0905109000038082,0.0,0.0,0.0
12,cfg_high,4,14,0.09108126297097073,0.08538868403528506,0.005692578935685671,0.09108126297097073,0.0,0.0,0.0
12,cfg_high,4,15,0.11192840749810608,0.10493288202947444,0.00699552546863163,0.11192840749810608,0.0,0.0,0.0
12,cfg_high,5,12,0.2492567029899136,0.2297835230688266,0.019473179921087,0.2492567029899136,0.0,0.0,0.0
12,cfg_high,5,13,0.08287790110375758,0.07640306508002652,0.006474836023731061,0.08287790110375758,0.0,0.0,0.0
12,cfg_high,5,14,0.08994754414834705,0.08292039226175743,0.007027151886589613,0.08994754414834705,0.0,0.0,0.0
12,cfg_high,5,15,0.10320228982430373,0.09513961093178,0.008062678892523729,0.10320228982430373,0.0,0.0,0.0
12,cfg_high,6,12,0.2620561473880597,0.23748838357042912,0.024567763817630598,0.2620561473880597,0.0,0.0,0.0
12,cfg_high,6,13,0.07837057896177559,0.07102333718410912,0.007347241777666462,0.07837057896177559,0.0,0.0,0.0
12,cfg_high,6,14,0.08775765375268217,0.07953037371336821,0.008227280039313953,0.08775765375268217,0.0,0.0,0.0
12,cfg_high,6,15,0.09819140609833882,0.08898596177661955,0.009205444321719264,0.09819140609833882,0.0,0.0,0.0
12,cfg_high,7,12,0.25333669167201467,0.22562799102038805,0.027708700651626603,0.25333669167201467,0.0,0.0,0.0
12,cfg_high,7,13,0.07816254016048432,0.06961351233043135,0.008549027830052973,0.07816254016048432,0.0,0.0,0.0
12,cfg_high,7,14,0.08453356418278517,0.07528770560029303,0.009245858582492128,0.08453356418278517,0.0,0.0,0.0
12,cfg_high,7,15,0.09519852476484944,0.08478618611869403,0.010412338646155407,0.09519852476484944,0.0,0.0,0.0
12,cfg_high,8,12,0.20276140407022364,0.17741622856144568,0.025345175508777955,0.20276140407022364,0.0,0.0,0.0
12,cfg_high,8,13,0.08457419380945701,0.07400241958327489,0.010571774226182126,0.08457419380945701,0.0,0.0,0.0
12,cfg_high,8,14,0.07921567905512213,0.06931371917323186,0.009901959881890266,0.07921567905512213,0.0,0.0,0.0
12,cfg_high,8,15,0.09340125440894474,0.08172609760782665,0.011675156801118093,0.09340125440894474,0.0,0.0,0.0
12,cfg_high,9,12,0.14549455136315956,0.12503438007771525,0.020460171285444313,0.14549455136315956,0.0,0.0,0.0
12,cfg_high,9,13,0.102388043091746,0.08798972453196921,0.01439831855977678,0.102388043091746,0.0,0.0,0.0
12,cfg_high,9,14,0.08242500744721304,0.0708339907749487,0.011591016672264334,0.08242500744721304,0.0,0.0,0.0
12,cfg_high,9,15,0.09205626856366453,0.07911085579689921,0.012945412766765325,0.09205626856366453,0.0,0.0,0.0
12,cfg_high,10,12,0.11820616405057674,0.09973645091767412,0.018469713132902615,0.11820616405057674,0.0,0.0,0.0
12,cfg_high,10,13,0.1428568532528621,0.1205354699321024,0.022321383320759704,0.1428568532528621,0.0,0.0,0.0
12,cfg_high,10,14,0.09486023403080002,0.08003832246348752,0.014821911567312503,0.09486023403080002,0.0,0.0,0.0
12,cfg_high,10,15,0.08998936560141715,0.07592852722619572,0.01406083837522143,0.08998936560141715,0.0,0.0,0.0
12,cfg_high,11,12,0.11275136578843667,0.09337222479354912,0.019379140994887554,0.11275136578843667,0.0,0.0,0.0
12,cfg_high,11,13,0.2095378841831383,0.1735235603391614,0.036014323843976896,0.2095378841831383,0.0,0.0,0.0
12,cfg_high,11,14,0.1081994642559664,0.08960268133697218,0.018596782918994224,0.1081994642559664,0.0,0.0,0.0
12,cfg_high,11,15,0.08697024110598418,0.07202223091589315,0.014948010190091031,0.08697024110598418,0.0,0.0,0.0
12,cfg_high,12,12,0.11297600982905294,0.09179300798610551,0.021183001842947427,0.11297600982905294,0.0,0.0,0.0
12,cfg_high,12,13,0.2533165074075789,0.20581966226865783,0.04749684513892104,0.2533165074075789,0.0,0.0,0.0
12,cfg_high,12,14,0.1191944802919884,0.09684551523724057,0.022348965054747823,0.1191944802919884,0.0,0.0,0.0
12,cfg_high,12,15,0.08456678338295412,0.06871051149865022,0.0158562718843039,0.08456678338295412,0.0,0.0,0.0
12,cfg_high,13,12,0.11345386556491485,0.09040854912204152,0.023045316442873328,0.11345386556491485,0.0,0.0,0.0
12,cfg_high,13,13,0.27645274972354894,0.22029828493595305,0.05615446478759588,0.27645274972354894,0.0,0.0,0.0
12,cfg_high,13,14,0.12720265522846708,0.1013646158851847,0.025838039343282375,0.12720265522846708,0.0,0.0,0.0
12,cfg_high,13,15,0.08368922870430194,0.06668985412374061,0.016999374580561333,0.08368922870430194,0.0,0.0,0.0
12,cfg_high,14,12,0.11389887578576167,0.08898349670762631,0.024915379078135368,0.11389887578576167,0.0,0.0,0.0
12,cfg_high,14,13,0.2151406494183431,0.16807863235808054,0.047062017060262556,0.2151406494183431,0.0,0.0,0.0
12,cfg_high,14,14,0.13402125660279315,0.10470410672093215,0.029317149881861,0.13402125660279315,0.0,0.0,0.0
12,cfg_high,14,15,0.08389678679564207,0.06554436468409537,0.018352422111546703,0.08389678679564207,0.0,0.0,0.0
12,cfg_high,15,12,0.11561122592191532,0.08851484484646642,0.027096381075448903,0.11561122592191532,0.0,0.0,0.0
12,cfg_high,15,13,0.18069728587840453,0.13834635950065347,0.042350926377751064,0.18069728587840453,0.0,0.0,0.0
12,cfg_high,15,14,0.14228770915412003,0.10893902732112315,0.033348681832996885,0.14228770915412003,0.0,0.0,0.0
12,cfg_high,15,15,0.08571598283255003,0.06562629935617112,0.020089683476378913,0.08571598283255003,0.0,0.0,0.0
12,cfg_high,16,12,0.1176332233525504,0.0882249175144128,0.0294083058381376,0.1176332233525504,0.0,0.0,0.0
12,cfg_high,16,13,0.1662954512059186,0.12472158840443895,0.04157386280147965,0.1662954512059186,0.0,0.0,0.0
12,cfg_high,16,14,0.15210271617754464,0.11407703713315848,0.03802567904438616,0.15210271617754464,0.0,0.0,0.0
12,cfg_high,16,15,0.08843380120998852,0.06632535090749139,0.02210845030249713,0.08843380120998852,0.0,0.0,0.0
12,cfg_high,17,12,0.12000407069637604,0.08812798941765115,0.031876081278724884,0.12000407069637604,0.0,0.0,0.0
12,cfg_high,17,13,0.14905338124415055,0.10946107685117305,0.039592304392977486,0.14905338124415055,0.0,0.0,0.0
12,cfg_high,17,14,0.16062657015170756,0.11796013745516024,0.042666432696547324,0.16062657015170756,0.0,0.0,0.0
12,cfg_high,17,15,0.08817073643516461,0.06475038456957401,0.0234203518655906,0.08817073643516461,0.0,0.0,0.0
12,cfg_high,18,12,0.12635602465284795,0.09081839271923446,0.035537631933613485,0.12635602465284795,0.0,0.0,0.0
12,cfg_high,18,13,0.13745160036584975,0.0987933377629545,0.03865826260289524,0.13745160036584975,0.0,0.0,0.0
12,cfg_high,18,14,0.16347983838086388,0.11750113383624591,0.04597870454461797,0.16347983838086388,0.0,0.0,0.0
12,cfg_high,18,15,0.09053565986608302,0.06507250552874717,0.02546315433733585,0.09053565986608302,0.0,0.0,0.0
12,cfg_high,19,12,0.13008836497931375,0.09146838162607998,0.03861998335323377,0.13008836497931375,0.0,0.0,0.0
12,cfg_high,19,13,0.12931370107841725,0.09092369607076213,0.03839000500765512,0.12931370107841725,0.0,0.0,0.0
12,cfg_high,19,14,0.16062753572472196,0.11294123605644513,0.04768629966827683,0.16062753572472196,0.0,0.0,0.0
12,cfg_high,19,15,0.0975015735385916,0.06855579389432222,0.02894577964426938,0.0975015735385916,0.0,0.0,0.0
12,cfg_high,20,12,0.12466307673380689,0.08570586525449224,0.03895721147931465,0.12466307673380689,0.0,0.0,0.0
12,cfg_high,20,13,0.12427278159203957,0.0854375373445272,0.03883524424751236,0.12427278159203957,0.0,0.0,0.0
12,cfg_high,20,14,0.1545510651272966,0.10625385727501642,0.048297207852280186,0.1545510651272966,0.0,0.0,0.0
12,cfg_high,20,15,0.10668398100175362,0.07334523693870562,0.03333874406304801,0.10668398100175362,0.0,0.0,0.0
12,cfg_high,21,12,0.11781102999243763,0.07915428577616904,0.0386567442162686,0.11781102999243763,0.0,0.0,0.0
12,cfg_high,21,13,0.12146314132826391,0.08160804807992732,0.039855093248336596,0.12146314132826391,0.0,0.0,0.0
12,cfg_high,21,14,0.14687509175430213,0.09868170227242175,0.048193389481880386,0.14687509175430213,0.0,0.0,0.0
12,cfg_high,21,15,0.11160028483705603,0.07498144137489703,0.03661884346215901,0.11160028483705603,0.0,0.0,0.0
12,cfg_high,22,12,0.11370705142826086,0.07462025249979619,0.03908679892846467,0.11370705142826086,0.0,0.0,0.0
12,cfg_high,22,13,0.11919359958735425,0.07822079972920122,0.040972799858153025,0.11919359958735425,0.0,0.0,0.0
12,cfg_high,22,14,0.1391733406831476,0.09133250482331562,0.04784083585983199,0.1391733406831476,0.0,0.0,0.0
12,cfg_high,22,15,0.11326307402237894,0.07432889232718617,0.03893418169519276,0.11326307402237894,0.0,0.0,0.0
12,cfg_high,23,12,0.1126831460556467,0.07218764044189867,0.04049550561374803,0.1126831460556467,0.0,0.0,0.0
12,cfg_high,23,13,0.11619236996780723,0.0744357370106265,0.041756632957180725,0.11619236996780723,0.0,0.0,0.0
12,cfg_high,23,14,0.13284813686879413,0.08510583768157123,0.04774229918722289,0.13284813686879413,0.0,0.0,0.0
12,cfg_high,23,15,0.11550202518778763,0.07399348488592644,0.04150854030186118,0.11550202518778763,0.0,0.0,0.0
12,cfg_high,24,12,0.11294689069031616,0.0705918066814476,0.04235508400886856,0.11294689069031616,0.0,0.0,0.0
12,cfg_high,24,13,0.11265256880862527,0.07040785550539079,0.042244713303234475,0.11265256880862527,0.0,0.0,0.0
12,cfg_high,24,14,0.12907583992058397,0.08067239995036499,0.04840343997021899,0.12907583992058397,0.0,0.0,0.0
12,cfg_high,24,15,0.1171153571949751,0.07319709824685944,0.04391825894811566,0.1171153571949751,0.0,0.0,0.0
12,cfg_high,25,12,0.11345844608947478,0.0691387405857737,0.04431970550370109,0.11345844608947478,0.0,0.0,0.0
12,cfg_high,25,13,0.10947101106252777,0.06670889736622786,0.04276211369629991,0.10947101106252777,0.0,0.0,0.0
12,cfg_high,25,14,0.12770465043424217,0.07782002135836633,0.04988462907587585,0.12770465043424217,0.0,0.0,0.0
12,cfg_high,25,15,0.11783211738579255,0.07180394653196734,0.04602817085382521,0.11783211738579255,0.0,0.0,0.0
12,cfg_high,26,12,0.1139869759237748,0.06767976695474129,0.04630720896903351,0.1139869759237748,0.0,0.0,0.0
12,cfg_high,26,13,0.10721893551850284,0.06366124296411106,0.04355769255439178,0.10721893551850284,0.0,0.0,0.0
12,cfg_high,26,14,0.1270038901056732,0.07540855975024346,0.051595330355429736,0.1270038901056732,0.0,0.0,0.0
12,cfg_high,26,15,0.11877326085985311,0.07052162363553778,0.04825163722431532,0.11877326085985311,0.0,0.0,0.0
12,cfg_high,27,12,0.1141318717013253,0.06598248832732868,0.04814938337399661,0.1141318717013253,0.0,0.0,0.0
12,cfg_high,27,13,0.1058014654516692,0.06116647221424626,0.04463499323742294,0.1058014654516692,0.0,0.0,0.0
12,cfg_high,27,14,0.12605938841763306,0.07287808392894411,0.05318130448868895,0.12605938841763306,0.0,0.0,0.0
12,cfg_high,27,15,0.11980626322436659,0.06926299592658694,0.05054326729777966,0.11980626322436659,0.0,0.0,0.0
12,cfg_high,28,12,0.11304683560788961,0.0635888450294379,0.049457990578451703,0.11304683560788961,0.0,0.0,0.0
12,cfg_high,28,13,0.10488055663456405,0.05899531310694228,0.04588524352762177,0.10488055663456405,0.0,0.0,0.0
12,cfg_high,28,14,0.12529098489910132,0.07047617900574449,0.05481480589335683,0.12529098489910132,0.0,0.0,0.0
12,cfg_high,28,15,0.11997418140685727,0.06748547704135721,0.05248870436550006,0.11997418140685727,0.0,0.0,0.0
12,cfg_high,29,12,0.110667037916404,0.06052103636053344,0.05014600155587057,0.110667037916404,0.0,0.0,0.0
12,cfg_high,29,13,0.10411384383936143,0.05693725834965078,0.04717658548971065,0.10411384383936143,0.0,0.0,0.0
12,cfg_high,29,14,0.12331462097524272,0.06743768334583586,0.055876937629406855,0.12331462097524272,0.0,0.0,0.0
12,cfg_high,29,15,0.11985146368654356,0.06554376920357852,0.054307694482965053,0.11985146368654356,0.0,0.0,0.0
12,cfg_high,30,12,0.10753572401194447,0.057128353381345504,0.05040737063059897,0.10753572401194447,0.0,0.0,0.0
12,cfg_high,30,13,0.10334441983086799,0.05490172303514862,0.04844269679571937,0.10334441983086799,0.0,0.0,0.0
12,cfg_high,30,14,0.12042162898082785,0.0639739903960648,0.05644763858476306,0.12042162898082785,0.0,0.0,0.0
12,cfg_high,30,15,0.12026792299430661,0.06389233409072538,0.05637558890358122,0.12026792299430661,0.0,0.0,0.0
12,cfg_high,31,12,0.10366465158723483,0.05345208597466796,0.050212565612566866,0.10366465158723483,0.0,0.0,0.0
12,cfg_high,31,13,0.10257705747852447,0.05289129526236418,0.04968576221616029,0.10257705747852447,0.0,0.0,0.0
12,cfg_high,31,14,0.11968392292928812,0.06171202276041419,0.05797190016887393,0.11968392292928812,0.0,0.0,0.0
12,cfg_high,31,15,0.1206942328683633,0.06223296382274982,0.058461269045613475,0.1206942328683633,0.0,0.0,0.0
12,cfg_high,32,12,0.09985049378429324,0.04992524689214662,0.04992524689214662,0.09985049378429324,0.0,0.0,0.0
12,cfg_high,32,13,0.10182797106488478,0.05091398553244239,0.05091398553244239,0.10182797106488478,0.0,0.0,0.0
12,cfg_high,32,14,0.12107561031763113,0.060537805158815565,0.060537805158815565,0.12107561031763113,0.0,0.0,0.0
12,cfg_high,32,15,0.12018896924637591,0.060094484623187956,0.060094484623187956,0.12018896924637591,0.0,0.0,0.0
12,cfg_high,33,12,0.09602426965972485,0.04651175561642923,0.049512514043295625,0.09602426965972485,0.0,0.0,0.0
12,cfg_high,33,13,0.10109425097302863,0.04896752781506074,0.05212672315796789,0.10109425097302863,0.0,0.0,0.0
12,cfg_high,33,14,0.1184385664056912,0.057368680602756676,0.06106988580293452,0.1184385664056912,0.0,0.0,0.0
12,cfg_high,33,15,0.11921482740095146,0.05774468202233586,0.0614701453786156,0.11921482740095146,0.0,0.0,0.0
12,cfg_high,34,12,0.09131318562959972,0.04280305576387487,0.04851012986572485,0.09131318562959972,0.0,0.0,0.0
12,cfg_high,34,13,0.10036841639051408,0.047047695183053476,0.053320721207460606,0.10036841639051408,0.0,0.0,0.0
12,cfg_high,34,14,0.11596973528049141,0.05436081341273035,0.06160892186776106,0.11596973528049141,0.0,0.0,0.0
12,cfg_high,34,15,0.11926623196928836,0.05590604623560392,0.06336018573368445,0.11926623196928836,0.0,0.0,0.0
12,cfg_high,35,12,0.08506382375773786,0.03854454514022496,0.04651927861751289,0.08506382375773786,0.0,0.0,0.0
12,cfg_high,35,13,0.09959107962727849,0.04512720795611057,0.054463871671167924,0.09959107962727849,0.0,0.0,0.0
12,cfg_high,35,14,0.11228678545890934,0.0508799496610683,0.06140683579784104,0.11228678545890934,0.0,0.0,0.0
12,cfg_high,35,15,0.12058468728383913,0.0546399364254896,0.06594475085834953,0.12058468728383913,0.0,0.0,0.0
12,cfg_high,36,12,0.07941148985194918,0.03474252681022777,0.04466896304172141,0.07941148985194918,0.0,0.0,0.0
12,cfg_high,36,13,0.09861341602191483,0.043143369509587734,0.05547004651232709,0.09861341602191483,0.0,0.0,0.0
12,cfg_high,36,14,0.11035446999759042,0.04828008062394581,0.062074389373644616,0.11035446999759042,0.0,0.0,0.0
12,cfg_high,36,15,0.12200170699150624,0.05337574680878398,0.06862596018272225,0.12200170699150624,0.0,0.0,0.0
12,cfg_high,37,12,0.07599600631974508,0.03206081516614245,0.04393519115360263,0.07599600631974508,0.0,0.0,0.0
12,cfg_high,37,13,0.09730110166470664,0.04104890226479811,0.056252199399908526,0.09730110166470664,0.0,0.0,0.0
12,cfg_high,37,14,0.10898927914143222,0.04597985213779172,0.0630094270036405,0.10898927914143222,0.0,0.0,0.0
12,cfg_high,37,15,0.12308167449749968,0.051925081428632676,0.071156593068867,0.12308167449749968,0.0,0.0,0.0
12,cfg_high,38,12,0.07415576004751967,0.030125777519304866,0.0440299825282148,0.07415576004751967,0.0,0.0,0.0
12,cfg_high,38,13,0.09563987744486253,0.03885370021197541,0.056786177232887126,0.09563987744486253,0.0,0.0,0.0
12,cfg_high,38,14,0.1076346889076147,0.043726592368718474,0.06390809653889623,0.1076346889076147,0.0,0.0,0.0
12,cfg_high,38,15,0.1236699044498166,0.05024089868273799,0.0734290057670786,0.1236699044498166,0.0,0.0,0.0
12,cfg_high,39,12,0.0733346079626597,0.028646331235413946,0.044688276727245756,0.0733346079626597,0.0,0.0,0.0
12,cfg_high,39,13,0.09374597513037228,0.03661952153530167,0.057126453595070605,0.09374597513037228,0.0,0.0,0.0
12,cfg_high,39,14,0.10627797855123472,0.04151483537157606,0.06476314317965866,0.10627797855123472,0.0,0.0,0.0
12,cfg_high,39,15,0.12374024727130298,0.048336034090352725,0.07540421318095025,0.12374024727130298,0.0,0.0,0.0
12,cfg_high,40,12,0.07287312067212147,0.02732742025204555,0.04554570042007592,0.07287312067212147,0.0,0.0,0.0
12,cfg_high,40,13,0.09182068820273545,0.03443275807602579,0.05738793012670966,0.09182068820273545,0.0,0.0,0.0
12,cfg_high,40,14,0.10498955062597928,0.039371081484742235,0.06561846914123705,0.10498955062597928,0.0,0.0,0.0
12,cfg_high,40,15,0.12350545747237791,0.04631454655214172,0.0771909109202362,0.12350545747237791,0.0,0.0,0.0
12,cfg_high,41,12,0.07220689574674888,0.02594935315898788,0.046257542587761,0.07220689574674888,0.0,0.0,0.0
12,cfg_high,41,13,0.09004396295649911,0.032359549187491864,0.057684413769007244,0.09004396295649911,0.0,0.0,0.0
12,cfg_high,41,14,0.10372394455682919,0.03727579257511049,0.0664481519817187,0.10372394455682919,0.0,0.0,0.0
12,cfg_high,41,15,0.12322447913556529,0.044283797189343777,0.07894068194622152,0.12322447913556529,0.0,0.0,0.0
12,cfg_high,42,12,0.07132169014713366,0.024516830988077196,0.04680485915905647,0.07132169014713366,0.0,0.0,0.0
12,cfg_high,42,13,0.08849358470893767,0.030419669743697326,0.05807391496524035,0.08849358470893767,0.0,0.0,0.0
12,cfg_high,42,14,0.10220901223553501,0.03513434795596516,0.06707466427956985,0.10220901223553501,0.0,0.0,0.0
12,cfg_high,42,15,0.12280019229807135,0.042212566102462025,0.08058762619560932,0.12280019229807135,0.0,0.0,0.0
12,cfg_high,43,12,0.07038134606133967,0.023093879176377077,0.04728746688496259,0.07038134606133967,0.0,0.0,0.0
12,cfg_high,43,13,0.08715238500635519,0.028596876330210297,0.058555508676144896,0.08715238500635519,0.0,0.0,0.0
12,cfg_high,43,14,0.10029798749619892,0.03291027714719027,0.06738771034900864,0.10029798749619892,0.0,0.0,0.0
12,cfg_high,43,15,0.1215284485993855,0.03987652219667337,0.08165192640271213,0.1215284485993855,0.0,0.0,0.0
12,cfg_high,44,12,0.06913802222905281,0.021605631946579003,0.04753239028247381,0.06913802222905281,0.0,0.0,0.0
12,cfg_high,44,13,0.08596344255501472,0.026863575798442098,0.05909986675657262,0.08596344255501472,0.0,0.0,0.0
12,cfg_high,44,14,0.0982233707580525,0.030694803361891405,0.06752856739616109,0.0982233707580525,0.0,0.0,0.0
12,cfg_high,44,15,0.11922703712753141,0.03725844910235357,0.08196858802517784,0.11922703712753141,0.0,0.0,0.0
12,cfg_high,45,12,0.06704342971456106,0.019903518196510317,0.04713991151805075,0.06704342971456106,0.0,0.0,0.0
12,cfg_high,45,13,0.0848816451091455,0.02519923839177757,0.05968240671736793,0.0848816451091455,0.0,0.0,0.0
12,cfg_high,45,14,0.09625001912494073,0.02857422442771678,0.06767579469722396,0.09625001912494073,0.0,0.0,0.0
12,cfg_high,45,15,0.1166092026103806,0.03461835702495674,0.08199084558542385,0.1166092026103806,0.0,0.0,0.0
12,cfg_high,46,12,0.06438764413042954,0.018109024911683307,0.04627861921874623,0.06438764413042954,0.0,0.0,0.0
12,cfg_high,46,13,0.08390742261766405,0.023598962611218015,0.06030846000644604,0.08390742261766405,0.0,0.0,0.0
12,cfg_high,46,14,0.09441684580174656,0.02655473788174122,0.06786210792000534,0.09441684580174656,0.0,0.0,0.0
12,cfg_high,46,15,0.11405019912756097,0.03207661850462652,0.08197358062293444,0.11405019912756097,0.0,0.0,0.0
12,cfg_high,47,12,0.06195992431456639,0.0164581048960567,0.0455018194185097,0.06195992431456639,0.0,0.0,0.0
12,cfg_high,47,13,0.08307710292291842,0.022067355463900207,0.061009747459018215,0.08307710292291842,0.0,0.0,0.0
12,cfg_high,47,14,0.0926364041852488,0.02460654486170671,0.06802985932354208,0.0926364041852488,0.0,0.0,0.0
12,cfg_high,47,15,0.11140648256617289,0.029592346931639674,0.08181413563453321,0.11140648256617289,0.0,0.0,0.0
0,fsg_high,0,0,0.14966601558579226,0.14966601558579226,0.0,0.14966601558579226,0.0,0.0,0.0
0,fsg_high,0,1,0.18292231688790558,0.18292231688790558,0.0,0.18292231688790558,0.0,0.0,0.0
0,fsg_high,0,2,0.08781983026928179,0.08781983026928179,0.0,0.08781983026928179,0.0,0.0,0.0
0,fsg_high,0,3,0.1601859857969139,0.1601859857969139,0.0,0.1601859857969139,0.0,0.0,0.0
0,fsg_high,1,0,0.14496541488256423,0.14270033027502416,0.002265084607540066,0.14496541488256423,0.0,0.0,0.0
0,fsg_high,1,1,0.2021483387352094,0.19898977094247175,0.003158567792737647,0.2021483387352094,0.0,0.0,0.0
0,fsg_high,1,2,0.08694124725742185,0.08558279026902463,0.0013584569883972164,0.08694124725742185,0.0,0.0,0.0
0,fsg_high,1,3,0.1666291551512925,0.16402557460205355,0.0026035805492389454,0.1666291551512925,0.0,0.0,0.0
0,fsg_high,2,0,0.13250747343318733,0.12836661488840023,0.004140858544787104,0.13250747343318733,0.0,0.0,0.0
0,fsg_high,2,1,0.23193436448207502,0.2246864155920102,0.0072479488900648445,0.23193436448207502,0.0,0.0,0.0
0,fsg_high,2,2,0.08552986077783138,0.08285705262852415,0.0026728081493072307,0.08552986077783138,0.0,0.0,0.0
0,fsg_high,2,3,0.16544556807822536,0.1602753940757808,0.0051701740024445424,0.16544556807822536,0.0,0.0,0.0
0,fsg_high,3,0,0.11401033081735172,0.10866609656028836,0.005344234257063362,0.11401033081735172,0.0,0.0,0.0
0,fsg_high,3,1,0.2035391147132315,0.19399821871104878,0.009540896002182726,0.2035391147132315,0.0,0.0,0.0
0,fsg_high,3,2,0.08663722171199313,0.08257610194424346,0.004061119767749678,0.08663722171199313,0.0,0.0,0.0
0,fsg_high,3,3,0.13433103458320322,0.12803426733711556,0.006296767246087651,0.13433103458320322,0.0,0.0,0.0
0,fsg_high,4,0,0.08126462748360201,0.07618558826587689,0.005079039217725126,0.08126462748360201,0.0,0.0,0.0
0,fsg_high,4,1,0.10529105023773914,0.09871035959788045,0.0065806906398586966,0.10529105023773914,0.0,0.0,0.0
0,fsg_high,4,2,0.0835304463393878,0.07830979344317607,0.005220652896211738,0.0835304463393878,0.0,0.0,0.0
0,fsg_high,4,3,0.09462553661333797,0.08871144057500435,0.005914096038333623,0.09462553661333797,0.0,0.0,0.0
0,fsg_high,5,0,0.06430516572859649,0.059281324656049884,0.0050238410725466,0.06430516572859649,0.0,0.0,0.0
0,fsg_high,5,1,0.05760756510257363,0.05310697407893507,0.004500591023638565,0.05760756510257363,0.0,0.0,0.0
0,fsg_high,5,2,0.07898510377936664,0.07281439254660363,0.006170711232763019,0.07898510377936664,0.0,0.0,0.0
0,fsg_high,5,3,0.07159733428568335,0.06600379254461435,0.005593541741069012,0.07159733428568335,0.0,0.0,0.0
0,fsg_high,6,0,0.05313756982303391,0.048155922652124476,0.004981647170909429,0.05313756982303391,0.0,0.0,0.0
0,fsg_high,6,1,0.05208896246174799,0.047205622230959116,0.004883340230788874,0.05208896246174799,0.0,0.0,0.0
0,fsg_high,6,2,0.07324303486134848,0.06637650034309706,0.00686653451825142,0.07324303486134848,0.0,0.0,0.0
0,fsg_high,6,3,0.0644963117248176,0.05844978250061594,0.00604652922420165,0.0644963117248176,0.0,0.0,0.0
0,fsg_high,7,0,0.04722746623656772,0.04206196211694312,0.0051655041196245945,0.04722746623656772,0.0,0.0,0.0
0,fsg_high,7,1,0.0615989301895736,0.05486154720008899,0.006737382989484612,0.0615989301895736,0.0,0.0,0.0
0,fsg_high,7,2,0.06899450198061785,0.061448228326487775,0.007546273654130077,0.06899450198061785,0.0,0.0,0.0
0,fsg_high,7,3,0.06412452721751744,0.05711090705310146,0.0070136201644159695,0.06412452721751744,0.0,0.0,0.0
0,fsg_high,8,0,0.044419016967861616,0.038866639846878916,0.005552377120982702,0.044419016967861616,0.0,0.0,0.0
0,fsg_high,8,1,0.0789617313430643,0.06909151492518127,0.009870216417883038,0.0789617313430643,0.0,0.0,0.0
0,fsg_high,8,2,0.07179213148367156,0.06281811504821261,0.008974016435458945,0.07179213148367156,0.0,0.0,0.0
0,fsg_high,8,3,0.06985373302559797,0.06112201639739823,0.008731716628199746,0.06985373302559797,0.0,0.0,0.0
0,fsg_high,9,0,0.04556409377411666,0.0391566430871315,0.006407450686985155,0.04556409377411666,0.0,0.0,0.0
0,fsg_high,9,1,0.10304376787939927,0.08855323802135875,0.014490529858040523,0.10304376787939927,0.0,0.0,0.0
0,fsg_high,9,2,0.07567055365856801,0.06502938205033187,0.010641171608236126,0.07567055365856801,0.0,0.0,0.0
0,fsg_high,9,3,0.07560667930565067,0.06497449002829354,0.010632189277357125,0.07560667930565067,0.0,0.0,0.0
0,fsg_high,10,0,0.04797517189661908,0.04047905128777235,0.007496120608846732,0.04797517189661908,0.0,0.0,0.0
0,fsg_high,10,1,0.13974734464430924,0.11791182204363593,0.02183552260067332,0.13974734464430924,0.0,0.0,0.0
0,fsg_high,10,2,0.08593847094370652,0.07251058485875238,0.013427886084954144,0.08593847094370652,0.0,0.0,0.0
0,fsg_high,10,3,0.08827400308156823,0.07448119010007319,0.013792812981495036,0.08827400308156823,0.0,0.0,0.0
0,fsg_high,11,0,0.05003207868255129,0.041432815158987786,0.008599263523563503,0.05003207868255129,0.0,0.0,0.0
0,fsg_high,11,1,0.1596989368589415,0.1322506820863109,0.02744825477263057,0.1596989368589415,0.0,0.0,0.0
0,fsg_high,11,2,0.10585187534741015,0.08765858427207403,0.01819329107533612,0.10585187534741015,0.0,0.0,0.0
0,fsg_high,11,3,0.11495618261010142,0.09519808872399024,0.019758093886111182,0.11495618261010142,0.0,0.0,0.0
0,fsg_high,12,0,0.05226728412704061,0.042467168353220494,0.009800115773820114,0.05226728412704061,0.0,0.0,0.0
0,fsg_high,12,1,0.14965445583048137,0.12159424536226611,0.028060210468215257,0.14965445583048137,0.0,0.0,0.0
0,fsg_high,12,2,0.19105390238165604,0.15523129568509553,0.03582260669656051,0.19105390238165604,0.0,0.0,0.0
0,fsg_high,12,3,0.1720936282120701,0.13982607292230698,0.03226755528976315,0.1720936282120701,0.0,0.0,0.0
0,fsg_high,13,0,0.05273468853688261,0.04202295492782833,0.01071173360905428,0.05273468853688261,0.0,0.0,0.0
0,fsg_high,13,1,0.1561319242276469,0.12441762711890612,0.031714297108740776,0.1561319242276469,0.0,0.0,0.0
0,fsg_high,13,2,0.17167492400087414,0.13680345506319658,0.03487146893767756,0.17167492400087414,0.0,0.0,0.0
0,fsg_high,13,3,0.16597580726226274,0.13226197141211563,0.03371383585014712,0.16597580726226274,0.0,0.0,0.0
0,fsg_high,14,0,0.053352118079782046,0.04168134224982972,0.011670775829952323,0.053352118079782046,0.0,0.0,0.0
0,fsg_high,14,1,0.17777107826586158,0.13888365489520435,0.03888742337065722,0.17777107826586158,0.0,0.0,0.0
0,fsg_high,14,2,0.16685505083269958,0.13035550846304655,0.03649954236965303,0.16685505083269958,0.0,0.0,0.0
0,fsg_high,14,3,0.16636772457193347,0.129974784821823,0.036392939750110445,0.16636772457193347,0.0,0.0,0.0
0,fsg_high,15,0,0.0553115727064467,0.04234792285337326,0.012963649853073446,0.0553115727064467,0.0,0.0,0.0
0,fsg_high,15,1,0.18272999881779345,0.13990265534487312,0.04282734347292034,0.18272999881779345,0.0,0.0,0.0
0,fsg_high,15,2,0.17268365362467222,0.13221092230638967,0.04047273131828255,0.17268365362467222,0.0,0.0,0.0
0,fsg_high,15,3,0.17346939737704944,0.13281250736680347,0.040656890010245965,0.17346939737704944,0.0,0.0,0.0
0,fsg_high,16,0,0.06185650194103106,0.04639237645577329,0.015464125485257765,0.06185650194103106,0.0,0.0,0.0
0,fsg_high,16,1,0.1755762392386342,0.13168217942897564,0.04389405980965855,0.1755762392386342,0.0,0.0,0.0
0,fsg_high,16,2,0.142645765770618,0.1069843243279635,0.0356614414426545,0.142645765770618,0.0,0.0,0.0
0,fsg_high,16,3,0.18305456232416512,0.13729092174312385,0.04576364058104128,0.18305456232416512,0.0,0.0,0.0
0,fsg_high,17,0,0.0715921822788768,0.05257550886105015,0.01901667341782665,0.0715921822788768,0.0,0.0,0.0
0,fsg_high,17,1,0.16967355396808237,0.12460401619531049,0.04506953777277188,0.16967355396808237,0.0,0.0,0.0
0,fsg_high,17,2,0.12950177511227953,0.09510286609808029,0.03439890901419925,0.12950177511227953,0.0,0.0,0.0
0,fsg_high,17,3,0.1911073553285973,0.14034446406943865,0.05076289125915866,0.1911073553285973,0.0,0.0,0.0
0,fsg_high,18,0,0.08654025351569682,0.062200807214407086,0.02433944630128973,0.08654025351569682,0.0,0.0,0.0
0,fsg_high,18,1,0.15904915824635657,0.11431658248956879,0.04473257575678778,0.15904915824635657,0.0,0.0,0.0
0,fsg_high,18,2,0.12426838541322931,0.08931790201575857,0.03495048339747074,0.12426838541322931,0.0,0.0,0.0
0,fsg_high,18,3,0.19194718869252023,0.1379620418727489,0.05398514681977131,0.19194718869252023,0.0,0.0,0.0
0,fsg_high,19,0,0.1079773549321554,0.07592157768667177,0.032055777245483634,0.1079773549321554,0.0,0.0,0.0
0,fsg_high,19,1,0.14896106233879222,0.10473824695696328,0.04422281538182894,0.14896106233879222,0.0,0.0,0.0
0,fsg_high,19,2,0.12154231501961038,0.08545944024816354,0.03608287477144683,0.12154231501961038,0.0,0.0,0.0
0,fsg_high,19,3,0.18269851261265904,0.1284598916807759,0.054238620931883155,0.18269851261265904,0.0,0.0,0.0
0,fsg_high,20,0,0.14561509243052875,0.10011037604598852,0.045504716384540234,0.14561509243052875,0.0,0.0,0.0
0,fsg_high,20,1,0.13838270188430818,0.09513810754546187,0.04324459433884631,0.13838270188430818,0.0,0.0,0.0
0,fsg_high,20,2,0.11480559147627228,0.0789288441399372,0.035876747336335085,0.11480559147627228,0.0,0.0,0.0
0,fsg_high,20,3,0.16142859868330772,0.11098216159477406,0.05044643708853366,0.16142859868330772,0.0,0.0,0.0
0,fsg_high,21,0,0.12782759929748627,0.0858841682779986,0.041943431019487686,0.12782759929748627,0.0,0.0,0.0
0,fsg_high,21,1,0.13202463949742885,0.08870405466233501,0.043320584835093844,0.13202463949742885,0.0,0.0,0.0
0,fsg_high,21,2,0.11283549334860642,0.07581134709359494,0.03702414625501148,0.11283549334860642,0.0,0.0,0.0
0,fsg_high,21,3,0.16070843422907763,0.10797597924766153,0.0527324549814161,0.16070843422907763,0.0,0.0,0.0
0,fsg_high,22,0,0.11090362858423522,0.07278050625840436,0.03812312232583086,0.11090362858423522,0.0,0.0,0.0
0,fsg_high,22,1,0.1329519852778652,0.08724974033859903,0.04570224493926616,0.1329519852778652,0.0,0.0,0.0
0,fsg_high,22,2,0.11155792396533222,0.07320988760224927,0.03834803636308295,0.11155792396533222,0.0,0.0,0.0
0,fsg_high,22,3,0.15979949849282862,0.10486842088591879,0.05493107760690984,0.15979949849282862,0.0,0.0,0.0
0,fsg_high,23,0,0.10733322167174464,0.06876034513346141,0.03857287653828323,0.10733322167174464,0.0,0.0,0.0
0,fsg_high,23,1,0.13660992369434768,0.08751573236669148,0.049094191327656196,0.13660992369434768,0.0,0.0,0.0
0,fsg_high,23,2,0.11081582641974498,0.07099138880014913,0.03982443761959585,0.11081582641974498,0.0,0.0,0.0
0,fsg_high,23,3,0.158027769907823,0.10123654009719911,0.056791229810623886,0.158027769907823,0.0,0.0,0.0
0,fsg_high,24,0,0.10731317780858177,0.0670707361303636,0.040242441678218166,0.10731317780858177,0.0,0.0,0.0
0,fsg_high,24,1,0.13923540371456555,0.08702212732160347,0.05221327639296208,0.13923540371456555,0.0,0.0,0.0
0,fsg_high,24,2,0.10714573423733775,0.0669660838983361,0.04017965033900166,0.10714573423733775,0.0,0.0,0.0
0,fsg_high,24,3,0.1489695380945928,0.0931059613091205,0.055863576785472296,0.1489695380945928,0.0,0.0,0.0
0,fsg_high,25,0,0.10548283929771367,0.06427860519704427,0.0412042341006694,0.10548283929771367,0.0,0.0,0.0
0,fsg_high,25,1,0.1395202830727517,0.08502017249745807,0.05450011057529363,0.1395202830727517,0.0,0.0,0.0
0,fsg_high,25,2,0.10627028600539032,0.06475845553453473,0.04151183047085559,0.10627028600539032,0.0,0.0,0.0
0,fsg_high,25,3,0.1446971492471226,0.08817482532246533,0.05652232392465727,0.1446971492471226,0.0,0.0,0.0
0,fsg_high,26,0,0.10464016653385672,0.06213009887947742,0.04251006765437929,0.10464016653385672,0.0,0.0,0.0
0,fsg_high,26,1,0.13804839849432957,0.08196623660600819,0.05608216188832139,0.13804839849432957,0.0,0.0,0.0
0,fsg_high,26,2,0.10477986423106063,0.062213044387192246,0.042566819843868384,0.10477986423106063,0.0,0.0,0.0
0,fsg_high,26,3,0.1417174961590333,0.08414476334442603,0.057572732814607286,0.1417174961590333,0.0,0.0,0.0
0,fsg_high,27,0,0.10446084913991548,0.06039142840901363,0.044069420730901844,0.10446084913991548,0.0,0.0,0.0
0,fsg_high,27,1,0.13547945747031276,0.07832406135002457,0.05715539612028819,0.13547945747031276,0.0,0.0,0.0
0,fsg_high,27,2,0.10294997530185732,0.05951795447138626,0.043432020830471055,0.10294997530185732,0.0,0.0,0.0
0,fsg_high,27,3,0.13988431085563863,0.08087061721341608,0.059013693642222545,0.13988431085563863,0.0,0.0,0.0
0,fsg_high,28,0,0.10530920944736083,0.05923643031414047,0.04607277913322036,0.10530920944736083,0.0,0.0,0.0
0,fsg_high,28,1,0.13140918246142272,0.07391766513455028,0.05749151732687244,0.13140918246142272,0.0,0.0,0.0
0,fsg_high,28,2,0.09910137698367061,0.05574452455331472,0.04335685243035589,0.09910137698367061,0.0,0.0,0.0
0,fsg_high,28,3,0.13870161639875916,0.07801965922430203,0.06068195717445714,0.13870161639875916,0.0,0.0,0.0
0,fsg_high,29,0,0.10534616626680872,0.05761118467716102,0.0477349815896477,0.10534616626680872,0.0,0.0,0.0
0,fsg_high,29,1,0.12518379362737775,0.06845988713997221,0.056723906487405544,0.12518379362737775,0.0,0.0,0.0
0,fsg_high,29,2,0.09759376818670687,0.053371591977105316,0.04422217620960155,0.09759376818670687,0.0,0.0,0.0
0,fsg_high,29,3,0.14148200868218894,0.07737297349807208,0.06410903518411686,0.14148200868218894,0.0,0.0,0.0
0,fsg_high,30,0,0.10572317682776086,0.05616543768974796,0.0495577391380129,0.10572317682776086,0.0,0.0,0.0
0,fsg_high,30,1,0.1182030885633234,0.06279539079926555,0.055407697764057844,0.1182030885633234,0.0,0.0,0.0
0,fsg_high,30,2,0.09660013108084012,0.051318819636696315,0.0452813114441438,0.09660013108084012,0.0,0.0,0.0
0,fsg_high,30,3,0.1436353242179755,0.07630626599079948,0.06732905822717603,0.1436353242179755,0.0,0.0,0.0
0,fsg_high,31,0,0.10626260197801157,0.054791654144912216,0.051470947833099356,0.10626260197801157,0.0,0.0,0.0
0,fsg_high,31,1,0.11302468525217717,0.05827835333315385,0.05474633191902332,0.11302468525217717,0.0,0.0,0.0
0,fsg_high,31,2,0.09618258085077769,0.04959414325118225,0.04658843759959544,0.09618258085077769,0.0,0.0,0.0
0,fsg_high,31,3,0.14310726470069454,0.07378968336129563,0.06931758133939891,0.14310726470069454,0.0,0.0,0.0
0,fsg_high,32,0,0.10531454263169568,0.05265727131584784,0.05265727131584784,0.10531454263169568,0.0,0.0,0.0
0,fsg_high,32,1,0.10891254076649665,0.05445627038324832,0.05445627038324832,0.10891254076649665,0.0,0.0,0.0
0,fsg_high,32,2,0.09517093223318408,0.04758546611659204,0.04758546611659204,0.09517093223318408,0.0,0.0,0.0
0,fsg_high,32,3,0.13202543464481378,0.06601271732240689,0.06601271732240689,0.13202543464481378,0.0,0.0,0.0
0,fsg_high,33,0,0.10515724798187207,0.05093554199121928,0.054221705990652784,0.10515724798187207,0.0,0.0,0.0
0,fsg_high,33,1,0.10768929042799745,0.052162000051061266,0.055527290376936184,0.10768929042799745,0.0,0.0,0.0
0,fsg_high,33,2,0.09480607758068078,0.045921693828142256,0.04888438375253853,0.09480607758068078,0.0,0.0,0.0
0,fsg_high,33,3,0.13184368893061799,0.06386178682576808,0.0679819021048499,0.13184368893061799,0.0,0.0,0.0
0,fsg_high,34,0,0.10459255753596532,0.04902776134498374,0.05556479619098158,0.10459255753596532,0.0,0.0,0.0
0,fsg_high,34,1,0.10741407868730517,0.050350349384674295,0.05706372930263087,0.10741407868730517,0.0,0.0,0.0
0,fsg_high,34,2,0.09423977518464037,0.04417489461780017,0.0500648805668402,0.09423977518464037,0.0,0.0,0.0
0,fsg_high,34,3,0.13097970611161988,0.06139673723982182,0.06958296887179806,0.13097970611161988,0.0,0.0,0.0
0,fsg_high,35,0,0.10367636394254294,0.04697835241146477,0.05669801153107817,0.10367636394254294,0.0,0.0,0.0
0,fsg_high,35,1,0.10640840836469406,0.048216310040251995,0.05819209832444207,0.10640840836469406,0.0,0.0,0.0
0,fsg_high,35,2,0.09364623832152617,0.04243345173944155,0.05121278658208463,0.09364623832152617,0.0,0.0,0.0
0,fsg_high,35,3,0.1294605117852458,0.05866179440268951,0.0707987173825563,0.1294605117852458,0.0,0.0,0.0
0,fsg_high,36,0,0.0993224325705746,0.04345356424962639,0.055868868320948215,0.0993224325705746,0.0,0.0,0.0
0,fsg_high,36,1,0.103042003597078,0.045080876573721625,0.05796112702335638,0.103042003597078,0.0,0.0,0.0
0,fsg_high,36,2,0.09243088566239745,0.040438512477298884,0.05199237318509856,0.09243088566239745,0.0,0.0,0.0
0,fsg_high,36,3,0.12593414991610377,0.0550961905882954,0.07083795932780837,0.12593414991610377,0.0,0.0,0.0
0,fsg_high,37,0,0.09831132451795846,0.041475090031013725,0.056836234486944734,0.09831132451795846,0.0,0.0,0.0
0,fsg_high,37,1,0.10163021995906582,0.04287524904523089,0.05875497091383493,0.10163021995906582,0.0,0.0,0.0
0,fsg_high,37,2,0.09152017576561278,0.03861007415111789,0.05291010161449489,0.09152017576561278,0.0,0.0,0.0
0,fsg_high,37,3,0.12536763910852605,0.05288947274890943,0.07247816635961662,0.12536763910852605,0.0,0.0,0.0
0,fsg_high,38,0,0.0976972647920568,0.039689513821773076,0.058007750970283725,0.0976972647920568,0.0,0.0,0.0
0,fsg_high,38,1,0.1003567387692746,0.04076992512501781,0.059586813644256796,0.1003567387692746,0.0,0.0,0.0
0,fsg_high,38,2,0.09061407143642021,0.03681196652104571,0.0538021049153745,0.09061407143642021,0.0,0.0,0.0
0,fsg_high,38,3,0.12500527024425775,0.050783391036729714,0.07422187920752804,0.12500527024425775,0.0,0.0,0.0
0,fsg_high,39,0,0.09715122040088857,0.0379496954690971,0.05920152493179147,0.09715122040088857,0.0,0.0,0.0
0,fsg_high,39,1,0.09914511405561635,0.03872856017797514,0.060416553877641214,0.09914511405561635,0.0,0.0,0.0
0,fsg_high,39,2,0.08990723235476578,0.03512001263858038,0.054787219716185394,0.08990723235476578,0.0,0.0,0.0
0,fsg_high,39,3,0.1245023105824493,0.048633715071269255,0.07586859551118004,0.1245023105824493,0.0,0.0,0.0
0,fsg_high,40,0,0.09260829700197493,0.0347281113757406,0.05788018562623433,0.09260829700197493,0.0,0.0,0.0
0,fsg_high,40,1,0.097713198278086,0.03664244935428225,0.06107074892380375,0.097713198278086,0.0,0.0,0.0
0,fsg_high,40,2,0.08823096542450475,0.03308661203418928,0.05514435339031547,0.08823096542450475,0.0,0.0,0.0
0,fsg_high,40,3,0.11551174585419852,0.04331690469532444,0.07219484115887408,0.11551174585419852,0.0,0.0,0.0
0,fsg_high,41,0,0.09165210301701847,0.03293747452174101,0.058714628495277456,0.09165210301701847,0.0,0.0,0.0
0,fsg_high,41,1,0.09653492729439314,0.034692239496422535,0.06184268779797061,0.09653492729439314,0.0,0.0,0.0
0,fsg_high,41,2,0.08716492450076949,0.031324894742464034,0.05584002975830545,0.08716492450076949,0.0,0.0,0.0
0,fsg_high,41,3,0.1125822816220902,0.040459257457938665,0.07212302416415153,0.1125822816220902,0.0,0.0,0.0
0,fsg_high,42,0,0.09043555930239915,0.031087223510199706,0.05934833579219944,0.09043555930239915,0.0,0.0,0.0
0,fsg_high,42,1,0.09557812715753576,0.032854981210402916,0.06272314594713284,0.09557812715753576,0.0,0.0,0.0
0,fsg_high,42,2,0.0848314861052399,0.029160823348676215,0.05567066275656368,0.0848314861052399,0.0,0.0,0.0
0,fsg_high,42,3,0.1097314218573538,0.03772017626346537,0.07201124559388843,0.1097314218573538,0.0,0.0,0.0
0,fsg_high,43,0,0.08894918549329024,0.02918645148998586,0.05976273400330438,0.08894918549329024,0.0,0.0,0.0
0,fsg_high,43,1,0.09482427059380313,0.031114213788591652,0.06371005680521148,0.09482427059380313,0.0,0.0,0.0
0,fsg_high,43,2,0.08280573667566543,0.02717063234670272,0.05563510432896271,0.08280573667566543,0.0,0.0,0.0
0,fsg_high,43,3,0.1071220276034792,0.035149415307391615,0.07197261229608759,0.1071220276034792,0.0,0.0,0.0
0,fsg_high,44,0,0.08504638364009783,0.02657699488753057,0.058469388752567256,0.08504638364009783,0.0,0.0,0.0
0,fsg_high,44,1,0.09331302772834912,0.029160321165109103,0.06415270656324003,0.09331302772834912,0.0,0.0,0.0
0,fsg_high,44,2,0.08000797061376926,0.02500249081680289,0.055005479796966364,0.08000797061376926,0.0,0.0,0.0
0,fsg_high,44,3,0.10204302535603255,0.03188844542376017,0.07015457993227238,0.10204302535603255,0.0,0.0,0.0
0,fsg_high,45,0,0.0830943490626999,0.024668634877989034,0.05842571418471087,0.0830943490626999,0.0,0.0,0.0
0,fsg_high,45,1,0.09189325092845492,0.027280808869385054,0.06461244205906987,0.09189325092845492,0.0,0.0,0.0
0,fsg_high,45,2,0.0783418270991969,0.02325772992007408,0.055084097179122826,0.0783418270991969,0.0,0.0,0.0
0,fsg_high,45,3,0.0997896687756581,0.0296250579177735,0.0701646108578846,0.0997896687756581,0.0,0.0,0.0
0,fsg_high,46,0,0.08114340679708185,0.02282158316167927,0.05832182363540258,0.08114340679708185,0.0,0.0,0.0
0,fsg_high,46,1,0.09002041090264012,0.025318240566367535,0.0647021703362726,0.09002041090264012,0.0,0.0,0.0
0,fsg_high,46,2,0.0767593364215657,0.021588563368565353,0.055170773053000347,0.0767593364215657,0.0,0.0,0.0
0,fsg_high,46,3,0.09773491384798422,0.02748794451974556,0.07024696932823865,0.09773491384798422,0.0,0.0,0.0
0,fsg_high,47,0,0.07923338492437544,0.021046367870537225,0.05818701705383821,0.07923338492437544,0.0,0.0,0.0
0,fsg_high,47,1,0.08773008788260651,0.023303304593817357,0.06442678328878916,0.08773008788260651,0.0,0.0,0.0
0,fsg_high,47,2,0.07521514483250638,0.01997902284613451,0.05523612198637187,0.07521514483250638,0.0,0.0,0.0
0,fsg_high,47,3,0.09579173626908798,0.025444679946476492,0.07034705632261148,0.09579173626908798,0.0,0.0,0.0
4,fsg_high,0,4,0.08031460463405418,0.08031460463405418,0.0,0.08031460463405418,0.0,0.0,0.0
4,fsg_high,0,5,0.10618458939837436,0.10618458939837436,0.0,0.10618458939837436,0.0,0.0,0.0
4,fsg_high,0,6,0.1308895792621065,0.1308895792621065,0.0,0.1308895792621065,0.0,0.0,0.0
4,fsg_high,0,7,0.11667187038244743,0.11667187038244743,0.0,0.11667187038244743,0.0,0.0,0.0
4,fsg_high,1,4,0.07486876803427724,0.07369894353374165,0.0011698245005355818,0.07486876803427724,0.0,0.0,0.0
4,fsg_high,1,5,0.11176638281410015,0.11002003308262984,0.0017463497314703148,0.11176638281410015,0.0,0.0,0.0
4,fsg_high,1,6,0.12291253062729014,0.12099202233623874,0.0019205082910514085,0.12291253062729014,0.0,0.0,0.0
4,fsg_high,1,7,0.1291350109323097,0.12711727638649237,0.002017734545817339,0.1291350109323097,0.0,0.0,0.0
4,fsg_high,2,4,0.07076064345817488,0.06854937335010693,0.002211270108067965,0.07076064345817488,0.0,0.0,0.0
4,fsg_high,2,5,0.11591734120911318,0.1122949242963284,0.003622416912784787,0.11591734120911318,0.0,0.0,0.0
4,fsg_high,2,6,0.12879363205691918,0.12476883105514046,0.0040248010017787245,0.12879363205691918,0.0,0.0,0.0
4,fsg_high,2,7,0.14038499001162447,0.1359979590737612,0.004387030937863265,0.14038499001162447,0.0,0.0,0.0
4,fsg_high,3,4,0.06763868199048162,0.0644681187721778,0.003170563218303826,0.06763868199048162,0.0,0.0,0.0
4,fsg_high,3,5,0.11708252695013305,0.11159428349934557,0.005488243450787487,0.11708252695013305,0.0,0.0,0.0
4,fsg_high,3,6,0.14159558849920453,0.13495829528830433,0.006637293210900213,0.14159558849920453,0.0,0.0,0.0
4,fsg_high,3,7,0.14271566735460647,0.13602587044735928,0.006689796907247178,0.14271566735460647,0.0,0.0,0.0
4,fsg_high,4,4,0.05907605178809315,0.05538379855133733,0.003692253236755822,0.05907605178809315,0.0,0.0,0.0
4,fsg_high,4,5,0.10095452791467904,0.0946448699200116,0.00630965799466744,0.10095452791467904,0.0,0.0,0.0
4,fsg_high,4,6,0.12460354033902397,0.11681581906783498,0.007787721271188998,0.12460354033902397,0.0,0.0,0.0
4,fsg_high,4,7,0.11346047750032334,0.10636919765655313,0.007091279843770209,0.11346047750032334,0.0,0.0,0.0
4,fsg_high,5,4,0.06000632669541901,0.055318332422339404,0.00468799427307961,0.06000632669541901,0.0,0.0,0.0
4,fsg_high,5,5,0.08505806073179346,0.0784128997371221,0.006645160994671364,0.08505806073179346,0.0,0.0,0.0
4,fsg_high,5,6,0.11918637262867103,0.1098749372670561,0.009311435361614924,0.11918637262867103,0.0,0.0,0.0
4,fsg_high,5,7,0.1010509120294123,0.09315630952711446,0.007894602502297836,0.1010509120294123,0.0,0.0,0.0
4,fsg_high,6,4,0.06476226245645378,0.05869080035116124,0.006071462105292542,0.06476226245645378,0.0,0.0,0.0
4,fsg_high,6,5,0.07503614380686814,0.06800150532497426,0.007034638481893889,0.07503614380686814,0.0,0.0,0.0
4,fsg_high,6,6,0.1347663006802269,0.12213195999145564,0.012634340688771274,0.1347663006802269,0.0,0.0,0.0
4,fsg_high,6,7,0.09769215466345589,0.0885335151637569,0.00915863949969899,0.09769215466345589,0.0,0.0,0.0
4,fsg_high,7,4,0.07199920023559656,0.06412428770982818,0.007874912525768373,0.07199920023559656,0.0,0.0,0.0
4,fsg_high,7,5,0.0708362907724876,0.06308857146924676,0.007747719303240831,0.0708362907724876,0.0,0.0,0.0
4,fsg_high,7,6,0.15387002187644055,0.13704048823370488,0.016829533642735685,0.15387002187644055,0.0,0.0,0.0
4,fsg_high,7,7,0.09650450829872445,0.08594932770355146,0.010555180595172986,0.09650450829872445,0.0,0.0,0.0
4,fsg_high,8,4,0.07553192042009103,0.06609043036757965,0.00944149005251138,0.07553192042009103,0.0,0.0,0.0
4,fsg_high,8,5,0.06962635203688627,0.06092305803227549,0.008703294004610784,0.06962635203688627,0.0,0.0,0.0
4,fsg_high,8,6,0.09399121419107438,0.08224231241719009,0.011748901773884298,0.09399121419107438,0.0,0.0,0.0
4,fsg_high,8,7,0.10599835247652065,0.09274855841695556,0.01324979405956508,0.10599835247652065,0.0,0.0,0.0
4,fsg_high,9,4,0.07696817092255723,0.06614452188657262,0.01082364903598461,0.07696817092255723,0.0,0.0,0.0
4,fsg_high,9,5,0.07654819285914691,0.06578360323832938,0.010764589620817534,0.07654819285914691,0.0,0.0,0.0
4,fsg_high,9,6,0.08676283842200656,0.0745618142689119,0.012201024153094674,0.08676283842200656,0.0,0.0,0.0
4,fsg_high,9,7,0.09772644608089184,0.08398366460076642,0.013742781480125416,0.09772644608089184,0.0,0.0,0.0
4,fsg_high,10,4,0.08090765462840595,0.06826583359271751,0.012641821035688429,0.08090765462840595,0.0,0.0,0.0
4,fsg_high,10,5,0.0926201526358736,0.07814825378651835,0.01447189884935525,0.0926201526358736,0.0,0.0,0.0
4,fsg_high,10,6,0.08929345747447869,0.07534135474409138,0.013952102730387295,0.08929345747447869,0.0,0.0,0.0
4,fsg_high,10,7,0.09758358267569285,0.08233614788261584,0.015247434793077008,0.09758358267569285,0.0,0.0,0.0
4,fsg_high,11,4,0.08777666435092635,0.07269005016561088,0.015086614185315466,0.08777666435092635,0.0,0.0,0.0
4,fsg_high,11,5,0.11200341837093661,0.09275283083843187,0.01925058753250473,0.11200341837093661,0.0,0.0,0.0
4,fsg_high,11,6,0.09594703832357723,0.0794561411117124,0.016490897211864836,0.09594703832357723,0.0,0.0,0.0
4,fsg_high,11,7,0.11156753118848572,0.09239186176546474,0.019175669423020986,0.11156753118848572,0.0,0.0,0.0
4,fsg_high,12,4,0.12268148976401543,0.09967871043326253,0.02300277933075289,0.12268148976401543,0.0,0.0,0.0
4,fsg_high,12,5,0.13819773188845874,0.11228565715937272,0.025912074729086014,0.13819773188845874,0.0,0.0,0.0
4,fsg_high,12,6,0.10916764769690707,0.08869871375373699,0.020468933943170075,0.10916764769690707,0.0,0.0,0.0
4,fsg_high,12,7,0.13527972694126633,0.1099147781397789,0.025364948801487437,0.13527972694126633,0.0,0.0,0.0
4,fsg_high,13,4,0.16487091874659127,0.13138151337618992,0.03348940537040135,0.16487091874659127,0.0,0.0,0.0
4,fsg_high,13,5,0.10806971631037211,0.08611805518482778,0.021951661125544336,0.10806971631037211,0.0,0.0,0.0
4,fsg_high,13,6,0.11852664943689895,0.09445092377002885,0.0240757256668701,0.11852664943689895,0.0,0.0,0.0
4,fsg_high,13,7,0.13678160958071864,0.10899784513463516,0.027783764446083475,0.13678160958071864,0.0,0.0,0.0
4,fsg_high,14,4,0.20922487250893376,0.1634569316476045,0.04576794086132926,0.20922487250893376,0.0,0.0,0.0
4,fsg_high,14,5,0.10561140642050859,0.08250891126602233,0.023102495154486254,0.10561140642050859,0.0,0.0,0.0
4,fsg_high,14,6,0.1267746264345416,0.09904267690198562,0.027731949532555974,0.1267746264345416,0.0,0.0,0.0
4,fsg_high,14,7,0.14132241698939585,0.1104081382729655,0.030914278716430342,0.14132241698939585,0.0,0.0,0.0
4,fsg_high,15,4,0.19543745569513907,0.14963180201659085,0.04580565367854822,0.19543745569513907,0.0,0.0,0.0
4,fsg_high,15,5,0.11607286785908089,0.0888682894546088,0.02720457840447208,0.11607286785908089,0.0,0.0,0.0
4,fsg_high,15,6,0.13281155925125077,0.10168385005173887,0.031127709199511897,0.13281155925125077,0.0,0.0,0.0
4,fsg_high,15,7,0.15047730538965606,0.11520918693895542,0.03526811845070064,0.15047730538965606,0.0,0.0,0.0
4,fsg_high,16,4,0.14702610780807981,0.11026958085605987,0.036756526952019954,0.14702610780807981,0.0,0.0,0.0
4,fsg_high,16,5,0.15636790055755267,0.1172759254181645,0.03909197513938817,0.15636790055755267,0.0,0.0,0.0
4,fsg_high,16,6,0.14184627637627117,0.10638470728220338,0.035461569094067794,0.14184627637627117,0.0,0.0,0.0
4,fsg_high,16,7,0.16856067713117498,0.12642050784838124,0.042140169282793745,0.16856067713117498,0.0,0.0,0.0
4,fsg_high,17,4,0.13357908044589256,0.09809713720245235,0.035481943243440214,0.13357908044589256,0.0,0.0,0.0
4,fsg_high,17,5,0.16249601787789447,0.11933301312907875,0.04316300474881572,0.16249601787789447,0.0,0.0,0.0
4,fsg_high,17,6,0.1422616500816927,0.10447339927874308,0.037788250802949626,0.1422616500816927,0.0,0.0,0.0
4,fsg_high,17,7,0.15426687902274885,0.11328973928233119,0.04097713974041767,0.15426687902274885,0.0,0.0,0.0
4,fsg_high,18,4,0.1310450613589558,0.09418863785174948,0.03685642350720632,0.1310450613589558,0.0,0.0,0.0
4,fsg_high,18,5,0.1738190142608727,0.12493241650000225,0.04888659776087045,0.1738190142608727,0.0,0.0,0.0
4,fsg_high,18,6,0.14140547181974905,0.10163518287044462,0.03977028894930442,0.14140547181974905,0.0,0.0,0.0
4,fsg_high,18,7,0.14708769372334432,0.10571927986365373,0.04136841385969059,0.14708769372334432,0.0,0.0,0.0
4,fsg_high,19,4,0.1346339988242034,0.09466453042326801,0.03996946840093538,0.1346339988242034,0.0,0.0,0.0
4,fsg_high,19,5,0.167582046020132,0.1178311261079053,0.04975091991222669,0.167582046020132,0.0,0.0,0.0
4,fsg_high,19,6,0.14149123120792556,0.09948602194307266,0.0420052092648529,0.14149123120792556,0.0,0.0,0.0
4,fsg_high,19,7,0.14967926413740146,0.1052432325966104,0.04443603154079106,0.14967926413740146,0.0,0.0,0.0
4,fsg_high,20,4,0.1388170076849364,0.09543669278339378,0.04338031490154263,0.1388170076849364,0.0,0.0,0.0
4,fsg_high,20,5,0.1656571929840547,0.1138893201765376,0.051767872807517094,0.1656571929840547,0.0,0.0,0.0
4,fsg_high,20,6,0.1449417528413181,0.0996474550784062,0.04529429776291191,0.1449417528413181,0.0,0.0,0.0
4,fsg_high,20,7,0.15281324318502706,0.10505910468970611,0.04775413849532096,0.15281324318502706,0.0,0.0,0.0
4,fsg_high,21,4,0.1402847615687064,0.09425382417897461,0.04603093738973178,0.1402847615687064,0.0,0.0,0.0
4,fsg_high,21,5,0.16682067505362377,0.11208264105165347,0.054738034001970304,0.16682067505362377,0.0,0.0,0.0
4,fsg_high,21,6,0.14802087093446506,0.09945152265909371,0.04856934827537135,0.14802087093446506,0.0,0.0,0.0
4,fsg_high,21,7,0.15267364863154056,0.10257760767431631,0.050096040957224246,0.15267364863154056,0.0,0.0,0.0
4,fsg_high,22,4,0.14527441733654173,0.09533633637710551,0.04993808095943622,0.14527441733654173,0.0,0.0,0.0
4,fsg_high,22,5,0.16050512552235058,0.10533148862404257,0.05517363689830801,0.16050512552235058,0.0,0.0,0.0
4,fsg_high,22,6,0.15199500740727115,0.09974672361102169,0.052248283796249455,0.15199500740727115,0.0,0.0,0.0
4,fsg_high,22,7,0.1512062226886821,0.09922908363944763,0.051977139049234476,0.1512062226886821,0.0,0.0,0.0
4,fsg_high,23,4,0.15225555119959358,0.09753871248723964,0.054716838712353943,0.15225555119959358,0.0,0.0,0.0
4,fsg_high,23,5,0.15285563740809793,0.09792314271456273,0.05493249469353519,0.15285563740809793,0.0,0.0,0.0
4,fsg_high,23,6,0.1553906742419806,0.09954715068626882,0.05584352355571178,0.1553906742419806,0.0,0.0,0.0
4,fsg_high,23,7,0.14780794771002226,0.09468946650173302,0.05311848120828925,0.14780794771002226,0.0,0.0,0.0
4,fsg_high,24,4,0.1583079027355737,0.09894243920973357,0.05936546352584014,0.1583079027355737,0.0,0.0,0.0
4,fsg_high,24,5,0.1402880254041944,0.0876800158776215,0.05260800952657291,0.1402880254041944,0.0,0.0,0.0
4,fsg_high,24,6,0.15853538963151875,0.09908461851969921,0.05945077111181953,0.15853538963151875,0.0,0.0,0.0
4,fsg_high,24,7,0.13937500144488615,0.08710937590305384,0.05226562554183231,0.13937500144488615,0.0,0.0,0.0
4,fsg_high,25,4,0.15576796818526578,0.09492110561289634,0.060846862572369445,0.15576796818526578,0.0,0.0,0.0
4,fsg_high,25,5,0.13400211337258303,0.08165753783641778,0.05234457553616524,0.13400211337258303,0.0,0.0,0.0
4,fsg_high,25,6,0.1562376248098292,0.09520730261848967,0.06103032219133953,0.1562376248098292,0.0,0.0,0.0
4,fsg_high,25,7,0.13597234907820321,0.08285815021953008,0.053114198858673134,0.13597234907820321,0.0,0.0,0.0
4,fsg_high,26,4,0.1598299441657146,0.09489902934839305,0.06493091481732156,0.1598299441657146,0.0,0.0,0.0
4,fsg_high,26,5,0.12749356100416231,0.07569930184622137,0.05179425915794094,0.12749356100416231,0.0,0.0,0.0
4,fsg_high,26,6,0.15336154669524876,0.09105841835030395,0.06230312834494481,0.15336154669524876,0.0,0.0,0.0
4,fsg_high,26,7,0.1327618428027473,0.07882734416413122,0.053934498638616095,0.1327618428027473,0.0,0.0,0.0
4,fsg_high,27,4,0.16261058149926774,0.09400924242926416,0.06860133907000358,0.16261058149926774,0.0,0.0,0.0
4,fsg_high,27,5,0.12099940912064726,0.0699527833978742,0.05104662572277306,0.12099940912064726,0.0,0.0,0.0
4,fsg_high,27,6,0.15072833401528665,0.0871398181025876,0.06358851591269905,0.15072833401528665,0.0,0.0,0.0
4,fsg_high,27,7,0.12931964149276798,0.07476291773800649,0.05455672375476149,0.12931964149276798,0.0,0.0,0.0
4,fsg_high,28,4,0.14006255139865875,0.07878518516174554,0.061277366236913204,0.14006255139865875,0.0,0.0,0.0
4,fsg_high,28,5,0.11229594338150684,0.06316646815209759,0.04912947522940924,0.11229594338150684,0.0,0.0,0.0
4,fsg_high,28,6,0.14677232084086983,0.08255943047298928,0.06421289036788055,0.14677232084086983,0.0,0.0,0.0
4,fsg_high,28,7,0.12609985710285598,0.07093116962035649,0.05516868748249949,0.12609985710285598,0.0,0.0,0.0
4,fsg_high,29,4,0.13358565894253419,0.07305465723419838,0.0605310017083358,0.13358565894253419,0.0,0.0,0.0
4,fsg_high,29,5,0.10808249350775642,0.059107613637054295,0.04897487987070213,0.10808249350775642,0.0,0.0,0.0
4,fsg_high,29,6,0.14332834387088195,0.07838268805438857,0.06494565581649338,0.14332834387088195,0.0,0.0,0.0
4,fsg_high,29,7,0.1229073760974686,0.06721497130330314,0.055692404794165457,0.1229073760974686,0.0,0.0,0.0
4,fsg_high,30,4,0.1317800134629845,0.07000813215221052,0.06177188131077399,0.1317800134629845,0.0,0.0,0.0
4,fsg_high,30,5,0.10658595999853378,0.05662379124922107,0.04996216874931271,0.10658595999853378,0.0,0.0,0.0
4,fsg_high,30,6,0.1398725729428597,0.07430730437589422,0.06556526856696548,0.1398725729428597,0.0,0.0,0.0
4,fsg_high,30,7,0.12019443121512806,0.06385329158303678,0.05634113963209128,0.12019443121512806,0.0,0.0,0.0
4,fsg_high,31,4,0.1322107206466805,0.06817115283344463,0.06403956781323586,0.1322107206466805,0.0,0.0,0.0
4,fsg_high,31,5,0.10632637277405849,0.054824535961623906,0.05150183681243458,0.10632637277405849,0.0,0.0,0.0
4,fsg_high,31,6,0.13674819339952357,0.07051078722162935,0.06623740617789423,0.13674819339952357,0.0,0.0,0.0
4,fsg_high,31,7,0.11798644872726942,0.06083676262499829,0.05714968610227113,0.11798644872726942,0.0,0.0,0.0
4,fsg_high,32,4,0.12759496686765437,0.06379748343382718,0.06379748343382718,0.12759496686765437,0.0,0.0,0.0
4,fsg_high,32,5,0.10466326138395765,0.052331630691978825,0.052331630691978825,0.10466326138395765,0.0,0.0,0.0
4,fsg_high,32,6,0.13285722713186043,0.06642861356593022,0.06642861356593022,0.13285722713186043,0.0,0.0,0.0
4,fsg_high,32,7,0.11491471836551002,0.05745735918275501,0.05745735918275501,0.11491471836551002,0.0,0.0,0.0
4,fsg_high,33,4,0.12360502688236201,0.0598711848961441,0.06373384198621791,0.12360502688236201,0.0,0.0,0.0
4,fsg_high,33,5,0.10054797559538858,0.048702925679016344,0.05184504991637224,0.10054797559538858,0.0,0.0,0.0
4,fsg_high,33,6,0.12925694936102028,0.0626088348467442,0.06664811451427607,0.12925694936102028,0.0,0.0,0.0
4,fsg_high,33,7,0.11283904903088501,0.05465641437433493,0.05818263465655008,0.11283904903088501,0.0,0.0,0.0
4,fsg_high,34,4,0.1183805685982375,0.05549089153042383,0.06288967706781368,0.1183805685982375,0.0,0.0,0.0
4,fsg_high,34,5,0.09735084205610134,0.0456332072137975,0.051717634842303836,0.09735084205610134,0.0,0.0,0.0
4,fsg_high,34,6,0.12666045703466736,0.05937208923500032,0.06728836779966703,0.12666045703466736,0.0,0.0,0.0
4,fsg_high,34,7,0.11144811754216351,0.05224130509788914,0.059206812444274365,0.11144811754216351,0.0,0.0,0.0
4,fsg_high,35,4,0.11273583664246344,0.051083425978616245,0.06165241066384719,0.11273583664246344,0.0,0.0,0.0
4,fsg_high,35,5,0.09490088904072314,0.04300196534657767,0.05189892369414546,0.09490088904072314,0.0,0.0,0.0
4,fsg_high,35,6,0.12483080258935098,0.05656395742329966,0.06826684516605132,0.12483080258935098,0.0,0.0,0.0
4,fsg_high,35,7,0.11049506113498817,0.050068074576791514,0.06042698655819665,0.11049506113498817,0.0,0.0,0.0
4,fsg_high,36,4,0.10443407710188127,0.045689908732073056,0.05874416836980821,0.10443407710188127,0.0,0.0,0.0
4,fsg_high,36,5,0.09221998248446786,0.04034624233695469,0.05187374014751317,0.09221998248446786,0.0,0.0,0.0
4,fsg_high,36,6,0.12100901902408624,0.05294144582303773,0.06806757320104852,0.12100901902408624,0.0,0.0,0.0
4,fsg_high,36,7,0.10788358735515545,0.04719906946788051,0.06068451788727494,0.10788358735515545,0.0,0.0,0.0
4,fsg_high,37,4,0.09938559364345607,0.04192829731833303,0.057457296325123045,0.09938559364345607,0.0,0.0,0.0
4,fsg_high,37,5,0.09151125312351494,0.03860630991148287,0.05290494321203207,0.09151125312351494,0.0,0.0,0.0
4,fsg_high,37,6,0.11911996237646744,0.0502537341275722,0.06886622824889524,0.11911996237646744,0.0,0.0,0.0
4,fsg_high,37,7,0.10686878550002307,0.04508526888282224,0.061783516617200836,0.10686878550002307,0.0,0.0,0.0
4,fsg_high,38,4,0.09710666989357813,0.039449584644266115,0.05765708524931202,0.09710666989357813,0.0,0.0,0.0
4,fsg_high,38,5,0.09338233426730912,0.03793657329609433,0.055445760971214786,0.09338233426730912,0.0,0.0,0.0
4,fsg_high,38,6,0.11744886909086985,0.047713603068165876,0.06973526602270397,0.11744886909086985,0.0,0.0,0.0
4,fsg_high,38,7,0.10587497017143631,0.043011706632146,0.06286326353929031,0.10587497017143631,0.0,0.0,0.0
4,fsg_high,39,4,0.0962024581604614,0.03757908521893023,0.058623372941531166,0.0962024581604614,0.0,0.0,0.0
4,fsg_high,39,5,0.09645568154050205,0.03767800060175861,0.058777680938743436,0.09645568154050205,0.0,0.0,0.0
4,fsg_high,39,6,0.11596434886477487,0.045298573775302685,0.0706657750894722,0.11596434886477487,0.0,0.0,0.0
4,fsg_high,39,7,0.10480378024068367,0.04093897665651706,0.06386480358416662,0.10480378024068367,0.0,0.0,0.0
4,fsg_high,40,4,0.09310504151532173,0.03491439056824565,0.05819065094707608,0.09310504151532173,0.0,0.0,0.0
4,fsg_high,40,5,0.08166393893236822,0.03062397709963808,0.05103996183273014,0.08166393893236822,0.0,0.0,0.0
4,fsg_high,40,6,0.11248638623150548,0.04218239483681455,0.07030399139469093,0.11248638623150548,0.0,0.0,0.0
4,fsg_high,40,7,0.10146349956552486,0.03804881233707182,0.06341468722845303,0.10146349956552486,0.0,0.0,0.0
4,fsg_high,41,4,0.09053035763082304,0.03253434727357703,0.05799601035724601,0.09053035763082304,0.0,0.0,0.0
4,fsg_high,41,5,0.07935196928817936,0.028517113962939458,0.0508348553252399,0.07935196928817936,0.0,0.0,0.0
4,fsg_high,41,6,0.11195426127208087,0.04023356264465406,0.0717206986274268,0.11195426127208087,0.0,0.0,0.0
4,fsg_high,41,7,0.10019765507278043,0.03600853229178047,0.06418912278099996,0.10019765507278043,0.0,0.0,0.0
4,fsg_high,42,4,0.08862240993360294,0.03046395341467601,0.05815845651892693,0.08862240993360294,0.0,0.0,0.0
4,fsg_high,42,5,0.0773172428162742,0.026577802218094256,0.05073944059817994,0.0773172428162742,0.0,0.0,0.0
4,fsg_high,42,6,0.1147331666803434,0.039439526046368044,0.07529364063397535,0.1147331666803434,0.0,0.0,0.0
4,fsg_high,42,7,0.09891122453025272,0.034000733432274374,0.06491049109797835,0.09891122453025272,0.0,0.0,0.0
4,fsg_high,43,4,0.08750228455333406,0.02871168711906274,0.05879059743427132,0.08750228455333406,0.0,0.0,0.0
4,fsg_high,43,5,0.07543837510288835,0.02475321683063524,0.05068515827225311,0.07543837510288835,0.0,0.0,0.0
4,fsg_high,43,6,0.11186090250237062,0.03670435863359036,0.07515654386878026,0.11186090250237062,0.0,0.0,0.0
4,fsg_high,43,7,0.09757025422059915,0.03201523966613409,0.06555501455446505,0.09757025422059915,0.0,0.0,0.0
4,fsg_high,44,4,0.08705277128437933,0.02720399102636854,0.059848780258010784,0.08705277128437933,0.0,0.0,0.0
4,fsg_high,44,5,0.07278262273073566,0.022744569603354893,0.050038053127380765,0.07278262273073566,0.0,0.0,0.0
4,fsg_high,44,6,0.1048343768436378,0.032760742763636816,0.07207363408000099,0.1048343768436378,0.0,0.0,0.0
4,fsg_high,44,7,0.09479521206636808,0.029623503770740026,0.06517170829562806,0.09479521206636808,0.0,0.0,0.0
4,fsg_high,45,4,0.08656637477351983,0.0256993925108887,0.06086698226263113,0.08656637477351983,0.0,0.0,0.0
4,fsg_high,45,5,0.07125496631243637,0.021153818124004548,0.050101148188431824,0.07125496631243637,0.0,0.0,0.0
4,fsg_high,45,6,0.10174219161656267,0.030204713136167044,0.07153747848039563,0.10174219161656267,0.0,0.0,0.0
4,fsg_high,45,7,0.0931200189542861,0.027645005627053684,0.0654750133272324,0.0931200189542861,0.0,0.0,0.0
4,fsg_high,46,4,0.08497312596813894,0.02389869167853908,0.06107443428959986,0.08497312596813894,0.0,0.0,0.0
4,fsg_high,46,5,0.06993616485373004,0.019669546365111572,0.050266618488618464,0.06993616485373004,0.0,0.0,0.0
4,fsg_high,46,6,0.09927434905124365,0.027920910670662276,0.07135343838058138,0.09927434905124365,0.0,0.0,0.0
4,fsg_high,46,7,0.09146399101035137,0.025724247471661323,0.06573974353869004,0.09146399101035137,0.0,0.0,0.0
4,fsg_high,47,4,0.08243374986949507,0.02189646480908463,0.060537285060410444,0.08243374986949507,0.0,0.0,0.0
4,fsg_high,47,5,0.06879852649869986,0.01827460860121715,0.05052391789748271,0.06879852649869986,0.0,0.0,0.0
4,fsg_high,47,6,0.09713099590393567,0.025800420786982914,0.07133057511695276,0.09713099590393567,0.0,0.0,0.0
4,fsg_high,47,7,0.08979657191081691,0.023852214413810743,0.06594435749700617,0.08979657191081691,0.0,0.0,0.0
8,fsg_high,0,8,0.1174935819325638,0.1174935819325638,0.0,0.1174935819325638,0.0,0.0,0.0
8,fsg_high,0,9,0.11049518229316535,0.11049518229316535,0.0,0.11049518229316535,0.0,0.0,0.0
8,fsg_high,0,10,0.15567243858357466,0.15567243858357466,0.0,0.15567243858357466,0.0,0.0,0.0
8,fsg_high,0,11,0.18509026925961844,0.18509026925961844,0.0,0.18509026925961844,0.0,0.0,0.0
8,fsg_high,1,8,0.1330235096633038,0.1309450173248147,0.002078492338489122,0.1330235096633038,0.0,0.0,0.0
8,fsg_high,1,9,0.11314894176122436,0.11138098954620523,0.0017679522150191307,0.11314894176122436,0.0,0.0,0.0
8,fsg_high,1,10,0.15218850978545662,0.14981056432005885,0.0023779454653977596,0.15218850978545662,0.0,0.0,0.0
8,fsg_high,1,11,0.16257125684009002,0.1600310809519636,0.0025401758881264066,0.16257125684009002,0.0,0.0,0.0
8,fsg_high,2,8,0.15994914052862635,0.1549507298871068,0.004998410641519574,0.15994914052862635,0.0,0.0,0.0
8,fsg_high,2,9,0.11317310987074,0.10963645018727938,0.003536659683460625,0.11317310987074,0.0,0.0,0.0
8,fsg_high,2,10,0.15857327168739593,0.15361785694716482,0.004955414740231123,0.15857327168739593,0.0,0.0,0.0
8,fsg_high,2,11,0.125247521107351,0.12133353607274627,0.003913985034604718,0.125247521107351,0.0,0.0,0.0
8,fsg_high,3,8,0.12035134162077715,0.11470987248230323,0.005641469138473929,0.12035134162077715,0.0,0.0,0.0
8,fsg_high,3,9,0.11653896612610944,0.11107620208894806,0.00546276403716138,0.11653896612610944,0.0,0.0,0.0
8,fsg_high,3,10,0.17351187669084292,0.16537850747095967,0.008133369219883262,0.17351187669084292,0.0,0.0,0.0
8,fsg_high,3,11,0.08733146053461575,0.08323779832205563,0.004093662212560113,0.08733146053461575,0.0,0.0,0.0
8,fsg_high,4,8,0.16884073013177062,0.15828818449853496,0.010552545633235664,0.16884073013177062,0.0,0.0,0.0
8,fsg_high,4,9,0.12676801149118236,0.11884501077298346,0.007923000718198897,0.12676801149118236,0.0,0.0,0.0
8,fsg_high,4,10,0.19473941015908885,0.1825681970241458,0.012171213134943053,0.19473941015908885,0.0,0.0,0.0
8,fsg_high,4,11,0.06613897173217514,0.062005285998914195,0.0041336857332609465,0.06613897173217514,0.0,0.0,0.0
8,fsg_high,5,8,0.16088603496708595,0.14831681348528236,0.01256922148180359,0.16088603496708595,0.0,0.0,0.0
8,fsg_high,5,9,0.12614130199128454,0.11628651277321543,0.009854789218069104,0.12614130199128454,0.0,0.0,0.0
8,fsg_high,5,10,0.2922142315874692,0.2693849947446981,0.02282923684277103,0.2922142315874692,0.0,0.0,0.0
8,fsg_high,5,11,0.0580053038271522,0.053473639465655934,0.0045316643614962656,0.0580053038271522,0.0,0.0,0.0
8,fsg_high,6,8,0.17766161703889455,0.16100584044149818,0.016655776597396366,0.17766161703889455,0.0,0.0,0.0
8,fsg_high,6,9,0.12322525801476424,0.11167289007588009,0.011552367938884147,0.12322525801476424,0.0,0.0,0.0
8,fsg_high,6,10,0.33418933499548037,0.30285908483965407,0.031330250155826286,0.33418933499548037,0.0,0.0,0.0
8,fsg_high,6,11,0.05737456632142549,0.05199570072879185,0.00537886559263364,0.05737456632142549,0.0,0.0,0.0
8,fsg_high,7,8,0.19230398923899758,0.17127074041598223,0.02103324882301536,0.19230398923899758,0.0,0.0,0.0
8,fsg_high,7,9,0.1466459445186651,0.1306065443369361,0.016039400181728995,0.1466459445186651,0.0,0.0,0.0
8,fsg_high,7,10,0.2181406386443506,0.19428150629262475,0.023859132351725848,0.2181406386443506,0.0,0.0,0.0
8,fsg_high,7,11,0.05901823315264209,0.05256311390157186,0.0064551192510702285,0.05901823315264209,0.0,0.0,0.0
8,fsg_high,8,8,0.24362676729987923,0.2131734213873943,0.030453345912484903,0.24362676729987923,0.0,0.0,0.0
8,fsg_high,8,9,0.2106937338683697,0.1843570171348235,0.026336716733546213,0.2106937338683697,0.0,0.0,0.0
8,fsg_high,8,10,0.21407203041682873,0.18731302661472515,0.026759003802103592,0.21407203041682873,0.0,0.0,0.0
8,fsg_high,8,11,0.06423452574133807,0.056205210023670814,0.00802931571766726,0.06423452574133807,0.0,0.0,0.0
8,fsg_high,9,8,0.24651396175280646,0.21184793588131806,0.034666025871488405,0.24651396175280646,0.0,0.0,0.0
8,fsg_high,9,9,0.23036424865513044,0.19796927618800272,0.03239497246712772,0.23036424865513044,0.0,0.0,0.0
8,fsg_high,9,10,0.209788084818645,0.18028663539102305,0.029501449427621954,0.209788084818645,0.0,0.0,0.0
8,fsg_high,9,11,0.06732460864788903,0.05785708555677963,0.009467523091109395,0.06732460864788903,0.0,0.0,0.0
8,fsg_high,10,8,0.24083835496337586,0.2032073620003484,0.03763099296302748,0.24083835496337586,0.0,0.0,0.0
8,fsg_high,10,9,0.24549016152329076,0.20713232378527657,0.03835783773801418,0.24549016152329076,0.0,0.0,0.0
8,fsg_high,10,10,0.2032080876683027,0.1714568239701304,0.0317512636981723,0.2032080876683027,0.0,0.0,0.0
8,fsg_high,10,11,0.07158003249902056,0.0603956524210486,0.011184380077971963,0.07158003249902056,0.0,0.0,0.0
8,fsg_high,11,8,0.23398001508289681,0.19376469999052393,0.04021531509237289,0.23398001508289681,0.0,0.0,0.0
8,fsg_high,11,9,0.25107658617884493,0.20792279792935595,0.04315378824948897,0.25107658617884493,0.0,0.0,0.0
8,fsg_high,11,10,0.19354146411076242,0.16027652496672512,0.03326493914403729,0.19354146411076242,0.0,0.0,0.0
8,fsg_high,11,11,0.07718862171415186,0.06392182735703202,0.013266794357119851,0.07718862171415186,0.0,0.0,0.0
8,fsg_high,12,8,0.20143819454633746,0.1636685330688992,0.03776966147743827,0.20143819454633746,0.0,0.0,0.0
8,fsg_high,12,9,0.23946889961570425,0.1945684809377597,0.044900418677944545,0.23946889961570425,0.0,0.0,0.0
8,fsg_high,12,10,0.17734566823010472,0.14409335543696009,0.03325231279314464,0.17734566823010472,0.0,0.0,0.0
8,fsg_high,12,11,0.10036681658715936,0.08154803847706699,0.01881877811009238,0.10036681658715936,0.0,0.0,0.0
8,fsg_high,13,8,0.1920572084415125,0.15304558797683027,0.03901162046468223,0.1920572084415125,0.0,0.0,0.0
8,fsg_high,13,9,0.23642811265913008,0.18840365227524428,0.048024460383885796,0.23642811265913008,0.0,0.0,0.0
8,fsg_high,13,10,0.1754194057459849,0.13978733895383172,0.03563206679215319,0.1754194057459849,0.0,0.0,0.0
8,fsg_high,13,11,0.11643140213133306,0.09278127357340603,0.023650128557927027,0.11643140213133306,0.0,0.0,0.0
8,fsg_high,14,8,0.19366224239601332,0.15129862687188542,0.042363615524127915,0.19366224239601332,0.0,0.0,0.0
8,fsg_high,14,9,0.23448192144048507,0.18318900112537898,0.051292920315106114,0.23448192144048507,0.0,0.0,0.0
8,fsg_high,14,10,0.18147128955087774,0.14177444496162322,0.03969684458925451,0.18147128955087774,0.0,0.0,0.0
8,fsg_high,14,11,0.14492187346005847,0.11322021364067068,0.03170165981938779,0.14492187346005847,0.0,0.0,0.0
8,fsg_high,15,8,0.2022931847417364,0.15488071956789193,0.04741246517384447,0.2022931847417364,0.0,0.0,0.0
8,fsg_high,15,9,0.23084472547775048,0.1767404929439027,0.05410423253384777,0.23084472547775048,0.0,0.0,0.0
8,fsg_high,15,10,0.1966148665793559,0.15053325722481936,0.046081609354536535,0.1966148665793559,0.0,0.0,0.0
8,fsg_high,15,11,0.18780479217825058,0.1437880440114731,0.04401674816677748,0.18780479217825058,0.0,0.0,0.0
8,fsg_high,16,8,0.22098587331756725,0.16573940498817544,0.05524646832939181,0.22098587331756725,0.0,0.0,0.0
8,fsg_high,16,9,0.21591526608736344,0.16193644956552258,0.05397881652184086,0.21591526608736344,0.0,0.0,0.0
8,fsg_high,16,10,0.2096488070744355,0.15723660530582662,0.052412201768608876,0.2096488070744355,0.0,0.0,0.0
8,fsg_high,16,11,0.17449099836863707,0.1308682487764778,0.04362274959215927,0.17449099836863707,0.0,0.0,0.0
8,fsg_high,17,8,0.22169156504500676,0.16280474307992684,0.05888682196507992,0.22169156504500676,0.0,0.0,0.0
8,fsg_high,17,9,0.20636270950451693,0.15154761479237963,0.05481509471213731,0.20636270950451693,0.0,0.0,0.0
8,fsg_high,17,10,0.1882301695440807,0.13823153075893427,0.04999863878514644,0.1882301695440807,0.0,0.0,0.0
8,fsg_high,17,11,0.17458149337204446,0.12820828419509514,0.04637320917694931,0.17458149337204446,0.0,0.0,0.0
8,fsg_high,18,8,0.21536001997975807,0.15479001436045112,0.060570005619306956,0.21536001997975807,0.0,0.0,0.0
8,fsg_high,18,9,0.195901443933321,0.14080416282707447,0.05509728110624654,0.195901443933321,0.0,0.0,0.0
8,fsg_high,18,10,0.17647302255554348,0.12683998496179688,0.049633037593746605,0.17647302255554348,0.0,0.0,0.0
8,fsg_high,18,11,0.17173204469869127,0.12343240712718435,0.04829963757150692,0.17173204469869127,0.0,0.0,0.0
8,fsg_high,19,8,0.21141608577601173,0.14865193531125825,0.06276415046475348,0.21141608577601173,0.0,0.0,0.0
8,fsg_high,19,9,0.18586620051208608,0.13068717223506052,0.05517902827702555,0.18586620051208608,0.0,0.0,0.0
8,fsg_high,19,10,0.16604305840974928,0.11674902544435496,0.04929403296539432,0.16604305840974928,0.0,0.0,0.0
8,fsg_high,19,11,0.16510922972303016,0.11609242714900558,0.049016802574024576,0.16510922972303016,0.0,0.0,0.0
8,fsg_high,20,8,0.202357493816703,0.13912077699898331,0.0632367168177197,0.202357493816703,0.0,0.0,0.0
8,fsg_high,20,9,0.1701424282639799,0.11697291943148619,0.05316950883249372,0.1701424282639799,0.0,0.0,0.0
8,fsg_high,20,10,0.1529111145979737,0.10512639128610693,0.047784723311866784,0.1529111145979737,0.0,0.0,0.0
8,fsg_high,20,11,0.15542812665084021,0.10685683707245265,0.048571289578387564,0.15542812665084021,0.0,0.0,0.0
8,fsg_high,21,8,0.20130919783985887,0.13525461729865518,0.0660545805412037,0.20130919783985887,0.0,0.0,0.0
8,fsg_high,21,9,0.16356756935307684,0.1098969606590985,0.05367060869397834,0.16356756935307684,0.0,0.0,0.0
8,fsg_high,21,10,0.14753388001684775,0.09912432563631958,0.04840955438052817,0.14753388001684775,0.0,0.0,0.0
8,fsg_high,21,11,0.15345304247605274,0.10310126291359793,0.050351779562454804,0.15345304247605274,0.0,0.0,0.0
8,fsg_high,22,8,0.20157235932350417,0.13228186080604962,0.06929049851745456,0.20157235932350417,0.0,0.0,0.0
8,fsg_high,22,9,0.15867550518045695,0.10413080027467488,0.054544704905782074,0.15867550518045695,0.0,0.0,0.0
8,fsg_high,22,10,0.1456523162990013,0.09558433257121961,0.0500679837277817,0.1456523162990013,0.0,0.0,0.0
8,fsg_high,22,11,0.15059212091439375,0.0988260793500709,0.05176604156432285,0.15059212091439375,0.0,0.0,0.0
8,fsg_high,23,8,0.20101148180637296,0.12877298053220768,0.07223850127416528,0.20101148180637296,0.0,0.0,0.0
8,fsg_high,23,9,0.15419531856479654,0.09878137595557278,0.055413942609223756,0.15419531856479654,0.0,0.0,0.0
8,fsg_high,23,10,0.14407223950211173,0.09229627843104032,0.0517759610710714,0.14407223950211173,0.0,0.0,0.0
8,fsg_high,23,11,0.14726202805795002,0.09433973672462423,0.05292229133332579,0.14726202805795002,0.0,0.0,0.0
8,fsg_high,24,8,0.17419229095051372,0.10887018184407107,0.06532210910644265,0.17419229095051372,0.0,0.0,0.0
8,fsg_high,24,9,0.14326554735680008,0.08954096709800005,0.05372458025880003,0.14326554735680008,0.0,0.0,0.0
8,fsg_high,24,10,0.14037133770838828,0.08773208606774267,0.052639251640645604,0.14037133770838828,0.0,0.0,0.0
8,fsg_high,24,11,0.14143846018224082,0.08839903761390051,0.05303942256834031,0.14143846018224082,0.0,0.0,0.0
8,fsg_high,25,8,0.16169639334405464,0.0985337396940333,0.06316265365002134,0.16169639334405464,0.0,0.0,0.0
8,fsg_high,25,9,0.13839372400246622,0.08433367556400286,0.05406004843846337,0.13839372400246622,0.0,0.0,0.0
8,fsg_high,25,10,0.13707933040655348,0.08353271696649353,0.053546613440059954,0.13707933040655348,0.0,0.0,0.0
8,fsg_high,25,11,0.14056105587369622,0.08565439342303363,0.054906662450662586,0.14056105587369622,0.0,0.0,0.0
8,fsg_high,26,8,0.15504310584579287,0.09205684409593952,0.06298626174985335,0.15504310584579287,0.0,0.0,0.0
8,fsg_high,26,9,0.13416680131229722,0.07966153827917648,0.05450526303312075,0.13416680131229722,0.0,0.0,0.0
8,fsg_high,26,10,0.13430055147143594,0.07974095243616508,0.05455959903527085,0.13430055147143594,0.0,0.0,0.0
8,fsg_high,26,11,0.1410010850331218,0.08371939423841607,0.057281690794705735,0.1410010850331218,0.0,0.0,0.0
8,fsg_high,27,8,0.15039303862906442,0.08694597545742787,0.06344706317163655,0.15039303862906442,0.0,0.0,0.0
8,fsg_high,27,9,0.13066633599439767,0.07554147549676116,0.05512486049763652,0.13066633599439767,0.0,0.0,0.0
8,fsg_high,27,10,0.13284590123881343,0.07680153665368901,0.056044364585124413,0.13284590123881343,0.0,0.0,0.0
8,fsg_high,27,11,0.14366870884718122,0.08305847230227664,0.06061023654490458,0.14366870884718122,0.0,0.0,0.0
8,fsg_high,28,8,0.143341330725598,0.08062949853314887,0.06271183219244912,0.143341330725598,0.0,0.0,0.0
8,fsg_high,28,9,0.12412416680355987,0.06981984382700243,0.05430432297655744,0.12412416680355987,0.0,0.0,0.0
8,fsg_high,28,10,0.12631757991256917,0.07105363870082015,0.05526394121174901,0.12631757991256917,0.0,0.0,0.0
8,fsg_high,28,11,0.14481631541321752,0.08145917741993486,0.06335713799328266,0.14481631541321752,0.0,0.0,0.0
8,fsg_high,29,8,0.14049685817609234,0.0768342193150505,0.06366263886104184,0.14049685817609234,0.0,0.0,0.0
8,fsg_high,29,9,0.12172881293574696,0.06657044457423662,0.05515836836151034,0.12172881293574696,0.0,0.0,0.0
8,fsg_high,29,10,0.12337091054761434,0.06746846670572659,0.05590244384188775,0.12337091054761434,0.0,0.0,0.0
8,fsg_high,29,11,0.14167918304719515,0.07748080322893484,0.0641983798182603,0.14167918304719515,0.0,0.0,0.0
8,fsg_high,30,8,0.13804835981242114,0.07333819115034873,0.06471016866207241,0.13804835981242114,0.0,0.0,0.0
8,fsg_high,30,9,0.11980896437601747,0.06364851232475928,0.05616045205125819,0.11980896437601747,0.0,0.0,0.0
8,fsg_high,30,10,0.1215184069002017,0.06455665366573216,0.056961753234469545,0.1215184069002017,0.0,0.0,0.0
8,fsg_high,30,11,0.14071602101471245,0.07475538616406599,0.06596063485064646,0.14071602101471245,0.0,0.0,0.0
8,fsg_high,31,8,0.13554694315097893,0.06989139256222351,0.06565555058875541,0.13554694315097893,0.0,0.0,0.0
8,fsg_high,31,9,0.11822032833769028,0.06095735679912155,0.05726297153856873,0.11822032833769028,0.0,0.0,0.0
8,fsg_high,31,10,0.1203802267875989,0.06207105443735568,0.058309172350243216,0.1203802267875989,0.0,0.0,0.0
8,fsg_high,31,11,0.14038497024237612,0.07238600028122519,0.06799896996115093,0.14038497024237612,0.0,0.0,0.0
8,fsg_high,32,8,0.12469691704727644,0.06234845852363822,0.06234845852363822,0.12469691704727644,0.0,0.0,0.0
8,fsg_high,32,9,0.11412427202062904,0.05706213601031452,0.05706213601031452,0.11412427202062904,0.0,0.0,0.0
8,fsg_high,32,10,0.11923919573506755,0.05961959786753378,0.05961959786753378,0.11923919573506755,0.0,0.0,0.0
8,fsg_high,32,11,0.13488663135911624,0.06744331567955812,0.06744331567955812,0.13488663135911624,0.0,0.0,0.0
8,fsg_high,33,8,0.12260419298355792,0.059386405976410865,0.06321778700714704,0.12260419298355792,0.0,0.0,0.0
8,fsg_high,33,9,0.11320683470767368,0.05483456056152944,0.05837227414614424,0.11320683470767368,0.0,0.0,0.0
8,fsg_high,33,10,0.11785226826907666,0.057084692442834005,0.060767575826242655,0.11785226826907666,0.0,0.0,0.0
8,fsg_high,33,11,0.13306216426120412,0.06445198581402074,0.06861017844718338,0.13306216426120412,0.0,0.0,0.0
8,fsg_high,34,8,0.12104219923797813,0.056738530892802244,0.06430366834517588,0.12104219923797813,0.0,0.0,0.0
8,fsg_high,34,9,0.11263003368063564,0.052795328287797955,0.05983470539283768,0.11263003368063564,0.0,0.0,0.0
8,fsg_high,34,10,0.11570220388056669,0.05423540806901564,0.06146679581155105,0.11570220388056669,0.0,0.0,0.0
8,fsg_high,34,11,0.1309332200433186,0.061374946895305586,0.069558273148013,0.1309332200433186,0.0,0.0,0.0
8,fsg_high,35,8,0.11987239043794119,0.0543171769171921,0.06555521352074908,0.11987239043794119,0.0,0.0,0.0
8,fsg_high,35,9,0.11221132224593053,0.05084575539268727,0.06136556685324326,0.11221132224593053,0.0,0.0,0.0
8,fsg_high,35,10,0.11285923130685988,0.05113933918592088,0.06171989212093899,0.11285923130685988,0.0,0.0,0.0
8,fsg_high,35,11,0.12902359781685022,0.058463817760760255,0.07055978005608997,0.12902359781685022,0.0,0.0,0.0
8,fsg_high,36,8,0.11548475516287848,0.050524580383759336,0.06496017477911914,0.11548475516287848,0.0,0.0,0.0
8,fsg_high,36,9,0.10953027335412509,0.04791949459242972,0.061610778761695364,0.10953027335412509,0.0,0.0,0.0
8,fsg_high,36,10,0.1078663801646518,0.047191541322035166,0.06067483884261664,0.1078663801646518,0.0,0.0,0.0
8,fsg_high,36,11,0.12379955578112693,0.054162305654243036,0.0696372501268839,0.12379955578112693,0.0,0.0,0.0
8,fsg_high,37,8,0.11473861731520156,0.04840535417985066,0.0663332631353509,0.11473861731520156,0.0,0.0,0.0
8,fsg_high,37,9,0.10892300254788857,0.045951891699890494,0.06297111084799809,0.10892300254788857,0.0,0.0,0.0
8,fsg_high,37,10,0.10444115891754695,0.04406111391834012,0.06038004499920683,0.10444115891754695,0.0,0.0,0.0
8,fsg_high,37,11,0.12204907507007458,0.05148945354518771,0.07055962152488686,0.12204907507007458,0.0,0.0,0.0
8,fsg_high,38,8,0.11353573274550695,0.0461238914278622,0.06741184131764474,0.11353573274550695,0.0,0.0,0.0
8,fsg_high,38,9,0.10825032679447688,0.04397669526025623,0.06427363153422065,0.10825032679447688,0.0,0.0,0.0
8,fsg_high,38,10,0.10145899329188726,0.0412177160248292,0.06024127726705806,0.10145899329188726,0.0,0.0,0.0
8,fsg_high,38,11,0.12027173091821661,0.048860390685525494,0.0714113402326911,0.12027173091821661,0.0,0.0,0.0
8,fsg_high,39,8,0.11147842460446876,0.04354625961112061,0.06793216499334816,0.11147842460446876,0.0,0.0,0.0
8,fsg_high,39,9,0.10744138119501621,0.041969289529303205,0.06547209166571301,0.10744138119501621,0.0,0.0,0.0
8,fsg_high,39,10,0.09884714258758254,0.03861216507327443,0.060234977514308105,0.09884714258758254,0.0,0.0,0.0
8,fsg_high,39,11,0.11844039882719026,0.0462657807918712,0.07217461803531906,0.11844039882719026,0.0,0.0,0.0
8,fsg_high,40,8,0.10603456919527751,0.03976296344822906,0.06627160574704845,0.10603456919527751,0.0,0.0,0.0
8,fsg_high,40,9,0.10458769533148754,0.03922038574930783,0.0653673095821797,0.10458769533148754,0.0,0.0,0.0
8,fsg_high,40,10,0.0948951871124376,0.0355856951671641,0.059309491945273504,0.0948951871124376,0.0,0.0,0.0
8,fsg_high,40,11,0.11340900692511448,0.04252837759691793,0.07088062932819655,0.11340900692511448,0.0,0.0,0.0
8,fsg_high,41,8,0.10303036741026148,0.03702653828806272,0.06600382912219875,0.10303036741026148,0.0,0.0,0.0
8,fsg_high,41,9,0.10319524083294984,0.03708578967434135,0.06610945115860849,0.10319524083294984,0.0,0.0,0.0
8,fsg_high,41,10,0.09284277902127898,0.03336537371077213,0.059477405310506846,0.09284277902127898,0.0,0.0,0.0
8,fsg_high,41,11,0.11116803495607774,0.03995101256234044,0.07121702239373731,0.11116803495607774,0.0,0.0,0.0
8,fsg_high,42,8,0.10022477927990689,0.034452267877467996,0.0657725114024389,0.10022477927990689,0.0,0.0,0.0
8,fsg_high,42,9,0.10162943596186813,0.03493511861189217,0.06669431734997597,0.10162943596186813,0.0,0.0,0.0
8,fsg_high,42,10,0.09101224531062543,0.031285459325527495,0.05972678598509794,0.09101224531062543,0.0,0.0,0.0
8,fsg_high,42,11,0.10922580955025718,0.037546372032900906,0.07167943751735628,0.10922580955025718,0.0,0.0,0.0
8,fsg_high,43,8,0.0977571580160707,0.032076567474023196,0.0656805905420475,0.0977571580160707,0.0,0.0,0.0
8,fsg_high,43,9,0.09990808105118157,0.032782339094918955,0.06712574195626261,0.09990808105118157,0.0,0.0,0.0
8,fsg_high,43,10,0.08925773723030647,0.02928769502869431,0.05997004220161216,0.08925773723030647,0.0,0.0,0.0
8,fsg_high,43,11,0.10750433138393495,0.03527485873535365,0.07222947264858129,0.10750433138393495,0.0,0.0,0.0
8,fsg_high,44,8,0.09420039375088689,0.029437623047152153,0.06476277070373473,0.09420039375088689,0.0,0.0,0.0
8,fsg_high,44,9,0.09655901556345965,0.03017469236358114,0.06638432319987851,0.09655901556345965,0.0,0.0,0.0
8,fsg_high,44,10,0.08664294812797999,0.027075921289993747,0.05956702683798624,0.08664294812797999,0.0,0.0,0.0
8,fsg_high,44,11,0.10321172456123225,0.032253663925385076,0.07095806063584717,0.10321172456123225,0.0,0.0,0.0
8,fsg_high,45,8,0.0920768584097677,0.027335317340399786,0.06474154106936791,0.0920768584097677,0.0,0.0,0.0
8,fsg_high,45,9,0.0943634196692158,0.02801414021429844,0.06634927945491736,0.0943634196692158,0.0,0.0,0.0
8,fsg_high,45,10,0.08517281377808636,0.025285679090369387,0.05988713468771697,0.08517281377808636,0.0,0.0,0.0
8,fsg_high,45,11,0.10131477339459051,0.030077823351519057,0.07123695004307146,0.10131477339459051,0.0,0.0,0.0
8,fsg_high,46,8,0.090070314663776,0.025332275999187002,0.064738038664589,0.090070314663776,0.0,0.0,0.0
8,fsg_high,46,9,0.09210222051648657,0.025903749520261848,0.06619847099622472,0.09210222051648657,0.0,0.0,0.0
8,fsg_high,46,10,0.08398979142603119,0.023622128838571274,0.06036766258745992,0.08398979142603119,0.0,0.0,0.0
8,fsg_high,46,11,0.09938056016318636,0.027950782545896162,0.07142977761729019,0.09938056016318636,0.0,0.0,0.0
8,fsg_high,47,8,0.08814748172700335,0.023414174833735264,0.06473330689326809,0.08814748172700335,0.0,0.0,0.0
8,fsg_high,47,9,0.08979192434533713,0.023850979904230175,0.06594094444110696,0.08979192434533713,0.0,0.0,0.0
8,fsg_high,47,10,0.08289496727700284,0.022018975682953877,0.06087599159404896,0.08289496727700284,0.0,0.0,0.0
8,fsg_high,47,11,0.09751285869357473,0.02590185309048079,0.07161100560309394,0.09751285869357473,0.0,0.0,0.0
12,fsg_high,0,12,0.07392791779870911,0.07392791779870911,0.0,0.07392791779870911,0.0,0.0,0.0
12,fsg_high,0,13,0.11367544006691788,0.11367544006691788,0.0,0.11367544006691788,0.0,0.0,0.0
12,fsg_high,0,14,0.12739034908771557,0.12739034908771557,0.0,0.12739034908771557,0.0,0.0,0.0
12,fsg_high,0,15,0.15882357657812463,0.15882357657812463,0.0,0.15882357657812463,0.0,0.0,0.0
12,fsg_high,1,12,0.1004879003925524,0.09891777694891876,0.0015701234436336312,0.1004879003925524,0.0,0.0,0.0
12,fsg_high,1,13,0.11862804899512779,0.11677448572957891,0.0018535632655488716,0.11862804899512779,0.0,0.0,0.0
12,fsg_high,1,14,0.1111827963213582,0.10944556512883698,0.001737231192521222,0.1111827963213582,0.0,0.0,0.0
12,fsg_high,1,15,0.15061773119444438,0.1482643291445312,0.0023534020499131935,0.15061773119444438,0.0,0.0,0.0
12,fsg_high,2,12,0.16499933052855495,0.15984310144953762,0.005156229079017342,0.16499933052855495,0.0,0.0,0.0
12,fsg_high,2,13,0.11700920591927456,0.11335266823429724,0.00365653768497733,0.11700920591927456,0.0,0.0,0.0
12,fsg_high,2,14,0.09387004639843455,0.09093660744848348,0.0029334389499510796,0.09387004639843455,0.0,0.0,0.0
12,fsg_high,2,15,0.14052293742610422,0.13613159563153845,0.004391341794565757,0.14052293742610422,0.0,0.0,0.0
12,fsg_high,3,12,0.266426692540785,0.2539379413279357,0.012488751212849297,0.266426692540785,0.0,0.0,0.0
12,fsg_high,3,13,0.1181404970153827,0.11260266121778664,0.005537835797596064,0.1181404970153827,0.0,0.0,0.0
12,fsg_high,3,14,0.08733128636733145,0.08323763231886279,0.004093654048468662,0.08733128636733145,0.0,0.0,0.0
12,fsg_high,3,15,0.1316919555625664,0.1255188951455711,0.0061730604169953004,0.1316919555625664,0.0,0.0,0.0
12,fsg_high,4,12,0.2166009405184637,0.20306338173605973,0.013537558782403982,0.2166009405184637,0.0,0.0,0.0
12,fsg_high,4,13,0.15785491398665522,0.14798898186248927,0.009865932124165951,0.15785491398665522,0.0,0.0,0.0
12,fsg_high,4,14,0.08758398624743874,0.08210998710697381,0.005473999140464921,0.08758398624743874,0.0,0.0,0.0
12,fsg_high,4,15,0.10904742513781096,0.10223196106669777,0.006815464071113185,0.10904742513781096,0.0,0.0,0.0
12,fsg_high,5,12,0.27775035528281034,0.2560511087763408,0.02169924650646956,0.27775035528281034,0.0,0.0,0.0
12,fsg_high,5,13,0.17282646337718022,0.15932439592583802,0.013502067451342204,0.17282646337718022,0.0,0.0,0.0
12,fsg_high,5,14,0.08035349583360525,0.07407587897160484,0.00627761686200041,0.08035349583360525,0.0,0.0,0.0
12,fsg_high,5,15,0.09091371772678847,0.08381108352938312,0.007102634197405349,0.09091371772678847,0.0,0.0,0.0
12,fsg_high,6,12,0.272596011685349,0.24704013558984755,0.025555876095501473,0.272596011685349,0.0,0.0,0.0
12,fsg_high,6,13,0.1752990873787197,0.15886479793696473,0.01643428944175497,0.1752990873787197,0.0,0.0,0.0
12,fsg_high,6,14,0.07044061683776118,0.06383680900922106,0.00660380782854011,0.07044061683776118,0.0,0.0,0.0
12,fsg_high,6,15,0.07710276593746271,0.06987438163082559,0.007228384306637129,0.07710276593746271,0.0,0.0,0.0
12,fsg_high,7,12,0.17376069029293958,0.1547556147921493,0.019005075500790267,0.17376069029293958,0.0,0.0,0.0
12,fsg_high,7,13,0.16650116845028043,0.148290103151031,0.018211065299249422,0.16650116845028043,0.0,0.0,0.0
12,fsg_high,7,14,0.061128186982161145,0.05444229153098727,0.006685895451173875,0.061128186982161145,0.0,0.0,0.0
12,fsg_high,7,15,0.0701721194260824,0.062497043863854636,0.0076750755622277626,0.0701721194260824,0.0,0.0,0.0
12,fsg_high,8,12,0.12359400256563527,0.10814475224493086,0.015449250320704409,0.12359400256563527,0.0,0.0,0.0
12,fsg_high,8,13,0.10684953707061645,0.0934933449367894,0.013356192133827056,0.10684953707061645,0.0,0.0,0.0
12,fsg_high,8,14,0.05472724319771903,0.04788633779800415,0.006840905399714879,0.05472724319771903,0.0,0.0,0.0
12,fsg_high,8,15,0.0716817100622446,0.06272149630446403,0.008960213757780574,0.0716817100622446,0.0,0.0,0.0
12,fsg_high,9,12,0.1322787153897795,0.11367702103809177,0.018601694351687743,0.1322787153897795,0.0,0.0,0.0
12,fsg_high,9,13,0.08010408460982031,0.06883944771156433,0.011264636898255981,0.08010408460982031,0.0,0.0,0.0
12,fsg_high,9,14,0.05178956017228543,0.04450665327305779,0.007282906899227638,0.05178956017228543,0.0,0.0,0.0
12,fsg_high,9,15,0.07155080002947438,0.06148896877532954,0.010061831254144834,0.07155080002947438,0.0,0.0,0.0
12,fsg_high,10,12,0.14952775513262567,0.1261640433931529,0.023363711739472763,0.14952775513262567,0.0,0.0,0.0
12,fsg_high,10,13,0.07320053411257267,0.06176295065748319,0.01143758345508948,0.07320053411257267,0.0,0.0,0.0
12,fsg_high,10,14,0.051447676313880635,0.04340897688983678,0.008038699424043848,0.051447676313880635,0.0,0.0,0.0
12,fsg_high,10,15,0.071278958201993,0.06014162098293159,0.011137337219061405,0.071278958201993,0.0,0.0,0.0
12,fsg_high,11,12,0.16325188674802935,0.1351929687132118,0.028058918034817543,0.16325188674802935,0.0,0.0,0.0
12,fsg_high,11,13,0.07428000079842317,0.06151312566119419,0.012766875137228982,0.07428000079842317,0.0,0.0,0.0
12,fsg_high,11,14,0.05147253244297735,0.04262569092934062,0.008846841513636731,0.05147253244297735,0.0,0.0,0.0
12,fsg_high,11,15,0.06994152353700675,0.057920324179083715,0.012021199357923035,0.06994152353700675,0.0,0.0,0.0
12,fsg_high,12,12,0.14865669257452105,0.12078356271679835,0.027873129857722695,0.14865669257452105,0.0,0.0,0.0
12,fsg_high,12,13,0.07124593082672025,0.0578873187967102,0.013358612030010045,0.07124593082672025,0.0,0.0,0.0
12,fsg_high,12,14,0.052361824737301096,0.04254398259905714,0.009817842138243955,0.052361824737301096,0.0,0.0,0.0
12,fsg_high,12,15,0.07126184648574686,0.05790025026966933,0.013361596216077538,0.07126184648574686,0.0,0.0,0.0
12,fsg_high,13,12,0.13999365557188323,0.11155744428384445,0.02843621128803878,0.13999365557188323,0.0,0.0,0.0
12,fsg_high,13,13,0.07136511165867424,0.05686907335300603,0.014496038305668204,0.07136511165867424,0.0,0.0,0.0
12,fsg_high,13,14,0.05127790830856441,0.040862083183387264,0.010415825125177145,0.05127790830856441,0.0,0.0,0.0
12,fsg_high,13,15,0.07061366712888609,0.0562702659933311,0.014343401135554986,0.07061366712888609,0.0,0.0,0.0
12,fsg_high,14,12,0.1410615325472872,0.11020432230256813,0.030857210244719074,0.1410615325472872,0.0,0.0,0.0
12,fsg_high,14,13,0.07528631605138424,0.058817434415143935,0.0164688816362403,0.07528631605138424,0.0,0.0,0.0
12,fsg_high,14,14,0.05005561215556079,0.039105946996531867,0.010949665159028923,0.05005561215556079,0.0,0.0,0.0
12,fsg_high,14,15,0.07301056586421172,0.0570395045814154,0.015971061282796312,0.07301056586421172,0.0,0.0,0.0
12,fsg_high,15,12,0.14340794641058932,0.10979670897060745,0.03361123743998187,0.14340794641058932,0.0,0.0,0.0
12,fsg_high,15,13,0.07937864160202512,0.060774272476550484,0.01860436912547464,0.07937864160202512,0.0,0.0,0.0
12,fsg_high,15,14,0.050509941122894225,0.03867167367221589,0.011838267450678334,0.050509941122894225,0.0,0.0,0.0
12,fsg_high,15,15,0.08208675206045082,0.06284766954628267,0.01923908251416816,0.08208675206045082,0.0,0.0,0.0
12,fsg_high,16,12,0.12419214738663475,0.09314411053997607,0.03104803684665869,0.12419214738663475,0.0,0.0,0.0
12,fsg_high,16,13,0.08229594998700113,0.061721962490250845,0.02057398749675028,0.08229594998700113,0.0,0.0,0.0
12,fsg_high,16,14,0.058232535515989614,0.04367440163699221,0.014558133878997404,0.058232535515989614,0.0,0.0,0.0
12,fsg_high,16,15,0.15109049176775405,0.11331786882581554,0.03777262294193851,0.15109049176775405,0.0,0.0,0.0
12,fsg_high,17,12,0.11897605288531055,0.08737303883764994,0.03160301404766061,0.11897605288531055,0.0,0.0,0.0
12,fsg_high,17,13,0.08507373245654881,0.062476022272778035,0.022597710183770776,0.08507373245654881,0.0,0.0,0.0
12,fsg_high,17,14,0.054552324405978805,0.040061863235640684,0.01449046117033812,0.054552324405978805,0.0,0.0,0.0
12,fsg_high,17,15,0.17107289655871427,0.1256316584103058,0.045441238148408475,0.17107289655871427,0.0,0.0,0.0
12,fsg_high,18,12,0.11971921384195422,0.0860481849489046,0.033671028893049626,0.11971921384195422,0.0,0.0,0.0
12,fsg_high,18,13,0.08946493548753838,0.06430292238166821,0.02516201310587017,0.08946493548753838,0.0,0.0,0.0
12,fsg_high,18,14,0.05686570391894584,0.04087222469174232,0.015993479227203518,0.05686570391894584,0.0,0.0,0.0
12,fsg_high,18,15,0.17892870422330454,0.12860500616050013,0.0503236980628044,0.17892870422330454,0.0,0.0,0.0
12,fsg_high,19,12,0.12101097804199408,0.08508584393577709,0.03592513410621699,0.12101097804199408,0.0,0.0,0.0
12,fsg_high,19,13,0.09707326043040841,0.06825463624013091,0.028818624190277496,0.09707326043040841,0.0,0.0,0.0
12,fsg_high,19,14,0.05941902670390637,0.041779003151184164,0.017640023552722203,0.05941902670390637,0.0,0.0,0.0
12,fsg_high,19,15,0.19170829345097667,0.13479489383271798,0.0569133996182587,0.19170829345097667,0.0,0.0,0.0
12,fsg_high,20,12,0.12240501100104276,0.0841534450632169,0.03825156593782586,0.12240501100104276,0.0,0.0,0.0
12,fsg_high,20,13,0.11241916113336965,0.07728817327919163,0.035130987854178015,0.11241916113336965,0.0,0.0,0.0
12,fsg_high,20,14,0.05980585511336591,0.041116525390439064,0.018689329722926848,0.05980585511336591,0.0,0.0,0.0
12,fsg_high,20,15,0.20994694419473184,0.14433852413387813,0.0656084200608537,0.20994694419473184,0.0,0.0,0.0
12,fsg_high,21,12,0.1255541883091394,0.08435672027020302,0.04119746803893636,0.1255541883091394,0.0,0.0,0.0
12,fsg_high,21,13,0.12001209817767661,0.08063312846312647,0.039378969714550134,0.12001209817767661,0.0,0.0,0.0
12,fsg_high,21,14,0.06700393348749356,0.045018267811909735,0.021985665675583826,0.06700393348749356,0.0,0.0,0.0
12,fsg_high,21,15,0.21195394160687991,0.14240655451712245,0.06954738708975747,0.21195394160687991,0.0,0.0,0.0
12,fsg_high,22,12,0.13052938839520475,0.08565991113435312,0.04486947726085164,0.13052938839520475,0.0,0.0,0.0
12,fsg_high,22,13,0.12457228625750975,0.08175056285649078,0.04282172340101898,0.12457228625750975,0.0,0.0,0.0
12,fsg_high,22,14,0.09349808617261916,0.061358119050781326,0.03213996712183784,0.09349808617261916,0.0,0.0,0.0
12,fsg_high,22,15,0.21263768784215414,0.13954348264641367,0.07309420519574049,0.21263768784215414,0.0,0.0,0.0
12,fsg_high,23,12,0.13561714799136862,0.08687973543197053,0.0487374125593981,0.13561714799136862,0.0,0.0,0.0
12,fsg_high,23,13,0.12688880788304574,0.08128814255007617,0.04560066533296956,0.12688880788304574,0.0,0.0,0.0
12,fsg_high,23,14,0.1193367064581931,0.07645007757477995,0.042886628883413144,0.1193367064581931,0.0,0.0,0.0
12,fsg_high,23,15,0.21022784992330912,0.1346772163571199,0.07555063356618921,0.21022784992330912,0.0,0.0,0.0
12,fsg_high,24,12,0.12507304426648103,0.07817065266655064,0.046902391599930385,0.12507304426648103,0.0,0.0,0.0
12,fsg_high,24,13,0.12460665004165322,0.07787915627603326,0.04672749376561996,0.12460665004165322,0.0,0.0,0.0
12,fsg_high,24,14,0.09126646567681447,0.05704154104800904,0.03422492462880543,0.09126646567681447,0.0,0.0,0.0
12,fsg_high,24,15,0.20820856266058232,0.13013035166286396,0.07807821099771838,0.20820856266058232,0.0,0.0,0.0
12,fsg_high,25,12,0.11329727377824036,0.06904052620861523,0.044256747569625145,0.11329727377824036,0.0,0.0,0.0
12,fsg_high,25,13,0.12008111732770407,0.07317443087156968,0.046906686456134404,0.12008111732770407,0.0,0.0,0.0
12,fsg_high,25,14,0.09105586600970922,0.055487168349666556,0.03556869766004266,0.09105586600970922,0.0,0.0,0.0
12,fsg_high,25,15,0.20757571852995907,0.1264914534791938,0.08108426505076526,0.20757571852995907,0.0,0.0,0.0
12,fsg_high,26,12,0.10609068120079011,0.06299134196296913,0.043099339237820986,0.10609068120079011,0.0,0.0,0.0
12,fsg_high,26,13,0.11573332961602432,0.06871666445951444,0.04701666515650988,0.11573332961602432,0.0,0.0,0.0
12,fsg_high,26,14,0.092146501294474,0.05471198514359394,0.037434516150880066,0.092146501294474,0.0,0.0,0.0
12,fsg_high,26,15,0.2073283649287406,0.12310121667643974,0.08422714825230086,0.2073283649287406,0.0,0.0,0.0
12,fsg_high,27,12,0.10071892407999655,0.058228127983748004,0.04249079609624855,0.10071892407999655,0.0,0.0,0.0
12,fsg_high,27,13,0.11314960564460301,0.06541461576328611,0.04773498988131689,0.11314960564460301,0.0,0.0,0.0
12,fsg_high,27,14,0.09459510223178454,0.054687793477750435,0.0399073087540341,0.09459510223178454,0.0,0.0,0.0
12,fsg_high,27,15,0.20806101128860702,0.12028527215122593,0.08777573913738108,0.20806101128860702,0.0,0.0,0.0
12,fsg_high,28,12,0.0942958675126352,0.0530414254758573,0.0412544420367779,0.0942958675126352,0.0,0.0,0.0
12,fsg_high,28,13,0.11280689959411327,0.06345388102168872,0.04935301857242456,0.11280689959411327,0.0,0.0,0.0
12,fsg_high,28,14,0.09467895939674191,0.05325691466066732,0.04142204473607459,0.09467895939674191,0.0,0.0,0.0
12,fsg_high,28,15,0.20970324616951078,0.11795807597034981,0.09174517019916097,0.20970324616951078,0.0,0.0,0.0
12,fsg_high,29,12,0.09137138176723175,0.04996872440395486,0.04140265736327689,0.09137138176723175,0.0,0.0,0.0
12,fsg_high,29,13,0.1120948874616564,0.06130189158059334,0.050792995881063056,0.1120948874616564,0.0,0.0,0.0
12,fsg_high,29,14,0.09011404504021525,0.049281118381367714,0.04083292665884754,0.09011404504021525,0.0,0.0,0.0
12,fsg_high,29,15,0.20598240021032616,0.11264662511502212,0.09333577509530404,0.20598240021032616,0.0,0.0,0.0
12,fsg_high,30,12,0.08989534731679653,0.04775690326204816,0.04213844405474838,0.08989534731679653,0.0,0.0,0.0
12,fsg_high,30,13,0.1094901322052636,0.05816663273404629,0.05132349947121731,0.1094901322052636,0.0,0.0,0.0
12,fsg_high,30,14,0.08738198813425811,0.04642168119632462,0.04096030693793349,0.08738198813425811,0.0,0.0,0.0
12,fsg_high,30,15,0.20299288872116186,0.10783997213311725,0.09515291658804462,0.20299288872116186,0.0,0.0,0.0
12,fsg_high,31,12,0.08826682111380636,0.045512579636806404,0.04275424147699996,0.08826682111380636,0.0,0.0,0.0
12,fsg_high,31,13,0.10594006923703546,0.05462534820034641,0.05131472103668905,0.10594006923703546,0.0,0.0,0.0
12,fsg_high,31,14,0.08786416171361779,0.04530495838358417,0.042559203330033615,0.08786416171361779,0.0,0.0,0.0
12,fsg_high,31,15,0.19895965438873117,0.10258857179418951,0.09637108259454166,0.19895965438873117,0.0,0.0,0.0
12,fsg_high,32,12,0.08400381897604849,0.04200190948802424,0.04200190948802424,0.08400381897604849,0.0,0.0,0.0
12,fsg_high,32,13,0.09929198071675259,0.049645990358376295,0.049645990358376295,0.09929198071675259,0.0,0.0,0.0
12,fsg_high,32,14,0.08606599015398729,0.043032995076993645,0.043032995076993645,0.08606599015398729,0.0,0.0,0.0
12,fsg_high,32,15,0.18331172472798357,0.09165586236399179,0.09165586236399179,0.18331172472798357,0.0,0.0,0.0
12,fsg_high,33,12,0.08336423166053192,0.040379549710570145,0.04298468194996177,0.08336423166053192,0.0,0.0,0.0
12,fsg_high,33,13,0.09624475935670215,0.04661855531340261,0.049626204043299545,0.09624475935670215,0.0,0.0,0.0
12,fsg_high,33,14,0.08714676899209624,0.04221171623054661,0.044935052761549625,0.08714676899209624,0.0,0.0,0.0
12,fsg_high,33,15,0.17772145186697486,0.08608382824806594,0.09163762361890891,0.17772145186697486,0.0,0.0,0.0
12,fsg_high,34,12,0.08406467484910117,0.03940531633551617,0.044659358513585,0.08406467484910117,0.0,0.0,0.0
12,fsg_high,34,13,0.09296326390625294,0.04357652995605606,0.049386733950196875,0.09296326390625294,0.0,0.0,0.0
12,fsg_high,34,14,0.08890121189296746,0.041672443074828494,0.047228768818138964,0.08890121189296746,0.0,0.0,0.0
12,fsg_high,34,15,0.17115700981877216,0.08022984835254945,0.0909271614662227,0.17115700981877216,0.0,0.0,0.0
12,fsg_high,35,12,0.08538625702239068,0.03869064771327078,0.0466956093091199,0.08538625702239068,0.0,0.0,0.0
12,fsg_high,35,13,0.08950870324661042,0.04055863115862035,0.04895007208799007,0.08950870324661042,0.0,0.0,0.0
12,fsg_high,35,14,0.09091385654268407,0.04119534124590372,0.04971851529678035,0.09091385654268407,0.0,0.0,0.0
12,fsg_high,35,15,0.16426036481217882,0.07443047780551852,0.0898298870066603,0.16426036481217882,0.0,0.0,0.0
12,fsg_high,36,12,0.08130580751734558,0.03557129078883869,0.04573451672850689,0.08130580751734558,0.0,0.0,0.0
12,fsg_high,36,13,0.08619209466067104,0.03770904141404358,0.04848305324662746,0.08619209466067104,0.0,0.0,0.0
12,fsg_high,36,14,0.08883911151583875,0.03886711128817945,0.0499720002276593,0.08883911151583875,0.0,0.0,0.0
12,fsg_high,36,15,0.15310357545438136,0.06698281426129185,0.0861207611930895,0.15310357545438136,0.0,0.0,0.0
12,fsg_high,37,12,0.07984157723106751,0.033683165394356604,0.046158411836710905,0.07984157723106751,0.0,0.0,0.0
12,fsg_high,37,13,0.08392630479799697,0.03540640983665497,0.048519894961342,0.08392630479799697,0.0,0.0,0.0
12,fsg_high,37,14,0.08776562936824796,0.03702612488972961,0.05073950447851835,0.08776562936824796,0.0,0.0,0.0
12,fsg_high,37,15,0.14794733439609423,0.062415281698352254,0.08553205269774197,0.14794733439609423,0.0,0.0,0.0
12,fsg_high,38,12,0.07938387414508223,0.03224969887143966,0.047134175273642574,0.07938387414508223,0.0,0.0,0.0
12,fsg_high,38,13,0.08205026768119637,0.03333292124548603,0.048717346435710344,0.08205026768119637,0.0,0.0,0.0
12,fsg_high,38,14,0.0866719967466543,0.03521049867832831,0.051461498068325985,0.0866719967466543,0.0,0.0,0.0
12,fsg_high,38,15,0.14399605404772148,0.05849839695688685,0.08549765709083462,0.14399605404772148,0.0,0.0,0.0
12,fsg_high,39,12,0.07886298428966669,0.030805853238151052,0.04805713105151564,0.07886298428966669,0.0,0.0,0.0
12,fsg_high,39,13,0.07965072299962012,0.03111356367172661,0.04853715932789351,0.07965072299962012,0.0,0.0,0.0
12,fsg_high,39,14,0.08528779513839592,0.033315544975935904,0.051972250162460015,0.08528779513839592,0.0,0.0,0.0
12,fsg_high,39,15,0.1407465447246914,0.05497911903308257,0.08576742569160882,0.1407465447246914,0.0,0.0,0.0
12,fsg_high,40,12,0.07357367555465275,0.02759012833299478,0.04598354722165797,0.07357367555465275,0.0,0.0,0.0
12,fsg_high,40,13,0.07680486130636256,0.028801822989885963,0.0480030383164766,0.07680486130636256,0.0,0.0,0.0
12,fsg_high,40,14,0.08374337476803188,0.031403765538011955,0.05233960923001993,0.08374337476803188,0.0,0.0,0.0
12,fsg_high,40,15,0.13228197802406588,0.049605741759024706,0.08267623626504117,0.13228197802406588,0.0,0.0,0.0
12,fsg_high,41,12,0.0710250537419713,0.025524628688520935,0.04550042505345036,0.0710250537419713,0.0,0.0,0.0
12,fsg_high,41,13,0.07461357357588216,0.026814253003832653,0.04779932057204951,0.07461357357588216,0.0,0.0,0.0
12,fsg_high,41,14,0.08258500747909059,0.02967898706279818,0.05290602041629241,0.08258500747909059,0.0,0.0,0.0
12,fsg_high,41,15,0.12897157512885862,0.04634915981193357,0.08262241531692506,0.12897157512885862,0.0,0.0,0.0
12,fsg_high,42,12,0.0692419425145569,0.023801917739378932,0.045440024775177966,0.0692419425145569,0.0,0.0,0.0
12,fsg_high,42,13,0.07316438429696208,0.025150257102080714,0.048014127194881365,0.07316438429696208,0.0,0.0,0.0
12,fsg_high,42,14,0.08142358695436001,0.027989358015561256,0.05343422893879876,0.08142358695436001,0.0,0.0,0.0
12,fsg_high,42,15,0.12585727659144266,0.043263438828308416,0.08259383776313425,0.12585727659144266,0.0,0.0,0.0
12,fsg_high,43,12,0.06825721109732072,0.02239689739130836,0.04586031370601236,0.06825721109732072,0.0,0.0,0.0
12,fsg_high,43,13,0.07225352492306873,0.023708187865381928,0.04854533705768681,0.07225352492306873,0.0,0.0,0.0
12,fsg_high,43,14,0.08062767981966956,0.026455957440829077,0.054171722378840485,0.08062767981966956,0.0,0.0,0.0
12,fsg_high,43,15,0.12258322768101391,0.04022262158283269,0.08236060609818123,0.12258322768101391,0.0,0.0,0.0
12,fsg_high,44,12,0.06660720910183231,0.020814752844322597,0.04579245625750971,0.06660720910183231,0.0,0.0,0.0
12,fsg_high,44,13,0.07204263727107897,0.022513324147212178,0.04952931312386679,0.07204263727107897,0.0,0.0,0.0
12,fsg_high,44,14,0.07884955597231379,0.02464048624134806,0.05420906973096573,0.07884955597231379,0.0,0.0,0.0
12,fsg_high,44,15,0.11604324995368016,0.03626351561052505,0.0797797343431551,0.11604324995368016,0.0,0.0,0.0
12,fsg_high,45,12,0.0653331229662829,0.019395770880615233,0.04593735208566766,0.0653331229662829,0.0,0.0,0.0
12,fsg_high,45,13,0.07148937978242413,0.021223409622907165,0.05026597015951697,0.07148937978242413,0.0,0.0,0.0
12,fsg_high,45,14,0.07702569299011708,0.022867002606441006,0.05415869038367607,0.07702569299011708,0.0,0.0,0.0
12,fsg_high,45,15,0.11281692209650661,0.0334925237474004,0.0793243983491062,0.11281692209650661,0.0,0.0,0.0
12,fsg_high,46,12,0.0644034103461087,0.018113459159843075,0.04628995118626563,0.0644034103461087,0.0,0.0,0.0
12,fsg_high,46,13,0.07089362441719627,0.01993883186733645,0.050954792549859816,0.07089362441719627,0.0,0.0,0.0
12,fsg_high,46,14,0.07538579593822975,0.02120225510762712,0.05418354083060263,0.07538579593822975,0.0,0.0,0.0
12,fsg_high,46,15,0.10987714643929901,0.030902947436052847,0.07897419900324616,0.10987714643929901,0.0,0.0,0.0
12,fsg_high,47,12,0.06327890599488684,0.016808459404891816,0.046470446589995024,0.06327890599488684,0.0,0.0,0.0
12,fsg_high,47,13,0.07000844160066899,0.0185959923001777,0.05141244930049129,0.07000844160066899,0.0,0.0,0.0
12,fsg_high,47,14,0.07378567416300479,0.019599319699548146,0.05418635446345664,0.07378567416300479,0.0,0.0,0.0
12,fsg_high,47,15,0.10711737085864659,0.028453051634328,0.07866431922431859,0.10711737085864659,0.0,0.0,0.0
0,fsg_length_high,0,0,0.14960971793101094,0.14960971793101094,0.0,0.14960971793101094,0.0,0.0,0.0
0,fsg_length_high,0,1,0.19172985533185682,0.19172985533185682,0.0,0.19172985533185682,0.0,0.0,0.0
0,fsg_length_high,0,2,0.08767810614997872,0.08767810614997872,0.0,0.08767810614997872,0.0,0.0,0.0
0,fsg_length_high,0,3,0.16695465184174377,0.16695465184174377,0.0,0.16695465184174377,0.0,0.0,0.0
0,fsg_length_high,1,0,0.14441974918990644,0.14216319060881416,0.002256558581092288,0.14441974918990644,0.0,0.0,0.0
0,fsg_length_high,1,1,0.27241435848989864,0.26815788413849395,0.004256474351404666,0.27241435848989864,0.0,0.0,0.0
0,fsg_length_high,1,2,0.08689401156327378,0.08553629263259763,0.0013577189306761528,0.08689401156327378,0.0,0.0,0.0
0,fsg_length_high,1,3,0.17570362061961695,0.17295825154743544,0.0027453690721815148,0.17570362061961695,0.0,0.0,0.0
0,fsg_length_high,2,0,0.13127659116096516,0.127174197687185,0.004102393473780161,0.13127659116096516,0.0,0.0,0.0
0,fsg_length_high,2,1,0.2182645786874936,0.21144381060350942,0.006820768083984175,0.2182645786874936,0.0,0.0,0.0
0,fsg_length_high,2,2,0.08717417828826345,0.08444998521675522,0.0027241930715082327,0.08717417828826345,0.0,0.0,0.0
0,fsg_length_high,2,3,0.14699753795424111,0.14240386489317108,0.004593673061070035,0.14699753795424111,0.0,0.0,0.0
0,fsg_length_high,3,0,0.11107369059294876,0.1058671113464043,0.0052065792465444734,0.11107369059294876,0.0,0.0,0.0
0,fsg_length_high,3,1,0.08302108258824338,0.07912946934191947,0.0038916132463239087,0.08302108258824338,0.0,0.0,0.0
0,fsg_length_high,3,2,0.08921206888002112,0.08503025315127012,0.00418181572875099,0.08921206888002112,0.0,0.0,0.0
0,fsg_length_high,3,3,0.11229199488449416,0.1070283076242835,0.005263687260210664,0.11229199488449416,0.0,0.0,0.0
0,fsg_length_high,4,0,0.07111803140841656,0.06667315444539053,0.004444876963026035,0.07111803140841656,0.0,0.0,0.0
0,fsg_length_high,4,1,0.04859209607617729,0.045555090071416206,0.0030370060047610805,0.04859209607617729,0.0,0.0,0.0
0,fsg_length_high,4,2,0.07233319440733192,0.06781236975687367,0.004520824650458245,0.07233319440733192,0.0,0.0,0.0
0,fsg_length_high,4,3,0.07659165357081539,0.07180467522263943,0.004786978348175962,0.07659165357081539,0.0,0.0,0.0
0,fsg_length_high,5,0,0.056681964407577806,0.05225368593823579,0.004428278469342016,0.056681964407577806,0.0,0.0,0.0
0,fsg_length_high,5,1,0.053281918895781016,0.049119268982048124,0.004162649913732892,0.053281918895781016,0.0,0.0,0.0
0,fsg_length_high,5,2,0.06399972295405593,0.05899974459827031,0.004999978355785619,0.06399972295405593,0.0,0.0,0.0
0,fsg_length_high,5,3,0.0676163199082378,0.06233379491540672,0.005282524992831078,0.0676163199082378,0.0,0.0,0.0
0,fsg_length_high,6,0,0.05018339422270627,0.045478701014327556,0.004704693208378713,0.05018339422270627,0.0,0.0,0.0
0,fsg_length_high,6,1,0.06271024460263912,0.0568311591711417,0.005879085431497417,0.06271024460263912,0.0,0.0,0.0
0,fsg_length_high,6,2,0.06285476289788072,0.0569621288762044,0.005892634021676318,0.06285476289788072,0.0,0.0,0.0
0,fsg_length_high,6,3,0.06827352808988288,0.06187288483145636,0.00640064325842652,0.06827352808988288,0.0,0.0,0.0
0,fsg_length_high,7,0,0.04843988323856269,0.0431417710093449,0.005298112229217795,0.04843988323856269,0.0,0.0,0.0
0,fsg_length_high,7,1,0.07249987639948198,0.06457020241828863,0.007929673981193342,0.07249987639948198,0.0,0.0,0.0
0,fsg_length_high,7,2,0.06579032700078895,0.058594509985077654,0.007195817015711291,0.06579032700078895,0.0,0.0,0.0
0,fsg_length_high,7,3,0.07400908839962693,0.06591434435591774,0.008094744043709195,0.07400908839962693,0.0,0.0,0.0
0,fsg_length_high,8,0,0.0474576925406542,0.041525480973072425,0.005932211567581775,0.0474576925406542,0.0,0.0,0.0
0,fsg_length_high,8,1,0.09040780223629312,0.07910682695675648,0.01130097527953664,0.09040780223629312,0.0,0.0,0.0
0,fsg_length_high,8,2,0.07585635921062533,0.06637431430929716,0.009482044901328167,0.07585635921062533,0.0,0.0,0.0
0,fsg_length_high,8,3,0.08914781151629651,0.07800433507675945,0.011143476439537064,0.08914781151629651,0.0,0.0,0.0
0,fsg_length_high,9,0,0.04901744020882729,0.04212436267946095,0.006893077529366338,0.04901744020882729,0.0,0.0,0.0
0,fsg_length_high,9,1,0.11686343580439437,0.10042951514440142,0.016433920659992957,0.11686343580439437,0.0,0.0,0.0
0,fsg_length_high,9,2,0.09011865140136129,0.07744571604804486,0.012672935353316431,0.09011865140136129,0.0,0.0,0.0
0,fsg_length_high,9,3,0.10684615409363622,0.09182091367421863,0.015025240419417593,0.10684615409363622,0.0,0.0,0.0
0,fsg_length_high,10,0,0.050288376911421864,0.0424308180190122,0.007857558892409666,0.050288376911421864,0.0,0.0,0.0
0,fsg_length_high,10,1,0.1513042227867673,0.1276629379763349,0.023641284810432393,0.1513042227867673,0.0,0.0,0.0
0,fsg_length_high,10,2,0.11327149397813915,0.09557282304405491,0.017698670934084244,0.11327149397813915,0.0,0.0,0.0
0,fsg_length_high,10,3,0.1356789645919849,0.11447912637448725,0.02119983821749764,0.1356789645919849,0.0,0.0,0.0
0,fsg_length_high,11,0,0.051477493311686794,0.04262979914874063,0.008847694162946168,0.051477493311686794,0.0,0.0,0.0
0,fsg_length_high,11,1,0.17763701954549924,0.14710565681111656,0.030531362734382683,0.17763701954549924,0.0,0.0,0.0
0,fsg_length_high,11,2,0.14233234533679015,0.11786897348202935,0.02446337185476081,0.14233234533679015,0.0,0.0,0.0
0,fsg_length_high,11,3,0.16939768687356646,0.1402824594421722,0.029115227431394237,0.16939768687356646,0.0,0.0,0.0
0,fsg_length_high,12,0,0.05913612514079772,0.048048101676898144,0.011088023463899572,0.05913612514079772,0.0,0.0,0.0
0,fsg_length_high,12,1,0.18805834229274018,0.1527974031128514,0.03526093917988878,0.18805834229274018,0.0,0.0,0.0
0,fsg_length_high,12,2,0.1262512813478023,0.10257916609508938,0.023672115252712934,0.1262512813478023,0.0,0.0,0.0
0,fsg_length_high,12,3,0.1573008904680447,0.12780697350528633,0.029493916962758382,0.1573008904680447,0.0,0.0,0.0
0,fsg_length_high,13,0,0.06338921876852749,0.050513283706170344,0.012875935062357145,0.06338921876852749,0.0,0.0,0.0
0,fsg_length_high,13,1,0.18998979194768487,0.1513981154583114,0.03859167648937349,0.18998979194768487,0.0,0.0,0.0
0,fsg_length_high,13,2,0.12512916553963088,0.09971230378939336,0.025416861750237524,0.12512916553963088,0.0,0.0,0.0
0,fsg_length_high,13,3,0.14300896215363407,0.11396026671617715,0.02904869543745692,0.14300896215363407,0.0,0.0,0.0
0,fsg_length_high,14,0,0.06914481118000528,0.054019383734379124,0.015125427445626154,0.06914481118000528,0.0,0.0,0.0
0,fsg_length_high,14,1,0.18336644245817396,0.1432550331704484,0.04011140928772555,0.18336644245817396,0.0,0.0,0.0
0,fsg_length_high,14,2,0.12874271928756198,0.1005802494434078,0.028162469844154183,0.12874271928756198,0.0,0.0,0.0
0,fsg_length_high,14,3,0.1352805854679322,0.10568795739682203,0.02959262807111017,0.1352805854679322,0.0,0.0,0.0
0,fsg_length_high,15,0,0.07659665774307942,0.05864431608454518,0.017952341658534238,0.07659665774307942,0.0,0.0,0.0
0,fsg_length_high,15,1,0.1682165036140442,0.1287907605795026,0.039425743034541605,0.1682165036140442,0.0,0.0,0.0
0,fsg_length_high,15,2,0.1398168334506047,0.10704726311061921,0.032769570339985475,0.1398168334506047,0.0,0.0,0.0
0,fsg_length_high,15,3,0.12988761984831249,0.09944520894636424,0.030442410901948238,0.12988761984831249,0.0,0.0,0.0
0,fsg_length_high,16,0,0.08729425676827449,0.06547069257620586,0.02182356419206862,0.08729425676827449,0.0,0.0,0.0
0,fsg_length_high,16,1,0.16868991009040463,0.12651743256780346,0.04217247752260116,0.16868991009040463,0.0,0.0,0.0
0,fsg_length_high,16,2,0.115415004714641,0.08656125353598075,0.02885375117866025,0.115415004714641,0.0,0.0,0.0
0,fsg_length_high,16,3,0.13637029424178726,0.10227772068134044,0.034092573560446815,0.13637029424178726,0.0,0.0,0.0
0,fsg_length_high,17,0,0.09045176777732883,0.06642551696147586,0.02402625081585297,0.09045176777732883,0.0,0.0,0.0
0,fsg_length_high,17,1,0.17161169420537611,0.12602733793207307,0.04558435627330303,0.17161169420537611,0.0,0.0,0.0
0,fsg_length_high,17,2,0.11371080090438189,0.08350636941415546,0.03020443149022644,0.11371080090438189,0.0,0.0,0.0
0,fsg_length_high,17,3,0.147690573918384,0.10846026522131325,0.03923030869707075,0.147690573918384,0.0,0.0,0.0
0,fsg_length_high,18,0,0.09309981229105373,0.06691549008419487,0.02618432220685886,0.09309981229105373,0.0,0.0,0.0
0,fsg_length_high,18,1,0.17149022517306647,0.12325859934314153,0.04823162582992495,0.17149022517306647,0.0,0.0,0.0
0,fsg_length_high,18,2,0.11381398935276049,0.0818038048472966,0.03201018450546389,0.11381398935276049,0.0,0.0,0.0
0,fsg_length_high,18,3,0.16320779078620784,0.11730559962758688,0.04590219115862096,0.16320779078620784,0.0,0.0,0.0
0,fsg_length_high,19,0,0.09524343157420977,0.06696803782561624,0.028275393748593523,0.09524343157420977,0.0,0.0,0.0
0,fsg_length_high,19,1,0.1681443976624865,0.11822652960643583,0.04991786805605068,0.1681443976624865,0.0,0.0,0.0
0,fsg_length_high,19,2,0.11500637857899115,0.08086385993835316,0.034142518640638,0.11500637857899115,0.0,0.0,0.0
0,fsg_length_high,19,3,0.1781862940205005,0.12528723798316443,0.05289905603733609,0.1781862940205005,0.0,0.0,0.0
0,fsg_length_high,20,0,0.09972357463355518,0.06855995756056918,0.031163617072985993,0.09972357463355518,0.0,0.0,0.0
0,fsg_length_high,20,1,0.15405131462698538,0.10591027880605244,0.04814103582093293,0.15405131462698538,0.0,0.0,0.0
0,fsg_length_high,20,2,0.1181700174399673,0.08124188698997752,0.036928130449989785,0.1181700174399673,0.0,0.0,0.0
0,fsg_length_high,20,3,0.18273572732178492,0.12563081253372713,0.057104914788057785,0.18273572732178492,0.0,0.0,0.0
0,fsg_length_high,21,0,0.10170733959288536,0.06833461878896985,0.03337272080391551,0.10170733959288536,0.0,0.0,0.0
0,fsg_length_high,21,1,0.15036459062933527,0.10102620932908464,0.04933838130025064,0.15036459062933527,0.0,0.0,0.0
0,fsg_length_high,21,2,0.12299430086946804,0.08263679589667385,0.0403575049727942,0.12299430086946804,0.0,0.0,0.0
0,fsg_length_high,21,3,0.1720705295851924,0.11560988706505114,0.056460642520141255,0.1720705295851924,0.0,0.0,0.0
0,fsg_length_high,22,0,0.10362949444793475,0.06800685573145718,0.03562263871647757,0.10362949444793475,0.0,0.0,0.0
0,fsg_length_high,22,1,0.14747811570560054,0.09678251343180036,0.05069560227380018,0.14747811570560054,0.0,0.0,0.0
0,fsg_length_high,22,2,0.1279214346139909,0.08394844146543153,0.04397299314855937,0.1279214346139909,0.0,0.0,0.0
0,fsg_length_high,22,3,0.16107151413750492,0.10570318115273761,0.055368332984767316,0.16107151413750492,0.0,0.0,0.0
0,fsg_length_high,23,0,0.1058325962918633,0.06779900699947493,0.03803358929238837,0.1058325962918633,0.0,0.0,0.0
0,fsg_length_high,23,1,0.14588823982192295,0.09345965363591939,0.05242858618600356,0.14588823982192295,0.0,0.0,0.0
0,fsg_length_high,23,2,0.12972563637860307,0.0831054858050426,0.046620150573560476,0.12972563637860307,0.0,0.0,0.0
0,fsg_length_high,23,3,0.15601717327301065,0.09994850162802245,0.0560686716449882,0.15601717327301065,0.0,0.0,0.0
0,fsg_length_high,24,0,0.10727438085164279,0.06704648803227674,0.04022789281936605,0.10727438085164279,0.0,0.0,0.0
0,fsg_length_high,24,1,0.14207110387113633,0.0887944399194602,0.05327666395167613,0.14207110387113633,0.0,0.0,0.0
0,fsg_length_high,24,2,0.12121689191847448,0.07576055744904656,0.04545633446942793,0.12121689191847448,0.0,0.0,0.0
0,fsg_length_high,24,3,0.1474286391415211,0.0921428994634507,0.05528573967807041,0.1474286391415211,0.0,0.0,0.0
0,fsg_length_high,25,0,0.10664334363054231,0.06498578752486173,0.041657556105680595,0.10664334363054231,0.0,0.0,0.0
0,fsg_length_high,25,1,0.14155356773578254,0.08625920533899248,0.05529436239679005,0.14155356773578254,0.0,0.0,0.0
0,fsg_length_high,25,2,0.11495961015350113,0.07005351243728976,0.04490609771621138,0.11495961015350113,0.0,0.0,0.0
0,fsg_length_high,25,3,0.14786069594661913,0.09010261159247103,0.0577580843541481,0.14786069594661913,0.0,0.0,0.0
0,fsg_length_high,26,0,0.10568189439563698,0.06274862479740946,0.042933269598227526,0.10568189439563698,0.0,0.0,0.0
0,fsg_length_high,26,1,0.14134351414339832,0.08392271152264276,0.05742080262075557,0.14134351414339832,0.0,0.0,0.0
0,fsg_length_high,26,2,0.1125770922904728,0.06684264854746823,0.045734443743004574,0.1125770922904728,0.0,0.0,0.0
0,fsg_length_high,26,3,0.1471155375103338,0.08734985039676069,0.05976568711357311,0.1471155375103338,0.0,0.0,0.0
0,fsg_length_high,27,0,0.10465476775729937,0.0605035376096887,0.04415123014761067,0.10465476775729937,0.0,0.0,0.0
0,fsg_length_high,27,1,0.14076842613224705,0.08138174635770533,0.05938667977454172,0.14076842613224705,0.0,0.0,0.0
0,fsg_length_high,27,2,0.11231438893434069,0.06493175610266572,0.04738263283167498,0.11231438893434069,0.0,0.0,0.0
0,fsg_length_high,27,3,0.14365514400812338,0.08305063012969632,0.06060451387842705,0.14365514400812338,0.0,0.0,0.0
0,fsg_length_high,28,0,0.10144319631785485,0.05706179792879335,0.0443813983890615,0.10144319631785485,0.0,0.0,0.0
0,fsg_length_high,28,1,0.13084126662281614,0.07359821247533407,0.05724305414748206,0.13084126662281614,0.0,0.0,0.0
0,fsg_length_high,28,2,0.10985647509229282,0.06179426723941471,0.04806220785287811,0.10985647509229282,0.0,0.0,0.0
0,fsg_length_high,28,3,0.1407750184684702,0.07918594788851449,0.06158907057995572,0.1407750184684702,0.0,0.0,0.0
0,fsg_length_high,29,0,0.09985093436617765,0.0546059797315034,0.04524495463467425,0.09985093436617765,0.0,0.0,0.0
0,fsg_length_high,29,1,0.12878592296468885,0.07042980162131422,0.05835612134337464,0.12878592296468885,0.0,0.0,0.0
0,fsg_length_high,29,2,0.11071091924641784,0.060545033962884756,0.05016588528353308,0.11071091924641784,0.0,0.0,0.0
0,fsg_length_high,29,3,0.14156557921431945,0.07741867613283095,0.0641469030814885,0.14156557921431945,0.0,0.0,0.0
0,fsg_length_high,30,0,0.09838244062115216,0.052265671579987086,0.04611676904116507,0.09838244062115216,0.0,0.0,0.0
0,fsg_length_high,30,1,0.12761179794335537,0.06779376765740754,0.05981803028594783,0.12761179794335537,0.0,0.0,0.0
0,fsg_length_high,30,2,0.1102876945549289,0.05859033773230598,0.05169735682262292,0.1102876945549289,0.0,0.0,0.0
0,fsg_length_high,30,3,0.14204117948172387,0.07545937659966581,0.06658180288205806,0.14204117948172387,0.0,0.0,0.0
0,fsg_length_high,31,0,0.09713467771407212,0.05008506819631844,0.047049609517753686,0.09713467771407212,0.0,0.0,0.0
0,fsg_length_high,31,1,0.1272371847327818,0.06560667337784062,0.061630511354941186,0.1272371847327818,0.0,0.0,0.0
0,fsg_length_high,31,2,0.11247353983992325,0.05799416897996043,0.05447937085996282,0.11247353983992325,0.0,0.0,0.0
0,fsg_length_high,31,3,0.14229272405380541,0.07336968584024342,0.068923038213562,0.14229272405380541,0.0,0.0,0.0
0,fsg_length_high,32,0,0.09386637089796998,0.04693318544898499,0.04693318544898499,0.09386637089796998,0.0,0.0,0.0
0,fsg_length_high,32,1,0.12647502127682655,0.06323751063841328,0.06323751063841328,0.12647502127682655,0.0,0.0,0.0
0,fsg_length_high,32,2,0.11095311728394788,0.05547655864197394,0.05547655864197394,0.11095311728394788,0.0,0.0,0.0
0,fsg_length_high,32,3,0.13790498536210868,0.06895249268105434,0.06895249268105434,0.13790498536210868,0.0,0.0,0.0
0,fsg_length_high,33,0,0.09263318614416334,0.04486919953857912,0.04776398660558422,0.09263318614416334,0.0,0.0,0.0
0,fsg_length_high,33,1,0.12218876078012757,0.05918518100287429,0.06300357977725328,0.12218876078012757,0.0,0.0,0.0
0,fsg_length_high,33,2,0.11018068681172626,0.053368770174429904,0.05681191663729635,0.11018068681172626,0.0,0.0,0.0
0,fsg_length_high,33,3,0.13717383081515105,0.0664435743010888,0.07073025651406226,0.13717383081515105,0.0,0.0,0.0
0,fsg_length_high,34,0,0.0914937231408867,0.04288768272229064,0.048606040418596064,0.0914937231408867,0.0,0.0,0.0
0,fsg_length_high,34,1,0.11552552809697025,0.054152591295454806,0.06137293680151545,0.11552552809697025,0.0,0.0,0.0
0,fsg_length_high,34,2,0.10930036137135425,0.0512345443928223,0.05806581697853195,0.10930036137135425,0.0,0.0,0.0
0,fsg_length_high,34,3,0.13587147990100346,0.06368975620359538,0.07218172369740808,0.13587147990100346,0.0,0.0,0.0
0,fsg_length_high,35,0,0.09036117115824038,0.04094490568107767,0.04941626547716271,0.09036117115824038,0.0,0.0,0.0
0,fsg_length_high,35,1,0.10977487544720073,0.04974174043701283,0.0600331350101879,0.10977487544720073,0.0,0.0,0.0
0,fsg_length_high,35,2,0.11127979287243328,0.05042365614532133,0.06085613672711195,0.11127979287243328,0.0,0.0,0.0
0,fsg_length_high,35,3,0.13396458676908077,0.06070270337973972,0.07326188338934105,0.13396458676908077,0.0,0.0,0.0
0,fsg_length_high,36,0,0.08721256617988905,0.03815549770370146,0.04905706847618759,0.08721256617988905,0.0,0.0,0.0
0,fsg_length_high,36,1,0.10220042677192465,0.04471268671271703,0.057487740059207613,0.10220042677192465,0.0,0.0,0.0
0,fsg_length_high,36,2,0.09944990641166722,0.04350933405510441,0.05594057235656281,0.09944990641166722,0.0,0.0,0.0
0,fsg_length_high,36,3,0.12380536866758379,0.05416484879206791,0.06964051987551588,0.12380536866758379,0.0,0.0,0.0
0,fsg_length_high,37,0,0.08634871325273705,0.03642836340349844,0.049920349849238606,0.08634871325273705,0.0,0.0,0.0
0,fsg_length_high,37,1,0.0994709593869972,0.04196431099138944,0.057506648395607755,0.0994709593869972,0.0,0.0,0.0
0,fsg_length_high,37,2,0.09668197109543762,0.040787706555887746,0.055894264539549876,0.09668197109543762,0.0,0.0,0.0
0,fsg_length_high,37,3,0.12099493169981689,0.05104473681086025,0.06995019488895664,0.12099493169981689,0.0,0.0,0.0
0,fsg_length_high,38,0,0.08552815416707597,0.034745812630374615,0.05078234153670136,0.08552815416707597,0.0,0.0,0.0
0,fsg_length_high,38,1,0.09720547024476371,0.03948972228693526,0.05771574795782845,0.09720547024476371,0.0,0.0,0.0
0,fsg_length_high,38,2,0.09459817382270687,0.03843050811547467,0.0561676657072322,0.09459817382270687,0.0,0.0,0.0
0,fsg_length_high,38,3,0.11832546287700244,0.04806971929378224,0.07025574358322019,0.11832546287700244,0.0,0.0,0.0
0,fsg_length_high,39,0,0.08474924421037107,0.0331051735196762,0.05164407069069487,0.08474924421037107,0.0,0.0,0.0
0,fsg_length_high,39,1,0.09552017810635759,0.03731256957279593,0.058207608533561654,0.09552017810635759,0.0,0.0,0.0
0,fsg_length_high,39,2,0.09308026644718591,0.036359479080932,0.05672078736625391,0.09308026644718591,0.0,0.0,0.0
0,fsg_length_high,39,3,0.11586639330550316,0.04526030988496217,0.07060608342054099,0.11586639330550316,0.0,0.0,0.0
0,fsg_length_high,40,0,0.0825158715791003,0.030943451842162614,0.051572419736937686,0.0825158715791003,0.0,0.0,0.0
0,fsg_length_high,40,1,0.09377937789030381,0.03516726670886393,0.058612111181439885,0.09377937789030381,0.0,0.0,0.0
0,fsg_length_high,40,2,0.09074308896517345,0.034028658361940044,0.05671443060323341,0.09074308896517345,0.0,0.0,0.0
0,fsg_length_high,40,3,0.10931207890852532,0.04099202959069699,0.06832004931782833,0.10931207890852532,0.0,0.0,0.0
0,fsg_length_high,41,0,0.0814564167568876,0.02927339977200648,0.05218301698488112,0.0814564167568876,0.0,0.0,0.0
0,fsg_length_high,41,1,0.09186962270148921,0.033015645658347685,0.05885397704314153,0.09186962270148921,0.0,0.0,0.0
0,fsg_length_high,41,2,0.08979253480082218,0.03226919219404547,0.05752334260677671,0.08979253480082218,0.0,0.0,0.0
0,fsg_length_high,41,3,0.10752508049011808,0.03864182580113618,0.06888325468898189,0.10752508049011808,0.0,0.0,0.0
0,fsg_length_high,42,0,0.08047020453280879,0.027661632808153022,0.052808571724655765,0.08047020453280879,0.0,0.0,0.0
0,fsg_length_high,42,1,0.08991535299576513,0.030908402592294264,0.05900695040347086,0.08991535299576513,0.0,0.0,0.0
0,fsg_length_high,42,2,0.08901161509139835,0.030597742687668184,0.058413872403730166,0.08901161509139835,0.0,0.0,0.0
0,fsg_length_high,42,3,0.10586673594685629,0.03639169048173185,0.06947504546512444,0.10586673594685629,0.0,0.0,0.0
0,fsg_length_high,43,0,0.07952913916711142,0.026095498789208436,0.053433640377902984,0.07952913916711142,0.0,0.0,0.0
0,fsg_length_high,43,1,0.08817765220454553,0.0289332921296165,0.059244360074929024,0.08817765220454553,0.0,0.0,0.0
0,fsg_length_high,43,2,0.08827818423168039,0.02896627920102013,0.059311905030660264,0.08827818423168039,0.0,0.0,0.0
0,fsg_length_high,43,3,0.10425349099552914,0.034208176732908,0.07004531426262114,0.10425349099552914,0.0,0.0,0.0
0,fsg_length_high,44,0,0.07593245416296676,0.023728891925927115,0.05220356223703965,0.07593245416296676,0.0,0.0,0.0
0,fsg_length_high,44,1,0.0842715950995071,0.02633487346859597,0.05793672163091113,0.0842715950995071,0.0,0.0,0.0
0,fsg_length_high,44,2,0.08543318031991533,0.02669786884997354,0.058735311469941785,0.08543318031991533,0.0,0.0,0.0
0,fsg_length_high,44,3,0.09928773711753414,0.031027417849229418,0.06826031926830473,0.09928773711753414,0.0,0.0,0.0
0,fsg_length_high,45,0,0.0748981312094588,0.022235382702808084,0.052662748506650724,0.0748981312094588,0.0,0.0,0.0
0,fsg_length_high,45,1,0.08304194572383396,0.024653077636763207,0.05838886808707075,0.08304194572383396,0.0,0.0,0.0
0,fsg_length_high,45,2,0.08399251703483043,0.024935278494715284,0.059057238540115145,0.08399251703483043,0.0,0.0,0.0
0,fsg_length_high,45,3,0.09765387434538371,0.02899099394628579,0.06866288039909792,0.09765387434538371,0.0,0.0,0.0
0,fsg_length_high,46,0,0.07389516049350829,0.020783013888799207,0.05311214660470909,0.07389516049350829,0.0,0.0,0.0
0,fsg_length_high,46,1,0.08197414315192353,0.023055227761478492,0.05891891539044504,0.08197414315192353,0.0,0.0,0.0
0,fsg_length_high,46,2,0.08240945639270372,0.02317765961044792,0.0592317967822558,0.08240945639270372,0.0,0.0,0.0
0,fsg_length_high,46,3,0.09597379826908868,0.026992630763181192,0.06898116750590749,0.09597379826908868,0.0,0.0,0.0
0,fsg_length_high,47,0,0.07282070365976427,0.019342999409624886,0.05347770425013939,0.07282070365976427,0.0,0.0,0.0
0,fsg_length_high,47,1,0.08094740345508282,0.021501654042756373,0.05944574941232644,0.08094740345508282,0.0,0.0,0.0
0,fsg_length_high,47,2,0.08079926180733994,0.02146230391757467,0.05933695788976527,0.08079926180733994,0.0,0.0,0.0
0,fsg_length_high,47,3,0.09420835531462503,0.025024094380447275,0.06918426093417776,0.09420835531462503,0.0,0.0,0.0
4,fsg_length_high,0,4,0.07900217417169517,0.07900217417169517,0.0,0.07900217417169517,0.0,0.0,0.0
4,fsg_length_high,0,5,0.1111107457501699,0.1111107457501699,0.0,0.1111107457501699,0.0,0.0,0.0
4,fsg_length_high,0,6,0.13049251315811705,0.13049251315811705,0.0,0.13049251315811705,0.0,0.0,0.0
4,fsg_length_high,0,7,0.11859435128021739,0.11859435128021739,0.0,0.11859435128021739,0.0,0.0,0.0
4,fsg_length_high,1,4,0.07305548696939097,0.07191399498549424,0.001141491983896734,0.07305548696939097,0.0,0.0,0.0
4,fsg_length_high,1,5,0.1340310994443764,0.13193686351555803,0.0020942359288183814,0.1340310994443764,0.0,0.0,0.0
4,fsg_length_high,1,6,0.12109251921114789,0.1192004485984737,0.0018920706126741857,0.12109251921114789,0.0,0.0,0.0
4,fsg_length_high,1,7,0.1329389692137172,0.13086179781975288,0.0020771713939643313,0.1329389692137172,0.0,0.0,0.0
4,fsg_length_high,2,4,0.07098397386035392,0.06876572467721787,0.00221824918313606,0.07098397386035392,0.0,0.0,0.0
4,fsg_length_high,2,5,0.14620233827599252,0.14163351520486775,0.004568823071124766,0.14620233827599252,0.0,0.0,0.0
4,fsg_length_high,2,6,0.12856015166804924,0.1245426469284227,0.004017504739626539,0.12856015166804924,0.0,0.0,0.0
4,fsg_length_high,2,7,0.14250465276960372,0.13805138237055362,0.004453270399050116,0.14250465276960372,0.0,0.0,0.0
4,fsg_length_high,3,4,0.06802368291899528,0.06483507278216738,0.0031886101368279038,0.06802368291899528,0.0,0.0,0.0
4,fsg_length_high,3,5,0.12517137230587072,0.11930396422903303,0.00586740807683769,0.12517137230587072,0.0,0.0,0.0
4,fsg_length_high,3,6,0.14103035062862287,0.13441955294290617,0.006610797685716697,0.14103035062862287,0.0,0.0,0.0
4,fsg_length_high,3,7,0.1299676094169163,0.12387537772549834,0.006092231691417951,0.1299676094169163,0.0,0.0,0.0
4,fsg_length_high,4,4,0.059866435693854525,0.05612478346298862,0.003741652230865908,0.059866435693854525,0.0,0.0,0.0
4,fsg_length_high,4,5,0.10744359619576026,0.10072837143352524,0.006715224762235016,0.10744359619576026,0.0,0.0,0.0
4,fsg_length_high,4,6,0.1310777645336678,0.12288540425031355,0.008192360283354237,0.1310777645336678,0.0,0.0,0.0
4,fsg_length_high,4,7,0.09379009737578363,0.08792821628979715,0.005861881085986477,0.09379009737578363,0.0,0.0,0.0
4,fsg_length_high,5,4,0.07323345786991425,0.06751209397382721,0.005721363896087051,0.07323345786991425,0.0,0.0,0.0
4,fsg_length_high,5,5,0.11094184620440276,0.10227451446968379,0.008667331734718965,0.11094184620440276,0.0,0.0,0.0
4,fsg_length_high,5,6,0.14590450233503835,0.13450571309011347,0.011398789244924871,0.14590450233503835,0.0,0.0,0.0
4,fsg_length_high,5,7,0.09000880211921018,0.08297686445364688,0.007031937665563296,0.09000880211921018,0.0,0.0,0.0
4,fsg_length_high,6,4,0.1232838374269544,0.11172597766817742,0.011557859758776975,0.1232838374269544,0.0,0.0,0.0
4,fsg_length_high,6,5,0.11910625813872479,0.10794004643821933,0.01116621170050545,0.11910625813872479,0.0,0.0,0.0
4,fsg_length_high,6,6,0.17422775654223147,0.15789390436639728,0.0163338521758342,0.17422775654223147,0.0,0.0,0.0
4,fsg_length_high,6,7,0.10408165676335089,0.09432400144178675,0.009757655321564146,0.10408165676335089,0.0,0.0,0.0
4,fsg_length_high,7,4,0.28138322163111124,0.25060693176520843,0.030776289865902792,0.28138322163111124,0.0,0.0,0.0
4,fsg_length_high,7,5,0.1275641240566286,0.11361179798793485,0.013952326068693753,0.1275641240566286,0.0,0.0,0.0
4,fsg_length_high,7,6,0.17047418884034016,0.15182857443592795,0.018645614404412203,0.17047418884034016,0.0,0.0,0.0
4,fsg_length_high,7,7,0.11574737323298019,0.10308750428562298,0.012659868947357208,0.11574737323298019,0.0,0.0,0.0
4,fsg_length_high,8,4,0.37978211525238514,0.332309350845837,0.04747276440654814,0.37978211525238514,0.0,0.0,0.0
4,fsg_length_high,8,5,0.1348894953396475,0.11802830842219156,0.016861186917455938,0.1348894953396475,0.0,0.0,0.0
4,fsg_length_high,8,6,0.10720862012277402,0.09380754260742727,0.013401077515346752,0.10720862012277402,0.0,0.0,0.0
4,fsg_length_high,8,7,0.09992036660448154,0.08743032077892135,0.012490045825560193,0.09992036660448154,0.0,0.0,0.0
4,fsg_length_high,9,4,0.2828215177922618,0.24304974185272496,0.03977177593953681,0.2828215177922618,0.0,0.0,0.0
4,fsg_length_high,9,5,0.13985067397247725,0.12018417294509763,0.019666501027379612,0.13985067397247725,0.0,0.0,0.0
4,fsg_length_high,9,6,0.1085913960661936,0.09332073099438512,0.015270665071808475,0.1085913960661936,0.0,0.0,0.0
4,fsg_length_high,9,7,0.10605622945925655,0.0911420721915486,0.014914157267707952,0.10605622945925655,0.0,0.0,0.0
4,fsg_length_high,10,4,0.2619518789433914,0.2210218978584865,0.04092998108490491,0.2619518789433914,0.0,0.0,0.0
4,fsg_length_high,10,5,0.14517184871848576,0.12248874735622237,0.0226831013622634,0.14517184871848576,0.0,0.0,0.0
4,fsg_length_high,10,6,0.1131688447457097,0.09548621275419257,0.017682631991517143,0.1131688447457097,0.0,0.0,0.0
4,fsg_length_high,10,7,0.10992760559760002,0.09275141722297502,0.017176188374625003,0.10992760559760002,0.0,0.0,0.0
4,fsg_length_high,11,4,0.25336220888503463,0.2098155792329193,0.04354662965211533,0.25336220888503463,0.0,0.0,0.0
4,fsg_length_high,11,5,0.14748743254334531,0.12213803007495784,0.025349402468387475,0.14748743254334531,0.0,0.0,0.0
4,fsg_length_high,11,6,0.11959920275377665,0.09904308978047129,0.02055611297330536,0.11959920275377665,0.0,0.0,0.0
4,fsg_length_high,11,7,0.11158525836654588,0.0924065420847958,0.019178716281750073,0.11158525836654588,0.0,0.0,0.0
4,fsg_length_high,12,4,0.22922921624283837,0.18624873819730617,0.04298047804553219,0.22922921624283837,0.0,0.0,0.0
4,fsg_length_high,12,5,0.14737484483228908,0.11974206142623488,0.0276327834060542,0.14737484483228908,0.0,0.0,0.0
4,fsg_length_high,12,6,0.13199678807106005,0.10724739030773629,0.024749397763323758,0.13199678807106005,0.0,0.0,0.0
4,fsg_length_high,12,7,0.12202829851129215,0.09914799254042488,0.02288030597086728,0.12202829851129215,0.0,0.0,0.0
4,fsg_length_high,13,4,0.20735236321249614,0.16523391443495786,0.04211844877753828,0.20735236321249614,0.0,0.0,0.0
4,fsg_length_high,13,5,0.1485363032231107,0.11836486663091635,0.030171436592194362,0.1485363032231107,0.0,0.0,0.0
4,fsg_length_high,13,6,0.13268207932329917,0.10573103196075403,0.026951047362545145,0.13268207932329917,0.0,0.0,0.0
4,fsg_length_high,13,7,0.1283402937653585,0.10227117159427004,0.026069122171088442,0.1283402937653585,0.0,0.0,0.0
4,fsg_length_high,14,4,0.19762927105963124,0.1543978680153369,0.043231403044294334,0.19762927105963124,0.0,0.0,0.0
4,fsg_length_high,14,5,0.14878176841641041,0.11623575657532063,0.03254601184108978,0.14878176841641041,0.0,0.0,0.0
4,fsg_length_high,14,6,0.13696278147357535,0.10700217302623075,0.02996060844734461,0.13696278147357535,0.0,0.0,0.0
4,fsg_length_high,14,7,0.13114653255325237,0.10245822855722841,0.028688303996023956,0.13114653255325237,0.0,0.0,0.0
4,fsg_length_high,15,4,0.20005723438813477,0.15316882007841567,0.04688841430971909,0.20005723438813477,0.0,0.0,0.0
4,fsg_length_high,15,5,0.14474256272702427,0.11081852458787796,0.03392403813914631,0.14474256272702427,0.0,0.0,0.0
4,fsg_length_high,15,6,0.14237851329281154,0.10900854923980884,0.0333699640530027,0.14237851329281154,0.0,0.0,0.0
4,fsg_length_high,15,7,0.13312135387206991,0.10192103655830353,0.031200317313766386,0.13312135387206991,0.0,0.0,0.0
4,fsg_length_high,16,4,0.17280567414453796,0.12960425560840347,0.04320141853613449,0.17280567414453796,0.0,0.0,0.0
4,fsg_length_high,16,5,0.16652871698480817,0.12489653773860612,0.04163217924620204,0.16652871698480817,0.0,0.0,0.0
4,fsg_length_high,16,6,0.1441936006059336,0.1081452004544502,0.0360484001514834,0.1441936006059336,0.0,0.0,0.0
4,fsg_length_high,16,7,0.13382860169500813,0.1003714512712561,0.03345715042375203,0.13382860169500813,0.0,0.0,0.0
4,fsg_length_high,17,4,0.1716226169116087,0.12603535929446263,0.04558725761714606,0.1716226169116087,0.0,0.0,0.0
4,fsg_length_high,17,5,0.18888507965358292,0.13871248037059997,0.05017259928298296,0.18888507965358292,0.0,0.0,0.0
4,fsg_length_high,17,6,0.14708228954007913,0.1080135563809956,0.03906873315908352,0.14708228954007913,0.0,0.0,0.0
4,fsg_length_high,17,7,0.14154034642857802,0.10394369190848698,0.03759665452009103,0.14154034642857802,0.0,0.0,0.0
4,fsg_length_high,18,4,0.17715101979122988,0.12732729547494648,0.0498237243162834,0.17715101979122988,0.0,0.0,0.0
4,fsg_length_high,18,5,0.16967179610560615,0.12195160345090442,0.04772019265470173,0.16967179610560615,0.0,0.0,0.0
4,fsg_length_high,18,6,0.15176108447618225,0.109078279467256,0.04268280500892626,0.15176108447618225,0.0,0.0,0.0
4,fsg_length_high,18,7,0.1493567577688805,0.10735016964638286,0.04200658812249764,0.1493567577688805,0.0,0.0,0.0
4,fsg_length_high,19,4,0.18108206179310707,0.1273233246982784,0.05375873709482866,0.18108206179310707,0.0,0.0,0.0
4,fsg_length_high,19,5,0.15220630556152398,0.10702005859794655,0.04518624696357743,0.15220630556152398,0.0,0.0,0.0
4,fsg_length_high,19,6,0.15885453048330475,0.11169459174607366,0.0471599387372311,0.15885453048330475,0.0,0.0,0.0
4,fsg_length_high,19,7,0.15569670325871934,0.10947424447878704,0.04622245877993231,0.15569670325871934,0.0,0.0,0.0
4,fsg_length_high,20,4,0.1608279783924402,0.11056923514480264,0.050258743247637565,0.1608279783924402,0.0,0.0,0.0
4,fsg_length_high,20,5,0.1621207139221724,0.11145799082149352,0.050662723100678875,0.1621207139221724,0.0,0.0,0.0
4,fsg_length_high,20,6,0.1568555977332337,0.10783822344159817,0.04901737429163554,0.1568555977332337,0.0,0.0,0.0
4,fsg_length_high,20,7,0.13699873686267916,0.09418663159309193,0.04281210526958724,0.13699873686267916,0.0,0.0,0.0
4,fsg_length_high,21,4,0.15533868743363025,0.10436818061947033,0.050970506814159926,0.15533868743363025,0.0,0.0,0.0
4,fsg_length_high,21,5,0.1318835410067819,0.08860925411393158,0.04327428689285031,0.1318835410067819,0.0,0.0,0.0
4,fsg_length_high,21,6,0.15530486244295955,0.10434545445386345,0.0509594079890961,0.15530486244295955,0.0,0.0,0.0
4,fsg_length_high,21,7,0.13673873766296996,0.09187133936730794,0.04486739829566202,0.13673873766296996,0.0,0.0,0.0
4,fsg_length_high,22,4,0.1517538010182104,0.09958843191820058,0.05216536910000982,0.1517538010182104,0.0,0.0,0.0
4,fsg_length_high,22,5,0.11059937517810814,0.07258083996063347,0.03801853521747467,0.11059937517810814,0.0,0.0,0.0
4,fsg_length_high,22,6,0.15498979822660647,0.10171205508621049,0.053277743140395975,0.15498979822660647,0.0,0.0,0.0
4,fsg_length_high,22,7,0.13713588407546343,0.08999542392452288,0.047140460150940554,0.13713588407546343,0.0,0.0,0.0
4,fsg_length_high,23,4,0.15128292115071804,0.09691562136217874,0.0543672997885393,0.15128292115071804,0.0,0.0,0.0
4,fsg_length_high,23,5,0.10713322240552349,0.06863222060353849,0.038501001801985006,0.10713322240552349,0.0,0.0,0.0
4,fsg_length_high,23,6,0.1544286619595193,0.09893086156781705,0.05549780039170225,0.1544286619595193,0.0,0.0,0.0
4,fsg_length_high,23,7,0.13799431048417263,0.08840260515392309,0.049591705330249536,0.13799431048417263,0.0,0.0,0.0
4,fsg_length_high,24,4,0.13941877721582732,0.08713673575989207,0.05228204145593525,0.13941877721582732,0.0,0.0,0.0
4,fsg_length_high,24,5,0.10369151472104211,0.06480719670065133,0.038884318020390794,0.10369151472104211,0.0,0.0,0.0
4,fsg_length_high,24,6,0.14576582574247163,0.09110364108904477,0.05466218465342686,0.14576582574247163,0.0,0.0,0.0
4,fsg_length_high,24,7,0.13872088075109743,0.0867005504694359,0.05202033028166153,0.13872088075109743,0.0,0.0,0.0
4,fsg_length_high,25,4,0.138502330555502,0.08439985768225904,0.05410247287324298,0.138502330555502,0.0,0.0,0.0
4,fsg_length_high,25,5,0.10391861373614221,0.06332540524546165,0.04059320849068055,0.10391861373614221,0.0,0.0,0.0
4,fsg_length_high,25,6,0.1432055747085837,0.08726589708804319,0.05593967762054051,0.1432055747085837,0.0,0.0,0.0
4,fsg_length_high,25,7,0.1402438351528473,0.08546108704626633,0.05478274810658098,0.1402438351528473,0.0,0.0,0.0
4,fsg_length_high,26,4,0.13896789926806075,0.08251219019041106,0.05645570907764968,0.13896789926806075,0.0,0.0,0.0
4,fsg_length_high,26,5,0.10373667370205679,0.06159365001059622,0.04214302369146057,0.10373667370205679,0.0,0.0,0.0
4,fsg_length_high,26,6,0.14078749387822223,0.08359257449019444,0.05719491938802778,0.14078749387822223,0.0,0.0,0.0
4,fsg_length_high,26,7,0.1414265631004996,0.08397202184092165,0.05745454125957797,0.1414265631004996,0.0,0.0,0.0
4,fsg_length_high,27,4,0.13886898515108584,0.0802836320404715,0.05858535311061434,0.13886898515108584,0.0,0.0,0.0
4,fsg_length_high,27,5,0.10272279657316304,0.05938661676885988,0.043336179804303154,0.10272279657316304,0.0,0.0,0.0
4,fsg_length_high,27,6,0.13853134208367035,0.08008843214212193,0.05844290994154843,0.13853134208367035,0.0,0.0,0.0
4,fsg_length_high,27,7,0.14215304435279108,0.08218222876645734,0.059970815586333735,0.14215304435279108,0.0,0.0,0.0
4,fsg_length_high,28,4,0.14397679965517893,0.08098694980603814,0.06298984984914079,0.14397679965517893,0.0,0.0,0.0
4,fsg_length_high,28,5,0.09346614394746876,0.05257470597045118,0.04089143797701758,0.09346614394746876,0.0,0.0,0.0
4,fsg_length_high,28,6,0.1332419831436725,0.07494861551831578,0.058293367625356717,0.1332419831436725,0.0,0.0,0.0
4,fsg_length_high,28,7,0.14426040582897592,0.08114647827879895,0.06311392755017697,0.14426040582897592,0.0,0.0,0.0
4,fsg_length_high,29,4,0.1420052747006018,0.07765913460189161,0.0643461400987102,0.1420052747006018,0.0,0.0,0.0
4,fsg_length_high,29,5,0.08937435385500299,0.048876599764454756,0.04049775409054823,0.08937435385500299,0.0,0.0,0.0
4,fsg_length_high,29,6,0.1319546901732249,0.07216272118848237,0.05979196898474253,0.1319546901732249,0.0,0.0,0.0
4,fsg_length_high,29,7,0.14601088680042665,0.07984970371898333,0.06616118308144332,0.14601088680042665,0.0,0.0,0.0
4,fsg_length_high,30,4,0.13607338585303894,0.07228898623442694,0.063784399618612,0.13607338585303894,0.0,0.0,0.0
4,fsg_length_high,30,5,0.08574482427490597,0.045551937896043795,0.040192886378862175,0.08574482427490597,0.0,0.0,0.0
4,fsg_length_high,30,6,0.1311557861010504,0.06967651136618302,0.06147927473486737,0.1311557861010504,0.0,0.0,0.0
4,fsg_length_high,30,7,0.14300264637035504,0.07597015588425111,0.06703249048610392,0.14300264637035504,0.0,0.0,0.0
4,fsg_length_high,31,4,0.1290206630838242,0.06652627940259685,0.06249438368122735,0.1290206630838242,0.0,0.0,0.0
4,fsg_length_high,31,5,0.08211250561942039,0.04233926071001364,0.03977324490940675,0.08211250561942039,0.0,0.0,0.0
4,fsg_length_high,31,6,0.13034508628243868,0.06720918511438245,0.06313590116805623,0.13034508628243868,0.0,0.0,0.0
4,fsg_length_high,31,7,0.13788455062940613,0.07109672141828753,0.0667878292111186,0.13788455062940613,0.0,0.0,0.0
4,fsg_length_high,32,4,0.11804854146113629,0.059024270730568144,0.059024270730568144,0.11804854146113629,0.0,0.0,0.0
4,fsg_length_high,32,5,0.07660945591107512,0.03830472795553756,0.03830472795553756,0.07660945591107512,0.0,0.0,0.0
4,fsg_length_high,32,6,0.12654520370791636,0.06327260185395818,0.06327260185395818,0.12654520370791636,0.0,0.0,0.0
4,fsg_length_high,32,7,0.12405690156307657,0.062028450781538284,0.062028450781538284,0.12405690156307657,0.0,0.0,0.0
4,fsg_length_high,33,4,0.11383330418319684,0.05513800671373597,0.05869529746946087,0.11383330418319684,0.0,0.0,0.0
4,fsg_length_high,33,5,0.07453128242490868,0.03610108992456514,0.03843019250034354,0.07453128242490868,0.0,0.0,0.0
4,fsg_length_high,33,6,0.125747956016476,0.06090916619548057,0.06483878982099545,0.125747956016476,0.0,0.0,0.0
4,fsg_length_high,33,7,0.12051359591060068,0.0583737730191972,0.062139822891403476,0.12051359591060068,0.0,0.0,0.0
4,fsg_length_high,34,4,0.11042348988730297,0.05176101088467327,0.0586624790026297,0.11042348988730297,0.0,0.0,0.0
4,fsg_length_high,34,5,0.07288926544581566,0.034166843177726086,0.03872242226808957,0.07288926544581566,0.0,0.0,0.0
4,fsg_length_high,34,6,0.12532250488700894,0.05874492416578544,0.0665775807212235,0.12532250488700894,0.0,0.0,0.0
4,fsg_length_high,34,7,0.11779290648260032,0.055215424913718905,0.06257748156888142,0.11779290648260032,0.0,0.0,0.0
4,fsg_length_high,35,4,0.10733371366081387,0.04863558900255629,0.058698124658257585,0.10733371366081387,0.0,0.0,0.0
4,fsg_length_high,35,5,0.07148066370257321,0.03238967574022848,0.039090987962344725,0.07148066370257321,0.0,0.0,0.0
4,fsg_length_high,35,6,0.12501810568386126,0.05664882913799964,0.06836927654586163,0.12501810568386126,0.0,0.0,0.0
4,fsg_length_high,35,7,0.1159457668796399,0.05253792561733683,0.06340784126230306,0.1159457668796399,0.0,0.0,0.0
4,fsg_length_high,36,4,0.10294548591391625,0.04503865008733836,0.05790683582657789,0.10294548591391625,0.0,0.0,0.0
4,fsg_length_high,36,5,0.06768316378724923,0.029611384156921536,0.03807177963032769,0.06768316378724923,0.0,0.0,0.0
4,fsg_length_high,36,6,0.121587925589559,0.05319471744543206,0.06839320814412694,0.121587925589559,0.0,0.0,0.0
4,fsg_length_high,36,7,0.11111225289511148,0.04861161064161127,0.0625006422535002,0.11111225289511148,0.0,0.0,0.0
4,fsg_length_high,37,4,0.09963849889980016,0.04203499172335319,0.057603507176446966,0.09963849889980016,0.0,0.0,0.0
4,fsg_length_high,37,5,0.06664127415060002,0.02811428753228438,0.038526986618315634,0.06664127415060002,0.0,0.0,0.0
4,fsg_length_high,37,6,0.12030382565477896,0.05075317644810987,0.06955064920666909,0.12030382565477896,0.0,0.0,0.0
4,fsg_length_high,37,7,0.10981253802657985,0.04632716447996337,0.06348537354661647,0.10981253802657985,0.0,0.0,0.0
4,fsg_length_high,38,4,0.09647528902929613,0.03919308616815155,0.05728220286114458,0.09647528902929613,0.0,0.0,0.0
4,fsg_length_high,38,5,0.06589784017686577,0.02677099757185172,0.039126842605014055,0.06589784017686577,0.0,0.0,0.0
4,fsg_length_high,38,6,0.11899244786742232,0.048340681946140315,0.070651765921282,0.11899244786742232,0.0,0.0,0.0
4,fsg_length_high,38,7,0.10890464172971392,0.04424251070269628,0.06466213102701765,0.10890464172971392,0.0,0.0,0.0
4,fsg_length_high,39,4,0.09347916771249137,0.03651529988769194,0.05696386782479943,0.09347916771249137,0.0,0.0,0.0
4,fsg_length_high,39,5,0.06538655100517742,0.025541621486397426,0.039844929518779985,0.06538655100517742,0.0,0.0,0.0
4,fsg_length_high,39,6,0.11771449559232432,0.045982224840751686,0.07173227075157262,0.11771449559232432,0.0,0.0,0.0
4,fsg_length_high,39,7,0.10805810674288982,0.04221019794644133,0.06584790879644849,0.10805810674288982,0.0,0.0,0.0
4,fsg_length_high,40,4,0.08721637545016245,0.032706140793810914,0.05451023465635153,0.08721637545016245,0.0,0.0,0.0
4,fsg_length_high,40,5,0.06364967692514328,0.02386862884692873,0.03978104807821455,0.06364967692514328,0.0,0.0,0.0
4,fsg_length_high,40,6,0.11321081561341666,0.042454055855031245,0.07075675975838541,0.11321081561341666,0.0,0.0,0.0
4,fsg_length_high,40,7,0.10455164366347074,0.039206866373801524,0.06534477728966921,0.10455164366347074,0.0,0.0,0.0
4,fsg_length_high,41,4,0.0850600380202077,0.03056845116351214,0.054491586856695556,0.0850600380202077,0.0,0.0,0.0
4,fsg_length_high,41,5,0.0634250529815507,0.022793378415244783,0.04063167456630592,0.0634250529815507,0.0,0.0,0.0
4,fsg_length_high,41,6,0.11206048295379915,0.04027173606152157,0.07178874689227759,0.11206048295379915,0.0,0.0,0.0
4,fsg_length_high,41,7,0.103393981856372,0.03715721222963369,0.06623676962673831,0.103393981856372,0.0,0.0,0.0
4,fsg_length_high,42,4,0.08331977688886073,0.028641173305545876,0.054678603583314854,0.08331977688886073,0.0,0.0,0.0
4,fsg_length_high,42,5,0.06330824290167256,0.02176220849744994,0.041546034404222616,0.06330824290167256,0.0,0.0,0.0
4,fsg_length_high,42,6,0.11095830315502125,0.03814191670953856,0.0728163864454827,0.11095830315502125,0.0,0.0,0.0
4,fsg_length_high,42,7,0.10216335534167219,0.035118653398699816,0.06704470194297238,0.10216335534167219,0.0,0.0,0.0
4,fsg_length_high,43,4,0.08182504554589813,0.026848843069747823,0.05497620247615031,0.08182504554589813,0.0,0.0,0.0
4,fsg_length_high,43,5,0.06327467538751608,0.02076200286152871,0.042512672525987366,0.06327467538751608,0.0,0.0,0.0
4,fsg_length_high,43,6,0.10977162337379322,0.0360188139195259,0.07375280945426732,0.10977162337379322,0.0,0.0,0.0
4,fsg_length_high,43,7,0.10084411746336398,0.03308947604266631,0.06775464142069768,0.10084411746336398,0.0,0.0,0.0
4,fsg_length_high,44,4,0.07815905811674599,0.024424705661483123,0.05373435245526287,0.07815905811674599,0.0,0.0,0.0
4,fsg_length_high,44,5,0.06156347347256618,0.01923858546017693,0.04232488801238925,0.06156347347256618,0.0,0.0,0.0
4,fsg_length_high,44,6,0.10493013295397816,0.03279066654811817,0.07213946640585998,0.10493013295397816,0.0,0.0,0.0
4,fsg_length_high,44,7,0.09686999250256162,0.030271872657050506,0.06659811984551112,0.09686999250256162,0.0,0.0,0.0
4,fsg_length_high,45,4,0.07673193378620684,0.022779792842780155,0.05395214094342668,0.07673193378620684,0.0,0.0,0.0
4,fsg_length_high,45,5,0.06135561610789753,0.01821494853203208,0.04314066757586545,0.06135561610789753,0.0,0.0,0.0
4,fsg_length_high,45,6,0.10276597049245813,0.030508647489948505,0.07225732300250962,0.10276597049245813,0.0,0.0,0.0
4,fsg_length_high,45,7,0.09530209289733248,0.02829280882889558,0.0670092840684369,0.09530209289733248,0.0,0.0,0.0
4,fsg_length_high,46,4,0.07521804002216173,0.021155073756232986,0.05406296626592874,0.07521804002216173,0.0,0.0,0.0
4,fsg_length_high,46,5,0.06107019686221745,0.017175992867498657,0.04389420399471879,0.06107019686221745,0.0,0.0,0.0
4,fsg_length_high,46,6,0.10054297203454472,0.028277710884715705,0.07226526114982902,0.10054297203454472,0.0,0.0,0.0
4,fsg_length_high,46,7,0.09344213518669306,0.026280600521257424,0.06716153466543563,0.09344213518669306,0.0,0.0,0.0
4,fsg_length_high,47,4,0.07381192084234992,0.019606291473749198,0.05420562936860072,0.07381192084234992,0.0,0.0,0.0
4,fsg_length_high,47,5,0.06072192133357277,0.016129260354230266,0.0445926609793425,0.06072192133357277,0.0,0.0,0.0
4,fsg_length_high,47,6,0.09848489491363205,0.026160050211433514,0.07232484470219853,0.09848489491363205,0.0,0.0,0.0
4,fsg_length_high,47,7,0.09098146742291877,0.024166952284212798,0.06681451513870597,0.09098146742291877,0.0,0.0,0.0
8,fsg_length_high,0,8,0.11567015384063316,0.11567015384063316,0.0,0.11567015384063316,0.0,0.0,0.0
8,fsg_length_high,0,9,0.11123546514778844,0.11123546514778844,0.0,0.11123546514778844,0.0,0.0,0.0
8,fsg_length_high,0,10,0.1549527236004964,0.1549527236004964,0.0,0.1549527236004964,0.0,0.0,0.0
8,fsg_length_high,0,11,0.18637469084907352,0.18637469084907352,0.0,0.18637469084907352,0.0,0.0,0.0
8,fsg_length_high,1,8,0.1402211371140588,0.13803018184665164,0.002190955267407169,0.1402211371140588,0.0,0.0,0.0
8,fsg_length_high,1,9,0.11431864566822485,0.11253241682965884,0.0017862288385660132,0.11431864566822485,0.0,0.0,0.0
8,fsg_length_high,1,10,0.15189755474925332,0.14952415545629624,0.002373399292957083,0.15189755474925332,0.0,0.0,0.0
8,fsg_length_high,1,11,0.16395019174935438,0.16138847000327072,0.002561721746083662,0.16395019174935438,0.0,0.0,0.0
8,fsg_length_high,2,8,0.11914795428876114,0.11542458071723735,0.0037233735715237856,0.11914795428876114,0.0,0.0,0.0
8,fsg_length_high,2,9,0.11528813595815936,0.11168538170946687,0.00360275424869248,0.11528813595815936,0.0,0.0,0.0
8,fsg_length_high,2,10,0.16198337538984264,0.15692139490891005,0.005061980480932583,0.16198337538984264,0.0,0.0,0.0
8,fsg_length_high,2,11,0.1240153338861115,0.1201398547021705,0.0038754791839409842,0.1240153338861115,0.0,0.0,0.0
8,fsg_length_high,3,8,0.20804956439350303,0.19829724106255758,0.009752323330945455,0.20804956439350303,0.0,0.0,0.0
8,fsg_length_high,3,9,0.12362564341616877,0.11783069138103586,0.005794952035132911,0.12362564341616877,0.0,0.0,0.0
8,fsg_length_high,3,10,0.18801584488553008,0.17920260215652087,0.008813242729009223,0.18801584488553008,0.0,0.0,0.0
8,fsg_length_high,3,11,0.08490969950552975,0.08092955734120805,0.003980142164321707,0.08490969950552975,0.0,0.0,0.0
8,fsg_length_high,4,8,0.1453066637900111,0.1362249973031354,0.009081666486875693,0.1453066637900111,0.0,0.0,0.0
8,fsg_length_high,4,9,0.14581675415088344,0.13670320701645322,0.009113547134430215,0.14581675415088344,0.0,0.0,0.0
8,fsg_length_high,4,10,0.21889356529510592,0.2052127174641618,0.01368084783094412,0.21889356529510592,0.0,0.0,0.0
8,fsg_length_high,4,11,0.061719156853934476,0.05786170955056357,0.0038574473033709047,0.061719156853934476,0.0,0.0,0.0
8,fsg_length_high,5,8,0.14539224859964142,0.13403347917779443,0.011358769421846986,0.14539224859964142,0.0,0.0,0.0
8,fsg_length_high,5,9,0.14650249613759986,0.13505698862684987,0.011445507510749988,0.14650249613759986,0.0,0.0,0.0
8,fsg_length_high,5,10,0.3554440312745548,0.3276749663312302,0.027769064943324595,0.3554440312745548,0.0,0.0,0.0
8,fsg_length_high,5,11,0.05981594073068143,0.055142820361096946,0.0046731203695844865,0.05981594073068143,0.0,0.0,0.0
8,fsg_length_high,6,8,0.15987121848198552,0.14488329174929937,0.014987926732686143,0.15987121848198552,0.0,0.0,0.0
8,fsg_length_high,6,9,0.1775419711305174,0.1608974113370314,0.016644559793486006,0.1775419711305174,0.0,0.0,0.0
8,fsg_length_high,6,10,0.3047553411359113,0.2761845279044196,0.028570813231491684,0.3047553411359113,0.0,0.0,0.0
8,fsg_length_high,6,11,0.06296598294576584,0.0570629220446003,0.005903060901165548,0.06296598294576584,0.0,0.0,0.0
8,fsg_length_high,7,8,0.18024690722905307,0.16053240175087538,0.019714505478177678,0.18024690722905307,0.0,0.0,0.0
8,fsg_length_high,7,9,0.2640588181273243,0.2351773848946482,0.028881433232676095,0.2640588181273243,0.0,0.0,0.0
8,fsg_length_high,7,10,0.25948755242831845,0.2311061013814711,0.02838145104684733,0.25948755242831845,0.0,0.0,0.0
8,fsg_length_high,7,11,0.06749124386164378,0.060109389064276486,0.007381854797367288,0.06749124386164378,0.0,0.0,0.0
8,fsg_length_high,8,8,0.2339828727610915,0.20473501366595506,0.029247859095136438,0.2339828727610915,0.0,0.0,0.0
8,fsg_length_high,8,9,0.22714862082791362,0.19875504322442442,0.028393577603489203,0.22714862082791362,0.0,0.0,0.0
8,fsg_length_high,8,10,0.22675845407709405,0.1984136473174573,0.028344806759636756,0.22675845407709405,0.0,0.0,0.0
8,fsg_length_high,8,11,0.07386689111600359,0.06463352972650313,0.009233361389500448,0.07386689111600359,0.0,0.0,0.0
8,fsg_length_high,9,8,0.2140805295984865,0.18397545512369934,0.030105074474787163,0.2140805295984865,0.0,0.0,0.0
8,fsg_length_high,9,9,0.24816999365420497,0.2132710882965824,0.03489890535762257,0.24816999365420497,0.0,0.0,0.0
8,fsg_length_high,9,10,0.20869390669531637,0.1793463260662875,0.029347580629028865,0.20869390669531637,0.0,0.0,0.0
8,fsg_length_high,9,11,0.0804023236426925,0.06909574688043886,0.011306576762253632,0.0804023236426925,0.0,0.0,0.0
8,fsg_length_high,10,8,0.2050683562451714,0.17302642558186337,0.03204193066330803,0.2050683562451714,0.0,0.0,0.0
8,fsg_length_high,10,9,0.2693351120036793,0.22725150075310444,0.042083611250574894,0.2693351120036793,0.0,0.0,0.0
8,fsg_length_high,10,10,0.19071704447615612,0.16091750627675672,0.029799538199399393,0.19071704447615612,0.0,0.0,0.0
8,fsg_length_high,10,11,0.0881812953910377,0.07440296798618806,0.01377832740484964,0.0881812953910377,0.0,0.0,0.0
8,fsg_length_high,11,8,0.20332516243988932,0.16837865014553335,0.034946512294355976,0.20332516243988932,0.0,0.0,0.0
8,fsg_length_high,11,9,0.27214292696442527,0.22536836139241467,0.046774565572010596,0.27214292696442527,0.0,0.0,0.0
8,fsg_length_high,11,10,0.18145947442520166,0.15027112725837014,0.031188347166831536,0.18145947442520166,0.0,0.0,0.0
8,fsg_length_high,11,11,0.09645976556285302,0.07988074335673766,0.016579022206115363,0.09645976556285302,0.0,0.0,0.0
8,fsg_length_high,12,8,0.182902711472727,0.14860845307159068,0.03429425840113631,0.182902711472727,0.0,0.0,0.0
8,fsg_length_high,12,9,0.22101853349617584,0.17957755846564288,0.04144097503053297,0.22101853349617584,0.0,0.0,0.0
8,fsg_length_high,12,10,0.17801902665458236,0.14464045915684817,0.03337856749773419,0.17801902665458236,0.0,0.0,0.0
8,fsg_length_high,12,11,0.12516464044227477,0.10169627035934825,0.02346837008292652,0.12516464044227477,0.0,0.0,0.0
8,fsg_length_high,13,8,0.1901135488125056,0.1514967342099654,0.038616814602540205,0.1901135488125056,0.0,0.0,0.0
8,fsg_length_high,13,9,0.22443049561848807,0.17884305119598268,0.04558744442250539,0.22443049561848807,0.0,0.0,0.0
8,fsg_length_high,13,10,0.19029033885158853,0.1516376137723596,0.03865272507922892,0.19029033885158853,0.0,0.0,0.0
8,fsg_length_high,13,11,0.1608762697685387,0.12819827747180426,0.032677992296734425,0.1608762697685387,0.0,0.0,0.0
8,fsg_length_high,14,8,0.20169558407926913,0.15757467506192901,0.04412090901734012,0.20169558407926913,0.0,0.0,0.0
8,fsg_length_high,14,9,0.22852000674977058,0.17853125527325825,0.049988751476512314,0.22852000674977058,0.0,0.0,0.0
8,fsg_length_high,14,10,0.20710231083949232,0.16179868034335337,0.04530363049613895,0.20710231083949232,0.0,0.0,0.0
8,fsg_length_high,14,11,0.1938477056265892,0.15144352002077283,0.04240418560581639,0.1938477056265892,0.0,0.0,0.0
8,fsg_length_high,15,8,0.212027717117713,0.16233372091824902,0.049693996199463984,0.212027717117713,0.0,0.0,0.0
8,fsg_length_high,15,9,0.22651439770901288,0.173425085745963,0.0530893119630499,0.22651439770901288,0.0,0.0,0.0
8,fsg_length_high,15,10,0.2224507454434516,0.17031385198014262,0.052136893463308964,0.2224507454434516,0.0,0.0,0.0
8,fsg_length_high,15,11,0.1897314199531667,0.14526311840164324,0.04446830155152345,0.1897314199531667,0.0,0.0,0.0
8,fsg_length_high,16,8,0.21528997158783553,0.16146747869087663,0.05382249289695888,0.21528997158783553,0.0,0.0,0.0
8,fsg_length_high,16,9,0.20024548357369928,0.15018411268027446,0.05006137089342482,0.20024548357369928,0.0,0.0,0.0
8,fsg_length_high,16,10,0.1825353152909551,0.13690148646821632,0.045633828822738774,0.1825353152909551,0.0,0.0,0.0
8,fsg_length_high,16,11,0.15923680449170177,0.11942760336877634,0.03980920112292544,0.15923680449170177,0.0,0.0,0.0
8,fsg_length_high,17,8,0.20724874037889787,0.15219829371575314,0.05505044666314475,0.20724874037889787,0.0,0.0,0.0
8,fsg_length_high,17,9,0.20046619528372936,0.14721736216148876,0.05324883312224061,0.20046619528372936,0.0,0.0,0.0
8,fsg_length_high,17,10,0.17243490096295988,0.12663188039467366,0.04580302056828622,0.17243490096295988,0.0,0.0,0.0
8,fsg_length_high,17,11,0.16080619985369443,0.11809205301755685,0.042714146836137584,0.16080619985369443,0.0,0.0,0.0
8,fsg_length_high,18,8,0.20008200116185823,0.1438089383350856,0.05627306282677263,0.20008200116185823,0.0,0.0,0.0
8,fsg_length_high,18,9,0.19741469739843825,0.1418918137551275,0.05552288364331076,0.19741469739843825,0.0,0.0,0.0
8,fsg_length_high,18,10,0.16716108299489832,0.12014702840258316,0.047014054592315155,0.16716108299489832,0.0,0.0,0.0
8,fsg_length_high,18,11,0.16154974429633026,0.11611387871298738,0.04543586558334289,0.16154974429633026,0.0,0.0,0.0
8,fsg_length_high,19,8,0.19309548764916082,0.1357702647533162,0.057325222895844616,0.19309548764916082,0.0,0.0,0.0
8,fsg_length_high,19,9,0.19314631319030062,0.13580600146193011,0.057340311728370494,0.19314631319030062,0.0,0.0,0.0
8,fsg_length_high,19,10,0.1659444253558609,0.11667967407833969,0.0492647512775212,0.1659444253558609,0.0,0.0,0.0
8,fsg_length_high,19,11,0.16137671939392334,0.11346800582385234,0.04790871357007099,0.16137671939392334,0.0,0.0,0.0
8,fsg_length_high,20,8,0.17707162380219826,0.1217367413640113,0.05533488243818696,0.17707162380219826,0.0,0.0,0.0
8,fsg_length_high,20,9,0.17879059985323506,0.12291853739909911,0.05587206245413596,0.17879059985323506,0.0,0.0,0.0
8,fsg_length_high,20,10,0.15752375163273707,0.10829757924750674,0.04922617238523033,0.15752375163273707,0.0,0.0,0.0
8,fsg_length_high,20,11,0.15533327260759786,0.10679162491772352,0.04854164768987433,0.15533327260759786,0.0,0.0,0.0
8,fsg_length_high,21,8,0.1738860734200802,0.11682970557911639,0.057056367840963816,0.1738860734200802,0.0,0.0,0.0
8,fsg_length_high,21,9,0.1758187128809152,0.11812819771686489,0.0576905151640503,0.1758187128809152,0.0,0.0,0.0
8,fsg_length_high,21,10,0.155843329169388,0.10470723678568257,0.051136092383705437,0.155843329169388,0.0,0.0,0.0
8,fsg_length_high,21,11,0.15285085751724853,0.10269666989440135,0.05015418762284717,0.15285085751724853,0.0,0.0,0.0
8,fsg_length_high,22,8,0.17080291157131897,0.11208941071867808,0.0587135008526409,0.17080291157131897,0.0,0.0,0.0
8,fsg_length_high,22,9,0.17198344800322918,0.11286413775211915,0.05911931025111003,0.17198344800322918,0.0,0.0,0.0
8,fsg_length_high,22,10,0.15139267879083057,0.09935144545648256,0.05204123333434801,0.15139267879083057,0.0,0.0,0.0
8,fsg_length_high,22,11,0.14992481385941753,0.09838815909524275,0.05153665476417477,0.14992481385941753,0.0,0.0,0.0
8,fsg_length_high,23,8,0.16769580937087458,0.10743012787821653,0.060265681492658055,0.16769580937087458,0.0,0.0,0.0
8,fsg_length_high,23,9,0.16787848082665133,0.10754715177957351,0.060331329047077824,0.16787848082665133,0.0,0.0,0.0
8,fsg_length_high,23,10,0.1432088562499439,0.0917431735351203,0.05146568271482359,0.1432088562499439,0.0,0.0,0.0
8,fsg_length_high,23,11,0.14682041674247484,0.09405682947564795,0.052763587266826895,0.14682041674247484,0.0,0.0,0.0
8,fsg_length_high,24,8,0.1524788355935928,0.09529927224599549,0.0571795633475973,0.1524788355935928,0.0,0.0,0.0
8,fsg_length_high,24,9,0.1559309047600605,0.09745681547503782,0.058474089285022686,0.1559309047600605,0.0,0.0,0.0
8,fsg_length_high,24,10,0.1306526965518093,0.08165793534488082,0.048994761206928486,0.1306526965518093,0.0,0.0,0.0
8,fsg_length_high,24,11,0.13321756802099613,0.08326098001312258,0.049956588007873545,0.13321756802099613,0.0,0.0,0.0
8,fsg_length_high,25,8,0.1476489660956249,0.08997358871452142,0.057675377381103475,0.1476489660956249,0.0,0.0,0.0
8,fsg_length_high,25,9,0.15196292844025988,0.09260240951828337,0.05936051892197652,0.15196292844025988,0.0,0.0,0.0
8,fsg_length_high,25,10,0.13042808913705986,0.07947961681789585,0.05094847231916401,0.13042808913705986,0.0,0.0,0.0
8,fsg_length_high,25,11,0.13173103565946828,0.08027359985498848,0.0514574358044798,0.13173103565946828,0.0,0.0,0.0
8,fsg_length_high,26,8,0.14377712164785117,0.08536766597841164,0.05840945566943954,0.14377712164785117,0.0,0.0,0.0
8,fsg_length_high,26,9,0.14802329941345077,0.08788883402673639,0.060134465386714374,0.14802329941345077,0.0,0.0,0.0
8,fsg_length_high,26,10,0.13043184570672994,0.0774439083883709,0.05298793731835904,0.13043184570672994,0.0,0.0,0.0
8,fsg_length_high,26,11,0.13125558162652853,0.07793300159075131,0.053322580035777216,0.13125558162652853,0.0,0.0,0.0
8,fsg_length_high,27,8,0.14044158866995154,0.08119279344981574,0.059248795220135805,0.14044158866995154,0.0,0.0,0.0
8,fsg_length_high,27,9,0.14516235382216663,0.08392198580344008,0.06124036801872655,0.14516235382216663,0.0,0.0,0.0
8,fsg_length_high,27,10,0.12952167296656997,0.07487971718379827,0.05464195578277171,0.12952167296656997,0.0,0.0,0.0
8,fsg_length_high,27,11,0.13164109795204765,0.07610500975352755,0.0555360881985201,0.13164109795204765,0.0,0.0,0.0
8,fsg_length_high,28,8,0.1279736449742224,0.0719851752980001,0.0559884696762223,0.1279736449742224,0.0,0.0,0.0
8,fsg_length_high,28,9,0.14018285089655125,0.07885285362931008,0.06132999726724117,0.14018285089655125,0.0,0.0,0.0
8,fsg_length_high,28,10,0.12227428263612246,0.06877928398281888,0.05349499865330357,0.12227428263612246,0.0,0.0,0.0
8,fsg_length_high,28,11,0.12799758340465797,0.07199864066512011,0.055998942739537864,0.12799758340465797,0.0,0.0,0.0
8,fsg_length_high,29,8,0.1266215421606635,0.06924615586911285,0.05737538629155065,0.1266215421606635,0.0,0.0,0.0
8,fsg_length_high,29,9,0.1389673482940217,0.0759977685982931,0.06296957969572858,0.1389673482940217,0.0,0.0,0.0
8,fsg_length_high,29,10,0.12269512574865585,0.06709889689379617,0.05559622885485968,0.12269512574865585,0.0,0.0,0.0
8,fsg_length_high,29,11,0.1285991009071621,0.07032763330860427,0.05827146759855782,0.1285991009071621,0.0,0.0,0.0
8,fsg_length_high,30,8,0.1265352261105909,0.06722183887125141,0.05931338723933948,0.1265352261105909,0.0,0.0,0.0
8,fsg_length_high,30,9,0.13718311162641778,0.07287852805153444,0.06430458357488333,0.13718311162641778,0.0,0.0,0.0
8,fsg_length_high,30,10,0.12284531821769225,0.06526157530314901,0.05758374291454324,0.12284531821769225,0.0,0.0,0.0
8,fsg_length_high,30,11,0.13010537712440573,0.06911848159734055,0.06098689552706518,0.13010537712440573,0.0,0.0,0.0
8,fsg_length_high,31,8,0.12661636877652735,0.06528656515039691,0.061329803626130434,0.12661636877652735,0.0,0.0,0.0
8,fsg_length_high,31,9,0.13475545814366247,0.06948328310532596,0.0652721750383365,0.13475545814366247,0.0,0.0,0.0
8,fsg_length_high,31,10,0.12233216091009612,0.06307752046926832,0.05925464044082781,0.12233216091009612,0.0,0.0,0.0
8,fsg_length_high,31,11,0.13151966505650992,0.06781482729476293,0.06370483776174699,0.13151966505650992,0.0,0.0,0.0
8,fsg_length_high,32,8,0.1186300683268477,0.05931503416342385,0.05931503416342385,0.1186300683268477,0.0,0.0,0.0
8,fsg_length_high,32,9,0.12731906431620632,0.06365953215810316,0.06365953215810316,0.12731906431620632,0.0,0.0,0.0
8,fsg_length_high,32,10,0.13397136630836023,0.06698568315418012,0.06698568315418012,0.13397136630836023,0.0,0.0,0.0
8,fsg_length_high,32,11,0.1269517068711496,0.0634758534355748,0.0634758534355748,0.1269517068711496,0.0,0.0,0.0
8,fsg_length_high,33,8,0.11586502698936266,0.05612212244797254,0.05974290454139012,0.11586502698936266,0.0,0.0,0.0
8,fsg_length_high,33,9,0.12467297386065986,0.060388471713757115,0.06428450214690273,0.12467297386065986,0.0,0.0,0.0
8,fsg_length_high,33,10,0.11836328835433395,0.05733221779663051,0.06103107055770344,0.11836328835433395,0.0,0.0,0.0
8,fsg_length_high,33,11,0.12555548445138928,0.060815937781141687,0.0647395466702476,0.12555548445138928,0.0,0.0,0.0
8,fsg_length_high,34,8,0.11388243282137402,0.05338239038501907,0.06050004243635495,0.11388243282137402,0.0,0.0,0.0
8,fsg_length_high,34,9,0.1225993782749197,0.057468458566368605,0.06513091970855109,0.1225993782749197,0.0,0.0,0.0
8,fsg_length_high,34,10,0.11159045139207507,0.05230802409003519,0.059282427302039885,0.11159045139207507,0.0,0.0,0.0
8,fsg_length_high,34,11,0.12403327761501702,0.05814059888203923,0.06589267873297779,0.12403327761501702,0.0,0.0,0.0
8,fsg_length_high,35,8,0.11255964945630761,0.05100359115988939,0.06155605829641823,0.11255964945630761,0.0,0.0,0.0
8,fsg_length_high,35,9,0.12105852059785063,0.05485464214590107,0.06620387845194957,0.12105852059785063,0.0,0.0,0.0
8,fsg_length_high,35,10,0.10795949601487234,0.04891914663173903,0.05904034938313331,0.10795949601487234,0.0,0.0,0.0
8,fsg_length_high,35,11,0.1233722475208021,0.055903049657863454,0.06746919786293865,0.1233722475208021,0.0,0.0,0.0
8,fsg_length_high,36,8,0.10734516302529938,0.04696350882356848,0.0603816542017309,0.10734516302529938,0.0,0.0,0.0
8,fsg_length_high,36,9,0.11634103114944536,0.05089920112788234,0.06544183002156301,0.11634103114944536,0.0,0.0,0.0
8,fsg_length_high,36,10,0.10199092994904754,0.0446210318527083,0.057369898096339245,0.10199092994904754,0.0,0.0,0.0
8,fsg_length_high,36,11,0.11695610385472001,0.051168295436440005,0.06578780841828001,0.11695610385472001,0.0,0.0,0.0
8,fsg_length_high,37,8,0.10628198709858677,0.044837713307216295,0.06144427379137048,0.10628198709858677,0.0,0.0,0.0
8,fsg_length_high,37,9,0.11573964072932874,0.04882766093268556,0.06691197979664318,0.11573964072932874,0.0,0.0,0.0
8,fsg_length_high,37,10,0.10066362376331571,0.042467466275148816,0.058196157488166894,0.10066362376331571,0.0,0.0,0.0
8,fsg_length_high,37,11,0.11501781691650867,0.048523141511652094,0.06649467540485657,0.11501781691650867,0.0,0.0,0.0
8,fsg_length_high,38,8,0.10550245975685375,0.04286037427622184,0.06264208548063191,0.10550245975685375,0.0,0.0,0.0
8,fsg_length_high,38,9,0.11535056149549791,0.046861165607546024,0.06848939588795189,0.11535056149549791,0.0,0.0,0.0
8,fsg_length_high,38,10,0.09985082848765953,0.040564399073111684,0.05928642941454784,0.09985082848765953,0.0,0.0,0.0
8,fsg_length_high,38,11,0.11378661417228463,0.04622581200749063,0.067560802164794,0.11378661417228463,0.0,0.0,0.0
8,fsg_length_high,39,8,0.1048374000479976,0.04095210939374906,0.06388529065424854,0.1048374000479976,0.0,0.0,0.0
8,fsg_length_high,39,9,0.11500538504839117,0.0449239785345278,0.07008140651386337,0.11500538504839117,0.0,0.0,0.0
8,fsg_length_high,39,10,0.09932852147946096,0.03880020370291444,0.06052831777654652,0.09932852147946096,0.0,0.0,0.0
8,fsg_length_high,39,11,0.1124986090166312,0.04394476914712156,0.06855383986950964,0.1124986090166312,0.0,0.0,0.0
8,fsg_length_high,40,8,0.10134481778965956,0.03800430667112234,0.06334051111853722,0.10134481778965956,0.0,0.0,0.0
8,fsg_length_high,40,9,0.11127848982395812,0.041729433683984296,0.06954905613997382,0.11127848982395812,0.0,0.0,0.0
8,fsg_length_high,40,10,0.09965428507917784,0.03737035690469169,0.06228392817448615,0.09965428507917784,0.0,0.0,0.0
8,fsg_length_high,40,11,0.10512920834588842,0.03942345312970816,0.06570575521618026,0.10512920834588842,0.0,0.0,0.0
8,fsg_length_high,41,8,0.10052000162759248,0.036124375584916046,0.06439562604267643,0.10052000162759248,0.0,0.0,0.0
8,fsg_length_high,41,9,0.11045963417059868,0.0396964310300589,0.07076320314053977,0.11045963417059868,0.0,0.0,0.0
8,fsg_length_high,41,10,0.09603190119092582,0.03451146449048897,0.06152043670043685,0.09603190119092582,0.0,0.0,0.0
8,fsg_length_high,41,11,0.10376923554481145,0.037292069023916616,0.06647716652089483,0.10376923554481145,0.0,0.0,0.0
8,fsg_length_high,42,8,0.09955127161445765,0.03422074961746982,0.06533052199698783,0.09955127161445765,0.0,0.0,0.0
8,fsg_length_high,42,9,0.10941740519380459,0.03761223303537033,0.07180517215843427,0.10941740519380459,0.0,0.0,0.0
8,fsg_length_high,42,10,0.09354643402693258,0.032156586696758076,0.0613898473301745,0.09354643402693258,0.0,0.0,0.0
8,fsg_length_high,42,11,0.10254253711914883,0.03524899713470741,0.06729353998444142,0.10254253711914883,0.0,0.0,0.0
8,fsg_length_high,43,8,0.09841506096383809,0.032292441878759376,0.06612261908507872,0.09841506096383809,0.0,0.0,0.0
8,fsg_length_high,43,9,0.10815856180169175,0.035489528091180104,0.07266903371051164,0.10815856180169175,0.0,0.0,0.0
8,fsg_length_high,43,10,0.0916454374158437,0.030071159152073715,0.06157427826376999,0.0916454374158437,0.0,0.0,0.0
8,fsg_length_high,43,11,0.10135649229772555,0.033257599035191196,0.06809889326253435,0.10135649229772555,0.0,0.0,0.0
8,fsg_length_high,44,8,0.09469748208661168,0.029592963152066148,0.06510451893454552,0.09469748208661168,0.0,0.0,0.0
8,fsg_length_high,44,9,0.10397243368792332,0.03249138552747604,0.07148104816044729,0.10397243368792332,0.0,0.0,0.0
8,fsg_length_high,44,10,0.08533639182660624,0.02666762244581445,0.05866876938079179,0.08533639182660624,0.0,0.0,0.0
8,fsg_length_high,44,11,0.09607112320914662,0.03002222600285832,0.0660488972062883,0.09607112320914662,0.0,0.0,0.0
8,fsg_length_high,45,8,0.0932445773466427,0.02768198389978455,0.06556259344685815,0.0932445773466427,0.0,0.0,0.0
8,fsg_length_high,45,9,0.102363262829555,0.03038909365252414,0.07197416917703087,0.102363262829555,0.0,0.0,0.0
8,fsg_length_high,45,10,0.083872698784891,0.024899707451764515,0.05897299133312648,0.083872698784891,0.0,0.0,0.0
8,fsg_length_high,45,11,0.09500809899204746,0.028205529388264088,0.06680256960378336,0.09500809899204746,0.0,0.0,0.0
8,fsg_length_high,46,8,0.09161249849461212,0.025766015201609656,0.06584648329300245,0.09161249849461212,0.0,0.0,0.0
8,fsg_length_high,46,9,0.10058019582516692,0.028288180075828194,0.07229201574933872,0.10058019582516692,0.0,0.0,0.0
8,fsg_length_high,46,10,0.08246845689760239,0.023194253502450673,0.05927420339515172,0.08246845689760239,0.0,0.0,0.0
8,fsg_length_high,46,11,0.09382216652684174,0.026387484335674238,0.0674346821911675,0.09382216652684174,0.0,0.0,0.0
8,fsg_length_high,47,8,0.08978414270944583,0.02384891290719655,0.06593522980224928,0.08978414270944583,0.0,0.0,0.0
8,fsg_length_high,47,9,0.09863716515831138,0.02620049699517646,0.07243666816313492,0.09863716515831138,0.0,0.0,0.0
8,fsg_length_high,47,10,0.0810819970256029,0.02153740545992577,0.05954459156567713,0.0810819970256029,0.0,0.0,0.0
8,fsg_length_high,47,11,0.09246054442217996,0.024559832112141553,0.06790071231003841,0.09246054442217996,0.0,0.0,0.0
12,fsg_length_high,0,12,0.07791907777891355,0.07791907777891355,0.0,0.07791907777891355,0.0,0.0,0.0
12,fsg_length_high,0,13,0.11623712755569617,0.11623712755569617,0.0,0.11623712755569617,0.0,0.0,0.0
12,fsg_length_high,0,14,0.12421924755860049,0.12421924755860049,0.0,0.12421924755860049,0.0,0.0,0.0
12,fsg_length_high,0,15,0.15789155180794048,0.15789155180794048,0.0,0.15789155180794048,0.0,0.0,0.0
12,fsg_length_high,1,12,0.14967617166754152,0.14733748148523618,0.0023386901823053362,0.14967617166754152,0.0,0.0,0.0
12,fsg_length_high,1,13,0.12440480579855474,0.12246098070795232,0.0019438250906024179,0.12440480579855474,0.0,0.0,0.0
12,fsg_length_high,1,14,0.09910515091274724,0.09755663292973557,0.0015485179830116757,0.09910515091274724,0.0,0.0,0.0
12,fsg_length_high,1,15,0.1476302981011786,0.14532357469334767,0.0023067234078309154,0.1476302981011786,0.0,0.0,0.0
12,fsg_length_high,2,12,0.27645295826434807,0.2678138033185872,0.008639154945760877,0.27645295826434807,0.0,0.0,0.0
12,fsg_length_high,2,13,0.12829018274448226,0.12428111453371718,0.0040090682107650705,0.12829018274448226,0.0,0.0,0.0
12,fsg_length_high,2,14,0.08250253563909292,0.07992433140037127,0.0025782042387216537,0.08250253563909292,0.0,0.0,0.0
12,fsg_length_high,2,15,0.1380707099308718,0.13375600024553205,0.004314709685339744,0.1380707099308718,0.0,0.0,0.0
12,fsg_length_high,3,12,0.19655595708849674,0.18734239659997345,0.009213560488523285,0.19655595708849674,0.0,0.0,0.0
12,fsg_length_high,3,13,0.13664118791531768,0.13023613223178718,0.006405055683530517,0.13664118791531768,0.0,0.0,0.0
12,fsg_length_high,3,14,0.09550236833491604,0.09102569481921685,0.0044766735156991895,0.09550236833491604,0.0,0.0,0.0
12,fsg_length_high,3,15,0.13306480011254507,0.12682738760726953,0.00623741250527555,0.13306480011254507,0.0,0.0,0.0
12,fsg_length_high,4,12,0.22458736763179984,0.21055065715481236,0.01403671047698749,0.22458736763179984,0.0,0.0,0.0
12,fsg_length_high,4,13,0.19760680848005174,0.1852563829500485,0.012350425530003234,0.19760680848005174,0.0,0.0,0.0
12,fsg_length_high,4,14,0.08069128478283483,0.07564807948390764,0.005043205298927177,0.08069128478283483,0.0,0.0,0.0
12,fsg_length_high,4,15,0.10056768020720985,0.09428220019425923,0.006285480012950616,0.10056768020720985,0.0,0.0,0.0
12,fsg_length_high,5,12,0.22781596251984088,0.2100178404479783,0.017798122071862568,0.22781596251984088,0.0,0.0,0.0
12,fsg_length_high,5,13,0.1905796751467069,0.17569063802587043,0.014889037120836477,0.1905796751467069,0.0,0.0,0.0
12,fsg_length_high,5,14,0.07672996360942733,0.07073543520244081,0.005994528406986509,0.07672996360942733,0.0,0.0,0.0
12,fsg_length_high,5,15,0.08458943608165022,0.0779808863877713,0.006608549693878923,0.08458943608165022,0.0,0.0,0.0
12,fsg_length_high,6,12,0.21051381581504702,0.19077814558238637,0.01973567023266066,0.21051381581504702,0.0,0.0,0.0
12,fsg_length_high,6,13,0.16804428778847397,0.15229013580830453,0.015754151980169433,0.16804428778847397,0.0,0.0,0.0
12,fsg_length_high,6,14,0.07120971549332661,0.06453380466582724,0.0066759108274993696,0.07120971549332661,0.0,0.0,0.0
12,fsg_length_high,6,15,0.07473961964613463,0.0677327803043095,0.007006839341825121,0.07473961964613463,0.0,0.0,0.0
12,fsg_length_high,7,12,0.17669298854413915,0.15736719292212392,0.01932579562201522,0.17669298854413915,0.0,0.0,0.0
12,fsg_length_high,7,13,0.13575699228803637,0.12090857125653239,0.014848421031503977,0.13575699228803637,0.0,0.0,0.0
12,fsg_length_high,7,14,0.06510193879663558,0.05798141424075356,0.007120524555882016,0.06510193879663558,0.0,0.0,0.0
12,fsg_length_high,7,15,0.06950615144461894,0.061903916130363744,0.007602235314255197,0.06950615144461894,0.0,0.0,0.0
12,fsg_length_high,8,12,0.11331137984929253,0.09914745736813096,0.014163922481161566,0.11331137984929253,0.0,0.0,0.0
12,fsg_length_high,8,13,0.09476174751398517,0.08291652907473702,0.011845218439248146,0.09476174751398517,0.0,0.0,0.0
12,fsg_length_high,8,14,0.0736103763663841,0.06440907932058608,0.009201297045798012,0.0736103763663841,0.0,0.0,0.0
12,fsg_length_high,8,15,0.062085540855964905,0.05432484824896929,0.007760692606995613,0.062085540855964905,0.0,0.0,0.0
12,fsg_length_high,9,12,0.11073269895041668,0.09516091316051434,0.015571785789902346,0.11073269895041668,0.0,0.0,0.0
12,fsg_length_high,9,13,0.08988544748770927,0.07724530643475015,0.012640141052959117,0.08988544748770927,0.0,0.0,0.0
12,fsg_length_high,9,14,0.0836889126206371,0.07192015928336001,0.011768753337277092,0.0836889126206371,0.0,0.0,0.0
12,fsg_length_high,9,15,0.06196212980030848,0.0532487052971401,0.00871342450316838,0.06196212980030848,0.0,0.0,0.0
12,fsg_length_high,10,12,0.1069915164329037,0.0902740919902625,0.016717424442641203,0.1069915164329037,0.0,0.0,0.0
12,fsg_length_high,10,13,0.08877332983347941,0.07490249704699825,0.013870832786481158,0.08877332983347941,0.0,0.0,0.0
12,fsg_length_high,10,14,0.09343127270186517,0.07883263634219874,0.014598636359666434,0.09343127270186517,0.0,0.0,0.0
12,fsg_length_high,10,15,0.06254206680767584,0.052769868868976486,0.009772197938699349,0.06254206680767584,0.0,0.0,0.0
12,fsg_length_high,11,12,0.1027902351540381,0.0851231634869378,0.017667071667100298,0.1027902351540381,0.0,0.0,0.0
12,fsg_length_high,11,13,0.08452521467518875,0.06999744340289069,0.014527771272298068,0.08452521467518875,0.0,0.0,0.0
12,fsg_length_high,11,14,0.10022325426466326,0.08299738243792426,0.017225871826738997,0.10022325426466326,0.0,0.0,0.0
12,fsg_length_high,11,15,0.06376633165571845,0.05280649340239184,0.010959838253326607,0.06376633165571845,0.0,0.0,0.0
12,fsg_length_high,12,12,0.0917432868608035,0.07454142057440284,0.017201866286400656,0.0917432868608035,0.0,0.0,0.0
12,fsg_length_high,12,13,0.06964526319057691,0.05658677634234374,0.013058486848233172,0.06964526319057691,0.0,0.0,0.0
12,fsg_length_high,12,14,0.10734692839025595,0.08721937931708296,0.02012754907317299,0.10734692839025595,0.0,0.0,0.0
12,fsg_length_high,12,15,0.0678303893396203,0.05511219133844149,0.012718198001178805,0.0678303893396203,0.0,0.0,0.0
12,fsg_length_high,13,12,0.09605524343076602,0.07654402210889168,0.01951122132187435,0.09605524343076602,0.0,0.0,0.0
12,fsg_length_high,13,13,0.07084860225126348,0.05645747991897559,0.014391122332287894,0.07084860225126348,0.0,0.0,0.0
12,fsg_length_high,13,14,0.12023819474216549,0.09581481143516313,0.024423383307002364,0.12023819474216549,0.0,0.0,0.0
12,fsg_length_high,13,15,0.07342462709036238,0.058510249712632516,0.014914377377729857,0.07342462709036238,0.0,0.0,0.0
12,fsg_length_high,14,12,0.09984654210417031,0.07800511101888305,0.021841431085287254,0.09984654210417031,0.0,0.0,0.0
12,fsg_length_high,14,13,0.07514185412989882,0.05870457353898345,0.016437280590915367,0.07514185412989882,0.0,0.0,0.0
12,fsg_length_high,14,14,0.1246436829452414,0.09737787730096985,0.027265805644271557,0.1246436829452414,0.0,0.0,0.0
12,fsg_length_high,14,15,0.08402582212507076,0.06564517353521153,0.01838064858985923,0.08402582212507076,0.0,0.0,0.0
12,fsg_length_high,15,12,0.10274357938163371,0.07866305296406331,0.0240805264175704,0.10274357938163371,0.0,0.0,0.0
12,fsg_length_high,15,13,0.08096934071611314,0.061992151485774125,0.018977189230339017,0.08096934071611314,0.0,0.0,0.0
12,fsg_length_high,15,14,0.12738181015558944,0.09752669840037316,0.029855111755216275,0.12738181015558944,0.0,0.0,0.0
12,fsg_length_high,15,15,0.09886421544051419,0.07569291494664368,0.023171300493870513,0.09886421544051419,0.0,0.0,0.0
12,fsg_length_high,16,12,0.10428209050761737,0.07821156788071303,0.026070522626904343,0.10428209050761737,0.0,0.0,0.0
12,fsg_length_high,16,13,0.0850659089063134,0.06379943167973505,0.02126647722657835,0.0850659089063134,0.0,0.0,0.0
12,fsg_length_high,16,14,0.1340109221514042,0.10050819161355315,0.03350273053785105,0.1340109221514042,0.0,0.0,0.0
12,fsg_length_high,16,15,0.1031121871367623,0.07733414035257173,0.025778046784190576,0.1031121871367623,0.0,0.0,0.0
12,fsg_length_high,17,12,0.11017831922470504,0.08091220318064277,0.029266116044062276,0.11017831922470504,0.0,0.0,0.0
12,fsg_length_high,17,13,0.0927834105746065,0.06813781714072664,0.024645593433879853,0.0927834105746065,0.0,0.0,0.0
12,fsg_length_high,17,14,0.13590071687177657,0.09980208895271092,0.03609862791906565,0.13590071687177657,0.0,0.0,0.0
12,fsg_length_high,17,15,0.10850239964512445,0.07968144973938827,0.028820949905736182,0.10850239964512445,0.0,0.0,0.0
12,fsg_length_high,18,12,0.11696816357192544,0.0840708675673214,0.03289729600460403,0.11696816357192544,0.0,0.0,0.0
12,fsg_length_high,18,13,0.10165606965341475,0.07306530006339186,0.0285907695900229,0.10165606965341475,0.0,0.0,0.0
12,fsg_length_high,18,14,0.13771131282952562,0.09898000609622154,0.03873130673330408,0.13771131282952562,0.0,0.0,0.0
12,fsg_length_high,18,15,0.11415141419074673,0.0820463289495992,0.03210508524114752,0.11415141419074673,0.0,0.0,0.0
12,fsg_length_high,19,12,0.1223028741866286,0.08599420841247322,0.03630866577415536,0.1223028741866286,0.0,0.0,0.0
12,fsg_length_high,19,13,0.11098889563907954,0.0780390672462278,0.03294982839285174,0.11098889563907954,0.0,0.0,0.0
12,fsg_length_high,19,14,0.13978792487271852,0.09828838467613021,0.04149954019658831,0.13978792487271852,0.0,0.0,0.0
12,fsg_length_high,19,15,0.11249969135722107,0.07910134548554607,0.033398345871675006,0.11249969135722107,0.0,0.0,0.0
12,fsg_length_high,20,12,0.11496430464606504,0.07903795944416972,0.035926345201895325,0.11496430464606504,0.0,0.0,0.0
12,fsg_length_high,20,13,0.11197793549249635,0.07698483065109124,0.03499310484140511,0.11197793549249635,0.0,0.0,0.0
12,fsg_length_high,20,14,0.13111463432115733,0.09014131109579566,0.040973323225361666,0.13111463432115733,0.0,0.0,0.0
12,fsg_length_high,20,15,0.11923495480550758,0.08197403142878647,0.03726092337672112,0.11923495480550758,0.0,0.0,0.0
12,fsg_length_high,21,12,0.11668624515374526,0.0783985709626726,0.038287674191072665,0.11668624515374526,0.0,0.0,0.0
12,fsg_length_high,21,13,0.11323237363365841,0.07607800103511425,0.03715437259854417,0.11323237363365841,0.0,0.0,0.0
12,fsg_length_high,21,14,0.1279989952149169,0.08599932491002228,0.041999670304894605,0.1279989952149169,0.0,0.0,0.0
12,fsg_length_high,21,15,0.130047989182994,0.0873759927323241,0.04267199645066991,0.130047989182994,0.0,0.0,0.0
12,fsg_length_high,22,12,0.1168357450523526,0.07667345769060639,0.04016228736174621,0.1168357450523526,0.0,0.0,0.0
12,fsg_length_high,22,13,0.11534784319329779,0.07569702209560167,0.03965082109769611,0.11534784319329779,0.0,0.0,0.0
12,fsg_length_high,22,14,0.12436723460975671,0.08161599771265284,0.04275123689710387,0.12436723460975671,0.0,0.0,0.0
12,fsg_length_high,22,15,0.14059014191913582,0.09226228063443288,0.04832786128470294,0.14059014191913582,0.0,0.0,0.0
12,fsg_length_high,23,12,0.11675191267911449,0.07479419406005772,0.04195771861905677,0.11675191267911449,0.0,0.0,0.0
12,fsg_length_high,23,13,0.11826781655508582,0.07576531998060186,0.04250249657448397,0.11826781655508582,0.0,0.0,0.0
12,fsg_length_high,23,14,0.12049631928315634,0.07719295454077203,0.04330336474238431,0.12049631928315634,0.0,0.0,0.0
12,fsg_length_high,23,15,0.14503711062361477,0.09291439899325321,0.05212271163036156,0.14503711062361477,0.0,0.0,0.0
12,fsg_length_high,24,12,0.10683974352061429,0.06677483970038393,0.040064903820230355,0.10683974352061429,0.0,0.0,0.0
12,fsg_length_high,24,13,0.11914609146578727,0.07446630716611705,0.044679784299670226,0.11914609146578727,0.0,0.0,0.0
12,fsg_length_high,24,14,0.10995784541303247,0.06872365338314529,0.04123419202988718,0.10995784541303247,0.0,0.0,0.0
12,fsg_length_high,24,15,0.1268744021949956,0.07929650137187225,0.047577900823123354,0.1268744021949956,0.0,0.0,0.0
12,fsg_length_high,25,12,0.10286356305580735,0.0626824837371326,0.04018107931867475,0.10286356305580735,0.0,0.0,0.0
12,fsg_length_high,25,13,0.12003949503588943,0.07314906728749512,0.04689042774839431,0.12003949503588943,0.0,0.0,0.0
12,fsg_length_high,25,14,0.10688892079250019,0.06513543610792981,0.04175348468457039,0.10688892079250019,0.0,0.0,0.0
12,fsg_length_high,25,15,0.13137955163138576,0.0800594142753757,0.051320137356010063,0.13137955163138576,0.0,0.0,0.0
12,fsg_length_high,26,12,0.0997858071554687,0.05924782299855954,0.04053798415690916,0.0997858071554687,0.0,0.0,0.0
12,fsg_length_high,26,13,0.12044720895555167,0.0715155303173588,0.048931678638192866,0.12044720895555167,0.0,0.0,0.0
12,fsg_length_high,26,14,0.10418072843272248,0.06185730750692897,0.04232342092579351,0.10418072843272248,0.0,0.0,0.0
12,fsg_length_high,26,15,0.13644256403595204,0.08101277239634652,0.055429791639605513,0.13644256403595204,0.0,0.0,0.0
12,fsg_length_high,27,12,0.09731555819671395,0.05626055708247525,0.041055001114238696,0.09731555819671395,0.0,0.0,0.0
12,fsg_length_high,27,13,0.12083837881034393,0.06985968774973009,0.05097869106061385,0.12083837881034393,0.0,0.0,0.0
12,fsg_length_high,27,14,0.10238831235435505,0.05919324307986151,0.04319506927449354,0.10238831235435505,0.0,0.0,0.0
12,fsg_length_high,27,15,0.14122823704980475,0.08164757454441837,0.05958066250538638,0.14122823704980475,0.0,0.0,0.0
12,fsg_length_high,28,12,0.09040890270340629,0.05085500777066604,0.03955389493274025,0.09040890270340629,0.0,0.0,0.0
12,fsg_length_high,28,13,0.11895617461859105,0.06691284822295747,0.05204332639563358,0.11895617461859105,0.0,0.0,0.0
12,fsg_length_high,28,14,0.09768391620574375,0.05494720286573086,0.04273671334001289,0.09768391620574375,0.0,0.0,0.0
12,fsg_length_high,28,15,0.1549038915276572,0.08713343898430718,0.06777045254335003,0.1549038915276572,0.0,0.0,0.0
12,fsg_length_high,29,12,0.09021674313286113,0.04933728140078343,0.040879461732077696,0.09021674313286113,0.0,0.0,0.0
12,fsg_length_high,29,13,0.11684387326541215,0.06389899319202227,0.052944880073389884,0.11684387326541215,0.0,0.0,0.0
12,fsg_length_high,29,14,0.09642284574212732,0.05273124376522588,0.043691601976901445,0.09642284574212732,0.0,0.0,0.0
12,fsg_length_high,29,15,0.15717063276352952,0.0859526897925552,0.07121794297097432,0.15717063276352952,0.0,0.0,0.0
12,fsg_length_high,30,12,0.08966891918365083,0.047636613316314504,0.04203230586733633,0.08966891918365083,0.0,0.0,0.0
12,fsg_length_high,30,13,0.11265815105356636,0.059849642747207124,0.052808508306359234,0.11265815105356636,0.0,0.0,0.0
12,fsg_length_high,30,14,0.09578565141376352,0.050886127313561874,0.04489952410020165,0.09578565141376352,0.0,0.0,0.0
12,fsg_length_high,30,15,0.15526562347498146,0.0824848624710839,0.07278076100389756,0.15526562347498146,0.0,0.0,0.0
12,fsg_length_high,31,12,0.08866198461074196,0.04571633581491382,0.042945648795828135,0.08866198461074196,0.0,0.0,0.0
12,fsg_length_high,31,13,0.10772993993558214,0.05554825027928454,0.052181689656297596,0.10772993993558214,0.0,0.0,0.0
12,fsg_length_high,31,14,0.09565075010396953,0.04931991802235929,0.04633083208161024,0.09565075010396953,0.0,0.0,0.0
12,fsg_length_high,31,15,0.14810506928295034,0.07636667634902126,0.07173839293392907,0.14810506928295034,0.0,0.0,0.0
12,fsg_length_high,32,12,0.07934702206505953,0.039673511032529765,0.039673511032529765,0.07934702206505953,0.0,0.0,0.0
12,fsg_length_high,32,13,0.09805906314715934,0.04902953157357967,0.04902953157357967,0.09805906314715934,0.0,0.0,0.0
12,fsg_length_high,32,14,0.09355426502481323,0.046777132512406616,0.046777132512406616,0.09355426502481323,0.0,0.0,0.0
12,fsg_length_high,32,15,0.14519262600718993,0.07259631300359497,0.07259631300359497,0.14519262600718993,0.0,0.0,0.0
12,fsg_length_high,33,12,0.07997677149648191,0.038738748693608424,0.04123802280287349,0.07997677149648191,0.0,0.0,0.0
12,fsg_length_high,33,13,0.09558935759295345,0.04630109508408683,0.04928826250886662,0.09558935759295345,0.0,0.0,0.0
12,fsg_length_high,33,14,0.09312343310120325,0.04510666290839532,0.04801677019280792,0.09312343310120325,0.0,0.0,0.0
12,fsg_length_high,33,15,0.1438705280489037,0.06968728702368773,0.07418324102521598,0.1438705280489037,0.0,0.0,0.0
12,fsg_length_high,34,12,0.08114793653596077,0.038038095251231606,0.04310984128472916,0.08114793653596077,0.0,0.0,0.0
12,fsg_length_high,34,13,0.0933280274665738,0.04374751287495647,0.04958051459161733,0.0933280274665738,0.0,0.0,0.0
12,fsg_length_high,34,14,0.09271217274300819,0.04345883097328509,0.049253341769723104,0.09271217274300819,0.0,0.0,0.0
12,fsg_length_high,34,15,0.14153937831480998,0.06634658358506718,0.0751927947297428,0.14153937831480998,0.0,0.0,0.0
12,fsg_length_high,35,12,0.08223169073859403,0.03726123486592542,0.04497045587266861,0.08223169073859403,0.0,0.0,0.0
12,fsg_length_high,35,13,0.09109041519890891,0.0412753443870056,0.04981507081190331,0.09109041519890891,0.0,0.0,0.0
12,fsg_length_high,35,14,0.09239977274918904,0.041868647026976284,0.05053112572221275,0.09239977274918904,0.0,0.0,0.0
12,fsg_length_high,35,15,0.13701115650473536,0.06208318029120821,0.07492797621352715,0.13701115650473536,0.0,0.0,0.0
12,fsg_length_high,36,12,0.07407207583573491,0.03240653317813402,0.04166554265760089,0.07407207583573491,0.0,0.0,0.0
12,fsg_length_high,36,13,0.08559212316230366,0.03744655388350785,0.04814556927879581,0.08559212316230366,0.0,0.0,0.0
12,fsg_length_high,36,14,0.09061634302617175,0.03964465007395014,0.050971692952221606,0.09061634302617175,0.0,0.0,0.0
12,fsg_length_high,36,15,0.12536575547266632,0.05484751801929151,0.07051823745337481,0.12536575547266632,0.0,0.0,0.0
12,fsg_length_high,37,12,0.07169663944630318,0.030247019766409155,0.04144961967989403,0.07169663944630318,0.0,0.0,0.0
12,fsg_length_high,37,13,0.08325709129953732,0.035124085391992306,0.04813300590754501,0.08325709129953732,0.0,0.0,0.0
12,fsg_length_high,37,14,0.09004924399132365,0.037989524808839666,0.052059719182483984,0.09004924399132365,0.0,0.0,0.0
12,fsg_length_high,37,15,0.1220949628558808,0.051508812454824714,0.07058615040105609,0.1220949628558808,0.0,0.0,0.0
12,fsg_length_high,38,12,0.06921427007404596,0.02811829721758117,0.04109597285646479,0.06921427007404596,0.0,0.0,0.0
12,fsg_length_high,38,13,0.08120178864068422,0.032988226635277965,0.04821356200540626,0.08120178864068422,0.0,0.0,0.0
12,fsg_length_high,38,14,0.08925760660303694,0.03626090268248376,0.05299670392055318,0.08925760660303694,0.0,0.0,0.0
12,fsg_length_high,38,15,0.12018120527138906,0.048823614641501804,0.07135759062988725,0.12018120527138906,0.0,0.0,0.0
12,fsg_length_high,39,12,0.0670702770406672,0.026199326969010627,0.04087095007165658,0.0670702770406672,0.0,0.0,0.0
12,fsg_length_high,39,13,0.07943456714729762,0.031029127791913132,0.04840543935538449,0.07943456714729762,0.0,0.0,0.0
12,fsg_length_high,39,14,0.08823048576648229,0.03446503350253215,0.053765452263950145,0.08823048576648229,0.0,0.0,0.0
12,fsg_length_high,39,15,0.1191139126047574,0.04652887211123336,0.07258504049352404,0.1191139126047574,0.0,0.0,0.0
12,fsg_length_high,40,12,0.06330113245690873,0.023737924671340775,0.039563207785567954,0.06330113245690873,0.0,0.0,0.0
12,fsg_length_high,40,13,0.07559495380607012,0.028348107677276295,0.047246846128793825,0.07559495380607012,0.0,0.0,0.0
12,fsg_length_high,40,14,0.08492097947247897,0.031845367302179614,0.05307561217029935,0.08492097947247897,0.0,0.0,0.0
12,fsg_length_high,40,15,0.11624284075994079,0.0435910652849778,0.07265177547496299,0.11624284075994079,0.0,0.0,0.0
12,fsg_length_high,41,12,0.062186560054757534,0.02234829501967849,0.03983826503507905,0.062186560054757534,0.0,0.0,0.0
12,fsg_length_high,41,13,0.0743359823998837,0.026714493674958206,0.0476214887249255,0.0743359823998837,0.0,0.0,0.0
12,fsg_length_high,41,14,0.08405597725997237,0.03020761682780257,0.0538483604321698,0.08405597725997237,0.0,0.0,0.0
12,fsg_length_high,41,15,0.11536439936015327,0.041459081020055084,0.0739053183400982,0.11536439936015327,0.0,0.0,0.0
12,fsg_length_high,42,12,0.0612141016652429,0.021042347447427247,0.04017175421781565,0.0612141016652429,0.0,0.0,0.0
12,fsg_length_high,42,13,0.07324832273753665,0.02517911094102822,0.04806921179650842,0.07324832273753665,0.0,0.0,0.0
12,fsg_length_high,42,14,0.08329792812824101,0.028633662794082845,0.05466426533415816,0.08329792812824101,0.0,0.0,0.0
12,fsg_length_high,42,15,0.11448442801735785,0.03935402213096676,0.07513040588639108,0.11448442801735785,0.0,0.0,0.0
12,fsg_length_high,43,12,0.060197017530672164,0.019752146377251804,0.04044487115342036,0.060197017530672164,0.0,0.0,0.0
12,fsg_length_high,43,13,0.07232319166163721,0.023731047263974712,0.048592144397662504,0.07232319166163721,0.0,0.0,0.0
12,fsg_length_high,43,14,0.08260954854105411,0.02710625811503338,0.05550329042602073,0.08260954854105411,0.0,0.0,0.0
12,fsg_length_high,43,15,0.11356053142323085,0.03726204937324762,0.07629848204998323,0.11356053142323085,0.0,0.0,0.0
12,fsg_length_high,44,12,0.05786514873595676,0.018082858979986488,0.03978228975597027,0.05786514873595676,0.0,0.0,0.0
12,fsg_length_high,44,13,0.0701733629292147,0.021929175915379594,0.0482441870138351,0.0701733629292147,0.0,0.0,0.0
12,fsg_length_high,44,14,0.08008689564487953,0.025027154889024853,0.05505974075585468,0.08008689564487953,0.0,0.0,0.0
12,fsg_length_high,44,15,0.10845473770062132,0.033892105531444165,0.07456263216917716,0.10845473770062132,0.0,0.0,0.0
12,fsg_length_high,45,12,0.057199738226458595,0.016981172285979895,0.0402185659404787,0.057199738226458595,0.0,0.0,0.0
12,fsg_length_high,45,13,0.06951501201426424,0.020637269191734697,0.048877742822529546,0.06951501201426424,0.0,0.0,0.0
12,fsg_length_high,45,14,0.07942192299597035,0.0235783833894287,0.055843539606541655,0.07942192299597035,0.0,0.0,0.0
12,fsg_length_high,45,15,0.1062840364903899,0.0315530733330845,0.07473096315730539,0.1062840364903899,0.0,0.0,0.0
12,fsg_length_high,46,12,0.05658325371098231,0.015914040106213775,0.040669213604768537,0.05658325371098231,0.0,0.0,0.0
12,fsg_length_high,46,13,0.06892869282644828,0.01938619485743858,0.049542497969009704,0.06892869282644828,0.0,0.0,0.0
12,fsg_length_high,46,14,0.07868838200366998,0.022131107438532183,0.0565572745651378,0.07868838200366998,0.0,0.0,0.0
12,fsg_length_high,46,15,0.10403641256206683,0.029260241033081297,0.07477617152898554,0.10403641256206683,0.0,0.0,0.0
12,fsg_length_high,47,12,0.05594197052018192,0.014859585919423322,0.041082384600758595,0.05594197052018192,0.0,0.0,0.0
12,fsg_length_high,47,13,0.06839641430018549,0.01816779754848677,0.05022861675169872,0.06839641430018549,0.0,0.0,0.0
12,fsg_length_high,47,14,0.07783456220125702,0.020674805584708897,0.057159756616548124,0.07783456220125702,0.0,0.0,0.0
12,fsg_length_high,47,15,0.10161233554080613,0.02699077662802663,0.07462155891277951,0.10161233554080613,0.0,0.0,0.0
0,fsg_debiased_high,0,0,0.15009053884089615,0.15009053884089615,0.0,0.15009053884089615,0.0,0.0,0.0
0,fsg_debiased_high,0,1,0.18363204931763383,0.18363204931763383,0.0,0.18363204931763383,0.0,0.0,0.0
0,fsg_debiased_high,0,2,0.08779692740758475,0.08779692740758475,0.0,0.08779692740758475,0.0,0.0,0.0
0,fsg_debiased_high,0,3,0.1629865440399483,0.1629865440399483,0.0,0.1629865440399483,0.0,0.0,0.0
0,fsg_debiased_high,1,0,0.1458051742477512,0.14352696840013007,0.0022782058476211123,0.1458051742477512,0.0,0.0,0.0
0,fsg_debiased_high,1,1,0.20996287956047383,0.20668220956734143,0.0032806699931324035,0.20996287956047383,0.0,0.0,0.0
0,fsg_debiased_high,1,2,0.08698102889403862,0.08562195031756926,0.0013590785764693535,0.08698102889403862,0.0,0.0,0.0
0,fsg_debiased_high,1,3,0.1711251580629576,0.1684513274682239,0.0026738305947337127,0.1711251580629576,0.0,0.0,0.0
0,fsg_debiased_high,2,0,0.13291425019893538,0.12876067988021864,0.004153570318716731,0.13291425019893538,0.0,0.0,0.0
0,fsg_debiased_high,2,1,0.2480180275721818,0.24026746421055112,0.007750563361630681,0.2480180275721818,0.0,0.0,0.0
0,fsg_debiased_high,2,2,0.087156587515728,0.0844329441558615,0.0027236433598665,0.087156587515728,0.0,0.0,0.0
0,fsg_debiased_high,2,3,0.16273277291133775,0.15764737375785845,0.005085399153479305,0.16273277291133775,0.0,0.0,0.0
0,fsg_debiased_high,3,0,0.113392032216781,0.10807678070661939,0.005315251510161609,0.113392032216781,0.0,0.0,0.0
0,fsg_debiased_high,3,1,0.20602623900016814,0.19636875904703527,0.009657479953132882,0.20602623900016814,0.0,0.0,0.0
0,fsg_debiased_high,3,2,0.08955290194226968,0.0853551096637258,0.004197792278543892,0.08955290194226968,0.0,0.0,0.0
0,fsg_debiased_high,3,3,0.12459602100325902,0.11875558251873125,0.005840438484527767,0.12459602100325902,0.0,0.0,0.0
0,fsg_debiased_high,4,0,0.07486574105543084,0.07018663223946642,0.0046791088159644275,0.07486574105543084,0.0,0.0,0.0
0,fsg_debiased_high,4,1,0.06571389689827753,0.06160677834213518,0.004107118556142346,0.06571389689827753,0.0,0.0,0.0
0,fsg_debiased_high,4,2,0.07638834709179311,0.07161407539855603,0.004774271693237069,0.07638834709179311,0.0,0.0,0.0
0,fsg_debiased_high,4,3,0.08450733503875972,0.07922562659883724,0.0052817084399224825,0.08450733503875972,0.0,0.0,0.0
0,fsg_debiased_high,5,0,0.06046371019342749,0.05573998283456597,0.004723727358861523,0.06046371019342749,0.0,0.0,0.0
0,fsg_debiased_high,5,1,0.04690515665417278,0.043240691290565535,0.0036644653636072485,0.04690515665417278,0.0,0.0,0.0
0,fsg_debiased_high,5,2,0.06609508075502481,0.0609314025710385,0.005163678183986313,0.06609508075502481,0.0,0.0,0.0
0,fsg_debiased_high,5,3,0.07858387984045215,0.07244451422791683,0.006139365612535324,0.07858387984045215,0.0,0.0,0.0
0,fsg_debiased_high,6,0,0.05382240844574723,0.04877655765395843,0.005045850791788803,0.05382240844574723,0.0,0.0,0.0
0,fsg_debiased_high,6,1,0.055347543750172104,0.05015871152359347,0.005188832226578635,0.055347543750172104,0.0,0.0,0.0
0,fsg_debiased_high,6,2,0.06057146811237415,0.054892892976839074,0.005678575135535076,0.06057146811237415,0.0,0.0,0.0
0,fsg_debiased_high,6,3,0.07706716577418625,0.06984211898285629,0.0072250467913299605,0.07706716577418625,0.0,0.0,0.0
0,fsg_debiased_high,7,0,0.05208000428761329,0.04638375381865558,0.005696250468957703,0.05208000428761329,0.0,0.0,0.0
0,fsg_debiased_high,7,1,0.0678880797413525,0.060462821019642066,0.00742525872171043,0.0678880797413525,0.0,0.0,0.0
0,fsg_debiased_high,7,2,0.05991838782874019,0.053364814159971734,0.006553573668768458,0.05991838782874019,0.0,0.0,0.0
0,fsg_debiased_high,7,3,0.07838873088153454,0.0698149634413667,0.008573767440167841,0.07838873088153454,0.0,0.0,0.0
0,fsg_debiased_high,8,0,0.052567400639109856,0.04599647555922112,0.006570925079888732,0.052567400639109856,0.0,0.0,0.0
0,fsg_debiased_high,8,1,0.08780892000801736,0.0768328050070152,0.01097611500100217,0.08780892000801736,0.0,0.0,0.0
0,fsg_debiased_high,8,2,0.06716008513274417,0.05876507449115115,0.008395010641593021,0.06716008513274417,0.0,0.0,0.0
0,fsg_debiased_high,8,3,0.09567139423422259,0.08371246995494477,0.011958924279277824,0.09567139423422259,0.0,0.0,0.0
0,fsg_debiased_high,9,0,0.054271692849050444,0.04663973604215273,0.007631956806897718,0.054271692849050444,0.0,0.0,0.0
0,fsg_debiased_high,9,1,0.11708617071777387,0.10062092796058691,0.01646524275718695,0.11708617071777387,0.0,0.0,0.0
0,fsg_debiased_high,9,2,0.07814656162980506,0.06715720140061372,0.010989360229191336,0.07814656162980506,0.0,0.0,0.0
0,fsg_debiased_high,9,3,0.13167886066235843,0.11316152088171427,0.018517339780644154,0.13167886066235843,0.0,0.0,0.0
0,fsg_debiased_high,10,0,0.05559593286224648,0.04690906835252047,0.008686864509726014,0.05559593286224648,0.0,0.0,0.0
0,fsg_debiased_high,10,1,0.15697268486731805,0.1324457028567996,0.024526982010518446,0.15697268486731805,0.0,0.0,0.0
0,fsg_debiased_high,10,2,0.09433604355311566,0.07959603674794134,0.014740006805174321,0.09433604355311566,0.0,0.0,0.0
0,fsg_debiased_high,10,3,0.17637833376869658,0.14881921911733773,0.02755911465135884,0.17637833376869658,0.0,0.0,0.0
0,fsg_debiased_high,11,0,0.057007801537635835,0.047209585648354674,0.00979821588928116,0.057007801537635835,0.0,0.0,0.0
0,fsg_debiased_high,11,1,0.181790957058073,0.1505456363137167,0.031245320744356295,0.181790957058073,0.0,0.0,0.0
0,fsg_debiased_high,11,2,0.11440206474038071,0.09473920986312778,0.019662854877252934,0.11440206474038071,0.0,0.0,0.0
0,fsg_debiased_high,11,3,0.18673331397194212,0.15463852563301456,0.03209478833892755,0.18673331397194212,0.0,0.0,0.0
0,fsg_debiased_high,12,0,0.06293758765754286,0.05113678997175357,0.011800797685789285,0.06293758765754286,0.0,0.0,0.0
0,fsg_debiased_high,12,1,0.173579230047805,0.14103312441384158,0.03254610563396344,0.173579230047805,0.0,0.0,0.0
0,fsg_debiased_high,12,2,0.11731626415998525,0.09531946462998801,0.021996799529997235,0.11731626415998525,0.0,0.0,0.0
0,fsg_debiased_high,12,3,0.14158509742252673,0.11503789165580297,0.02654720576672376,0.14158509742252673,0.0,0.0,0.0
0,fsg_debiased_high,13,0,0.06726689190819185,0.05360330448934038,0.013663587418851469,0.06726689190819185,0.0,0.0,0.0
0,fsg_debiased_high,13,1,0.1751197950658879,0.13954858669312942,0.03557120837275848,0.1751197950658879,0.0,0.0,0.0
0,fsg_debiased_high,13,2,0.12533934248030226,0.09987978853899086,0.025459553941311396,0.12533934248030226,0.0,0.0,0.0
0,fsg_debiased_high,13,3,0.13647829309295462,0.10875613980844821,0.027722153284506407,0.13647829309295462,0.0,0.0,0.0
0,fsg_debiased_high,14,0,0.07265281722981605,0.05676001346079379,0.01589280376902226,0.07265281722981605,0.0,0.0,0.0
0,fsg_debiased_high,14,1,0.17988175395662645,0.1405326202786144,0.03934913367801204,0.17988175395662645,0.0,0.0,0.0
0,fsg_debiased_high,14,2,0.13477206811950468,0.10529067821836303,0.029481389901141648,0.13477206811950468,0.0,0.0,0.0
0,fsg_debiased_high,14,3,0.13546897765801907,0.1058351387953274,0.02963383886269167,0.13546897765801907,0.0,0.0,0.0
0,fsg_debiased_high,15,0,0.0792114166890019,0.060646240902517086,0.01856517578648482,0.0792114166890019,0.0,0.0,0.0
0,fsg_debiased_high,15,1,0.1804714728233869,0.1381734713804056,0.042298001442981306,0.1804714728233869,0.0,0.0,0.0
0,fsg_debiased_high,15,2,0.14293946919739414,0.10943803110425489,0.033501438093139255,0.14293946919739414,0.0,0.0,0.0
0,fsg_debiased_high,15,3,0.140328703342038,0.10743916349624785,0.032889539845790156,0.140328703342038,0.0,0.0,0.0
0,fsg_debiased_high,16,0,0.09078978520432267,0.068092338903242,0.022697446301080667,0.09078978520432267,0.0,0.0,0.0
0,fsg_debiased_high,16,1,0.16335610245957397,0.12251707684468047,0.04083902561489349,0.16335610245957397,0.0,0.0,0.0
0,fsg_debiased_high,16,2,0.1562903198452545,0.11721773988394087,0.03907257996131362,0.1562903198452545,0.0,0.0,0.0
0,fsg_debiased_high,16,3,0.1623685534131931,0.12177641505989481,0.04059213835329827,0.1623685534131931,0.0,0.0,0.0
0,fsg_debiased_high,17,0,0.09571403816263313,0.0702899967756837,0.025424041386949425,0.09571403816263313,0.0,0.0,0.0
0,fsg_debiased_high,17,1,0.16557128266925142,0.12159141071023151,0.04397987195901991,0.16557128266925142,0.0,0.0,0.0
0,fsg_debiased_high,17,2,0.15549645079145832,0.11419270604997721,0.041303744741481116,0.15549645079145832,0.0,0.0,0.0
0,fsg_debiased_high,17,3,0.17029409955462865,0.12505972936043042,0.04523437019419824,0.17029409955462865,0.0,0.0,0.0
0,fsg_debiased_high,18,0,0.10034082545056375,0.07211996829259269,0.028220857157971055,0.10034082545056375,0.0,0.0,0.0
0,fsg_debiased_high,18,1,0.17007080041342018,0.12223838779714576,0.047832412616274425,0.17007080041342018,0.0,0.0,0.0
0,fsg_debiased_high,18,2,0.16060233109806715,0.11543292547673577,0.045169405621331385,0.16060233109806715,0.0,0.0,0.0
0,fsg_debiased_high,18,3,0.1776657181780773,0.12769723494049307,0.04996848323758424,0.1776657181780773,0.0,0.0,0.0
0,fsg_debiased_high,19,0,0.10465941982114524,0.07358865456174274,0.031070765259402493,0.10465941982114524,0.0,0.0,0.0
0,fsg_debiased_high,19,1,0.1750642005778393,0.12309201603129326,0.05197218454654604,0.1750642005778393,0.0,0.0,0.0
0,fsg_debiased_high,19,2,0.16471915480731478,0.1158181557238932,0.048900999083421576,0.16471915480731478,0.0,0.0,0.0
0,fsg_debiased_high,19,3,0.18296482713883674,0.1286471440819946,0.05431768305684216,0.18296482713883674,0.0,0.0,0.0
0,fsg_debiased_high,20,0,0.10721101607713623,0.07370757355303116,0.03350344252410507,0.10721101607713623,0.0,0.0,0.0
0,fsg_debiased_high,20,1,0.1749073606466562,0.12024881044457615,0.05465855020208007,0.1749073606466562,0.0,0.0,0.0
0,fsg_debiased_high,20,2,0.1452365981920162,0.09985016125701114,0.04538643693500506,0.1452365981920162,0.0,0.0,0.0
0,fsg_debiased_high,20,3,0.1512459968973296,0.10398162286691409,0.0472643740304155,0.1512459968973296,0.0,0.0,0.0
0,fsg_debiased_high,21,0,0.10801367972738402,0.07257169106683614,0.03544198866054788,0.10801367972738402,0.0,0.0,0.0
0,fsg_debiased_high,21,1,0.17486450173120835,0.11748708710065561,0.05737741463055274,0.17486450173120835,0.0,0.0,0.0
0,fsg_debiased_high,21,2,0.13475588402287103,0.09053910957786647,0.044216774445004554,0.13475588402287103,0.0,0.0,0.0
0,fsg_debiased_high,21,3,0.1470055684339799,0.09876936629158026,0.04823620214239966,0.1470055684339799,0.0,0.0,0.0
0,fsg_debiased_high,22,0,0.1077303668673028,0.07069805325666746,0.03703231361063534,0.1077303668673028,0.0,0.0,0.0
0,fsg_debiased_high,22,1,0.17289469134917268,0.11346214119789458,0.05943255015127811,0.17289469134917268,0.0,0.0,0.0
0,fsg_debiased_high,22,2,0.12587468036812227,0.08260525899158024,0.04326942137654203,0.12587468036812227,0.0,0.0,0.0
0,fsg_debiased_high,22,3,0.14655179645798685,0.09617461642555387,0.05037718003243298,0.14655179645798685,0.0,0.0,0.0
0,fsg_debiased_high,23,0,0.10593454759468933,0.06786431955284786,0.03807022804184148,0.10593454759468933,0.0,0.0,0.0
0,fsg_debiased_high,23,1,0.16824170184775206,0.10777984024621616,0.060461861601535896,0.16824170184775206,0.0,0.0,0.0
0,fsg_debiased_high,23,2,0.12018211732029176,0.07699166890831191,0.04319044841197985,0.12018211732029176,0.0,0.0,0.0
0,fsg_debiased_high,23,3,0.14859755558862622,0.09519530904896367,0.05340224653966255,0.14859755558862622,0.0,0.0,0.0
0,fsg_debiased_high,24,0,0.10233197442280775,0.06395748401425484,0.03837449040855291,0.10233197442280775,0.0,0.0,0.0
0,fsg_debiased_high,24,1,0.1569048070438389,0.09806550440239932,0.05883930264143959,0.1569048070438389,0.0,0.0,0.0
0,fsg_debiased_high,24,2,0.1146460659434455,0.07165379121465343,0.04299227472879206,0.1146460659434455,0.0,0.0,0.0
0,fsg_debiased_high,24,3,0.14377203335436994,0.08985752084648121,0.05391451250788873,0.14377203335436994,0.0,0.0,0.0
0,fsg_debiased_high,25,0,0.10044869419864869,0.06121092302730154,0.03923777117134714,0.10044869419864869,0.0,0.0,0.0
0,fsg_debiased_high,25,1,0.14749275452146443,0.08987839728651739,0.057614357234947046,0.14749275452146443,0.0,0.0,0.0
0,fsg_debiased_high,25,2,0.11448386716989067,0.06976360655665213,0.04472026061323854,0.11448386716989067,0.0,0.0,0.0
0,fsg_debiased_high,25,3,0.14326076108684402,0.08729952628729558,0.05596123479954845,0.14326076108684402,0.0,0.0,0.0
0,fsg_debiased_high,26,0,0.10065832723517422,0.05976588179588469,0.04089244543928953,0.10065832723517422,0.0,0.0,0.0
0,fsg_debiased_high,26,1,0.14158310943239416,0.08406497122548404,0.057518138206910124,0.14158310943239416,0.0,0.0,0.0
0,fsg_debiased_high,26,2,0.11334310047014876,0.06729746590415082,0.04604563456599793,0.11334310047014876,0.0,0.0,0.0
0,fsg_debiased_high,26,3,0.14511384759629964,0.08616134701030291,0.05895250058599673,0.14511384759629964,0.0,0.0,0.0
0,fsg_debiased_high,27,0,0.10139298401526921,0.05861781888382751,0.042775165131441695,0.10139298401526921,0.0,0.0,0.0
0,fsg_debiased_high,27,1,0.13738775740492065,0.07942729724971975,0.0579604601552009,0.13738775740492065,0.0,0.0,0.0
0,fsg_debiased_high,27,2,0.11124769178275269,0.0643150718119039,0.04693261997084879,0.11124769178275269,0.0,0.0,0.0
0,fsg_debiased_high,27,3,0.14725063991271,0.08512927619953548,0.06212136371317453,0.14725063991271,0.0,0.0,0.0
0,fsg_debiased_high,28,0,0.09940368879411803,0.05591457494669139,0.04348911384742664,0.09940368879411803,0.0,0.0,0.0
0,fsg_debiased_high,28,1,0.13436412266331504,0.07557981899811471,0.058784303665200335,0.13436412266331504,0.0,0.0,0.0
0,fsg_debiased_high,28,2,0.10619047954790069,0.05973214474569414,0.04645833480220655,0.10619047954790069,0.0,0.0,0.0
0,fsg_debiased_high,28,3,0.14488844509869012,0.08149975036801319,0.06338869473067693,0.14488844509869012,0.0,0.0,0.0
0,fsg_debiased_high,29,0,0.09900025707673535,0.054140765588839644,0.044859491487895704,0.09900025707673535,0.0,0.0,0.0
0,fsg_debiased_high,29,1,0.13004969915113598,0.0711209292232775,0.05892876992785849,0.13004969915113598,0.0,0.0,0.0
0,fsg_debiased_high,29,2,0.10515489302839534,0.0575065821249037,0.04764831090349164,0.10515489302839534,0.0,0.0,0.0
0,fsg_debiased_high,29,3,0.1446969050159465,0.07913111993059575,0.06556578508535076,0.1446969050159465,0.0,0.0,0.0
0,fsg_debiased_high,30,0,0.09895901172181049,0.05257197497721182,0.04638703674459867,0.09895901172181049,0.0,0.0,0.0
0,fsg_debiased_high,30,1,0.1270641540127805,0.06750283181928965,0.05956132219349086,0.1270641540127805,0.0,0.0,0.0
0,fsg_debiased_high,30,2,0.10482359323649997,0.05568753390689061,0.049136059329609356,0.10482359323649997,0.0,0.0,0.0
0,fsg_debiased_high,30,3,0.1445191295957713,0.0767757875977535,0.06774334199801779,0.1445191295957713,0.0,0.0,0.0
0,fsg_debiased_high,31,0,0.0990427241789766,0.05106890465478481,0.04797381952419179,0.0990427241789766,0.0,0.0,0.0
0,fsg_debiased_high,31,1,0.12382780920586874,0.06384871412177606,0.059979095084092666,0.12382780920586874,0.0,0.0,0.0
0,fsg_debiased_high,31,2,0.10497042599235996,0.054125375902310605,0.05084505009004936,0.10497042599235996,0.0,0.0,0.0
0,fsg_debiased_high,31,3,0.14433436657577042,0.07442240776563162,0.0699119588101388,0.14433436657577042,0.0,0.0,0.0
0,fsg_debiased_high,32,0,0.09822249253900096,0.04911124626950048,0.04911124626950048,0.09822249253900096,0.0,0.0,0.0
0,fsg_debiased_high,32,1,0.11454242514334567,0.057271212571672836,0.057271212571672836,0.11454242514334567,0.0,0.0,0.0
0,fsg_debiased_high,32,2,0.10349757991113032,0.05174878995556516,0.05174878995556516,0.10349757991113032,0.0,0.0,0.0
0,fsg_debiased_high,32,3,0.13878810313523754,0.06939405156761877,0.06939405156761877,0.13878810313523754,0.0,0.0,0.0
0,fsg_debiased_high,33,0,0.09865249105592981,0.047784800355216005,0.05086769070071381,0.09865249105592981,0.0,0.0,0.0
0,fsg_debiased_high,33,1,0.11152340835115775,0.05401915092009203,0.057504257431065714,0.11152340835115775,0.0,0.0,0.0
0,fsg_debiased_high,33,2,0.1034071947138556,0.050087859939523804,0.05331933477433179,0.1034071947138556,0.0,0.0,0.0
0,fsg_debiased_high,33,3,0.13818471627690984,0.06693322194662821,0.07125149433028163,0.13818471627690984,0.0,0.0,0.0
0,fsg_debiased_high,34,0,0.09913458767380903,0.046469337972097985,0.05266524970171105,0.09913458767380903,0.0,0.0,0.0
0,fsg_debiased_high,34,1,0.10959411449275025,0.051372241168476676,0.058221873324273574,0.10959411449275025,0.0,0.0,0.0
0,fsg_debiased_high,34,2,0.10313726238071823,0.04834559174096167,0.05479167063975656,0.10313726238071823,0.0,0.0,0.0
0,fsg_debiased_high,34,3,0.13734854108755026,0.06438212863478919,0.07296641245276107,0.13734854108755026,0.0,0.0,0.0
0,fsg_debiased_high,35,0,0.09893185550912573,0.04482849702757259,0.054103358481553135,0.09893185550912573,0.0,0.0,0.0
0,fsg_debiased_high,35,1,0.10799877712794252,0.048936945886098954,0.05906183124184357,0.10799877712794252,0.0,0.0,0.0
0,fsg_debiased_high,35,2,0.10242456652536155,0.04641113170680446,0.0560134348185571,0.10242456652536155,0.0,0.0,0.0
0,fsg_debiased_high,35,3,0.13624452217868008,0.06173579911221441,0.07450872306646567,0.13624452217868008,0.0,0.0,0.0
0,fsg_debiased_high,36,0,0.0946808554630105,0.04142287426506709,0.05325798119794341,0.0946808554630105,0.0,0.0,0.0
0,fsg_debiased_high,36,1,0.10586730000706034,0.046316943753088896,0.05955035625397144,0.10586730000706034,0.0,0.0,0.0
0,fsg_debiased_high,36,2,0.0982499208007077,0.04298434035030962,0.05526558045039808,0.0982499208007077,0.0,0.0,0.0
0,fsg_debiased_high,36,3,0.12656887483624088,0.05537388274085538,0.07119499209538549,0.12656887483624088,0.0,0.0,0.0
0,fsg_debiased_high,37,0,0.09361588088822341,0.03949419974971925,0.05412168113850416,0.09361588088822341,0.0,0.0,0.0
0,fsg_debiased_high,37,1,0.10387190518560228,0.04382096000017596,0.06005094518542632,0.10387190518560228,0.0,0.0,0.0
0,fsg_debiased_high,37,2,0.09676834341338955,0.04082414487752372,0.05594419853586583,0.09676834341338955,0.0,0.0,0.0
0,fsg_debiased_high,37,3,0.12370732417607008,0.052189027386779566,0.07151829678929052,0.12370732417607008,0.0,0.0,0.0
0,fsg_debiased_high,38,0,0.09276966442090412,0.0376876761709923,0.05508198824991182,0.09276966442090412,0.0,0.0,0.0
0,fsg_debiased_high,38,1,0.10157876115847636,0.04126637172063102,0.06031238943784534,0.10157876115847636,0.0,0.0,0.0
0,fsg_debiased_high,38,2,0.09535565907908908,0.03873823650087994,0.05661742257820914,0.09535565907908908,0.0,0.0,0.0
0,fsg_debiased_high,38,3,0.12086511581022671,0.0491014532979046,0.07176366251232211,0.12086511581022671,0.0,0.0,0.0
0,fsg_debiased_high,39,0,0.09193520083714947,0.03591218782701151,0.056023013010137956,0.09193520083714947,0.0,0.0,0.0
0,fsg_debiased_high,39,1,0.09899664896091306,0.03867056600035666,0.0603260829605564,0.09899664896091306,0.0,0.0,0.0
0,fsg_debiased_high,39,2,0.09403055311217601,0.036730684809443755,0.05729986830273225,0.09403055311217601,0.0,0.0,0.0
0,fsg_debiased_high,39,3,0.11813355964032476,0.04614592173450186,0.07198763790582291,0.11813355964032476,0.0,0.0,0.0
0,fsg_debiased_high,40,0,0.0873541773584413,0.032757816509415484,0.05459636084902581,0.0873541773584413,0.0,0.0,0.0
0,fsg_debiased_high,40,1,0.0954630890258842,0.035798658384706576,0.05966443064117762,0.0954630890258842,0.0,0.0,0.0
0,fsg_debiased_high,40,2,0.09030814507570309,0.03386555440338866,0.05644259067231443,0.09030814507570309,0.0,0.0,0.0
0,fsg_debiased_high,40,3,0.11100582876192443,0.04162718578572166,0.06937864297620276,0.11100582876192443,0.0,0.0,0.0
0,fsg_debiased_high,41,0,0.08639688496735792,0.031048880535144253,0.05534800443221367,0.08639688496735792,0.0,0.0,0.0
0,fsg_debiased_high,41,1,0.0931213674331845,0.03346549142130068,0.05965587601188382,0.0931213674331845,0.0,0.0,0.0
0,fsg_debiased_high,41,2,0.08890980943685203,0.0319519627663687,0.056957846670483335,0.08890980943685203,0.0,0.0,0.0
0,fsg_debiased_high,41,3,0.10915807159838187,0.039228681980668485,0.06992938961771339,0.10915807159838187,0.0,0.0,0.0
0,fsg_debiased_high,42,0,0.08535201596299585,0.029339755487279823,0.05601226047571603,0.08535201596299585,0.0,0.0,0.0
0,fsg_debiased_high,42,1,0.09093119931452184,0.031257599764366886,0.05967359955015496,0.09093119931452184,0.0,0.0,0.0
0,fsg_debiased_high,42,2,0.08785160973673593,0.030198990847002977,0.05765261888973296,0.08785160973673593,0.0,0.0,0.0
0,fsg_debiased_high,42,3,0.10741093828010548,0.03692251003378626,0.07048842824631922,0.10741093828010548,0.0,0.0,0.0
0,fsg_debiased_high,43,0,0.08418767956719775,0.02762408235798676,0.05656359720921099,0.08418767956719775,0.0,0.0,0.0
0,fsg_debiased_high,43,1,0.08894194277382392,0.029184074972660973,0.05975786780116295,0.08894194277382392,0.0,0.0,0.0
0,fsg_debiased_high,43,2,0.08651733947488713,0.02838850201519734,0.05812883745968979,0.08651733947488713,0.0,0.0,0.0
0,fsg_debiased_high,43,3,0.10569535002021745,0.03468128672538385,0.07101406329483359,0.10569535002021745,0.0,0.0,0.0
0,fsg_debiased_high,44,0,0.0799070623903963,0.024970956996998844,0.05493610539339745,0.0799070623903963,0.0,0.0,0.0
0,fsg_debiased_high,44,1,0.0857588992592639,0.02679965601851997,0.05895924324074393,0.0857588992592639,0.0,0.0,0.0
0,fsg_debiased_high,44,2,0.08428106841473786,0.02633783387960558,0.057943234535132275,0.08428106841473786,0.0,0.0,0.0
0,fsg_debiased_high,44,3,0.1002313989536985,0.03132231217303078,0.06890908678066772,0.1002313989536985,0.0,0.0,0.0
0,fsg_debiased_high,45,0,0.07859090534257954,0.0233316750235783,0.055259230319001235,0.07859090534257954,0.0,0.0,0.0
0,fsg_debiased_high,45,1,0.08402945865293218,0.024946245537589243,0.05908321311534294,0.08402945865293218,0.0,0.0,0.0
0,fsg_debiased_high,45,2,0.08327722444693739,0.024722926007684536,0.05855429843925285,0.08327722444693739,0.0,0.0,0.0
0,fsg_debiased_high,45,3,0.09855108292798288,0.02925735274424492,0.06929373018373797,0.09855108292798288,0.0,0.0,0.0
0,fsg_debiased_high,46,0,0.07730703888040696,0.021742604685114457,0.05556443419529251,0.07730703888040696,0.0,0.0,0.0
0,fsg_debiased_high,46,1,0.0825914719166945,0.023228851476570327,0.05936262044012417,0.0825914719166945,0.0,0.0,0.0
0,fsg_debiased_high,46,2,0.08198226293061679,0.023057511449235974,0.05892475148138082,0.08198226293061679,0.0,0.0,0.0
0,fsg_debiased_high,46,3,0.09684171702640305,0.02723673291367586,0.0696049841127272,0.09684171702640305,0.0,0.0,0.0
0,fsg_debiased_high,47,0,0.07608113433339556,0.020209051307308195,0.055872083026087364,0.07608113433339556,0.0,0.0,0.0
0,fsg_debiased_high,47,1,0.081376003574554,0.02161550094949091,0.0597605026250631,0.081376003574554,0.0,0.0,0.0
0,fsg_debiased_high,47,2,0.08038025508237086,0.02135100525625476,0.0590292498261161,0.08038025508237086,0.0,0.0,0.0
0,fsg_debiased_high,47,3,0.09502611091474875,0.025241310711730136,0.06978480020301861,0.09502611091474875,0.0,0.0,0.0
4,fsg_debiased_high,0,4,0.07865013406058173,0.07865013406058173,0.0,0.07865013406058173,0.0,0.0,0.0
4,fsg_debiased_high,0,5,0.10622617210703329,0.10622617210703329,0.0,0.10622617210703329,0.0,0.0,0.0
4,fsg_debiased_high,0,6,0.12993328230642903,0.12993328230642903,0.0,0.12993328230642903,0.0,0.0,0.0
4,fsg_debiased_high,0,7,0.11813422017887848,0.11813422017887848,0.0,0.11813422017887848,0.0,0.0,0.0
4,fsg_debiased_high,1,4,0.07284621696542173,0.07170799482533702,0.0011382221400847146,0.07284621696542173,0.0,0.0,0.0
4,fsg_debiased_high,1,5,0.11453616341556062,0.11274653586219249,0.0017896275533681347,0.11453616341556062,0.0,0.0,0.0
4,fsg_debiased_high,1,6,0.1218179953695039,0.1199145891918554,0.0019034061776484984,0.1218179953695039,0.0,0.0,0.0
4,fsg_debiased_high,1,7,0.13512940462815132,0.13301800768083646,0.0021113969473148643,0.13512940462815132,0.0,0.0,0.0
4,fsg_debiased_high,2,4,0.07209383874445272,0.06984090628368857,0.0022529324607641473,0.07209383874445272,0.0,0.0,0.0
4,fsg_debiased_high,2,5,0.1253778116037151,0.12145975499109901,0.003918056612616097,0.1253778116037151,0.0,0.0,0.0
4,fsg_debiased_high,2,6,0.13309354821108385,0.12893437482948747,0.00415917338159637,0.13309354821108385,0.0,0.0,0.0
4,fsg_debiased_high,2,7,0.14706153205686542,0.1424658591800884,0.0045956728767770445,0.14706153205686542,0.0,0.0,0.0
4,fsg_debiased_high,3,4,0.06984999260343176,0.0665757742001459,0.0032742184032858637,0.06984999260343176,0.0,0.0,0.0
4,fsg_debiased_high,3,5,0.13410277418102795,0.12781670664129227,0.006286067539735685,0.13410277418102795,0.0,0.0,0.0
4,fsg_debiased_high,3,6,0.14675228983309216,0.13987327624716597,0.0068790135859261945,0.14675228983309216,0.0,0.0,0.0
4,fsg_debiased_high,3,7,0.1451071564824601,0.13830525852234477,0.006801897960115317,0.1451071564824601,0.0,0.0,0.0
4,fsg_debiased_high,4,4,0.058733110350207215,0.055062290953319264,0.003670819396887951,0.058733110350207215,0.0,0.0,0.0
4,fsg_debiased_high,4,5,0.08933861152135118,0.08375494830126673,0.005583663220084449,0.08933861152135118,0.0,0.0,0.0
4,fsg_debiased_high,4,6,0.12441737247034257,0.11664128669094616,0.0077760857793964105,0.12441737247034257,0.0,0.0,0.0
4,fsg_debiased_high,4,7,0.10494626343296797,0.09838712196840747,0.006559141464560498,0.10494626343296797,0.0,0.0,0.0
4,fsg_debiased_high,5,4,0.0647338450424709,0.059676513398527864,0.0050573316439430395,0.0647338450424709,0.0,0.0,0.0
4,fsg_debiased_high,5,5,0.081301854955223,0.0749501475368462,0.0063517074183767975,0.081301854955223,0.0,0.0,0.0
4,fsg_debiased_high,5,6,0.14683008670187972,0.13535898617829537,0.011471100523584353,0.14683008670187972,0.0,0.0,0.0
4,fsg_debiased_high,5,7,0.09903971974975186,0.09130224164430249,0.0077374781054493635,0.09903971974975186,0.0,0.0,0.0
4,fsg_debiased_high,6,4,0.08289742681646349,0.07512579305242004,0.007771633764043452,0.08289742681646349,0.0,0.0,0.0
4,fsg_debiased_high,6,5,0.07695510661823526,0.0697405653727757,0.007214541245459556,0.07695510661823526,0.0,0.0,0.0
4,fsg_debiased_high,6,6,0.172126956511834,0.15599005433884955,0.016136902172984437,0.172126956511834,0.0,0.0,0.0
4,fsg_debiased_high,6,7,0.09548250536003003,0.08653102048252721,0.008951484877502816,0.09548250536003003,0.0,0.0,0.0
4,fsg_debiased_high,7,4,0.1559491772845939,0.13889223601909145,0.01705694126550246,0.1559491772845939,0.0,0.0,0.0
4,fsg_debiased_high,7,5,0.07607615228688569,0.06775532313050757,0.008320829156378122,0.07607615228688569,0.0,0.0,0.0
4,fsg_debiased_high,7,6,0.18319968851993046,0.16316222258806307,0.020037465931867393,0.18319968851993046,0.0,0.0,0.0
4,fsg_debiased_high,7,7,0.10575515782967276,0.0941881874420523,0.01156697038762046,0.10575515782967276,0.0,0.0,0.0
4,fsg_debiased_high,8,4,0.32677749824812075,0.28593031096710564,0.04084718728101509,0.32677749824812075,0.0,0.0,0.0
4,fsg_debiased_high,8,5,0.08347848480334291,0.07304367420292504,0.010434810600417864,0.08347848480334291,0.0,0.0,0.0
4,fsg_debiased_high,8,6,0.11014901862245426,0.09638039129464747,0.013768627327806782,0.11014901862245426,0.0,0.0,0.0
4,fsg_debiased_high,8,7,0.10278248004223914,0.08993467003695925,0.012847810005279892,0.10278248004223914,0.0,0.0,0.0
4,fsg_debiased_high,9,4,0.35166451136245985,0.30221168945211396,0.04945282191034592,0.35166451136245985,0.0,0.0,0.0
4,fsg_debiased_high,9,5,0.10127027855357987,0.0870291456319827,0.014241132921597168,0.10127027855357987,0.0,0.0,0.0
4,fsg_debiased_high,9,6,0.10923940431610678,0.09387761308415427,0.015361791231952516,0.10923940431610678,0.0,0.0,0.0
4,fsg_debiased_high,9,7,0.10519297283847566,0.09040021103306502,0.014792761805410639,0.10519297283847566,0.0,0.0,0.0
4,fsg_debiased_high,10,4,0.33702633015304057,0.28436596606662795,0.05266036408641259,0.33702633015304057,0.0,0.0,0.0
4,fsg_debiased_high,10,5,0.10984839740917669,0.09268458531399283,0.017163812095183858,0.10984839740917669,0.0,0.0,0.0
4,fsg_debiased_high,10,6,0.1141777444086842,0.09633747184482729,0.017840272563856906,0.1141777444086842,0.0,0.0,0.0
4,fsg_debiased_high,10,7,0.11502721367422604,0.09705421153762822,0.017973002136597818,0.11502721367422604,0.0,0.0,0.0
4,fsg_debiased_high,11,4,0.2529090309140625,0.20944029122570804,0.0434687396883545,0.2529090309140625,0.0,0.0,0.0
4,fsg_debiased_high,11,5,0.11196191693055467,0.09271846245811559,0.019243454472439084,0.11196191693055467,0.0,0.0,0.0
4,fsg_debiased_high,11,6,0.12158989589655957,0.1006916325393384,0.020898263357221177,0.12158989589655957,0.0,0.0,0.0
4,fsg_debiased_high,11,7,0.12997168162737202,0.10763279884766745,0.022338882779704566,0.12997168162737202,0.0,0.0,0.0
4,fsg_debiased_high,12,4,0.2684618191115511,0.21812522802813528,0.05033659108341583,0.2684618191115511,0.0,0.0,0.0
4,fsg_debiased_high,12,5,0.09798492000850681,0.07961274750691179,0.01837217250159503,0.09798492000850681,0.0,0.0,0.0
4,fsg_debiased_high,12,6,0.13490785722174706,0.10961263399266949,0.025295223229077575,0.13490785722174706,0.0,0.0,0.0
4,fsg_debiased_high,12,7,0.13466937448371893,0.10941886676802164,0.0252505077156973,0.13466937448371893,0.0,0.0,0.0
4,fsg_debiased_high,13,4,0.26192769685302697,0.20872363342975586,0.0532040634232711,0.26192769685302697,0.0,0.0,0.0
4,fsg_debiased_high,13,5,0.10604347984121086,0.0845033979984649,0.021540081842745955,0.10604347984121086,0.0,0.0,0.0
4,fsg_debiased_high,13,6,0.13664460122596217,0.1088886666019386,0.027755934624023565,0.13664460122596217,0.0,0.0,0.0
4,fsg_debiased_high,13,7,0.12999041299607775,0.10358611035624946,0.026404302639828292,0.12999041299607775,0.0,0.0,0.0
4,fsg_debiased_high,14,4,0.24410799706726996,0.19070937270880467,0.053398624358465305,0.24410799706726996,0.0,0.0,0.0
4,fsg_debiased_high,14,5,0.11186335532923346,0.08739324635096364,0.02447010897826982,0.11186335532923346,0.0,0.0,0.0
4,fsg_debiased_high,14,6,0.13825243658960298,0.10800971608562733,0.030242720503975654,0.13825243658960298,0.0,0.0,0.0
4,fsg_debiased_high,14,7,0.12992917600011597,0.1015071687500906,0.028422007250025368,0.12992917600011597,0.0,0.0,0.0
4,fsg_debiased_high,15,4,0.22330694537417967,0.1709693800521063,0.05233756532207336,0.22330694537417967,0.0,0.0,0.0
4,fsg_debiased_high,15,5,0.11306484245782052,0.08656527000676884,0.026499572451051685,0.11306484245782052,0.0,0.0,0.0
4,fsg_debiased_high,15,6,0.14227180775686238,0.10892685281384776,0.03334495494301462,0.14227180775686238,0.0,0.0,0.0
4,fsg_debiased_high,15,7,0.1334207820350149,0.10215028624555827,0.031270495789456614,0.1334207820350149,0.0,0.0,0.0
4,fsg_debiased_high,16,4,0.17592617814085776,0.13194463360564332,0.04398154453521444,0.17592617814085776,0.0,0.0,0.0
4,fsg_debiased_high,16,5,0.10397148470904981,0.07797861353178735,0.025992871177262452,0.10397148470904981,0.0,0.0,0.0
4,fsg_debiased_high,16,6,0.14595062639583423,0.10946296979687567,0.03648765659895856,0.14595062639583423,0.0,0.0,0.0
4,fsg_debiased_high,16,7,0.1370254697499181,0.10276910231243858,0.03425636743747953,0.1370254697499181,0.0,0.0,0.0
4,fsg_debiased_high,17,4,0.17274909026157523,0.1268626131608443,0.04588647710073092,0.17274909026157523,0.0,0.0,0.0
4,fsg_debiased_high,17,5,0.11356258407805166,0.08339752268231919,0.03016506139573247,0.11356258407805166,0.0,0.0,0.0
4,fsg_debiased_high,17,6,0.14707240247151795,0.108006295565021,0.03906610690649696,0.14707240247151795,0.0,0.0,0.0
4,fsg_debiased_high,17,7,0.14398426184324012,0.10573844229112946,0.038245819552110656,0.14398426184324012,0.0,0.0,0.0
4,fsg_debiased_high,18,4,0.17217023684302893,0.12374735773092704,0.048422879112101885,0.17217023684302893,0.0,0.0,0.0
4,fsg_debiased_high,18,5,0.12320733459642672,0.0885552717411817,0.03465206285524501,0.12320733459642672,0.0,0.0,0.0
4,fsg_debiased_high,18,6,0.14867901625894067,0.10686304293611361,0.04181597332282706,0.14867901625894067,0.0,0.0,0.0
4,fsg_debiased_high,18,7,0.1485502596841852,0.10677049914800811,0.04177976053617709,0.1485502596841852,0.0,0.0,0.0
4,fsg_debiased_high,19,4,0.17022159484951935,0.11968705887856829,0.050534535970951054,0.17022159484951935,0.0,0.0,0.0
4,fsg_debiased_high,19,5,0.12354955772072435,0.0868707827723843,0.03667877494834004,0.12354955772072435,0.0,0.0,0.0
4,fsg_debiased_high,19,6,0.1502998173694158,0.1056795590878705,0.04462025828154532,0.1502998173694158,0.0,0.0,0.0
4,fsg_debiased_high,19,7,0.14894378659678661,0.10472609995086558,0.044217686645921024,0.14894378659678661,0.0,0.0,0.0
4,fsg_debiased_high,20,4,0.1575552727604813,0.10831925002283091,0.04923602273765041,0.1575552727604813,0.0,0.0,0.0
4,fsg_debiased_high,20,5,0.11154099217649634,0.07668443212134123,0.034856560055155104,0.11154099217649634,0.0,0.0,0.0
4,fsg_debiased_high,20,6,0.1478704676513153,0.10166094651027928,0.046209521141036033,0.1478704676513153,0.0,0.0,0.0
4,fsg_debiased_high,20,7,0.14245346868470593,0.09793675972073533,0.0445167089639706,0.14245346868470593,0.0,0.0,0.0
4,fsg_debiased_high,21,4,0.15830814452497968,0.10636328460272072,0.05194485992225896,0.15830814452497968,0.0,0.0,0.0
4,fsg_debiased_high,21,5,0.11352450611260445,0.07627427754440612,0.03725022856819833,0.11352450611260445,0.0,0.0,0.0
4,fsg_debiased_high,21,6,0.14856318078225628,0.09981588708807844,0.04874729369417784,0.14856318078225628,0.0,0.0,0.0
4,fsg_debiased_high,21,7,0.13657725812649443,0.09176284530373845,0.044814412822755986,0.13657725812649443,0.0,0.0,0.0
4,fsg_debiased_high,22,4,0.15935460138080831,0.10457645715615546,0.05477814422465286,0.15935460138080831,0.0,0.0,0.0
4,fsg_debiased_high,22,5,0.11714794257639691,0.07687833731576046,0.040269605260636436,0.11714794257639691,0.0,0.0,0.0
4,fsg_debiased_high,22,6,0.148706079133697,0.09758836443148865,0.05111771470220834,0.148706079133697,0.0,0.0,0.0
4,fsg_debiased_high,22,7,0.13197924591842367,0.08661138013396553,0.04536786578445814,0.13197924591842367,0.0,0.0,0.0
4,fsg_debiased_high,23,4,0.1586707130748566,0.10164842556358002,0.057022287511276595,0.1586707130748566,0.0,0.0,0.0
4,fsg_debiased_high,23,5,0.11964441143899353,0.07664720107810523,0.0429972103608883,0.11964441143899353,0.0,0.0,0.0
4,fsg_debiased_high,23,6,0.14792188082659613,0.09476245490453815,0.05315942592205798,0.14792188082659613,0.0,0.0,0.0
4,fsg_debiased_high,23,7,0.13116193058346273,0.08402561178003082,0.04713631880343192,0.13116193058346273,0.0,0.0,0.0
4,fsg_debiased_high,24,4,0.13488336858747227,0.08430210536717017,0.0505812632203021,0.13488336858747227,0.0,0.0,0.0
4,fsg_debiased_high,24,5,0.11992348062935161,0.07495217539334476,0.044971305236006856,0.11992348062935161,0.0,0.0,0.0
4,fsg_debiased_high,24,6,0.14166829203359443,0.08854268252099652,0.05312560951259791,0.14166829203359443,0.0,0.0,0.0
4,fsg_debiased_high,24,7,0.12884391513029056,0.0805274469564316,0.048316468173858956,0.12884391513029056,0.0,0.0,0.0
4,fsg_debiased_high,25,4,0.12879721364689659,0.07848580206607761,0.05031141158081898,0.12879721364689659,0.0,0.0,0.0
4,fsg_debiased_high,25,5,0.11957312993146792,0.07286487605198826,0.046708253879479654,0.11957312993146792,0.0,0.0,0.0
4,fsg_debiased_high,25,6,0.13962027842340383,0.0850811071642617,0.05453917125914212,0.13962027842340383,0.0,0.0,0.0
4,fsg_debiased_high,25,7,0.1293497487967476,0.07882250317301807,0.05052724562372953,0.1293497487967476,0.0,0.0,0.0
4,fsg_debiased_high,26,4,0.12468212856363688,0.07403001383465939,0.05065211472897748,0.12468212856363688,0.0,0.0,0.0
4,fsg_debiased_high,26,5,0.11998876683650786,0.07124333030917654,0.04874543652733132,0.11998876683650786,0.0,0.0,0.0
4,fsg_debiased_high,26,6,0.13797833607187704,0.081924637042677,0.056053699029200044,0.13797833607187704,0.0,0.0,0.0
4,fsg_debiased_high,26,7,0.12937502774549003,0.07681642272388471,0.05255860502160532,0.12937502774549003,0.0,0.0,0.0
4,fsg_debiased_high,27,4,0.12201819962849168,0.07054177166022176,0.05147642796826993,0.12201819962849168,0.0,0.0,0.0
4,fsg_debiased_high,27,5,0.1207245444561616,0.06979387726371843,0.05093066719244317,0.1207245444561616,0.0,0.0,0.0
4,fsg_debiased_high,27,6,0.13697505999772774,0.07918870656118634,0.05778635343654139,0.13697505999772774,0.0,0.0,0.0
4,fsg_debiased_high,27,7,0.1287614722727491,0.07444022615768307,0.05432124611506602,0.1287614722727491,0.0,0.0,0.0
4,fsg_debiased_high,28,4,0.11347095390663,0.06382741157247938,0.04964354233415063,0.11347095390663,0.0,0.0,0.0
4,fsg_debiased_high,28,5,0.11208314522244485,0.06304676918762522,0.04903637603481962,0.11208314522244485,0.0,0.0,0.0
4,fsg_debiased_high,28,6,0.13481928460063464,0.07583584758785698,0.058983437012777654,0.13481928460063464,0.0,0.0,0.0
4,fsg_debiased_high,28,7,0.12350754551037176,0.06947299434958411,0.05403455116078764,0.12350754551037176,0.0,0.0,0.0
4,fsg_debiased_high,29,4,0.11104214771378663,0.06072617453097707,0.050315973182809566,0.11104214771378663,0.0,0.0,0.0
4,fsg_debiased_high,29,5,0.10458646000310093,0.05719572031419582,0.04739073968890511,0.10458646000310093,0.0,0.0,0.0
4,fsg_debiased_high,29,6,0.13426752568584543,0.07342755310944672,0.06083997257639871,0.13426752568584543,0.0,0.0,0.0
4,fsg_debiased_high,29,7,0.12178421844770362,0.06660074446358792,0.0551834739841157,0.12178421844770362,0.0,0.0,0.0
4,fsg_debiased_high,30,4,0.10915401847039638,0.057988072312398074,0.051165946157998306,0.10915401847039638,0.0,0.0,0.0
4,fsg_debiased_high,30,5,0.09865345135295567,0.052409646031257695,0.04624380532169797,0.09865345135295567,0.0,0.0,0.0
4,fsg_debiased_high,30,6,0.1329876776239655,0.07064970373773166,0.06233797388623382,0.1329876776239655,0.0,0.0,0.0
4,fsg_debiased_high,30,7,0.12022725191414639,0.06387072757939027,0.056356524334756124,0.12022725191414639,0.0,0.0,0.0
4,fsg_debiased_high,31,4,0.10791621609450192,0.05564429892372755,0.05227191717077437,0.10791621609450192,0.0,0.0,0.0
4,fsg_debiased_high,31,5,0.09618189074051717,0.04959378741307916,0.046588103327438006,0.09618189074051717,0.0,0.0,0.0
4,fsg_debiased_high,31,6,0.13128049747346957,0.06769150650975775,0.06358899096371182,0.13128049747346957,0.0,0.0,0.0
4,fsg_debiased_high,31,7,0.11901540782272522,0.06136731965859269,0.057648088164132534,0.11901540782272522,0.0,0.0,0.0
4,fsg_debiased_high,32,4,0.10280684070827933,0.05140342035413967,0.05140342035413967,0.10280684070827933,0.0,0.0,0.0
4,fsg_debiased_high,32,5,0.0948152532558353,0.04740762662791765,0.04740762662791765,0.0948152532558353,0.0,0.0,0.0
4,fsg_debiased_high,32,6,0.12648513360826635,0.06324256680413318,0.06324256680413318,0.12648513360826635,0.0,0.0,0.0
4,fsg_debiased_high,32,7,0.11509493088358998,0.05754746544179499,0.05754746544179499,0.11509493088358998,0.0,0.0,0.0
4,fsg_debiased_high,33,4,0.10071314563818815,0.048782929918497385,0.05193021571969076,0.10071314563818815,0.0,0.0,0.0
4,fsg_debiased_high,33,5,0.09488524877726016,0.04596004237648539,0.04892520640077477,0.09488524877726016,0.0,0.0,0.0
4,fsg_debiased_high,33,6,0.1252851769223854,0.06068500757178042,0.06460016935060496,0.1252851769223854,0.0,0.0,0.0
4,fsg_debiased_high,33,7,0.11412059314333788,0.055277162303804285,0.05884343083953359,0.11412059314333788,0.0,0.0,0.0
4,fsg_debiased_high,34,4,0.09958201838735652,0.046679071119073365,0.05290294726828315,0.09958201838735652,0.0,0.0,0.0
4,fsg_debiased_high,34,5,0.09482658740080754,0.044449962844128534,0.05037662455667901,0.09482658740080754,0.0,0.0,0.0
4,fsg_debiased_high,34,6,0.12452608706228198,0.05837160331044468,0.0661544837518373,0.12452608706228198,0.0,0.0,0.0
4,fsg_debiased_high,34,7,0.11297416887186602,0.0529566416586872,0.06001752721317882,0.11297416887186602,0.0,0.0,0.0
4,fsg_debiased_high,35,4,0.09901573059514758,0.04486650292592625,0.05414922766922133,0.09901573059514758,0.0,0.0,0.0
4,fsg_debiased_high,35,5,0.09432546270120341,0.0427412252864828,0.05158423741472062,0.09432546270120341,0.0,0.0,0.0
4,fsg_debiased_high,35,6,0.12366094510952624,0.056033865752754076,0.06762707935677216,0.12366094510952624,0.0,0.0,0.0
4,fsg_debiased_high,35,7,0.11158854921217715,0.05056356136176777,0.06102498785040938,0.11158854921217715,0.0,0.0,0.0
4,fsg_debiased_high,36,4,0.09703304821807412,0.04245195859540743,0.054581089622666695,0.09703304821807412,0.0,0.0,0.0
4,fsg_debiased_high,36,5,0.0908808771027879,0.039760383732469706,0.051120493370318196,0.0908808771027879,0.0,0.0,0.0
4,fsg_debiased_high,36,6,0.12023818735817761,0.052604206969202705,0.0676339803889749,0.12023818735817761,0.0,0.0,0.0
4,fsg_debiased_high,36,7,0.10589777869805068,0.04633027818039717,0.05956750051765351,0.10589777869805068,0.0,0.0,0.0
4,fsg_debiased_high,37,4,0.09477309335579433,0.039982398759475735,0.05479069459631859,0.09477309335579433,0.0,0.0,0.0
4,fsg_debiased_high,37,5,0.08843625470729771,0.03730904495464122,0.05112720975265649,0.08843625470729771,0.0,0.0,0.0
4,fsg_debiased_high,37,6,0.1188560553141826,0.05014239833567078,0.06871365697851181,0.1188560553141826,0.0,0.0,0.0
4,fsg_debiased_high,37,7,0.10378869655900282,0.043785856360829316,0.0600028401981735,0.10378869655900282,0.0,0.0,0.0
4,fsg_debiased_high,38,4,0.09202906231974428,0.03738680656739611,0.05464225575234817,0.09202906231974428,0.0,0.0,0.0
4,fsg_debiased_high,38,5,0.08617373473849514,0.03500807973751365,0.05116565500098149,0.08617373473849514,0.0,0.0,0.0
4,fsg_debiased_high,38,6,0.11793721502552337,0.04791199360411887,0.07002522142140451,0.11793721502552337,0.0,0.0,0.0
4,fsg_debiased_high,38,7,0.1015774437420743,0.04126583652021768,0.06031160722185661,0.1015774437420743,0.0,0.0,0.0
4,fsg_debiased_high,39,4,0.08945514083566324,0.03494341438893095,0.054511726446732287,0.08945514083566324,0.0,0.0,0.0
4,fsg_debiased_high,39,5,0.08379649329503729,0.03273300519337394,0.05106348810166335,0.08379649329503729,0.0,0.0,0.0
4,fsg_debiased_high,39,6,0.11681543187087513,0.0456310280745606,0.07118440379631454,0.11681543187087513,0.0,0.0,0.0
4,fsg_debiased_high,39,7,0.09939616258381218,0.03882662600930163,0.060569536574510544,0.09939616258381218,0.0,0.0,0.0
4,fsg_debiased_high,40,4,0.08509250841988147,0.03190969065745555,0.05318281776242592,0.08509250841988147,0.0,0.0,0.0
4,fsg_debiased_high,40,5,0.07899817877295126,0.029624317039856723,0.049373861733094535,0.07899817877295126,0.0,0.0,0.0
4,fsg_debiased_high,40,6,0.11266236803471405,0.042248388013017765,0.07041398002169628,0.11266236803471405,0.0,0.0,0.0
4,fsg_debiased_high,40,7,0.09424349578428924,0.035341310919108464,0.05890218486518078,0.09424349578428924,0.0,0.0,0.0
4,fsg_debiased_high,41,4,0.08379553106546121,0.030114018976650125,0.05368151208881109,0.08379553106546121,0.0,0.0,0.0
4,fsg_debiased_high,41,5,0.07710768705576937,0.027710575035667116,0.04939711202010225,0.07710768705576937,0.0,0.0,0.0
4,fsg_debiased_high,41,6,0.11115844069156026,0.03994756462352947,0.0712108760680308,0.11115844069156026,0.0,0.0,0.0
4,fsg_debiased_high,41,7,0.09267472089040296,0.03330497781998856,0.0593697430704144,0.09267472089040296,0.0,0.0,0.0
4,fsg_debiased_high,42,4,0.08264784741117161,0.02841019754759024,0.054237649863581365,0.08264784741117161,0.0,0.0,0.0
4,fsg_debiased_high,42,5,0.07536921240337911,0.02590816676366157,0.049461045639717545,0.07536921240337911,0.0,0.0,0.0
4,fsg_debiased_high,42,6,0.10962801928399948,0.03768463162887482,0.07194338765512466,0.10962801928399948,0.0,0.0,0.0
4,fsg_debiased_high,42,7,0.09145751298573371,0.03143852008884596,0.060018992896887745,0.09145751298573371,0.0,0.0,0.0
4,fsg_debiased_high,43,4,0.0812742738614725,0.026668121110795664,0.05460615275067684,0.0812742738614725,0.0,0.0,0.0
4,fsg_debiased_high,43,5,0.07382244909787593,0.024222991110240538,0.04959945798763539,0.07382244909787593,0.0,0.0,0.0
4,fsg_debiased_high,43,6,0.10804552023386747,0.035452436326737766,0.07259308390712971,0.10804552023386747,0.0,0.0,0.0
4,fsg_debiased_high,43,7,0.09043694236379951,0.029674621713121713,0.0607623206506778,0.09043694236379951,0.0,0.0,0.0
4,fsg_debiased_high,44,4,0.07804532919923672,0.024389165374761476,0.053656163824475245,0.07804532919923672,0.0,0.0,0.0
4,fsg_debiased_high,44,5,0.07156198258214996,0.022363119556921864,0.0491988630252281,0.07156198258214996,0.0,0.0,0.0
4,fsg_debiased_high,44,6,0.10369011834291986,0.032403161982162455,0.07128695636075741,0.10369011834291986,0.0,0.0,0.0
4,fsg_debiased_high,44,7,0.08715073892318329,0.027234605913494775,0.05991613300968851,0.08715073892318329,0.0,0.0,0.0
4,fsg_debiased_high,45,4,0.07621971471502978,0.022627727806024466,0.05359198690900532,0.07621971471502978,0.0,0.0,0.0
4,fsg_debiased_high,45,5,0.07039194769169645,0.020897609470972384,0.04949433822072406,0.07039194769169645,0.0,0.0,0.0
4,fsg_debiased_high,45,6,0.10183604647792968,0.030232576298135375,0.0716034701797943,0.10183604647792968,0.0,0.0,0.0
4,fsg_debiased_high,45,7,0.08617480245713892,0.025583144479463117,0.0605916579776758,0.08617480245713892,0.0,0.0,0.0
4,fsg_debiased_high,46,4,0.0747506263220099,0.021023613653065286,0.05372701266894462,0.0747506263220099,0.0,0.0,0.0
4,fsg_debiased_high,46,5,0.06934864941082548,0.01950430764679467,0.04984434176403082,0.06934864941082548,0.0,0.0,0.0
4,fsg_debiased_high,46,6,0.10009044803385034,0.02815043850952041,0.07194000952432993,0.10009044803385034,0.0,0.0,0.0
4,fsg_debiased_high,46,7,0.0851745915834252,0.02395535388283834,0.06121923770058687,0.0851745915834252,0.0,0.0,0.0
4,fsg_debiased_high,47,4,0.0733066171860274,0.01947207019003853,0.05383454699598888,0.0733066171860274,0.0,0.0,0.0
4,fsg_debiased_high,47,5,0.06843253277334685,0.018177391517920256,0.05025514125542659,0.06843253277334685,0.0,0.0,0.0
4,fsg_debiased_high,47,6,0.09845942975794393,0.026153286029453857,0.07230614372849008,0.09845942975794393,0.0,0.0,0.0
4,fsg_debiased_high,47,7,0.08411435311513496,0.022342875046207723,0.06177147806892724,0.08411435311513496,0.0,0.0,0.0
8,fsg_debiased_high,0,8,0.11649682297343088,0.11649682297343088,0.0,0.11649682297343088,0.0,0.0,0.0
8,fsg_debiased_high,0,9,0.1110580439091463,0.1110580439091463,0.0,0.1110580439091463,0.0,0.0,0.0
8,fsg_debiased_high,0,10,0.15537043487298133,0.15537043487298133,0.0,0.15537043487298133,0.0,0.0,0.0
8,fsg_debiased_high,0,11,0.1857694628577763,0.1857694628577763,0.0,0.1857694628577763,0.0,0.0,0.0
8,fsg_debiased_high,1,8,0.13172864686606758,0.12967038675878528,0.002058260107282306,0.13172864686606758,0.0,0.0,0.0
8,fsg_debiased_high,1,9,0.11429312109094635,0.11250729107390031,0.0017858300170460366,0.11429312109094635,0.0,0.0,0.0
8,fsg_debiased_high,1,10,0.15260811839472713,0.1502236165448095,0.0023845018499176114,0.15260811839472713,0.0,0.0,0.0
8,fsg_debiased_high,1,11,0.16379365735991389,0.16123438146366523,0.0025592758962486545,0.16379365735991389,0.0,0.0,0.0
8,fsg_debiased_high,2,8,0.1511703110612003,0.14644623884053778,0.004724072220662509,0.1511703110612003,0.0,0.0,0.0
8,fsg_debiased_high,2,9,0.11544706625301873,0.1118393454326119,0.0036077208204068354,0.11544706625301873,0.0,0.0,0.0
8,fsg_debiased_high,2,10,0.16145465015683394,0.15640919233943287,0.005045457817401061,0.16145465015683394,0.0,0.0,0.0
8,fsg_debiased_high,2,11,0.12535439731358694,0.12143707239753734,0.003917324916049592,0.12535439731358694,0.0,0.0,0.0
8,fsg_debiased_high,3,8,0.12283238830845399,0.1170746201064952,0.00575776820195878,0.12283238830845399,0.0,0.0,0.0
8,fsg_debiased_high,3,9,0.12198165397011472,0.1162637639402656,0.005717890029849127,0.12198165397011472,0.0,0.0,0.0
8,fsg_debiased_high,3,10,0.18034690415860596,0.1718931430261713,0.008453761132434654,0.18034690415860596,0.0,0.0,0.0
8,fsg_debiased_high,3,11,0.08694174004674532,0.08286634598205413,0.004075394064691187,0.08694174004674532,0.0,0.0,0.0
8,fsg_debiased_high,4,8,0.1612008096027245,0.15112575900255423,0.010075050600170282,0.1612008096027245,0.0,0.0,0.0
8,fsg_debiased_high,4,9,0.12252141738569707,0.114863828799091,0.007657588586606067,0.12252141738569707,0.0,0.0,0.0
8,fsg_debiased_high,4,10,0.16738081707370783,0.1569195160066011,0.01046130106710674,0.16738081707370783,0.0,0.0,0.0
8,fsg_debiased_high,4,11,0.06313843085728355,0.059192278928703324,0.003946151928580222,0.06313843085728355,0.0,0.0,0.0
8,fsg_debiased_high,5,8,0.19753157781754901,0.182099423300553,0.015432154516996017,0.19753157781754901,0.0,0.0,0.0
8,fsg_debiased_high,5,9,0.11952069357853506,0.11018313939271202,0.009337554185823053,0.11952069357853506,0.0,0.0,0.0
8,fsg_debiased_high,5,10,0.34809892498124917,0.32090369646708905,0.02719522851416009,0.34809892498124917,0.0,0.0,0.0
8,fsg_debiased_high,5,11,0.06122702860344375,0.056443666993799706,0.004783361609644043,0.06122702860344375,0.0,0.0,0.0
8,fsg_debiased_high,6,8,0.21959788372146266,0.19901058212257552,0.020587301598887123,0.21959788372146266,0.0,0.0,0.0
8,fsg_debiased_high,6,9,0.1352976757722989,0.12261351866864588,0.012684157103653022,0.1352976757722989,0.0,0.0,0.0
8,fsg_debiased_high,6,10,0.31233038591824686,0.28304941223841124,0.02928097367983564,0.31233038591824686,0.0,0.0,0.0
8,fsg_debiased_high,6,11,0.06409953829337732,0.058090206578373195,0.006009331715004123,0.06409953829337732,0.0,0.0,0.0
8,fsg_debiased_high,7,8,0.23191446379846584,0.20654881932050864,0.0253656444779572,0.23191446379846584,0.0,0.0,0.0
8,fsg_debiased_high,7,9,0.19426406063308455,0.17301642900134093,0.021247631631743622,0.19426406063308455,0.0,0.0,0.0
8,fsg_debiased_high,7,10,0.2228717105815972,0.198495117236735,0.024376593344862193,0.2228717105815972,0.0,0.0,0.0
8,fsg_debiased_high,7,11,0.06803029034236141,0.06058947733616563,0.007440813006195779,0.06803029034236141,0.0,0.0,0.0
8,fsg_debiased_high,8,8,0.2648120116553246,0.23171051019840902,0.03310150145691557,0.2648120116553246,0.0,0.0,0.0
8,fsg_debiased_high,8,9,0.2533907714929813,0.22171692505635862,0.03167384643662266,0.2533907714929813,0.0,0.0,0.0
8,fsg_debiased_high,8,10,0.2138577816613417,0.187125558953674,0.026732222707667713,0.2138577816613417,0.0,0.0,0.0
8,fsg_debiased_high,8,11,0.07473774179951478,0.06539552407457544,0.009342217724939348,0.07473774179951478,0.0,0.0,0.0
8,fsg_debiased_high,9,8,0.23931685039116327,0.20566291830490593,0.03365393208625733,0.23931685039116327,0.0,0.0,0.0
8,fsg_debiased_high,9,9,0.23560929089173838,0.20247673436008767,0.03313255653165071,0.23560929089173838,0.0,0.0,0.0
8,fsg_debiased_high,9,10,0.2099099774515615,0.18039138687243567,0.02951859057912584,0.2099099774515615,0.0,0.0,0.0
8,fsg_debiased_high,9,11,0.08020525140268546,0.06892638792418282,0.011278863478502642,0.08020525140268546,0.0,0.0,0.0
8,fsg_debiased_high,10,8,0.21811904577723049,0.18403794487453823,0.034081100902692264,0.21811904577723049,0.0,0.0,0.0
8,fsg_debiased_high,10,9,0.2550793478274116,0.21522319972937853,0.03985614809803306,0.2550793478274116,0.0,0.0,0.0
8,fsg_debiased_high,10,10,0.19843274391098117,0.16742762767489036,0.03100511623609081,0.19843274391098117,0.0,0.0,0.0
8,fsg_debiased_high,10,11,0.08680826023121367,0.07324446957008654,0.013563790661127137,0.08680826023121367,0.0,0.0,0.0
8,fsg_debiased_high,11,8,0.20339422612911146,0.16843584351317042,0.03495838261594103,0.20339422612911146,0.0,0.0,0.0
8,fsg_debiased_high,11,9,0.25526688924472873,0.21139289265579098,0.04387399658893775,0.25526688924472873,0.0,0.0,0.0
8,fsg_debiased_high,11,10,0.18805693129032525,0.1557346462248006,0.032322285065524654,0.18805693129032525,0.0,0.0,0.0
8,fsg_debiased_high,11,11,0.09429874863191426,0.078091151210804,0.016207597421110262,0.09429874863191426,0.0,0.0,0.0
8,fsg_debiased_high,12,8,0.188129406911782,0.15285514311582288,0.035274263795959125,0.188129406911782,0.0,0.0,0.0
8,fsg_debiased_high,12,9,0.22000424339392688,0.17875344775756558,0.04125079563636129,0.22000424339392688,0.0,0.0,0.0
8,fsg_debiased_high,12,10,0.17662931067855292,0.14351131492632424,0.03311799575222867,0.17662931067855292,0.0,0.0,0.0
8,fsg_debiased_high,12,11,0.11848694327891592,0.09627064141411919,0.022216301864796735,0.11848694327891592,0.0,0.0,0.0
8,fsg_debiased_high,13,8,0.195524600485156,0.15580866601160867,0.039715934473547314,0.195524600485156,0.0,0.0,0.0
8,fsg_debiased_high,13,9,0.22165820119204327,0.1766338790749095,0.04502432211713379,0.22165820119204327,0.0,0.0,0.0
8,fsg_debiased_high,13,10,0.17835026846364121,0.1421228701819641,0.03622739828167712,0.17835026846364121,0.0,0.0,0.0
8,fsg_debiased_high,13,11,0.14293023098696814,0.11389752781774024,0.029032703169227903,0.14293023098696814,0.0,0.0,0.0
8,fsg_debiased_high,14,8,0.20437160744498375,0.15966531831639355,0.0447062891285902,0.20437160744498375,0.0,0.0,0.0
8,fsg_debiased_high,14,9,0.2203585112399916,0.17215508690624343,0.04820342433374816,0.2203585112399916,0.0,0.0,0.0
8,fsg_debiased_high,14,10,0.1815240624043757,0.14181567375341853,0.03970838865095719,0.1815240624043757,0.0,0.0,0.0
8,fsg_debiased_high,14,11,0.18131942483975327,0.14165580065605723,0.039663624183696025,0.18131942483975327,0.0,0.0,0.0
8,fsg_debiased_high,15,8,0.21297504057845265,0.16305901544287782,0.04991602513557484,0.21297504057845265,0.0,0.0,0.0
8,fsg_debiased_high,15,9,0.21351018613737563,0.16346873626142822,0.050041449875947414,0.21351018613737563,0.0,0.0,0.0
8,fsg_debiased_high,15,10,0.18632856446101484,0.14265780716546447,0.04367075729555035,0.18632856446101484,0.0,0.0,0.0
8,fsg_debiased_high,15,11,0.20014613615872548,0.1532368854965242,0.046909250662201286,0.20014613615872548,0.0,0.0,0.0
8,fsg_debiased_high,16,8,0.1935092719153568,0.1451319539365176,0.0483773179788392,0.1935092719153568,0.0,0.0,0.0
8,fsg_debiased_high,16,9,0.2037919871134369,0.15284399033507767,0.05094799677835923,0.2037919871134369,0.0,0.0,0.0
8,fsg_debiased_high,16,10,0.20111107248367915,0.15083330436275938,0.05027776812091979,0.20111107248367915,0.0,0.0,0.0
8,fsg_debiased_high,16,11,0.16495876665829357,0.12371907499372017,0.04123969166457339,0.16495876665829357,0.0,0.0,0.0
8,fsg_debiased_high,17,8,0.18465824132784558,0.1356083959751366,0.04904984535270898,0.18465824132784558,0.0,0.0,0.0
8,fsg_debiased_high,17,9,0.20520485698387708,0.15069731684753473,0.05450754013634235,0.20520485698387708,0.0,0.0,0.0
8,fsg_debiased_high,17,10,0.19562437381583833,0.14366164952100627,0.051962724294832056,0.19562437381583833,0.0,0.0,0.0
8,fsg_debiased_high,17,11,0.16692836565708824,0.12258801852942418,0.04434034712766406,0.16692836565708824,0.0,0.0,0.0
8,fsg_debiased_high,18,8,0.1831707731216471,0.13165399318118384,0.05151677994046325,0.1831707731216471,0.0,0.0,0.0
8,fsg_debiased_high,18,9,0.20061988297166528,0.1441955408858844,0.05642434208578086,0.20061988297166528,0.0,0.0,0.0
8,fsg_debiased_high,18,10,0.18392564643099651,0.13219655837227876,0.05172908805871777,0.18392564643099651,0.0,0.0,0.0
8,fsg_debiased_high,18,11,0.16739356068586278,0.12031412174296387,0.047079438942898906,0.16739356068586278,0.0,0.0,0.0
8,fsg_debiased_high,19,8,0.18712878099985264,0.13157492414052138,0.05555385685933125,0.18712878099985264,0.0,0.0,0.0
8,fsg_debiased_high,19,9,0.19388235953669422,0.13632353404923814,0.0575588254874561,0.19388235953669422,0.0,0.0,0.0
8,fsg_debiased_high,19,10,0.17182362078898053,0.12081348336725194,0.051010137421728594,0.17182362078898053,0.0,0.0,0.0
8,fsg_debiased_high,19,11,0.16549318358931095,0.11636239471123426,0.04913078887807669,0.16549318358931095,0.0,0.0,0.0
8,fsg_debiased_high,20,8,0.19001884670168137,0.13063795710740594,0.05938088959427543,0.19001884670168137,0.0,0.0,0.0
8,fsg_debiased_high,20,9,0.1781670887922618,0.12248987354468,0.05567721524758182,0.1781670887922618,0.0,0.0,0.0
8,fsg_debiased_high,20,10,0.15367906780024287,0.10565435911266698,0.0480247086875759,0.15367906780024287,0.0,0.0,0.0
8,fsg_debiased_high,20,11,0.15308985002155467,0.10524927188981884,0.04784057813173584,0.15308985002155467,0.0,0.0,0.0
8,fsg_debiased_high,21,8,0.18470975595486233,0.12410186728217312,0.0606078886726892,0.18470975595486233,0.0,0.0,0.0
8,fsg_debiased_high,21,9,0.17672457914298523,0.1187368266116932,0.05798775253129203,0.17672457914298523,0.0,0.0,0.0
8,fsg_debiased_high,21,10,0.15497454517867135,0.10412352254191981,0.050851022636751536,0.15497454517867135,0.0,0.0,0.0
8,fsg_debiased_high,21,11,0.15108303930473624,0.10150891703286966,0.049574122271866576,0.15108303930473624,0.0,0.0,0.0
8,fsg_debiased_high,22,8,0.17955366950471402,0.11783209561246857,0.061721573892245446,0.17955366950471402,0.0,0.0,0.0
8,fsg_debiased_high,22,9,0.1749128424192981,0.11478655283766438,0.06012628958163373,0.1749128424192981,0.0,0.0,0.0
8,fsg_debiased_high,22,10,0.15747940967682397,0.10334586260041573,0.05413354707640824,0.15747940967682397,0.0,0.0,0.0
8,fsg_debiased_high,22,11,0.1477899105697779,0.09698712881141675,0.05080278175836115,0.1477899105697779,0.0,0.0,0.0
8,fsg_debiased_high,23,8,0.1747343963874132,0.11193922268568658,0.06279517370172662,0.1747343963874132,0.0,0.0,0.0
8,fsg_debiased_high,23,9,0.17207046836540857,0.11023264379658987,0.06183782456881871,0.17207046836540857,0.0,0.0,0.0
8,fsg_debiased_high,23,10,0.15941456067201504,0.10212495293050963,0.057289607741505405,0.15941456067201504,0.0,0.0,0.0
8,fsg_debiased_high,23,11,0.145013375122602,0.09289919343791692,0.052114181684685096,0.145013375122602,0.0,0.0,0.0
8,fsg_debiased_high,24,8,0.1528349261512881,0.09552182884455507,0.057313097306733035,0.1528349261512881,0.0,0.0,0.0
8,fsg_debiased_high,24,9,0.16119134076251884,0.10074458797657428,0.060446752785944566,0.16119134076251884,0.0,0.0,0.0
8,fsg_debiased_high,24,10,0.1483458217099573,0.09271613856872332,0.05562968314123399,0.1483458217099573,0.0,0.0,0.0
8,fsg_debiased_high,24,11,0.1394180978245394,0.08713631114033712,0.052281786684202275,0.1394180978245394,0.0,0.0,0.0
8,fsg_debiased_high,25,8,0.14726635893694537,0.08974043747720109,0.057525921459744285,0.14726635893694537,0.0,0.0,0.0
8,fsg_debiased_high,25,9,0.15851091258057662,0.09659258735378888,0.061918325226787745,0.15851091258057662,0.0,0.0,0.0
8,fsg_debiased_high,25,10,0.14316471205564657,0.08724099640890963,0.05592371564673694,0.14316471205564657,0.0,0.0,0.0
8,fsg_debiased_high,25,11,0.13949704755190506,0.08500601335194215,0.054491034199962915,0.13949704755190506,0.0,0.0,0.0
8,fsg_debiased_high,26,8,0.1446289632714345,0.08587344694241424,0.05875551632902027,0.1446289632714345,0.0,0.0,0.0
8,fsg_debiased_high,26,9,0.15595442338261797,0.09259793888342942,0.06335648449918856,0.15595442338261797,0.0,0.0,0.0
8,fsg_debiased_high,26,10,0.13909082313819493,0.08258517623830323,0.05650564689989169,0.13909082313819493,0.0,0.0,0.0
8,fsg_debiased_high,26,11,0.13947752223933596,0.08281477882960572,0.05666274340973024,0.13947752223933596,0.0,0.0,0.0
8,fsg_debiased_high,27,8,0.14333880887864797,0.08286774888296836,0.060471059995679616,0.14333880887864797,0.0,0.0,0.0
8,fsg_debiased_high,27,9,0.15421551509852108,0.0891558446663325,0.06505967043218858,0.15421551509852108,0.0,0.0,0.0
8,fsg_debiased_high,27,10,0.13798597525284745,0.07977314194305243,0.058212833309795015,0.13798597525284745,0.0,0.0,0.0
8,fsg_debiased_high,27,11,0.13904759479094841,0.08038689073851706,0.05866070405243136,0.13904759479094841,0.0,0.0,0.0
8,fsg_debiased_high,28,8,0.13269863237724394,0.07464298071219971,0.05805565166504423,0.13269863237724394,0.0,0.0,0.0
8,fsg_debiased_high,28,9,0.14702294894919302,0.08270040878392107,0.06432254016527195,0.14702294894919302,0.0,0.0,0.0
8,fsg_debiased_high,28,10,0.13371501067492494,0.07521469350464528,0.05850031717027966,0.13371501067492494,0.0,0.0,0.0
8,fsg_debiased_high,28,11,0.1341449979270437,0.07545656133396209,0.05868843659308162,0.1341449979270437,0.0,0.0,0.0
8,fsg_debiased_high,29,8,0.13130462680939908,0.07180721778639013,0.05949740902300896,0.13130462680939908,0.0,0.0,0.0
8,fsg_debiased_high,29,9,0.14409262425924052,0.07880065389177215,0.06529197036746837,0.14409262425924052,0.0,0.0,0.0
8,fsg_debiased_high,29,10,0.13377649118006424,0.07315901861409763,0.060617472565966606,0.13377649118006424,0.0,0.0,0.0
8,fsg_debiased_high,29,11,0.13418139813338742,0.07338045210419625,0.06080094602919117,0.13418139813338742,0.0,0.0,0.0
8,fsg_debiased_high,30,8,0.12942723924823418,0.06875822085062441,0.06066901839760977,0.12942723924823418,0.0,0.0,0.0
8,fsg_debiased_high,30,9,0.14057275166177724,0.07467927432031916,0.06589347734145808,0.14057275166177724,0.0,0.0,0.0
8,fsg_debiased_high,30,10,0.1335457559021622,0.07094618282302366,0.06259957307913853,0.1335457559021622,0.0,0.0,0.0
8,fsg_debiased_high,30,11,0.13446501618925993,0.07143453985054433,0.0630304763387156,0.13446501618925993,0.0,0.0,0.0
8,fsg_debiased_high,31,8,0.1272329266013589,0.06560447777882568,0.06162844882253322,0.1272329266013589,0.0,0.0,0.0
8,fsg_debiased_high,31,9,0.1369055843188247,0.070591941914394,0.06631364240443072,0.1369055843188247,0.0,0.0,0.0
8,fsg_debiased_high,31,10,0.13241457777942153,0.06827626666751423,0.0641383111119073,0.13241457777942153,0.0,0.0,0.0
8,fsg_debiased_high,31,11,0.13428932985500577,0.06924293570648735,0.06504639414851843,0.13428932985500577,0.0,0.0,0.0
8,fsg_debiased_high,32,8,0.12000052118099255,0.06000026059049628,0.06000026059049628,0.12000052118099255,0.0,0.0,0.0
8,fsg_debiased_high,32,9,0.12905432275024142,0.06452716137512071,0.06452716137512071,0.12905432275024142,0.0,0.0,0.0
8,fsg_debiased_high,32,10,0.12269821034601323,0.06134910517300662,0.06134910517300662,0.12269821034601323,0.0,0.0,0.0
8,fsg_debiased_high,32,11,0.13083891492364932,0.06541945746182466,0.06541945746182466,0.13083891492364932,0.0,0.0,0.0
8,fsg_debiased_high,33,8,0.11748240110262408,0.05690553803408354,0.060576863068540536,0.11748240110262408,0.0,0.0,0.0
8,fsg_debiased_high,33,9,0.1270185728880081,0.061524621242628925,0.06549395164537918,0.1270185728880081,0.0,0.0,0.0
8,fsg_debiased_high,33,10,0.12083617863216456,0.058530024024954705,0.062306154607209854,0.12083617863216456,0.0,0.0,0.0
8,fsg_debiased_high,33,11,0.1295088477741841,0.06273084814062042,0.06677799963356366,0.1295088477741841,0.0,0.0,0.0
8,fsg_debiased_high,34,8,0.11491736994362212,0.05386751716107287,0.06104985278254925,0.11491736994362212,0.0,0.0,0.0
8,fsg_debiased_high,34,9,0.12543663362593388,0.05879842201215651,0.06663821161377738,0.12543663362593388,0.0,0.0,0.0
8,fsg_debiased_high,34,10,0.1192107310244851,0.055880030167727385,0.06333070085675771,0.1192107310244851,0.0,0.0,0.0
8,fsg_debiased_high,34,11,0.12906591491452543,0.060499647616183795,0.06856626729834163,0.12906591491452543,0.0,0.0,0.0
8,fsg_debiased_high,35,8,0.11242633160229334,0.05094318150728917,0.06148315009500417,0.11242633160229334,0.0,0.0,0.0
8,fsg_debiased_high,35,9,0.1242256440562138,0.05628974496297188,0.06793589909324192,0.1242256440562138,0.0,0.0,0.0
8,fsg_debiased_high,35,10,0.11744288285623392,0.05321630629423099,0.06422657656200292,0.11744288285623392,0.0,0.0,0.0
8,fsg_debiased_high,35,11,0.1281417991071837,0.05806425272044262,0.07007754638674109,0.1281417991071837,0.0,0.0,0.0
8,fsg_debiased_high,36,8,0.10790460627189966,0.0472082652439561,0.06069634102794356,0.10790460627189966,0.0,0.0,0.0
8,fsg_debiased_high,36,9,0.12009544554903967,0.05254175742770485,0.06755368812133482,0.12009544554903967,0.0,0.0,0.0
8,fsg_debiased_high,36,10,0.11120159059814076,0.048650695886686586,0.06255089471145418,0.11120159059814076,0.0,0.0,0.0
8,fsg_debiased_high,36,11,0.12053864706906153,0.052735658092714424,0.06780298897634711,0.12053864706906153,0.0,0.0,0.0
8,fsg_debiased_high,37,8,0.10670575883559716,0.045016492008767554,0.061689266826829604,0.10670575883559716,0.0,0.0,0.0
8,fsg_debiased_high,37,9,0.11893610034530346,0.0501761673331749,0.06875993301212856,0.11893610034530346,0.0,0.0,0.0
8,fsg_debiased_high,37,10,0.10940625923368155,0.04615576561420941,0.06325049361947215,0.10940625923368155,0.0,0.0,0.0
8,fsg_debiased_high,37,11,0.11837774137607343,0.04994060964303098,0.06843713173304246,0.11837774137607343,0.0,0.0,0.0
8,fsg_debiased_high,38,8,0.10598903950507121,0.043058047298935184,0.06293099220613603,0.10598903950507121,0.0,0.0,0.0
8,fsg_debiased_high,38,9,0.11774739427614798,0.04783487892468512,0.06991251535146287,0.11774739427614798,0.0,0.0,0.0
8,fsg_debiased_high,38,10,0.10770979588464319,0.043757104578136294,0.0639526913065069,0.10770979588464319,0.0,0.0,0.0
8,fsg_debiased_high,38,11,0.11664522333049396,0.04738712197801317,0.06925810135248078,0.11664522333049396,0.0,0.0,0.0
8,fsg_debiased_high,39,8,0.10557421899887602,0.04123992929643595,0.06433428970244008,0.10557421899887602,0.0,0.0,0.0
8,fsg_debiased_high,39,9,0.11657109797159015,0.04553558514515241,0.07103551282643775,0.11657109797159015,0.0,0.0,0.0
8,fsg_debiased_high,39,10,0.10603497136468283,0.04141991068932923,0.0646150606753536,0.10603497136468283,0.0,0.0,0.0
8,fsg_debiased_high,39,11,0.11511644909930786,0.04496736292941714,0.07014908616989073,0.11511644909930786,0.0,0.0,0.0
8,fsg_debiased_high,40,8,0.10092914934166423,0.037848431003124086,0.06308071833854015,0.10092914934166423,0.0,0.0,0.0
8,fsg_debiased_high,40,9,0.11156347037952029,0.041836301392320106,0.06972716898720017,0.11156347037952029,0.0,0.0,0.0
8,fsg_debiased_high,40,10,0.10093524429680542,0.03785071661130203,0.06308452768550339,0.10093524429680542,0.0,0.0,0.0
8,fsg_debiased_high,40,11,0.10952469541698315,0.04107176078136868,0.06845293463561447,0.10952469541698315,0.0,0.0,0.0
8,fsg_debiased_high,41,8,0.09929091559289223,0.03568267279119564,0.06360824280169658,0.09929091559289223,0.0,0.0,0.0
8,fsg_debiased_high,41,9,0.11040450271628868,0.039676618163666244,0.07072788455262244,0.11040450271628868,0.0,0.0,0.0
8,fsg_debiased_high,41,10,0.0989457003294661,0.035558611055901884,0.06338708927356422,0.0989457003294661,0.0,0.0,0.0
8,fsg_debiased_high,41,11,0.10827931965179764,0.03891288049986478,0.06936643915193287,0.10827931965179764,0.0,0.0,0.0
8,fsg_debiased_high,42,8,0.09807968463362397,0.033714891592808244,0.06436479304081573,0.09807968463362397,0.0,0.0,0.0
8,fsg_debiased_high,42,9,0.1091072412422046,0.03750561417700783,0.07160162706519677,0.1091072412422046,0.0,0.0,0.0
8,fsg_debiased_high,42,10,0.09707080740291181,0.033368090044750935,0.06370271735816088,0.09707080740291181,0.0,0.0,0.0
8,fsg_debiased_high,42,11,0.1070152833713378,0.036786503658897365,0.07022877971244043,0.1070152833713378,0.0,0.0,0.0
8,fsg_debiased_high,43,8,0.09688922290829037,0.03179177626678278,0.06509744664150759,0.09688922290829037,0.0,0.0,0.0
8,fsg_debiased_high,43,9,0.10760288722800204,0.03530719737168817,0.07229568985631388,0.10760288722800204,0.0,0.0,0.0
8,fsg_debiased_high,43,10,0.09509582964290304,0.031203319101577563,0.06389251054132548,0.09509582964290304,0.0,0.0,0.0
8,fsg_debiased_high,43,11,0.10566303052679335,0.03467068189160407,0.07099234863518929,0.10566303052679335,0.0,0.0,0.0
8,fsg_debiased_high,44,8,0.09405391773084537,0.02939184929088918,0.0646620684399562,0.09405391773084537,0.0,0.0,0.0
8,fsg_debiased_high,44,9,0.10229098900257734,0.03196593406330542,0.07032505493927192,0.10229098900257734,0.0,0.0,0.0
8,fsg_debiased_high,44,10,0.0911066050108915,0.028470814065903596,0.0626357909449879,0.0911066050108915,0.0,0.0,0.0
8,fsg_debiased_high,44,11,0.1010564450869659,0.03158013908967684,0.06947630599728906,0.1010564450869659,0.0,0.0,0.0
8,fsg_debiased_high,45,8,0.09262054347647046,0.02749672384457717,0.06512381963189329,0.09262054347647046,0.0,0.0,0.0
8,fsg_debiased_high,45,9,0.1003758369993258,0.029799076609174847,0.07057676039015096,0.1003758369993258,0.0,0.0,0.0
8,fsg_debiased_high,45,10,0.08928708002046003,0.02650710188107407,0.06277997813938596,0.08928708002046003,0.0,0.0,0.0
8,fsg_debiased_high,45,11,0.09958892898350817,0.02956546329197899,0.07002346569152919,0.09958892898350817,0.0,0.0,0.0
8,fsg_debiased_high,46,8,0.09097801602883539,0.025587567008109952,0.06539044902072544,0.09097801602883539,0.0,0.0,0.0
8,fsg_debiased_high,46,9,0.09839219468873858,0.027672804756207727,0.07071938993253085,0.09839219468873858,0.0,0.0,0.0
8,fsg_debiased_high,46,10,0.0875978010183254,0.024636881536404018,0.06296091948192138,0.0875978010183254,0.0,0.0,0.0
8,fsg_debiased_high,46,11,0.09783165531952594,0.02751515305861667,0.07031650226090927,0.09783165531952594,0.0,0.0,0.0
8,fsg_debiased_high,47,8,0.08927570532933143,0.02371385922810366,0.06556184610122777,0.08927570532933143,0.0,0.0,0.0
8,fsg_debiased_high,47,9,0.09635494966158804,0.025594283503859325,0.07076066615772872,0.09635494966158804,0.0,0.0,0.0
8,fsg_debiased_high,47,10,0.08594502502994994,0.02282914727358045,0.06311587775636948,0.08594502502994994,0.0,0.0,0.0
8,fsg_debiased_high,47,11,0.0958016431107632,0.025447311451296473,0.07035433165946672,0.0958016431107632,0.0,0.0,0.0
12,fsg_debiased_high,0,12,0.07612778400710937,0.07612778400710937,0.0,0.07612778400710937,0.0,0.0,0.0
12,fsg_debiased_high,0,13,0.11515622339986245,0.11515622339986245,0.0,0.11515622339986245,0.0,0.0,0.0
12,fsg_debiased_high,0,14,0.1264595213880287,0.1264595213880287,0.0,0.1264595213880287,0.0,0.0,0.0
12,fsg_debiased_high,0,15,0.1581483357928687,0.1581483357928687,0.0,0.1581483357928687,0.0,0.0,0.0
12,fsg_debiased_high,1,12,0.12611513032658328,0.12414458141523041,0.0019705489113528638,0.12611513032658328,0.0,0.0,0.0
12,fsg_debiased_high,1,13,0.1235949460456106,0.12166377501364793,0.0019311710319626656,0.1235949460456106,0.0,0.0,0.0
12,fsg_debiased_high,1,14,0.10712258089609426,0.10544879056959279,0.0016737903265014729,0.10712258089609426,0.0,0.0,0.0
12,fsg_debiased_high,1,15,0.1487595725460376,0.14643520422500578,0.0023243683210318377,0.1487595725460376,0.0,0.0,0.0
12,fsg_debiased_high,2,12,0.24817036456769653,0.240415040674956,0.007755323892740517,0.24817036456769653,0.0,0.0,0.0
12,fsg_debiased_high,2,13,0.12489045045170064,0.12098762387508499,0.003902826576615645,0.12489045045170064,0.0,0.0,0.0
12,fsg_debiased_high,2,14,0.0882743443804619,0.08551577111857246,0.0027585732618894345,0.0882743443804619,0.0,0.0,0.0
12,fsg_debiased_high,2,15,0.138523511835207,0.13419465209035678,0.004328859744850219,0.138523511835207,0.0,0.0,0.0
12,fsg_debiased_high,3,12,0.23019454841906306,0.2194041789619195,0.010790369457143581,0.23019454841906306,0.0,0.0,0.0
12,fsg_debiased_high,3,13,0.12804297992937047,0.12204096524518122,0.006002014684189241,0.12804297992937047,0.0,0.0,0.0
12,fsg_debiased_high,3,14,0.08576427757394227,0.08174407706266372,0.004020200511278544,0.08576427757394227,0.0,0.0,0.0
12,fsg_debiased_high,3,15,0.1310343907362709,0.12489215367050821,0.006142237065762699,0.1310343907362709,0.0,0.0,0.0
12,fsg_debiased_high,4,12,0.224284876771509,0.21026707197328967,0.014017804798219312,0.224284876771509,0.0,0.0,0.0
12,fsg_debiased_high,4,13,0.17662042700473593,0.16558165031693994,0.011038776687795996,0.17662042700473593,0.0,0.0,0.0
12,fsg_debiased_high,4,14,0.08021631546302177,0.07520279574658291,0.005013519716438861,0.08021631546302177,0.0,0.0,0.0
12,fsg_debiased_high,4,15,0.10576449228343539,0.09915421151572068,0.006610280767714712,0.10576449228343539,0.0,0.0,0.0
12,fsg_debiased_high,5,12,0.2596860204496533,0.2393980501020241,0.020287970347629164,0.2596860204496533,0.0,0.0,0.0
12,fsg_debiased_high,5,13,0.18348363678710558,0.16914897766311296,0.014334659123992623,0.18348363678710558,0.0,0.0,0.0
12,fsg_debiased_high,5,14,0.07433094903396811,0.06852384364068935,0.005807105393278758,0.07433094903396811,0.0,0.0,0.0
12,fsg_debiased_high,5,15,0.09165351753506173,0.08449308647763504,0.007160431057426698,0.09165351753506173,0.0,0.0,0.0
12,fsg_debiased_high,6,12,0.24272200983654574,0.21996682141436957,0.022755188422176165,0.24272200983654574,0.0,0.0,0.0
12,fsg_debiased_high,6,13,0.17696094041351598,0.16037085224974887,0.016590088163767124,0.17696094041351598,0.0,0.0,0.0
12,fsg_debiased_high,6,14,0.06628706200984257,0.06007264994641982,0.00621441206342274,0.06628706200984257,0.0,0.0,0.0
12,fsg_debiased_high,6,15,0.08172262501843865,0.07406112892296002,0.0076614960954786235,0.08172262501843865,0.0,0.0,0.0
12,fsg_debiased_high,7,12,0.1729274330401528,0.1540134950513861,0.018913937988766713,0.1729274330401528,0.0,0.0,0.0
12,fsg_debiased_high,7,13,0.16085914011910332,0.14326517166857639,0.017593968450526926,0.16085914011910332,0.0,0.0,0.0
12,fsg_debiased_high,7,14,0.05922696330090188,0.05274901418986574,0.006477949111036143,0.05922696330090188,0.0,0.0,0.0
12,fsg_debiased_high,7,15,0.07571454767872017,0.06743326902636015,0.008281278652360018,0.07571454767872017,0.0,0.0,0.0
12,fsg_debiased_high,8,12,0.1278301535821467,0.11185138438437836,0.015978769197768337,0.1278301535821467,0.0,0.0,0.0
12,fsg_debiased_high,8,13,0.09265215709197959,0.08107063745548214,0.011581519636497449,0.09265215709197959,0.0,0.0,0.0
12,fsg_debiased_high,8,14,0.06602191222432946,0.05776917319628828,0.008252739028041182,0.06602191222432946,0.0,0.0,0.0
12,fsg_debiased_high,8,15,0.06666687875985218,0.05833351891487066,0.008333359844981523,0.06666687875985218,0.0,0.0,0.0
12,fsg_debiased_high,9,12,0.11908303004626444,0.1023369789460085,0.016746051100255937,0.11908303004626444,0.0,0.0,0.0
12,fsg_debiased_high,9,13,0.07857871964070882,0.06752858719123414,0.011050132449474679,0.07857871964070882,0.0,0.0,0.0
12,fsg_debiased_high,9,14,0.07770205953674751,0.0667752074143924,0.010926852122355118,0.07770205953674751,0.0,0.0,0.0
12,fsg_debiased_high,9,15,0.0668461712710964,0.05744592843609847,0.009400242834997932,0.0668461712710964,0.0,0.0,0.0
12,fsg_debiased_high,10,12,0.11002793312352163,0.09283606857297137,0.017191864550550256,0.11002793312352163,0.0,0.0,0.0
12,fsg_debiased_high,10,13,0.0738448835076971,0.06230662045961943,0.011538263048077674,0.0738448835076971,0.0,0.0,0.0
12,fsg_debiased_high,10,14,0.08867667427240866,0.07482094391734481,0.013855730355063853,0.08867667427240866,0.0,0.0,0.0
12,fsg_debiased_high,10,15,0.06860396672487451,0.057884596924112866,0.010719369800761642,0.06860396672487451,0.0,0.0,0.0
12,fsg_debiased_high,11,12,0.10805764092209486,0.08948523388860981,0.018572407033485054,0.10805764092209486,0.0,0.0,0.0
12,fsg_debiased_high,11,13,0.07393090358806446,0.06122402953386588,0.01270687405419858,0.07393090358806446,0.0,0.0,0.0
12,fsg_debiased_high,11,14,0.09499906614278983,0.07867110164949782,0.016327964493292,0.09499906614278983,0.0,0.0,0.0
12,fsg_debiased_high,11,15,0.07194311334120358,0.059577890735684216,0.012365222605519366,0.07194311334120358,0.0,0.0,0.0
12,fsg_debiased_high,12,12,0.12408446591963988,0.1008186285597074,0.023265837359932477,0.12408446591963988,0.0,0.0,0.0
12,fsg_debiased_high,12,13,0.09081183815573872,0.07378461850153771,0.01702721965420101,0.09081183815573872,0.0,0.0,0.0
12,fsg_debiased_high,12,14,0.10927784874059501,0.08878825210173345,0.020489596638861567,0.10927784874059501,0.0,0.0,0.0
12,fsg_debiased_high,12,15,0.08414285707091616,0.06836607137011938,0.01577678570079678,0.08414285707091616,0.0,0.0,0.0
12,fsg_debiased_high,13,12,0.13762784830302874,0.10967219161647603,0.027955656686552713,0.13762784830302874,0.0,0.0,0.0
12,fsg_debiased_high,13,13,0.09714090367700755,0.0774091576176154,0.01973174605939216,0.09714090367700755,0.0,0.0,0.0
12,fsg_debiased_high,13,14,0.10997467016073188,0.08763606528433322,0.022338604876398663,0.10997467016073188,0.0,0.0,0.0
12,fsg_debiased_high,13,15,0.09336855579361929,0.07440306789804037,0.018965487895578916,0.09336855579361929,0.0,0.0,0.0
12,fsg_debiased_high,14,12,0.15461483561837927,0.1207928403268588,0.03382199529152047,0.15461483561837927,0.0,0.0,0.0
12,fsg_debiased_high,14,13,0.09994630474765029,0.07808305058410178,0.0218632541635485,0.09994630474765029,0.0,0.0,0.0
12,fsg_debiased_high,14,14,0.11068431172231998,0.08647211853306248,0.024212193189257495,0.11068431172231998,0.0,0.0,0.0
12,fsg_debiased_high,14,15,0.10612924569801066,0.08291347320157083,0.023215772496439833,0.10612924569801066,0.0,0.0,0.0
12,fsg_debiased_high,15,12,0.14468486099055938,0.11077434669589703,0.03391051429466235,0.14468486099055938,0.0,0.0,0.0
12,fsg_debiased_high,15,13,0.10535275041588552,0.08066069953716234,0.024692050878723167,0.10535275041588552,0.0,0.0,0.0
12,fsg_debiased_high,15,14,0.11348153192011554,0.08688429787633846,0.02659723404377708,0.11348153192011554,0.0,0.0,0.0
12,fsg_debiased_high,15,15,0.12362512882612137,0.09465048925749917,0.028974639568622194,0.12362512882612137,0.0,0.0,0.0
12,fsg_debiased_high,16,12,0.11304483156918,0.084783623676885,0.028261207892295,0.11304483156918,0.0,0.0,0.0
12,fsg_debiased_high,16,13,0.10450103159537547,0.07837577369653159,0.026125257898843866,0.10450103159537547,0.0,0.0,0.0
12,fsg_debiased_high,16,14,0.11478708599727357,0.08609031449795518,0.02869677149931839,0.11478708599727357,0.0,0.0,0.0
12,fsg_debiased_high,16,15,0.16229638221834178,0.12172228666375634,0.040574095554585445,0.16229638221834178,0.0,0.0,0.0
12,fsg_debiased_high,17,12,0.112750785443372,0.08280135805997631,0.029949427383395687,0.112750785443372,0.0,0.0,0.0
12,fsg_debiased_high,17,13,0.10904287758460258,0.08007836322619252,0.028964514358410062,0.10904287758460258,0.0,0.0,0.0
12,fsg_debiased_high,17,14,0.1237121241689056,0.09085109118654006,0.03286103298236555,0.1237121241689056,0.0,0.0,0.0
12,fsg_debiased_high,17,15,0.16820119643108974,0.12352275362908154,0.044678442802008216,0.16820119643108974,0.0,0.0,0.0
12,fsg_debiased_high,18,12,0.1196130620929331,0.08597188837929566,0.03364117371363744,0.1196130620929331,0.0,0.0,0.0
12,fsg_debiased_high,18,13,0.11291032633527122,0.08115429705347618,0.03175602928179503,0.11291032633527122,0.0,0.0,0.0
12,fsg_debiased_high,18,14,0.13109821491497606,0.09422684197013904,0.036871372944837014,0.13109821491497606,0.0,0.0,0.0
12,fsg_debiased_high,18,15,0.16996604792098988,0.12216309694321148,0.047802950977778404,0.16996604792098988,0.0,0.0,0.0
12,fsg_debiased_high,19,12,0.12714057122698924,0.0893957141439768,0.03774485708301243,0.12714057122698924,0.0,0.0,0.0
12,fsg_debiased_high,19,13,0.1161576087754319,0.08167331867022555,0.034484290105206344,0.1161576087754319,0.0,0.0,0.0
12,fsg_debiased_high,19,14,0.13504166542386123,0.09495117100115243,0.0400904944227088,0.13504166542386123,0.0,0.0,0.0
12,fsg_debiased_high,19,15,0.16925058158407794,0.1190043151763048,0.05024626640777314,0.16925058158407794,0.0,0.0,0.0
12,fsg_debiased_high,20,12,0.13808785099897372,0.09493539756179444,0.043152453437179286,0.13808785099897372,0.0,0.0,0.0
12,fsg_debiased_high,20,13,0.11840306112920403,0.08140210452632776,0.03700095660287626,0.11840306112920403,0.0,0.0,0.0
12,fsg_debiased_high,20,14,0.13319740167484867,0.09157321365145846,0.04162418802339021,0.13319740167484867,0.0,0.0,0.0
12,fsg_debiased_high,20,15,0.14733096408794663,0.10129003781046331,0.046040926277483324,0.14733096408794663,0.0,0.0,0.0
12,fsg_debiased_high,21,12,0.1341136346164278,0.09010759825791244,0.044006036358515375,0.1341136346164278,0.0,0.0,0.0
12,fsg_debiased_high,21,13,0.12140793102042094,0.08157095365434532,0.039836977366075624,0.12140793102042094,0.0,0.0,0.0
12,fsg_debiased_high,21,14,0.1359655838984296,0.0913518766817574,0.04461370721667222,0.1359655838984296,0.0,0.0,0.0
12,fsg_debiased_high,21,15,0.14301782652421047,0.0960901021959539,0.04692772432825656,0.14301782652421047,0.0,0.0,0.0
12,fsg_debiased_high,22,12,0.12998893544003445,0.08530523888252262,0.044683696557511844,0.12998893544003445,0.0,0.0,0.0
12,fsg_debiased_high,22,13,0.12372548984602626,0.08119485271145473,0.042530637134571524,0.12372548984602626,0.0,0.0,0.0
12,fsg_debiased_high,22,14,0.1296955752630189,0.08511272126635615,0.044582853996662744,0.1296955752630189,0.0,0.0,0.0
12,fsg_debiased_high,22,15,0.14207772940336655,0.09323850992095929,0.04883921948240725,0.14207772940336655,0.0,0.0,0.0
12,fsg_debiased_high,23,12,0.1330909171630789,0.08526136880759741,0.04782954835548148,0.1330909171630789,0.0,0.0,0.0
12,fsg_debiased_high,23,13,0.12517662321135728,0.08019127424477576,0.044985348966581525,0.12517662321135728,0.0,0.0,0.0
12,fsg_debiased_high,23,14,0.12066529947101484,0.07730120747361888,0.04336409199739596,0.12066529947101484,0.0,0.0,0.0
12,fsg_debiased_high,23,15,0.14254680063814013,0.09131904415880852,0.05122775647933161,0.14254680063814013,0.0,0.0,0.0
12,fsg_debiased_high,24,12,0.13661510756884918,0.08538444223053074,0.05123066533831844,0.13661510756884918,0.0,0.0,0.0
12,fsg_debiased_high,24,13,0.12587724688308857,0.07867327930193035,0.04720396758115822,0.12587724688308857,0.0,0.0,0.0
12,fsg_debiased_high,24,14,0.11453027314472047,0.07158142071545029,0.04294885242927018,0.11453027314472047,0.0,0.0,0.0
12,fsg_debiased_high,24,15,0.13963127344437212,0.08726954590273257,0.05236172754163955,0.13963127344437212,0.0,0.0,0.0
12,fsg_debiased_high,25,12,0.12774447912328457,0.07784429196575153,0.049900187157533034,0.12774447912328457,0.0,0.0,0.0
12,fsg_debiased_high,25,13,0.1250018228888564,0.07617298582289686,0.04882883706595953,0.1250018228888564,0.0,0.0,0.0
12,fsg_debiased_high,25,14,0.11197436004650561,0.06823437565333935,0.04373998439316625,0.11197436004650561,0.0,0.0,0.0
12,fsg_debiased_high,25,15,0.1418735970642807,0.08645422321104605,0.05541937385323465,0.1418735970642807,0.0,0.0,0.0
12,fsg_debiased_high,26,12,0.11913866229492792,0.07073858073761345,0.04840008155731447,0.11913866229492792,0.0,0.0,0.0
12,fsg_debiased_high,26,13,0.12343430431019749,0.07328911818417976,0.05014518612601773,0.12343430431019749,0.0,0.0,0.0
12,fsg_debiased_high,26,14,0.10981147506390632,0.06520056331919438,0.04461091174471194,0.10981147506390632,0.0,0.0,0.0
12,fsg_debiased_high,26,15,0.14250831553876692,0.08461431235114286,0.05789400318762406,0.14250831553876692,0.0,0.0,0.0
12,fsg_debiased_high,27,12,0.1141080210636901,0.06596869967744584,0.04813932138624426,0.1141080210636901,0.0,0.0,0.0
12,fsg_debiased_high,27,13,0.12124905935161073,0.07009711243764996,0.05115194691396078,0.12124905935161073,0.0,0.0,0.0
12,fsg_debiased_high,27,14,0.10821111379217817,0.062559550161103,0.045651563631075164,0.10821111379217817,0.0,0.0,0.0
12,fsg_debiased_high,27,15,0.14136001678410054,0.08172375970330813,0.05963625708079241,0.14136001678410054,0.0,0.0,0.0
12,fsg_debiased_high,28,12,0.11039492332399294,0.062097144369746025,0.04829777895424691,0.11039492332399294,0.0,0.0,0.0
12,fsg_debiased_high,28,13,0.11782373722830725,0.06627585219092283,0.05154788503738442,0.11782373722830725,0.0,0.0,0.0
12,fsg_debiased_high,28,14,0.10557676879193675,0.059386932445464426,0.04618983634647233,0.10557676879193675,0.0,0.0,0.0
12,fsg_debiased_high,28,15,0.13683824809215697,0.0769715145518383,0.05986673354031868,0.13683824809215697,0.0,0.0,0.0
12,fsg_debiased_high,29,12,0.10684627871791756,0.05843155867386117,0.04841472004405639,0.10684627871791756,0.0,0.0,0.0
12,fsg_debiased_high,29,13,0.11541811402226877,0.06311928110592824,0.052298832916340535,0.11541811402226877,0.0,0.0,0.0
12,fsg_debiased_high,29,14,0.10470414545661823,0.05726007954658809,0.047444065910030135,0.10470414545661823,0.0,0.0,0.0
12,fsg_debiased_high,29,15,0.13570707488883693,0.0742148065798327,0.061492268309004235,0.13570707488883693,0.0,0.0,0.0
12,fsg_debiased_high,30,12,0.1054139343692391,0.05600115263365827,0.04941278173558083,0.1054139343692391,0.0,0.0,0.0
12,fsg_debiased_high,30,13,0.11300732642992471,0.060035142165897504,0.05297218426402721,0.11300732642992471,0.0,0.0,0.0
12,fsg_debiased_high,30,14,0.10402903001385283,0.05526542219485932,0.04876360781899351,0.10402903001385283,0.0,0.0,0.0
12,fsg_debiased_high,30,15,0.13561764680859215,0.07204687486706458,0.06357077194152756,0.13561764680859215,0.0,0.0,0.0
12,fsg_debiased_high,31,12,0.10501773362978215,0.054149768902856416,0.05086796472692573,0.10501773362978215,0.0,0.0,0.0
12,fsg_debiased_high,31,13,0.11043697371885366,0.05694406457378392,0.053492909145069746,0.11043697371885366,0.0,0.0,0.0
12,fsg_debiased_high,31,14,0.10342633452605464,0.053329203739996923,0.050097130786057716,0.10342633452605464,0.0,0.0,0.0
12,fsg_debiased_high,31,15,0.13605646680703212,0.07015411569737594,0.06590235110965618,0.13605646680703212,0.0,0.0,0.0
12,fsg_debiased_high,32,12,0.10119617905658787,0.050598089528293935,0.050598089528293935,0.10119617905658787,0.0,0.0,0.0
12,fsg_debiased_high,32,13,0.10735690762561603,0.053678453812808016,0.053678453812808016,0.10735690762561603,0.0,0.0,0.0
12,fsg_debiased_high,32,14,0.10177995998873872,0.05088997999436936,0.05088997999436936,0.10177995998873872,0.0,0.0,0.0
12,fsg_debiased_high,32,15,0.1286050358231777,0.06430251791158885,0.06430251791158885,0.1286050358231777,0.0,0.0,0.0
12,fsg_debiased_high,33,12,0.09804150476189756,0.04748885386904413,0.05055265089285343,0.09804150476189756,0.0,0.0,0.0
12,fsg_debiased_high,33,13,0.10483046048984787,0.050777254299770064,0.05405320619007781,0.10483046048984787,0.0,0.0,0.0
12,fsg_debiased_high,33,14,0.10155241224216967,0.049189449679800934,0.052362962562368734,0.10155241224216967,0.0,0.0,0.0
12,fsg_debiased_high,33,15,0.1293462602320632,0.0626520947999056,0.06669416543215759,0.1293462602320632,0.0,0.0,0.0
12,fsg_debiased_high,34,12,0.09565954081963372,0.04484040975920331,0.050819131060430414,0.09565954081963372,0.0,0.0,0.0
12,fsg_debiased_high,34,13,0.10276958754171826,0.048173244160180435,0.05459634338153783,0.10276958754171826,0.0,0.0,0.0
12,fsg_debiased_high,34,14,0.10121591150912693,0.04744495851990325,0.05377095298922368,0.10121591150912693,0.0,0.0,0.0
12,fsg_debiased_high,34,15,0.1303599101518059,0.06110620788365902,0.06925370226814688,0.1303599101518059,0.0,0.0,0.0
12,fsg_debiased_high,35,12,0.09482093095498367,0.04296573433897698,0.051855196616006696,0.09482093095498367,0.0,0.0,0.0
12,fsg_debiased_high,35,13,0.10116360200042081,0.04583975715644068,0.055323844843980126,0.10116360200042081,0.0,0.0,0.0
12,fsg_debiased_high,35,14,0.1006551466610749,0.04560936333079957,0.055045783330275336,0.1006551466610749,0.0,0.0,0.0
12,fsg_debiased_high,35,15,0.1312610198909961,0.0594776496381076,0.07178337025288849,0.1312610198909961,0.0,0.0,0.0
12,fsg_debiased_high,36,12,0.09383204093831345,0.041051517910512134,0.05278052302780131,0.09383204093831345,0.0,0.0,0.0
12,fsg_debiased_high,36,13,0.09953406840377793,0.04354615492665284,0.05598791347712509,0.09953406840377793,0.0,0.0,0.0
12,fsg_debiased_high,36,14,0.09916057649547899,0.043382752216772055,0.055777824278706936,0.09916057649547899,0.0,0.0,0.0
12,fsg_debiased_high,36,15,0.12484014056572698,0.05461756149750555,0.07022257906822142,0.12484014056572698,0.0,0.0,0.0
12,fsg_debiased_high,37,12,0.09322654343683813,0.039329948012416086,0.053896595424422045,0.09322654343683813,0.0,0.0,0.0
12,fsg_debiased_high,37,13,0.09875369093860958,0.04166171336472592,0.057091977573883665,0.09875369093860958,0.0,0.0,0.0
12,fsg_debiased_high,37,14,0.09796670928432422,0.041329705479324276,0.05663700380499994,0.09796670928432422,0.0,0.0,0.0
12,fsg_debiased_high,37,15,0.12456208388161265,0.052549629137555336,0.0720124547440573,0.12456208388161265,0.0,0.0,0.0
12,fsg_debiased_high,38,12,0.09138692100053761,0.037125936656468406,0.0542609843440692,0.09138692100053761,0.0,0.0,0.0
12,fsg_debiased_high,38,13,0.09816179590424079,0.039878229586097824,0.058283566318142965,0.09816179590424079,0.0,0.0,0.0
12,fsg_debiased_high,38,14,0.09680964515982954,0.03932891834618075,0.05748072681364879,0.09680964515982954,0.0,0.0,0.0
12,fsg_debiased_high,38,15,0.12407588748065423,0.05040582928901578,0.07367005819163845,0.12407588748065423,0.0,0.0,0.0
12,fsg_debiased_high,39,12,0.08937776801794768,0.034913190632010815,0.054464577385936866,0.08937776801794768,0.0,0.0,0.0
12,fsg_debiased_high,39,13,0.09726781089305825,0.037995238630100875,0.059272572262957374,0.09726781089305825,0.0,0.0,0.0
12,fsg_debiased_high,39,14,0.09570855419280622,0.03738615398156493,0.058322400211241285,0.09570855419280622,0.0,0.0,0.0
12,fsg_debiased_high,39,15,0.12361638602484558,0.0482876507909553,0.07532873523389028,0.12361638602484558,0.0,0.0,0.0
12,fsg_debiased_high,40,12,0.08350126976895213,0.03131297616335705,0.05218829360559508,0.08350126976895213,0.0,0.0,0.0
12,fsg_debiased_high,40,13,0.09396301110594975,0.03523612916473116,0.05872688194121859,0.09396301110594975,0.0,0.0,0.0
12,fsg_debiased_high,40,14,0.09317989070917282,0.03494245901593981,0.05823743169323301,0.09317989070917282,0.0,0.0,0.0
12,fsg_debiased_high,40,15,0.1195966600240211,0.044848747509007914,0.07474791251501318,0.1195966600240211,0.0,0.0,0.0
12,fsg_debiased_high,41,12,0.08133191304472354,0.029228656250447523,0.052103256794276014,0.08133191304472354,0.0,0.0,0.0
12,fsg_debiased_high,41,13,0.09249441841655712,0.033240181618450215,0.0592542367981069,0.09249441841655712,0.0,0.0,0.0
12,fsg_debiased_high,41,14,0.0920082061389016,0.033065449081167764,0.05894275705773383,0.0920082061389016,0.0,0.0,0.0
12,fsg_debiased_high,41,15,0.1191945331106143,0.04283553533662701,0.07635899777398729,0.1191945331106143,0.0,0.0,0.0
12,fsg_debiased_high,42,12,0.07910544678700837,0.027192497333034128,0.05191294945397425,0.07910544678700837,0.0,0.0,0.0
12,fsg_debiased_high,42,13,0.09125496828973016,0.03136889534959474,0.05988607294013542,0.09125496828973016,0.0,0.0,0.0
12,fsg_debiased_high,42,14,0.09075957795968956,0.031198604923643285,0.05956097303604627,0.09075957795968956,0.0,0.0,0.0
12,fsg_debiased_high,42,15,0.11804340624111617,0.04057742089538369,0.07746598534573249,0.11804340624111617,0.0,0.0,0.0
12,fsg_debiased_high,43,12,0.07678963875733844,0.025196600217251675,0.05159303854008676,0.07678963875733844,0.0,0.0,0.0
12,fsg_debiased_high,43,13,0.09015818415468946,0.02958315417575748,0.06057502997893198,0.09015818415468946,0.0,0.0,0.0
12,fsg_debiased_high,43,14,0.08940367199174168,0.029335579872290237,0.06006809211945144,0.08940367199174168,0.0,0.0,0.0
12,fsg_debiased_high,43,15,0.11611537982767448,0.03810035900595569,0.0780150208217188,0.11611537982767448,0.0,0.0,0.0
12,fsg_debiased_high,44,12,0.07188935762961134,0.022465424259253543,0.049423933370357796,0.07188935762961134,0.0,0.0,0.0
12,fsg_debiased_high,44,13,0.08864863979092018,0.027702699934662556,0.060945939856257625,0.08864863979092018,0.0,0.0,0.0
12,fsg_debiased_high,44,14,0.08631473303131341,0.026973354072285443,0.059341378959027975,0.08631473303131341,0.0,0.0,0.0
12,fsg_debiased_high,44,15,0.10966055633564498,0.034268923854889055,0.07539163248075592,0.10966055633564498,0.0,0.0,0.0
12,fsg_debiased_high,45,12,0.07026684828994799,0.02086047058607831,0.04940637770386968,0.07026684828994799,0.0,0.0,0.0
12,fsg_debiased_high,45,13,0.08788442423903903,0.02609068844596471,0.06179373579307432,0.08788442423903903,0.0,0.0,0.0
12,fsg_debiased_high,45,14,0.08474572418113081,0.02515888686627321,0.0595868373148576,0.08474572418113081,0.0,0.0,0.0
12,fsg_debiased_high,45,15,0.1078110301090976,0.03200639956363835,0.07580463054545925,0.1078110301090976,0.0,0.0,0.0
12,fsg_debiased_high,46,12,0.06915757674154122,0.019450568458558467,0.049707008282982745,0.06915757674154122,0.0,0.0,0.0
12,fsg_debiased_high,46,13,0.08722182754214612,0.024531138996228597,0.06269068854591753,0.08722182754214612,0.0,0.0,0.0
12,fsg_debiased_high,46,14,0.08306302527135392,0.02336147585756829,0.05970154941378563,0.08306302527135392,0.0,0.0,0.0
12,fsg_debiased_high,46,15,0.10619869889648213,0.0298683840646356,0.07633031483184653,0.10619869889648213,0.0,0.0,0.0
12,fsg_debiased_high,47,12,0.06832646109407518,0.01814921622811372,0.050177244865961465,0.06832646109407518,0.0,0.0,0.0
12,fsg_debiased_high,47,13,0.08657043178417807,0.0229952709426723,0.06357516084150577,0.08657043178417807,0.0,0.0,0.0
12,fsg_debiased_high,47,14,0.08124256388318689,0.021580056031471517,0.05966250785171537,0.08124256388318689,0.0,0.0,0.0
12,fsg_debiased_high,47,15,0.10465498159408632,0.027798979485929177,0.07685600210815714,0.10465498159408632,0.0,0.0,0.0
0,smc_high,0,0,0.15222660610198033,0.15222660610198033,0.0,0.1267663313456759,0.2,0.0,0.857177734375
0,smc_high,0,1,0.18167397449166828,0.18167397449166828,0.0,0.13333293141335195,0.2,0.0,0.74072265625
0,smc_high,0,2,0.08842107906727106,0.08842107906727106,0.0,0.1305196959281178,0.2,0.0,0.99560546875
0,smc_high,0,3,0.16248645496254221,0.16248645496254221,0.0,0.13896053446369655,0.2,0.0,0.773193359375
0,smc_high,1,0,0.15785186633216944,0.1553854309207293,0.0024664354114401475,0.26185056225229253,0.2,0.75537109375,0.088134765625
0,smc_high,1,1,0.17634309856640823,0.1735877376513081,0.0027553609151001286,0.22377553034097136,0.2,0.62255859375,0.121337890625
0,smc_high,1,2,0.08944193046144479,0.08804440029798472,0.0013975301634600748,0.27366339609368456,0.2,0.93798828125,0.05908203125
0,smc_high,1,3,0.1716916617174185,0.16900897950308386,0.002682682214334664,0.23894352572464855,0.2,0.6494140625,0.105712890625
0,smc_high,2,0,0.1548205880330352,0.14998244465700283,0.00483814337603235,0.13727450324677554,0.2,0.100830078125,0.73193359375
0,smc_high,2,1,0.18915715444233278,0.18324599336600988,0.005911161076322899,0.15837136507246372,0.2,0.107177734375,0.635009765625
0,smc_high,2,2,0.08693701351078603,0.08422023183857397,0.0027167816722120635,0.14107542612453763,0.2,0.086181640625,0.90234375
0,smc_high,2,3,0.17997445121097447,0.1743502496106315,0.005624201600342952,0.1368934918341089,0.2,0.124755859375,0.6005859375
0,smc_high,3,0,0.14705419041363266,0.14016102523799362,0.006893165175639031,0.23722872551883803,0.2,0.621337890625,0.208251953125
0,smc_high,3,1,0.17202968857610554,0.1639657969241006,0.008063891652004947,0.20605651040360665,0.2,0.489501953125,0.265380859375
0,smc_high,3,2,0.08640096603231621,0.08235092074955139,0.004050045282764822,0.2564563010327061,0.2,0.830810546875,0.15185546875
0,smc_high,3,3,0.17275772234007855,0.16465970410538736,0.008098018234691182,0.2242371543678483,0.2,0.510498046875,0.21630859375
0,smc_high,4,0,0.134879724053809,0.12644974130044592,0.008429982753363062,0.15198591660838834,0.2,0.19677734375,0.6533203125
0,smc_high,4,1,0.17808260069904697,0.16695243815535654,0.011130162543690435,0.18332202064092254,0.2,0.276611328125,0.48046875
0,smc_high,4,2,0.08989285659432954,0.08427455305718394,0.005618303537145596,0.1592520729706317,0.2,0.16845703125,0.79736328125
0,smc_high,4,3,0.1527143347863355,0.14316968886218953,0.009544645924145969,0.1438950934809719,0.2,0.157958984375,0.64892578125
0,smc_high,5,0,0.1261668071363931,0.1163100253288624,0.009856781807530711,0.220083127120556,0.2,0.541015625,0.337890625
0,smc_high,5,1,0.15414979283945912,0.14210684027387638,0.012042952565582743,0.19388674549461649,0.2,0.433349609375,0.35009765625
0,smc_high,5,2,0.08540627378607729,0.07873390864654001,0.006672365139537288,0.2392493302976587,0.2,0.7275390625,0.244140625
0,smc_high,5,3,0.13508986426566694,0.1245359686199117,0.01055389564575523,0.21396829329521838,0.2,0.52294921875,0.360107421875
0,smc_high,6,0,0.11538617844051516,0.10456872421171687,0.010817454228798297,0.17547063632249577,0.2,0.306640625,0.598876953125
0,smc_high,6,1,0.15361685913666018,0.13921527859259827,0.014401580544061892,0.196616029861048,0.2,0.380615234375,0.41064453125
0,smc_high,6,2,0.08298470855126627,0.07520489212458506,0.007779816426681213,0.1722001098593204,0.2,0.23828125,0.740478515625
0,smc_high,6,3,0.11818715712708,0.10710711114641625,0.01108004598066375,0.18232359962907865,0.2,0.33935546875,0.568115234375
0,smc_high,7,0,0.10810861197495382,0.09628423254019325,0.011824379434760574,0.21717053780124837,0.2,0.524169921875,0.4111328125
0,smc_high,7,1,0.13118918795766277,0.1168403705247934,0.014348817432869365,0.18939923319328894,0.2,0.41259765625,0.4345703125
0,smc_high,7,2,0.07174466668064039,0.06389759376244535,0.007847072918195043,0.22960916437530152,0.2,0.6953125,0.301025390625
0,smc_high,7,3,0.10934934242639309,0.09738925809850635,0.011960084327886745,0.2107476743090629,0.2,0.482666015625,0.443115234375
0,smc_high,8,0,0.10069625731372038,0.08810922514950534,0.012587032164215048,0.19333927623013658,0.2,0.397705078125,0.54931640625
0,smc_high,8,1,0.1351557773200712,0.1182613051550623,0.0168944721650089,0.20149309591456002,0.2,0.4150390625,0.43017578125
0,smc_high,8,2,0.06746508606375674,0.05903195030578715,0.008433135757969593,0.18469887991014142,0.2,0.309326171875,0.690673828125
0,smc_high,8,3,0.10790865545599757,0.09442007352399787,0.013488581931999696,0.1986825257389285,0.2,0.438720703125,0.485595703125
0,smc_high,9,0,0.09794746721509859,0.08417360463797535,0.01377386257712324,0.21646374611208105,0.2,0.509521484375,0.45458984375
0,smc_high,9,1,0.1193121549848521,0.10253388319010728,0.016778271794744826,0.1970646544966278,0.2,0.43359375,0.46484375
0,smc_high,9,2,0.05826578960381088,0.050072162940774975,0.008193626663035905,0.2246958072425178,0.2,0.67236328125,0.326904296875
0,smc_high,9,3,0.10622343327849268,0.09128576297370465,0.014937670304788033,0.1993514904405439,0.2,0.435302734375,0.497314453125
0,smc_high,10,0,0.09491951451777352,0.0800883403743714,0.014831174143402112,0.2038799420252407,0.2,0.4404296875,0.531494140625
0,smc_high,10,1,0.13918391672444827,0.11743642973625323,0.021747486988195043,0.2047190598342945,0.2,0.408935546875,0.453857421875
0,smc_high,10,2,0.05784629058661096,0.048807807682453,0.009038482904157963,0.1914553430470476,0.2,0.358154296875,0.640625
0,smc_high,10,3,0.12032264880790967,0.10152223493167378,0.018800413876235888,0.20624154498634745,0.2,0.451416015625,0.44970703125
0,smc_high,11,0,0.09776539853723064,0.08096197066364412,0.016803427873586515,0.21613448122026582,0.2,0.50244140625,0.46923828125
0,smc_high,11,1,0.15462946082750598,0.12805252224777838,0.02657693857972759,0.21815046993229714,0.2,0.470703125,0.368408203125
0,smc_high,11,2,0.055166318280718246,0.045684607326219796,0.009481710954498448,0.21747955708083802,0.2,0.60009765625,0.398681640625
0,smc_high,11,3,0.13310722973634767,0.11022942462541291,0.022877805110934755,0.20352115028037804,0.2,0.427490234375,0.46630859375
0,smc_high,12,0,0.09617892742198603,0.07814537853036364,0.01803354889162238,0.2096867239050356,0.2,0.470458984375,0.5
0,smc_high,12,1,0.23206750346606614,0.18855484656617874,0.0435126568998874,0.21977691918106543,0.2,0.3125,0.38427734375
0,smc_high,12,2,0.05832038144947687,0.04738530992769996,0.010935071521776913,0.19753362128742027,0.2,0.421875,0.574951171875
0,smc_high,12,3,0.15383557375283877,0.1249914036741815,0.02884417007865727,0.2107868631432236,0.2,0.412109375,0.4658203125
0,smc_high,13,0,0.09846533755513355,0.07846456586424705,0.0200007716908865,0.2110067502959879,0.2,0.47314453125,0.493408203125
0,smc_high,13,1,0.30158301055938513,0.24032396153951002,0.061259049019875104,0.2553875890026642,0.2,0.319580078125,0.240234375
0,smc_high,13,2,0.05998502165740887,0.047800564133247694,0.012184457524161177,0.21262593317487763,0.2,0.545654296875,0.450927734375
0,smc_high,13,3,0.14142022463359594,0.11269424150489676,0.028725983128699173,0.20987000779407852,0.2,0.438720703125,0.45458984375
0,smc_high,14,0,0.0953223535007863,0.07447058867248929,0.020851764828297002,0.21182660606398473,0.2,0.487548828125,0.479248046875
0,smc_high,14,1,0.33708115762355984,0.2633446543934061,0.07373650323015371,0.2531225333138896,0.2,0.197265625,0.30224609375
0,smc_high,14,2,0.06556239698004539,0.051220622640660456,0.014341774339384928,0.20385796625918434,0.2,0.466552734375,0.526611328125
0,smc_high,14,3,0.14022687505003678,0.10955224613284123,0.030674628917195544,0.20440974172101234,0.2,0.42138671875,0.47119140625
0,smc_high,15,0,0.09151721150527561,0.07006786505872664,0.021449346446548972,0.205018292626521,0.2,0.456787109375,0.510986328125
0,smc_high,15,1,0.35004964488961854,0.2680067593686142,0.08204288552100435,0.27684441245672403,0.2,0.230712890625,0.2783203125
0,smc_high,15,2,0.06910709407982654,0.052910118904867194,0.016196975174959344,0.2087613287889533,0.2,0.50146484375,0.487548828125
0,smc_high,15,3,0.13936038829613473,0.10669779728922815,0.03266259100690658,0.21077046105537106,0.2,0.4482421875,0.4443359375
0,smc_high,16,0,0.0901482079502636,0.0676111559626977,0.0225370519875659,0.21150378619923482,0.2,0.512451171875,0.45361328125
0,smc_high,16,1,0.3533176124658852,0.2649882093494139,0.0883294031164713,0.2711919405577757,0.2,0.185302734375,0.325927734375
0,smc_high,16,2,0.07686463308194826,0.057648474811461195,0.019216158270487064,0.20663861797684344,0.2,0.48291015625,0.494873046875
0,smc_high,16,3,0.14741656486609664,0.11056242364957247,0.03685414121652416,0.20495646837521736,0.2,0.40869140625,0.476318359375
0,smc_high,17,0,0.08933180285945315,0.06560304272491091,0.023728760134542243,0.20169389488491868,0.2,0.44482421875,0.514892578125
0,smc_high,17,1,0.27737232416565516,0.203695300559153,0.07367702360650215,0.2309635762020254,0.2,0.257080078125,0.361328125
0,smc_high,17,2,0.08135544619222779,0.05974540579741728,0.021610040394810508,0.2076930142175692,0.2,0.4794921875,0.492919921875
0,smc_high,17,3,0.15600659951872722,0.1145673465215653,0.04143925299716192,0.21791051713949294,0.2,0.44775390625,0.430908203125
0,smc_high,18,0,0.0933932006015869,0.06712636293239059,0.026266837669196318,0.21142078918029014,0.2,0.51904296875,0.433837890625
0,smc_high,18,1,0.24905709536339948,0.17900978729244338,0.0700473080709561,0.211446130345645,0.2,0.268310546875,0.378662109375
0,smc_high,18,2,0.09627600890566454,0.06919838140094639,0.027077627504718153,0.20656881930006527,0.2,0.4794921875,0.475830078125
0,smc_high,18,3,0.16756778731233327,0.12043934713073953,0.047128440181593734,0.21140038737522057,0.2,0.399658203125,0.47265625
0,smc_high,19,0,0.09796871149712257,0.0688842502714143,0.02908446122570826,0.19832452150407798,0.2,0.42138671875,0.519775390625
0,smc_high,19,1,0.22867586483574276,0.16078771746263162,0.06788814737311114,0.20962253726551558,0.2,0.30078125,0.39208984375
0,smc_high,19,2,0.10802389239842783,0.07595429934264457,0.03206959305578326,0.20840900829826917,0.2,0.45703125,0.478515625
0,smc_high,19,3,0.17484771075530672,0.12293979662482504,0.05190791413048168,0.22554259559621384,0.2,0.4423828125,0.425537109375
0,smc_high,20,0,0.10107506894220354,0.06948910989776494,0.03158595904443861,0.2090913241617714,0.2,0.503662109375,0.43212890625
0,smc_high,20,1,0.22262166204292144,0.15305239265450848,0.06956926938841296,0.2069652945355276,0.2,0.310302734375,0.392578125
0,smc_high,20,2,0.12223556405158414,0.0840369502854641,0.03819861376612005,0.20415350021132594,0.2,0.443603515625,0.47412109375
0,smc_high,20,3,0.1725335747654182,0.11861683265122501,0.053916742114193186,0.21347235505638573,0.2,0.3984375,0.47119140625
0,smc_high,21,0,0.10147983990754271,0.06818176743788026,0.03329807246966245,0.19700716091633513,0.2,0.41845703125,0.51416015625
0,smc_high,21,1,0.2027983216871311,0.1362551223835412,0.0665431993035899,0.19976345448192392,0.2,0.315185546875,0.417724609375
0,smc_high,21,2,0.13154390566780427,0.08838106162055599,0.04316284404724828,0.20963961534387876,0.2,0.44775390625,0.455322265625
0,smc_high,21,3,0.16839942682149062,0.113143364895689,0.05525606192580161,0.2189784996305049,0.2,0.4365234375,0.431396484375
0,smc_high,22,0,0.09851262075458624,0.06464890737019721,0.03386371338438902,0.20620892356460147,0.2,0.485595703125,0.4521484375
0,smc_high,22,1,0.1925322167573334,0.12634926724700005,0.06618294951033335,0.20106303998808805,0.2,0.347900390625,0.404296875
0,smc_high,22,2,0.1369999865243658,0.08990624115661505,0.04709374536775074,0.20286542780281458,0.2,0.41943359375,0.467041015625
0,smc_high,22,3,0.1584794801510717,0.1040021588491408,0.05447732130193089,0.2078868313675223,0.2,0.40234375,0.47412109375
0,smc_high,23,0,0.09223410415992608,0.05908747297745265,0.033146631182473435,0.19827813813553988,0.2,0.424560546875,0.528564453125
0,smc_high,23,1,0.18698634347870666,0.11978812629104645,0.06719821718766021,0.1979731050617831,0.2,0.3369140625,0.430908203125
0,smc_high,23,2,0.14223855379630196,0.09112157352575594,0.051116980270546016,0.2091359848492798,0.2,0.43212890625,0.44677734375
0,smc_high,23,3,0.15015297729688265,0.09619175108081544,0.0539612262160672,0.21063001282275234,0.2,0.4384765625,0.450439453125
0,smc_high,24,0,0.08835443490590694,0.05522152181619184,0.0331329130897151,0.20738812277988988,0.2,0.491943359375,0.468994140625
0,smc_high,24,1,0.18419410125604627,0.11512131328502892,0.06907278797101735,0.2040128241050824,0.2,0.37158203125,0.405029296875
0,smc_high,24,2,0.14160708451796028,0.08850442782372517,0.053102656694235105,0.20091744594533165,0.2,0.417724609375,0.455810546875
0,smc_high,24,3,0.1315722982401645,0.08223268640010281,0.04933961184006169,0.2043459115791259,0.2,0.427001953125,0.480224609375
0,smc_high,25,0,0.08849541242186228,0.05392689194457233,0.03456852047728995,0.2023568842274403,0.2,0.455322265625,0.50341796875
0,smc_high,25,1,0.17965821357388542,0.10947922389658643,0.07017898967729899,0.19856729536708928,0.2,0.350341796875,0.43603515625
0,smc_high,25,2,0.14268785512067594,0.0869504117141619,0.05573744340651404,0.2033480973318585,0.2,0.41552734375,0.453857421875
0,smc_high,25,3,0.12423850148927375,0.07570783684502619,0.04853066464424756,0.2044802939368956,0.2,0.449462890625,0.461181640625
0,smc_high,26,0,0.09299741989775875,0.05521721806429426,0.03778020183346449,0.20611812408649266,0.2,0.47412109375,0.47802734375
0,smc_high,26,1,0.1752699146496169,0.10406651182321003,0.07120340282640686,0.20132596576848769,0.2,0.37744140625,0.41748046875
0,smc_high,26,2,0.13871510417902858,0.08236209310629822,0.05635301107273036,0.19903149295632805,0.2,0.416259765625,0.45849609375
0,smc_high,26,3,0.1166296982756123,0.0692488833511448,0.047380814924467496,0.2026162366008619,0.2,0.440185546875,0.479248046875
0,smc_high,27,0,0.10309034081367852,0.05959910328290789,0.043491237530770624,0.20540632204149548,0.2,0.45654296875,0.483154296875
0,smc_high,27,1,0.16702053718342325,0.09655874805916656,0.07046178912425669,0.19737316996626555,0.2,0.36669921875,0.447021484375
0,smc_high,27,2,0.13559835486643637,0.07839279890715853,0.05720555595927784,0.20196307041402317,0.2,0.41455078125,0.466796875
0,smc_high,27,3,0.11586850999342904,0.06698648233995116,0.04888202765347788,0.20271404393152553,0.2,0.44921875,0.471435546875
0,smc_high,28,0,0.11315996231118898,0.06365247880004381,0.04950748351114518,0.2061129246014601,0.2,0.453369140625,0.4755859375
0,smc_high,28,1,0.16040876613378124,0.09022993095025195,0.0701788351835293,0.1978089973621673,0.2,0.37841796875,0.449951171875
0,smc_high,28,2,0.1312100688003646,0.07380566370020508,0.05740440510015951,0.2005947902126603,0.2,0.43408203125,0.452392578125
0,smc_high,28,3,0.11250671018173322,0.06328502447722494,0.049221685704508286,0.20266976212411322,0.2,0.44189453125,0.4833984375
0,smc_high,29,0,0.11422844722182855,0.06246868207443749,0.051759765147391064,0.20490639208541303,0.2,0.44677734375,0.4794921875
0,smc_high,29,1,0.153014928535221,0.08368003904269898,0.06933488949252202,0.19654710724702462,0.2,0.378662109375,0.456298828125
0,smc_high,29,2,0.12937355732663827,0.07075116416300531,0.05862239316363297,0.20189063781168026,0.2,0.41552734375,0.480224609375
0,smc_high,29,3,0.11301608430663841,0.06180567110519288,0.05121041320144553,0.20250468917158432,0.2,0.45654296875,0.466552734375
0,smc_high,30,0,0.11238880151904476,0.05970655080699253,0.05268225071205223,0.20475472396494396,0.2,0.4541015625,0.469482421875
0,smc_high,30,1,0.1483611499273602,0.0788168608989101,0.06954428902845008,0.19825088523974863,0.2,0.399658203125,0.444091796875
0,smc_high,30,2,0.12706488166623578,0.06750321838518776,0.05956166328104802,0.2016625459044314,0.2,0.447509765625,0.449462890625
0,smc_high,30,3,0.11055954467003988,0.058734758105958684,0.051824786564081196,0.20261155217283816,0.2,0.443603515625,0.47998046875
0,smc_high,31,0,0.10971067956965416,0.056569569153102926,0.053141110416551236,0.202183106776072,0.2,0.4482421875,0.479736328125
0,smc_high,31,1,0.1428964256185925,0.07368096945958676,0.06921545615900575,0.19387999215276747,0.2,0.380859375,0.468505859375
0,smc_high,31,2,0.1265061274439983,0.06522972196331163,0.06127640548068668,0.20019116686378288,0.2,0.409423828125,0.487548828125
0,smc_high,31,3,0.11120367324401326,0.057339394016444334,0.05386427922756892,0.20283363800566945,0.2,0.45458984375,0.468017578125
0,smc_high,32,0,0.10770343621586193,0.05385171810793096,0.05385171810793096,0.20428879167786326,0.2,0.460205078125,0.46875
0,smc_high,32,1,0.13933003159955848,0.06966501579977924,0.06966501579977924,0.19839185049835395,0.2,0.410888671875,0.442138671875
0,smc_high,32,2,0.12544529672975194,0.06272264836487597,0.06272264836487597,0.2024822267105122,0.2,0.456298828125,0.4384765625
0,smc_high,32,3,0.10868842028353598,0.05434421014176799,0.05434421014176799,0.20262369523616516,0.2,0.4453125,0.481689453125
0,smc_high,33,0,0.10554034218685632,0.05112110324675853,0.054419238940097786,0.20109112093512374,0.2,0.44873046875,0.484619140625
0,smc_high,33,1,0.13516242291034714,0.0654692985971994,0.06969312431314774,0.19414213771649472,0.2,0.38720703125,0.47802734375
0,smc_high,33,2,0.12517148256248475,0.060629936866203556,0.0645415456962812,0.19895225652900914,0.2,0.404296875,0.49072265625
0,smc_high,33,3,0.10956512443111267,0.0530706071463202,0.056494517284792475,0.20133976084164887,0.2,0.4521484375,0.473876953125
0,smc_high,34,0,0.1045457983989837,0.04900584299952361,0.05553995539946009,0.20397015174293853,0.2,0.458251953125,0.477294921875
0,smc_high,34,1,0.13247132698674036,0.06209593452503454,0.07037539246170582,0.19897358507292842,0.2,0.420654296875,0.453857421875
0,smc_high,34,2,0.12457237606166603,0.058393301278905956,0.06617907478276008,0.20281053687166287,0.2,0.4599609375,0.4375
0,smc_high,34,3,0.10726466136976807,0.050280310017078785,0.05698435135268929,0.20304502467390842,0.2,0.4521484375,0.478515625
0,smc_high,35,0,0.10339393320230675,0.046850375982295245,0.0565435572200115,0.2020238791738088,0.2,0.448974609375,0.48828125
0,smc_high,35,1,0.1293508191274233,0.05861208991711368,0.07073872921030962,0.19518336609094925,0.2,0.3955078125,0.4873046875
0,smc_high,35,2,0.12421327554644637,0.05628414048198351,0.06792913506446285,0.1970047501439441,0.2,0.396484375,0.5
0,smc_high,35,3,0.10816456057154814,0.04901206650898275,0.05915249406256538,0.2021820382615538,0.2,0.450927734375,0.4775390625
0,smc_high,36,0,0.1035573660291284,0.045306347637743674,0.05825101839138473,0.20265493580659513,0.2,0.453857421875,0.481201171875
0,smc_high,36,1,0.12698005398919693,0.05555377362027365,0.07142628036892328,0.20071651445911715,0.2,0.426513671875,0.462890625
0,smc_high,36,2,0.12356709260301947,0.05406060301382102,0.06950648958919846,0.20330461645280362,0.2,0.463134765625,0.435302734375
0,smc_high,36,3,0.10590808498028263,0.046334787178873654,0.05957329780140898,0.2029917943761101,0.2,0.45556640625,0.475830078125
0,smc_high,37,0,0.10334003777791699,0.04359657843755873,0.05974345934035826,0.2024121200050291,0.2,0.447998046875,0.485107421875
0,smc_high,37,1,0.12402541031826084,0.05232321997801629,0.07170219034024454,0.1961492637996608,0.2,0.406494140625,0.487548828125
0,smc_high,37,2,0.12246315556688424,0.05166414375477929,0.07079901181210495,0.1966089449896911,0.2,0.399169921875,0.500244140625
0,smc_high,37,3,0.10629854910309143,0.0448447004028667,0.06145384870022473,0.20274705046105918,0.2,0.458984375,0.474365234375
0,smc_high,38,0,0.10358246085589402,0.04208037472270695,0.06150208613318708,0.20260892175865017,0.2,0.454833984375,0.476806640625
0,smc_high,38,1,0.12128014899401114,0.04927006052881703,0.07201008846519412,0.20165762444852325,0.2,0.42822265625,0.47265625
0,smc_high,38,2,0.119749995075428,0.04864843549939262,0.07110155957603537,0.20230854758268255,0.2,0.46240234375,0.44091796875
0,smc_high,38,3,0.1041908158592337,0.04232751894281369,0.061863296916420014,0.20348457145969237,0.2,0.4560546875,0.47900390625
0,smc_high,39,0,0.10242488508232656,0.04000972073528381,0.062415164347042744,0.20248393560393022,0.2,0.4521484375,0.4833984375
0,smc_high,39,1,0.11788975130684926,0.04605068410423799,0.07183906720261127,0.19614888625973123,0.2,0.40625,0.500244140625
0,smc_high,39,2,0.11672796250621242,0.04559686035398923,0.0711311021522232,0.19614868127576043,0.2,0.40087890625,0.50732421875
0,smc_high,39,3,0.10410075368955303,0.04066435690998165,0.06343639677957137,0.20273040958585442,0.2,0.460693359375,0.47509765625
0,smc_high,40,0,0.10208279561904147,0.03828104835714055,0.06380174726190092,0.20294571536780426,0.2,0.455322265625,0.4814453125
0,smc_high,40,1,0.1147156453083053,0.04301836699061449,0.07169727831769082,0.20218565445712536,0.2,0.4443359375,0.470458984375
0,smc_high,40,2,0.11292482150866065,0.04234680806574774,0.07057801344291291,0.20317512072849125,0.2,0.474609375,0.44091796875
0,smc_high,40,3,0.1020611133261146,0.038272917497292974,0.06378819582882163,0.20346039776568556,0.2,0.4560546875,0.483154296875
0,smc_high,41,0,0.10064204534246904,0.03616823504494981,0.06447381029751922,0.20201460861597903,0.2,0.453857421875,0.488525390625
0,smc_high,41,1,0.11157536529848866,0.040097396904144364,0.0714779683943443,0.19730003274481933,0.2,0.4130859375,0.510009765625
0,smc_high,41,2,0.11017818542056551,0.03959528538551573,0.07058290003504979,0.19596387210372126,0.2,0.40234375,0.51611328125
0,smc_high,41,3,0.1015783399566527,0.03650471592192207,0.06507362403473065,0.20231495637969488,0.2,0.4638671875,0.4775390625
0,smc_high,42,0,0.10024155432242904,0.03445803429833498,0.06578352002409406,0.20368938204137538,0.2,0.4638671875,0.47802734375
0,smc_high,42,1,0.10858776944930178,0.037327045748197486,0.0712607237011043,0.20323504403052098,0.2,0.455810546875,0.47412109375
0,smc_high,42,2,0.10659158569025473,0.03664085758102506,0.06995072810922967,0.20313688731723398,0.2,0.483642578125,0.4423828125
0,smc_high,42,3,0.0995106785703253,0.034206795758549326,0.06530388281177599,0.20262213720786315,0.2,0.4638671875,0.4794921875
0,smc_high,43,0,0.09907801194665608,0.03250997266999653,0.06656803927665955,0.20231197613890475,0.2,0.4521484375,0.490478515625
0,smc_high,43,1,0.10601743645940372,0.034786971338241844,0.07123046512116187,0.1993206076831806,0.2,0.42333984375,0.509765625
0,smc_high,43,2,0.10409773734854992,0.03415707006749294,0.06994066728105698,0.1972641198186004,0.2,0.40673828125,0.520751953125
0,smc_high,43,3,0.09846465002796535,0.03230871329042613,0.06615593673753922,0.20268300386832871,0.2,0.4619140625,0.48291015625
0,smc_high,44,0,0.09753699708077584,0.03048031158774245,0.0670566854930334,0.20377415151099026,0.2,0.4658203125,0.478515625
0,smc_high,44,1,0.10311249809118057,0.03222265565349393,0.07088984243768665,0.2042960573739923,0.2,0.4599609375,0.480224609375
0,smc_high,44,2,0.10072927899468896,0.0314778996858403,0.06925137930884866,0.20302486575753054,0.2,0.484130859375,0.450439453125
0,smc_high,44,3,0.09602965277999051,0.030009266493747036,0.06602038628624347,0.2019321398183514,0.2,0.461669921875,0.486328125
0,smc_high,45,0,0.09500754609714429,0.028205365247589712,0.06680218084955458,0.20262577462746434,0.2,0.45654296875,0.492919921875
0,smc_high,45,1,0.10089719325604396,0.029953854247888052,0.07094333900815591,0.20164276160315045,0.2,0.44140625,0.5029296875
0,smc_high,45,2,0.09797086735483576,0.029085101245966867,0.0688857661088689,0.1969529059409066,0.2,0.41259765625,0.52587890625
0,smc_high,45,3,0.09422598347607831,0.027973338844460748,0.06625264463161756,0.2027371989041728,0.2,0.4638671875,0.487060546875
0,smc_high,46,0,0.0922631129635799,0.02594900052100685,0.06631411244257306,0.20349903069310726,0.2,0.46484375,0.4892578125
0,smc_high,46,1,0.09783045554810922,0.027514815622905718,0.0703156399252035,0.20364658893151885,0.2,0.45263671875,0.496826171875
0,smc_high,46,2,0.09453515301165151,0.026588011784526987,0.06794714122712452,0.20295533177588268,0.2,0.483642578125,0.463623046875
0,smc_high,46,3,0.09173702774069883,0.025801039052071546,0.06593598868862728,0.20212877337067095,0.2,0.46337890625,0.48876953125
0,smc_high,47,0,0.08966525953259176,0.023817334563344686,0.06584792496924707,0.20290280335581243,0.2,0.460693359375,0.498291015625
0,smc_high,47,1,0.09576261806971796,0.025436945424768834,0.07032567264494913,0.20257139451270326,0.2,0.458740234375,0.493896484375
0,smc_high,47,2,0.09164729661975787,0.024343813164623185,0.06730348345513469,0.19927523102538944,0.2,0.42724609375,0.523681640625
0,smc_high,47,3,0.08944771885987672,0.023759550322154755,0.06568816853772197,0.20288127987197963,0.2,0.46826171875,0.486572265625
4,smc_high,0,4,0.0798901046334073,0.0798901046334073,0.0,0.14110517928847294,0.2,0.0,1.0
4,smc_high,0,5,0.10445120237934812,0.10445120237934812,0.0,0.14309891693942012,0.2,0.0,0.90625
4,smc_high,0,6,0.13187463580451894,0.13187463580451894,0.0,0.11159743909094594,0.2,0.0,0.908447265625
4,smc_high,0,7,0.1176059073798838,0.1176059073798838,0.0,0.11788639618941062,0.2,0.0,0.927001953125
4,smc_high,1,4,0.07810487113146203,0.07688448252003294,0.0012203886114290942,0.25797558215451744,0.2,0.86572265625,0.13427734375
4,smc_high,1,5,0.10464695948630788,0.10301185074433432,0.0016351087419735606,0.24259083900186604,0.2,0.743408203125,0.1708984375
4,smc_high,1,6,0.13377772922007622,0.13168745220101252,0.002090277019063691,0.26260012989958115,0.2,0.694580078125,0.220947265625
4,smc_high,1,7,0.1391020631501483,0.13692859341342725,0.0021734697367210673,0.27348001072424666,0.2,0.759765625,0.140625
4,smc_high,2,4,0.0799956815163101,0.07749581646892541,0.0024998650473846908,0.16729586543011693,0.2,0.288330078125,0.711669921875
4,smc_high,2,5,0.11533155207237658,0.11172744107011481,0.003604111002261768,0.1517132245752962,0.2,0.2275390625,0.688720703125
4,smc_high,2,6,0.1442261230591201,0.1397190567135226,0.004507066345597503,0.15706434829826332,0.2,0.22607421875,0.595703125
4,smc_high,2,7,0.15280985082896378,0.14803454299055865,0.004775307838405118,0.11054045113441452,0.2,0.072998046875,0.770751953125
4,smc_high,3,4,0.08508038912257701,0.08109224588245621,0.003988143240120798,0.2493027651312846,0.2,0.676025390625,0.3232421875
4,smc_high,3,5,0.1284902306085578,0.12246725104878164,0.006022979559776147,0.23811904222789754,0.2,0.53369140625,0.398193359375
4,smc_high,3,6,0.15948126744417357,0.15200558303272793,0.007475684411445636,0.21307780375872878,0.2,0.446044921875,0.322998046875
4,smc_high,3,7,0.15396036115444708,0.14674346922533238,0.007216891929114707,0.2221372988633228,0.2,0.5234375,0.290283203125
4,smc_high,4,4,0.07839038104915293,0.07349098223358087,0.004899398815572058,0.17901581666340832,0.2,0.345703125,0.653076171875
4,smc_high,4,5,0.12429400268513535,0.11652562751731439,0.0077683751678209595,0.19123296113961374,0.2,0.340087890625,0.5908203125
4,smc_high,4,6,0.17787255849352815,0.16675552358768264,0.01111703490584551,0.171053621669878,0.2,0.24755859375,0.488037109375
4,smc_high,4,7,0.15567531735800763,0.14594561002313217,0.009729707334875477,0.13067459610157842,0.2,0.13330078125,0.628173828125
4,smc_high,5,4,0.07926031579285994,0.07306810362154276,0.006192212171317183,0.23959955685724482,0.2,0.662353515625,0.3291015625
4,smc_high,5,5,0.13367189121137835,0.12322877471048942,0.010443116500888933,0.19959912605682134,0.2,0.397216796875,0.47705078125
4,smc_high,5,6,0.18632515020041368,0.17176849784100637,0.01455665235940732,0.20238068566571063,0.2,0.388916015625,0.32861328125
4,smc_high,5,7,0.15149931972966263,0.13966343537578274,0.011835884353879892,0.20458118051364108,0.2,0.456298828125,0.333740234375
4,smc_high,6,4,0.07718377446090632,0.06994779560519636,0.007235978855709968,0.18703567983238834,0.2,0.347412109375,0.636962890625
4,smc_high,6,5,0.15187930742595215,0.13764062235476915,0.014238685071183015,0.20004721013029347,0.2,0.37890625,0.4208984375
4,smc_high,6,6,0.20299041426150202,0.18396006292448622,0.019030351337015815,0.18457739072216928,0.2,0.279541015625,0.408447265625
4,smc_high,6,7,0.14625394130078648,0.13254263430383775,0.013711306996948731,0.1592943173868047,0.2,0.234130859375,0.587890625
4,smc_high,7,4,0.08161499105042427,0.07268835140428412,0.008926639646140155,0.22656401439675833,0.2,0.607177734375,0.3642578125
4,smc_high,7,5,0.2547278929392776,0.22686702964904412,0.02786086329023349,0.21319208590835553,0.2,0.267333984375,0.302001953125
4,smc_high,7,6,0.21655549141077718,0.19286973453772344,0.023685756873053753,0.19979338360544563,0.2,0.30859375,0.341064453125
4,smc_high,7,7,0.1414334714607381,0.12596418551971986,0.015469285941018228,0.2045887395833363,0.2,0.450439453125,0.3955078125
4,smc_high,8,4,0.11157190023273314,0.0976254127036415,0.013946487529091642,0.19531430803145602,0.2,0.374267578125,0.544677734375
4,smc_high,8,5,0.3251239090500008,0.28448342041875074,0.0406404886312501,0.2409940875827073,0.2,0.220458984375,0.25537109375
4,smc_high,8,6,0.23520524403575185,0.20580458853128286,0.02940065550446898,0.2026970240339183,0.2,0.278564453125,0.3466796875
4,smc_high,8,7,0.12964933326416234,0.11344316660614204,0.016206166658020292,0.18750087560648301,0.2,0.3505859375,0.5234375
4,smc_high,9,4,0.11980960941512815,0.10296138309112575,0.016848226324002395,0.21249063862662146,0.2,0.499755859375,0.39453125
4,smc_high,9,5,0.30499434809541076,0.2621045178944936,0.04288983020091714,0.22879659167944394,0.2,0.211669921875,0.319580078125
4,smc_high,9,6,0.25218120767456015,0.21671822534532512,0.03546298232923502,0.20750829772514473,0.2,0.27978515625,0.294921875
4,smc_high,9,7,0.123871220687991,0.10645183027874226,0.017419390409248735,0.2035589410269092,0.2,0.458984375,0.43408203125
4,smc_high,10,4,0.18524407819408067,0.15629969097625557,0.028944387217825107,0.2109698597480187,0.2,0.36279296875,0.40673828125
4,smc_high,10,5,0.26964124009343515,0.22750979632883592,0.04213144376459924,0.21854815158845553,0.2,0.246337890625,0.378662109375
4,smc_high,10,6,0.2603468644205587,0.2196676668548464,0.0406791975657123,0.2034435826515707,0.2,0.236572265625,0.313720703125
4,smc_high,10,7,0.11756085740489276,0.09919197343537826,0.018368883969514496,0.20233933392777226,0.2,0.4365234375,0.468994140625
4,smc_high,11,4,0.16864781653699873,0.13966147306970209,0.028986343467296657,0.19382069793088702,0.2,0.347412109375,0.439453125
4,smc_high,11,5,0.2571280434049721,0.21293416094474252,0.04419388246022958,0.2286332230319505,0.2,0.315185546875,0.376953125
4,smc_high,11,6,0.25244485747633094,0.20905589759758655,0.04338895987874438,0.19698659672677346,0.2,0.2431640625,0.31201171875
4,smc_high,11,7,0.11873383298465476,0.09832645544041722,0.020407377544237538,0.19955431951815206,0.2,0.434326171875,0.46875
4,smc_high,12,4,0.1456610318551127,0.11834958838227908,0.02731144347283363,0.1902477898108767,0.2,0.38232421875,0.4560546875
4,smc_high,12,5,0.2530142848415389,0.20557410643375035,0.04744017840778854,0.23302839942170095,0.2,0.324462890625,0.390625
4,smc_high,12,6,0.20579480566058467,0.16720827959922505,0.03858652606135962,0.17512369915558654,0.2,0.25341796875,0.3974609375
4,smc_high,12,7,0.12498781395236415,0.10155259883629587,0.02343521511606828,0.2064396180449414,0.2,0.451904296875,0.437255859375
4,smc_high,13,4,0.1136890339919336,0.09059594896232209,0.023093085029611514,0.1948286403326022,0.2,0.407470703125,0.51318359375
4,smc_high,13,5,0.2460187120161081,0.19604616113783613,0.04997255087827195,0.2307552082346665,0.2,0.333740234375,0.390380859375
4,smc_high,13,6,0.14403185458463072,0.11477538412212761,0.029256470462503115,0.176529289547955,0.2,0.32421875,0.519287109375
4,smc_high,13,7,0.13314185559710395,0.10609741617894221,0.02704443941816174,0.19949127846302123,0.2,0.4130859375,0.462646484375
4,smc_high,14,4,0.10224551009100039,0.07987930475859405,0.022366205332406335,0.2080778353365388,0.2,0.467041015625,0.47705078125
4,smc_high,14,5,0.23300261310949527,0.18203329149179318,0.05096932161770209,0.2203587634696525,0.2,0.335205078125,0.39599609375
4,smc_high,14,6,0.12765163946222072,0.09972784332985994,0.027923796132360783,0.20668782771673724,0.2,0.467041015625,0.430419921875
4,smc_high,14,7,0.15517913687650792,0.12123370068477181,0.03394543619173611,0.20957685632058826,0.2,0.425537109375,0.419189453125
4,smc_high,15,4,0.08467187501037311,0.06482690430481691,0.019844970705556197,0.20095484873783218,0.2,0.446044921875,0.53271484375
4,smc_high,15,5,0.22584627777480257,0.17291355642133321,0.05293272135346935,0.21980554188046858,0.2,0.335205078125,0.402099609375
4,smc_high,15,6,0.12555958217754798,0.09613155510468517,0.02942802707286281,0.19789595979140023,0.2,0.37744140625,0.53662109375
4,smc_high,15,7,0.1722496519400341,0.13187863976658862,0.04037101217344549,0.2054007852889395,0.2,0.385986328125,0.436279296875
4,smc_high,16,4,0.08561269274946194,0.06420951956209646,0.021403173187365485,0.21401983868182642,0.2,0.502685546875,0.474853515625
4,smc_high,16,5,0.22291502930622248,0.16718627197966685,0.05572875732655562,0.2181672392041828,0.2,0.354248046875,0.390869140625
4,smc_high,16,6,0.1284972198518618,0.09637291488889635,0.03212430496296545,0.21180766454407715,0.2,0.4853515625,0.428466796875
4,smc_high,16,7,0.20741968784489678,0.15556476588367257,0.051854921961224196,0.2225201823323358,0.2,0.377197265625,0.40234375
4,smc_high,17,4,0.10071874418544115,0.07396532776118334,0.026753416424257805,0.20804658503850107,0.2,0.452880859375,0.49755859375
4,smc_high,17,5,0.22303269659093325,0.1637896365589666,0.059243060031966645,0.21830467160249303,0.2,0.333251953125,0.4169921875
4,smc_high,17,6,0.12898810632119687,0.09472564057962894,0.03426246574156792,0.20044976604899684,0.2,0.386474609375,0.529296875
4,smc_high,17,7,0.20482316316305813,0.1504170104478708,0.05440615271518731,0.2128220454142691,0.2,0.35205078125,0.4296875
4,smc_high,18,4,0.12043703043884464,0.08656411562791959,0.03387291481092505,0.21033693546351034,0.2,0.466796875,0.451416015625
4,smc_high,18,5,0.2203493344562711,0.15837608414044485,0.06197325031582625,0.21868119088486854,0.2,0.34814453125,0.403076171875
4,smc_high,18,6,0.13098384332048535,0.09414463738659884,0.0368392059338865,0.21418486254513872,0.2,0.48095703125,0.432861328125
4,smc_high,18,7,0.19856619668722308,0.14271945386894158,0.05584674281828149,0.2149465308946744,0.2,0.37744140625,0.3994140625
4,smc_high,19,4,0.14562112595826437,0.10238985418940463,0.043231271768859734,0.20713540036754297,0.2,0.41357421875,0.460205078125
4,smc_high,19,5,0.20865100704922063,0.14670773933148326,0.06194326771773737,0.21134106243751705,0.2,0.343505859375,0.417236328125
4,smc_high,19,6,0.13230682044170902,0.09302823312307666,0.03927858731863237,0.20151507440122196,0.2,0.390869140625,0.5185546875
4,smc_high,19,7,0.18938679193733327,0.13316258808093745,0.056224203856395816,0.2046357447791208,0.2,0.3408203125,0.46044921875
4,smc_high,20,4,0.16546814608000426,0.11375935043000293,0.05170879565000133,0.2120527784884906,0.2,0.408935546875,0.435546875
4,smc_high,20,5,0.18573285107606222,0.12769133511479278,0.05804151596126944,0.20380761067830339,0.2,0.36767578125,0.42138671875
4,smc_high,20,6,0.1350032565713419,0.09281473889279757,0.04218851767854435,0.21127444376089208,0.2,0.47021484375,0.431396484375
4,smc_high,20,7,0.1947711761331303,0.1339051835915271,0.06086599254160322,0.21808335897699213,0.2,0.40087890625,0.38916015625
4,smc_high,21,4,0.1778631207696915,0.11950178426713647,0.05836133650255502,0.20760068649139243,0.2,0.368408203125,0.457763671875
4,smc_high,21,5,0.15981668460426254,0.10737683496848889,0.052439849635773646,0.19329695377141762,0.2,0.3662109375,0.468994140625
4,smc_high,21,6,0.13800609889667884,0.09272284769620609,0.045283251200472746,0.2023989125568181,0.2,0.39697265625,0.497314453125
4,smc_high,21,7,0.19117847890121725,0.12844804051175535,0.0627304383894619,0.20345035841668146,0.2,0.33984375,0.461669921875
4,smc_high,22,4,0.1709252847025816,0.11216971808606917,0.05875556661651242,0.2093582961746717,0.2,0.391845703125,0.4521484375
4,smc_high,22,5,0.13959325353951121,0.09160807263530424,0.04798518090420698,0.1977312751212486,0.2,0.406494140625,0.462890625
4,smc_high,22,6,0.14291860527919062,0.09379033471446885,0.04912827056472178,0.20930460730203146,0.2,0.44482421875,0.439453125
4,smc_high,22,7,0.185447422036401,0.12169987071138816,0.06374755132501284,0.21156793760145412,0.2,0.39599609375,0.40966796875
4,smc_high,23,4,0.1421312436700339,0.09105282797611547,0.05107841569391844,0.19849196642257416,0.2,0.3896484375,0.491943359375
4,smc_high,23,5,0.12577880112650203,0.08057704447166536,0.04520175665483667,0.19494312777959316,0.2,0.398681640625,0.501953125
4,smc_high,23,6,0.14767002487299935,0.0946011096842652,0.05306891518873414,0.20480750278616378,0.2,0.39501953125,0.48388671875
4,smc_high,23,7,0.1729688742002761,0.11080818503455188,0.062160689165724224,0.198974799031803,0.2,0.35498046875,0.4658203125
4,smc_high,24,4,0.12849934850128467,0.08031209281330291,0.04818725568798175,0.20557380326997912,0.2,0.440673828125,0.458740234375
4,smc_high,24,5,0.11843052986170868,0.07401908116356792,0.04441144869814076,0.20258761220493723,0.2,0.439453125,0.47705078125
4,smc_high,24,6,0.1545138958679967,0.09657118491749793,0.05794271095049876,0.20903314553958016,0.2,0.428466796875,0.4462890625
4,smc_high,24,7,0.1682763213451452,0.10517270084071575,0.06310362050442944,0.2074583053699428,0.2,0.408203125,0.42041015625
4,smc_high,25,4,0.12054594141983183,0.07345768305271001,0.047088258367121806,0.1981936243111015,0.2,0.404296875,0.501708984375
4,smc_high,25,5,0.1155690828003343,0.07042490983145372,0.04514417296888059,0.20101204501567416,0.2,0.4267578125,0.501220703125
4,smc_high,25,6,0.15654798678492762,0.09539642944706526,0.06115155733786235,0.20932333357455232,0.2,0.398193359375,0.478271484375
4,smc_high,25,7,0.16533937632372014,0.10075368244726696,0.06458569387645319,0.20216408415879925,0.2,0.379150390625,0.4638671875
4,smc_high,26,4,0.11689743109767664,0.0694078497142455,0.04748958138343114,0.20207959046978613,0.2,0.447021484375,0.46728515625
4,smc_high,26,5,0.1170026563617101,0.06947032721476537,0.04753232914694473,0.20375270941868726,0.2,0.441162109375,0.479736328125
4,smc_high,26,6,0.1551838088144495,0.09214038648357939,0.0630434223308701,0.20961438984214018,0.2,0.426513671875,0.447998046875
4,smc_high,26,7,0.16376128557264155,0.09723326330875592,0.06652802226388563,0.20897756069461965,0.2,0.4130859375,0.436767578125
4,smc_high,27,4,0.11733730079034642,0.06783562701941902,0.049501673770927394,0.2015486771286557,0.2,0.427490234375,0.48388671875
4,smc_high,27,5,0.12271975579020149,0.07094735881621024,0.051772396973991254,0.20530533441106696,0.2,0.433837890625,0.484375
4,smc_high,27,6,0.14764003929919642,0.08535439771984793,0.06228564157934849,0.20391413366867078,0.2,0.400634765625,0.474365234375
4,smc_high,27,7,0.16523467300868855,0.09552629533314806,0.06970837767554049,0.2076470547550072,0.2,0.402587890625,0.447509765625
4,smc_high,28,4,0.1174555835192227,0.06606876572956277,0.05138681778965993,0.20218426955915195,0.2,0.43408203125,0.48046875
4,smc_high,28,5,0.13005463277386975,0.07315573093530173,0.056898901838568015,0.20780703600699496,0.2,0.443115234375,0.465576171875
4,smc_high,28,6,0.14588294117366263,0.08205915441018523,0.0638237867634774,0.20477265217995297,0.2,0.421142578125,0.448974609375
4,smc_high,28,7,0.16594863930049406,0.09334610960652791,0.07260252969396615,0.20823425150428196,0.2,0.403076171875,0.4404296875
4,smc_high,29,4,0.12038843842957248,0.06583742726617245,0.054551011163400026,0.20253510982114473,0.2,0.430908203125,0.478515625
4,smc_high,29,5,0.12868458056055365,0.07037437999405277,0.058310200566500874,0.20412922899131455,0.2,0.419677734375,0.486572265625
4,smc_high,29,6,0.14555166342219586,0.07959856593401336,0.0659530974881825,0.20085419328258824,0.2,0.392333984375,0.47216796875
4,smc_high,29,7,0.16634863068318728,0.09097190740486805,0.07537672327831924,0.20718958574788102,0.2,0.407470703125,0.4365234375
4,smc_high,30,4,0.12421464069919155,0.06598902787144552,0.05822561282774604,0.20290934585836198,0.2,0.435546875,0.467041015625
4,smc_high,30,5,0.12447576375892316,0.06612774949692793,0.058348014261995235,0.20540806612717233,0.2,0.447998046875,0.458251953125
4,smc_high,30,6,0.1452665432478658,0.07717285110042871,0.0680936921474371,0.2039673644082773,0.2,0.426025390625,0.442626953125
4,smc_high,30,7,0.16431341041095346,0.08729149928081903,0.07702191113013443,0.2072293668417963,0.2,0.401123046875,0.44482421875
4,smc_high,31,4,0.12754374706358987,0.06576474457966353,0.06177900248392634,0.20309731004928214,0.2,0.421142578125,0.476318359375
4,smc_high,31,5,0.1215816041125915,0.062690514620555,0.05889108949203651,0.19971173612294385,0.2,0.419921875,0.490234375
4,smc_high,31,6,0.14502512470090906,0.07477857992390623,0.07024654477700283,0.1992059605777776,0.2,0.393798828125,0.47607421875
4,smc_high,31,7,0.1618326882156614,0.08344497986120042,0.07838770835446099,0.20503880054384,0.2,0.406494140625,0.44091796875
4,smc_high,32,4,0.1279963469944819,0.06399817349724095,0.06399817349724095,0.202498472063486,0.2,0.429443359375,0.472412109375
4,smc_high,32,5,0.12030095936908189,0.060150479684540945,0.060150479684540945,0.2047000357245431,0.2,0.45068359375,0.46142578125
4,smc_high,32,6,0.14492825027657621,0.07246412513828811,0.07246412513828811,0.2023583783273078,0.2,0.411376953125,0.458984375
4,smc_high,32,7,0.15837687502670658,0.07918843751335329,0.07918843751335329,0.20443761961810292,0.2,0.4013671875,0.449951171875
4,smc_high,33,4,0.1267056117368628,0.06137303068504291,0.06533258105181988,0.20121352777539134,0.2,0.421142578125,0.483642578125
4,smc_high,33,5,0.11785244921228699,0.05708478008720151,0.06076766912508548,0.20014455205077678,0.2,0.42236328125,0.491943359375
4,smc_high,33,6,0.14311093185268092,0.06931935761614232,0.0737915742365386,0.19861222582659316,0.2,0.3935546875,0.478271484375
4,smc_high,33,7,0.1554697622833072,0.07530566610597693,0.08016409617733027,0.20354625562802156,0.2,0.406494140625,0.44873046875
4,smc_high,34,4,0.1285877387265867,0.06027550252808751,0.06831223619849917,0.20307701411187912,0.2,0.431884765625,0.470458984375
4,smc_high,34,5,0.11637275478444428,0.05454972880520826,0.06182302597923602,0.20338186626052385,0.2,0.4501953125,0.471435546875
4,smc_high,34,6,0.14043114319737704,0.06582709837377049,0.07460404482360655,0.2017687137808432,0.2,0.422119140625,0.454833984375
4,smc_high,34,7,0.15204959067578944,0.0712732456292763,0.08077634504651314,0.20189944462254644,0.2,0.40673828125,0.44970703125
4,smc_high,35,4,0.1265848006268646,0.05735873778404803,0.06922606284281659,0.20233241483676492,0.2,0.42724609375,0.4765625
4,smc_high,35,5,0.11351011364840487,0.05143427024693346,0.06207584340147141,0.2000501182712151,0.2,0.419189453125,0.505859375
4,smc_high,35,6,0.13630375359012586,0.06176263834552578,0.07454111524460008,0.19943646871442625,0.2,0.39990234375,0.485107421875
4,smc_high,35,7,0.1489233565896528,0.06748089595468643,0.08144246063496638,0.20305327310820487,0.2,0.41015625,0.451171875
4,smc_high,36,4,0.11569873561988117,0.05061819683369801,0.06508053878618315,0.2009585404640103,0.2,0.43212890625,0.48486328125
4,smc_high,36,5,0.1120143022531824,0.0490062572357673,0.0630080450174151,0.20297892357702602,0.2,0.457275390625,0.46875
4,smc_high,36,6,0.13254775027517707,0.05798964074538997,0.0745581095297871,0.20200366879139267,0.2,0.431640625,0.4609375
4,smc_high,36,7,0.14499649824487587,0.06343596798213319,0.08156053026274268,0.20129373321657648,0.2,0.40673828125,0.463623046875
4,smc_high,37,4,0.1110691251832347,0.046857287186677136,0.06421183799655755,0.20107115643533988,0.2,0.4423828125,0.48095703125
4,smc_high,37,5,0.10847977669652117,0.04576490579384487,0.0627148709026763,0.2010661284090065,0.2,0.423828125,0.50732421875
4,smc_high,37,6,0.12868101306588883,0.05428730238717185,0.07439371067871699,0.19945643795706897,0.2,0.40869140625,0.490234375
4,smc_high,37,7,0.1414844964229632,0.059688771928437606,0.0817957244945256,0.20228004392791415,0.2,0.419677734375,0.453369140625
4,smc_high,38,4,0.10924054251268187,0.044378970395777005,0.06486157211690485,0.203592707581922,0.2,0.45263671875,0.47705078125
4,smc_high,38,5,0.10677664056979512,0.04337801023147927,0.06339863033831586,0.20326298040298063,0.2,0.4619140625,0.4716796875
4,smc_high,38,6,0.12556969534932888,0.051012688735664856,0.07455700661366402,0.20180731628063303,0.2,0.43408203125,0.466064453125
4,smc_high,38,7,0.13712593359558986,0.05570741052320838,0.08141852307238148,0.2011867991349326,0.2,0.4130859375,0.464111328125
4,smc_high,39,4,0.10850098895177715,0.042383198809287946,0.0661177901424892,0.2007931556141704,0.2,0.433349609375,0.5
4,smc_high,39,5,0.10332009327174002,0.04035941143427345,0.06296068183746657,0.2015753229074152,0.2,0.43408203125,0.50390625
4,smc_high,39,6,0.1228502134173189,0.04798836461614019,0.0748618488011787,0.20035762821661685,0.2,0.419921875,0.48193359375
4,smc_high,39,7,0.13350293140799316,0.05214958258124733,0.08135334882674583,0.20234128929025344,0.2,0.428466796875,0.4560546875
4,smc_high,40,4,0.10790863150273287,0.040465736813524826,0.06744289468920804,0.20416173127758086,0.2,0.4501953125,0.482177734375
4,smc_high,40,5,0.10122583628072451,0.03795968860527169,0.06326614767545283,0.20307739011163797,0.2,0.470458984375,0.4697265625
4,smc_high,40,6,0.12048553791852983,0.04518207671944868,0.07530346119908114,0.20182643098630573,0.2,0.43896484375,0.46630859375
4,smc_high,40,7,0.12910932247780235,0.04841599592917588,0.08069332654862647,0.19995462147027473,0.2,0.4169921875,0.478515625
4,smc_high,41,4,0.1061528307853864,0.038148673563498235,0.06800415722188816,0.20124114318565842,0.2,0.445068359375,0.49169921875
4,smc_high,41,5,0.09787372665711624,0.03517337051740115,0.0627003561397151,0.20172412302845763,0.2,0.436279296875,0.51123046875
4,smc_high,41,6,0.1182045617428344,0.042479764376331115,0.0757247973665033,0.1996594470352718,0.2,0.4228515625,0.485107421875
4,smc_high,41,7,0.12565773763857802,0.04515824946386397,0.08049948817471404,0.20235155585952375,0.2,0.436767578125,0.46484375
4,smc_high,42,4,0.10475892821446901,0.03601088157372372,0.06874804664074528,0.2042399361756959,0.2,0.451171875,0.48681640625
4,smc_high,42,5,0.09533403986018069,0.03277107620193711,0.06256296365824357,0.20336770881624613,0.2,0.474609375,0.47705078125
4,smc_high,42,6,0.11610473974105644,0.03991100428598815,0.07619373545506829,0.20113889547441555,0.2,0.437255859375,0.475830078125
4,smc_high,42,7,0.12162100357408642,0.04180721997859221,0.07981378359549421,0.19969882419032092,0.2,0.42529296875,0.482177734375
4,smc_high,43,4,0.1016179890920458,0.03334340267082753,0.06827458642121827,0.20207268355128047,0.2,0.4423828125,0.4990234375
4,smc_high,43,5,0.09270636097474814,0.030419274694839234,0.06228708627990891,0.202053782848089,0.2,0.4462890625,0.510009765625
4,smc_high,43,6,0.11386843169232716,0.037363079149044846,0.0765053525432823,0.2002227633798186,0.2,0.432861328125,0.486328125
4,smc_high,43,7,0.1182742486570696,0.03880873784060097,0.07946551081646865,0.2017476186019643,0.2,0.43701171875,0.474365234375
4,smc_high,44,4,0.09887660300680394,0.030898938439626232,0.06797766456717771,0.20284079251395937,0.2,0.46044921875,0.485595703125
4,smc_high,44,5,0.0904866819841094,0.02827708812003419,0.062209593864075215,0.20382083585653724,0.2,0.473876953125,0.4853515625
4,smc_high,44,6,0.11155379775444911,0.03486056179826535,0.07669323595618377,0.2011525420610384,0.2,0.4365234375,0.4853515625
4,smc_high,44,7,0.11472802025842689,0.035852506330758406,0.07887551392766849,0.1992897555608583,0.2,0.430419921875,0.4853515625
4,smc_high,45,4,0.09514705367639507,0.028246781560179787,0.06690027211621528,0.2029172619514564,0.2,0.451171875,0.4990234375
4,smc_high,45,5,0.08777086688905576,0.02605697610768843,0.06171389078136733,0.20339258574535565,0.2,0.45849609375,0.50634765625
4,smc_high,45,6,0.10896942150859244,0.032350297010363384,0.07661912449822907,0.20077079690051974,0.2,0.440185546875,0.487060546875
4,smc_high,45,7,0.11156679567652389,0.03312139246646803,0.07844540321005586,0.20167869024833315,0.2,0.44091796875,0.478759765625
4,smc_high,46,4,0.09275496568676565,0.02608733409940284,0.06666763158736282,0.20347507777055554,0.2,0.46484375,0.490234375
4,smc_high,46,5,0.08499329695128835,0.023904364767549847,0.0610889321837385,0.20350570323522682,0.2,0.47021484375,0.499267578125
4,smc_high,46,6,0.10679781183206448,0.030036884577768135,0.07676092725429634,0.20228705634231198,0.2,0.449462890625,0.4814453125
4,smc_high,46,7,0.108337260009827,0.030469854377763846,0.07786740563206317,0.19974493648716904,0.2,0.4404296875,0.484130859375
4,smc_high,47,4,0.08982597627667804,0.023860024948492604,0.06596595132818543,0.20333179912060875,0.2,0.45947265625,0.498779296875
4,smc_high,47,5,0.08204234328086474,0.021792497433979697,0.060249845846885045,0.20461520180200593,0.2,0.4716796875,0.501220703125
4,smc_high,47,6,0.10431091281327981,0.02770758621602745,0.07660332659725236,0.20102860479973417,0.2,0.442138671875,0.496337890625
4,smc_high,47,7,0.10547178275674504,0.028015942294760402,0.07745584046198464,0.20127910665840656,0.2,0.4462890625,0.4833984375
8,smc_high,0,8,0.11885719599341563,0.11885719599341563,0.0,0.13685172170689258,0.2,0.0,0.8876953125
8,smc_high,0,9,0.11026297399714714,0.11026297399714714,0.0,0.13006864925543435,0.2,0.0,0.935546875
8,smc_high,0,10,0.15577216811415842,0.15577216811415842,0.0,0.09217906935359887,0.2,0.0,0.791015625
8,smc_high,0,11,0.18657678636685524,0.18657678636685524,0.0,0.12572396880021544,0.2,0.0,0.71240234375
8,smc_high,1,8,0.1421545326149058,0.13993336804279788,0.002221164572107903,0.24055401661359715,0.2,0.663330078125,0.169677734375
8,smc_high,1,9,0.11465521121788631,0.11286372354260683,0.0017914876752794736,0.2476441977898548,0.2,0.784423828125,0.122314453125
8,smc_high,1,10,0.14649435943483347,0.1442053850686642,0.002288974366169273,0.21910321490330859,0.2,0.56298828125,0.257080078125
8,smc_high,1,11,0.18415342567445844,0.18127602839829504,0.002877397276163413,0.2192505234448641,0.2,0.58154296875,0.133544921875
8,smc_high,2,8,0.16773731036824846,0.1624955194192407,0.005241790949007764,0.18061457814244075,0.2,0.30419921875,0.47607421875
8,smc_high,2,9,0.11249480177080348,0.10897933921546588,0.003515462555337609,0.146520823337711,0.2,0.134521484375,0.76708984375
8,smc_high,2,10,0.13364709836756095,0.12947062654357466,0.0041764718239862796,0.15228293892399436,0.2,0.2109375,0.659423828125
8,smc_high,2,11,0.17833456949611456,0.17276161419936098,0.00557295529675358,0.16430047205868625,0.2,0.192626953125,0.537109375
8,smc_high,3,8,0.13933429082945634,0.13280299594682557,0.006531294882630765,0.1962265743786182,0.2,0.405517578125,0.455322265625
8,smc_high,3,9,0.10843462201475149,0.10335174910781,0.0050828729069414755,0.23038490319422208,0.2,0.634765625,0.273193359375
8,smc_high,3,10,0.12398486341369166,0.11817307294117486,0.005811790472516797,0.2093093537283101,0.2,0.477783203125,0.435791015625
8,smc_high,3,11,0.15414123159712453,0.14691586136600931,0.007225370231115212,0.20196434552035172,0.2,0.50439453125,0.251220703125
8,smc_high,4,8,0.16416251013352365,0.15390235325017843,0.010260156883345228,0.20875744468188628,0.2,0.3388671875,0.47607421875
8,smc_high,4,9,0.11885145369068018,0.11142323783501266,0.007428215855667511,0.1759458142809553,0.2,0.29541015625,0.609375
8,smc_high,4,10,0.13559119434645991,0.12711674469980616,0.008474449646653745,0.19774836346951719,0.2,0.380126953125,0.502685546875
8,smc_high,4,11,0.12950131151956418,0.12140747954959141,0.008093831969972761,0.1691484754902696,0.2,0.2939453125,0.517822265625
8,smc_high,5,8,0.19504493600937503,0.1798070503836426,0.015237885625732424,0.21113801274143107,0.2,0.3994140625,0.309326171875
8,smc_high,5,9,0.14800510018830407,0.1364422017360928,0.011562898452211255,0.22052090455840082,0.2,0.47412109375,0.38671875
8,smc_high,5,10,0.1505148283343775,0.13875585737075424,0.01175897096362324,0.20409243955965342,0.2,0.409912109375,0.4384765625
8,smc_high,5,11,0.10702655604412038,0.09866510635317348,0.008361449690946906,0.2001504362413971,0.2,0.494140625,0.43359375
8,smc_high,6,8,0.25887603504475803,0.23460640675931196,0.024269628285446064,0.21896976425986842,0.2,0.26708984375,0.386474609375
8,smc_high,6,9,0.18503415216951666,0.16768720040362448,0.017346951765892186,0.2106747275639167,0.2,0.380126953125,0.38671875
8,smc_high,6,10,0.15812287764822353,0.14329885786870256,0.014824019779520956,0.20132505817640098,0.2,0.36279296875,0.47900390625
8,smc_high,6,11,0.08817673443395191,0.07991016558076891,0.008266568853182991,0.19400694625708265,0.2,0.43310546875,0.55224609375
8,smc_high,7,8,0.3417827670757557,0.30440027692684496,0.037382490148910784,0.2887105536926085,0.2,0.29345703125,0.3154296875
8,smc_high,7,9,0.24273842084889108,0.21618890606854363,0.026549514780347463,0.21961542169885206,0.2,0.301025390625,0.368408203125
8,smc_high,7,10,0.14680813928730974,0.13075099905276022,0.016057140234549502,0.20291064436870393,0.2,0.416015625,0.461181640625
8,smc_high,7,11,0.07568817774384236,0.0674097833031096,0.008278394440732757,0.21784338311572307,0.2,0.527099609375,0.467041015625
8,smc_high,8,8,0.32124135484677063,0.2810861854909243,0.04015516935584633,0.2726800529505751,0.2,0.26806640625,0.379150390625
8,smc_high,8,9,0.28713910021893424,0.25124671269156745,0.03589238752736678,0.24228912229609925,0.2,0.310302734375,0.293212890625
8,smc_high,8,10,0.12773908130075107,0.11177169613815718,0.015967385162593883,0.2021983038310181,0.2,0.41015625,0.506103515625
8,smc_high,8,11,0.06538449205967486,0.0572114305522155,0.008173061507459358,0.2040419838570897,0.2,0.4970703125,0.502197265625
8,smc_high,9,8,0.2790230620642288,0.2397854439614466,0.039237618102782174,0.24498536185172778,0.2,0.31005859375,0.36572265625
8,smc_high,9,9,0.2943172190880509,0.25292886015379373,0.04138835893425716,0.23460843042192822,0.2,0.254638671875,0.33251953125
8,smc_high,9,10,0.12341528358135927,0.10606000932773062,0.017355274253628646,0.20503847166497796,0.2,0.440185546875,0.469482421875
8,smc_high,9,11,0.0605102062538948,0.05200095849944084,0.008509247754453955,0.2138478509114384,0.2,0.518310546875,0.4814453125
8,smc_high,10,8,0.2489178601804941,0.2100244445272919,0.0388934156532022,0.2224945941328444,0.2,0.29541015625,0.401611328125
8,smc_high,10,9,0.219793105996232,0.18545043318432075,0.03434267281191125,0.2127676024684189,0.2,0.30224609375,0.430419921875
8,smc_high,10,10,0.13768236690720553,0.11616949707795467,0.021512869829250866,0.20622060373744458,0.2,0.426513671875,0.44873046875
8,smc_high,10,11,0.06132334615681512,0.05174157331981276,0.009581772837002362,0.20542781486040737,0.2,0.488037109375,0.510009765625
8,smc_high,11,8,0.22271131751722703,0.18443280981895363,0.038278507698273394,0.2123257327119977,0.2,0.33056640625,0.386962890625
8,smc_high,11,9,0.2175576379462343,0.1801649189242253,0.037392719022009024,0.2104902312492162,0.2,0.334228515625,0.390380859375
8,smc_high,11,10,0.13732466848792335,0.11372199109156153,0.023602677396361828,0.19832414762155004,0.2,0.38916015625,0.4775390625
8,smc_high,11,11,0.06163703737584318,0.05104317157687013,0.010593865798973047,0.20989050458051994,0.2,0.505615234375,0.489990234375
8,smc_high,12,8,0.20943461447325162,0.17016562425951695,0.03926899021373468,0.20422953312164943,0.2,0.31640625,0.427734375
8,smc_high,12,9,0.20716578685798348,0.16832220182211158,0.0388435850358719,0.2065460020267007,0.2,0.350830078125,0.388916015625
8,smc_high,12,10,0.1413901213023838,0.11487947355818683,0.02651064774419696,0.20181003026813882,0.2,0.41748046875,0.44677734375
8,smc_high,12,11,0.06781149691013877,0.05509684123948775,0.01271465567065102,0.20691064455162816,0.2,0.5078125,0.48046875
8,smc_high,13,8,0.2030425308038074,0.16179951673428403,0.04124301406952338,0.20750795057040372,0.2,0.351318359375,0.413330078125
8,smc_high,13,9,0.20175604857660911,0.16077435120948538,0.040981697367123725,0.2001647361826103,0.2,0.319091796875,0.424072265625
8,smc_high,13,10,0.1363229843552815,0.10863237815811495,0.027690606197166557,0.19819767613209233,0.2,0.4013671875,0.469482421875
8,smc_high,13,11,0.0700191543299869,0.05579651360670831,0.014222640723278588,0.20530694574091593,0.2,0.4658203125,0.518310546875
8,smc_high,14,8,0.19965754389810098,0.1559824561703914,0.04367508772770959,0.208528970773732,0.2,0.345703125,0.42919921875
8,smc_high,14,9,0.19822125247592096,0.15486035349681324,0.043360898979107707,0.2051780259155732,0.2,0.361572265625,0.386962890625
8,smc_high,14,10,0.13924442949941201,0.10878471054641564,0.03045971895299638,0.1991433650328621,0.2,0.407958984375,0.45458984375
8,smc_high,14,11,0.07665027978827833,0.05988303108459245,0.016767248703685886,0.20738391710217943,0.2,0.51025390625,0.468017578125
8,smc_high,15,8,0.19560816413324192,0.14976250066451335,0.04584566346872857,0.20626352601588466,0.2,0.350830078125,0.428466796875
8,smc_high,15,9,0.1990381325160473,0.15238857020759872,0.046649562308448585,0.19739870558081504,0.2,0.314453125,0.433837890625
8,smc_high,15,10,0.13328224977956626,0.10204422248748042,0.031238027292085843,0.19596605393372513,0.2,0.404541015625,0.4677734375
8,smc_high,15,11,0.08288803384956983,0.0634611509160769,0.01942688293349293,0.20406298033994802,0.2,0.447265625,0.525146484375
8,smc_high,16,8,0.19273909803117784,0.14455432352338338,0.04818477450779446,0.20752272059936708,0.2,0.35302734375,0.430908203125
8,smc_high,16,9,0.19789948912502647,0.14842461684376984,0.04947487228125662,0.2064006644868161,0.2,0.3701171875,0.383544921875
8,smc_high,16,10,0.12975361170863586,0.0973152087814769,0.032438402927158966,0.1988568199955733,0.2,0.4072265625,0.472900390625
8,smc_high,16,11,0.09446909622555989,0.07085182216916992,0.023617274056389973,0.2114578237300278,0.2,0.51904296875,0.447265625
8,smc_high,17,8,0.19169579404831497,0.1407765987542313,0.05091919529408366,0.20672731231635844,0.2,0.364013671875,0.414306640625
8,smc_high,17,9,0.19956052997974252,0.1465522642038734,0.05300826577586911,0.19936402263409522,0.2,0.32080078125,0.440185546875
8,smc_high,17,10,0.12763318696297607,0.09373062167593556,0.03390256528704052,0.1988385613056874,0.2,0.417236328125,0.46630859375
8,smc_high,17,11,0.1034784304255981,0.0759919723437986,0.027486458081799493,0.20552917921767408,0.2,0.419921875,0.5390625
8,smc_high,18,8,0.19020498891436277,0.13670983578219825,0.05349515313216453,0.20541410634098722,0.2,0.3505859375,0.432861328125
8,smc_high,18,9,0.20236506759484787,0.1454498923337969,0.056915175261050964,0.21261614854851624,0.2,0.36962890625,0.391845703125
8,smc_high,18,10,0.12774148391591597,0.0918141915645646,0.035927292351351364,0.1954429322291274,0.2,0.39453125,0.489990234375
8,smc_high,18,11,0.1025249139532237,0.07368978190387954,0.028835132049344167,0.21238678268520883,0.2,0.51416015625,0.44384765625
8,smc_high,19,8,0.18757437745899866,0.13188823415085843,0.05568614330814023,0.20528604122137456,0.2,0.365234375,0.423583984375
8,smc_high,19,9,0.20709733445448794,0.14561531328831184,0.061482021166176105,0.20594473640610847,0.2,0.330078125,0.431396484375
8,smc_high,19,10,0.12753796116616364,0.08967512894495881,0.03786283222120483,0.20083926642163966,0.2,0.427001953125,0.458984375
8,smc_high,19,11,0.10067877457368962,0.07078976337212552,0.029889011201564106,0.20256146146327184,0.2,0.41162109375,0.538818359375
8,smc_high,20,8,0.1825741464923334,0.1255197257134792,0.057054420778854184,0.20289419055196076,0.2,0.3544921875,0.443115234375
8,smc_high,20,9,0.20987633068325506,0.14428997734473786,0.0655863533385172,0.21570523770850905,0.2,0.356689453125,0.401611328125
8,smc_high,20,10,0.12999186913268515,0.08936941002872104,0.04062245910396411,0.19624392310694275,0.2,0.394287109375,0.485107421875
8,smc_high,20,11,0.10369020099427369,0.07128701318356316,0.032403187810710526,0.20964395702721514,0.2,0.510498046875,0.43310546875
8,smc_high,21,8,0.17763567604707767,0.1193489698441303,0.05828670620294736,0.2022174533942625,0.2,0.36962890625,0.428955078125
8,smc_high,21,9,0.20840768864122997,0.14002391580582638,0.06838377283540359,0.20908761372804704,0.2,0.344482421875,0.41357421875
8,smc_high,21,10,0.13215154853737057,0.08878932167354585,0.04336222686382472,0.20118346514625093,0.2,0.422119140625,0.451904296875
8,smc_high,21,11,0.10794359700731185,0.07252460423928765,0.0354189927680242,0.20169611494788062,0.2,0.40625,0.529296875
8,smc_high,22,8,0.17587540382270148,0.11541823375864785,0.060457170064053635,0.2020793561847591,0.2,0.366455078125,0.441162109375
8,smc_high,22,9,0.20275686558018485,0.13305919303699631,0.06969767254318854,0.20749315990093206,0.2,0.341796875,0.4208984375
8,smc_high,22,10,0.1353709478518907,0.08883718452780326,0.04653376332408742,0.19545402855811295,0.2,0.38916015625,0.474365234375
8,smc_high,22,11,0.11176649832316304,0.07334676452457575,0.0384197337985873,0.20946053975803175,0.2,0.49169921875,0.438720703125
8,smc_high,23,8,0.1755580974946258,0.11246690620749467,0.06309119128713114,0.20205299771528462,0.2,0.36865234375,0.4345703125
8,smc_high,23,9,0.19658480748322246,0.1259371422939394,0.07064766518928307,0.20280641832996235,0.2,0.35009765625,0.420166015625
8,smc_high,23,10,0.1363573244906596,0.08735391100182881,0.04900341348883079,0.19896028522860357,0.2,0.415283203125,0.451171875
8,smc_high,23,11,0.11746384982061335,0.07525027879133042,0.04221357102928292,0.20248628503433236,0.2,0.41162109375,0.5087890625
8,smc_high,24,8,0.17653377058292424,0.11033360661432765,0.0662001639685966,0.20056514065772912,0.2,0.365234375,0.436279296875
8,smc_high,24,9,0.19053148688528382,0.1190821793033024,0.07144930758198142,0.20432208434727506,0.2,0.349853515625,0.42822265625
8,smc_high,24,10,0.1393206834608164,0.08707542716301025,0.05224525629780616,0.19440035902881025,0.2,0.384765625,0.471435546875
8,smc_high,24,11,0.12171018490347366,0.07606886556467103,0.045641319338802624,0.20768091074514905,0.2,0.46923828125,0.4453125
8,smc_high,25,8,0.17471841029163518,0.10646903127146519,0.06824937902016999,0.19892191949293028,0.2,0.35986328125,0.43994140625
8,smc_high,25,9,0.1870504905683881,0.1139838926901115,0.0730665978782766,0.20310017501869512,0.2,0.366455078125,0.417724609375
8,smc_high,25,10,0.14069785346330263,0.08573775445420004,0.05496009900910259,0.19812680965438922,0.2,0.405517578125,0.44091796875
8,smc_high,25,11,0.1287717481064777,0.07847028400238486,0.050301464104092856,0.20395864849072456,0.2,0.414794921875,0.489013671875
8,smc_high,26,8,0.17252651146504255,0.10243761618236902,0.07008889528267354,0.1987846617100162,0.2,0.36669921875,0.4375
8,smc_high,26,9,0.18351464098379092,0.10896181808412586,0.07455282289966506,0.20270337689590612,0.2,0.3515625,0.4423828125
8,smc_high,26,10,0.14339468266286648,0.08514059283107697,0.05825408983178951,0.19469015057833097,0.2,0.38525390625,0.4580078125
8,smc_high,26,11,0.1350920658864354,0.08021091412007103,0.054881151766364385,0.20747362040140724,0.2,0.44775390625,0.4482421875
8,smc_high,27,8,0.16742655464168657,0.09679347690222505,0.07063307773946152,0.197644775053008,0.2,0.3662109375,0.447998046875
8,smc_high,27,9,0.17814442689691481,0.10298974679977888,0.07515468009713594,0.20384563306277603,0.2,0.379638671875,0.43017578125
8,smc_high,27,10,0.14361965846857855,0.08303011505214697,0.06058954341643157,0.19405541818387212,0.2,0.39306640625,0.454833984375
8,smc_high,27,11,0.13923982391797618,0.08049802320257998,0.0587418007153962,0.2040858536677489,0.2,0.41259765625,0.484130859375
8,smc_high,28,8,0.16110199563383465,0.09061987254403199,0.07048212308980266,0.1992609531036865,0.2,0.382080078125,0.44580078125
8,smc_high,28,9,0.17056631663613636,0.0959435531078267,0.07462276352830965,0.2006348755026108,0.2,0.3681640625,0.451171875
8,smc_high,28,10,0.14478703055132303,0.0814427046851192,0.06334432586620382,0.19616708144785047,0.2,0.38330078125,0.46484375
8,smc_high,28,11,0.13969619797684926,0.0785791113619777,0.06111708661487155,0.20926572565037982,0.2,0.440673828125,0.45751953125
8,smc_high,29,8,0.1532317524375438,0.08379861461428177,0.06943313782326203,0.19522543601280232,0.2,0.378662109375,0.458984375
8,smc_high,29,9,0.16293881521178236,0.08910716456894348,0.07383165064283888,0.20079571623673736,0.2,0.39208984375,0.439208984375
8,smc_high,29,10,0.145857692375217,0.0797659255176968,0.0660917668575202,0.19900291160881817,0.2,0.406494140625,0.44091796875
8,smc_high,29,11,0.1401832498006417,0.07666271473472593,0.06352053506591578,0.20517680279190445,0.2,0.417236328125,0.479248046875
8,smc_high,30,8,0.14609314800344533,0.07761198487683034,0.068481163126615,0.19960576385127474,0.2,0.40283203125,0.454345703125
8,smc_high,30,9,0.15711722732670153,0.08346852701731018,0.07364870030939134,0.20148207646361607,0.2,0.3837890625,0.4541015625
8,smc_high,30,10,0.14445991580000678,0.0767443302687536,0.06771558553125318,0.19463443207333084,0.2,0.37646484375,0.4677734375
8,smc_high,30,11,0.14204086364367194,0.07545920881070071,0.06658165483297122,0.21046596406300158,0.2,0.4462890625,0.447265625
8,smc_high,31,8,0.1389072524488721,0.07162405204394967,0.06728320040492242,0.19533232455482244,0.2,0.3857421875,0.4853515625
8,smc_high,31,9,0.1510200701029712,0.07786972364684452,0.07315034645612667,0.19831746448885,0.2,0.39501953125,0.453369140625
8,smc_high,31,10,0.14307266861984239,0.07377184475710623,0.06930082386273616,0.19612202937983989,0.2,0.41015625,0.43603515625
8,smc_high,31,11,0.14626565961435378,0.07541823073865117,0.07084742887570261,0.20537614846645275,0.2,0.401123046875,0.4873046875
8,smc_high,32,8,0.13383351751485167,0.06691675875742584,0.06691675875742584,0.20046949508839307,0.2,0.41357421875,0.466064453125
8,smc_high,32,9,0.145967508877846,0.072983754438923,0.072983754438923,0.1995048413064607,0.2,0.392333984375,0.458740234375
8,smc_high,32,10,0.14002960016624658,0.07001480008312329,0.07001480008312329,0.19439161077247033,0.2,0.380859375,0.473876953125
8,smc_high,32,11,0.14902488583250914,0.07451244291625457,0.07451244291625457,0.2113480383327236,0.2,0.448486328125,0.438232421875
8,smc_high,33,8,0.12949831568699152,0.06272574666088652,0.066772569026105,0.1971978788990099,0.2,0.405029296875,0.478759765625
8,smc_high,33,9,0.14305052895243556,0.06929009996133598,0.07376042899109958,0.20009983173805068,0.2,0.40869140625,0.453125
8,smc_high,33,10,0.137630290559049,0.06666467198953935,0.07096561856950964,0.1978821880144319,0.2,0.41455078125,0.4462890625
8,smc_high,33,11,0.15313391360598447,0.07417423940289873,0.07895967420308574,0.207756510821944,0.2,0.3994140625,0.482666015625
8,smc_high,34,8,0.1262201700690803,0.05916570471988138,0.0670544653491989,0.20019095901969328,0.2,0.420166015625,0.466796875
8,smc_high,34,9,0.14219054611354243,0.06665181849072302,0.07553872762281941,0.2000013870612575,0.2,0.3916015625,0.473876953125
8,smc_high,34,10,0.13492706653125738,0.0632470624365269,0.07168000409473048,0.19539904836026153,0.2,0.393798828125,0.473876953125
8,smc_high,34,11,0.15450891209847453,0.07242605254615994,0.08208285955231459,0.2106061953555921,0.2,0.431396484375,0.448486328125
8,smc_high,35,8,0.12312588205137114,0.055791415304527546,0.0673344667468436,0.19670505294785698,0.2,0.4111328125,0.486083984375
8,smc_high,35,9,0.14093332002599648,0.06386041063677966,0.07707290938921682,0.1998443379615197,0.2,0.412109375,0.455810546875
8,smc_high,35,10,0.1315980590553608,0.05963037050946036,0.07196768854590044,0.19888173448163424,0.2,0.42236328125,0.45654296875
8,smc_high,35,11,0.15571000031161433,0.07055609389120024,0.0851539064204141,0.20801634916409742,0.2,0.401611328125,0.4755859375
8,smc_high,36,8,0.12025005963330251,0.05260940108956985,0.06764065854373266,0.19840231221617063,0.2,0.418701171875,0.485107421875
8,smc_high,36,9,0.14138200283839186,0.06185462624179644,0.07952737659659542,0.19865628941789898,0.2,0.392578125,0.475341796875
8,smc_high,36,10,0.1267408316833401,0.0554491138614613,0.0712917178218788,0.19715382556092506,0.2,0.406005859375,0.4853515625
8,smc_high,36,11,0.15307256612771972,0.06696924768087738,0.08610331844684234,0.20900758990224275,0.2,0.42724609375,0.44873046875
8,smc_high,37,8,0.11739958218056425,0.04952794873242554,0.06787163344813871,0.1968977743292739,0.2,0.419921875,0.490234375
8,smc_high,37,9,0.14286259476623578,0.06027015716700572,0.08259243759923006,0.2001797589016858,0.2,0.40625,0.45458984375
8,smc_high,37,10,0.12221754365919785,0.05156052623122409,0.07065701742797376,0.19811922548579006,0.2,0.427734375,0.47021484375
8,smc_high,37,11,0.1501540319397216,0.06334623222457005,0.08680779971515155,0.20564016016699996,0.2,0.404052734375,0.473388671875
8,smc_high,38,8,0.11461221542248179,0.04656121251538323,0.06805100290709856,0.2008412965201694,0.2,0.431396484375,0.485595703125
8,smc_high,38,9,0.142277670865859,0.057800303789255214,0.08447736707660378,0.19866146869810974,0.2,0.399658203125,0.464111328125
8,smc_high,38,10,0.11754923861815715,0.047754378188626344,0.06979486042953081,0.1991376822836336,0.2,0.421630859375,0.486572265625
8,smc_high,38,11,0.144732656535251,0.05879764171744572,0.08593501481780529,0.20550517815693992,0.2,0.41748046875,0.464599609375
8,smc_high,39,8,0.11177243137915309,0.04366110600748167,0.06811132537167142,0.19900360375561232,0.2,0.430908203125,0.490234375
8,smc_high,39,9,0.13976410815397108,0.05459535474764495,0.08516875340632613,0.19936506829031184,0.2,0.402099609375,0.465576171875
8,smc_high,39,10,0.11293684664410512,0.04411595572035357,0.06882089092375156,0.19886958245829736,0.2,0.43408203125,0.4814453125
8,smc_high,39,11,0.1413922804443231,0.05523135954856371,0.08616092089575939,0.2036210350373491,0.2,0.41162109375,0.477294921875
8,smc_high,40,8,0.10974554881772981,0.04115458080664868,0.06859096801108114,0.20139241260272048,0.2,0.438720703125,0.48779296875
8,smc_high,40,9,0.1366871691893206,0.05125768844599523,0.08542948074332538,0.19777598024254542,0.2,0.39892578125,0.472900390625
8,smc_high,40,10,0.1092654883416493,0.04097455812811849,0.06829093021353082,0.20042191063542805,0.2,0.432861328125,0.48974609375
8,smc_high,40,11,0.13717592697531095,0.051440972615741605,0.08573495435956935,0.2050717375453914,0.2,0.431396484375,0.464111328125
8,smc_high,41,8,0.10742469416467916,0.03860574946543157,0.06881894469924758,0.20087403812590834,0.2,0.44091796875,0.49072265625
8,smc_high,41,9,0.13324664975556577,0.04788551475590645,0.08536113499965932,0.19807273051840374,0.2,0.411376953125,0.467529296875
8,smc_high,41,10,0.10507161736201082,0.037760112489472634,0.06731150487253817,0.1991310437815578,0.2,0.44287109375,0.48876953125
8,smc_high,41,11,0.13485083046472768,0.04846201719826151,0.08638881326646616,0.20375298527032892,0.2,0.42138671875,0.4765625
8,smc_high,42,8,0.10573688803203972,0.03634705526101365,0.06938983277102606,0.2030552341565656,0.2,0.446533203125,0.490966796875
8,smc_high,42,9,0.13025029523049972,0.04477353898548428,0.08547675624501544,0.19757542144558368,0.2,0.407470703125,0.478271484375
8,smc_high,42,10,0.10294020944912365,0.035385696998136255,0.0675545124509874,0.20180128156013422,0.2,0.445068359375,0.489501953125
8,smc_high,42,11,0.13084747217924142,0.04497881856161424,0.08586865361762719,0.20408650744749124,0.2,0.4306640625,0.4736328125
8,smc_high,43,8,0.1032674980820748,0.0338846478081808,0.06938285027389401,0.2039238974991955,0.2,0.451904296875,0.4931640625
8,smc_high,43,9,0.12710996815894182,0.041707958302152785,0.08540200985678903,0.19879160398801185,0.2,0.414794921875,0.4814453125
8,smc_high,43,10,0.10020431853572258,0.03287954201953397,0.06732477651618861,0.20095981156719167,0.2,0.451171875,0.48779296875
8,smc_high,43,11,0.1272649164632373,0.041758800714499736,0.08550611574873755,0.20317815187775026,0.2,0.431884765625,0.475341796875
8,smc_high,44,8,0.10084257763021076,0.03151330550944086,0.06932927212076989,0.20324621758795788,0.2,0.45751953125,0.4912109375
8,smc_high,44,9,0.12382616080358656,0.038695675251120804,0.08513048555246576,0.19997205717017566,0.2,0.4189453125,0.481201171875
8,smc_high,44,10,0.09815120977843007,0.030672253055759397,0.06747895672267068,0.2021781102854609,0.2,0.450439453125,0.4921875
8,smc_high,44,11,0.1225239761996279,0.038288742562383724,0.08423523363724418,0.20386144782793378,0.2,0.436767578125,0.476806640625
8,smc_high,45,8,0.09777256897242896,0.02902623141368985,0.06874633755873912,0.20470397118801767,0.2,0.452880859375,0.50244140625
8,smc_high,45,9,0.1202327247967289,0.03569409017402889,0.0845386346227,0.1981843565651939,0.2,0.418701171875,0.4892578125
8,smc_high,45,10,0.09539155308223915,0.028319367321289746,0.06707218576094941,0.20200632314485903,0.2,0.459228515625,0.49072265625
8,smc_high,45,11,0.11947394939187049,0.035468828725711554,0.08400512066615894,0.20246763869451093,0.2,0.433837890625,0.482666015625
8,smc_high,46,8,0.09481373200533685,0.02666636212650099,0.06814736987883586,0.20395577986523816,0.2,0.460693359375,0.498291015625
8,smc_high,46,9,0.11667033885486795,0.03281353280293161,0.08385680605193634,0.20155716706893195,0.2,0.42919921875,0.483642578125
8,smc_high,46,10,0.09347169380490296,0.026288913882628957,0.067182779922274,0.20256894198587824,0.2,0.454345703125,0.498046875
8,smc_high,46,11,0.11625891561065602,0.032697820015497,0.08356109559515901,0.20383441094593213,0.2,0.44580078125,0.474853515625
8,smc_high,47,8,0.09150233021474083,0.024305306463290533,0.0671970237514503,0.20570936531506784,0.2,0.468994140625,0.493408203125
8,smc_high,47,9,0.11301837888562949,0.03002050689149533,0.08299787199413415,0.19949977175811137,0.2,0.431396484375,0.4892578125
8,smc_high,47,10,0.0907931655348923,0.02411693459520577,0.06667623093968654,0.20204070659187331,0.2,0.462646484375,0.494140625
8,smc_high,47,11,0.11316610119586049,0.03005974563015044,0.08310635556571004,0.20252339762013966,0.2,0.44287109375,0.485107421875
12,smc_high,0,12,0.0741066329688582,0.0741066329688582,0.0,0.14285479322490113,0.2,0.0,1.0
12,smc_high,0,13,0.10990619967190085,0.10990619967190085,0.0,0.12170340116431694,0.2,0.0,0.972900390625
12,smc_high,0,14,0.12802481379007333,0.12802481379007333,0.0,0.1206261498123316,0.2,0.0,0.872802734375
12,smc_high,0,15,0.15798208445730022,0.15798208445730022,0.0,0.12052104960931533,0.2,0.0,0.6806640625
12,smc_high,1,12,0.08482042539544526,0.08349510624864143,0.0013253191468038323,0.27096173569457527,0.2,0.880126953125,0.119873046875
12,smc_high,1,13,0.12173392149226316,0.11983182896894655,0.0019020925233166118,0.26690102563732576,0.2,0.720458984375,0.21533203125
12,smc_high,1,14,0.11903266057879645,0.11717277525725275,0.0018598853215436946,0.24906053207597145,0.2,0.785888671875,0.11669921875
12,smc_high,1,15,0.15280580775153849,0.15041821700542068,0.002387590746117789,0.21780141318816137,0.2,0.58935546875,0.12744140625
12,smc_high,2,12,0.14396544211727144,0.1394665220511067,0.0044989200661647325,0.14649313513585263,0.2,0.215087890625,0.616455078125
12,smc_high,2,13,0.11819417961802295,0.11450061150495973,0.003693568113063217,0.13561609099686847,0.2,0.1650390625,0.78662109375
12,smc_high,2,14,0.1025756724980123,0.09937018273244942,0.0032054897655628845,0.15103929967472882,0.2,0.122314453125,0.811279296875
12,smc_high,2,15,0.1385943283134772,0.13426325555368104,0.004331072759796163,0.12885572747097784,0.2,0.08935546875,0.730712890625
12,smc_high,3,12,0.17227917907265272,0.16420359255362213,0.008075586519030595,0.22179101664524256,0.2,0.451904296875,0.287109375
12,smc_high,3,13,0.1089137742217647,0.10380844105511948,0.00510533316664522,0.2523397691896474,0.2,0.678466796875,0.303466796875
12,smc_high,3,14,0.10396271473720614,0.0990894624838996,0.004873252253306538,0.2435524630751628,0.2,0.727294921875,0.215087890625
12,smc_high,3,15,0.12744606628085892,0.12147203192394365,0.005974034356915262,0.2308915520090934,0.2,0.590087890625,0.328369140625
12,smc_high,4,12,0.21884680649772112,0.20516888109161355,0.01367792540610757,0.18626722947738092,0.2,0.239013671875,0.3984375
12,smc_high,4,13,0.0916717802417617,0.0859422939766516,0.005729486265110106,0.17786395549431638,0.2,0.284912109375,0.702880859375
12,smc_high,4,14,0.09431759541020596,0.08842274569706808,0.005894849713137872,0.1821626712239663,0.2,0.3115234375,0.64697265625
12,smc_high,4,15,0.15118849432693643,0.1417392134315029,0.009449280895433527,0.18688924073751467,0.2,0.286865234375,0.5478515625
12,smc_high,5,12,0.2661061629873921,0.2453166190040021,0.02078954398339001,0.2077730444626435,0.2,0.242431640625,0.24609375
12,smc_high,5,13,0.09110827015174085,0.0839904365461361,0.0071178336056047535,0.2342350467315314,0.2,0.604736328125,0.377685546875
12,smc_high,5,14,0.09994650033675541,0.09213817999794639,0.007808320338809016,0.23305367342900069,0.2,0.6494140625,0.306640625
12,smc_high,5,15,0.22603428182996516,0.20837535356199913,0.01765892826796603,0.23874291339688847,0.2,0.430908203125,0.222412109375
12,smc_high,6,12,0.26044707171389775,0.23603015874071984,0.024416912973177912,0.19021946223803388,0.2,0.2109375,0.318115234375
12,smc_high,6,13,0.08702363282964119,0.07886516725186234,0.008158465577778861,0.19757316191739738,0.2,0.419189453125,0.564208984375
12,smc_high,6,14,0.09461263768434489,0.08574270290143755,0.008869934782907332,0.19807690972898262,0.2,0.388916015625,0.578857421875
12,smc_high,6,15,0.2493247152679148,0.2259505232115478,0.023374192056367014,0.17978911189693284,0.2,0.17578125,0.39501953125
12,smc_high,7,12,0.24035199732374388,0.2140634976164594,0.026288499707284488,0.18719029304958812,0.2,0.22900390625,0.37353515625
12,smc_high,7,13,0.15039648172635328,0.1339468665375334,0.01644961518881989,0.22690277008184448,0.2,0.439697265625,0.424560546875
12,smc_high,7,14,0.0968386064505557,0.08624688387002617,0.010591722580529529,0.22540470550248404,0.2,0.5947265625,0.371826171875
12,smc_high,7,15,0.24546722807675966,0.21861925000586407,0.02684797807089559,0.20654251844765348,0.2,0.302490234375,0.298583984375
12,smc_high,8,12,0.22650717787635524,0.19819378064181084,0.028313397234544405,0.20708309594198812,0.2,0.309814453125,0.423828125
12,smc_high,8,13,0.28050071456728126,0.2454381252463711,0.03506258932091016,0.25084359048916904,0.2,0.32470703125,0.223388671875
12,smc_high,8,14,0.09665236109802758,0.08457081596077413,0.012081545137253447,0.20150489904057187,0.2,0.3994140625,0.5654296875
12,smc_high,8,15,0.2504366134675847,0.21913203678413662,0.03130457668344809,0.20737835059880302,0.2,0.27783203125,0.3203125
12,smc_high,9,12,0.2126434508733588,0.18274046559429272,0.029902985279066083,0.2144079495354995,0.2,0.345703125,0.4326171875
12,smc_high,9,13,0.5439731075175103,0.4674768892728604,0.07649621824464989,0.41556658517776596,0.2,0.15087890625,0.1337890625
12,smc_high,9,14,0.08735120054007008,0.07506743796412273,0.012283762575947354,0.2202301371697261,0.2,0.56787109375,0.409423828125
12,smc_high,9,15,0.2578557906643889,0.2215948201022092,0.03626097056217969,0.20502413209320808,0.2,0.25146484375,0.33251953125
12,smc_high,10,12,0.19106315952282152,0.16120954084738065,0.02985361867544086,0.2087744770938493,0.2,0.36865234375,0.41650390625
12,smc_high,10,13,0.4664934997495478,0.39360389041368093,0.07288960933586684,0.3495146890091265,0.2,0.14306640625,0.19970703125
12,smc_high,10,14,0.08931867142564259,0.07536262901538594,0.013956042410256655,0.2044552008154579,0.2,0.4580078125,0.512939453125
12,smc_high,10,15,0.2545693014633055,0.21479284810966398,0.03977645335364148,0.20965289244747395,0.2,0.279541015625,0.30517578125
12,smc_high,11,12,0.17874225385396567,0.14802092897281532,0.03072132488115035,0.2002770272181417,0.2,0.35888671875,0.42578125
12,smc_high,11,13,0.31657714189062175,0.2621654456281711,0.05441169626245061,0.2214114883435896,0.2,0.139892578125,0.35009765625
12,smc_high,11,14,0.10345910157391214,0.08567706849089599,0.01778203308301615,0.21610041370940317,0.2,0.5009765625,0.4501953125
12,smc_high,11,15,0.24578545746739422,0.20354108196518583,0.04224437550220838,0.1982474366142258,0.2,0.24951171875,0.34765625
12,smc_high,12,12,0.1698902110502545,0.13803579647833178,0.03185441457192272,0.19914083316016978,0.2,0.376708984375,0.417236328125
12,smc_high,12,13,0.1976313112156596,0.16057544036272342,0.03705587085293618,0.1834386992985386,0.2,0.248779296875,0.48486328125
12,smc_high,12,14,0.1194783033730191,0.09707612149057801,0.02240218188244108,0.20741141056535134,0.2,0.451171875,0.475341796875
12,smc_high,12,15,0.23268232627256075,0.1890543900964556,0.043627936176105137,0.19594715548695957,0.2,0.271484375,0.340576171875
12,smc_high,13,12,0.16525240844030628,0.13168551297586906,0.03356689546443721,0.19674184531219382,0.2,0.3525390625,0.4541015625
12,smc_high,13,13,0.1680179207886914,0.13388928062848846,0.03412864016020294,0.1980553455285177,0.2,0.3681640625,0.427734375
12,smc_high,13,14,0.13067360104874232,0.10413052583571654,0.026543075213025784,0.2081847474460769,0.2,0.43798828125,0.467529296875
12,smc_high,13,15,0.2276789577985586,0.1814316694957264,0.046247288302832215,0.1962803065428121,0.2,0.267333984375,0.36328125
12,smc_high,14,12,0.1666301486161011,0.13017980360632897,0.036450345009772116,0.19911521953810674,0.2,0.377197265625,0.43359375
12,smc_high,14,13,0.1464190013836846,0.1143898448310036,0.03202915655268101,0.1926130859882268,0.2,0.37158203125,0.470458984375
12,smc_high,14,14,0.1426486867390458,0.11144428651487953,0.03120440022416627,0.2062185908399403,0.2,0.418212890625,0.461181640625
12,smc_high,14,15,0.22496944514196854,0.17575737901716293,0.049212066124805616,0.19752382791325152,0.2,0.284912109375,0.3642578125
12,smc_high,15,12,0.16909422035198718,0.12946276245699018,0.039631457894996995,0.2007385980247907,0.2,0.370849609375,0.43359375
12,smc_high,15,13,0.13314486619346064,0.1019390381793683,0.031205828014092336,0.1961357178325585,0.2,0.404541015625,0.46630859375
12,smc_high,15,14,0.14336732661126234,0.10976560943674772,0.03360171717451461,0.20205213682992784,0.2,0.401611328125,0.47216796875
12,smc_high,15,15,0.2279474249863681,0.17452224725518808,0.053425177731180024,0.1983983560838334,0.2,0.277587890625,0.37841796875
12,smc_high,16,12,0.17375709525001504,0.13031782143751128,0.04343927381250376,0.19752513485272824,0.2,0.3623046875,0.43359375
12,smc_high,16,13,0.12707973289238286,0.09530979966928715,0.031769933223095716,0.19848126926463974,0.2,0.4130859375,0.476806640625
12,smc_high,16,14,0.1439051036380569,0.10792882772854268,0.03597627590951422,0.20376663890338792,0.2,0.417236328125,0.4599609375
12,smc_high,16,15,0.224151641462481,0.16811373109686076,0.05603791036562025,0.20025313493991054,0.2,0.290283203125,0.380615234375
12,smc_high,17,12,0.17477223109292436,0.12834835720886634,0.04642387388405803,0.20294495438671334,0.2,0.381591796875,0.41552734375
12,smc_high,17,13,0.12267196743101612,0.09008722608215246,0.032584741348863654,0.19860975036602224,0.2,0.4208984375,0.48046875
12,smc_high,17,14,0.14048704573752704,0.10317017421349642,0.03731687152403062,0.2040125328431104,0.2,0.413330078125,0.472900390625
12,smc_high,17,15,0.21827512665409443,0.1602957961366006,0.057979330517493835,0.1983854886512232,0.2,0.2900390625,0.4072265625
12,smc_high,18,12,0.1768910015343221,0.12714040735279403,0.04975059418152809,0.1992004773702339,0.2,0.3564453125,0.442626953125
12,smc_high,18,13,0.1226532195600936,0.08815700155881728,0.03449621800127633,0.2010533957934025,0.2,0.427978515625,0.475341796875
12,smc_high,18,14,0.14188736470720742,0.10198154338330534,0.03990582132390209,0.20582989678275251,0.2,0.42626953125,0.458984375
12,smc_high,18,15,0.20491816479022718,0.1472849309429758,0.05763323384725139,0.19826987325753095,0.2,0.320068359375,0.407470703125
12,smc_high,19,12,0.17807052369441415,0.12520583697263496,0.0528646867217792,0.20494729365154946,0.2,0.385986328125,0.419921875
12,smc_high,19,13,0.12107961260070041,0.08513410260986748,0.03594550999083294,0.1988691991466591,0.2,0.418701171875,0.4892578125
12,smc_high,19,14,0.14622432658495313,0.10281397963004517,0.04341034695490796,0.2074203257577456,0.2,0.42236328125,0.463134765625
12,smc_high,19,15,0.19457517084350112,0.13681066699933672,0.05776450384416439,0.19633721516564498,0.2,0.321044921875,0.4267578125
12,smc_high,20,12,0.1758805301165272,0.12091786445511246,0.05496266566141475,0.20216996258055597,0.2,0.363525390625,0.451171875
12,smc_high,20,13,0.12272479410090407,0.08437329594437155,0.03835149815653252,0.2023944067552735,0.2,0.430419921875,0.4765625
12,smc_high,20,14,0.15530154285431721,0.10676981071234308,0.04853173214197413,0.21213496432256168,0.2,0.431396484375,0.447998046875
12,smc_high,20,15,0.18542462339156984,0.12747942858170427,0.057945194809865576,0.19466456297046902,0.2,0.33447265625,0.42431640625
12,smc_high,21,12,0.1697439187306557,0.1140466953971593,0.0556972233334964,0.20272387582430612,0.2,0.3896484375,0.4326171875
12,smc_high,21,13,0.1212567432950564,0.08146937440136602,0.03978736889369038,0.199367448878646,0.2,0.4169921875,0.491455078125
12,smc_high,21,14,0.15559104457674802,0.10453773307500258,0.05105331150174545,0.20938463335325389,0.2,0.41064453125,0.470458984375
12,smc_high,21,15,0.18052069183911065,0.12128733982940247,0.05923335200970818,0.19532183301859682,0.2,0.336669921875,0.43798828125
12,smc_high,22,12,0.1569402745036817,0.10299205514304112,0.053948219360640585,0.20014452771820349,0.2,0.384521484375,0.46337890625
12,smc_high,22,13,0.12088284919884369,0.07932936978674117,0.041553479412102516,0.20175244824847763,0.2,0.4248046875,0.48193359375
12,smc_high,22,14,0.15131620135437873,0.09930125713881105,0.05201494421556769,0.2104939696884938,0.2,0.435546875,0.4443359375
12,smc_high,22,15,0.18042083673579903,0.11840117410786812,0.06201966262793092,0.1964346406764372,0.2,0.349853515625,0.42822265625
12,smc_high,23,12,0.14956911651631943,0.09581771526826714,0.0537514012480523,0.2009973971310911,0.2,0.410400390625,0.449951171875
12,smc_high,23,13,0.1173991615248953,0.07520883785188605,0.04219032367300925,0.1996802555824714,0.2,0.4287109375,0.485595703125
12,smc_high,23,14,0.1373645408527076,0.08799915898376581,0.04936538186894179,0.201627277108498,0.2,0.4033203125,0.488037109375
12,smc_high,23,15,0.18112410061126485,0.11603262695409154,0.06509147365717331,0.19786895982856362,0.2,0.346923828125,0.427001953125
12,smc_high,24,12,0.14341033026009067,0.08963145641255667,0.053778873847534006,0.20211877061279107,0.2,0.40673828125,0.46826171875
12,smc_high,24,13,0.11535169906276801,0.07209481191423,0.04325688714853801,0.20220949450984202,0.2,0.4287109375,0.48974609375
12,smc_high,24,14,0.13504926208591964,0.08440578880369977,0.05064347328221987,0.2079176049931719,0.2,0.444580078125,0.4462890625
12,smc_high,24,15,0.18410038500203937,0.11506274062627461,0.06903764437576476,0.1970447499700822,0.2,0.340576171875,0.42626953125
12,smc_high,25,12,0.14389005641300665,0.08768300312667593,0.05620705328633072,0.20373665234041421,0.2,0.420654296875,0.45263671875
12,smc_high,25,13,0.1118722513344183,0.06817215315691115,0.04370009817750715,0.20053761465992279,0.2,0.437744140625,0.4892578125
12,smc_high,25,14,0.1305006748094316,0.07952384871199737,0.050976826097434216,0.20005422101124154,0.2,0.409423828125,0.489013671875
12,smc_high,25,15,0.1858929135098374,0.11327849417005716,0.07261441933978023,0.19822825826480026,0.2,0.345947265625,0.423828125
12,smc_high,26,12,0.14482258397261033,0.08598840923373738,0.058834174738872945,0.20304751406955576,0.2,0.41455078125,0.459716796875
12,smc_high,26,13,0.10930225139936627,0.06489821176837372,0.04440403963099254,0.20206605431323535,0.2,0.432373046875,0.50244140625
12,smc_high,26,14,0.12970368085417938,0.07701156050716901,0.052692120347010374,0.2054263249924673,0.2,0.4462890625,0.453369140625
12,smc_high,26,15,0.1878796562619983,0.11155354590556149,0.0763261103564368,0.19684216759281897,0.2,0.329345703125,0.43994140625
12,smc_high,27,12,0.14435899774629019,0.08345754557207401,0.06090145217421617,0.20428587586911645,0.2,0.418212890625,0.45361328125
12,smc_high,27,13,0.10594434084961406,0.06124907205368313,0.04469526879593093,0.201537636762544,0.2,0.443359375,0.498291015625
12,smc_high,27,14,0.12602299555172491,0.07285704430334097,0.05316595124838395,0.2000903833565462,0.2,0.4111328125,0.49609375
12,smc_high,27,15,0.18755962843155113,0.1084329101869905,0.07912671824456063,0.2013115474501963,0.2,0.35302734375,0.417724609375
12,smc_high,28,12,0.1411013085973845,0.07936948608602878,0.06173182251135573,0.20121198712231742,0.2,0.41162109375,0.466064453125
12,smc_high,28,13,0.10336642648355118,0.05814361489699754,0.04522281158655364,0.20272654844230603,0.2,0.44287109375,0.505615234375
12,smc_high,28,14,0.12373002641537617,0.0695981398586491,0.05413188655672707,0.20551061682715493,0.2,0.44580078125,0.46630859375
12,smc_high,28,15,0.18587073119469336,0.10455228629701502,0.08131844489767834,0.19821640897820494,0.2,0.34326171875,0.437744140625
12,smc_high,29,12,0.13758829827027796,0.07524360061655826,0.0623446976537197,0.202895777675904,0.2,0.421142578125,0.459228515625
12,smc_high,29,13,0.10031443264954433,0.05485945535521956,0.04545497729432477,0.20319442176550004,0.2,0.45068359375,0.50146484375
12,smc_high,29,14,0.11956252862083357,0.06538575783951836,0.05417677078131521,0.2004503229539856,0.2,0.42333984375,0.498779296875
12,smc_high,29,15,0.18202812405830765,0.099546630344387,0.08248149371392065,0.20234439233047016,0.2,0.35888671875,0.4296875
12,smc_high,30,12,0.135384964513165,0.07192326239761891,0.0634617021155461,0.19937886815006658,0.2,0.418701171875,0.468994140625
12,smc_high,30,13,0.09811271427288748,0.052122379457471474,0.045990334815416006,0.20316389490105877,0.2,0.45068359375,0.50537109375
12,smc_high,30,14,0.1168698178441735,0.06208709072971717,0.05478272711445632,0.20547089324348136,0.2,0.4501953125,0.473876953125
12,smc_high,30,15,0.17572530454575294,0.09335406803993125,0.08237123650582169,0.19747535065523858,0.2,0.35546875,0.45068359375
12,smc_high,31,12,0.13224003622936176,0.06818626868076466,0.0640537675485971,0.20200071062185546,0.2,0.428955078125,0.4609375
12,smc_high,31,13,0.09565062391743846,0.04931985295742921,0.04633077096000925,0.2047209401155009,0.2,0.458984375,0.50146484375
12,smc_high,31,14,0.11371862559688074,0.058636166323391636,0.05508245927348911,0.20161898271963852,0.2,0.4345703125,0.4921875
12,smc_high,31,15,0.16910639069400799,0.08719548270159787,0.08191090799241012,0.2028740304484463,0.2,0.3828125,0.435546875
12,smc_high,32,12,0.12794551867728884,0.06397275933864442,0.06397275933864442,0.19852523404231717,0.2,0.414306640625,0.479736328125
12,smc_high,32,13,0.09390754288338903,0.04695377144169451,0.04695377144169451,0.20380822562633513,0.2,0.458984375,0.504150390625
12,smc_high,32,14,0.11257432422762427,0.056287162113812135,0.056287162113812135,0.2043264412668406,0.2,0.44482421875,0.48193359375
12,smc_high,32,15,0.16164990480698666,0.08082495240349333,0.08082495240349333,0.19776523043143646,0.2,0.37060546875,0.4638671875
12,smc_high,33,12,0.12432631907431332,0.06022056080162052,0.06410575827269281,0.20008929276763793,0.2,0.434326171875,0.46484375
12,smc_high,33,13,0.09205990262630048,0.04459151533461429,0.04746838729168619,0.20528297954194089,0.2,0.463134765625,0.501953125
12,smc_high,33,14,0.111563231053924,0.05403844004174444,0.05752479101217956,0.20027706941263412,0.2,0.4423828125,0.4833984375
12,smc_high,33,15,0.15675869521944563,0.07592999299691898,0.08082870222252665,0.20185201553906562,0.2,0.39599609375,0.447021484375
12,smc_high,34,12,0.12014476076109157,0.056317856606761675,0.0638269041543299,0.1993616182091199,0.2,0.427978515625,0.479248046875
12,smc_high,34,13,0.09056469754384246,0.04245220197367615,0.04811249557016631,0.20451703399214222,0.2,0.462646484375,0.503173828125
12,smc_high,34,14,0.11205201958151598,0.05252438417883561,0.059527635402680364,0.20525881083815145,0.2,0.443359375,0.48193359375
12,smc_high,34,15,0.15258730795093337,0.07152530060200002,0.08106200734893335,0.19897171647050932,0.2,0.383056640625,0.469482421875
12,smc_high,35,12,0.11663019434104276,0.052848056810785,0.06378213753025776,0.2002712154819853,0.2,0.433837890625,0.478759765625
12,smc_high,35,13,0.08893724291164173,0.04029968819433766,0.04863755471730408,0.205920916297292,0.2,0.47216796875,0.496826171875
12,smc_high,35,14,0.1126442442126076,0.05104192315883782,0.06160232105376978,0.20206208449791288,0.2,0.454345703125,0.46923828125
12,smc_high,35,15,0.1488621536625939,0.06745316337836285,0.08140899028423104,0.20271565466876684,0.2,0.40869140625,0.453369140625
12,smc_high,36,12,0.11285474910984271,0.049373952735556184,0.06348079637428652,0.19988421126304312,0.2,0.43408203125,0.48486328125
12,smc_high,36,13,0.08745391643029758,0.038261088438255195,0.04919282799204239,0.2055960587259743,0.2,0.469482421875,0.50146484375
12,smc_high,36,14,0.11399487211619282,0.049872756550834355,0.06412211556535846,0.20289320880596293,0.2,0.43359375,0.48876953125
12,smc_high,36,15,0.14346200917305685,0.06276462901321236,0.08069738015984448,0.1989595211346758,0.2,0.39208984375,0.478271484375
12,smc_high,37,12,0.10991992042086746,0.04637246642755346,0.063547453993314,0.20015974856573912,0.2,0.444091796875,0.47900390625
12,smc_high,37,13,0.0859856988421767,0.036275216699043294,0.04971048214313341,0.20638198263859597,0.2,0.468994140625,0.505615234375
12,smc_high,37,14,0.11235732020727184,0.04740074446244281,0.06495657574482903,0.20175404964344856,0.2,0.447021484375,0.475830078125
12,smc_high,37,15,0.13944075129020722,0.05882656695055617,0.08061418433965105,0.20138820236739516,0.2,0.41162109375,0.46484375
12,smc_high,38,12,0.10741598002168139,0.04363774188380806,0.06377823813787332,0.20027281861028992,0.2,0.43701171875,0.489013671875
12,smc_high,38,13,0.08463950150295363,0.03438479748557491,0.05025470401737872,0.2067585717642991,0.2,0.474853515625,0.501953125
12,smc_high,38,14,0.11172335020163748,0.04538761101941523,0.06633573918222226,0.20113414997659745,0.2,0.43017578125,0.492431640625
12,smc_high,38,15,0.13817432671308266,0.05613332022718983,0.08204100648589283,0.2004372776480545,0.2,0.40283203125,0.475341796875
12,smc_high,39,12,0.1050737367179211,0.04104442840543793,0.06402930831248317,0.20003410543466876,0.2,0.444091796875,0.483642578125
12,smc_high,39,13,0.08367536125797088,0.032685687991394874,0.05098967326657601,0.20641114148537,0.2,0.4736328125,0.50439453125
12,smc_high,39,14,0.1085856122941647,0.042416254802408085,0.06616935749175662,0.20167699480322926,0.2,0.451171875,0.4755859375
12,smc_high,39,15,0.13727708210387077,0.05362386019682452,0.08365322190704624,0.20108354438255044,0.2,0.41650390625,0.4658203125
12,smc_high,40,12,0.1025874654826352,0.0384702995559882,0.064117165926647,0.2004946967696105,0.2,0.447265625,0.483642578125
12,smc_high,40,13,0.08286575698545721,0.031074658869546454,0.05179109811591076,0.20717790685361007,0.2,0.471435546875,0.50732421875
12,smc_high,40,14,0.10670237258463396,0.040013389719237735,0.06668898286539622,0.201426466723136,0.2,0.437255859375,0.48974609375
12,smc_high,40,15,0.13626040228970673,0.05109765085864003,0.0851627514310667,0.20178142155138376,0.2,0.41259765625,0.47216796875
12,smc_high,41,12,0.1001610377250905,0.035995372932454396,0.06416566479263609,0.1991949999884246,0.2,0.4453125,0.48876953125
12,smc_high,41,13,0.0824982695604161,0.029647815623274537,0.052850453937141564,0.2072207324815309,0.2,0.488525390625,0.492431640625
12,smc_high,41,14,0.10400208261848211,0.03737574844101701,0.06662633417746511,0.20090862942845242,0.2,0.451904296875,0.482666015625
12,smc_high,41,15,0.13404611216785783,0.04817282156032391,0.08587329060753393,0.20165567204670617,0.2,0.4208984375,0.468017578125
12,smc_high,42,12,0.0969403014134456,0.033323228610871926,0.06361707280257367,0.20032831770912474,0.2,0.449951171875,0.490478515625
12,smc_high,42,13,0.0814601647117779,0.028001931619673653,0.05345823309210425,0.20634280678458392,0.2,0.46826171875,0.514404296875
12,smc_high,42,14,0.10185162089540241,0.035011494682794575,0.06684012621260783,0.2009388173785262,0.2,0.439453125,0.49853515625
12,smc_high,42,15,0.13144555703247915,0.04518441022991471,0.08626114680256444,0.20087248905618957,0.2,0.4150390625,0.475830078125
12,smc_high,43,12,0.09392653274221159,0.030819643556038178,0.06310688918617341,0.1997141180514556,0.2,0.448486328125,0.4990234375
12,smc_high,43,13,0.08051583258908564,0.026419257568293726,0.05409657502079191,0.20758623708156254,0.2,0.481689453125,0.502197265625
12,smc_high,43,14,0.09931622076224621,0.032588134937612034,0.06672808582463417,0.20114388807475436,0.2,0.45458984375,0.486572265625
12,smc_high,43,15,0.127123158496281,0.041712286381592203,0.0854108721146888,0.20131202981248464,0.2,0.4228515625,0.47509765625
12,smc_high,44,12,0.0908341529801677,0.028385672806302407,0.06244848017386529,0.20110079919230164,0.2,0.45947265625,0.491943359375
12,smc_high,44,13,0.07965628145253743,0.02489258795391795,0.05476369349861949,0.20698329814379893,0.2,0.47802734375,0.507080078125
12,smc_high,44,14,0.0966543707558139,0.030204490861191844,0.06644987989462206,0.20051196968513693,0.2,0.446533203125,0.4951171875
12,smc_high,44,15,0.12262838035203,0.03832136886000938,0.08430701149202062,0.20133790731918103,0.2,0.4267578125,0.47900390625
12,smc_high,45,12,0.08807310987166347,0.026146704493150093,0.06192640537851338,0.20108660370370784,0.2,0.45947265625,0.496826171875
12,smc_high,45,13,0.07905155825101128,0.02346843135576897,0.0555831268952423,0.2072956459035392,0.2,0.480712890625,0.50390625
12,smc_high,45,14,0.09298580712846778,0.027605161491263873,0.06538064563720392,0.2014905127575647,0.2,0.4560546875,0.492919921875
12,smc_high,45,15,0.11799342082886734,0.03502929680856999,0.08296412402029735,0.20142475393660866,0.2,0.43359375,0.48095703125
12,smc_high,46,12,0.08537769216531221,0.02401247592149406,0.06136521624381815,0.20163058656084965,0.2,0.46142578125,0.49658203125
12,smc_high,46,13,0.07881239480025971,0.022165986037573044,0.056646408762686666,0.20708464456701897,0.2,0.477294921875,0.5078125
12,smc_high,46,14,0.0908519946342712,0.025552123490888774,0.06529987114338243,0.2020473249153515,0.2,0.4580078125,0.494140625
12,smc_high,46,15,0.11405912127702733,0.03207912785916393,0.0819799934178634,0.20125606331463608,0.2,0.43896484375,0.48388671875
12,smc_high,47,12,0.08292216807427649,0.022026200894729692,0.060895967179546796,0.20209121374266156,0.2,0.46875,0.493896484375
12,smc_high,47,13,0.07863809620799746,0.020888244305249326,0.05774985190274813,0.2076570732526396,0.2,0.48486328125,0.499755859375
12,smc_high,47,14,0.0885409893115731,0.023518700285886606,0.06502228902568649,0.20273263000804667,0.2,0.463623046875,0.4931640625
12,smc_high,47,15,0.11077110187287866,0.029423573934983394,0.08134752793789526,0.20121924451083373,0.2,0.4296875,0.499267578125
0,instant_high,0,0,0.15222660610198033,0.15222660610198033,0.0,0.1267663313456759,0.2,0.0,0.857177734375
0,instant_high,0,1,0.18167397449166828,0.18167397449166828,0.0,0.13333293141335195,0.2,0.0,0.74072265625
0,instant_high,0,2,0.08842107906727106,0.08842107906727106,0.0,0.1305196959281178,0.2,0.0,0.99560546875
0,instant_high,0,3,0.16248645496254221,0.16248645496254221,0.0,0.13896053446369655,0.2,0.0,0.773193359375
0,instant_high,1,0,0.15785186633216944,0.1553854309207293,0.0024664354114401475,0.1264896668344334,0.2,0.0,0.84326171875
0,instant_high,1,1,0.17634309856640823,0.1735877376513081,0.0027553609151001286,0.1387942871026769,0.2,0.0,0.743896484375
0,instant_high,1,2,0.08944193046144479,0.08804440029798472,0.0013975301634600748,0.1300995203180107,0.2,0.0,0.9970703125
0,instant_high,1,3,0.1716916617174185,0.16900897950308386,0.002682682214334664,0.13351973855533347,0.2,0.0,0.7548828125
0,instant_high,2,0,0.15871733708213787,0.15375742029832107,0.004959916783816808,0.12509537945157267,0.2,0.0,0.824462890625
0,instant_high,2,1,0.16921431858728261,0.16392637113143002,0.005287947455852582,0.1355666150783007,0.2,0.0,0.752197265625
0,instant_high,2,2,0.08685209000528303,0.08413796219261793,0.0027141278126650947,0.13353627303800347,0.2,0.0,0.997802734375
0,instant_high,2,3,0.1689158650449906,0.16363724426233464,0.005278620782655956,0.12185124495069945,0.2,0.0,0.75048828125
0,instant_high,3,0,0.15450060902042745,0.1472583929725949,0.007242216047832537,0.12256321509292153,0.2,0.0,0.80615234375
0,instant_high,3,1,0.16600500403062515,0.1582235194666896,0.0077814845639355545,0.1291371585406501,0.2,0.0,0.76318359375
0,instant_high,3,2,0.08203561134567008,0.0781901920638418,0.003845419281828285,0.13752991961414673,0.2,0.0,0.998046875
0,instant_high,3,3,0.16066271890948539,0.15313165396060327,0.007531064948882128,0.11110310562042296,0.2,0.0,0.773193359375
0,instant_high,4,0,0.14976118224414517,0.14040110835388608,0.009360073890259073,0.12033320523078196,0.2,0.0,0.817138671875
0,instant_high,4,1,0.159531153247862,0.14956045616987063,0.009970697077991374,0.12765984530677818,0.2,0.0,0.777099609375
0,instant_high,4,2,0.07653182179109791,0.07174858292915429,0.004783238861943619,0.14162781914618372,0.2,0.0,0.999755859375
0,instant_high,4,3,0.1502619485597526,0.14087057677476808,0.009391371784984538,0.10703047201346184,0.2,0.0,0.8427734375
0,instant_high,5,0,0.15176274489039512,0.139906280445833,0.011856464444562119,0.12001380434938705,0.2,0.0,0.81201171875
0,instant_high,5,1,0.14538480408450974,0.1340266162654074,0.011358187819102323,0.13107777206877094,0.2,0.0,0.80615234375
0,instant_high,5,2,0.06844477712091471,0.06309752890834325,0.005347248212571461,0.14797662913826629,0.2,0.0,1.0
0,instant_high,5,3,0.13618675609925487,0.12554716577900057,0.010639590320254287,0.11105251554799035,0.2,0.0,0.8955078125
0,instant_high,6,0,0.1646695446039693,0.14923177479734717,0.01543776980662212,0.11905602032851494,0.2,0.0,0.76416015625
0,instant_high,6,1,0.12573429596146443,0.11394670571507715,0.01178759024638729,0.1354912770207346,0.2,0.0,0.853515625
0,instant_high,6,2,0.06160637918751332,0.05583078113868395,0.0057755980488293735,0.1538393618499604,0.2,0.0,1.0
0,instant_high,6,3,0.11751142739841103,0.10649473107981,0.011016696318601034,0.12238216270018591,0.2,0.0,0.92626953125
0,instant_high,7,0,0.1812040607656676,0.16138486661942272,0.019819194146244896,0.11935979849856729,0.2,0.0,0.72265625
0,instant_high,7,1,0.10441240211659379,0.09299229563509134,0.011420106481502447,0.14123439188113449,0.2,0.0,0.91650390625
0,instant_high,7,2,0.06297881645719412,0.056090508407188516,0.006888308050005607,0.15418783946280426,0.2,0.0,0.99853515625
0,instant_high,7,3,0.10001765089382986,0.08907822032731721,0.01093943056651264,0.13487445523773484,0.2,0.0,0.957763671875
0,instant_high,8,0,0.19381738105748178,0.16959020842529657,0.024227172632185223,0.1209261155686377,0.2,0.0,0.696044921875
0,instant_high,8,1,0.08478486022507489,0.07418675269694053,0.010598107528134362,0.14908177330436923,0.2,0.0,0.960205078125
0,instant_high,8,2,0.06517598540746074,0.05702898723152815,0.008146998175932592,0.15306677188356646,0.2,0.0,0.999267578125
0,instant_high,8,3,0.09218979050981335,0.08066606669608668,0.011523723813726669,0.14089297075101923,0.2,0.0,0.97021484375
0,instant_high,9,0,0.2020663159257902,0.17365074024872595,0.028415575677064247,0.12395303463995729,0.2,0.0,0.67724609375
0,instant_high,9,1,0.06987265317421289,0.0600468113215892,0.009825841852623687,0.15665978647163215,0.2,0.0,0.984375
0,instant_high,9,2,0.06616892651446504,0.0568639212233684,0.009305005291096647,0.1514067218627267,0.2,0.0,1.0
0,instant_high,9,3,0.09177769981010553,0.07887146077430944,0.01290623903579609,0.14200264775267857,0.2,0.0,0.9697265625
0,instant_high,10,0,0.20993702719646962,0.17713436669702123,0.032802660499448376,0.1317538598743979,0.2,0.0,0.664794921875
0,instant_high,10,1,0.06054631401351457,0.05108595244890292,0.009460361564611651,0.16118619270061216,0.2,0.0,0.99267578125
0,instant_high,10,2,0.07123087215589642,0.060101048381537604,0.011129823774358815,0.1482060457199202,0.2,0.0,1.0
0,instant_high,10,3,0.09437569408375436,0.07962949188316774,0.014746202200586618,0.14188371710054518,0.2,0.0,0.969970703125
0,instant_high,11,0,0.2177763016635577,0.18034599981513372,0.037430301848423976,0.14135054503693067,0.2,0.0,0.650634765625
0,instant_high,11,1,0.05474745811804405,0.04533773875400523,0.009409719364038822,0.16346936557022285,0.2,0.0,0.997314453125
0,instant_high,11,2,0.08285799991097288,0.06861678117627441,0.014241218734698463,0.1420426918029809,0.2,0.0,0.993408203125
0,instant_high,11,3,0.09965979231424336,0.08253076551023279,0.01712902680401058,0.14355575322050992,0.2,0.0,0.97021484375
0,instant_high,12,0,0.2081097394456826,0.1690891632996171,0.03902057614606549,0.1336112586361625,0.2,0.0,0.666015625
0,instant_high,12,1,0.047261098706723945,0.038399642699213206,0.008861456007510739,0.16659692922191083,0.2,0.0,1.0
0,instant_high,12,2,0.11617867211408968,0.09439517109269786,0.021783501021391816,0.1277659734669127,0.2,0.0,0.912109375
0,instant_high,12,3,0.10778383927688528,0.0875743694124693,0.02020946986441599,0.1462712850351818,0.2,0.0,0.9638671875
0,instant_high,13,0,0.18567065354568835,0.1479563020442204,0.037714351501467944,0.1193600539975304,0.2,0.0,0.707275390625
0,instant_high,13,1,0.041320498097895654,0.0329272719217606,0.008393226176135055,0.16994537019700443,0.2,0.0,1.0
0,instant_high,13,2,0.13356720736141262,0.10643636836612567,0.027130838995286937,0.12358956404785269,0.2,0.0,0.8642578125
0,instant_high,13,3,0.11059071962368398,0.08812697970012318,0.022463739923560808,0.14652639819610588,0.2,0.0,0.958984375
0,instant_high,14,0,0.17239519333761852,0.13468374479501447,0.037711448542604054,0.11471588453511564,0.2,0.0,0.740234375
0,instant_high,14,1,0.04196262584051474,0.03278330143790214,0.009179324402612599,0.17000922392959059,0.2,0.0,1.0
0,instant_high,14,2,0.13306810190511706,0.1039594546133727,0.029108647291744356,0.12303211799883257,0.2,0.0,0.87353515625
0,instant_high,14,3,0.10796137814988531,0.0843448266795979,0.023616551470287413,0.14454073627532343,0.2,0.0,0.94775390625
0,instant_high,15,0,0.16714747163959223,0.1279722829740628,0.03917518866552943,0.11352666741136481,0.2,0.0,0.757568359375
0,instant_high,15,1,0.04198963714214378,0.03214831593695383,0.009841321205189948,0.17032464484429327,0.2,0.0,0.999755859375
0,instant_high,15,2,0.1282786880604149,0.09821337054625516,0.03006531751415974,0.12268388099881848,0.2,0.0,0.894287109375
0,instant_high,15,3,0.11383657976018922,0.08715613137889487,0.02668044838129435,0.139153125833574,0.2,0.0,0.926513671875
0,instant_high,16,0,0.16433401174182144,0.12325050880636608,0.04108350293545536,0.11417714622797756,0.2,0.0,0.775146484375
0,instant_high,16,1,0.04217412465368349,0.03163059349026262,0.010543531163420872,0.17046545573864916,0.2,0.0,0.99951171875
0,instant_high,16,2,0.12320333627388383,0.09240250220541288,0.030800834068470957,0.12381418386829976,0.2,0.0,0.9072265625
0,instant_high,16,3,0.12025894296422296,0.09019420722316722,0.03006473574105574,0.1348995312396548,0.2,0.0,0.910400390625
0,instant_high,17,0,0.1609558131717931,0.11820192529803557,0.04275388787375754,0.11643821195870213,0.2,0.0,0.8037109375
0,instant_high,17,1,0.04296522019128137,0.031552583577972255,0.011412636613309114,0.1697779007586172,0.2,0.0,0.99951171875
0,instant_high,17,2,0.11779903901616053,0.08650866927749289,0.03129036973866764,0.12698747155100373,0.2,0.0,0.921142578125
0,instant_high,17,3,0.12356971877147692,0.09074651222280336,0.03282320654867356,0.13305181462270219,0.2,0.0,0.905517578125
0,instant_high,18,0,0.1561477103403913,0.11223116680715624,0.04391654353323505,0.1198676382771478,0.2,0.0,0.828857421875
0,instant_high,18,1,0.04606963767783678,0.033112552080945185,0.012957085596891595,0.1670480273636087,0.2,0.0,0.999267578125
0,instant_high,18,2,0.11143480328999976,0.08009376486468733,0.03134103842531243,0.13125536490400647,0.2,0.0,0.929443359375
0,instant_high,18,3,0.12472625989148013,0.08964699929700135,0.03507926059447879,0.1322729162202402,0.2,0.0,0.90478515625
0,instant_high,19,0,0.152335669594335,0.1071110176835168,0.0452246519108182,0.12302671578707647,0.2,0.0,0.843017578125
0,instant_high,19,1,0.059440379244325874,0.04179401665616663,0.017646362588159242,0.15811094905548662,0.2,0.0,0.99755859375
0,instant_high,19,2,0.10602783536447337,0.07455082174064534,0.03147701362382803,0.13562550564179823,0.2,0.0,0.93798828125
0,instant_high,19,3,0.1254694018578464,0.08822067318129825,0.03724872867654815,0.1316863813434869,0.2,0.0,0.901123046875
0,instant_high,20,0,0.15020411660483787,0.10326533016582604,0.04693878643901184,0.12491777972188076,0.2,0.0,0.8486328125
0,instant_high,20,1,0.09123500289210133,0.06272406448831967,0.028510938403781667,0.14369837285403544,0.2,0.0,0.95751953125
0,instant_high,20,2,0.10352236340065647,0.07117162483795132,0.03235073856270515,0.13849428875462944,0.2,0.0,0.94677734375
0,instant_high,20,3,0.12646795631934996,0.0869467199695531,0.03952123634979686,0.13134605998985707,0.2,0.0,0.89453125
0,instant_high,21,0,0.14921659941408782,0.10025490273134026,0.048961696682747566,0.1264355999546218,0.2,0.0,0.847900390625
0,instant_high,21,1,0.10121566616880297,0.0680042757071645,0.03321139046163847,0.1421756140066508,0.2,0.0,0.94287109375
0,instant_high,21,2,0.10341289689826037,0.06948054010351869,0.033932356794741686,0.1407112680838319,0.2,0.0,0.9482421875
0,instant_high,21,3,0.12731415550813813,0.08553919823203031,0.041774957276107826,0.13171524177502164,0.2,0.0,0.8896484375
0,instant_high,22,0,0.14850316390140375,0.09745520131029621,0.05104796259110754,0.12765553155708834,0.2,0.0,0.855712890625
0,instant_high,22,1,0.11253804722066231,0.07385309348855965,0.03868495373210267,0.13530884242941876,0.2,0.0,0.930908203125
0,instant_high,22,2,0.10432577916337094,0.06846379257596218,0.03586198658740876,0.1428504660431701,0.2,0.0,0.947509765625
0,instant_high,22,3,0.12721394909112435,0.08348415409105035,0.043729795000074,0.13303180298412834,0.2,0.0,0.8876953125
0,instant_high,23,0,0.1473199855135667,0.09437686571962867,0.05294311979393804,0.12857091074788413,0.2,0.0,0.85693359375
0,instant_high,23,1,0.11939536286173864,0.07648765433330132,0.042907708528437324,0.13088557962449165,0.2,0.0,0.917236328125
0,instant_high,23,2,0.10463037555419583,0.0670288343394067,0.037601541214789126,0.1446124204482867,0.2,0.0,0.949462890625
0,instant_high,23,3,0.1258397418091613,0.08061608459649396,0.04522365721266734,0.13450253044367458,0.2,0.0,0.89306640625
0,instant_high,24,0,0.14583361753493654,0.09114601095933533,0.054687606575601205,0.1289684541000529,0.2,0.0,0.859375
0,instant_high,24,1,0.10688126388409852,0.06680078992756158,0.040080473956536945,0.13489131710801766,0.2,0.0,0.939453125
0,instant_high,24,2,0.10401331724416275,0.06500832327760173,0.039004993966561034,0.14564652806438894,0.2,0.0,0.947998046875
0,instant_high,24,3,0.12463936828237795,0.07789960517648623,0.04673976310589173,0.13586580747143034,0.2,0.0,0.8935546875
0,instant_high,25,0,0.14498770302337935,0.08835188152987179,0.05663582149350756,0.12905202758199333,0.2,0.0,0.856201171875
0,instant_high,25,1,0.09709337174264715,0.05916627340567561,0.03792709833697154,0.1402903109185231,0.2,0.0,0.96044921875
0,instant_high,25,2,0.1028396806871618,0.06266793041873922,0.04017175026842258,0.14605645259140776,0.2,0.0,0.94873046875
0,instant_high,25,3,0.12510423540821805,0.07623539345188288,0.048868841956335174,0.13649890556721395,0.2,0.0,0.89697265625
0,instant_high,26,0,0.145315996752253,0.08628137307165022,0.059034623680602784,0.12905205574895268,0.2,0.0,0.859375
0,instant_high,26,1,0.0961972590358645,0.057117122552544544,0.039080136483319955,0.14254825916723587,0.2,0.0,0.961181640625
0,instant_high,26,2,0.10288178937804822,0.06108606244321613,0.04179572693483209,0.14582312194819833,0.2,0.0,0.943359375
0,instant_high,26,3,0.12782641555646945,0.07589693423665374,0.051929481319815715,0.1372423292246663,0.2,0.0,0.891845703125
0,instant_high,27,0,0.14619844702098966,0.08452097718400965,0.06167746983698001,0.1290835020010075,0.2,0.0,0.855712890625
0,instant_high,27,1,0.09937052658257667,0.05744858568055214,0.04192194090202453,0.14304254917874834,0.2,0.0,0.95458984375
0,instant_high,27,2,0.10435378654660912,0.0603295328472584,0.04402425369935072,0.14643504533142107,0.2,0.0,0.9423828125
0,instant_high,27,3,0.1318820317514822,0.07624429960632564,0.05563773214515655,0.13864894124581975,0.2,0.0,0.887451171875
0,instant_high,28,0,0.14811764061610871,0.08331617284656115,0.06480146776954757,0.12894201590795704,0.2,0.0,0.85009765625
0,instant_high,28,1,0.10271491032195552,0.057777137056099985,0.04493777326585554,0.14287229434080065,0.2,0.0,0.94921875
0,instant_high,28,2,0.10478603129125409,0.058942142601330426,0.045843888689923666,0.14850945255798653,0.2,0.0,0.9443359375
0,instant_high,28,3,0.13601869089957852,0.07651051363101291,0.0595081772685656,0.1401638169367976,0.2,0.0,0.885009765625
0,instant_high,29,0,0.15136560554857068,0.08277806553437458,0.06858754001419609,0.12839023290869397,0.2,0.0,0.841552734375
0,instant_high,29,1,0.1045095811040538,0.05715367716627942,0.04735590393777438,0.14270330515119087,0.2,0.0,0.947265625
0,instant_high,29,2,0.10376996222644956,0.0567491980925896,0.04702076413385996,0.15087116607763457,0.2,0.0,0.94970703125
0,instant_high,29,3,0.14092631184438786,0.07706907678989962,0.06385723505448825,0.14132181990564677,0.2,0.0,0.8740234375
0,instant_high,30,0,0.15493769116966513,0.0823106484338846,0.07262704273578054,0.12812943686593598,0.2,0.0,0.83154296875
0,instant_high,30,1,0.10515235511940482,0.055862188657183814,0.04929016646222101,0.1425566558227065,0.2,0.0,0.94482421875
0,instant_high,30,2,0.10172517246861176,0.05404149787395,0.04768367459466177,0.15230503832305872,0.2,0.0,0.95654296875
0,instant_high,30,3,0.14344793221272686,0.07620671398801114,0.06724121822471572,0.14280043973085488,0.2,0.0,0.8642578125
0,instant_high,31,0,0.1577433364631181,0.08133640786379527,0.07640692859932284,0.12819555933119664,0.2,0.0,0.817138671875
0,instant_high,31,1,0.10479646889588932,0.05403567927444293,0.050760789621446395,0.14263017645285114,0.2,0.0,0.944580078125
0,instant_high,31,2,0.09908710859418211,0.05109179036887515,0.04799531822530696,0.15281153676911155,0.2,0.0,0.9599609375
0,instant_high,31,3,0.13885203167889196,0.07159557883442867,0.06725645284446329,0.14386260043473195,0.2,0.0,0.8720703125
0,instant_high,32,0,0.15997158991572633,0.07998579495786316,0.07998579495786316,0.12808763727998487,0.2,0.0,0.815185546875
0,instant_high,32,1,0.1036245326748066,0.0518122663374033,0.0518122663374033,0.1429235258335985,0.2,0.0,0.9462890625
0,instant_high,32,2,0.09687074410400402,0.04843537205200201,0.04843537205200201,0.15323672790902645,0.2,0.0,0.9599609375
0,instant_high,32,3,0.1332584985531365,0.06662924927656826,0.06662924927656826,0.1446454101450836,0.2,0.0,0.886962890625
0,instant_high,33,0,0.1616151070444921,0.07828231747467587,0.08333278956981624,0.12744789772545037,0.2,0.0,0.808349609375
0,instant_high,33,1,0.10216740161980244,0.049487335159591805,0.05268006646021063,0.14338349411642676,0.2,0.0,0.94677734375
0,instant_high,33,2,0.0952405462772318,0.04613213960303415,0.04910840667419765,0.15391565536367915,0.2,0.0,0.963134765625
0,instant_high,33,3,0.13170717404804375,0.06379566242952119,0.06791151161852256,0.14375900606054787,0.2,0.0,0.894775390625
0,instant_high,34,0,0.1628042537467373,0.0763144939437831,0.08648975980295419,0.12756047833298045,0.2,0.0,0.80810546875
0,instant_high,34,1,0.10092185674478885,0.04730712034911977,0.05361473639566908,0.14378603923690061,0.2,0.0,0.949951171875
0,instant_high,34,2,0.09398589390578699,0.04405588776833765,0.049930006137449336,0.15457940153118185,0.2,0.0,0.965087890625
0,instant_high,34,3,0.1360845033727628,0.06378961095598255,0.07229489241678023,0.142850712018177,0.2,0.0,0.88134765625
0,instant_high,35,0,0.16317573856465992,0.07393900653711152,0.0892367320275484,0.12806284613965674,0.2,0.0,0.809326171875
0,instant_high,35,1,0.09994663333230387,0.04528831822870019,0.05465831510360368,0.1438598485447056,0.2,0.0,0.949951171875
0,instant_high,35,2,0.09280497279996854,0.04205225329998574,0.05075271949998279,0.15524092602905082,0.2,0.0,0.964111328125
0,instant_high,35,3,0.13321742650242724,0.06036414638391234,0.0728532801185149,0.14194678817310558,0.2,0.0,0.886474609375
0,instant_high,36,0,0.16208036452933905,0.07091015948158583,0.09117020504775322,0.12827040318736185,0.2,0.0,0.812744140625
0,instant_high,36,1,0.09926571608895493,0.04342875078891778,0.05583696530003715,0.14374374628195394,0.2,0.0,0.951416015625
0,instant_high,36,2,0.0905715775293436,0.03962506516908782,0.050946512360255776,0.15588852154571498,0.2,0.0,0.966064453125
0,instant_high,36,3,0.12973251339002653,0.056757974608136606,0.07297453878188992,0.14260997638570774,0.2,0.0,0.896484375
0,instant_high,37,0,0.15856373138149976,0.06689407417657021,0.09166965720492955,0.12851222629172118,0.2,0.0,0.8203125
0,instant_high,37,1,0.09879253806351265,0.0416781019955444,0.057114436067968254,0.143633388778661,0.2,0.0,0.9501953125
0,instant_high,37,2,0.08707777157549267,0.03673593488341097,0.0503418366920817,0.15660117933284465,0.2,0.0,0.969482421875
0,instant_high,37,3,0.13063191243172986,0.055110338057136034,0.07552157437459382,0.1445841115784478,0.2,0.0,0.89208984375
0,instant_high,38,0,0.15227142951349348,0.06186026823985673,0.09041116127363676,0.12883273670194498,0.2,0.0,0.8330078125
0,instant_high,38,1,0.09828956520038942,0.0399301358626582,0.05835942933773122,0.14360200954836666,0.2,0.0,0.951416015625
0,instant_high,38,2,0.0834204969617644,0.03388957689071679,0.04953092007104761,0.1573464967116838,0.2,0.0,0.974609375
0,instant_high,38,3,0.13108099757521344,0.05325165526493046,0.07782934231028298,0.14606518918278988,0.2,0.0,0.891357421875
0,instant_high,39,0,0.14514205820795992,0.05669611648748434,0.08844594172047557,0.12956978946468883,0.2,0.0,0.85302734375
0,instant_high,39,1,0.09729126670225777,0.03800440105556944,0.05928686564668833,0.1435984838864888,0.2,0.0,0.951416015625
0,instant_high,39,2,0.08051929367570992,0.03145284909207419,0.04906644458363574,0.15790968223239232,0.2,0.0,0.978271484375
0,instant_high,39,3,0.13104399261864866,0.051189059616659635,0.07985493300198902,0.14695580057794258,0.2,0.0,0.890380859375
0,instant_high,40,0,0.1398499567694915,0.05244373378855931,0.08740622298093219,0.12981540975632588,0.2,0.0,0.8671875
0,instant_high,40,1,0.09524401377982555,0.03571650516743458,0.05952750861239097,0.14403066405910678,0.2,0.0,0.95458984375
0,instant_high,40,2,0.0786890083816264,0.0295083781431099,0.0491806302385165,0.15819009471797427,0.2,0.0,0.980224609375
0,instant_high,40,3,0.12976050605186878,0.048660189769450794,0.08110031628241798,0.14748383875194743,0.2,0.0,0.8916015625
0,instant_high,41,0,0.13595098477103634,0.04885738515209118,0.08709359961894515,0.12988151441784393,0.2,0.0,0.871826171875
0,instant_high,41,1,0.09232672645350277,0.03317991731922756,0.05914680913427522,0.14507595316154026,0.2,0.0,0.958251953125
0,instant_high,41,2,0.0778105573133621,0.027963169034489505,0.0498473882788726,0.15838882192989157,0.2,0.0,0.979736328125
0,instant_high,41,3,0.12773021721519678,0.04590304681171135,0.08182717040348544,0.1475375517341932,0.2,0.0,0.892822265625
0,instant_high,42,0,0.1328379169559607,0.04566303395361149,0.08717488300234921,0.12987749614838956,0.2,0.0,0.87548828125
0,instant_high,42,1,0.0892384229520484,0.030675707889766635,0.05856271506228176,0.14635842898642595,0.2,0.0,0.9609375
0,instant_high,42,2,0.07725309774612857,0.026555752350231696,0.050697345395896876,0.1584924748996015,0.2,0.0,0.97802734375
0,instant_high,42,3,0.12513892216161293,0.04301650449305444,0.08212241766855849,0.14742540113563438,0.2,0.0,0.893310546875
0,instant_high,43,0,0.1305058263882496,0.0428222242836444,0.0876836021046052,0.13023985229028376,0.2,0.0,0.88134765625
0,instant_high,43,1,0.08645722013859641,0.02836877535797695,0.05808844478061947,0.14771717810679783,0.2,0.0,0.963134765625
0,instant_high,43,2,0.07656755265326967,0.025123728214354112,0.05144382443891556,0.15847209973264315,0.2,0.0,0.97705078125
0,instant_high,43,3,0.12235916834265523,0.04014910211243375,0.08221006623022148,0.14718955315093593,0.2,0.0,0.897216796875
0,instant_high,44,0,0.12884969059591128,0.04026552831122228,0.088584162284689,0.13071807710095737,0.2,0.0,0.88427734375
0,instant_high,44,1,0.08371588512037118,0.026161214100115994,0.05755467102025518,0.14892248972630562,0.2,0.0,0.967041015625
0,instant_high,44,2,0.07570122094074645,0.023656631543983266,0.05204458939676319,0.15841100536862138,0.2,0.0,0.976806640625
0,instant_high,44,3,0.11973718429845216,0.0374178700932663,0.08231931420518586,0.1467060050521952,0.2,0.0,0.900634765625
0,instant_high,45,0,0.127193248107622,0.03776049553195028,0.08943275257567172,0.13113031635081254,0.2,0.0,0.891845703125
0,instant_high,45,1,0.08102410581666245,0.024054031414321664,0.05697007440234078,0.14983808738986096,0.2,0.0,0.97265625
0,instant_high,45,2,0.07475921361214441,0.022194141541105373,0.05256507207103904,0.15823695229192267,0.2,0.0,0.976318359375
0,instant_high,45,3,0.11711928266359445,0.034769787040754604,0.08234949562283984,0.14612537199715514,0.2,0.0,0.905029296875
0,instant_high,46,0,0.12475746873014902,0.03508803808035441,0.08966943064979462,0.1316460043820252,0.2,0.0,0.894775390625
0,instant_high,46,1,0.07809950388984757,0.02196548546901963,0.05613401842082794,0.15075262545005685,0.2,0.0,0.978271484375
0,instant_high,46,2,0.0739752124264787,0.020805528494947136,0.05316968393153156,0.15773419627952065,0.2,0.0,0.975830078125
0,instant_high,46,3,0.11428929563377457,0.0321438643969991,0.08214543123677548,0.14563177714343895,0.2,0.0,0.9111328125
0,instant_high,47,0,0.12144873818574575,0.03225982108058872,0.08918891710515704,0.13238008134957951,0.2,0.0,0.900634765625
0,instant_high,47,1,0.07521795655488289,0.01997976970989077,0.055238186844992127,0.151668908375034,0.2,0.0,0.9794921875
0,instant_high,47,2,0.07312162248850201,0.01942293097350835,0.053698691514993666,0.15713903620386582,0.2,0.0,0.977294921875
0,instant_high,47,3,0.11092703076111007,0.029464992545919864,0.08146203821519021,0.1452098988918255,0.2,0.0,0.91748046875
4,instant_high,0,4,0.0798901046334073,0.0798901046334073,0.0,0.14110517928847294,0.2,0.0,1.0
4,instant_high,0,5,0.10445120237934812,0.10445120237934812,0.0,0.14309891693942012,0.2,0.0,0.90625
4,instant_high,0,6,0.13187463580451894,0.13187463580451894,0.0,0.11159743909094594,0.2,0.0,0.908447265625
4,instant_high,0,7,0.1176059073798838,0.1176059073798838,0.0,0.11788639618941062,0.2,0.0,0.927001953125
4,instant_high,1,4,0.07810487113146203,0.07688448252003294,0.0012203886114290942,0.14452463228889642,0.2,0.0,1.0
4,instant_high,1,5,0.10464695948630788,0.10301185074433432,0.0016351087419735606,0.13543983724320027,0.2,0.0,0.914306640625
4,instant_high,1,6,0.13377772922007622,0.13168745220101252,0.002090277019063691,0.10259247928151076,0.2,0.0,0.910888671875
4,instant_high,1,7,0.1391020631501483,0.13692859341342725,0.0021734697367210673,0.10884345177898191,0.2,0.0,0.899658203125
4,instant_high,2,4,0.09124728986395221,0.08839581205570371,0.0028514778082485066,0.13493115601433467,0.2,0.0,0.993408203125
4,instant_high,2,5,0.1595261154057391,0.15454092429930977,0.004985191106429347,0.08106133291986185,0.2,0.0,0.793701171875
4,instant_high,2,6,0.15213037966381007,0.147376305299316,0.004754074364494065,0.10014233569117355,0.2,0.0,0.77197265625
4,instant_high,2,7,0.14961276929072115,0.1449373702503861,0.004675399040335036,0.10247324071943123,0.2,0.0,0.848388671875
4,instant_high,3,4,0.12038752262178572,0.11474435749888952,0.005643165122896206,0.11545534938683112,0.2,0.0,0.928466796875
4,instant_high,3,5,0.25247670289765584,0.24064185744932823,0.011834845448327618,0.12177106034480398,0.2,0.0,0.45703125
4,instant_high,3,6,0.1694360035449402,0.16149369087877113,0.007942312666169071,0.10423428483803217,0.2,0.0,0.727783203125
4,instant_high,3,7,0.1443987181500501,0.13763002823676648,0.006768689913283598,0.10133238398090733,0.2,0.0,0.864501953125
4,instant_high,4,4,0.15584563012775454,0.14610527824476988,0.009740351882984659,0.1048488433929259,0.2,0.0,0.81884765625
4,instant_high,4,5,0.28094420772753026,0.2633851947445596,0.01755901298297064,0.15733653760278826,0.2,0.0,0.446533203125
4,instant_high,4,6,0.17457256058589812,0.1636617755492795,0.010910785036618633,0.11034724627388792,0.2,0.0,0.732666015625
4,instant_high,4,7,0.13261868303920424,0.12433001534925398,0.008288667689950265,0.10768285080248624,0.2,0.0,0.896484375
4,instant_high,5,4,0.1785597473097412,0.16460976705116767,0.013949980258573531,0.10530905927423445,0.2,0.0,0.734375
4,instant_high,5,5,0.2927024940563794,0.2698351117082247,0.02286738234815464,0.1589146799062417,0.2,0.0,0.399169921875
4,instant_high,5,6,0.16616575072485074,0.15318405144947178,0.012981699275378964,0.11477366127002564,0.2,0.0,0.777587890625
4,instant_high,5,7,0.12091508838760325,0.11146859710732174,0.009446491280281504,0.11840487779016189,0.2,0.0,0.91455078125
4,instant_high,6,4,0.18618700406235378,0.16873197243150811,0.017455031630845667,0.10411895112816724,0.2,0.0,0.7099609375
4,instant_high,6,5,0.33691386996434547,0.30532819465518807,0.03158567530915739,0.195474156772407,0.2,0.0,0.337158203125
4,instant_high,6,6,0.14928656655694683,0.13529095094223306,0.013995615614713765,0.11961829327085634,0.2,0.0,0.830078125
4,instant_high,6,7,0.11283812993009831,0.10225955524915159,0.010578574680946716,0.1281535743665011,0.2,0.0,0.923095703125
4,instant_high,7,4,0.18734619191432197,0.166855202173693,0.020490989740628966,0.10130943752103833,0.2,0.0,0.70068359375
4,instant_high,7,5,0.3644595113511491,0.3245967522971172,0.039862759054031936,0.23774678109724895,0.2,0.0,0.442626953125
4,instant_high,7,6,0.13455238414489729,0.11983571712904914,0.014716667015848141,0.12169370785782427,0.2,0.0,0.8720703125
4,instant_high,7,7,0.10975507044437292,0.09775060961451963,0.012004460829853288,0.13275323654299845,0.2,0.0,0.92236328125
4,instant_high,8,4,0.18660466129959516,0.16327907863714577,0.023325582662449395,0.10343696739671367,0.2,0.0,0.69677734375
4,instant_high,8,5,0.3323252624538033,0.2907846046470779,0.04154065780672541,0.22314001382597617,0.2,0.0,0.516357421875
4,instant_high,8,6,0.12789935816321898,0.11191193839281662,0.015987419770402373,0.12001904117936368,0.2,0.0,0.90087890625
4,instant_high,8,7,0.11249524185480088,0.09843333662295077,0.01406190523185011,0.13084342870406176,0.2,0.0,0.917724609375
4,instant_high,9,4,0.18389287409372088,0.15803293867429138,0.0258599354194295,0.11304817995669086,0.2,0.0,0.720703125
4,instant_high,9,5,0.28275695273856777,0.24299425625970666,0.03976269647886109,0.18295334217524645,0.2,0.0,0.569091796875
4,instant_high,9,6,0.1262706723586226,0.1085138590581913,0.017756813300431305,0.11540122885152454,0.2,0.0,0.89990234375
4,instant_high,9,7,0.1206983315269544,0.10372512865597644,0.016973202870977963,0.12457253530072324,0.2,0.0,0.89697265625
4,instant_high,10,4,0.18026772379746386,0.15210089195411014,0.02816683184335373,0.12382876562920189,0.2,0.0,0.747314453125
4,instant_high,10,5,0.28692848082849104,0.24209590569903933,0.04483257512945173,0.1835201987098884,0.2,0.0,0.541748046875
4,instant_high,10,6,0.13053763305858498,0.11014112789318108,0.020396505165403905,0.10895265473271147,0.2,0.0,0.881591796875
4,instant_high,10,7,0.13139034183655476,0.11086060092459309,0.02052974091196168,0.11814307500912855,0.2,0.0,0.875732421875
4,instant_high,11,4,0.17636483153904714,0.14605212611827342,0.030312705420773727,0.12609629695558613,0.2,0.0,0.7666015625
4,instant_high,11,5,0.30198268627201175,0.25007941206900974,0.05190327420300202,0.19007440356129707,0.2,0.0,0.49560546875
4,instant_high,11,6,0.14443724040702605,0.11961208971206845,0.024825150694957603,0.10562691870503246,0.2,0.0,0.827880859375
4,instant_high,11,7,0.1401661122620712,0.11607506171702772,0.02409105054504349,0.11436925721935498,0.2,0.0,0.845947265625
4,instant_high,12,4,0.17974422572487483,0.1460421834014608,0.03370204232341403,0.12640482759633986,0.2,0.0,0.769287109375
4,instant_high,12,5,0.30243790878877347,0.24573080089087845,0.05670710789789503,0.18678806287430863,0.2,0.0,0.48095703125
4,instant_high,12,6,0.16350306603040174,0.13284624114970142,0.030656824880700324,0.10620977932449222,0.2,0.0,0.759033203125
4,instant_high,12,7,0.1442818789098393,0.11722902661424442,0.027052852295594867,0.11279492137110546,0.2,0.0,0.827880859375
4,instant_high,13,4,0.18832028296607517,0.15006772548859115,0.03825255747748402,0.12891413227225548,0.2,0.0,0.757568359375
4,instant_high,13,5,0.28573926208023204,0.2276984744701849,0.058040787610047134,0.17287738288114413,0.2,0.0,0.503173828125
4,instant_high,13,6,0.179163044509141,0.14277055109322173,0.03639249341591927,0.10656662731641103,0.2,0.0,0.721435546875
4,instant_high,13,7,0.14393342955957442,0.11469695168028586,0.029236477879288552,0.11276520163503338,0.2,0.0,0.824462890625
4,instant_high,14,4,0.19129271754925173,0.14944743558535292,0.04184528196389881,0.12902807871098684,0.2,0.0,0.75732421875
4,instant_high,14,5,0.2705608078968483,0.21137563116941271,0.05918517672743556,0.16617704387462798,0.2,0.0,0.556396484375
4,instant_high,14,6,0.19049917111428344,0.14882747743303393,0.041671693681249504,0.10826765196033183,0.2,0.0,0.691650390625
4,instant_high,14,7,0.14219456367371996,0.11108950287009373,0.031105060803626242,0.11423383181368385,0.2,0.0,0.830078125
4,instant_high,15,4,0.18762887973152909,0.14365336104445195,0.04397551868707713,0.12659377262034482,0.2,0.0,0.76220703125
4,instant_high,15,5,0.2614010551481147,0.2001351828477753,0.06126587230033938,0.166266235522883,0.2,0.0,0.6083984375
4,instant_high,15,6,0.1987943549726523,0.1522019280259369,0.04659242694671538,0.11185310787610371,0.2,0.0,0.672119140625
4,instant_high,15,7,0.14341363018358885,0.10980106060931022,0.03361256957427864,0.11587992658731797,0.2,0.0,0.826904296875
4,instant_high,16,4,0.18635368400063873,0.13976526300047903,0.04658842100015968,0.12422344840997701,0.2,0.0,0.75537109375
4,instant_high,16,5,0.25113098520095783,0.1883482389007184,0.06278274630023946,0.16552392448466208,0.2,0.0,0.645751953125
4,instant_high,16,6,0.20305240670699987,0.1522893050302499,0.05076310167674997,0.11537036998494238,0.2,0.0,0.66845703125
4,instant_high,16,7,0.1481090621618203,0.11108179662136522,0.03702726554045507,0.11747365149030896,0.2,0.0,0.82177734375
4,instant_high,17,4,0.18739538093280833,0.13761848287253112,0.049776898060277214,0.12542346104610602,0.2,0.0,0.744873046875
4,instant_high,17,5,0.23634154725132697,0.17356332376269323,0.06277822348863372,0.15805727825529292,0.2,0.0,0.676513671875
4,instant_high,17,6,0.20306915221120933,0.14912890865510686,0.053940243556102475,0.11737986836182894,0.2,0.0,0.669921875
4,instant_high,17,7,0.15462476740491737,0.1135525635629862,0.04107220384193118,0.12058644111991795,0.2,0.0,0.812255859375
4,instant_high,18,4,0.1832565751268007,0.13171566337238802,0.0515409117544127,0.12553948960660757,0.2,0.0,0.75
4,instant_high,18,5,0.224827379026194,0.16159467867507696,0.06323270035111707,0.15203667794262057,0.2,0.0,0.6884765625
4,instant_high,18,6,0.2007604118870652,0.1442965460438281,0.056463865843237086,0.11852647603765822,0.2,0.0,0.676025390625
4,instant_high,18,7,0.16127101948758094,0.1159135452566988,0.04535747423088214,0.12547679773381346,0.2,0.0,0.81103515625
4,instant_high,19,4,0.17921468329607138,0.12601032419255018,0.05320435910352119,0.12400436384449022,0.2,0.0,0.75146484375
4,instant_high,19,5,0.22266977235295804,0.1565646836856736,0.06610508866728441,0.14998142537710735,0.2,0.0,0.682861328125
4,instant_high,19,6,0.1978859583179115,0.13913856444228154,0.05874739387562998,0.12020386028419149,0.2,0.0,0.69580078125
4,instant_high,19,7,0.16619808912020845,0.11685803141264657,0.049340057707561884,0.13033062793790523,0.2,0.0,0.81201171875
4,instant_high,20,4,0.17755723456432015,0.1220705987629701,0.05548663580135005,0.12378204923626988,0.2,0.0,0.748291015625
4,instant_high,20,5,0.22124252733760366,0.1521042375446025,0.06913828979300114,0.1498916613562307,0.2,0.0,0.683837890625
4,instant_high,20,6,0.19473236010788594,0.13387849757417158,0.06085386253371436,0.12250436236269788,0.2,0.0,0.715087890625
4,instant_high,20,7,0.168692862752927,0.11597634314263731,0.05271651961028968,0.1337210337566246,0.2,0.0,0.815673828125
4,instant_high,21,4,0.1763377883138887,0.11847695152339396,0.057860836790494724,0.12504235814755432,0.2,0.0,0.753173828125
4,instant_high,21,5,0.2125116249181306,0.142781247991869,0.0697303769262616,0.144614422433723,0.2,0.0,0.69921875
4,instant_high,21,6,0.19191619324111753,0.12894369233387584,0.06297250090724169,0.12479565642309519,0.2,0.0,0.725830078125
4,instant_high,21,7,0.17045807733349486,0.11452652070844185,0.055931556625053,0.1346804028485944,0.2,0.0,0.814208984375
4,instant_high,22,4,0.17426476588658327,0.11436125261307027,0.059903513273512995,0.12616951456777462,0.2,0.0,0.764404296875
4,instant_high,22,5,0.19839163638526072,0.13019451137782734,0.06819712500743337,0.13722983728795762,0.2,0.0,0.731201171875
4,instant_high,22,6,0.1895171352185891,0.12437061998719909,0.06514651523139,0.12673600845434477,0.2,0.0,0.734619140625
4,instant_high,22,7,0.17337871990028378,0.11377978493456123,0.05959893496572255,0.13442677423427074,0.2,0.0,0.8056640625
4,instant_high,23,4,0.17143701279707704,0.10982683632312748,0.06161017647394956,0.12654512037400736,0.2,0.0,0.772216796875
4,instant_high,23,5,0.19255661105866942,0.1233565789594601,0.06920003209920932,0.13873154789920691,0.2,0.0,0.76171875
4,instant_high,23,6,0.18808031617692755,0.12048895255084421,0.06759136362608334,0.12841844244260528,0.2,0.0,0.7392578125
4,instant_high,23,7,0.17887487283040748,0.1145917154069798,0.06428315742342769,0.13606472945939355,0.2,0.0,0.797607421875
4,instant_high,24,4,0.1686636200506633,0.10541476253166455,0.06324885751899874,0.12634598696924618,0.2,0.0,0.779052734375
4,instant_high,24,5,0.19561657788840744,0.12226036118025466,0.07335621670815279,0.14565731509202587,0.2,0.0,0.77685546875
4,instant_high,24,6,0.1870541963863134,0.11690887274144587,0.07014532364486753,0.12997705198418316,0.2,0.0,0.745361328125
4,instant_high,24,7,0.18620619315690035,0.11637887072306272,0.06982732243383763,0.1399768536849564,0.2,0.0,0.791015625
4,instant_high,25,4,0.1667786264829878,0.10163072551307069,0.06514790096991711,0.1253593310940494,0.2,0.0,0.782958984375
4,instant_high,25,5,0.193932881200232,0.11817784948139137,0.07575503171884063,0.14686267763890232,0.2,0.0,0.77978515625
4,instant_high,25,6,0.18603023105756075,0.11336217205070108,0.07266805900685967,0.13118304784016652,0.2,0.0,0.748779296875
4,instant_high,25,7,0.19495623740315257,0.1188014571675461,0.07615478023560647,0.14592583072387408,0.2,0.0,0.782958984375
4,instant_high,26,4,0.16701499820173246,0.09916515518227866,0.0678498430194538,0.12355432900907887,0.2,0.0,0.773681640625
4,instant_high,26,5,0.18009217786504036,0.10692973060736771,0.07316244725767265,0.13560402136429395,0.2,0.0,0.79150390625
4,instant_high,26,6,0.18470597325965427,0.10966917162291973,0.07503680163673454,0.13161335899555296,0.2,0.0,0.75634765625
4,instant_high,26,7,0.2047175133853671,0.12155102357256171,0.08316648981280537,0.15297633966896057,0.2,0.0,0.772216796875
4,instant_high,27,4,0.1691224099997926,0.0977738932811301,0.0713485167186625,0.12227379962987231,0.2,0.0,0.757568359375
4,instant_high,27,5,0.17300708981942137,0.10001972380185298,0.07298736601756839,0.12924532399797625,0.2,0.0,0.793212890625
4,instant_high,27,6,0.18233674679293563,0.10541343173966591,0.07692331505326971,0.1312573087289453,0.2,0.0,0.760498046875
4,instant_high,27,7,0.21220455736000482,0.12268075972375278,0.08952379763625204,0.15935666430778891,0.2,0.0,0.7626953125
4,instant_high,28,4,0.16995158878884148,0.09559776869372333,0.07435382009511815,0.12189876927643792,0.2,0.0,0.759765625
4,instant_high,28,5,0.17019700453569764,0.09573581505132991,0.07446118948436772,0.12650502315858816,0.2,0.0,0.795654296875
4,instant_high,28,6,0.1785886274916284,0.10045610296404098,0.07813252452758743,0.1298887615119092,0.2,0.0,0.7705078125
4,instant_high,28,7,0.21437969810588026,0.12058858018455765,0.09379111792132261,0.16211450744495196,0.2,0.0,0.762451171875
4,instant_high,29,4,0.16429841348522944,0.08985069487473485,0.0744477186104946,0.12200110506030333,0.2,0.0,0.7880859375
4,instant_high,29,5,0.16863028007175215,0.09221968441423946,0.0764105956575127,0.1256428233939961,0.2,0.0,0.8046875
4,instant_high,29,6,0.17346807441200793,0.09486535319406683,0.0786027212179411,0.12844580284725587,0.2,0.0,0.779296875
4,instant_high,29,7,0.20581001181991893,0.11255235021401816,0.09325766160590077,0.1594452093434128,0.2,0.0,0.779541015625
4,instant_high,30,4,0.1530226339832706,0.08129327430361251,0.07172935967965809,0.12415095673045533,0.2,0.0,0.826904296875
4,instant_high,30,5,0.1660608576120686,0.08821983060641145,0.07784102700565715,0.12570899809545247,0.2,0.0,0.808837890625
4,instant_high,30,6,0.16824366764333754,0.08937944843552306,0.07886421920781447,0.12719463862508906,0.2,0.0,0.7939453125
4,instant_high,30,7,0.19018648919244432,0.10103657238348605,0.08914991680895827,0.1539279316199938,0.2,0.0,0.8076171875
4,instant_high,31,4,0.14736452481112985,0.07598483310573884,0.07137969170539102,0.1282476514260236,0.2,0.0,0.84033203125
4,instant_high,31,5,0.16213724209383806,0.08360201545463525,0.07853522663920282,0.12562753355566034,0.2,0.0,0.817626953125
4,instant_high,31,6,0.16339904721528145,0.0842526337203795,0.07914641349490195,0.12695509611658695,0.2,0.0,0.803955078125
4,instant_high,31,7,0.17652970920976493,0.09102313131128505,0.08550657789847989,0.1513154264097625,0.2,0.0,0.83447265625
4,instant_high,32,4,0.1471871199309707,0.07359355996548535,0.07359355996548535,0.12893650281872998,0.2,0.0,0.846923828125
4,instant_high,32,5,0.1577165077688689,0.07885825388443445,0.07885825388443445,0.12553750725505833,0.2,0.0,0.822509765625
4,instant_high,32,6,0.15869128965010043,0.07934564482505022,0.07934564482505022,0.127201102418234,0.2,0.0,0.812744140625
4,instant_high,32,7,0.16386341805547652,0.08193170902773826,0.08193170902773826,0.14975653449964854,0.2,0.0,0.8583984375
4,instant_high,33,4,0.14845365705275237,0.07190724013492693,0.07654641691782545,0.12797656922074002,0.2,0.0,0.8486328125
4,instant_high,33,5,0.15332059107414472,0.07426466130153885,0.07905592977260588,0.12542022802757893,0.2,0.0,0.8271484375
4,instant_high,33,6,0.1536222161874635,0.07441076096580262,0.07921145522166087,0.12765942503804803,0.2,0.0,0.8251953125
4,instant_high,33,7,0.15742197716577702,0.07625127018967325,0.08117070697610378,0.15019284468267774,0.2,0.0,0.876220703125
4,instant_high,34,4,0.14880468441883937,0.06975219582133095,0.07905248859750842,0.12765241855892218,0.2,0.0,0.848876953125
4,instant_high,34,5,0.15001183104959062,0.0703180458044956,0.07969378524509502,0.12570362095782134,0.2,0.0,0.83349609375
4,instant_high,34,6,0.1481740462245255,0.06945658416774633,0.07871746205677918,0.12831307277558188,0.2,0.0,0.840576171875
4,instant_high,34,7,0.14966511662103452,0.07015552341610994,0.07950959320492458,0.1488418035289185,0.2,0.0,0.884765625
4,instant_high,35,4,0.14740047065424525,0.06679083826520488,0.08060963238904037,0.12785756037707824,0.2,0.0,0.849365234375
4,instant_high,35,5,0.14743041997604786,0.06680440905164668,0.08062601092440118,0.12692956182865284,0.2,0.0,0.841064453125
4,instant_high,35,6,0.142941830490312,0.06477051694092263,0.07817131354938937,0.12926362175575573,0.2,0.0,0.854248046875
4,instant_high,35,7,0.14468101986665877,0.06555858712707975,0.07912243273957902,0.14820587631970905,0.2,0.0,0.89013671875
4,instant_high,36,4,0.1449486719716052,0.06341504398757727,0.08153362798402791,0.12870514428865965,0.2,0.0,0.854248046875
4,instant_high,36,5,0.14547084521887288,0.06364349478325688,0.081827350435616,0.1288225468384403,0.2,0.0,0.846435546875
4,instant_high,36,6,0.1385414127016311,0.0606118680569636,0.07792954464466749,0.13040403934437042,0.2,0.0,0.86328125
4,instant_high,36,7,0.1426503287325009,0.062409518820469134,0.08024080991203175,0.1484386808752641,0.2,0.0,0.89208984375
4,instant_high,37,4,0.14167274252124612,0.059768188251150704,0.08190455427009541,0.12950604809757765,0.2,0.0,0.861328125
4,instant_high,37,5,0.14255989409068215,0.06014245531950653,0.08241743877117562,0.12945314267088248,0.2,0.0,0.851806640625
4,instant_high,37,6,0.13550935786276214,0.057168010348352775,0.07834134751440935,0.13132049273735247,0.2,0.0,0.87353515625
4,instant_high,37,7,0.1419294260586767,0.05987647661850423,0.08205294944017247,0.14828948604703654,0.2,0.0,0.892333984375
4,instant_high,38,4,0.1380776370439696,0.056094040049112656,0.08198359699485695,0.13006892370562917,0.2,0.0,0.8720703125
4,instant_high,38,5,0.13738645387898138,0.055813246888336186,0.0815732069906452,0.1285034164290956,0.2,0.0,0.8623046875
4,instant_high,38,6,0.1334538032943703,0.05421560758833793,0.07923819570603235,0.131884152501724,0.2,0.0,0.8818359375
4,instant_high,38,7,0.14141521275859928,0.05744993018318096,0.08396528257541833,0.1477620331302532,0.2,0.0,0.888916015625
4,instant_high,39,4,0.1348606846340025,0.052679954935157224,0.08218072969884527,0.13060722978618644,0.2,0.0,0.880615234375
4,instant_high,39,5,0.13333787190035576,0.05208510621107647,0.08125276568927929,0.1293305535404808,0.2,0.0,0.8759765625
4,instant_high,39,6,0.13171557910787843,0.05145139808901501,0.08026418101886341,0.13232446674570997,0.2,0.0,0.885009765625
4,instant_high,39,7,0.1401315583694788,0.05473888998807765,0.08539266838140114,0.14696895744970873,0.2,0.0,0.893310546875
4,instant_high,40,4,0.13226161418851132,0.04959810532069174,0.08266350886781958,0.13126742233254457,0.2,0.0,0.890380859375
4,instant_high,40,5,0.12851616442160915,0.04819356165810343,0.08032260276350572,0.13091842295718362,0.2,0.0,0.892822265625
4,instant_high,40,6,0.12999122207354666,0.04874670827758,0.08124451379596666,0.13267422130153692,0.2,0.0,0.8916015625
4,instant_high,40,7,0.13821867062923582,0.05183200148596343,0.0863866691432724,0.14617445428613085,0.2,0.0,0.893798828125
4,instant_high,41,4,0.13052266399708168,0.046906582373951226,0.08361608162313044,0.1322852696530661,0.2,0.0,0.893798828125
4,instant_high,41,5,0.12238423208900798,0.04398183340698724,0.07840239868202073,0.1327498590554309,0.2,0.0,0.902099609375
4,instant_high,41,6,0.12828122485373536,0.046101065181811146,0.08218015967192421,0.13289419648910436,0.2,0.0,0.89306640625
4,instant_high,41,7,0.13607621215803778,0.048902388744294825,0.08717382341374295,0.1456480348589112,0.2,0.0,0.89599609375
4,instant_high,42,4,0.12941421018064014,0.04448613474959505,0.0849280754310451,0.13317948970637594,0.2,0.0,0.899658203125
4,instant_high,42,5,0.1165210673713651,0.04005411690890675,0.07646695046245834,0.13381090497068857,0.2,0.0,0.9150390625
4,instant_high,42,6,0.1263805870951711,0.043443326813965066,0.08293726028120604,0.13311027041577203,0.2,0.0,0.898193359375
4,instant_high,42,7,0.13440415211792703,0.04620142729053742,0.08820272482738961,0.14495474733179978,0.2,0.0,0.899658203125
4,instant_high,43,4,0.12739177925178674,0.041800427566992523,0.08559135168479422,0.1335463009010368,0.2,0.0,0.90185546875
4,instant_high,43,5,0.11176263348462392,0.036672114112142225,0.07509051937248169,0.13442341993765716,0.2,0.0,0.92529296875
4,instant_high,43,6,0.12413865290274669,0.04073299548371376,0.08340565741903293,0.1332731279669572,0.2,0.0,0.898193359375
4,instant_high,43,7,0.1340342660688977,0.04397999355385706,0.09005427251504064,0.14369024128942148,0.2,0.0,0.898193359375
4,instant_high,44,4,0.1231564911000585,0.03848640346876828,0.08467008763129022,0.133397495589533,0.2,0.0,0.906494140625
4,instant_high,44,5,0.10778148113598451,0.03368171285499516,0.07409976828098935,0.13495671170766224,0.2,0.0,0.9345703125
4,instant_high,44,6,0.12140449384326284,0.03793890432601964,0.0834655895172432,0.13359111401554427,0.2,0.0,0.904541015625
4,instant_high,44,7,0.13454213546749005,0.04204441733359064,0.09249771813389941,0.14245900946483292,0.2,0.0,0.8974609375
4,instant_high,45,4,0.11760446453241484,0.03491382540806066,0.08269063912435419,0.13390115052581208,0.2,0.0,0.9189453125
4,instant_high,45,5,0.10391665293404408,0.030850256339794335,0.07306639659424974,0.13573346207344822,0.2,0.0,0.94091796875
4,instant_high,45,6,0.11792820358665007,0.03500993543978674,0.08291826814686333,0.13419382896253423,0.2,0.0,0.910888671875
4,instant_high,45,7,0.13457250381008962,0.03995121206862035,0.09462129174146926,0.1414579965981457,0.2,0.0,0.895751953125
4,instant_high,46,4,0.11192421797000861,0.03147868630406492,0.08044553166594369,0.13505938815719715,0.2,0.0,0.929931640625
4,instant_high,46,5,0.09977297088611349,0.02806114806171942,0.07171182282439408,0.13723013607447293,0.2,0.0,0.95068359375
4,instant_high,46,6,0.11393292732844548,0.03204363581112529,0.08188929151732019,0.13500998613666806,0.2,0.0,0.9208984375
4,instant_high,46,7,0.13348726099782407,0.03754329215563802,0.09594396884218605,0.140675117830914,0.2,0.0,0.896728515625
4,instant_high,47,4,0.10667588446809546,0.028335781811837858,0.07834010265625761,0.1364343765276378,0.2,0.0,0.93701171875
4,instant_high,47,5,0.09528515004714913,0.02531011798127399,0.06997503206587515,0.13940033435261792,0.2,0.0,0.958740234375
4,instant_high,47,6,0.11000289828537133,0.02921951985705176,0.08078337842831956,0.13583205672291712,0.2,0.0,0.927734375
4,instant_high,47,7,0.13119346528449347,0.034848264216193574,0.09634520106829988,0.1400674526716734,0.2,0.0,0.8984375
8,instant_high,0,8,0.11885719599341563,0.11885719599341563,0.0,0.13685172170689258,0.2,0.0,0.8876953125
8,instant_high,0,9,0.11026297399714714,0.11026297399714714,0.0,0.13006864925543435,0.2,0.0,0.935546875
8,instant_high,0,10,0.15577216811415842,0.15577216811415842,0.0,0.09217906935359887,0.2,0.0,0.791015625
8,instant_high,0,11,0.18657678636685524,0.18657678636685524,0.0,0.12572396880021544,0.2,0.0,0.71240234375
8,instant_high,1,8,0.1421545326149058,0.13993336804279788,0.002221164572107903,0.13376704176664939,0.2,0.0,0.804931640625
8,instant_high,1,9,0.11465521121788631,0.11286372354260683,0.0017914876752794736,0.12936376573617978,0.2,0.0,0.90673828125
8,instant_high,1,10,0.14649435943483347,0.1442053850686642,0.002288974366169273,0.10359092390745091,0.2,0.0,0.820068359375
8,instant_high,1,11,0.18415342567445844,0.18127602839829504,0.002877397276163413,0.13484107582367197,0.2,0.0,0.713623046875
8,instant_high,2,8,0.16729142995815302,0.16206357277196073,0.005227857186192282,0.1327279720792144,0.2,0.0,0.75927734375
8,instant_high,2,9,0.11043033338585778,0.10697938546754973,0.0034509479183080557,0.13221570444379582,0.2,0.0,0.90673828125
8,instant_high,2,10,0.13252584093047345,0.12838440840139617,0.0041414325290772954,0.11577805224896688,0.2,0.0,0.872314453125
8,instant_high,2,11,0.17564031182082535,0.17015155207642454,0.005488759744400792,0.1335370543686343,0.2,0.0,0.7236328125
8,instant_high,3,8,0.15583787007878938,0.14853296991884612,0.007304900159943253,0.11286397282151309,0.2,0.0,0.7744140625
8,instant_high,3,9,0.10557345352172992,0.10062469788789884,0.00494875563383109,0.1324933926539467,0.2,0.0,0.92919921875
8,instant_high,3,10,0.12305863399381138,0.11729026052535148,0.005768373468459908,0.11608201476457686,0.2,0.0,0.910888671875
8,instant_high,3,11,0.16014885886668695,0.152641881107311,0.007506977759375951,0.12724987698066842,0.2,0.0,0.745849609375
8,instant_high,4,8,0.18204668254803258,0.17066876488878055,0.011377917659252036,0.14074972716513368,0.2,0.0,0.751953125
8,instant_high,4,9,0.11281550983506515,0.10576454047037358,0.007050969364691572,0.12852899823500616,0.2,0.0,0.9365234375
8,instant_high,4,10,0.1433106127713243,0.13435369947311654,0.00895691329820777,0.11001231594548397,0.2,0.0,0.841796875
8,instant_high,4,11,0.14332229353877335,0.13436465019260002,0.008957643346173334,0.12239886371006843,0.2,0.0,0.784423828125
8,instant_high,5,8,0.2126775874559156,0.1960621509359222,0.016615436519993407,0.15006023672311333,0.2,0.0,0.7353515625
8,instant_high,5,9,0.14142636757342428,0.1303774326067505,0.011048934966673772,0.12728562362905405,0.2,0.0,0.88427734375
8,instant_high,5,10,0.18102296223435538,0.16688054330979638,0.014142418924559013,0.11476242207944583,0.2,0.0,0.744873046875
8,instant_high,5,11,0.12998939348953947,0.11983397212316921,0.010155421366370272,0.11954162600100665,0.2,0.0,0.847900390625
8,instant_high,6,8,0.22406061955790482,0.20305493647435124,0.021005683083553578,0.14486609902916595,0.2,0.0,0.682861328125
8,instant_high,6,9,0.18950793880325809,0.17174156954045264,0.017766369262805445,0.14134641520478863,0.2,0.0,0.7763671875
8,instant_high,6,10,0.20592995950305196,0.18662402579964082,0.019305933703411122,0.12932399106859502,0.2,0.0,0.715087890625
8,instant_high,6,11,0.12272145905988185,0.11121632227301793,0.011505136786863924,0.11748251008948964,0.2,0.0,0.901611328125
8,instant_high,7,8,0.2316093730737254,0.20627709789378668,0.025332275179938715,0.13757063393465924,0.2,0.0,0.62548828125
8,instant_high,7,9,0.244143814707921,0.21744058497424212,0.02670322973367886,0.16609966551114821,0.2,0.0,0.6669921875
8,instant_high,7,10,0.21665525326482069,0.1929585849389809,0.023696668325839762,0.152160671053287,0.2,0.0,0.72314453125
8,instant_high,7,11,0.12148855952973042,0.10820074833116616,0.013287811198564266,0.11538599115140093,0.2,0.0,0.92333984375
8,instant_high,8,8,0.2313924093541429,0.20246835818487505,0.028924051169267863,0.132547231328089,0.2,0.0,0.593994140625
8,instant_high,8,9,0.29630489075751787,0.25926677941282816,0.037038111344689734,0.19804683292246003,0.2,0.0,0.576416015625
8,instant_high,8,10,0.20481765914392694,0.17921545175093606,0.025602207392990867,0.13988372300326052,0.2,0.0,0.702880859375
8,instant_high,8,11,0.1241467987082196,0.10862844886969214,0.01551834983852745,0.11326563249419395,0.2,0.0,0.91455078125
8,instant_high,9,8,0.22669743210991716,0.19481810571946007,0.031879326390457104,0.1292334807252064,0.2,0.0,0.584228515625
8,instant_high,9,9,0.33579834785017676,0.2885767051837457,0.047221642666431106,0.2270163151703885,0.2,0.0,0.517333984375
8,instant_high,9,10,0.18546669435666577,0.15938544046275965,0.026081253893906125,0.1296357169531417,0.2,0.0,0.73486328125
8,instant_high,9,11,0.12856419490094523,0.1104848549929998,0.018079339907945424,0.11163711881280756,0.2,0.0,0.89404296875
8,instant_high,10,8,0.2218488993591709,0.18718500883430045,0.034663890524870455,0.12798703647235155,0.2,0.0,0.588623046875
8,instant_high,10,9,0.34938092197116905,0.2947901529131739,0.05459076905799516,0.2385968413892469,0.2,0.0,0.509033203125
8,instant_high,10,10,0.1760060202591101,0.14850507959362416,0.027500940665485953,0.13603678159622154,0.2,0.0,0.7763671875
8,instant_high,10,11,0.13263918496883478,0.11191431231745434,0.020724872651380434,0.11247709131371243,0.2,0.0,0.876708984375
8,instant_high,11,8,0.22091435305508447,0.18294469862374182,0.03796965443134264,0.1309046668664053,0.2,0.0,0.606201171875
8,instant_high,11,9,0.2851827611514793,0.2361669740785688,0.0490157870729105,0.18639423927786766,0.2,0.0,0.5654296875
8,instant_high,11,10,0.16570363640241534,0.1372233238957502,0.028480312506665138,0.13772881244107618,0.2,0.0,0.8193359375
8,instant_high,11,11,0.13213037604581046,0.10942046766293678,0.02270990838287367,0.11498575998689643,0.2,0.0,0.87890625
8,instant_high,12,8,0.2246259930830886,0.18250861938000948,0.04211737370307911,0.1383269535064551,0.2,0.0,0.620361328125
8,instant_high,12,9,0.25273745769649764,0.20534918437840433,0.04738827331809331,0.1713954151802005,0.2,0.0,0.66455078125
8,instant_high,12,10,0.16169514676619662,0.13137730674753476,0.030317840018661866,0.13593975294364458,0.2,0.0,0.830322265625
8,instant_high,12,11,0.13026987512744032,0.10584427354104525,0.02442560158639506,0.11693066049496528,0.2,0.0,0.884033203125
8,instant_high,13,8,0.23226380758937604,0.18508522167278402,0.047178585916592006,0.14814757713124133,0.2,0.0,0.627197265625
8,instant_high,13,9,0.25186315886050303,0.20070345471696335,0.05115970414353968,0.17895317459855478,0.2,0.0,0.7001953125
8,instant_high,13,10,0.1660453718613631,0.13231740570202372,0.03372796615933938,0.1331973297531196,0.2,0.0,0.803955078125
8,instant_high,13,11,0.12915917640866156,0.10292371870065219,0.02623545770800938,0.11954999569633078,0.2,0.0,0.889404296875
8,instant_high,14,8,0.2533654033815146,0.19794172139180827,0.05542368198970632,0.1707851208690291,0.2,0.0,0.637939453125
8,instant_high,14,9,0.2488198434967561,0.1943905027318407,0.054429340764915395,0.18062204198501425,0.2,0.0,0.7138671875
8,instant_high,14,10,0.17662455265431626,0.13798793176118457,0.03863662089313168,0.13310842222562327,0.2,0.0,0.765869140625
8,instant_high,14,11,0.13064639887940288,0.1020674991245335,0.02857889975486938,0.12237417945331946,0.2,0.0,0.895263671875
8,instant_high,15,8,0.2615358057933573,0.20023835131053916,0.06129745448281811,0.17930243861001166,0.2,0.0,0.650634765625
8,instant_high,15,9,0.24116858582898595,0.18464469852531737,0.056523887303668585,0.17705429297492253,0.2,0.0,0.7216796875
8,instant_high,15,10,0.1838607791928949,0.14076840906956015,0.04309237012333474,0.13360613658439807,0.2,0.0,0.756103515625
8,instant_high,15,11,0.1348984498487015,0.10328162566541209,0.03161682418328941,0.1253503043455483,0.2,0.0,0.88623046875
8,instant_high,16,8,0.2291911610534464,0.1718933707900848,0.0572977902633616,0.15665086458813535,0.2,0.0,0.708740234375
8,instant_high,16,9,0.23119087095080104,0.17339315321310078,0.05779771773770026,0.16970225918997237,0.2,0.0,0.7236328125
8,instant_high,16,10,0.17881263954390547,0.1341094796579291,0.04470315988597637,0.1308854141768435,0.2,0.0,0.7646484375
8,instant_high,16,11,0.13356131900566587,0.1001709892542494,0.03339032975141647,0.12954338536623877,0.2,0.0,0.902099609375
8,instant_high,17,8,0.2096231552650084,0.15394200464774055,0.05568115061726786,0.14922797179174144,0.2,0.0,0.74951171875
8,instant_high,17,9,0.21990222392079198,0.1614906956918316,0.05841152822896037,0.16112894402593855,0.2,0.0,0.736328125
8,instant_high,17,10,0.17082437418305418,0.12544914979068042,0.045375224392373764,0.12971959224849047,0.2,0.0,0.78564453125
8,instant_high,17,11,0.13256481817052143,0.09735228834397668,0.035212529826544756,0.13377794130285234,0.2,0.0,0.9111328125
8,instant_high,18,8,0.2017221022885418,0.14498776101988942,0.05673434126865238,0.14855652160788296,0.2,0.0,0.761962890625
8,instant_high,18,9,0.2091002808220833,0.15029082684087236,0.05880945398121092,0.15385492386358132,0.2,0.0,0.74267578125
8,instant_high,18,10,0.16318288204943937,0.11728769647303455,0.045895185576404825,0.12889272249963218,0.19997558444720198,0.0,0.806640625
8,instant_high,18,11,0.1356668338403955,0.09751053682278425,0.03815629701761123,0.13939673124824314,0.2,0.0,0.9189453125
8,instant_high,19,8,0.19829623046556577,0.13942703704610093,0.05886919341946484,0.14873407891302892,0.2,0.0,0.775390625
8,instant_high,19,9,0.2028047109633892,0.14259706239613304,0.06020764856725617,0.1497560798746516,0.2,0.0,0.7490234375
8,instant_high,19,10,0.15619707697226157,0.10982606974612141,0.046371007226140154,0.12765981655135228,0.2,0.0,0.82666015625
8,instant_high,19,11,0.13770822689869308,0.09682609703814357,0.04088212986054951,0.14404139131479632,0.2,0.0,0.924072265625
8,instant_high,20,8,0.19509117843061297,0.1341251851710464,0.06096599325956655,0.1479571708466001,0.2,0.0,0.7822265625
8,instant_high,20,9,0.2018314230290405,0.13875910333246536,0.06307231969657516,0.14870393282606034,0.2,0.0,0.7509765625
8,instant_high,20,10,0.15148585015179544,0.10414652197935936,0.04733932817243608,0.1274769433909147,0.2,0.0,0.84130859375
8,instant_high,20,11,0.12279125920836502,0.08441899070575096,0.03837226850261407,0.139574378913575,0.2,0.0,0.935302734375
8,instant_high,21,8,0.19186394859670147,0.1289085904634088,0.06295535813329267,0.1462538593121973,0.2,0.0,0.7841796875
8,instant_high,21,9,0.20331955432665924,0.1366053255632242,0.06671422876343507,0.1488522081129813,0.2,0.0,0.755126953125
8,instant_high,21,10,0.1479145921180346,0.0993801165793045,0.0485344755387301,0.1283251949717421,0.2,0.0,0.848388671875
8,instant_high,21,11,0.11806044420970543,0.07932186095339584,0.0387385832563096,0.1366822568243233,0.2,0.0,0.929931640625
8,instant_high,22,8,0.1896656477084535,0.12446808130867262,0.06519756639978089,0.14419574309794012,0.2,0.0,0.786865234375
8,instant_high,22,9,0.20542052695431118,0.1348072208137667,0.07061330614054447,0.1490170594736563,0.2,0.0,0.753662109375
8,instant_high,22,10,0.14047258949191882,0.09218513685407173,0.048287452637847096,0.12925562737412064,0.2,0.0,0.86474609375
8,instant_high,22,11,0.12073793906252511,0.0792342725097821,0.041503666552743006,0.1351808817696356,0.2,0.0,0.915283203125
8,instant_high,23,8,0.19050593549611566,0.1220428649271991,0.06846307056891657,0.14352885643982363,0.2,0.0,0.78076171875
8,instant_high,23,9,0.20686937560866164,0.13252569374929887,0.07434368185936278,0.1484824043093695,0.2,0.0,0.744873046875
8,instant_high,23,10,0.1389699632457137,0.08902763270428533,0.04994233054142836,0.12938597475702618,0.2,0.0,0.86865234375
8,instant_high,23,11,0.12696214941404402,0.08133512696837195,0.04562702244567207,0.13389017022240365,0.2,0.0,0.893798828125
8,instant_high,24,8,0.2000153733716751,0.12500960835729694,0.07500576501437817,0.14888631793556528,0.2,0.0,0.7734375
8,instant_high,24,9,0.20561374888975836,0.12850859305609896,0.07710515583365939,0.14699763060353874,0.2,0.0,0.74609375
8,instant_high,24,10,0.14883289667542707,0.09302056042214192,0.05581233625328515,0.12808758403960996,0.2,0.0,0.84619140625
8,instant_high,24,11,0.13433725682064226,0.08396078551290141,0.05037647130774085,0.13350367272675248,0.2,0.0,0.88037109375
8,instant_high,25,8,0.21102874480357153,0.1285956413646764,0.08243310343889514,0.15630893631463688,0.2,0.0,0.76025390625
8,instant_high,25,9,0.20064768939517405,0.1222696857251842,0.07837800366998986,0.14454199108023258,0.2,0.0,0.7568359375
8,instant_high,25,10,0.15782369497528193,0.09617381412556242,0.0616498808497195,0.12781502334267214,0.2,0.0,0.822998046875
8,instant_high,25,11,0.14081140003094156,0.08580694689385501,0.055004453137086545,0.13444418640999872,0.2,0.0,0.8701171875
8,instant_high,26,8,0.17768900984759792,0.10550284959701127,0.07218616025058665,0.13829794600525255,0.2,0.0,0.790771484375
8,instant_high,26,9,0.1933587312234277,0.11480674666391019,0.07855198455951751,0.1423593101033985,0.2,0.0,0.7724609375
8,instant_high,26,10,0.16263846272325963,0.09656658724193541,0.06607187548132422,0.1269229153369698,0.2,0.0,0.817138671875
8,instant_high,26,11,0.14826033854425752,0.08802957601065291,0.06023076253360462,0.13660427175152043,0.2,0.0,0.8505859375
8,instant_high,27,8,0.15529820757321774,0.08978177625326651,0.06551643131995123,0.1325402413557568,0.2,0.0,0.8310546875
8,instant_high,27,9,0.18586661841945687,0.1074541387737485,0.07841247964570837,0.14163577961943985,0.2,0.0,0.790771484375
8,instant_high,27,10,0.16525441863636586,0.09553771077414902,0.06971670786221684,0.1256902937364581,0.2,0.0,0.802734375
8,instant_high,27,11,0.15498434233942598,0.08960032291498064,0.06538401942444534,0.13876518497409085,0.2,0.0,0.84375
8,instant_high,28,8,0.15113241536375766,0.08501198364211368,0.06612043172164397,0.1331361888133818,0.2,0.0,0.844970703125
8,instant_high,28,9,0.17966424566117808,0.10106113818441267,0.07860310747676541,0.14229694621552355,0.2,0.0,0.79833984375
8,instant_high,28,10,0.16666476481379738,0.09374893020776102,0.07291583460603636,0.12448642612247603,0.2,0.0,0.792236328125
8,instant_high,28,11,0.16076638556961767,0.09043109188290994,0.07033529368670773,0.14032832912522275,0.2,0.0,0.83544921875
8,instant_high,29,8,0.1474892794922311,0.08065819972231388,0.06683107976991721,0.13416949060250236,0.2,0.0,0.854736328125
8,instant_high,29,9,0.17497442725212592,0.09568913990350636,0.07928528734861956,0.14312812160720984,0.2,0.0,0.8095703125
8,instant_high,29,10,0.167474519835739,0.09158762803516976,0.07588689180056923,0.12379339408442801,0.2,0.0,0.7861328125
8,instant_high,29,11,0.16552261379237795,0.0905201794177067,0.07500243437467126,0.1414750220239309,0.2,0.0,0.8291015625
8,instant_high,30,8,0.14625369369106034,0.0776972747733758,0.06855641891768453,0.13601709344223564,0.2,0.0,0.861328125
8,instant_high,30,9,0.17100837955765139,0.0908482016400023,0.08016017791764908,0.14335378184208167,0.2,0.0,0.82373046875
8,instant_high,30,10,0.16787025869785366,0.08918107493323475,0.0786891837646189,0.12254073665860461,0.2,0.0,0.781494140625
8,instant_high,30,11,0.16879908585567224,0.08967451436082588,0.07912457149484636,0.1420795313554698,0.2,0.0,0.825927734375
8,instant_high,31,8,0.14426971786803486,0.07438907327570547,0.06988064459232939,0.13706863765175487,0.2,0.0,0.864990234375
8,instant_high,31,9,0.16598366794039682,0.08558532878176711,0.0803983391586297,0.142473308793415,0.2,0.0,0.8251953125
8,instant_high,31,10,0.1676834520891963,0.08646177998349185,0.08122167210570445,0.12123014012549885,0.2,0.0,0.77734375
8,instant_high,31,11,0.1697184510823853,0.08751107633935493,0.08220737474303039,0.1418195231975493,0.2,0.0,0.822265625
8,instant_high,32,8,0.14013505898611295,0.07006752949305647,0.07006752949305647,0.13668633195784974,0.2,0.0,0.86962890625
8,instant_high,32,9,0.15955732102477002,0.07977866051238501,0.07977866051238501,0.14122357516983888,0.2,0.0,0.833251953125
8,instant_high,32,10,0.1674207714726957,0.08371038573634786,0.08371038573634786,0.12033679606592289,0.2,0.0,0.775146484375
8,instant_high,32,11,0.16868453722350016,0.08434226861175008,0.08434226861175008,0.14090945655963938,0.2,0.0,0.82080078125
8,instant_high,33,8,0.13576409616670676,0.06576073408074859,0.07000336208595817,0.13613815946203164,0.2,0.0,0.877197265625
8,instant_high,33,9,0.15316977135826212,0.07419160800165822,0.0789781633566039,0.14048141901268968,0.2,0.0,0.8505859375
8,instant_high,33,10,0.16699746246964864,0.08088939588373606,0.08610806658591258,0.11984467919157658,0.2,0.0,0.7724609375
8,instant_high,33,11,0.16523351363480326,0.08003498316685784,0.08519853046794543,0.1391199219086757,0.2,0.0,0.822509765625
8,instant_high,34,8,0.13171325851211327,0.061740589927553095,0.06997266858456018,0.13574813343954945,0.2,0.0,0.88671875
8,instant_high,34,9,0.14770452719247915,0.0692364971214746,0.07846803007100454,0.14024369773407716,0.2,0.0,0.85595703125
8,instant_high,34,10,0.1659490318488595,0.0777886086791529,0.08816042316970661,0.1197720549702199,0.2,0.0,0.777099609375
8,instant_high,34,11,0.15938764204794428,0.07471295720997388,0.0846746848379704,0.13698675765808613,0.2,0.0,0.8291015625
8,instant_high,35,8,0.12789279198969067,0.05795142137032858,0.06994137061936208,0.135409663683675,0.2,0.0,0.890869140625
8,instant_high,35,9,0.14381385861363852,0.06516565468430495,0.07864820392933357,0.1402031130215911,0.2,0.0,0.86767578125
8,instant_high,35,10,0.16297893201222804,0.07384982856804083,0.08912910344418722,0.1200531675444221,0.2,0.0,0.788330078125
8,instant_high,35,11,0.15359365673455563,0.06959712570784553,0.0839965310267101,0.13588618589892507,0.2,0.0,0.841552734375
8,instant_high,36,8,0.12421269369041528,0.05434305348955668,0.06986964020085859,0.1354368766491822,0.2,0.0,0.8974609375
8,instant_high,36,9,0.14080269058862377,0.0616011771325229,0.07920151345610087,0.140238667476646,0.2,0.0,0.872802734375
8,instant_high,36,10,0.1580266583769149,0.06913666303990026,0.08888999533701464,0.12097854109035605,0.2,0.0,0.806396484375
8,instant_high,36,11,0.14845887983791795,0.06495075992908911,0.08350811990882884,0.13554941397539264,0.2,0.0,0.84814453125
8,instant_high,37,8,0.12100021607329833,0.05104696615592273,0.0699532499173756,0.13591955958737076,0.2,0.0,0.90234375
8,instant_high,37,9,0.1379662794794728,0.05820452415540259,0.0797617553240702,0.14011030642550054,0.2,0.0,0.87744140625
8,instant_high,37,10,0.1521558732087585,0.06419075900994499,0.08796511419881352,0.12311873328365726,0.2,0.0,0.82861328125
8,instant_high,37,11,0.14323087637447987,0.060425525970483694,0.08280535040399617,0.13544928272563117,0.2,0.0,0.856689453125
8,instant_high,38,8,0.11861991035236015,0.048189338580646314,0.07043057177171384,0.1363921021951804,0.2,0.0,0.912109375
8,instant_high,38,9,0.13530594898243134,0.054968041774112734,0.08033790720831861,0.13944935838310496,0.2,0.0,0.8828125
8,instant_high,38,10,0.14653625740880463,0.05953035457232688,0.08700590283647774,0.12582136619448947,0.2,0.0,0.849609375
8,instant_high,38,11,0.13818988472810997,0.056139640670794674,0.0820502440573153,0.13627339954658915,0.2,0.0,0.866455078125
8,instant_high,39,8,0.11729312979790524,0.045817628827306736,0.0714755009705985,0.13672989997203314,0.2,0.0,0.9130859375
8,instant_high,39,9,0.1331718209568614,0.05202024256127398,0.08115157839558741,0.13857894886682534,0.2,0.0,0.88525390625
8,instant_high,39,10,0.14233379379312366,0.05559913820043893,0.08673465559268473,0.1281344787297788,0.2,0.0,0.85693359375
8,instant_high,39,11,0.13355329840952795,0.052169257191221854,0.0813840412183061,0.1373467093067145,0.2,0.0,0.871337890625
8,instant_high,40,8,0.1152631192788823,0.04322366972958086,0.07203944954930144,0.13741872517437498,0.2,0.0,0.920166015625
8,instant_high,40,9,0.13139435122018037,0.049272881707567634,0.08212146951261273,0.13777087947255306,0.2,0.0,0.89208984375
8,instant_high,40,10,0.13859013602550693,0.051971301009565096,0.08661883501594184,0.13006046393424242,0.2,0.0,0.86474609375
8,instant_high,40,11,0.1282694394812675,0.04810103980547532,0.0801683996757922,0.13792633509996158,0.2,0.0,0.8857421875
8,instant_high,41,8,0.11228588839517044,0.04035274114201438,0.07193314725315607,0.13842474051813328,0.2,0.0,0.92626953125
8,instant_high,41,9,0.12958644224391333,0.04657012768140635,0.08301631456250698,0.1372036739771041,0.2,0.0,0.894287109375
8,instant_high,41,10,0.1344429550821456,0.04831543698264607,0.08612751809949952,0.1317580528454536,0.2,0.0,0.8720703125
8,instant_high,41,11,0.12225337289333932,0.043934805883543815,0.0783185670097955,0.13841636425915624,0.2,0.0,0.897705078125
8,instant_high,42,8,0.10883643920248122,0.03741252597585292,0.0714239132266283,0.13942901526373358,0.2,0.0,0.9326171875
8,instant_high,42,9,0.1277482913265211,0.04391347514349163,0.08383481618302947,0.13701322545342118,0.2,0.0,0.8974609375
8,instant_high,42,10,0.13014660120796784,0.04473789416523895,0.08540870704272889,0.1334363457056842,0.2,0.0,0.885498046875
8,instant_high,42,11,0.11775473097216857,0.040478188771682945,0.07727654220048562,0.13936430164185282,0.2,0.0,0.90771484375
8,instant_high,43,8,0.10532434987695849,0.034559552303377004,0.07076479757358148,0.1401468542398533,0.2,0.0,0.935546875
8,instant_high,43,9,0.125828977234538,0.041287633155082784,0.08454134407945522,0.13693366901317588,0.2,0.0,0.901611328125
8,instant_high,43,10,0.12524301585754438,0.04109536457825675,0.08414765127928764,0.13480467446489203,0.2,0.0,0.90185546875
8,instant_high,43,11,0.1159896296404989,0.0380590972257887,0.0779305324147102,0.14019472105406064,0.2,0.0,0.911865234375
8,instant_high,44,8,0.10203405238908196,0.031885641371588114,0.07014841101749385,0.140812218830998,0.2,0.0,0.940673828125
8,instant_high,44,9,0.12369384087878736,0.03865432527462105,0.08503951560416631,0.13705596160208317,0.2,0.0,0.90625
8,instant_high,44,10,0.11991289436231982,0.037472779488224944,0.08244011487409487,0.13569343485951635,0.2,0.0,0.912841796875
8,instant_high,44,11,0.1142689323513537,0.03570904135979803,0.07855989099155566,0.14125780151292064,0.2,0.0,0.915283203125
8,instant_high,45,8,0.09887281373205783,0.02935286657670467,0.06951994715535316,0.14156574364608027,0.2,0.0,0.945068359375
8,instant_high,45,9,0.1212101391536376,0.03598426006123616,0.08522587909240144,0.13735025957365785,0.2,0.0,0.913330078125
8,instant_high,45,10,0.11491817118821068,0.03411633207150005,0.08080183911671064,0.13654700659805907,0.2,0.0,0.922607421875
8,instant_high,45,11,0.11161193767353769,0.0331347939968315,0.07847714367670619,0.14230952991954607,0.2,0.0,0.920654296875
8,instant_high,46,8,0.09580166139180439,0.026944217266444984,0.06885744412535941,0.1424335984672136,0.2,0.0,0.9521484375
8,instant_high,46,9,0.1183493679970415,0.03328575974916792,0.08506360824787358,0.13772214054645782,0.2,0.0,0.9169921875
8,instant_high,46,10,0.11033102708157323,0.031030601366692473,0.07930042571488076,0.13748406622964973,0.2,0.0,0.930419921875
8,instant_high,46,11,0.10823996173995142,0.030442489239361336,0.07779747250059008,0.14332609877333363,0.2,0.0,0.92431640625
8,instant_high,47,8,0.0928412985829231,0.024660969936088947,0.06818032864683415,0.14343344581772988,0.2,0.0,0.958251953125
8,instant_high,47,9,0.11543182871080175,0.030661579501306716,0.08477024920949504,0.13817527296538432,0.2,0.0,0.922119140625
8,instant_high,47,10,0.10638997950140613,0.028259838305061003,0.07813014119634513,0.13828924195432407,0.2,0.0,0.940673828125
8,instant_high,47,11,0.10511198793437422,0.027920371795068153,0.07719161613930607,0.14363611977508592,0.2,0.0,0.932373046875
12,instant_high,0,12,0.0741066329688582,0.0741066329688582,0.0,0.14285479322490113,0.2,0.0,1.0
12,instant_high,0,13,0.10990619967190085,0.10990619967190085,0.0,0.12170340116431694,0.2,0.0,0.972900390625
12,instant_high,0,14,0.12802481379007333,0.12802481379007333,0.0,0.1206261498123316,0.2,0.0,0.872802734375
12,instant_high,0,15,0.15798208445730022,0.15798208445730022,0.0,0.12052104960931533,0.2,0.0,0.6806640625
12,instant_high,1,12,0.08482042539544526,0.08349510624864143,0.0013253191468038323,0.13584467026116048,0.2,0.0,1.0
12,instant_high,1,13,0.12173392149226316,0.11983182896894655,0.0019020925233166118,0.11327658753071133,0.2,0.0,0.935546875
12,instant_high,1,14,0.11903266057879645,0.11717277525725275,0.0018598853215436946,0.12225282127117998,0.2,0.0,0.902587890625
12,instant_high,1,15,0.15280580775153849,0.15041821700542068,0.002387590746117789,0.11135130364937192,0.2,0.0,0.716796875
12,instant_high,2,12,0.09604001643225163,0.09303876591874377,0.0030012505135078634,0.1227204758145355,0.2,0.0,0.9990234375
12,instant_high,2,13,0.1398581510451079,0.13548758382494827,0.004370567220159622,0.09057751068614014,0.2,0.0,0.912109375
12,instant_high,2,14,0.11781227358096995,0.11413064003156463,0.003681633549405311,0.11992728104740813,0.2,0.0,0.923828125
12,instant_high,2,15,0.14576595842386533,0.14121077222311954,0.004555186200745792,0.09396607798928874,0.2,0.0,0.825439453125
12,instant_high,3,12,0.13814333742004387,0.1316678684784793,0.006475468941564556,0.10498712384086309,0.2,0.0,0.862548828125
12,instant_high,3,13,0.1568810273453592,0.14952722918854547,0.007353798156813712,0.0735650856390608,0.2,0.0,0.839111328125
12,instant_high,3,14,0.12531389726288894,0.11943980832869103,0.005874088934197919,0.11453106139154126,0.2,0.0,0.911865234375
12,instant_high,3,15,0.14396576092691363,0.13721736588346456,0.006748395043449077,0.0862923183373403,0.2,0.0,0.89453125
12,instant_high,4,12,0.17462004128463754,0.1637062887043477,0.010913752580289846,0.10262207125430321,0.2,0.0,0.72900390625
12,instant_high,4,13,0.16334373775682498,0.15313475414702343,0.010208983609801561,0.07601581235710049,0.2,0.0,0.781494140625
12,instant_high,4,14,0.13740091069668295,0.12881335377814027,0.008587556918542684,0.10908595118080912,0.2,0.0,0.847900390625
12,instant_high,4,15,0.15116707572909066,0.1417191334960225,0.009447942233068166,0.089166431361716,0.2,0.0,0.842529296875
12,instant_high,5,12,0.18674844291999976,0.17215872081687478,0.01458972210312498,0.10210169861324479,0.2,0.0,0.612060546875
12,instant_high,5,13,0.17593757117487185,0.162192448426835,0.013745122748036864,0.11489072372418455,0.2,0.0,0.701171875
12,instant_high,5,14,0.14931889639419094,0.13765335761339476,0.011665538780796167,0.10520074477247217,0.2,0.0,0.78125
12,instant_high,5,15,0.1780237849052838,0.1641156767095585,0.013908108195725298,0.09813053492648785,0.2,0.0,0.706787109375
12,instant_high,6,12,0.1854548683966149,0.16806847448443227,0.01738639391218265,0.09865048560788572,0.2,0.0,0.610595703125
12,instant_high,6,13,0.2633038893711443,0.2386191497425995,0.024684739628544776,0.1481719248307777,0.2,0.0,0.504150390625
12,instant_high,6,14,0.1561866374373673,0.1415441401776141,0.014642497259753185,0.10256602126099998,0.2,0.0,0.751220703125
12,instant_high,6,15,0.22802931122884765,0.20665156330114318,0.021377747927704468,0.12505666204873014,0.2,0.0,0.59765625
12,instant_high,7,12,0.1794873810836149,0.15985594877759451,0.01963143230602038,0.09439924320013224,0.2,0.0,0.645263671875
12,instant_high,7,13,0.4539730559850051,0.4043197529866452,0.04965330299835993,0.30375957473844206,0.2,0.0,0.273193359375
12,instant_high,7,14,0.1561998808817905,0.13911551891034465,0.017084361971445833,0.10143896067001705,0.2,0.0,0.76416015625
12,instant_high,7,15,0.23012710930945796,0.20495695672873598,0.025170152580721965,0.1339922246879192,0.2,0.0,0.63623046875
12,instant_high,8,12,0.17004952745097923,0.14879333651960683,0.021256190931372404,0.09244787183393219,0.2,0.0,0.708251953125
12,instant_high,8,13,0.6424599307285194,0.5621524393874544,0.08030749134106492,0.4837132756438147,0.19999999999999998,0.0,0.189208984375
12,instant_high,8,14,0.15076741179156233,0.13192148531761705,0.01884592647394529,0.1039042846553486,0.2,0.0,0.798583984375
12,instant_high,8,15,0.20849006658536023,0.1824288082621902,0.02606125832317003,0.13624483036028578,0.2,0.0,0.698486328125
12,instant_high,9,12,0.15330756350314437,0.13174868738551468,0.021558876117629678,0.09667218653254907,0.2,0.0,0.80126953125
12,instant_high,9,13,0.45375154712783805,0.38994273581298583,0.06380881131485222,0.31712348492239206,0.2,0.0,0.335205078125
12,instant_high,9,14,0.14424377349362738,0.12395949284608603,0.02028428064754135,0.11022713128195676,0.2,0.0,0.818359375
12,instant_high,9,15,0.21047669707475158,0.18087841154861464,0.02959828552613694,0.1575544754367261,0.2,0.0,0.7373046875
12,instant_high,10,12,0.13411428354856642,0.11315892674410291,0.020955356804463504,0.10866498527325923,0.2,0.0,0.884033203125
12,instant_high,10,13,0.27055277916039694,0.2282789074165849,0.04227387174381202,0.16938765261694733,0.2,0.0,0.55322265625
12,instant_high,10,14,0.1429444352926475,0.12060936727817133,0.02233506801447617,0.11324994894068825,0.2,0.0,0.822509765625
12,instant_high,10,15,0.19212773311393364,0.1621077748148815,0.03001995829905213,0.14392255019088226,0.2,0.0,0.767333984375
12,instant_high,11,12,0.13244454228069596,0.10968063657620135,0.02276390570449462,0.1138193594945472,0.2,0.0,0.891357421875
12,instant_high,11,13,0.20488948777020777,0.16967410705970332,0.03521538071050446,0.135235674401726,0.2,0.0,0.70166015625
12,instant_high,11,14,0.14369865069882046,0.11900044510996069,0.024698205588859767,0.11417080229771802,0.2,0.0,0.81884765625
12,instant_high,11,15,0.16903849630950454,0.13998500475630846,0.029053491553196094,0.12004289259116879,0.2,0.0,0.7705078125
12,instant_high,12,12,0.1394897716950197,0.1133354395022035,0.026154332192816192,0.11774091579714292,0.2,0.0,0.863037109375
12,instant_high,12,13,0.1744434887610506,0.1417353346183536,0.03270815414269698,0.1307770482262091,0.2,0.0,0.77978515625
12,instant_high,12,14,0.14325278398084823,0.11639288698443918,0.026859896996409043,0.1155306166443813,0.2,0.0,0.82666015625
12,instant_high,12,15,0.16902005403281814,0.13732879390166475,0.0316912601311534,0.11687784688193997,0.2,0.0,0.75927734375
12,instant_high,13,12,0.14775749567274102,0.1177442543642155,0.03001324130852552,0.12081397625708407,0.2,0.0,0.838134765625
12,instant_high,13,13,0.1502815375699976,0.11975560025109183,0.030525937318905762,0.12869831738393528,0.2,0.0,0.83935546875
12,instant_high,13,14,0.14125607233904325,0.11256343264517508,0.02869263969386816,0.11760153608579034,0.2,0.0,0.833984375
12,instant_high,13,15,0.17622982733500295,0.14043314365758047,0.035796683677422475,0.11661922117184506,0.2,0.0,0.736083984375
12,instant_high,14,12,0.15665772335386474,0.12238884637020683,0.03426887698365791,0.12107024050174008,0.2,0.0,0.830322265625
12,instant_high,14,13,0.13303694424791992,0.10393511269368744,0.029101831554232484,0.12896849636212318,0.2,0.0,0.88134765625
12,instant_high,14,14,0.13733507288832697,0.10729302569400545,0.030042047194321526,0.12097094274112105,0.2,0.0,0.851806640625
12,instant_high,14,15,0.1859814758596347,0.14529802801533961,0.04068344784429509,0.11700204273746481,0.2,0.0,0.7080078125
12,instant_high,15,12,0.16110679268428238,0.1233473881489037,0.03775940453537868,0.11971582890690348,0.2,0.0,0.817138671875
12,instant_high,15,13,0.12252468567752695,0.09380796247185656,0.028716723205670376,0.13056115130102294,0.2,0.0,0.8994140625
12,instant_high,15,14,0.13045119999182112,0.09987669999373804,0.030574499998083073,0.1243905397458242,0.2,0.0,0.87451171875
12,instant_high,15,15,0.19383755468207162,0.14840687780346107,0.045430676878610535,0.11771920373969297,0.2,0.0,0.688720703125
12,instant_high,16,12,0.15149995585530696,0.11362496689148022,0.03787498896382674,0.11732685526125308,0.2,0.0,0.8232421875
12,instant_high,16,13,0.11875282552072937,0.08906461914054703,0.029688206380182342,0.13259580839211105,0.2,0.0,0.913330078125
12,instant_high,16,14,0.12075598338836643,0.09056698754127482,0.03018899584709161,0.12815910115209886,0.2,0.0,0.90283203125
12,instant_high,16,15,0.19782643929351867,0.148369829470139,0.04945660982337967,0.11812538715332867,0.2,0.0,0.679443359375
12,instant_high,17,12,0.14179700913330967,0.10413217858227429,0.03766483055103538,0.11998141784239853,0.2,0.0,0.848388671875
12,instant_high,17,13,0.11820066925872633,0.08680361648687715,0.031397052771849183,0.13497289478190427,0.2,0.0,0.918212890625
12,instant_high,17,14,0.11078514062477218,0.08135783764631707,0.02942730297845511,0.1323621637918264,0.2,0.0,0.919921875
12,instant_high,17,15,0.19901584614404463,0.14615226201203277,0.05286358413201186,0.11799947954184165,0.2,0.0,0.674072265625
12,instant_high,18,12,0.14187239493012038,0.10197078385602402,0.03990161107409636,0.12347215868664817,0.2,0.0,0.846923828125
12,instant_high,18,13,0.11813038423772575,0.08490621367086539,0.03322417056686037,0.1367397097348043,0.2,0.0,0.918212890625
12,instant_high,18,14,0.10378918426425454,0.07459847618993296,0.02919070807432159,0.13535661014341166,0.2,0.0,0.93505859375
12,instant_high,18,15,0.19928291681519933,0.1432345964609245,0.05604832035427481,0.11798999616633694,0.2,0.0,0.671142578125
12,instant_high,19,12,0.13312301382979444,0.09360211909907422,0.03952089473072022,0.12801891185991526,0.2,0.0,0.871826171875
12,instant_high,19,13,0.11768515284832574,0.08274737309647903,0.034937779751846705,0.13784208007074628,0.2,0.0,0.920166015625
12,instant_high,19,14,0.10104107423261864,0.07104450531980998,0.02999656891280866,0.13761200577497765,0.2,0.0,0.9453125
12,instant_high,19,15,0.19891055810723707,0.13985898616915107,0.059051571938086,0.11854505496605086,0.2,0.0,0.6796875
12,instant_high,20,12,0.12976110929648627,0.0892107626413343,0.04055034665515196,0.1306249912449618,0.2,0.0,0.88427734375
12,instant_high,20,13,0.11654320238079131,0.08012345163679403,0.03641975074399729,0.1384412014100032,0.2,0.0,0.92333984375
12,instant_high,20,14,0.10453009400798469,0.07186443963048947,0.03266565437749522,0.13735915069042035,0.2,0.0,0.940673828125
12,instant_high,20,15,0.19867954289180892,0.13659218573811863,0.062087357153690285,0.11963002517238572,0.2,0.0,0.68115234375
12,instant_high,21,12,0.12813601959963497,0.08609138816850474,0.04204463143113023,0.1317583137017079,0.2,0.0,0.887939453125
12,instant_high,21,13,0.11509637710506596,0.07733037836746619,0.03776599873759977,0.1390268884106808,0.2,0.0,0.9267578125
12,instant_high,21,14,0.11484116227019081,0.07715890590028446,0.03768225636990636,0.13747752191167611,0.2,0.0,0.915771484375
12,instant_high,21,15,0.19897903858194835,0.13368904154724653,0.0652899970347018,0.12109875052289037,0.2,0.0,0.687255859375
12,instant_high,22,12,0.1257674567666186,0.08253489350309345,0.04323256326352515,0.13239091303179498,0.2,0.0,0.8935546875
12,instant_high,22,13,0.11408091575993791,0.07486560096745926,0.03921531479247865,0.13929673883037513,0.2,0.0,0.928466796875
12,instant_high,22,14,0.12397843143712473,0.0813608456306131,0.04261758580651162,0.13876238317107803,0.2,0.0,0.898193359375
12,instant_high,22,15,0.19965658301952105,0.1310246326065607,0.06863195041296036,0.12258294707780149,0.2,0.0,0.685791015625
12,instant_high,23,12,0.1224464935349506,0.07844228492082773,0.044004208614122874,0.13309110923323283,0.2,0.0,0.90234375
12,instant_high,23,13,0.11356836463181083,0.07275473359225382,0.04081363103955702,0.13888161804331003,0.2,0.0,0.929443359375
12,instant_high,23,14,0.1300055198578839,0.08328478615895686,0.04672073369892702,0.14010301736683,0.2,0.0,0.89013671875
12,instant_high,23,15,0.20014792241533974,0.12821976279732702,0.07192815961801272,0.1235803821786174,0.2,0.0,0.683837890625
12,instant_high,24,12,0.12240446820007315,0.07650279262504572,0.04590167557502743,0.13282822998628419,0.2,0.0,0.903564453125
12,instant_high,24,13,0.1128692758798526,0.07054329742490788,0.04232597845494472,0.1378365747349737,0.2,0.0,0.928955078125
12,instant_high,24,14,0.1342778070425017,0.08392362940156356,0.050354177640938136,0.14143188244319677,0.2,0.0,0.885498046875
12,instant_high,24,15,0.2001352415329963,0.1250845259581227,0.07505071557487361,0.12398225468151988,0.2,0.0,0.68310546875
12,instant_high,25,12,0.12808519166630156,0.07805191367165251,0.050033277994649045,0.13037422685187916,0.2,0.0,0.888671875
12,instant_high,25,13,0.11172509540243666,0.06808248001085984,0.04364261539157682,0.1362694441869871,0.2,0.0,0.93017578125
12,instant_high,25,14,0.13831855924364717,0.08428787203909749,0.05403068720454968,0.14199998419047952,0.2,0.0,0.876220703125
12,instant_high,25,15,0.19949604376573288,0.12156790166974348,0.0779281420959894,0.12423971225885269,0.2,0.0,0.685546875
12,instant_high,26,12,0.13529352112511864,0.08033052816803919,0.054962992957079446,0.12761307153757875,0.2,0.0,0.875
12,instant_high,26,13,0.11053599823264727,0.06563074895063432,0.044905249282012956,0.13492133690827107,0.2,0.0,0.932373046875
12,instant_high,26,14,0.14025917479796968,0.08327888503629449,0.056980289761675185,0.1412977029598552,0.2,0.0,0.877685546875
12,instant_high,26,15,0.19786991786295052,0.11748526373112687,0.08038465413182365,0.12457376240776816,0.2,0.0,0.6904296875
12,instant_high,27,12,0.13996308674027502,0.0809161595217215,0.05904692721855352,0.12675666642300415,0.2,0.0,0.864013671875
12,instant_high,27,13,0.10982105226270872,0.06349029583937847,0.04633075642333024,0.13411412334133932,0.2,0.0,0.933837890625
12,instant_high,27,14,0.13940973698874104,0.08059625419661591,0.05881348279212513,0.1398627578848506,0.2,0.0,0.872802734375
12,instant_high,27,15,0.195178234767623,0.11283741697503205,0.08234081779259095,0.12496811639129932,0.2,0.0,0.698486328125
12,instant_high,28,12,0.14092534747431867,0.07927050795430425,0.06165483952001442,0.12736995928396744,0.2,0.0,0.86083984375
12,instant_high,28,13,0.10980007587480273,0.06176254267957654,0.04803753319522619,0.13355244080751877,0.2,0.0,0.93310546875
12,instant_high,28,14,0.13763229957670295,0.07741816851189541,0.06021413106480754,0.1388511443821115,0.2,0.0,0.875244140625
12,instant_high,28,15,0.1915618223316727,0.1077535250615659,0.08380829727010682,0.12540376534626924,0.2,0.0,0.70703125
12,instant_high,29,12,0.1391082554704082,0.07607482721037949,0.06303342826002871,0.12828937209538357,0.2,0.0,0.864501953125
12,instant_high,29,13,0.11056250173621064,0.060463868136990194,0.05009863359922045,0.13311749750469676,0.2,0.0,0.93310546875
12,instant_high,29,14,0.13764115265545784,0.0752725053584535,0.06236864729700434,0.13932146127102515,0.2,0.0,0.8720703125
12,instant_high,29,15,0.18703600521094876,0.1022853153497376,0.08475068986121116,0.12604117050684657,0.2,0.0,0.721435546875
12,instant_high,30,12,0.13657282122930722,0.07255431127806947,0.06401850995123776,0.12917221907629442,0.2,0.0,0.871337890625
12,instant_high,30,13,0.11206297684672653,0.05953345644982347,0.05252952039690306,0.13242228077687893,0.2,0.0,0.926513671875
12,instant_high,30,14,0.13727141803247944,0.0729254408297547,0.06434597720272474,0.14054654459729035,0.2,0.0,0.87646484375
12,instant_high,30,15,0.18166648294585627,0.09651031906498614,0.08515616388087013,0.12639183623084255,0.2,0.0,0.73828125
12,instant_high,31,12,0.1329948988517609,0.06857549472043922,0.06441940413132169,0.13006532948021957,0.2,0.0,0.8837890625
12,instant_high,31,13,0.11416132599632407,0.0588644337168546,0.055296892279469476,0.13162393318192125,0.2,0.0,0.923095703125
12,instant_high,31,14,0.13522834178945034,0.06972711373518534,0.065501228054265,0.14121220468172022,0.2,0.0,0.88037109375
12,instant_high,31,15,0.17539957294700098,0.09044040480079737,0.0849591681462036,0.1266032071017228,0.2,0.0,0.757568359375
12,instant_high,32,12,0.12589378085719757,0.06294689042859879,0.06294689042859879,0.1308504987675375,0.2,0.0,0.895751953125
12,instant_high,32,13,0.11661074892816972,0.05830537446408486,0.05830537446408486,0.13080386267698446,0.2,0.0,0.920654296875
12,instant_high,32,14,0.13314521664983833,0.06657260832491917,0.06657260832491917,0.1410856255818993,0.2,0.0,0.887939453125
12,instant_high,32,15,0.16864471630385772,0.08432235815192886,0.08432235815192886,0.12660065871516069,0.2,0.0,0.77783203125
12,instant_high,33,12,0.12053176841137701,0.05838257532426074,0.06214919308711627,0.1316808396784241,0.2,0.0,0.908203125
12,instant_high,33,13,0.11912062646167372,0.05769905344237321,0.06142157301930051,0.13011505486430083,0.2,0.0,0.912109375
12,instant_high,33,14,0.13172656610238787,0.06380505545584413,0.06792151064654374,0.14016690504841486,0.2,0.0,0.89013671875
12,instant_high,33,15,0.16190852977778855,0.07842444411111633,0.08348408566667222,0.12659352979023986,0.2,0.0,0.79296875
12,instant_high,34,12,0.11858816775814712,0.055588203636631466,0.06299996412151566,0.13191299429820633,0.2,0.0,0.91357421875
12,instant_high,34,13,0.12153005239511473,0.05696721206021003,0.0645628403349047,0.12946066596427386,0.2,0.0,0.908447265625
12,instant_high,34,14,0.13054804832796502,0.0611943976537336,0.06935365067423141,0.13951429279719388,0.2,0.0,0.892822265625
12,instant_high,34,15,0.15544739185968653,0.07286596493422806,0.08258142692545847,0.1267442067458702,0.2,0.0,0.810302734375
12,instant_high,35,12,0.11846616657589368,0.05367998172970182,0.06478618484619185,0.13209640945163173,0.2,0.0,0.913818359375
12,instant_high,35,13,0.12345803935542804,0.05594192408292833,0.0675161152724997,0.1289572074618709,0.2,0.0,0.903076171875
12,instant_high,35,14,0.1288523796029333,0.058386234507579154,0.07046614509535415,0.13924799126472975,0.2,0.0,0.895751953125
12,instant_high,35,15,0.14992189773761092,0.06793335991235494,0.08198853782525597,0.1272231629703671,0.2,0.0,0.826416015625
12,instant_high,36,12,0.11884819264562135,0.051996084282459346,0.06685210836316201,0.13268464580433428,0.2,0.0,0.9091796875
12,instant_high,36,13,0.1247047127207126,0.05455831181531176,0.07014640090540084,0.12869219674529536,0.2,0.0,0.899169921875
12,instant_high,36,14,0.12663463753910523,0.05540265392335854,0.07123198361574669,0.13945211618709896,0.2,0.0,0.901611328125
12,instant_high,36,15,0.14546527897824618,0.0636410595529827,0.08182421942526348,0.12784407082370614,0.2,0.0,0.8388671875
12,instant_high,37,12,0.11906647168807986,0.050231167743408696,0.06883530394467118,0.13349473433598677,0.2,0.0,0.912841796875
12,instant_high,37,13,0.1250979769901298,0.05277570904271101,0.07232226794741879,0.1285832111527021,0.2,0.0,0.8974609375
12,instant_high,37,14,0.12360652127534812,0.052146501163037484,0.07146002011231063,0.13969951490988067,0.2,0.0,0.90478515625
12,instant_high,37,15,0.141628422521274,0.05974949075116247,0.08187893177011153,0.12863317976116068,0.2,0.0,0.852294921875
12,instant_high,38,12,0.11929601777376458,0.04846400722059186,0.07083201055317272,0.1343295534175646,0.2,0.0,0.912841796875
12,instant_high,38,13,0.12467357362651113,0.050648639285770146,0.07402493434074098,0.12869138641604536,0.2,0.0,0.900146484375
12,instant_high,38,14,0.11976981680599837,0.04865648807743684,0.07111332872856153,0.14008519747273052,0.2,0.0,0.909912109375
12,instant_high,38,15,0.13827732241966467,0.056175162232988775,0.0821021601866759,0.12971943467278138,0.2,0.0,0.8623046875
12,instant_high,39,12,0.11982121065480279,0.046805160412032344,0.07301605024277046,0.13546060681475597,0.2,0.0,0.911376953125
12,instant_high,39,13,0.12346550008108843,0.04822871096917517,0.07523678911191327,0.1290038187021229,0.2,0.0,0.900634765625
12,instant_high,39,14,0.11495303534059269,0.04490352942991902,0.07004950591067367,0.14062592514774597,0.2,0.0,0.918212890625
12,instant_high,39,15,0.13532760979754285,0.052862347577165174,0.08246526222037767,0.13090095805913265,0.2,0.0,0.8720703125
12,instant_high,40,12,0.12057070710375331,0.045214015163907495,0.07535669193984582,0.13668854647171355,0.2,0.0,0.91162109375
12,instant_high,40,13,0.1214514903431828,0.04554430887869355,0.07590718146448924,0.1296031354960595,0.2,0.0,0.904541015625
12,instant_high,40,14,0.10944404138600683,0.04104151551975256,0.06840252586625427,0.1412635292346683,0.2,0.0,0.923583984375
12,instant_high,40,15,0.1322164847152394,0.04958118176821477,0.08263530294702462,0.1318876906328188,0.2,0.0,0.879638671875
12,instant_high,41,12,0.12155041972003935,0.04368218208688914,0.0778682376331502,0.1376668694700578,0.2,0.0,0.909912109375
12,instant_high,41,13,0.11876245121497653,0.042680255905382186,0.07608219530959434,0.13048826536636288,0.2,0.0,0.909423828125
12,instant_high,41,14,0.10398899669786925,0.03737104568829676,0.06661795100957249,0.14237932707123171,0.2,0.0,0.931884765625
12,instant_high,41,15,0.12917056510264405,0.0464206718337627,0.08274989326888134,0.13278271265099334,0.2,0.0,0.884521484375
12,instant_high,42,12,0.1198237070166115,0.04118939928696021,0.0786343077296513,0.137729686636623,0.2,0.0,0.91455078125
12,instant_high,42,13,0.11549489672659005,0.03970137074976533,0.07579352597682472,0.13161868340036936,0.2,0.0,0.914794921875
12,instant_high,42,14,0.09888307237987508,0.03399105613058206,0.06489201624929301,0.14356006827954768,0.2,0.0,0.943115234375
12,instant_high,42,15,0.1265180253902497,0.04349057122789833,0.08302745416235137,0.1335741135345764,0.2,0.0,0.890625
12,instant_high,43,12,0.11618185963647197,0.03812217269321737,0.0780596869432546,0.13769366393941176,0.2,0.0,0.92236328125
12,instant_high,43,13,0.11162141076694237,0.03662577540790297,0.07499563535903941,0.13293932197095143,0.2,0.0,0.92431640625
12,instant_high,43,14,0.09433613171353433,0.030954043218503452,0.06338208849503088,0.14469659148050423,0.2,0.0,0.951904296875
12,instant_high,43,15,0.1243454687281407,0.040800856926421165,0.08354461180171953,0.13425983820091328,0.2,0.0,0.8974609375
12,instant_high,44,12,0.11229731841750241,0.035092912005469504,0.07720440641203291,0.13797330235083535,0.2,0.0,0.927734375
12,instant_high,44,13,0.10747500186798026,0.03358593808374383,0.07388906378423643,0.1344121079476788,0.2,0.0,0.935791015625
12,instant_high,44,14,0.0900534522372572,0.028141703824142876,0.06191174841311433,0.14608034111759555,0.2,0.0,0.9580078125
12,instant_high,44,15,0.12255658116224939,0.038298931613202934,0.08425764954904645,0.13466324662343265,0.2,0.0,0.902587890625
12,instant_high,45,12,0.10861257603357129,0.03224435850996647,0.07636821752360481,0.138547903172736,0.2,0.0,0.9345703125
12,instant_high,45,13,0.10336699591040065,0.030687076910900193,0.07267991899950045,0.1359735633133679,0.2,0.0,0.9453125
12,instant_high,45,14,0.08631767435693893,0.025625559574716246,0.06069211478222269,0.1475463368065788,0.2,0.0,0.967529296875
12,instant_high,45,15,0.12091597066286404,0.03589692879053776,0.08501904187232628,0.1349284032074778,0.2,0.0,0.903564453125
12,instant_high,46,12,0.10546026571942589,0.029660699733588532,0.07579956598583736,0.1392740274945574,0.2,0.0,0.9404296875
12,instant_high,46,13,0.09953271644130741,0.02799357649911771,0.0715391399421897,0.13769482840041075,0.2,0.0,0.95263671875
12,instant_high,46,14,0.08365180326638508,0.023527069668670804,0.060124733597714274,0.14860177774413144,0.2,0.0,0.97021484375
12,instant_high,46,15,0.11911233768346448,0.033500344973474386,0.08561199270999009,0.13495566573096926,0.2,0.0,0.90771484375
12,instant_high,47,12,0.10269543967557168,0.02727847616382373,0.07541696351174795,0.14021188077974123,0.2,0.0,0.944091796875
12,instant_high,47,13,0.09602709379865577,0.02550719679026794,0.07051989700838783,0.1394913946012376,0.2,0.0,0.958251953125
12,instant_high,47,14,0.08185282683840889,0.02174215712895236,0.06011066970945653,0.14932332438383727,0.2,0.0,0.9736328125
12,instant_high,47,15,0.11663939520460762,0.0309823393512239,0.08565705585338372,0.135246764900586,0.2,0.0,0.911865234375
0,instant01_high,0,0,0.15222660610198033,0.15222660610198033,0.0,0.09808833357787552,0.1,0.0,0.514892578125
0,instant01_high,0,1,0.18167397449166828,0.18167397449166828,0.0,0.12406269303637768,0.1,0.0,0.519775390625
0,instant01_high,0,2,0.08842107906727106,0.08842107906727106,0.0,0.04926295894781863,0.1,0.0,0.6904296875
0,instant01_high,0,3,0.16248645496254221,0.16248645496254221,0.0,0.11338403367478699,0.1,0.0,0.591064453125
0,instant01_high,1,0,0.15619173168378492,0.15375123587622577,0.0024404958075591393,0.10072447226833905,0.1,0.0,0.476318359375
0,instant01_high,1,1,0.18440018014041118,0.18151892732571726,0.0028812528146939247,0.12966676311795883,0.1,0.0,0.537109375
0,instant01_high,1,2,0.08885690501258532,0.08746851587176367,0.0013883891408216456,0.04970690966335394,0.1,0.0,0.681396484375
0,instant01_high,1,3,0.17348185350826215,0.17077119954719555,0.002710653961066596,0.11717830493224657,0.1,0.0,0.5009765625
0,instant01_high,2,0,0.15339745290984783,0.1486037825064151,0.0047936704034327446,0.09750089642374855,0.1,0.0,0.496826171875
0,instant01_high,2,1,0.18465899699650254,0.17888840334036182,0.005770593656140704,0.1316859842405817,0.1,0.0,0.544189453125
0,instant01_high,2,2,0.08685613257474858,0.08414187843178769,0.0027142541429608933,0.052159852139014765,0.1,0.0,0.6982421875
0,instant01_high,2,3,0.17487268870893122,0.1694079171867771,0.0054647715221541006,0.11004284969219791,0.1,0.0,0.43017578125
0,instant01_high,3,0,0.1445571462450076,0.13778103001477288,0.006776116230234731,0.08948132946910439,0.1,0.0,0.52392578125
0,instant01_high,3,1,0.17858899001390083,0.17021763110699922,0.008371358906901601,0.12575139251291517,0.1,0.0,0.547607421875
0,instant01_high,3,2,0.08535805300711699,0.08135689427240839,0.004001158734708609,0.05452016667502923,0.1,0.0,0.72216796875
0,instant01_high,3,3,0.16678573780261408,0.15896765634311655,0.007818081459497535,0.09724449889114951,0.1,0.0,0.364013671875
0,instant01_high,4,0,0.13349152907865527,0.12514830851123931,0.008343220567415955,0.07898287887336378,0.1,0.0,0.53759765625
0,instant01_high,4,1,0.16500122204097192,0.15468864566341117,0.010312576377560745,0.1126095070077687,0.1,0.0,0.556640625
0,instant01_high,4,2,0.08454188450916843,0.0792580167273454,0.005283867781823027,0.056892850835330154,0.1,0.0,0.739013671875
0,instant01_high,4,3,0.14912026423087513,0.13980024771644542,0.009320016514429695,0.0813789162216479,0.1,0.0,0.38818359375
0,instant01_high,5,0,0.12329832267681701,0.11366564121769068,0.009632681459126328,0.06936505180375378,0.1,0.0,0.548583984375
0,instant01_high,5,1,0.14683963919310675,0.13536779238114527,0.011471846811961464,0.09608334761951362,0.1,0.0,0.56298828125
0,instant01_high,5,2,0.0834963319801412,0.07697318104419267,0.006523150935948531,0.05832503060705806,0.1,0.0,0.76708984375
0,instant01_high,5,3,0.13087272578253956,0.12064829408077865,0.010224431701760902,0.07013062589017884,0.1,0.0,0.475341796875
0,instant01_high,6,0,0.11587658648726878,0.10501315650408734,0.010863429983181449,0.06334395923330288,0.1,0.0,0.564697265625
0,instant01_high,6,1,0.12900113762227738,0.11690728097018888,0.012093856652088505,0.08099348897411081,0.1,0.0,0.57421875
0,instant01_high,6,2,0.08156787323846945,0.07392088512236294,0.007646988116106511,0.05886274547012512,0.1,0.0,0.7919921875
0,instant01_high,6,3,0.11675083207342034,0.10580544156653718,0.010945390506883156,0.06526669318526913,0.1,0.0,0.57275390625
0,instant01_high,7,0,0.11057272706889225,0.09847883504573215,0.01209389202316009,0.06065291445299311,0.1,0.0,0.57763671875
0,instant01_high,7,1,0.11449027233179684,0.10196789879550656,0.01252237353629028,0.07013330258809564,0.1,0.0,0.5947265625
0,instant01_high,7,2,0.07879203327633007,0.07017415463673146,0.0086178786395986,0.058943597937633464,0.1,0.0,0.81201171875
0,instant01_high,7,3,0.1056284174404445,0.09407530928289588,0.011553108157548618,0.06400221201337716,0.1,0.0,0.671142578125
0,instant01_high,8,0,0.10669080889778146,0.09335445778555877,0.013336351112222682,0.05977224903788788,0.09998779222360099,0.0,0.607177734375
0,instant01_high,8,1,0.1034464898925795,0.09051567865600706,0.012930811236572437,0.06350256763360518,0.1,0.0,0.6376953125
0,instant01_high,8,2,0.07554348040212153,0.06610054535185633,0.00944293505026519,0.05897956634368393,0.1,0.0,0.82958984375
0,instant01_high,8,3,0.09735476549725111,0.08518541981009473,0.012169345687156389,0.06491456194859378,0.1,0.0,0.73291015625
0,instant01_high,9,0,0.10473657711718538,0.09000799596008119,0.014728581157104195,0.06079746999423717,0.1,0.0,0.636962890625
0,instant01_high,9,1,0.09514822296298019,0.0817680041088111,0.013380218854169089,0.06037502962761018,0.1,0.0,0.680908203125
0,instant01_high,9,2,0.07213287607196808,0.06198919037434757,0.010143685697620511,0.05925295086695988,0.1,0.0,0.841552734375
0,instant01_high,9,3,0.09232218251803125,0.0793393756014331,0.012982806916598144,0.06713304634574958,0.1,0.0,0.76806640625
0,instant01_high,10,0,0.10615840212793423,0.0895711517954445,0.016587250332489725,0.0661767120165996,0.1,0.0,0.65087890625
0,instant01_high,10,1,0.08923063985664914,0.07528835237904771,0.013942287477601428,0.05950047119991688,0.1,0.0,0.720703125
0,instant01_high,10,2,0.06875555537445364,0.05801249984719526,0.010743055527258382,0.05995534631976782,0.1,0.0,0.864990234375
0,instant01_high,10,3,0.09110144334050377,0.07686684281855005,0.014234600521953713,0.07075213018172469,0.1,0.0,0.775390625
0,instant01_high,11,0,0.11319811728723926,0.09374219087849502,0.01945592640874425,0.07887473729240649,0.1,0.0,0.668212890625
0,instant01_high,11,1,0.08555199848986322,0.07084774874941799,0.014704249740445242,0.0593616336224202,0.1,0.0,0.748046875
0,instant01_high,11,2,0.06554954649080623,0.054283218187698906,0.011266328303107321,0.061074827221576096,0.1,0.0,0.880126953125
0,instant01_high,11,3,0.09428584284040695,0.078080463602212,0.016205379238194945,0.07509893074865406,0.1,0.0,0.771484375
0,instant01_high,12,0,0.12435577842265123,0.10103906996840413,0.023316708454247107,0.09643835760315246,0.1,0.0,0.70263671875
0,instant01_high,12,1,0.08388687524145477,0.068158086133682,0.01572878910777277,0.0596862821028227,0.1,0.0,0.766357421875
0,instant01_high,12,2,0.0627427012336897,0.050978444752372884,0.01176425648131682,0.06264570956481572,0.1,0.0,0.895751953125
0,instant01_high,12,3,0.101022461870339,0.08208075026965043,0.01894171160068856,0.07950060316769736,0.1,0.0,0.75927734375
0,instant01_high,13,0,0.12447848337778906,0.09919379144167566,0.025284691936113404,0.101229745354165,0.1,0.0,0.73583984375
0,instant01_high,13,1,0.08390981321602986,0.0668656324065238,0.017044180809506065,0.06023982667404209,0.1,0.0,0.76611328125
0,instant01_high,13,2,0.061248188551439875,0.04880715025192865,0.012441038299511225,0.06512086202690243,0.1,0.0,0.90966796875
0,instant01_high,13,3,0.10919795672496838,0.08701712176520918,0.022180834959759203,0.08365392942598114,0.1,0.0,0.7412109375
0,instant01_high,14,0,0.10807070055799968,0.08443023481093725,0.02364046574706243,0.08512853855892243,0.1,0.0,0.749755859375
0,instant01_high,14,1,0.0852298026119164,0.06658578329055968,0.018644019321356713,0.06101476123577813,0.1,0.0,0.762939453125
0,instant01_high,14,2,0.06298794511975463,0.049209332124808304,0.013778612994946324,0.0683312931484787,0.1,0.0,0.9052734375
0,instant01_high,14,3,0.11737133141722933,0.09169635266971041,0.025674978747518916,0.08840092402707696,0.1,0.0,0.726318359375
0,instant01_high,15,0,0.10358004803746679,0.0793034742786855,0.024276573758781277,0.07605694064653969,0.1,0.0,0.73681640625
0,instant01_high,15,1,0.08746592850438988,0.06696610151117349,0.020499826993216376,0.06193571924143725,0.1,0.0,0.7568359375
0,instant01_high,15,2,0.06812699327239113,0.05215972922417446,0.015967264048216672,0.07072174806246243,0.1,0.0,0.89404296875
0,instant01_high,15,3,0.12501289488191583,0.0957129976439668,0.029299897237949023,0.09466890571458433,0.1,0.0,0.719482421875
0,instant01_high,16,0,0.11585320098311483,0.08688990073733613,0.028963300245778707,0.08202943755751413,0.1,0.0,0.706787109375
0,instant01_high,16,1,0.09006701514224585,0.06755026135668439,0.022516753785561464,0.06305146930851332,0.1,0.0,0.747314453125
0,instant01_high,16,2,0.07531605837418588,0.056487043780639415,0.01882901459354647,0.07203466009883232,0.1,0.0,0.880126953125
0,instant01_high,16,3,0.13012080614058044,0.09759060460543534,0.03253020153514511,0.09983500705734986,0.1,0.0,0.716796875
0,instant01_high,17,0,0.13424861122556053,0.09858882386877102,0.03565978735678951,0.09647141837445687,0.1,0.0,0.681884765625
0,instant01_high,17,1,0.09260471183477748,0.06800658525366471,0.024598126581112767,0.06444516711205908,0.1,0.0,0.740966796875
0,instant01_high,17,2,0.08559871877755802,0.06286155910226918,0.02273715967528885,0.07340726708304544,0.1,0.0,0.852294921875
0,instant01_high,17,3,0.13226467806693418,0.09713187295540479,0.03513280511152939,0.10210701916873885,0.1,0.0,0.726806640625
0,instant01_high,18,0,0.14344319072940354,0.1030997933367588,0.040343397392644746,0.10586153752541495,0.1,0.0,0.682861328125
0,instant01_high,18,1,0.09474560002337996,0.06809840001680435,0.026647200006575614,0.06565829735824592,0.1,0.0,0.73291015625
0,instant01_high,18,2,0.10299624542781467,0.0740285514012418,0.028967694026572878,0.07876562435536251,0.1,0.0,0.79150390625
0,instant01_high,18,3,0.13939061246860623,0.10018700271181073,0.0392036097567955,0.10492747631400116,0.1,0.0,0.70361328125
0,instant01_high,19,0,0.14074948657449152,0.09896448274768935,0.04178500382680217,0.1055357757552878,0.1,0.0,0.69921875
0,instant01_high,19,1,0.09622480824641938,0.06765806829826362,0.028566739948155753,0.06661956048987114,0.1,0.0,0.72802734375
0,instant01_high,19,2,0.15318837535480676,0.1077105764213485,0.045477798933458255,0.11262722934086414,0.1,0.0,0.642333984375
0,instant01_high,19,3,0.14662404803860732,0.10309503377714577,0.043529014261461545,0.1076556252299328,0.1,0.0,0.6611328125
0,instant01_high,20,0,0.13158820302048685,0.0904668895765847,0.041121313443902144,0.09937305391564352,0.1,0.0,0.722412109375
0,instant01_high,20,1,0.09650627495475071,0.06634806403139111,0.0301582109233596,0.06691775352085645,0.1,0.0,0.727783203125
0,instant01_high,20,2,0.1799091997380132,0.12368757481988407,0.056221624918129126,0.13004896102137098,0.1,0.0,0.538818359375
0,instant01_high,20,3,0.15167909281547887,0.10427937631064171,0.047399716504837146,0.11132393034988719,0.1,0.0,0.64892578125
0,instant01_high,21,0,0.12279184742094831,0.08250077248594964,0.040291074934998665,0.09306450391379459,0.1,0.0,0.7353515625
0,instant01_high,21,1,0.09431205363321832,0.06336591103481856,0.03094614259839976,0.06650955426723364,0.1,0.0,0.7373046875
0,instant01_high,21,2,0.19020015467112422,0.1277907289196616,0.06240942575146263,0.13480071723871667,0.1,0.0,0.479248046875
0,instant01_high,21,3,0.16042257363111861,0.10778391665840782,0.05263865697271079,0.1204108025129442,0.1,0.0,0.640869140625
0,instant01_high,22,0,0.11568489993296734,0.07591821558100982,0.03976668435195752,0.08800473099015152,0.1,0.0,0.748291015625
0,instant01_high,22,1,0.08853020845253277,0.058097949296974635,0.030432259155558142,0.06498963842910621,0.1,0.0,0.7666015625
0,instant01_high,22,2,0.19459180119174468,0.12770086953208246,0.06689093165966223,0.1384225913594172,0.1,0.0,0.469482421875
0,instant01_high,22,3,0.1689752730995221,0.11089002297156138,0.058085250127960716,0.1305399568876714,0.1,0.0,0.64111328125
0,instant01_high,23,0,0.11012898531435464,0.07055138121700844,0.039577604097346196,0.08411567862653571,0.1,0.0,0.761474609375
0,instant01_high,23,1,0.07887865973699527,0.050531641394012596,0.028347018342982675,0.06408201013880752,0.1,0.0,0.81787109375
0,instant01_high,23,2,0.15718325417823745,0.10069552220793336,0.05648773197030408,0.11440134243120047,0.1,0.0,0.610595703125
0,instant01_high,23,3,0.17418881190062196,0.11158970762383595,0.06259910427678601,0.13789241416851933,0.1,0.0,0.650390625
0,instant01_high,24,0,0.10588172317924421,0.06617607698702763,0.03970564619221658,0.0812359212849111,0.1,0.0,0.77197265625
0,instant01_high,24,1,0.06915291619114966,0.04322057261946854,0.025932343571681123,0.06529587745121211,0.1,0.0,0.873046875
0,instant01_high,24,2,0.13082795282346846,0.08176747051466779,0.04906048230880067,0.09953189414710838,0.1,0.0,0.7265625
0,instant01_high,24,3,0.17933398481039303,0.11208374050649564,0.0672502443038974,0.1452496396701435,0.1,0.0,0.659912109375
0,instant01_high,25,0,0.10281403881778091,0.06265230490458525,0.04016173391319567,0.07896636550806635,0.1,0.0,0.775146484375
0,instant01_high,25,1,0.06964715179523116,0.04244123312521899,0.027205918670012173,0.06646326962659085,0.1,0.0,0.877197265625
0,instant01_high,25,2,0.12525221898171363,0.07632557094198174,0.04892664803973189,0.09623958492152573,0.1,0.0,0.7294921875
0,instant01_high,25,3,0.18055256670035483,0.11002422033302872,0.0705283463673261,0.14846579573655658,0.1,0.0,0.680419921875
0,instant01_high,26,0,0.10162358967118969,0.060339006367268876,0.04128458330392081,0.07776634502424999,0.1,0.0,0.776611328125
0,instant01_high,26,1,0.07628490316573129,0.04529416125465295,0.030990741911078337,0.0677075551941937,0.1,0.0,0.853271484375
0,instant01_high,26,2,0.126417691820105,0.07506050451818735,0.05135718730191766,0.09776711607817706,0.1,0.0,0.73193359375
0,instant01_high,26,3,0.17629495600261005,0.10467513012654972,0.07161982587606033,0.14582074818133414,0.1,0.0,0.69873046875
0,instant01_high,27,0,0.10119325540053736,0.058502350778435665,0.0426909046221017,0.07742708562088932,0.1,0.0,0.776123046875
0,instant01_high,27,1,0.08346999759692031,0.04825609236071955,0.03521390523620076,0.06901673179596662,0.1,0.0,0.818115234375
0,instant01_high,27,2,0.12871961626308576,0.07441602815209646,0.0543035881109893,0.09992339436992624,0.1,0.0,0.728759765625
0,instant01_high,27,3,0.1672381665875289,0.09668456505841515,0.07055360152911376,0.13786119627775203,0.1,0.0,0.7177734375
0,instant01_high,28,0,0.10069824252376822,0.056642761419619624,0.04405548110414859,0.07734103232264285,0.1,0.0,0.781982421875
0,instant01_high,28,1,0.09071216149846452,0.05102559084288629,0.03968657065557823,0.0700297781102869,0.1,0.0,0.783447265625
0,instant01_high,28,2,0.12692854043871982,0.0713973039967799,0.05553123644193992,0.09895810881430477,0.1,0.0,0.732421875
0,instant01_high,28,3,0.1576747011734717,0.08869201941007784,0.06898268176339387,0.12928245395726295,0.1,0.0,0.733154296875
0,instant01_high,29,0,0.10001753955809448,0.054697091945832915,0.04532044761226156,0.07735125280021783,0.1,0.0,0.785400390625
0,instant01_high,29,1,0.09814136093770515,0.0536710567628075,0.04447030417489765,0.07082211051536912,0.1,0.0,0.744140625
0,instant01_high,29,2,0.12260681199304413,0.067050600308696,0.05555621168434812,0.09657807244414968,0.1,0.0,0.753662109375
0,instant01_high,29,3,0.15042952685567285,0.08226614749919609,0.06816337935647676,0.12321608898068016,0.1,0.0,0.751953125
0,instant01_high,30,0,0.099287144373727,0.05274629544854247,0.04654084892518453,0.07755977658125651,0.1,0.0,0.789306640625
0,instant01_high,30,1,0.10486022410275929,0.05570699405459087,0.04915323004816842,0.07208501137288724,0.1,0.0,0.714111328125
0,instant01_high,30,2,0.11977195637217619,0.0636288518227186,0.05614310454945759,0.09458676506673488,0.1,0.0,0.759765625
0,instant01_high,30,3,0.14524765191773176,0.077162815081295,0.06808483683643676,0.11925295314373957,0.1,0.0,0.7646484375
0,instant01_high,31,0,0.09853807184197017,0.050808693293515866,0.0477293785484543,0.07791591497306183,0.1,0.0,0.797119140625
0,instant01_high,31,1,0.11015697433112595,0.05679968988948682,0.05335728444163913,0.07448261295727197,0.1,0.0,0.68896484375
0,instant01_high,31,2,0.11913059027690741,0.061426710611530384,0.057703879665377024,0.09323304517461999,0.1,0.0,0.75146484375
0,instant01_high,31,3,0.1405884357812374,0.07249091219970052,0.06809752358153687,0.11570557001679439,0.1,0.0,0.77099609375
0,instant01_high,32,0,0.09776920683675115,0.048884603418375576,0.048884603418375576,0.07825011483937969,0.1,0.0,0.803466796875
0,instant01_high,32,1,0.11319078801855285,0.05659539400927643,0.05659539400927643,0.07647512320829368,0.1,0.0,0.677978515625
0,instant01_high,32,2,0.11984251336275802,0.05992125668137901,0.05992125668137901,0.09220729636916446,0.1,0.0,0.742431640625
0,instant01_high,32,3,0.13583538055721328,0.06791769027860664,0.06791769027860664,0.11195047427967889,0.1,0.0,0.78125
0,instant01_high,33,0,0.09689994036611095,0.046935908614834994,0.04996403175127596,0.07830440413281849,0.1,0.0,0.81103515625
0,instant01_high,33,1,0.11423146568546286,0.05533086619139607,0.058900599494066785,0.07731755377727519,0.1,0.0,0.68359375
0,instant01_high,33,2,0.12068113725159597,0.0584549258562418,0.062226211395354177,0.09174998996923414,0.1,0.0,0.732666015625
0,instant01_high,33,3,0.131271029076924,0.06358440470913507,0.06768662436778894,0.10831898030129775,0.1,0.0,0.78955078125
0,instant01_high,34,0,0.09594332589957397,0.0449734340154253,0.05096989188414867,0.07819336581515568,0.1,0.0,0.81201171875
0,instant01_high,34,1,0.11579308067195303,0.054278006564977985,0.06151507410697504,0.07882027924605314,0.1,0.0,0.6806640625
0,instant01_high,34,2,0.11994302098236802,0.05622329108548501,0.06371972989688302,0.09044247881163629,0.1,0.0,0.7294921875
0,instant01_high,34,3,0.12722020601905373,0.05963447157143144,0.0675857344476223,0.1049923587132418,0.1,0.0,0.79443359375
0,instant01_high,35,0,0.09522039858431963,0.04314674310851983,0.0520736554757998,0.07798810457778117,0.1,0.0,0.8115234375
0,instant01_high,35,1,0.11768833161159883,0.05332752526150572,0.06436080635009311,0.0807827580713936,0.1,0.0,0.67822265625
0,instant01_high,35,2,0.1152220057755621,0.05220997136705158,0.06301203440851053,0.08654856739866555,0.1,0.0,0.730224609375
0,instant01_high,35,3,0.12372784102343218,0.0560641779637427,0.06766366305968947,0.101964208909814,0.1,0.0,0.796630859375
0,instant01_high,36,0,0.09485493549524782,0.04149903427917092,0.0533559012160769,0.07797576121188178,0.1,0.0,0.8115234375
0,instant01_high,36,1,0.11836312901614028,0.05178386894456137,0.06657926007157891,0.08197601987159824,0.1,0.0,0.685302734375
0,instant01_high,36,2,0.11104003803723385,0.04858001664128981,0.06246002139594404,0.08406030389975873,0.1,0.0,0.745361328125
0,instant01_high,36,3,0.12090339005248091,0.052895233147960394,0.06800815690452051,0.09936457959642259,0.1,0.0,0.80126953125
0,instant01_high,37,0,0.0940022609334837,0.03965720383131344,0.05434505710217026,0.07782909829243194,0.1,0.0,0.815673828125
0,instant01_high,37,1,0.11745163643396976,0.04954990912058099,0.06790172731338877,0.0824146910374059,0.1,0.0,0.68798828125
0,instant01_high,37,2,0.10913782751073263,0.04604252098109033,0.0630953065296423,0.08374272648274139,0.1,0.0,0.754150390625
0,instant01_high,37,3,0.11881808866340787,0.050126381154875194,0.06869170750853268,0.0973161368336502,0.1,0.0,0.80029296875
0,instant01_high,38,0,0.09269884038464733,0.03765890390626298,0.05503993647838435,0.07743694022096423,0.1,0.0,0.82275390625
0,instant01_high,38,1,0.11472585480010485,0.0466073785125426,0.06811847628756225,0.08144265141632409,0.1,0.0,0.712890625
0,instant01_high,38,2,0.10855524162953087,0.044100566911996916,0.06445467471753395,0.08437860158917887,0.1,0.0,0.763916015625
0,instant01_high,38,3,0.11719789255199699,0.04761164384924878,0.06958624870274821,0.09567823455832879,0.1,0.0,0.796875
0,instant01_high,39,0,0.09128763602110981,0.03565923282074602,0.055628403200363795,0.07686049334449953,0.1,0.0,0.824951171875
0,instant01_high,39,1,0.11071647363417735,0.04324862251335052,0.06746785112082682,0.07942797719078784,0.1,0.0,0.727294921875
0,instant01_high,39,2,0.11275194897837788,0.04404373006967886,0.06870821890869902,0.08831927012337173,0.1,0.0,0.765625
0,instant01_high,39,3,0.11564949126713106,0.04517558252622307,0.07047390874090799,0.09414799776315391,0.1,0.0,0.797119140625
0,instant01_high,40,0,0.08989163463207239,0.03370936298702715,0.056182271645045245,0.07617759509799044,0.1,0.0,0.828125
0,instant01_high,40,1,0.10590163078732104,0.039713111545245386,0.06618851924207565,0.07665760641620961,0.1,0.0,0.739501953125
0,instant01_high,40,2,0.10059400503997064,0.03772275188998899,0.06287125314998165,0.07950822373436692,0.1,0.0,0.78662109375
0,instant01_high,40,3,0.11392391316200728,0.04272146743575273,0.07120244572625456,0.09272344352645778,0.1,0.0,0.797607421875
0,instant01_high,41,0,0.08858160393432642,0.031834013913898555,0.05674759002042786,0.07552041967815248,0.1,0.0,0.8291015625
0,instant01_high,41,1,0.10047142637343941,0.036106918852954785,0.06436450752048462,0.07365302186956628,0.1,0.0,0.74951171875
0,instant01_high,41,2,0.09723929120123231,0.034945370275442866,0.06229392092578945,0.07808950890245094,0.1,0.0,0.792724609375
0,instant01_high,41,3,0.11188863987990925,0.04020997995684239,0.07167865992306686,0.09136975643701684,0.1,0.0,0.8017578125
0,instant01_high,42,0,0.087370359958167,0.030033561235619906,0.05733679872254709,0.07489745289624716,0.1,0.0,0.832275390625
0,instant01_high,42,1,0.0954072909596521,0.03279625626738041,0.0626110346922717,0.07102657543476666,0.1,0.0,0.7626953125
0,instant01_high,42,2,0.09393389197635767,0.03228977536687295,0.06164411660948472,0.07640895025915763,0.1,0.0,0.79736328125
0,instant01_high,42,3,0.10956358245444897,0.037662481468716834,0.07190110098573213,0.0898576083976275,0.1,0.0,0.807861328125
0,instant01_high,43,0,0.08625911655100922,0.028303772618299902,0.05795534393270932,0.07424955839813395,0.1,0.0,0.837646484375
0,instant01_high,43,1,0.09121719140252217,0.029930640928952586,0.06128655047356958,0.06905451174780192,0.1,0.0,0.773681640625
0,instant01_high,43,2,0.0914116515872973,0.02999444817708193,0.06141720341021538,0.07511589543151212,0.1,0.0,0.80078125
0,instant01_high,43,3,0.10702128381568615,0.03511635875202202,0.07190492506366414,0.08827696079318588,0.1,0.0,0.810546875
0,instant01_high,44,0,0.0852609005534218,0.02664403142294431,0.058616869130477485,0.07358939999704815,0.1,0.0,0.840087890625
0,instant01_high,44,1,0.08778091575391202,0.027431536173097504,0.06034937958081451,0.06759651209528535,0.1,0.0,0.785400390625
0,instant01_high,44,2,0.08994874644002011,0.028108983262506285,0.06183976317751383,0.07399719673768206,0.1,0.0,0.7978515625
0,instant01_high,44,3,0.10432102327988838,0.032600319774965116,0.07172070350492325,0.08660926229038023,0.1,0.0,0.81689453125
0,instant01_high,45,0,0.08427972383255211,0.025020543012788908,0.0592591808197632,0.07297721999333608,0.1,0.0,0.840087890625
0,instant01_high,45,1,0.08506441754744627,0.025253498959398112,0.05981091858804816,0.06665315202665804,0.1,0.0,0.79736328125
0,instant01_high,45,2,0.08852404046147823,0.02628057451200135,0.06224346594947688,0.07288583874109782,0.1,0.0,0.800048828125
0,instant01_high,45,3,0.1014700301962268,0.03012391521450483,0.07134611498172197,0.0847701079183103,0.1,0.0,0.822509765625
0,instant01_high,46,0,0.08318825061672766,0.023396695485954654,0.05979155513077301,0.07232752288434229,0.1,0.0,0.842529296875
0,instant01_high,46,1,0.083128326477536,0.023379841821807,0.059748484655728996,0.0663544739815333,0.1,0.0,0.80517578125
0,instant01_high,46,2,0.08630927099386791,0.02427448246702535,0.06203478852684256,0.0716662059507129,0.1,0.0,0.80517578125
0,instant01_high,46,3,0.09854196567754929,0.027714927846810736,0.07082703783073856,0.08291961059313993,0.1,0.0,0.825927734375
0,instant01_high,47,0,0.08190890671015613,0.021757053344885223,0.06015185336527091,0.07169641329252098,0.1,0.0,0.844970703125
0,instant01_high,47,1,0.08172859006578018,0.02170915673622286,0.060019433329557316,0.06628761058320401,0.1,0.0,0.812744140625
0,instant01_high,47,2,0.08347671625610562,0.022173502755528054,0.06130321350057756,0.07049339319234808,0.1,0.0,0.817138671875
0,instant01_high,47,3,0.09559441480187336,0.025392266431747613,0.07020214837012576,0.08112210890377515,0.1,0.0,0.826416015625
4,instant01_high,0,4,0.0798901046334073,0.0798901046334073,0.0,0.056094119301263914,0.1,0.0,0.760009765625
4,instant01_high,0,5,0.10445120237934812,0.10445120237934812,0.0,0.07545645667445097,0.1,0.0,0.73974609375
4,instant01_high,0,6,0.13187463580451894,0.13187463580451894,0.0,0.0701602023237957,0.1,0.0,0.43359375
4,instant01_high,0,7,0.1176059073798838,0.1176059073798838,0.0,0.06216249615794273,0.1,0.0,0.504638671875
4,instant01_high,1,4,0.07696837449903171,0.07576574364748434,0.0012026308515473705,0.059490581882396254,0.1,0.0,0.7685546875
4,instant01_high,1,5,0.1072038978787902,0.1055288369744341,0.0016750609043560969,0.07058986956006352,0.1,0.0,0.71923828125
4,instant01_high,1,6,0.13174231617163198,0.12968384248145023,0.0020584736901817498,0.0635016066073555,0.1,0.0,0.366455078125
4,instant01_high,1,7,0.13771828479950554,0.13556643659951326,0.002151848199992274,0.07296569065174605,0.1,0.0,0.4013671875
4,instant01_high,2,4,0.08459444492491597,0.08195086852101234,0.002643576403903624,0.05762612937337718,0.1,0.0,0.71923828125
4,instant01_high,2,5,0.12623719153973634,0.12229227930411958,0.0039449122356167605,0.060832368286655,0.1,0.0,0.43701171875
4,instant01_high,2,6,0.14687519926809545,0.14228534929096748,0.004589849977127983,0.07745828830715186,0.1,0.0,0.392822265625
4,instant01_high,2,7,0.14728264239358177,0.14268005981878235,0.00460258257479943,0.07652477589562032,0.1,0.0,0.3369140625
4,instant01_high,3,4,0.09639553470087502,0.0918769940117715,0.004518540689103516,0.05541799976949218,0.1,0.0,0.6357421875
4,instant01_high,3,5,0.16601010798866211,0.15822838417669358,0.007781723811968537,0.08494001923027703,0.1,0.0,0.23681640625
4,instant01_high,3,6,0.1636322253818119,0.15596196481703947,0.007670260564772434,0.09532826824564813,0.1,0.0,0.3994140625
4,instant01_high,3,7,0.14847900113146875,0.14151904795343115,0.006959953178037598,0.07501915177108291,0.1,0.0,0.33251953125
4,instant01_high,4,4,0.10529543469767004,0.09871447002906567,0.0065809646686043775,0.05763480933526343,0.1,0.0,0.5869140625
4,instant01_high,4,5,0.1858837736172703,0.1742660377661909,0.011617735851079393,0.11538627882473712,0.1,0.0,0.351806640625
4,instant01_high,4,6,0.17669130368855768,0.16564809720802282,0.011043206480534855,0.11029568422429244,0.1,0.0,0.3896484375
4,instant01_high,4,7,0.1474952830985828,0.13827682790492138,0.009218455193661426,0.07441823583032807,0.1,0.0,0.359619140625
4,instant01_high,5,4,0.11011068076403414,0.10150828382934397,0.008602396934690167,0.061880211256169194,0.1,0.0,0.57275390625
4,instant01_high,5,5,0.18797665035240405,0.17329097454362247,0.014685675808781566,0.1187975263665344,0.1,0.0,0.380126953125
4,instant01_high,5,6,0.18982091451685965,0.17499115557022998,0.01482975894662966,0.12449901821207494,0.1,0.0,0.38623046875
4,instant01_high,5,7,0.1451644870447799,0.13382351149440647,0.01134097555037343,0.07455158471317813,0.1,0.0,0.38037109375
4,instant01_high,6,4,0.11352408862668593,0.10288120531793413,0.010642883308751806,0.06681644764539804,0.1,0.0,0.57470703125
4,instant01_high,6,5,0.1845133088812341,0.1672151861736184,0.017298122707615698,0.11227955715910366,0.1,0.0,0.32421875
4,instant01_high,6,6,0.20645498332177195,0.18709982863535582,0.01935515468641612,0.14080742038473018,0.1,0.0,0.3798828125
4,instant01_high,6,7,0.14114967707105958,0.12791689484564775,0.013232782225411835,0.07376539733607787,0.1,0.0,0.40478515625
4,instant01_high,7,4,0.12117878751528303,0.10792485763079895,0.013253929884484083,0.07329465425245538,0.1,0.0,0.5751953125
4,instant01_high,7,5,0.20655815117738152,0.1839658533923554,0.022592297785026104,0.13110609700612788,0.1,0.0,0.268798828125
4,instant01_high,7,6,0.22165562775000558,0.19741204346484872,0.024243584285156862,0.15310627478050393,0.1,0.0,0.345703125
4,instant01_high,7,7,0.1350022616932182,0.12023638932052245,0.01476587237269574,0.07141663157668893,0.1,0.0,0.42578125
4,instant01_high,8,4,0.148630515117162,0.13005170072751673,0.01857881438964525,0.08976506252693416,0.1,0.0,0.476318359375
4,instant01_high,8,5,0.29573414348212673,0.2587673755468609,0.03696676793526584,0.22157425241874443,0.1,0.0,0.23974609375
4,instant01_high,8,6,0.23499799878628166,0.20562324893799647,0.029374749848285208,0.1648342536017889,0.1,0.0,0.303466796875
4,instant01_high,8,7,0.12737262763166624,0.11145104917770796,0.01592157845395828,0.06842189492023679,0.1,0.0,0.470703125
4,instant01_high,9,4,0.22614982446011364,0.19434750539541015,0.03180231906470348,0.15666110275803172,0.1,0.0,0.31494140625
4,instant01_high,9,5,0.29874309948104916,0.2567323511165266,0.04201074836452254,0.22966170768131228,0.1,0.0,0.315185546875
4,instant01_high,9,6,0.24527341580877374,0.21078184171066494,0.03449157409810881,0.1757985956925218,0.1,0.0,0.289306640625
4,instant01_high,9,7,0.12053125443986568,0.10358154678425957,0.016949707655606112,0.06726186024568989,0.1,0.0,0.543701171875
4,instant01_high,10,4,0.25750076521081555,0.21726627064662563,0.04023449456418993,0.18657694335628924,0.1,0.0,0.281982421875
4,instant01_high,10,5,0.26695558175990014,0.22524377210991575,0.041711809649984395,0.20313498927932797,0.1,0.0,0.372802734375
4,instant01_high,10,6,0.2444023270881292,0.206214463480609,0.03818786360752019,0.17576577043201702,0.1,0.0,0.292724609375
4,instant01_high,10,7,0.11614113979439722,0.09799408670152265,0.018147053092874565,0.06879526145171189,0.1,0.0,0.629150390625
4,instant01_high,11,4,0.24594313704827336,0.2036716603681014,0.042271476680171984,0.17742267396130182,0.1,0.0,0.302734375
4,instant01_high,11,5,0.24491105751585363,0.20281696950531627,0.042094088010537344,0.187398759746781,0.1,0.0,0.42822265625
4,instant01_high,11,6,0.17030650891009835,0.1410350776911752,0.029271431218923154,0.10872250755077499,0.1,0.0,0.43505859375
4,instant01_high,11,7,0.11412789259381415,0.09451216105425234,0.019615731539561806,0.07131929346547182,0.1,0.0,0.66845703125
4,instant01_high,12,4,0.22962189724960672,0.18656779151530545,0.04305410573430126,0.16497112477171433,0.1,0.0,0.360107421875
4,instant01_high,12,5,0.24967644854958929,0.2028621144465413,0.04681433410304799,0.1957886320347974,0.1,0.0,0.4423828125
4,instant01_high,12,6,0.11758794882736101,0.09554020842223082,0.02204774040513019,0.07470654741764442,0.1,0.0,0.6328125
4,instant01_high,12,7,0.11366219845541195,0.09235053624502221,0.021311662210389742,0.07362206370920278,0.1,0.0,0.682373046875
4,instant01_high,13,4,0.21671516345116454,0.17269489587514675,0.0440202675760178,0.1547703773687547,0.1,0.0,0.39794921875
4,instant01_high,13,5,0.25495116893845743,0.20316421274783325,0.051786956190624164,0.2011408631955075,0.1,0.0,0.42919921875
4,instant01_high,13,6,0.11538934225226045,0.09195088210727005,0.023438460144990406,0.07857861228337087,0.1,0.0,0.6767578125
4,instant01_high,13,7,0.11444373539002015,0.0911973516389223,0.023246383751097843,0.0758440685246618,0.1,0.0,0.682373046875
4,instant01_high,14,4,0.21293983291462876,0.16635924446455372,0.04658058845007504,0.15295088268396,0.1,0.0,0.4208984375
4,instant01_high,14,5,0.23795315897491068,0.18590090544914897,0.05205225352576171,0.18267303760785494,0.1,0.0,0.44287109375
4,instant01_high,14,6,0.11942122639616447,0.09329783312200349,0.026123393274160977,0.08421767923957336,0.1,0.0,0.694091796875
4,instant01_high,14,7,0.11805148966645328,0.09222772630191663,0.025823763364536654,0.07948673738101004,0.1,0.0,0.675048828125
4,instant01_high,15,4,0.21791961005461685,0.16684470144806604,0.051074908606550826,0.15904197148895693,0.1,0.0,0.426513671875
4,instant01_high,15,5,0.2183758920708819,0.16719404236676896,0.05118184970411294,0.16233768463483075,0.1,0.0,0.45947265625
4,instant01_high,15,6,0.12416736628428367,0.09506563981140469,0.029101726472878984,0.08966522894420063,0.1,0.0,0.69775390625
4,instant01_high,15,7,0.12574639928003783,0.09627458694877897,0.029471812331258868,0.0860047080992297,0.1,0.0,0.65380859375
4,instant01_high,16,4,0.23097565695685804,0.17323174271764352,0.05774391423921451,0.17226183866370173,0.1,0.0,0.42529296875
4,instant01_high,16,5,0.2131374409167396,0.15985308068755472,0.0532843602291849,0.1578355559992942,0.1,0.0,0.474365234375
4,instant01_high,16,6,0.12813578580926877,0.09610183935695157,0.03203394645231719,0.09406680146800299,0.1,0.0,0.700927734375
4,instant01_high,16,7,0.13608415772573912,0.10206311829430434,0.03402103943143478,0.0944112309878007,0.1,0.0,0.634033203125
4,instant01_high,17,4,0.2557461572526729,0.18781358423243166,0.06793257302024125,0.19656705098377905,0.1,0.0,0.40283203125
4,instant01_high,17,5,0.21535934040866453,0.158154515612613,0.05720482479605152,0.16129258667745167,0.1,0.0,0.476806640625
4,instant01_high,17,6,0.13076497755816527,0.09603053039427761,0.03473444716388765,0.09670519702866585,0.1,0.0,0.69482421875
4,instant01_high,17,7,0.14807184840685078,0.10874026367378105,0.03933158473306974,0.10414649610477317,0.1,0.0,0.614013671875
4,instant01_high,18,4,0.28583605906293,0.20544466745148096,0.08039139161144906,0.22798450436134685,0.1,0.0,0.38427734375
4,instant01_high,18,5,0.21754897515930147,0.15636332589574792,0.061185649263553535,0.1640702965322972,0.1,0.0,0.486572265625
4,instant01_high,18,6,0.13189180584774407,0.09479723545306605,0.03709457039467802,0.09735045538262961,0.1,0.0,0.688720703125
4,instant01_high,18,7,0.16053042755253896,0.11538124480338738,0.045149182749151584,0.11424469130518294,0.1,0.0,0.595458984375
4,instant01_high,19,4,0.28547990069160145,0.20072805517378228,0.08475184551781918,0.2321658921140619,0.1,0.0,0.413818359375
4,instant01_high,19,5,0.21419071243007282,0.15060284467739496,0.06358786775267787,0.16059749219072844,0.1,0.0,0.488525390625
4,instant01_high,19,6,0.1322324238315115,0.09297592300653151,0.03925650082497997,0.09675962371156696,0.1,0.0,0.686767578125
4,instant01_high,19,7,0.16983418896227573,0.11941466411410012,0.050419524848175606,0.1218417885609984,0.1,0.0,0.576904296875
4,instant01_high,20,4,0.2536360644605824,0.1743747943166504,0.079261270143932,0.20137784143071752,0.1,0.0,0.4501953125
4,instant01_high,20,5,0.1977839799505701,0.13597648621601693,0.06180749373455315,0.14421189867675285,0.1,0.0,0.498046875
4,instant01_high,20,6,0.13314488720750672,0.09153710995516087,0.04160777725234585,0.09634925006880535,0.1,0.0,0.676025390625
4,instant01_high,20,7,0.17246502439217465,0.11856970426962007,0.053895320122554574,0.12424752124912762,0.1,0.0,0.571044921875
4,instant01_high,21,4,0.23247478623780785,0.15619399700352715,0.0762807892342807,0.18095360432791285,0.1,0.0,0.4892578125
4,instant01_high,21,5,0.17041628423163083,0.11449844096812696,0.055917843263503866,0.11735054902360045,0.1,0.0,0.525390625
4,instant01_high,21,6,0.13523829104479015,0.09086322679571839,0.04437506424907177,0.09691461688806943,0.1,0.0,0.658447265625
4,instant01_high,21,7,0.17166246680433808,0.11533571988416465,0.056326746920173434,0.12432342730975571,0.1,0.0,0.574951171875
4,instant01_high,22,4,0.22328560088865806,0.14653117558318185,0.07675442530547621,0.17281528815049152,0.1,0.0,0.5205078125
4,instant01_high,22,5,0.1527977165731613,0.1002735015011371,0.0525242150720242,0.10264068322596873,0.1,0.0,0.561279296875
4,instant01_high,22,6,0.13806045619689183,0.09060217437921027,0.047458281817681566,0.09826682655278964,0.1,0.0,0.646240234375
4,instant01_high,22,7,0.1714310476903352,0.11250162504678247,0.05892942264355273,0.12524227704895496,0.1,0.0,0.584228515625
4,instant01_high,23,4,0.21901430360982424,0.14030603825004365,0.07870826535978058,0.1697330955989314,0.1,0.0,0.531494140625
4,instant01_high,23,5,0.14543271251221251,0.09316783145313615,0.052264881059076375,0.09842332279111488,0.1,0.0,0.58642578125
4,instant01_high,23,6,0.1406903996258142,0.09012978726028723,0.050560612365526975,0.0998647794732467,0.1,0.0,0.630859375
4,instant01_high,23,7,0.17350949146397776,0.11115451796911076,0.06235497349486701,0.1283418676141968,0.1,0.0,0.5908203125
4,instant01_high,24,4,0.21032104266443524,0.13145065166527203,0.07887039099916321,0.1622743210265182,0.1,0.0,0.55078125
4,instant01_high,24,5,0.1419543721667471,0.08872148260421694,0.05323288956253017,0.09721596226248441,0.1,0.0,0.609619140625
4,instant01_high,24,6,0.14257121731570396,0.08910701082231498,0.05346420649338898,0.10114778348022685,0.1,0.0,0.62841796875
4,instant01_high,24,7,0.17767086357639986,0.11104428973524991,0.06662657384114995,0.1336233645243371,0.1,0.0,0.598388671875
4,instant01_high,25,4,0.19679406253886475,0.1199213818596207,0.07687268067924405,0.1496598166362239,0.1,0.0,0.5712890625
4,instant01_high,25,5,0.14011218812769155,0.08538086464031204,0.05473132348737951,0.09663359027221882,0.1,0.0,0.623291015625
4,instant01_high,25,6,0.1436400142653034,0.08753063369291926,0.05610938057238414,0.10190790769480144,0.1,0.0,0.624755859375
4,instant01_high,25,7,0.1789457898872021,0.10904509071251378,0.06990069917468833,0.13566136686684446,0.1,0.0,0.6015625
4,instant01_high,26,4,0.1832344399065775,0.1087954486945304,0.07443899121204711,0.136096000540712,0.1,0.0,0.5791015625
4,instant01_high,26,5,0.14150542035477026,0.08401884333564484,0.05748657701912542,0.09883607745912057,0.1,0.0,0.62548828125
4,instant01_high,26,6,0.14419779249586584,0.08561743929442034,0.0585803532014455,0.10237201344184385,0.1,0.0,0.622314453125
4,instant01_high,26,7,0.17434959167578803,0.10352007005749915,0.07082952161828888,0.131432431120571,0.1,0.0,0.60546875
4,instant01_high,27,4,0.1765259425475807,0.1020540605353201,0.0744718820122606,0.12966991334412642,0.1,0.0,0.585205078125
4,instant01_high,27,5,0.14537545928001386,0.084045187396258,0.061330271883755845,0.10317982472128245,0.1,0.0,0.627685546875
4,instant01_high,27,6,0.14453297158688425,0.08355812419866745,0.06097484738821679,0.10271326938196775,0.1,0.0,0.626220703125
4,instant01_high,27,7,0.16721951034858712,0.09667377942027693,0.0705457309283102,0.12499536011391443,0.1,0.0,0.617431640625
4,instant01_high,28,4,0.171392232098967,0.09640813055566894,0.07498410154329807,0.12514170884223327,0.1,0.0,0.594482421875
4,instant01_high,28,5,0.14896942482680517,0.08379530146507791,0.06517412336172726,0.10733100754341904,0.1,0.0,0.63134765625
4,instant01_high,28,6,0.14458716013235595,0.08133027757445022,0.06325688255790574,0.10272066171384428,0.1,0.0,0.62890625
4,instant01_high,28,7,0.15763477404524542,0.08866956040045056,0.06896521364479487,0.11650267680061702,0.1,0.0,0.634521484375
4,instant01_high,29,4,0.1671859726789583,0.09142982880880532,0.07575614387015298,0.12171719274290889,0.1,0.0,0.603759765625
4,instant01_high,29,5,0.15029987794392338,0.0821952457505831,0.06810463219334029,0.10923267419871796,0.1,0.0,0.637451171875
4,instant01_high,29,6,0.1442358138230097,0.07887896068445843,0.06535685313855127,0.10227544666966361,0.1,0.0,0.6337890625
4,instant01_high,29,7,0.15096943074206112,0.08256140743706468,0.06840802330499644,0.11149970910348068,0.1,0.0,0.646484375
4,instant01_high,30,4,0.1624976744579615,0.08632688955579206,0.07617078490216946,0.11797987698929457,0.1,0.0,0.61181640625
4,instant01_high,30,5,0.14645728273951425,0.07780543145536695,0.0686518512841473,0.1059201062146038,0.1,0.0,0.643310546875
4,instant01_high,30,6,0.1435902560504765,0.07628232352681565,0.06730793252366087,0.10159565992972257,0.1,0.0,0.6328125
4,instant01_high,30,7,0.14715217796607513,0.07817459454447741,0.06897758342159772,0.10966560114557916,0.1,0.0,0.66162109375
4,instant01_high,31,4,0.1559032424755341,0.08038760940144728,0.07551563307408683,0.11255730036442926,0.1,0.0,0.61962890625
4,instant01_high,31,5,0.13907523556552484,0.07171066833847374,0.0673645672270511,0.09950508258676803,0.1,0.0,0.660400390625
4,instant01_high,31,6,0.14272316576191407,0.07359163234598694,0.06913153341592713,0.10108087312142895,0.1,0.0,0.630859375
4,instant01_high,31,7,0.1437567061037032,0.07412455158472196,0.06963215451898123,0.10858051457878995,0.1,0.0,0.683349609375
4,instant01_high,32,4,0.14818401817273466,0.07409200908636733,0.07409200908636733,0.10599351113715648,0.1,0.0,0.62939453125
4,instant01_high,32,5,0.13234152213871908,0.06617076106935954,0.06617076106935954,0.09407577848646734,0.1,0.0,0.663330078125
4,instant01_high,32,6,0.14155962158811064,0.07077981079405532,0.07077981079405532,0.10047565283800942,0.1,0.0,0.63427734375
4,instant01_high,32,7,0.1398119595754841,0.06990597978774205,0.06990597978774205,0.1071235965209575,0.1,0.0,0.698974609375
4,instant01_high,33,4,0.14108150004814818,0.06833635158582177,0.07274514846232641,0.10011109128740867,0.1,0.0,0.638916015625
4,instant01_high,33,5,0.12692313226630392,0.06147839219149096,0.06544474007481296,0.09013832911508769,0.1,0.0,0.67529296875
4,instant01_high,33,6,0.1400016797053864,0.06781331360729655,0.07218836609808986,0.09929775873096376,0.1,0.0,0.63427734375
4,instant01_high,33,7,0.13549945838021482,0.06563255015291655,0.06986690822729827,0.10521552371054672,0.1,0.0,0.728759765625
4,instant01_high,34,4,0.13500833799931497,0.0632851584371789,0.07172317956213607,0.09528782566229721,0.1,0.0,0.6494140625
4,instant01_high,34,5,0.12283440512088177,0.05757862740041333,0.06525577772046844,0.08742675364180393,0.1,0.0,0.6875
4,instant01_high,34,6,0.1381731984736433,0.06476868678452029,0.073404511689123,0.09787204192289835,0.1,0.0,0.641845703125
4,instant01_high,34,7,0.13150849891519917,0.06164460886649961,0.06986389004869956,0.103248582280745,0.1,0.0,0.745361328125
4,instant01_high,35,4,0.130177924628197,0.05898687209715176,0.07119105253104523,0.09172450308473618,0.1,0.0,0.658935546875
4,instant01_high,35,5,0.11937990339446901,0.05409401872561877,0.06528588466885024,0.0851546033803258,0.1,0.0,0.70068359375
4,instant01_high,35,6,0.13621664568165806,0.06172316757450131,0.07449347810715676,0.09636211060254031,0.1,0.0,0.644287109375
4,instant01_high,35,7,0.12857325478382248,0.05825975607391956,0.07031349870990292,0.10152537510336102,0.1,0.0,0.749755859375
4,instant01_high,36,4,0.1265150088710379,0.05535031638107908,0.07116469248995881,0.08922269755415671,0.1,0.0,0.670654296875
4,instant01_high,36,5,0.11582700897549326,0.050674316426778304,0.06515269254871496,0.08271518932316853,0.1,0.0,0.711181640625
4,instant01_high,36,6,0.1341374233407624,0.05868512271158355,0.07545230062917885,0.09472706694016172,0.1,0.0,0.6494140625
4,instant01_high,36,7,0.12687547538698685,0.055508020481806745,0.0713674549051801,0.1000190591336708,0.1,0.0,0.7509765625
4,instant01_high,37,4,0.12331674573678135,0.05202425210770463,0.07129249362907672,0.08716237763965706,0.1,0.0,0.679931640625
4,instant01_high,37,5,0.11222019226484926,0.047342893611733286,0.06487729865311598,0.08031515063408014,0.1,0.0,0.718017578125
4,instant01_high,37,6,0.13182341505054046,0.055613003224446754,0.0762104118260937,0.0928989705056047,0.1,0.0,0.659423828125
4,instant01_high,37,7,0.12619225225746863,0.05323735642111958,0.07295489583634905,0.09851764214332859,0.1,0.0,0.744140625
4,instant01_high,38,4,0.1193121216617957,0.0484705494251045,0.0708415722366912,0.08444362232116294,0.1,0.0,0.692626953125
4,instant01_high,38,5,0.10877321651024031,0.044189119207285125,0.06458409730295518,0.07804866109813847,0.1,0.0,0.72607421875
4,instant01_high,38,6,0.12893525157207647,0.05237994595115607,0.0765553056209204,0.0904966705715749,0.1,0.0,0.668212890625
4,instant01_high,38,7,0.1263019143914497,0.05131015272152644,0.07499176166992326,0.09752537113834454,0.1,0.0,0.7314453125
4,instant01_high,39,4,0.11479205414073013,0.044840646148722706,0.06995140799200741,0.0813864774094381,0.1,0.0,0.702880859375
4,instant01_high,39,5,0.10563540574447355,0.04126383036893498,0.06437157537553857,0.07600222726670462,0.1,0.0,0.732177734375
4,instant01_high,39,6,0.1255959912441138,0.04906093407973196,0.07653505716438185,0.08778298209115631,0.1,0.0,0.677490234375
4,instant01_high,39,7,0.12692110945626306,0.04957855838135276,0.0773425510749103,0.09705426465101341,0.1,0.0,0.724853515625
4,instant01_high,40,4,0.11039390033419984,0.04139771262532494,0.0689961877088749,0.07866134140205422,0.1,0.0,0.712890625
4,instant01_high,40,5,0.10284877136062923,0.03856828926023596,0.06428048210039326,0.0743169637432631,0.1,0.0,0.7392578125
4,instant01_high,40,6,0.1228067609627136,0.0460525353610176,0.07675422560169601,0.08586836308346266,0.1,0.0,0.68505859375
4,instant01_high,40,7,0.1277297903161458,0.04789867136855468,0.07983111894759114,0.09684534414070309,0.1,0.0,0.72021484375
4,instant01_high,41,4,0.10634211185297997,0.038216696447164675,0.06812541540581529,0.07641432879111597,0.1,0.0,0.724365234375
4,instant01_high,41,5,0.10035010949739193,0.036063320600625226,0.0642867888967667,0.07304765270199656,0.1,0.0,0.7451171875
4,instant01_high,41,6,0.12080644942672618,0.04341481776272972,0.07739163166399646,0.08455396882478183,0.1,0.0,0.6884765625
4,instant01_high,41,7,0.12821437292112978,0.04607704026853102,0.08213733265259876,0.09648522487224571,0.1,0.0,0.710205078125
4,instant01_high,42,4,0.10264881498060602,0.03528553014958332,0.0673632848310227,0.07458841655181093,0.1,0.0,0.739990234375
4,instant01_high,42,5,0.0980994850021866,0.03372169796950164,0.06437778703268496,0.07203733699767406,0.1,0.0,0.750244140625
4,instant01_high,42,6,0.1190182798978654,0.04091253371489123,0.07810574618297417,0.0836360590265825,0.1,0.0,0.697998046875
4,instant01_high,42,7,0.12784411065208273,0.04394641303665344,0.0838976976154293,0.09570192439192779,0.1,0.0,0.708984375
4,instant01_high,43,4,0.09918492529352324,0.03254505361193731,0.06663987168158593,0.07308301721977666,0.1,0.0,0.7509765625
4,instant01_high,43,5,0.0960449219239073,0.031514740006282085,0.06453018191762522,0.07120586128755045,0.1,0.0,0.757080078125
4,instant01_high,43,6,0.11709653927589016,0.038422301949901455,0.0786742373259887,0.08269506317099487,0.1,0.0,0.700439453125
4,instant01_high,43,7,0.12636128753437065,0.041462297472215366,0.08489899006215527,0.09419292080547458,0.1,0.0,0.71337890625
4,instant01_high,44,4,0.0958289745910114,0.029946554559691065,0.06588242003132035,0.07177475088945964,0.1,0.0,0.76123046875
4,instant01_high,44,5,0.09415974554461316,0.029424920482691613,0.06473482506192155,0.0705763830222177,0.1,0.0,0.763916015625
4,instant01_high,44,6,0.11522381152614734,0.03600744110192104,0.0792163704242263,0.08169811202423916,0.1,0.0,0.701416015625
4,instant01_high,44,7,0.12381250770954082,0.038691408659231506,0.08512109905030932,0.09192422392503086,0.1,0.0,0.712158203125
4,instant01_high,45,4,0.09256859648200351,0.02748130208059479,0.06508729440140872,0.0705087366592597,0.1,0.0,0.76904296875
4,instant01_high,45,5,0.09239052159187025,0.02742843609758648,0.06496208549428377,0.06994894502920493,0.1,0.0,0.771240234375
4,instant01_high,45,6,0.11313311570031459,0.033586393723530894,0.0795467219767837,0.08042200515793348,0.1,0.0,0.709228515625
4,instant01_high,45,7,0.12040770993802404,0.035746038887850884,0.08466167105017315,0.08905041288121714,0.1,0.0,0.71728515625
4,instant01_high,46,4,0.08949966655939524,0.025171781219829912,0.06432788533956534,0.0693443242226499,0.1,0.0,0.774169921875
4,instant01_high,46,5,0.09065947621652409,0.0254979776858974,0.0651614985306267,0.0693374211512446,0.1,0.0,0.778564453125
4,instant01_high,46,6,0.11044119016374657,0.03106158473355372,0.07937960543019285,0.07867606349451886,0.1,0.0,0.714111328125
4,instant01_high,46,7,0.11645723981692724,0.032753598698510786,0.08370364111841645,0.08598938456917793,0.1,0.0,0.724853515625
4,instant01_high,47,4,0.08666894967794116,0.02302143975820312,0.06364750991973804,0.06847236460396926,0.1,0.0,0.78515625
4,instant01_high,47,5,0.08893984445541639,0.023624646183469978,0.06531519827194641,0.06885811293279252,0.1,0.0,0.78369140625
4,instant01_high,47,6,0.10793483275371016,0.02867018995020426,0.0792646428035059,0.07713318628138938,0.1,0.0,0.72119140625
4,instant01_high,47,7,0.11215029862805415,0.02978992307307688,0.08236037555497726,0.08267935948466815,0.1,0.0,0.73095703125
8,instant01_high,0,8,0.11885719599341563,0.11885719599341563,0.0,0.08017302156448261,0.1,0.0,0.655029296875
8,instant01_high,0,9,0.11026297399714714,0.11026297399714714,0.0,0.06736385141093386,0.1,0.0,0.6298828125
8,instant01_high,0,10,0.15577216811415842,0.15577216811415842,0.0,0.07988100270365048,0.1,0.0,0.28271484375
8,instant01_high,0,11,0.18657678636685524,0.18657678636685524,0.0,0.12372835879833832,0.1,0.0,0.46826171875
8,instant01_high,1,8,0.14321953566220355,0.14098173041748163,0.0022378052447219305,0.09568904308233009,0.1,0.0,0.60302734375
8,instant01_high,1,9,0.11450834506938046,0.1127191521776714,0.0017891928917090696,0.07002066507622759,0.1,0.0,0.627685546875
8,instant01_high,1,10,0.14669373841177114,0.1444016487490872,0.002292089662683924,0.07802316455371959,0.1,0.0,0.38427734375
8,instant01_high,1,11,0.18273606374204376,0.17988081274607434,0.002855250995969434,0.1255674540755017,0.1,0.0,0.539306640625
8,instant01_high,2,8,0.15922188219024336,0.15424619837179826,0.004975683818445105,0.1048525161051156,0.1,0.0,0.533203125
8,instant01_high,2,9,0.11082320155431948,0.107359976505747,0.0034632250485724836,0.06924172208834499,0.1,0.0,0.65869140625
8,instant01_high,2,10,0.1350953029131095,0.13087357469707483,0.004221728216034672,0.07455831948648492,0.1,0.0,0.486083984375
8,instant01_high,2,11,0.16728612348141278,0.16205843212261864,0.005227691358794149,0.11332404862862648,0.1,0.0,0.566650390625
8,instant01_high,3,8,0.1365159063844941,0.13011672327272095,0.006399183111773161,0.08354919048256462,0.1,0.0,0.548583984375
8,instant01_high,3,9,0.10927779814609727,0.10415540135799896,0.005122396788098309,0.06783526008783822,0.1,0.0,0.66845703125
8,instant01_high,3,10,0.12711294754089075,0.1211545281249115,0.005958419415979254,0.06769720193810935,0.1,0.0,0.48486328125
8,instant01_high,3,11,0.1404949618768733,0.13390926053889488,0.006585701337978436,0.0909457698904231,0.1,0.0,0.591796875
8,instant01_high,4,8,0.1903726894392893,0.17847439634933374,0.011898293089955582,0.1269487569058428,0.1,0.0,0.432373046875
8,instant01_high,4,9,0.12311185800510084,0.11541736687978203,0.0076944911253188026,0.0745320409042495,0.1,0.0,0.587890625
8,instant01_high,4,10,0.13414878922775245,0.1257644899010179,0.008384299326734528,0.07254387632636143,0.1,0.0,0.4677734375
8,instant01_high,4,11,0.11246368569567272,0.10543470533969318,0.007028980355979545,0.07203744658816068,0.1,0.0,0.639892578125
8,instant01_high,5,8,0.2274480122836181,0.20967863632396044,0.017769375959657663,0.1618951447048783,0.1,0.0,0.368408203125
8,instant01_high,5,9,0.14734042957796703,0.13582945851718836,0.011510971060778674,0.09368181365621334,0.1,0.0,0.533935546875
8,instant01_high,5,10,0.15942209422393022,0.14696724311268566,0.012454851111244548,0.09965467271176778,0.1,0.0,0.451904296875
8,instant01_high,5,11,0.09021160494265935,0.08316382330651409,0.007047781636145262,0.06315287454463984,0.1,0.0,0.699951171875
8,instant01_high,6,8,0.30707521262775994,0.27828691144390744,0.028788301183852495,0.2461911217136483,0.1,0.0,0.3525390625
8,instant01_high,6,9,0.18088286769866588,0.16392509885191595,0.016957768846749925,0.12446507794482846,0.1,0.0,0.485595703125
8,instant01_high,6,10,0.17418029260417042,0.15785089017252946,0.016329402431640976,0.11769782272084904,0.1,0.0,0.470703125
8,instant01_high,6,11,0.07498405911566343,0.06795430357356998,0.007029755542093447,0.06130881326601468,0.1,0.0,0.78564453125
8,instant01_high,7,8,0.34496508804437104,0.30723453153951796,0.03773055650485308,0.2858666807554606,0.1,0.0,0.337646484375
8,instant01_high,7,9,0.21504263685524452,0.19152234844920216,0.02352028840604237,0.15538948991996315,0.1,0.0,0.441162109375
8,instant01_high,7,10,0.1573632629465804,0.14015165606179816,0.01721160688478223,0.10745023212085515,0.1,0.0,0.54345703125
8,instant01_high,7,11,0.0653676747144424,0.05821808529255026,0.007149589421892137,0.06208875490382328,0.1,0.0,0.871826171875
8,instant01_high,8,8,0.28841474453023447,0.2523629014639552,0.03605184306627931,0.22988186820442238,0.1,0.0,0.370849609375
8,instant01_high,8,9,0.27583224431389997,0.24135321377466246,0.034479030539237496,0.21132208749189116,0.1,0.0,0.368408203125
8,instant01_high,8,10,0.1183140549102249,0.10352479804644679,0.014789256863778112,0.07510227523509276,0.1,0.0,0.6318359375
8,instant01_high,8,11,0.05972693582231936,0.05226106884452944,0.00746586697778992,0.06322243998996821,0.1,0.0,0.908203125
8,instant01_high,9,8,0.2574290231064636,0.22122806673211715,0.03620095637434644,0.1986494432762037,0.1,0.0,0.383056640625
8,instant01_high,9,9,0.32351988995967224,0.2780249054340933,0.04549498452557891,0.2568822335513484,0.1,0.0,0.309326171875
8,instant01_high,9,10,0.11499888231298096,0.09882716448771801,0.016171717825262947,0.07212062213301844,0.1,0.0,0.62451171875
8,instant01_high,9,11,0.05684036408342929,0.04884718788419704,0.007993176199232243,0.06405424877892443,0.1,0.0,0.92578125
8,instant01_high,10,8,0.23357657528000705,0.19708023539250596,0.0364963398875011,0.17435891348794633,0.1,0.0,0.402587890625
8,instant01_high,10,9,0.23221875587994875,0.19593457527370675,0.03628418060624199,0.17002523686191315,0.1,0.0,0.381591796875
8,instant01_high,10,10,0.13642650093136802,0.11510986016084176,0.02131664077052625,0.08843916380323771,0.1,0.0,0.578857421875
8,instant01_high,10,11,0.05586760054257155,0.04713828795779474,0.008729312584776805,0.064601531870105,0.1,0.0,0.93115234375
8,instant01_high,11,8,0.2222995455673396,0.18409181117295312,0.038207734394386496,0.1632683983318243,0.1,0.0,0.409423828125
8,instant01_high,11,9,0.22442952949000344,0.18585570410890911,0.03857382538109434,0.16427377231797777,0.1,0.0,0.42041015625
8,instant01_high,11,10,0.15394758319073032,0.12748784232982355,0.026459740860906772,0.10307472661446451,0.1,0.0,0.550537109375
8,instant01_high,11,11,0.056219800453919805,0.04655702225090234,0.009662778203017466,0.06516969448238198,0.1,0.0,0.92578125
8,instant01_high,12,8,0.21469787825348666,0.1744420260809579,0.04025585217252875,0.15624675183706965,0.1,0.0,0.417724609375
8,instant01_high,12,9,0.21868438462561876,0.17768106250831525,0.041003322117303516,0.16019472442974028,0.1,0.0,0.442138671875
8,instant01_high,12,10,0.1556511079029727,0.12646652517116533,0.029184582731807383,0.10415947519540406,0.1,0.0,0.551025390625
8,instant01_high,12,11,0.05758770546476622,0.046790010690122556,0.010797694774643667,0.06570838366166783,0.1,0.0,0.920166015625
8,instant01_high,13,8,0.2077416769704805,0.16554414883585164,0.04219752813462885,0.15093295883437985,0.1,0.0,0.44873046875
8,instant01_high,13,9,0.21151600123418268,0.16855181348348933,0.042964187750693356,0.15403825274579042,0.1,0.0,0.4501953125
8,instant01_high,13,10,0.14969624505415358,0.11928919527752863,0.030407049776624943,0.09846134735492681,0.1,0.0,0.555419921875
8,instant01_high,13,11,0.060309899095771335,0.04805945084194278,0.012250448253828553,0.06589388067854293,0.1,0.0,0.90771484375
8,instant01_high,14,8,0.20071497226001006,0.15680857207813287,0.0439064001818772,0.14586623447765432,0.1,0.0,0.478759765625
8,instant01_high,14,9,0.20479549068497027,0.15999647709763304,0.04479901358733725,0.1479018851583575,0.1,0.0,0.465087890625
8,instant01_high,14,10,0.14261252152299891,0.1114160324398429,0.03119648908315601,0.09275092214467387,0.1,0.0,0.56884765625
8,instant01_high,14,11,0.06556603026403456,0.051223461143776995,0.014342569120257559,0.06546815479934046,0.1,0.0,0.88818359375
8,instant01_high,15,8,0.19630476485266568,0.15029583559032217,0.04600892926234352,0.143461000969793,0.1,0.0,0.505859375
8,instant01_high,15,9,0.2000223481041347,0.15314211026722813,0.04688023783690657,0.1437469117101514,0.1,0.0,0.47607421875
8,instant01_high,15,10,0.13491907651870988,0.10329741795963725,0.031621658559072625,0.08757627504304352,0.1,0.0,0.599609375
8,instant01_high,15,11,0.07518790647243692,0.057565740892959516,0.017622165579477402,0.06472587526636431,0.1,0.0,0.8515625
8,instant01_high,16,8,0.19445465239500953,0.14584098929625716,0.04861366309875238,0.14325464948030375,0.1,0.0,0.516845703125
8,instant01_high,16,9,0.19711341946778835,0.14783506460084125,0.04927835486694709,0.14158434183325821,0.1,0.0,0.478759765625
8,instant01_high,16,10,0.12748908347701282,0.09561681260775962,0.031872270869253205,0.08284700974033782,0.1,0.0,0.61865234375
8,instant01_high,16,11,0.08934464072359666,0.0670084805426975,0.022336160180899164,0.0663605834291052,0.1,0.0,0.78271484375
8,instant01_high,17,8,0.1905295479566201,0.13992013678064288,0.05060941117597722,0.14010707116802745,0.1,0.0,0.519287109375
8,instant01_high,17,9,0.1961723759696354,0.144064088602701,0.0521082873669344,0.1413513318864154,0.1,0.0,0.486328125
8,instant01_high,17,10,0.12329743641110849,0.0905465548644078,0.032750881546700694,0.07986095820187142,0.1,0.0,0.623046875
8,instant01_high,17,11,0.10222616207048305,0.07507233777051099,0.027153824299972058,0.06948343665884445,0.1,0.0,0.72607421875
8,instant01_high,18,8,0.18354535706260514,0.13192322538874743,0.051622131673857694,0.13309356904433586,0.1,0.0,0.526123046875
8,instant01_high,18,9,0.19643129755902095,0.1411849951205463,0.05524630243847464,0.1425091625789167,0.1,0.0,0.492919921875
8,instant01_high,18,10,0.12549863901482192,0.09020214679190325,0.03529649222291866,0.08054373602477301,0.1,0.0,0.611328125
8,instant01_high,18,11,0.10981536605387913,0.07892979435122563,0.030885571702653505,0.07247707534986413,0.1,0.0,0.6865234375
8,instant01_high,19,8,0.17794725234052208,0.12511916180192958,0.05282809053859249,0.12773645715346502,0.1,0.0,0.5341796875
8,instant01_high,19,9,0.19643609582498595,0.13811912987694325,0.058316965948042705,0.1428580132980239,0.1,0.0,0.498291015625
8,instant01_high,19,10,0.13539104166075588,0.09519682616771898,0.0401942154930369,0.08820056474991991,0.1,0.0,0.587890625
8,instant01_high,19,11,0.11237142216373609,0.07901115620887694,0.03336026595485915,0.07366751059880988,0.1,0.0,0.67919921875
8,instant01_high,20,8,0.1741941235323078,0.1197584599284616,0.054435663603846184,0.12449341049593947,0.1,0.0,0.540283203125
8,instant01_high,20,9,0.19483594610273763,0.13394971294563213,0.06088623315710551,0.14136091757108715,0.1,0.0,0.49365234375
8,instant01_high,20,10,0.14524688402018887,0.09985723276387985,0.04538965125630902,0.09674736095521293,0.1,0.0,0.56494140625
8,instant01_high,20,11,0.11202841181350959,0.07701953312178784,0.03500887869172174,0.07343744901459083,0.1,0.0,0.6787109375
8,instant01_high,21,8,0.17143454731432092,0.11518258647680937,0.05625196083751155,0.12207476803245698,0.1,0.0,0.5478515625
8,instant01_high,21,9,0.19162028461121622,0.1287448787231609,0.06287540588805532,0.1380824901185454,0.1,0.0,0.4970703125
8,instant01_high,21,10,0.14707706674241433,0.09881740421755963,0.0482596625248547,0.09773977106012416,0.1,0.0,0.55322265625
8,instant01_high,21,11,0.11175915984452486,0.07508818552054014,0.03667097432398472,0.07296929721144378,0.1,0.0,0.674560546875
8,instant01_high,22,8,0.167900388767792,0.11018463012886351,0.0577157586389285,0.11868801219599397,0.1,0.0,0.558837890625
8,instant01_high,22,9,0.18755327645763203,0.12308183767532102,0.06447143878231101,0.13391222577540143,0.1,0.0,0.49560546875
8,instant01_high,22,10,0.14547221233711538,0.09546613934623197,0.050006072990883416,0.09588755966193588,0.1,0.0,0.557373046875
8,instant01_high,22,11,0.11398709528727806,0.07480403128227622,0.039183064005001836,0.07448468672490181,0.1,0.0,0.66943359375
8,instant01_high,23,8,0.163071847372467,0.10446790222298667,0.05860394514948033,0.11405765123236511,0.1,0.0,0.56005859375
8,instant01_high,23,9,0.1843938334101019,0.11812729952834654,0.06626653388175537,0.13081382772396183,0.1,0.0,0.502197265625
8,instant01_high,23,10,0.14448651554473413,0.09256167402084531,0.05192484152388883,0.09557662375551533,0.1,0.0,0.56591796875
8,instant01_high,23,11,0.11830770394496498,0.07579087283974319,0.04251683110522179,0.07762839978317992,0.1,0.0,0.6513671875
8,instant01_high,24,8,0.15907277863822103,0.09942048664888814,0.05965229198933289,0.11047321835830207,0.1,0.0,0.56787109375
8,instant01_high,24,9,0.18266274721499878,0.11416421700937424,0.06849853020562455,0.1292823162652559,0.1,0.0,0.50439453125
8,instant01_high,24,10,0.1439952159017859,0.08999700993861619,0.05399820596316972,0.09641717496622,0.1,0.0,0.578125
8,instant01_high,24,11,0.12264367435084252,0.07665229646927657,0.045991377881565945,0.0813055170308072,0.1,0.0,0.64892578125
8,instant01_high,25,8,0.15680472119925531,0.0955528769807962,0.061251844218459105,0.10855580707960628,0.1,0.0,0.570556640625
8,instant01_high,25,9,0.18260863867440905,0.11127713919221802,0.07133149948219103,0.12904993995326797,0.1,0.0,0.506591796875
8,instant01_high,25,10,0.14308377352575546,0.08719167449225723,0.055892099033498226,0.09699833456572028,0.1,0.0,0.5966796875
8,instant01_high,25,11,0.125700099139331,0.07659849791302983,0.049101601226301174,0.08425377059276855,0.1,0.0,0.641845703125
8,instant01_high,26,8,0.15469262795942162,0.09184874785090659,0.06284388010851504,0.10710869826335534,0.1,0.0,0.5810546875
8,instant01_high,26,9,0.18315420700806068,0.10874781041103602,0.07440639659702465,0.12920493389860996,0.1,0.0,0.5048828125
8,instant01_high,26,10,0.14210603662825486,0.08437545924802632,0.057730577380228534,0.09768432557927176,0.1,0.0,0.610107421875
8,instant01_high,26,11,0.12838946516311328,0.0762312449405985,0.05215822022251477,0.08708306080183072,0.1,0.0,0.6376953125
8,instant01_high,27,8,0.15248085487951699,0.08815299422722075,0.06432786065229623,0.10561412512475067,0.1,0.0,0.58837890625
8,instant01_high,27,9,0.17954142241746043,0.10379738483509432,0.07574403758236611,0.1256301314892572,0.1,0.0,0.501220703125
8,instant01_high,27,10,0.14177112969911893,0.08196143435730313,0.059809695341815794,0.09856792963484515,0.1,0.0,0.621337890625
8,instant01_high,27,11,0.13219336582203145,0.07642428961586194,0.05576907620616952,0.09019198421007531,0.1,0.0,0.63623046875
8,instant01_high,28,8,0.14913413250811877,0.08388794953581681,0.06524618297230196,0.10327951791354216,0.1,0.0,0.59130859375
8,instant01_high,28,9,0.17319011234376885,0.09741943819336998,0.07577067415039887,0.11982634598578981,0.1,0.0,0.509033203125
8,instant01_high,28,10,0.14288341632136234,0.08037192168076632,0.06251149464059602,0.10035848025800301,0.1,0.0,0.6259765625
8,instant01_high,28,11,0.1403843695771672,0.07896620788715655,0.06141816169001066,0.09653716717634037,0.1,0.0,0.61962890625
8,instant01_high,29,8,0.1435548765134272,0.07850657309328049,0.0650483034201467,0.09921528123034276,0.1,0.0,0.610595703125
8,instant01_high,29,9,0.16768052968908378,0.0917002896737177,0.07598024001536609,0.11503250033091372,0.1,0.0,0.524169921875
8,instant01_high,29,10,0.14593471099399882,0.07980804507484311,0.06612666591915571,0.10316889961351347,0.1,0.0,0.618408203125
8,instant01_high,29,11,0.14912137506608286,0.08155075198926406,0.0675706230768188,0.10357812506249028,0.1,0.0,0.601318359375
8,instant01_high,30,8,0.13775406672115276,0.0731818479456124,0.06457221877554035,0.09465008673465354,0.1,0.0,0.62646484375
8,instant01_high,30,9,0.16294240605945967,0.08656315321908795,0.07637925284037173,0.11136735835175866,0.1,0.0,0.541259765625
8,instant01_high,30,10,0.14973942887456185,0.07954907158961098,0.07019035728495086,0.1066322306659829,0.1,0.0,0.616455078125
8,instant01_high,30,11,0.14306563949054746,0.07600362097935334,0.06706201851119412,0.09883705631844523,0.1,0.0,0.61181640625
8,instant01_high,31,8,0.1332402444311585,0.06870200103481611,0.0645382433963424,0.09119171180115519,0.1,0.0,0.634521484375
8,instant01_high,31,9,0.1588433190805542,0.08190358640091076,0.07693973267964345,0.1080478627573675,0.1,0.0,0.550048828125
8,instant01_high,31,10,0.1503689754642688,0.0775340029737636,0.0728349724905052,0.10731726079464671,0.1,0.0,0.61962890625
8,instant01_high,31,11,0.13729978861755648,0.07079520350592756,0.06650458511162892,0.09501001475777907,0.1,0.0,0.631103515625
8,instant01_high,32,8,0.12992121087233893,0.06496060543616947,0.06496060543616947,0.08893982891303047,0.1,0.0,0.646240234375
8,instant01_high,32,9,0.15415433854857227,0.07707716927428614,0.07707716927428614,0.1045556806989395,0.1,0.0,0.558349609375
8,instant01_high,32,10,0.1460622135204787,0.07303110676023936,0.07303110676023936,0.10427106682570669,0.1,0.0,0.624267578125
8,instant01_high,32,11,0.13548864808206082,0.06774432404103041,0.06774432404103041,0.09548103373967143,0.1,0.0,0.64501953125
8,instant01_high,33,8,0.12767931272950775,0.061844667103355316,0.06583464562615243,0.08789203910614325,0.1,0.0,0.650390625
8,instant01_high,33,9,0.14874589275838015,0.07204879180484039,0.07669710095353977,0.10062516908512745,0.1,0.0,0.574462890625
8,instant01_high,33,10,0.1393306656310275,0.06748829116502894,0.07184237446599856,0.10022399998551065,0.1,0.0,0.644287109375
8,instant01_high,33,11,0.13482667628824152,0.06530667132711698,0.06952000496112454,0.09671066798770445,0.1,0.0,0.658203125
8,instant01_high,34,8,0.12653052450213256,0.059311183360374636,0.06721934114175793,0.08777273059348024,0.1,0.0,0.660400390625
8,instant01_high,34,9,0.14415168429929723,0.06757110201529558,0.07658058228400165,0.09749953873406719,0.1,0.0,0.592041015625
8,instant01_high,34,10,0.13387888533359554,0.06275572750012291,0.07112315783347263,0.09681363330374622,0.1,0.0,0.660400390625
8,instant01_high,34,11,0.12951377311173307,0.060709581146124875,0.06880419196560819,0.09278116847645534,0.1,0.0,0.678466796875
8,instant01_high,35,8,0.12606827854130168,0.05712468871402732,0.06894358982727436,0.08842495401915398,0.1,0.0,0.666259765625
8,instant01_high,35,9,0.14141009330571663,0.06407644852915285,0.07733364477656378,0.09590781698304361,0.1,0.0,0.608154296875
8,instant01_high,35,10,0.13037988392182406,0.05907838490207653,0.07130149901974754,0.09460665622942911,0.1,0.0,0.6748046875
8,instant01_high,35,11,0.12114768993366502,0.054895047001191966,0.06625264293247306,0.0852616929583832,0.1,0.0,0.68310546875
8,instant01_high,36,8,0.1252873345947026,0.05481320888518239,0.0704741257095202,0.08882484744055724,0.1,0.0,0.67626953125
8,instant01_high,36,9,0.13906429752113783,0.0608406301654978,0.07822366735564003,0.094644186365124,0.1,0.0,0.6171875
8,instant01_high,36,10,0.12743277062014585,0.05575183714631381,0.07168093347383205,0.09273837932742411,0.1,0.0,0.681884765625
8,instant01_high,36,11,0.11851781626859433,0.051851544617510015,0.06666627165108431,0.08372337833674945,0.1,0.0,0.6884765625
8,instant01_high,37,8,0.12279752203503885,0.05180520460853202,0.07099231742650684,0.08740925811018223,0.1,0.0,0.688720703125
8,instant01_high,37,9,0.13649074182739493,0.057582031708432235,0.0789087101189627,0.09298036856357046,0.1,0.0,0.6240234375
8,instant01_high,37,10,0.12423514904208498,0.0524117035021296,0.07182344553995537,0.09067633774810384,0.1,0.0,0.689453125
8,instant01_high,37,11,0.11787896636952837,0.04973018893714478,0.06814877743238358,0.0835204119023654,0.1,0.0,0.696044921875
8,instant01_high,38,8,0.11800487290499256,0.04793947961765323,0.07006539328733934,0.08379143975608197,0.1,0.0,0.697509765625
8,instant01_high,38,9,0.13352333392030735,0.05424385440512486,0.0792794795151825,0.09049878587929128,0.1,0.0,0.629150390625
8,instant01_high,38,10,0.12099824728378475,0.04915553795903756,0.07184270932474719,0.08823383551772845,0.1,0.0,0.697265625
8,instant01_high,38,11,0.11726472653624864,0.04763879515535101,0.06962593138089763,0.0835613011736586,0.1,0.0,0.701904296875
8,instant01_high,39,8,0.11197518367870735,0.04374030612449506,0.06823487755421229,0.07892441247879432,0.1,0.0,0.708251953125
8,instant01_high,39,9,0.1303036374356391,0.050899858373296525,0.07940377906234258,0.0874734746417438,0.1,0.0,0.632080078125
8,instant01_high,39,10,0.11799979244634161,0.04609366892435219,0.07190612352198941,0.08571427373111941,0.1,0.0,0.707763671875
8,instant01_high,39,11,0.1170590575386561,0.04572619435103754,0.07133286318761856,0.08368413776325545,0.1,0.0,0.711181640625
8,instant01_high,40,8,0.10617728619052007,0.039816482321445024,0.06636080386907504,0.07447137344527444,0.1,0.0,0.719482421875
8,instant01_high,40,9,0.1274521123123117,0.047794542117116895,0.07965757019519482,0.08494653512921883,0.1,0.0,0.63134765625
8,instant01_high,40,10,0.11544990127523579,0.04329371297821342,0.07215618829702236,0.08353336397242325,0.1,0.0,0.711181640625
8,instant01_high,40,11,0.11648017211151794,0.043680064541819226,0.07280010756969871,0.08356803803150575,0.1,0.0,0.719970703125
8,instant01_high,41,8,0.10125738775910224,0.03638937372592737,0.06486801403317488,0.0710686141640061,0.1,0.0,0.731689453125
8,instant01_high,41,9,0.12445139167375287,0.044724718882754935,0.07972667279099793,0.08255791699302295,0.1,0.0,0.63720703125
8,instant01_high,41,10,0.11312653784898,0.040654849539477185,0.0724716883095028,0.0816341261070216,0.1,0.0,0.71875
8,instant01_high,41,11,0.11511530740841933,0.0413695635999007,0.07374574380851863,0.08295829075658046,0.1,0.0,0.722412109375
8,instant01_high,42,8,0.09727977149265263,0.03343992145059934,0.06383985004205328,0.06858867573847528,0.1,0.0,0.7392578125
8,instant01_high,42,9,0.12133273938070128,0.04170812916211607,0.07962461021858522,0.08025771545309099,0.1,0.0,0.644775390625
8,instant01_high,42,10,0.11098047500440186,0.03814953828276314,0.07283093672163872,0.07994278052756688,0.1,0.0,0.7197265625
8,instant01_high,42,11,0.11399888488279605,0.03918711667846114,0.07481176820433491,0.08266893411903027,0.1,0.0,0.728759765625
8,instant01_high,43,8,0.09408669023644342,0.030872195233832996,0.06321449500261042,0.06683894780113303,0.1,0.0,0.75048828125
8,instant01_high,43,9,0.11853792308071709,0.038895256010860295,0.07964266706985679,0.0783422784976012,0.1,0.0,0.658935546875
8,instant01_high,43,10,0.10908445022218419,0.035793335229154184,0.07329111499303,0.07830113760679744,0.1,0.0,0.72314453125
8,instant01_high,43,11,0.11309724476568131,0.03711003343873918,0.07598721132694213,0.08253568570363197,0.1,0.0,0.733642578125
8,instant01_high,44,8,0.09150184764725118,0.028594327389765993,0.06290752025748518,0.06574361092276022,0.1,0.0,0.759033203125
8,instant01_high,44,9,0.1161327128964637,0.036291472780144905,0.0798412401163188,0.07671073551148375,0.1,0.0,0.6640625
8,instant01_high,44,10,0.10734887201274528,0.0335465225039829,0.07380234950876238,0.0768073569107018,0.1,0.0,0.7314453125
8,instant01_high,44,11,0.11197537855283095,0.03499230579775967,0.07698307275507128,0.08222048513719402,0.1,0.0,0.73583984375
8,instant01_high,45,8,0.08937679831663267,0.026533737000250326,0.06284306131638234,0.06498280893915655,0.1,0.0,0.76708984375
8,instant01_high,45,9,0.1137734477953577,0.033776492314246814,0.07999695548111088,0.07516250382749116,0.1,0.0,0.670166015625
8,instant01_high,45,10,0.105494277200606,0.03131861354392991,0.07417566365667609,0.07490740571638098,0.1,0.0,0.728271484375
8,instant01_high,45,11,0.1104113024837429,0.03277835542486117,0.07763294705888173,0.0815353834651701,0.1,0.0,0.742431640625
8,instant01_high,46,8,0.08757566238663131,0.024630655046240055,0.06294500734039125,0.06429825723394461,0.1,0.0,0.770263671875
8,instant01_high,46,9,0.11133649184528463,0.0313133883314863,0.08002310351379832,0.07378427290252845,0.1,0.0,0.68115234375
8,instant01_high,46,10,0.10330247285037249,0.029053820489167263,0.07424865236120523,0.07273233159431382,0.1,0.0,0.728271484375
8,instant01_high,46,11,0.10831713710218586,0.030464194809989773,0.0778529422921961,0.08037824284470162,0.1,0.0,0.744873046875
8,instant01_high,47,8,0.0859790708089846,0.022838190683636538,0.06314088012534808,0.06365457955333807,0.1,0.0,0.7744140625
8,instant01_high,47,9,0.10886421987243268,0.028917058403614932,0.07994716146881775,0.07247817474242223,0.1,0.0,0.6904296875
8,instant01_high,47,10,0.1007805852378593,0.026769842953806376,0.07401074228405292,0.07044107995514289,0.1,0.0,0.7265625
8,instant01_high,47,11,0.10566191293955028,0.028066445624568042,0.07759546731498224,0.0788647225425835,0.1,0.0,0.75634765625
12,instant01_high,0,12,0.0741066329688582,0.0741066329688582,0.0,0.05431061128964723,0.1,0.0,0.80322265625
12,instant01_high,0,13,0.10990619967190085,0.10990619967190085,0.0,0.05869876736901039,0.1,0.0,0.52490234375
12,instant01_high,0,14,0.12802481379007333,0.12802481379007333,0.0,0.0739628993635661,0.1,0.0,0.5654296875
12,instant01_high,0,15,0.15798208445730022,0.15798208445730022,0.0,0.09870071531758161,0.1,0.0,0.5419921875
12,instant01_high,1,12,0.09153560066337911,0.09010535690301381,0.0014302437603652986,0.055445117624598195,0.1,0.0,0.661865234375
12,instant01_high,1,13,0.11985094149436148,0.11797827053351209,0.0018726709608493982,0.06234504732920168,0.1,0.0,0.474609375
12,instant01_high,1,14,0.11607025311459993,0.1142566554096843,0.0018135977049156238,0.06639004652235266,0.1,0.0,0.628662109375
12,instant01_high,1,15,0.1523395109168171,0.14995920605874183,0.0023803048580752673,0.08959806557589427,0.1,0.0,0.4970703125
12,instant01_high,2,12,0.10252739879437703,0.09932341758205275,0.003203981212324282,0.05309740480521655,0.1,0.0,0.587646484375
12,instant01_high,2,13,0.12171120581685248,0.11790773063507584,0.00380347518177664,0.05517897500148133,0.1,0.0,0.4365234375
12,instant01_high,2,14,0.1070999376126574,0.10375306456226185,0.003346873050395544,0.06072709042192923,0.1,0.0,0.65380859375
12,instant01_high,2,15,0.14168380245815457,0.13725618363133724,0.00442761882681733,0.0720342594678167,0.1,0.0,0.4296875
12,instant01_high,3,12,0.10409384986870428,0.09921445065610876,0.004879399212595513,0.051321105092846826,0.1,0.0,0.54736328125
12,instant01_high,3,13,0.11640704247817689,0.11095046236201235,0.0054565801161645415,0.050453284403856054,0.1,0.0,0.46875
12,instant01_high,3,14,0.1034397997898366,0.09859105917468801,0.004848740615148591,0.05722131457860614,0.1,0.0,0.65234375
12,instant01_high,3,15,0.13001815774982572,0.12392355660530265,0.006094601144523081,0.056639972326384756,0.1,0.0,0.354736328125
12,instant01_high,4,12,0.10244201514686642,0.09603938920018727,0.006402625946679151,0.05323463532831598,0.1,0.0,0.6201171875
12,instant01_high,4,13,0.10982656696481793,0.10296240652951681,0.006864160435301121,0.052754474267923,0.1,0.0,0.5234375
12,instant01_high,4,14,0.10356642406819952,0.09709352256393705,0.00647290150426247,0.055195994374421825,0.1,0.0,0.63427734375
12,instant01_high,4,15,0.12270179388647942,0.11503293176857446,0.007668862117904964,0.05570148462584884,0.1,0.0,0.43408203125
12,instant01_high,5,12,0.10115785703775323,0.09325489945667877,0.007902957581074472,0.05824453937476162,0.1,0.0,0.6650390625
12,instant01_high,5,13,0.10616761281205803,0.09787326806111599,0.008294344750942033,0.058029198276541225,0.1,0.0,0.592041015625
12,instant01_high,5,14,0.10485453844390315,0.09666277762797322,0.008191760815929934,0.05450365601218147,0.1,0.0,0.605224609375
12,instant01_high,5,15,0.1427839442145494,0.13162894857278773,0.011154995641761672,0.0814621382018961,0.1,0.0,0.4599609375
12,instant01_high,6,12,0.09979400776361967,0.09043831953578033,0.009355688227839344,0.06430904666842352,0.1,0.0,0.65869140625
12,instant01_high,6,13,0.12332450328762484,0.11176283110441002,0.011561672183214829,0.07345020761683763,0.1,0.0,0.58154296875
12,instant01_high,6,14,0.10620135984432147,0.09624498235891633,0.009956377485405139,0.055096167166002755,0.1,0.0,0.59326171875
12,instant01_high,6,15,0.1954913518375634,0.1771640376027918,0.018327314234771568,0.130094084891167,0.1,0.0,0.399658203125
12,instant01_high,7,12,0.09969159114149759,0.08878782336039628,0.010903767781101298,0.06592994561741779,0.1,0.0,0.669677734375
12,instant01_high,7,13,0.19957022168396044,0.17774222868727726,0.02182799299668317,0.12950628202455375,0.1,0.0,0.339599609375
12,instant01_high,7,14,0.10739570714712018,0.09564930167790392,0.01174640546921627,0.056437718750603605,0.1,0.0,0.586181640625
12,instant01_high,7,15,0.20990543049852864,0.18694702403775207,0.02295840646077657,0.14638709225725985,0.1,0.0,0.409912109375
12,instant01_high,8,12,0.10348934604948615,0.09055317779330038,0.012936168256185768,0.06248336777538364,0.1,0.0,0.656005859375
12,instant01_high,8,13,0.442189590695693,0.3869158918587314,0.05527369883696163,0.3617556714997649,0.09999999999999999,0.0,0.145263671875
12,instant01_high,8,14,0.10766706912969784,0.09420868548848561,0.01345838364121223,0.05820598819854797,0.1,0.0,0.588134765625
12,instant01_high,8,15,0.1979430698713428,0.17320018613742494,0.02474288373391785,0.13680336776338287,0.1,0.0,0.427490234375
12,instant01_high,9,12,0.10961037573263425,0.09419641664523257,0.015413959087401691,0.06207720149629557,0.1,0.0,0.618408203125
12,instant01_high,9,13,0.6057255454993884,0.5205453906635369,0.0851801548358515,0.52331146182977,0.09999999999999999,0.0,0.101806640625
12,instant01_high,9,14,0.1062153360805052,0.09127880444418415,0.014936531636321042,0.060356537535629966,0.1,0.0,0.61572265625
12,instant01_high,9,15,0.1892665835676714,0.1626509702534676,0.02661561331420379,0.12727408424973166,0.1,0.0,0.41455078125
12,instant01_high,10,12,0.1150572829060675,0.09707958245199445,0.017977700454073046,0.06508336024532431,0.1,0.0,0.595458984375
12,instant01_high,10,13,0.31144131174118295,0.2627786067816231,0.048662704959559835,0.2403831268086515,0.1,0.0,0.2470703125
12,instant01_high,10,14,0.10283422255257876,0.08676637527873833,0.016067847273840433,0.06274416245341029,0.1,0.0,0.6669921875
12,instant01_high,10,15,0.1891583422026304,0.1596023512334694,0.029555990969161,0.12647038005356565,0.1,0.0,0.400146484375
12,instant01_high,11,12,0.11853108652070371,0.09815855602495777,0.02037253049574595,0.06878958631924663,0.1,0.0,0.5966796875
12,instant01_high,11,13,0.19058163224529243,0.15782541420313279,0.032756218042159634,0.13070034398598646,0.1,0.0,0.43310546875
12,instant01_high,11,14,0.09745343385194324,0.0807036249086405,0.016749808943302746,0.0656880773500362,0.1,0.0,0.723388671875
12,instant01_high,11,15,0.1979463676762738,0.16392433573191423,0.03402203194435956,0.13746569487978372,0.1,0.0,0.3974609375
12,instant01_high,12,12,0.12098424932294273,0.09829970257489097,0.022684546748051763,0.07240223840123595,0.1,0.0,0.603515625
12,instant01_high,12,13,0.1551154897320226,0.12603133540726835,0.02908415432475424,0.10177929657225783,0.1,0.0,0.51806640625
12,instant01_high,12,14,0.10145016991736763,0.0824282630578612,0.01902190685950643,0.07342890990692182,0.1,0.0,0.739990234375
12,instant01_high,12,15,0.2031186205333441,0.16503387918334209,0.03808474135000202,0.14454831897745782,0.1,0.0,0.39697265625
12,instant01_high,13,12,0.12328501062376673,0.09824274284081412,0.02504226778295262,0.07617038186400954,0.1,0.0,0.614990234375
12,instant01_high,13,13,0.13117317492228264,0.10452862376619398,0.026644551156088662,0.08247795485574777,0.1,0.0,0.5791015625
12,instant01_high,13,14,0.11954234497618509,0.09526030615289749,0.024282038823287597,0.08751334598726593,0.1,0.0,0.707763671875
12,instant01_high,13,15,0.18880866745895344,0.15045690688135352,0.03835176057759992,0.1273085005354704,0.1,0.0,0.400390625
12,instant01_high,14,12,0.12533195830239746,0.09791559242374802,0.027416365878649443,0.07984259446720605,0.1,0.0,0.62158203125
12,instant01_high,14,13,0.12407447762210161,0.09693318564226688,0.027141291979834725,0.07815448238450028,0.1,0.0,0.603271484375
12,instant01_high,14,14,0.13560354370214386,0.10594026851729989,0.02966327518484397,0.09936473747377493,0.1,0.0,0.68359375
12,instant01_high,14,15,0.1809948980564512,0.1414022641066025,0.0395926339498487,0.12032136408739896,0.1,0.0,0.418212890625
12,instant01_high,15,12,0.1277725541438863,0.09782586176641295,0.02994669237747335,0.08321746227353108,0.1,0.0,0.62744140625
12,instant01_high,15,13,0.1227188786963839,0.09395664150191892,0.028762237194464975,0.07816017463832553,0.1,0.0,0.616455078125
12,instant01_high,15,14,0.14469482884856846,0.11078197833718523,0.033912850511383236,0.10522288739516801,0.1,0.0,0.655517578125
12,instant01_high,15,15,0.17920167551692945,0.1372012828176491,0.04200039269928034,0.11994663345123886,0.1,0.0,0.43310546875
12,instant01_high,16,12,0.13233639655401488,0.09925229741551117,0.03308409913850372,0.08708321778715529,0.1,0.0,0.61962890625
12,instant01_high,16,13,0.12409277229507144,0.09306957922130359,0.03102319307376786,0.08020692534237768,0.1,0.0,0.6279296875
12,instant01_high,16,14,0.15105184060341445,0.11328888045256083,0.03776296015085361,0.10976938742555399,0.1,0.0,0.63427734375
12,instant01_high,16,15,0.17795212403243388,0.1334640930243254,0.04448803100810847,0.11949102006008552,0.1,0.0,0.429443359375
12,instant01_high,17,12,0.13967877448027927,0.10257660000895509,0.03710217447132418,0.09277767653428472,0.1,0.0,0.599609375
12,instant01_high,17,13,0.12575467281297736,0.09235108784703025,0.033403584965947114,0.08252957466476037,0.1,0.0,0.62841796875
12,instant01_high,17,14,0.15338446866635416,0.11264171917685384,0.040742749489500324,0.11120696193272457,0.1,0.0,0.629638671875
12,instant01_high,17,15,0.17596429651756731,0.1292237802550885,0.04674051626247882,0.11801259583154076,0.1,0.0,0.437744140625
12,instant01_high,18,12,0.14659674970473108,0.10536641385027547,0.04123033585445562,0.09901529654748932,0.1,0.0,0.593017578125
12,instant01_high,18,13,0.12531334705012162,0.09006896819227492,0.0352443788578467,0.08261862762063131,0.1,0.0,0.637939453125
12,instant01_high,18,14,0.15136076770177953,0.10879055178565404,0.04257021591612549,0.10878160594551299,0.1,0.0,0.626708984375
12,instant01_high,18,15,0.1716346165200051,0.12336238062375368,0.04827223589625144,0.1143701706784552,0.1,0.0,0.447021484375
12,instant01_high,19,12,0.14716030302823815,0.10347208806672996,0.0436882149615082,0.09971393230858533,0.1,0.0,0.5927734375
12,instant01_high,19,13,0.12357535416387258,0.0868889208964729,0.03668643326739967,0.08151963889627073,0.1,0.0,0.639404296875
12,instant01_high,19,14,0.14813667337917114,0.1041585984697297,0.04397807490944143,0.10583664307711932,0.1,0.0,0.632568359375
12,instant01_high,19,15,0.1655942281694761,0.11643344168166289,0.04916078648781322,0.10961250013650206,0.1,0.0,0.47314453125
12,instant01_high,20,12,0.15534486677435877,0.10679959590737165,0.048545270866987116,0.10646749198569377,0.1,0.0,0.577880859375
12,instant01_high,20,13,0.12245211545804915,0.08418582937740879,0.03826628608064036,0.08107964611321426,0.1,0.0,0.6435546875
12,instant01_high,20,14,0.14582099299211604,0.10025193268207977,0.04556906031003626,0.10395208174023529,0.1,0.0,0.635009765625
12,instant01_high,20,15,0.16062555591510871,0.11043006969163724,0.050195486223471475,0.10605503880173037,0.1,0.0,0.49560546875
12,instant01_high,21,12,0.16332249964850462,0.10973230445133904,0.053590195197165576,0.11375082244008503,0.1,0.0,0.563232421875
12,instant01_high,21,13,0.12182176805338922,0.08184900041087088,0.039972767642518336,0.08088521941888828,0.1,0.0,0.6484375
12,instant01_high,21,14,0.14502453005066895,0.0974383561277932,0.04758617392287575,0.10321884913723575,0.1,0.0,0.628173828125
12,instant01_high,21,15,0.15742735665129629,0.10577150525008969,0.05165585140120659,0.10390061802478742,0.1,0.0,0.513671875
12,instant01_high,22,12,0.1721789948842328,0.11299246539277777,0.059186529491455024,0.1219327756217671,0.1,0.0,0.54736328125
12,instant01_high,22,13,0.12083086473752719,0.07929525498400222,0.04153560975352497,0.08040241988988554,0.1,0.0,0.654541015625
12,instant01_high,22,14,0.14496624976706246,0.09513410140963474,0.04983214835742772,0.10320838333117603,0.1,0.0,0.629150390625
12,instant01_high,22,15,0.1558826952780397,0.10229801877621354,0.05358467650182614,0.10284646848834303,0.1,0.0,0.521240234375
12,instant01_high,23,12,0.1812386115443623,0.1161059855206071,0.0651326260237552,0.13037402998758155,0.1,0.0,0.534912109375
12,instant01_high,23,13,0.11918998734012319,0.07635608563976642,0.04283390170035677,0.0793926803242413,0.1,0.0,0.659423828125
12,instant01_high,23,14,0.14243188874504423,0.09124542872729396,0.05118646001775027,0.10077742913541413,0.1,0.0,0.630859375
12,instant01_high,23,15,0.15613583799714284,0.10002452121691963,0.05611131678022321,0.10303541273483029,0.1,0.0,0.52734375
12,instant01_high,24,12,0.18686809628116755,0.11679256017572971,0.07007553610543783,0.1357375991373612,0.1,0.0,0.527587890625
12,instant01_high,24,13,0.1169220023388889,0.07307625146180556,0.04384575087708334,0.07783178400102557,0.1,0.0,0.665283203125
12,instant01_high,24,14,0.13718690839474795,0.08574181774671746,0.05144509064803048,0.09591913074362282,0.1,0.0,0.6376953125
12,instant01_high,24,15,0.15852341281423327,0.09907713300889578,0.059446279805337475,0.10490476828041223,0.1,0.0,0.517578125
12,instant01_high,25,12,0.18414939249666504,0.11221603605265526,0.07193335644400978,0.13256151478918915,0.1,0.0,0.528076171875
12,instant01_high,25,13,0.11424855077190298,0.06962021062662838,0.0446283401452746,0.0758965699318214,0.1,0.0,0.6708984375
12,instant01_high,25,14,0.1322557358319795,0.08059333902261251,0.05166239680936699,0.09139959989174995,0.1,0.0,0.646484375
12,instant01_high,25,15,0.16283606181181717,0.09922822516657609,0.06360783664524108,0.10851329890052357,0.1,0.0,0.5029296875
12,instant01_high,26,12,0.17655105382487696,0.10482718820852069,0.07172386561635627,0.12607408937981274,0.1,0.0,0.546630859375
12,instant01_high,26,13,0.11139271160181242,0.06613942251357613,0.045253289088236295,0.07393552601439396,0.1,0.0,0.67626953125
12,instant01_high,26,14,0.12965367718032514,0.07698187082581805,0.052671806354507085,0.08911759298304474,0.1,0.0,0.648193359375
12,instant01_high,26,15,0.16804014782622853,0.09977383777182319,0.06826631005440534,0.11308855733317469,0.1,0.0,0.49365234375
12,instant01_high,27,12,0.17766930977174325,0.10271506971178906,0.07495424005995419,0.1284976816076609,0.1,0.0,0.556396484375
12,instant01_high,27,13,0.10852994317254255,0.06274387339662617,0.04578606977591639,0.07206697587651531,0.1,0.0,0.6875
12,instant01_high,27,14,0.1284530985525438,0.07426194760068938,0.054191150951854415,0.08823619985578572,0.1,0.0,0.650390625
12,instant01_high,27,15,0.17242221235136293,0.09968159151563169,0.07274062083573124,0.11694588948852423,0.1,0.0,0.489013671875
12,instant01_high,28,12,0.1816073355578889,0.10215412625131251,0.0794532093065764,0.13328307569088796,0.1,0.0,0.563232421875
12,instant01_high,28,13,0.10572484852648417,0.05947022729614734,0.04625462123033683,0.07041738169364217,0.1,0.0,0.69580078125
12,instant01_high,28,14,0.12691545721067127,0.07138994468100258,0.05552551252966868,0.0871612502439057,0.1,0.0,0.654052734375
12,instant01_high,28,15,0.17472369241032515,0.0982820769808079,0.07644161542951725,0.1191382401261834,0.1,0.0,0.486083984375
12,instant01_high,29,12,0.1852359931405166,0.10130093374872003,0.08393505939179659,0.13728588422139582,0.1,0.0,0.56689453125
12,instant01_high,29,13,0.10298494074278897,0.05631988946871272,0.04666505127407625,0.06914105464218234,0.1,0.0,0.698486328125
12,instant01_high,29,14,0.12479651469551362,0.06824809397410901,0.056548420721404605,0.08563459482049095,0.1,0.0,0.659912109375
12,instant01_high,29,15,0.17591293326463117,0.09620238537909517,0.079710547885536,0.12066795371145952,0.1,0.0,0.49169921875
12,instant01_high,30,12,0.1852749222472245,0.09842730244383802,0.08684761980338648,0.13831711421139997,0.1,0.0,0.57080078125
12,instant01_high,30,13,0.10022019495506214,0.05324197856987676,0.04697821638518538,0.06792026439793879,0.1,0.0,0.71240234375
12,instant01_high,30,14,0.12235958828458143,0.06500353127618388,0.05735605700839755,0.08385728076649501,0.1,0.0,0.669677734375
12,instant01_high,30,15,0.17644378253849125,0.09373575947357347,0.08270802306491777,0.12192917458302499,0.1,0.0,0.500244140625
12,instant01_high,31,12,0.17638016348374627,0.09094602179630668,0.0854341416874396,0.13063668916468243,0.1,0.0,0.582275390625
12,instant01_high,31,13,0.09734012163603356,0.05019100021857981,0.047149121417453754,0.06662510802787179,0.1,0.0,0.728271484375
12,instant01_high,31,14,0.11983103758429604,0.06178787875440265,0.058043158829893395,0.08213040647673663,0.1,0.0,0.6796875
12,instant01_high,31,15,0.17416793544944825,0.08980534171612176,0.0843625937333265,0.12045241165651646,0.1,0.0,0.5048828125
12,instant01_high,32,12,0.16823557502895908,0.08411778751447954,0.08411778751447954,0.1232283886045979,0.1,0.0,0.594482421875
12,instant01_high,32,13,0.09438612300829995,0.04719306150414997,0.04719306150414997,0.06539859633784924,0.1,0.0,0.737060546875
12,instant01_high,32,14,0.11780767126583871,0.05890383563291936,0.05890383563291936,0.08109788506990241,0.1,0.0,0.6865234375
12,instant01_high,32,15,0.16955885104158,0.08477942552079,0.08477942552079,0.11692538975620544,0.1,0.0,0.52294921875
12,instant01_high,33,12,0.16396697087253478,0.07942150151638404,0.08454546935615075,0.11953592068001857,0.1,0.0,0.599853515625
12,instant01_high,33,13,0.09145969935577015,0.04430079187545117,0.047158907480318986,0.06435155550809113,0.1,0.0,0.7470703125
12,instant01_high,33,14,0.11665343693587858,0.05650400851581619,0.06014942842006239,0.08079558820457544,0.1,0.0,0.691162109375
12,instant01_high,33,15,0.16608552815049127,0.08044767769789421,0.08563785045259706,0.11438149097011427,0.1,0.0,0.53369140625
12,instant01_high,34,12,0.16003636205567506,0.07501704471359769,0.08501931734207738,0.11606472097183604,0.1,0.0,0.603271484375
12,instant01_high,34,13,0.08868325867371868,0.04157027750330563,0.04711298117041305,0.06356779203695968,0.1,0.0,0.757568359375
12,instant01_high,34,14,0.11603942801184651,0.054393481880553055,0.061645946131293455,0.08069310236924405,0.1,0.0,0.69384765625
12,instant01_high,34,15,0.16443745687200417,0.07708005790875196,0.08735739896325222,0.11375992803976387,0.1,0.0,0.543701171875
12,instant01_high,35,12,0.15508171406375293,0.07027140168513804,0.08481031237861489,0.1117655368612555,0.1,0.0,0.611328125
12,instant01_high,35,13,0.086191890934587,0.03905570057973473,0.04713619035485227,0.06286156753042986,0.1,0.0,0.77294921875
12,instant01_high,35,14,0.11541321182388949,0.052296611607699925,0.06311660021618956,0.08048815763785272,0.1,0.0,0.6982421875
12,instant01_high,35,15,0.1643365661047229,0.07446500651620255,0.08987155958852033,0.11492630239450838,0.1,0.0,0.555419921875
12,instant01_high,36,12,0.14936338391375664,0.06534648046226853,0.08401690345148811,0.10720962275898338,0.1,0.0,0.620361328125
12,instant01_high,36,13,0.08410862149939295,0.03679752190598442,0.04731109959340853,0.06232813397327876,0.1,0.0,0.782470703125
12,instant01_high,36,14,0.11449607915166285,0.0500920346288525,0.06440404452281036,0.08003636402491757,0.1,0.0,0.70166015625
12,instant01_high,36,15,0.16191104012891513,0.07083608005640037,0.09107496007251477,0.11399339590949388,0.1,0.0,0.572021484375
12,instant01_high,37,12,0.14350084936768798,0.060539420826993366,0.08296142854069462,0.10314360520478287,0.1,0.0,0.629638671875
12,instant01_high,37,13,0.08252119424065872,0.0348136288202779,0.04770756542038082,0.06200737119206399,0.1,0.0,0.7861328125
12,instant01_high,37,14,0.11333334391662418,0.04781250446482583,0.06552083945179836,0.07949425298637364,0.1,0.0,0.70361328125
12,instant01_high,37,15,0.15427202508036247,0.06508351058077792,0.08918851449958455,0.10790202273903676,0.1,0.0,0.591552734375
12,instant01_high,38,12,0.13774736888739259,0.05595986861050324,0.08178750027688934,0.09945659130376072,0.1,0.0,0.6455078125
12,instant01_high,38,13,0.08144721632093013,0.03308793163037787,0.048359284690552264,0.06189265977350754,0.1,0.0,0.792236328125
12,instant01_high,38,14,0.11192410410652844,0.04546916729327718,0.06645493681325126,0.07869862658365936,0.1,0.0,0.70703125
12,instant01_high,38,15,0.1492168697639495,0.06061935334160448,0.08859751642234501,0.10450646287170867,0.1,0.0,0.608154296875
12,instant01_high,39,12,0.13210982088001705,0.05160539878125666,0.0805044220987604,0.09575909054895843,0.1,0.0,0.662353515625
12,instant01_high,39,13,0.08081430332839229,0.03156808723765324,0.04924621609073905,0.0619475274165078,0.1,0.0,0.792236328125
12,instant01_high,39,14,0.11026405998449848,0.04307189843144472,0.06719216155305376,0.07749870803413955,0.1,0.0,0.709716796875
12,instant01_high,39,15,0.14455547166316043,0.05646698111842204,0.08808849054473838,0.10161180068429213,0.1,0.0,0.629150390625
12,instant01_high,40,12,0.12691925836317675,0.04759472188619128,0.07932453647698547,0.0924074390475048,0.1,0.0,0.673095703125
12,instant01_high,40,13,0.08051823515199369,0.030194338181997633,0.050323896969996056,0.062014608929266433,0.1,0.0,0.79736328125
12,instant01_high,40,14,0.10842218017028117,0.04065831756385544,0.06776386260642574,0.07621192119229611,0.1,0.0,0.712890625
12,instant01_high,40,15,0.13979828188559096,0.05242435570709661,0.08737392617849435,0.09882388351009988,0.1,0.0,0.6484375
12,instant01_high,41,12,0.12255587572839326,0.04404351783989133,0.07851235788850193,0.08939522595970549,0.1,0.0,0.6845703125
12,instant01_high,41,13,0.08047057289926907,0.028919112135674822,0.051551460763594244,0.06207003382527899,0.1,0.0,0.80224609375
12,instant01_high,41,14,0.10650270847008166,0.0382744108564356,0.06822829761364606,0.07495544794133921,0.1,0.0,0.71728515625
12,instant01_high,41,15,0.13383690772456294,0.04809763871351481,0.08573926901104814,0.09474320639116839,0.1,0.0,0.670166015625
12,instant01_high,42,12,0.11913374770402552,0.04095222577325877,0.07818152193076675,0.08717507737445869,0.1,0.0,0.690673828125
12,instant01_high,42,13,0.08061608927643915,0.027711780688775958,0.05290430858766319,0.06207104466065585,0.1,0.0,0.797607421875
12,instant01_high,42,14,0.10444158011152828,0.035901793163337845,0.06853978694819043,0.07363894336158003,0.1,0.0,0.717041015625
12,instant01_high,42,15,0.1283499748323262,0.04412030384861214,0.08422967098371408,0.09099117355707242,0.1,0.0,0.68212890625
12,instant01_high,43,12,0.1159652339560349,0.03805109239182395,0.07791414156421095,0.08498139799130168,0.1,0.0,0.69677734375
12,instant01_high,43,13,0.08094717756060851,0.026560792637074667,0.05438638492353384,0.06209363528922581,0.1,0.0,0.795166015625
12,instant01_high,43,14,0.10220421084372884,0.03353575668309853,0.06866845416063032,0.07233274451021449,0.1,0.0,0.724609375
12,instant01_high,43,15,0.12339185232652128,0.04048795154463979,0.08290390078188148,0.08769727470580979,0.1,0.0,0.693359375
12,instant01_high,44,12,0.11277869358031155,0.035243341743847356,0.07753535183646419,0.0824818180400174,0.1,0.0,0.7041015625
12,instant01_high,44,13,0.081478085316184,0.0254619016613075,0.0560161836548765,0.062174137557274925,0.1,0.0,0.79150390625
12,instant01_high,44,14,0.09982003478975204,0.031193760871797514,0.06862627391795453,0.07112965244163118,0.1,0.0,0.7294921875
12,instant01_high,44,15,0.11896254313486757,0.03717579472964611,0.08178674840522145,0.08495480873132934,0.1,0.0,0.705810546875
12,instant01_high,45,12,0.11046149078119805,0.03279325507566817,0.07766823570552987,0.08024087677984011,0.1,0.0,0.707763671875
12,instant01_high,45,13,0.08228171666462981,0.024427384634811977,0.05785433202981784,0.0622767861984823,0.1,0.0,0.7861328125
12,instant01_high,45,14,0.09730032866306436,0.02888603507184723,0.06841429359121713,0.06998865962543567,0.1,0.0,0.73583984375
12,instant01_high,45,15,0.11462900704326404,0.03403048646596901,0.08059852057729502,0.0817629496392415,0.1,0.0,0.71337890625
12,instant01_high,46,12,0.10857720102520546,0.030537337788339038,0.07803986323686643,0.0777913541719751,0.1,0.0,0.71044921875
12,instant01_high,46,13,0.08342321585848522,0.02346277946019897,0.05996043639828626,0.062380037870229894,0.1,0.0,0.7822265625
12,instant01_high,46,14,0.09474223579156348,0.026646253816377228,0.06809598197518625,0.06891293096622268,0.1,0.0,0.749755859375
12,instant01_high,46,15,0.11104536395264243,0.031231508611680683,0.07981385534096175,0.07902374022915618,0.1,0.0,0.719970703125
12,instant01_high,47,12,0.10665515337455178,0.028330275115115315,0.07832487825943646,0.07535114033594878,0.1,0.0,0.7109375
12,instant01_high,47,13,0.08473593284195102,0.02250798216114324,0.06222795068080778,0.062475317105350425,0.1,0.0,0.77685546875
12,instant01_high,47,14,0.09229960462723112,0.024517082479108266,0.06778252214812286,0.06802998330034538,0.1,0.0,0.760498046875
12,instant01_high,47,15,0.1084562285531346,0.028808685709426376,0.07964754284370822,0.07705147536237773,0.1,0.0,0.716552734375
0,norm_high,0,0,0.15222660610198033,0.15222660610198033,0.0,0.1267663313456759,0.025460274756304448,0.0,0.0
0,norm_high,0,1,0.18167397449166828,0.18167397449166828,0.0,0.13333293141335195,0.04834104307831632,0.0,0.0
0,norm_high,0,2,0.08842107906727106,0.08842107906727106,0.0,0.1305196959281178,0.04209861686084673,0.0,0.0
0,norm_high,0,3,0.16248645496254221,0.16248645496254221,0.0,0.13896053446369655,0.023525920498845655,0.0,0.0
0,norm_high,1,0,0.15532927936442065,0.15290225937435156,0.0024270199900690726,0.1258666923319535,0.029462587032467177,0.0,0.0
0,norm_high,1,1,0.18994200222820445,0.18697415844338877,0.0029678437848156946,0.14084621369443084,0.049095788533773596,0.0,0.0
0,norm_high,1,2,0.08814783370780248,0.08677052380611806,0.0013773099016844137,0.13119011942698378,0.0430422857191813,0.0,0.0
0,norm_high,1,3,0.17518406007871323,0.17244680913998334,0.0027372509387298943,0.13108047528112232,0.04410358479759092,0.0,0.0
0,norm_high,2,0,0.15041147882050432,0.14571112010736356,0.00470035871314076,0.12443415704482581,0.025977321775678512,0.0,0.0
0,norm_high,2,1,0.20204047168611644,0.1957267069459253,0.006313764740191139,0.14509511383515433,0.0569453578509621,0.0,0.0
0,norm_high,2,2,0.08765386332063087,0.08491468009186115,0.0027391832287697146,0.13430866089484328,0.046654797574212405,0.0,0.0
0,norm_high,2,3,0.17803600775145148,0.17247238250921862,0.005563625242232859,0.11645669010325621,0.061579317648195284,0.0,0.0
0,norm_high,3,0,0.13764402249638955,0.13119195894187127,0.00645206355451826,0.12462048136944276,0.013023541126946786,0.0,0.0
0,norm_high,3,1,0.20613374885634178,0.19647122937870076,0.009662519477641022,0.14158449592826247,0.06454925292807934,0.0,0.0
0,norm_high,3,2,0.09022226689916031,0.08599309813826217,0.00422916876089814,0.13679666205773322,0.046574395158572916,0.0,0.0
0,norm_high,3,3,0.16111699011366812,0.15356463120208994,0.0075523589115781935,0.10843088208509585,0.05268610802857227,0.0,0.0
0,norm_high,4,0,0.12032883716482447,0.11280828484202293,0.007520552322801529,0.12766926684065497,0.0073404296758304965,0.0,0.0
0,norm_high,4,1,0.19069180759726445,0.17877356962243543,0.011918237974829028,0.13105422992247898,0.05963757767478548,0.0,0.0
0,norm_high,4,2,0.08647354711268798,0.08106895041814498,0.005404596694542999,0.14100893019419272,0.054535383081504754,0.0,0.0
0,norm_high,4,3,0.13016763174795076,0.12203215476370384,0.008135476984246923,0.11870278631039707,0.011464845437553686,0.0,0.0
0,norm_high,5,0,0.1012338985982163,0.09332500027023065,0.007908898327985648,0.13416340125549422,0.032929502657277926,0.0,0.0
0,norm_high,5,1,0.1598150303230669,0.1473294810790773,0.012485549243989601,0.12287164853805675,0.03694338178501014,0.0,0.0
0,norm_high,5,2,0.07204620912089181,0.06641759903332214,0.005628610087569673,0.14841388829356517,0.07636767917267337,0.0,0.0
0,norm_high,5,3,0.1107566937456979,0.10210382704681525,0.008652866698882648,0.1316824595305355,0.020925765784837617,0.0,0.0
0,norm_high,6,0,0.08383619466179891,0.07597655141225526,0.007859643249543647,0.14240554443695008,0.05856934977515115,0.0,0.0
0,norm_high,6,1,0.1294176694921893,0.11728476297729655,0.012132906514892747,0.12562188102682476,0.003795788465364551,0.0,0.0
0,norm_high,6,2,0.063043181184177,0.0571328829481604,0.005910298236016593,0.1542586852101767,0.09121550402599966,0.0,0.0
0,norm_high,6,3,0.0985174967696175,0.08928148144746587,0.00923601532215164,0.1396103506038047,0.04109285383418718,0.0,0.0
0,norm_high,7,0,0.07292619997607949,0.0649498968536958,0.007976303122383694,0.14898879636477108,0.07606259638869159,0.0,0.0
0,norm_high,7,1,0.10909934722853963,0.09716660612541811,0.011932741103121522,0.13175012962609028,0.02265078239755066,0.0,0.0
0,norm_high,7,2,0.0654805829890136,0.05831864422459024,0.007161938764423363,0.15540795759214512,0.08992737460313152,0.0,0.0
0,norm_high,7,3,0.08539054948811488,0.07605095813785231,0.009339591350262565,0.14754156868069554,0.06215101919258067,0.0,0.0
0,norm_high,8,0,0.0714883421865329,0.06255229941321629,0.008936042773316612,0.15052780183460068,0.07903945964806776,0.0,0.0
0,norm_high,8,1,0.1005662557008513,0.08799547373824489,0.012570781962606413,0.13401139124715913,0.03344513554630784,0.0,0.0
0,norm_high,8,2,0.07697800994180803,0.06735575869908203,0.009622251242726004,0.15048828605784345,0.07351027611603539,0.0,0.0
0,norm_high,8,3,0.0783058323155278,0.06851760327608683,0.009788229039440976,0.15362905499196947,0.07532322267644169,0.0,0.0
0,norm_high,9,0,0.07887741864251972,0.0677852816459154,0.011092136996604336,0.1497584667521304,0.07088104810961067,0.0,0.0
0,norm_high,9,1,0.10438447447836574,0.08970540775484556,0.014679066723520182,0.1321549629540325,0.02777048847566678,0.0,0.0
0,norm_high,9,2,0.09810567464822843,0.0843095641508213,0.013796110497407123,0.1414575429395727,0.04335186829134425,0.0,0.0
0,norm_high,9,3,0.082362964734196,0.0707806728184497,0.011582291915746314,0.15321815019031,0.070855185456114,0.0,0.0
0,norm_high,10,0,0.09061999302963777,0.07646061911875687,0.014159373910880901,0.15028771352245332,0.05966772049281554,0.0,0.0
0,norm_high,10,1,0.12494497621653967,0.10542232368270535,0.019522652533834325,0.12662514769335648,0.001680171476816804,0.0,0.0
0,norm_high,10,2,0.12054435335433532,0.10170929814272042,0.018835055211614892,0.13453708646928186,0.013992733114946561,0.0,0.0
0,norm_high,10,3,0.10458199000268738,0.08824105406476747,0.016340935937919902,0.14767432331764088,0.043092333314953504,0.0,0.0
0,norm_high,11,0,0.10013745364417587,0.08292632879908314,0.017211124845092726,0.15254195638036164,0.052404502736185764,0.0,0.0
0,norm_high,11,1,0.16195335701581337,0.13411762377872044,0.027835733237092923,0.12333138198966231,0.038621975026151056,0.0,0.0
0,norm_high,11,2,0.14262462291605132,0.118111015852355,0.024513607063696322,0.13150964751450156,0.011114975401549758,0.0,0.0
0,norm_high,11,3,0.14921282582582687,0.12356687138701287,0.025645954438813994,0.145139220599359,0.004073605226467903,0.0,0.0
0,norm_high,12,0,0.1058716885195449,0.08602074692213023,0.01985094159741467,0.15349187545421578,0.04762018693467087,0.0,0.0
0,norm_high,12,1,0.16727400434721607,0.13591012853211304,0.03136387581510301,0.1253749112742653,0.04189909307295078,0.0,0.0
0,norm_high,12,2,0.15205127566951546,0.12354166148148131,0.028509614188034146,0.1326344390956906,0.019416836573824862,0.0,0.0
0,norm_high,12,3,0.16093127491904674,0.13075666087172547,0.030174614047321264,0.14427605405327207,0.016655220865774676,0.0,0.0
0,norm_high,13,0,0.10832447695398481,0.08632106757270665,0.022003409381278163,0.15148740424780816,0.04316292729382333,0.0,0.0
0,norm_high,13,1,0.14595557570736242,0.11630834939180443,0.02964722631555799,0.13158735279934178,0.014368222908020615,0.0,0.0
0,norm_high,13,2,0.1465373804977387,0.11677197508413553,0.029765405413603174,0.133059523830228,0.013477856667510675,0.0,0.0
0,norm_high,13,3,0.1650720908618026,0.13154182240549894,0.03353026845630366,0.14556058839859543,0.019511502463207177,0.0,0.0
0,norm_high,14,0,0.10775971099783997,0.08418727421706247,0.023572436780777493,0.150972799903695,0.04321308890585504,0.0,0.0
0,norm_high,14,1,0.13970835474961468,0.10914715214813647,0.03056120260147821,0.13691223965045166,0.002796115099163028,0.0,0.0
0,norm_high,14,2,0.13416953317802205,0.10481994779532973,0.029349585382692323,0.13388317187810297,0.0002863612999190736,0.0,0.0
0,norm_high,14,3,0.17386709714211213,0.1358336696422751,0.03803342749983703,0.14942724096340193,0.024439856178710185,0.0,0.0
0,norm_high,15,0,0.10853581979871782,0.08309773703339333,0.02543808276532449,0.15192842129279174,0.0433926014940739,0.0,0.0
0,norm_high,15,1,0.15229585257460904,0.11660151212743504,0.03569434044717399,0.1412654262512849,0.011030426323324148,0.0,0.0
0,norm_high,15,2,0.13145681099795084,0.10064662092030612,0.03081019007764473,0.13537860039958283,0.003921789401631972,0.0,0.0
0,norm_high,15,3,0.18580754625231768,0.14225890259943072,0.04354864365288696,0.15546283398464117,0.03034471226767654,0.0,0.0
0,norm_high,16,0,0.10991178168926782,0.08243383626695086,0.027477945422316956,0.15277695991198464,0.042865178222716856,0.0,0.0
0,norm_high,16,1,0.1649101699679344,0.1236826274759508,0.0412275424919836,0.14562534528108723,0.01928482468684718,0.0,0.0
0,norm_high,16,2,0.13718692617740838,0.10289019463305629,0.034296731544352095,0.13617091992260694,0.001016006254801445,0.0,0.0
0,norm_high,16,3,0.19574500958796542,0.14680875719097408,0.048936252396991356,0.16314971635849307,0.03259529322947237,0.0,0.0
0,norm_high,17,0,0.11039727148981897,0.0810729962503358,0.029324275239483163,0.15335718495895093,0.04295991346913195,0.0,0.0
0,norm_high,17,1,0.16968936349442548,0.12461562631621871,0.04507373717820677,0.14733510898406382,0.022354254510361684,0.0,0.0
0,norm_high,17,2,0.14345173852027845,0.1053473704758295,0.038104368044448965,0.13672808850946358,0.006723650010814877,0.0,0.0
0,norm_high,17,3,0.2038860903749267,0.14972884761908678,0.054157242755839906,0.17111666993616817,0.03276942043875854,0.0,0.0
0,norm_high,18,0,0.11001718578939505,0.07907485228612769,0.030942333503267357,0.1540607705465105,0.04404358475711544,0.0,0.0
0,norm_high,18,1,0.1734875381781598,0.12469416806555235,0.04879337011260744,0.1470763315606994,0.02641120661746038,0.0,0.0
0,norm_high,18,2,0.15202249862648445,0.1092661708877857,0.04275632773869875,0.13860793203428465,0.0134145665921998,0.0,0.0
0,norm_high,18,3,0.21119117780072597,0.15179365904427178,0.05939751875645418,0.1797163013355291,0.031474876465196866,0.0,0.0
0,norm_high,19,0,0.10936744864864338,0.07689898733107738,0.032468461317566005,0.1544739495424075,0.04510650089376411,0.0,0.0
0,norm_high,19,1,0.18352988428440883,0.12904444988747496,0.054485434396933874,0.14942993547534875,0.03409994880906009,0.0,0.0
0,norm_high,19,2,0.16229482343774482,0.11411354772966432,0.04818127570808049,0.14206840382872665,0.020226419609018165,0.0,0.0
0,norm_high,19,3,0.21779966440800813,0.1531403890368807,0.06465927537112741,0.18826331539594698,0.029536349012061175,0.0,0.0
0,norm_high,20,0,0.10896456647427981,0.07491313945106737,0.03405142702321244,0.15478180549458462,0.04581723902030482,0.0,0.0
0,norm_high,20,1,0.19082921609365489,0.13119508606438773,0.05963413002926715,0.15114438504116715,0.03968483105248773,0.0,0.0
0,norm_high,20,2,0.16926104259089741,0.11636696678124198,0.05289407580965544,0.1456659597665779,0.023595082824319526,0.0,0.0
0,norm_high,20,3,0.21477268830154572,0.1476562232073127,0.06711646509423304,0.18818764161831092,0.026585046683234803,0.0,0.0
0,norm_high,21,0,0.10859298150149407,0.07296090944631634,0.035632072055177745,0.15507988035514256,0.046486898853648484,0.0,0.0
0,norm_high,21,1,0.19027936469460713,0.12784394815418917,0.06243541654041796,0.1491219266725013,0.04115743802210583,0.0,0.0
0,norm_high,21,2,0.17102074542214174,0.11490456333050147,0.05611618209164026,0.1479286529764302,0.023092092445711525,0.0,0.0
0,norm_high,21,3,0.20583998446865093,0.13829873956487485,0.06754124490377608,0.18320886515488832,0.022631119313762594,0.0,0.0
0,norm_high,22,0,0.10749100664644529,0.07054097311172972,0.03695003353471557,0.15502489458779342,0.047533887941348156,0.0,0.0
0,norm_high,22,1,0.18551657727768867,0.12174525383848318,0.06377132343920548,0.14548953303221726,0.0400270442454714,0.0,0.0
0,norm_high,22,2,0.16810528620882403,0.11031909407454077,0.057786192134283265,0.14842586960017987,0.019679416608644144,0.0,0.0
0,norm_high,22,3,0.1845560028369496,0.12111487686174817,0.06344112597520142,0.16970450869230058,0.014851494144649001,0.0,0.0
0,norm_high,23,0,0.10577973426839994,0.06776514226569372,0.03801459200270623,0.15443769791162243,0.04865796364322249,0.0,0.0
0,norm_high,23,1,0.18192317953899723,0.11654453689217009,0.06537864264682713,0.14269937214820552,0.03922380739079169,0.0,0.0
0,norm_high,23,2,0.16320944642090884,0.10455605161339473,0.058653394807514116,0.14724317620659577,0.01596627021431308,0.0,0.0
0,norm_high,23,3,0.1673015299754199,0.10717754264050336,0.06012398733491652,0.15997677602396632,0.007324753951453572,0.0,0.0
0,norm_high,24,0,0.10416407257469615,0.0651025453591851,0.03906152721551105,0.15376776801591763,0.04960369544122148,0.0,0.0
0,norm_high,24,1,0.1796768568141103,0.11229803550881894,0.06737882130529137,0.14186712213268707,0.03780973468142324,0.0,0.0
0,norm_high,24,2,0.160145031675358,0.10009064479709875,0.06005438687825926,0.14710887137153641,0.013036160303821598,0.0,0.0
0,norm_high,24,3,0.1620674419312835,0.10129215120705219,0.06077529072423131,0.1569349927269992,0.005132449204284318,0.0,0.0
0,norm_high,25,0,0.10292268868651001,0.06271851341834205,0.040204175268167976,0.15320168209495114,0.05027899340844112,0.0,0.0
0,norm_high,25,1,0.1768365623081711,0.10775978015654177,0.06907678215162934,0.14150674108660624,0.03532982122156487,0.0,0.0
0,norm_high,25,2,0.15579108081648343,0.0949351898725446,0.06085589094393884,0.1472234047266609,0.008567676089822538,0.0,0.0
0,norm_high,25,3,0.15897383655258915,0.09687468164923402,0.06209915490335514,0.15604297961334285,0.002930856939246298,0.0,0.0
0,norm_high,26,0,0.10204474755390902,0.06058906886013348,0.04145567869377554,0.15278599378118504,0.05074124622727602,0.0,0.0
0,norm_high,26,1,0.17251502041631836,0.10243079337218902,0.07008422704412934,0.13941704044324418,0.033097979973074156,0.0,0.0
0,norm_high,26,2,0.1503914339108791,0.08929491388458448,0.06109652002629464,0.14705297565894065,0.003338458251938455,0.0,0.0
0,norm_high,26,3,0.1554129814565425,0.09227645773982211,0.06313652371672039,0.15591663503718056,0.000503653580638054,0.0,0.0
0,norm_high,27,0,0.10131288930058835,0.05857151412690264,0.04274137517368571,0.1524888846860529,0.05117599538546455,0.0,0.0
0,norm_high,27,1,0.1691463703040491,0.09778774533202839,0.07135862497202072,0.1376279774369938,0.03151839286705532,0.0,0.0
0,norm_high,27,2,0.1451303403586847,0.08390347801986459,0.061226862338820104,0.14692728306130767,0.0017969427026230049,0.0,0.0
0,norm_high,27,3,0.14843593418019443,0.08581452444792491,0.06262140973226953,0.15411203877593352,0.005676104595739091,0.0,0.0
0,norm_high,28,0,0.10042821897511503,0.0564908731735022,0.04393734580161283,0.15227022318715625,0.051842004212041215,0.0,0.0
0,norm_high,28,1,0.16806386067102652,0.09453592162745242,0.0735279390435741,0.1379436897927697,0.030120170878256837,0.0,0.0
0,norm_high,28,2,0.14037915098814305,0.07896327243083047,0.061415878557312585,0.14654139993980303,0.006162248951659997,0.0,0.0
0,norm_high,28,3,0.14804901965360032,0.08327757355515018,0.06477144609845013,0.15448284117411046,0.00643382152051016,0.0,0.0
0,norm_high,29,0,0.09926417094075614,0.054285093483226014,0.044979077457530124,0.15244063477025693,0.0531764638295008,0.0,0.0
0,norm_high,29,1,0.16633178099445906,0.0909626927313448,0.07536908826311425,0.138106945059833,0.02822483593462605,0.0,0.0
0,norm_high,29,2,0.1363440503400473,0.07456315252971336,0.061780897810333926,0.14582204918477004,0.00947799884472275,0.0,0.0
0,norm_high,29,3,0.14723577314155625,0.08051956343678858,0.06671620970476767,0.15432296044389385,0.007087187302337605,0.0,0.0
0,norm_high,30,0,0.09783871962796727,0.05197681980235761,0.045861899825609655,0.15310535491182498,0.0552666352838577,0.0,0.0
0,norm_high,30,1,0.16261253186966534,0.08638790755575972,0.07622462431390563,0.13738649802220151,0.025226033847463827,0.0,0.0
0,norm_high,30,2,0.1329843046929095,0.07064791186810818,0.06233639282480133,0.14460848915069927,0.011624184457789758,0.0,0.0
0,norm_high,30,3,0.1456213872379252,0.07736136197014776,0.06826002526777744,0.1539647817192832,0.008343394481357997,0.0,0.0
0,norm_high,31,0,0.09654605242497098,0.049781558281625664,0.04676449414334532,0.15418404248349807,0.05763799005852709,0.0,0.0
0,norm_high,31,1,0.1573446637952412,0.08113084226942124,0.07621382152581996,0.13564838674471308,0.02169627705052815,0.0,0.0
0,norm_high,31,2,0.13031886773349174,0.06719566617508169,0.06312320155841006,0.14348090209237274,0.013162034358881006,0.0,0.0
0,norm_high,31,3,0.14379736171563198,0.07414551463462274,0.06965184708100924,0.15354077792434317,0.009743416208711188,0.0,0.0
0,norm_high,32,0,0.09581332200942579,0.04790666100471289,0.04790666100471289,0.15535740244587923,0.059544080436453435,0.0,0.0
0,norm_high,32,1,0.1515637539984728,0.0757818769992364,0.0757818769992364,0.13410662328551684,0.017457130712955994,0.0,0.0
0,norm_high,32,2,0.12394857706738299,0.061974288533691496,0.061974288533691496,0.14395434690462944,0.020005769837246456,0.0,0.0
0,norm_high,32,3,0.14228332935122004,0.07114166467561002,0.07114166467561002,0.15341120883718423,0.011127879485964177,0.0,0.0
0,norm_high,33,0,0.09491393503685404,0.04597393728347617,0.048939997753377866,0.15596316032114413,0.06104922528429011,0.0,0.0
0,norm_high,33,1,0.14584564341285033,0.07064398352809938,0.07520165988475096,0.13329109909134612,0.012554544321504204,0.0,0.0
0,norm_high,33,2,0.11831193796502278,0.057307344951807906,0.06100459301321487,0.14550115829601437,0.027189220330991602,0.0,0.0
0,norm_high,33,3,0.14065306201900082,0.06812882691545352,0.0725242351035473,0.15329315656490416,0.012640094545903367,0.0,0.0
0,norm_high,34,0,0.09352674522182944,0.04384066182273255,0.049686083399096886,0.15592476044570697,0.06239801522387752,0.0,0.0
0,norm_high,34,1,0.14076130227845315,0.06598186044302491,0.07477944183542824,0.13330089881747836,0.007460403460974769,0.0,0.0
0,norm_high,34,2,0.1156856185496053,0.05422763369512748,0.061457984854477815,0.14532902781501522,0.029643409265409947,0.0,0.0
0,norm_high,34,3,0.1381928158022919,0.06477788240732432,0.07341493339496757,0.15280026518924453,0.014607449386952619,0.0,0.0
0,norm_high,35,0,0.09222784246585043,0.04179074111733848,0.050437101348511953,0.1556523234370927,0.06342448097124229,0.0,0.0
0,norm_high,35,1,0.13667678998529095,0.06193167046208496,0.07474511952320599,0.13398777761673533,0.0026890123685556263,0.0,0.0
0,norm_high,35,2,0.11358859386155891,0.05146983159351888,0.06211876226804003,0.1452893696789961,0.0317007758174372,0.0,0.0
0,norm_high,35,3,0.13480802566540184,0.06108488662963521,0.07372313903576663,0.15212201607963302,0.0173139904142312,0.0,0.0
0,norm_high,36,0,0.0909396715874377,0.039786106319503994,0.0511535652679337,0.15545985030440498,0.06452017871696729,0.0,0.0
0,norm_high,36,1,0.13251174165425436,0.05797388697373628,0.07453785468051807,0.13442537020648238,0.0019136285522280375,0.0,0.0
0,norm_high,36,2,0.11142261843315414,0.048747395564504935,0.0626752228686492,0.14570250981157368,0.03427989137841955,0.0,0.0
0,norm_high,36,3,0.13102617632890298,0.05732395214389505,0.07370222418500792,0.15157687148166077,0.020550695152757776,0.0,0.0
0,norm_high,37,0,0.08950562316072389,0.03776018477093039,0.051745438389793494,0.15510710696032204,0.06560148379959815,0.0,0.0
0,norm_high,37,1,0.12842331609755836,0.054178586478657434,0.07424472961890093,0.13484943569925656,0.006426119601698195,0.0,0.0
0,norm_high,37,2,0.10953719751406098,0.04621100520124447,0.0633261923128165,0.14605938125593348,0.03652218374187251,0.0,0.0
0,norm_high,37,3,0.12727168924895654,0.05369274390190354,0.073578945347053,0.15125666664916185,0.02398497740020531,0.0,0.0
0,norm_high,38,0,0.0879325677603199,0.035722605652629955,0.05220996210768994,0.15479986228877685,0.06686729452845692,0.0,0.0
0,norm_high,38,1,0.1245694155892639,0.05060632508313846,0.07396309050612544,0.13512187535540782,0.010552459766143902,0.0,0.0
0,norm_high,38,2,0.10798095555836179,0.043867263195584476,0.06411369236277731,0.1461463175257902,0.038165361967428396,0.0,0.0
0,norm_high,38,3,0.12382245694019957,0.050302873131956076,0.0735195838082435,0.15090580320832897,0.027083346268129412,0.0,0.0
0,norm_high,39,0,0.08630098224544133,0.03371132118962552,0.05258966105581581,0.15443474389248138,0.06813376164704005,0.0,0.0
0,norm_high,39,1,0.12064911719830834,0.047128561405589194,0.07352055579271914,0.1352105071006033,0.014561389902294986,0.0,0.0
0,norm_high,39,2,0.10659297174909545,0.04163787958949041,0.06495509215960504,0.14590818237597977,0.03931521062688431,0.0,0.0
0,norm_high,39,3,0.12078887474195305,0.04718315419607541,0.07360572054587763,0.15070044274247313,0.02991156800052007,0.0,0.0
0,norm_high,40,0,0.08462171749162616,0.03173314405935981,0.05288857343226635,0.15422451684372362,0.06960279935209746,0.0,0.0
0,norm_high,40,1,0.1169278005012759,0.04384792518797846,0.07307987531329743,0.13518581666731583,0.018258016166039923,0.0,0.0
0,norm_high,40,2,0.10519513334521619,0.03944817500445607,0.06574695834076011,0.1456127935235793,0.04041766017836314,0.0,0.0
0,norm_high,40,3,0.11811013317252671,0.044291299939697513,0.07381883323282919,0.15063402189706993,0.032523888724543225,0.0,0.0
0,norm_high,41,0,0.08290333535691924,0.02979338614389285,0.053109949213026385,0.1540594248293673,0.07115608947244803,0.0,0.0
0,norm_high,41,1,0.11351233978113794,0.040793497108846444,0.07271884267229149,0.13551448298503344,0.022002143203895503,0.0,0.0
0,norm_high,41,2,0.10316961392836738,0.03707658000550702,0.06609303392286035,0.1456441391874052,0.04247452525903783,0.0,0.0
0,norm_high,41,3,0.11566968966864433,0.04156879472466905,0.07410089494397527,0.15072342539771091,0.035053735729066574,0.0,0.0
0,norm_high,42,0,0.08130187262042662,0.02794751871327165,0.05335435390715497,0.15405370055309686,0.07275182793267024,0.0,0.0
0,norm_high,42,1,0.11041005336315474,0.03795345584358444,0.0724565975195703,0.13598251079228493,0.025572457429130193,0.0,0.0
0,norm_high,42,2,0.10061827338155335,0.034587531474908964,0.06603074190664439,0.14592906622681598,0.04531079284526263,0.0,0.0
0,norm_high,42,3,0.11331811534362744,0.038953102149371935,0.07436501319425551,0.15078944780020373,0.03747133245657628,0.0,0.0
0,norm_high,43,0,0.07985097687425272,0.026201101786864172,0.05364987508738854,0.15396271073824233,0.07411173386398963,0.0,0.0
0,norm_high,43,1,0.10766651801647126,0.03532807622415463,0.07233844179231663,0.13635735450901962,0.028690836492548343,0.0,0.0
0,norm_high,43,2,0.09794047525997811,0.032136718444680315,0.06580375681529779,0.1463587274131152,0.0484182521531371,0.0,0.0
0,norm_high,43,3,0.11090165758305401,0.0363896063944396,0.07451205118861441,0.15086727509945788,0.03996561751640387,0.0,0.0
0,norm_high,44,0,0.07852432261186505,0.024538850816207828,0.05398547179565722,0.15397242865673935,0.07544810604487427,0.0,0.0
0,norm_high,44,1,0.10525120610116992,0.0328910019066156,0.07236020419455431,0.1366912173781181,0.031440011276948183,0.0,0.0
0,norm_high,44,2,0.09522907499203856,0.02975908593501205,0.06546998905702651,0.14685338986235735,0.05162431487031879,0.0,0.0
0,norm_high,44,3,0.10832283395166309,0.033850885609894715,0.07447194834176837,0.15106492176267713,0.042742087811014025,0.0,0.0
0,norm_high,45,0,0.0772655254528814,0.022938202868824167,0.05432732258405724,0.15404634490017396,0.07678081944729255,0.0,0.0
0,norm_high,45,1,0.10309611736373687,0.030606659842359385,0.07248945752137749,0.1371752598979319,0.034079142534195014,0.0,0.0
0,norm_high,45,2,0.09266286862878238,0.02750928912416977,0.06515357950461262,0.14733176029249767,0.0546688916637153,0.0,0.0
0,norm_high,45,3,0.10556324778173048,0.03133908918520124,0.07422415859652924,0.15130945104656507,0.045746203264834605,0.0,0.0
0,norm_high,46,0,0.07598242939291171,0.021370058266756416,0.05461237112615529,0.15428971993701304,0.07830729054410134,0.0,0.0
0,norm_high,46,1,0.10107811398998763,0.028428219559684022,0.0726498944303036,0.13779368845834933,0.03671557446836172,0.0,0.0
0,norm_high,46,2,0.09024800827282989,0.025382252326733405,0.06486575594609648,0.14781769503685555,0.05756968676402567,0.0,0.0
0,norm_high,46,3,0.10263884963848868,0.028867176460824942,0.07377167317766374,0.1515517073621769,0.048912857723688224,0.0,0.0
0,norm_high,47,0,0.07477647808191656,0.01986250199050909,0.054913976091407475,0.15456182577568153,0.07978534769376495,0.0,0.0
0,norm_high,47,1,0.09911401841575566,0.0263271611416851,0.07278685727407057,0.13849959615444143,0.03938557773868576,0.0,0.0
0,norm_high,47,2,0.08783621910190258,0.023331495698942873,0.06450472340295971,0.14834363392005093,0.06050741481814835,0.0,0.0
0,norm_high,47,3,0.09955059374317073,0.026443126463029723,0.073107467280141,0.1518705637652915,0.05231997002212078,0.0,0.0
4,norm_high,0,4,0.0798901046334073,0.0798901046334073,0.0,0.14110517928847294,0.061215074655065635,0.0,0.0
4,norm_high,0,5,0.10445120237934812,0.10445120237934812,0.0,0.14309891693942012,0.038647714560071995,0.0,0.0
4,norm_high,0,6,0.13187463580451894,0.13187463580451894,0.0,0.11159743909094594,0.020277196713573,0.0,0.0
4,norm_high,0,7,0.1176059073798838,0.1176059073798838,0.0,0.11788639618941062,0.00028048880952682325,0.0,0.0
4,norm_high,1,4,0.07499136987981492,0.07381962972544281,0.001171740154372108,0.14686693377198357,0.07187556389216865,0.0,0.0
4,norm_high,1,5,0.11265779853684016,0.11089752043470204,0.0017602781021381275,0.1351451856312484,0.022487387094408205,0.0,0.0
4,norm_high,1,6,0.13022955978571366,0.1281947229140619,0.002034836871651776,0.10425936364876906,0.025970196136944578,0.0,0.0
4,norm_high,1,7,0.13713087709564534,0.13498820714102588,0.0021426699546194584,0.10747953113553624,0.029651345960109092,0.0,0.0
4,norm_high,2,4,0.07219872653431962,0.06994251633012213,0.002256210204197488,0.14858663743474188,0.07638791090042227,0.0,0.0
4,norm_high,2,5,0.12479290472104176,0.1208931264485092,0.003899778272532555,0.11819208980190621,0.006600814919135549,0.0,0.0
4,norm_high,2,6,0.14330205684253275,0.1388238675662036,0.004478189276329148,0.10438927020566396,0.038912786636868785,0.0,0.0
4,norm_high,2,7,0.1480751996493924,0.14344784966034888,0.004627349989043512,0.09936948183315933,0.04870571781623306,0.0,0.0
4,norm_high,3,4,0.06480480405884619,0.06176707886858777,0.0030377251902584147,0.15352108809207846,0.08871628403323228,0.0,0.0
4,norm_high,3,5,0.13713835957581264,0.1307099989706964,0.006428360605116217,0.09746230877601664,0.03967605079979599,0.0,0.0
4,norm_high,3,6,0.16028971786923757,0.15277613734411705,0.007513580525120511,0.11158578506036493,0.04870393280887264,0.0,0.0
4,norm_high,3,7,0.1527784969319806,0.145617004888294,0.00716149204368659,0.09696352974917614,0.05581496718280446,0.0,0.0
4,norm_high,4,4,0.06031451304684201,0.056544855981414385,0.0037696570654276256,0.1582037314343546,0.09788921838751256,0.0,0.0
4,norm_high,4,5,0.1451022232222951,0.13603333427090167,0.009068888951393444,0.08340916517367943,0.0616930580486157,0.0,0.0
4,norm_high,4,6,0.1748830343767668,0.1639528447282189,0.010930189648547925,0.12080832754006471,0.054074706836702104,0.0,0.0
4,norm_high,4,7,0.15048114842302507,0.141076076646586,0.009405071776439067,0.10094546577736288,0.0495356826456622,0.0,0.0
4,norm_high,5,4,0.06643826366460458,0.06124777431580734,0.005190489348797233,0.15819387892476613,0.09175561526016156,0.0,0.0
4,norm_high,5,5,0.14915326798348671,0.1375006689222768,0.0116525990612099,0.08651686159234766,0.06263640639113907,0.0,0.0
4,norm_high,5,6,0.18362619737298594,0.16928040070322142,0.014345796669764526,0.12534706484369165,0.058279132529294286,0.0,0.0
4,norm_high,5,7,0.14002204511354063,0.12908282283904526,0.010939222274495362,0.10822315724157572,0.031798887871964915,0.0,0.0
4,norm_high,6,4,0.0894301299038041,0.08104605522532246,0.008384074678481634,0.14455890143976066,0.05512877153595656,0.0,0.0
4,norm_high,6,5,0.14693051917919414,0.1331557830061447,0.01377473617304945,0.09662618725249138,0.05030433192670275,0.0,0.0
4,norm_high,6,6,0.19081951100476255,0.17293018184806605,0.017889329156696488,0.12389738921474094,0.0669221217900216,0.0,0.0
4,norm_high,6,7,0.1232182106506719,0.11166650340217141,0.01155170724850049,0.11761883965924756,0.0055993709914243335,0.0,0.0
4,norm_high,7,4,0.16730834649091597,0.14900899609347204,0.018299350397443934,0.11773437911026076,0.04957396738065522,0.0,0.0
4,norm_high,7,5,0.13754185054518206,0.12249821064180277,0.015043639903379287,0.10647005157701088,0.031071798968171187,0.0,0.0
4,norm_high,7,6,0.20718992512673856,0.18452852706600154,0.02266139806073703,0.1271629005868176,0.08002702453992094,0.0,0.0
4,norm_high,7,7,0.10687430102841455,0.0951849243534317,0.011689376674982842,0.1307266239638678,0.023852322935453255,0.0,0.0
4,norm_high,8,4,0.2590513186410016,0.22666990381087643,0.0323814148301252,0.15486280532548855,0.1041885133155131,0.0,0.0
4,norm_high,8,5,0.12236264840223508,0.1070673173519557,0.015295331050279385,0.11611859535006962,0.0062440530521654675,0.0,0.0
4,norm_high,8,6,0.22900456864740026,0.20037899756647523,0.028625571080925033,0.14031818769764118,0.0886863809497591,0.0,0.0
4,norm_high,8,7,0.1045386384362894,0.09147130863175322,0.013067329804536175,0.1420016644980141,0.03746302606172473,0.0,0.0
4,norm_high,9,4,0.3224386484457647,0.27709571350807904,0.04534293493768566,0.2129070252361142,0.10953162320965046,0.0,0.0
4,norm_high,9,5,0.10633153231793788,0.09137866058572787,0.014952871732210014,0.12686127514276113,0.020529742824823245,0.0,0.0
4,norm_high,9,6,0.24226587849108244,0.20819723932827397,0.034068639162808466,0.15159279759141892,0.09067308089966351,0.0,0.0
4,norm_high,9,7,0.11238972623478916,0.09658492098302193,0.015804805251767223,0.14402775414591287,0.031638027911123724,0.0,0.0
4,norm_high,10,4,0.3464245896613473,0.2922957475267618,0.05412884213458552,0.24426616503119028,0.10215842463015704,0.0,0.0
4,norm_high,10,5,0.10029320224044788,0.0846223893903779,0.015670812850069982,0.13356548496986498,0.03327228272941709,0.0,0.0
4,norm_high,10,6,0.22394095604807956,0.18895018166556712,0.034990774382512434,0.144544976750916,0.07939597929716356,0.0,0.0
4,norm_high,10,7,0.121319411315215,0.10236325329721266,0.018956158018002343,0.14181373591131052,0.020494324596095532,0.0,0.0
4,norm_high,11,4,0.3515390804266266,0.29111830097830016,0.06042077944832645,0.25738618280095843,0.09415289762566825,0.0,0.0
4,norm_high,11,5,0.10899268019833983,0.09025956328925017,0.01873311690908966,0.13225325045197847,0.023260570253638643,0.0,0.0
4,norm_high,11,6,0.12330893839974,0.10211521461228469,0.021193723787455314,0.13450112371336675,0.011192185313626766,0.0,0.0
4,norm_high,11,7,0.12530977126437126,0.10377215432830746,0.021537616936063812,0.14084967016410213,0.015539898899730849,0.0,0.0
4,norm_high,12,4,0.31986981394475944,0.25989422383011707,0.059975590114642395,0.2356667336314025,0.08420308031335695,0.0,0.0
4,norm_high,12,5,0.1379412369064191,0.11207725498646552,0.02586398191995358,0.13042803428403327,0.007513202622385836,0.0,0.0
4,norm_high,12,6,0.11268209550921936,0.09155420260124073,0.02112789290797863,0.13993910678232344,0.027257011273104082,0.0,0.0
4,norm_high,12,7,0.1242368404941052,0.10094243290146047,0.023294407592644725,0.1431310991791172,0.018894258685011992,0.0,0.0
4,norm_high,13,4,0.22681676690822078,0.18074461112998844,0.04607215577823234,0.1597273884092254,0.06708937849899538,0.0,0.0
4,norm_high,13,5,0.1714239477878031,0.1366034583934056,0.034820489394397504,0.1408469561695636,0.03057699161823948,0.0,0.0
4,norm_high,13,6,0.11476765670756073,0.09145547643883746,0.023312180268723275,0.14316031473938945,0.0283926580318287,0.0,0.0
4,norm_high,13,7,0.13134882467905082,0.10466859466611862,0.026680230012932196,0.14827651801167846,0.01692769333262764,0.0,0.0
4,norm_high,14,4,0.2211060587299085,0.172739108382741,0.04836695034716748,0.15962211757826036,0.061483941151648125,0.0,0.0
4,norm_high,14,5,0.16714395509543836,0.13058121491831123,0.03656274017712714,0.13683334608928954,0.030310609006148827,0.0,0.0
4,norm_high,14,6,0.12315605884514691,0.09621567097277102,0.026940387872375886,0.14707280146406973,0.023916742618922814,0.0,0.0
4,norm_high,14,7,0.1459323223580971,0.11400962684226337,0.031922695515833745,0.15401791544307608,0.008085593084978962,0.0,0.0
4,norm_high,15,4,0.21033719904948484,0.16103941802226182,0.04929778102722301,0.15497601953795406,0.055361179511530786,0.0,0.0
4,norm_high,15,5,0.1643032671690698,0.12579468892631906,0.03850857824275073,0.13270179384520395,0.03160147332386584,0.0,0.0
4,norm_high,15,6,0.133693711400139,0.10235924779073143,0.03133446360940758,0.1521717405471547,0.01847802914701571,0.0,0.0
4,norm_high,15,7,0.16027500787790924,0.12271055290652426,0.037564454971384977,0.1599852362013481,0.00028977167656115516,0.0,0.0
4,norm_high,16,4,0.20132991886326823,0.15099743914745117,0.05033247971581706,0.15179052822708308,0.049539390636185156,0.0,0.0
4,norm_high,16,5,0.17101400769861666,0.1282605057739625,0.042753501924654165,0.13593117853230988,0.03508282916630679,0.0,0.0
4,norm_high,16,6,0.14389656695898437,0.10792242521923828,0.03597414173974609,0.15654095112151317,0.012644384162528813,0.0,0.0
4,norm_high,16,7,0.16993394171230297,0.12745045628422724,0.04248348542807574,0.16451193028938033,0.005422011422922641,0.0,0.0
4,norm_high,17,4,0.19561754335276493,0.14365663339968676,0.051960909953078185,0.15053967934065818,0.045077864012106755,0.0,0.0
4,norm_high,17,5,0.1787564857674268,0.13127429423545406,0.047482191531972744,0.14242855455815706,0.036327931209269734,0.0,0.0
4,norm_high,17,6,0.15296039573687947,0.11233029061927086,0.04063010511760861,0.1592586121191552,0.00629821638227571,0.0,0.0
4,norm_high,17,7,0.17534821095638004,0.1287713424210916,0.046576868535288446,0.16748707965933843,0.0078611312970416,0.0,0.0
4,norm_high,18,4,0.19174298584369515,0.1378152710751559,0.05392771476853926,0.14973890341149526,0.042004082432199864,0.0,0.0
4,norm_high,18,5,0.17837391235058228,0.128206249501981,0.05016766284860127,0.14593618436871192,0.03243772798187039,0.0,0.0
4,norm_high,18,6,0.15786340784441533,0.11346432438817351,0.044399083456241814,0.15940301447330296,0.0015396066288876167,0.0,0.0
4,norm_high,18,7,0.17851513107335376,0.12830775045897302,0.050207380614380744,0.16985698408436786,0.0086581469889859,0.0,0.0
4,norm_high,19,4,0.1884091015398522,0.13247514952020856,0.055933952019643615,0.1491235730724972,0.039285528467354947,0.0,0.0
4,norm_high,19,5,0.1674964656024997,0.1177709523767576,0.0497255132257421,0.1435396413192574,0.023956824283242306,0.0,0.0
4,norm_high,19,6,0.1579465782072707,0.11105618780198721,0.04689039040528349,0.15571723908572327,0.0022293391215474395,0.0,0.0
4,norm_high,19,7,0.1800735587404322,0.1266142209893664,0.05345933775106581,0.1717146917696615,0.008358866970770679,0.0,0.0
4,norm_high,20,4,0.18554642841373534,0.12756316953444305,0.057983258879292295,0.14868509039368727,0.03686133802004804,0.0,0.0
4,norm_high,20,5,0.15247062378799647,0.10482355385424758,0.0476470699337489,0.1406625225197691,0.011808101268227372,0.0,0.0
4,norm_high,20,6,0.1569304069683851,0.10788965479076475,0.04904075217762034,0.15243198707547742,0.004498419892907667,0.0,0.0
4,norm_high,20,7,0.18000433487975634,0.12375298022983248,0.056251354649923854,0.1720678278932871,0.00793650698646925,0.0,0.0
4,norm_high,21,4,0.1833323063034426,0.1231763932976255,0.0601559130058171,0.14861146973844963,0.034720836564992974,0.0,0.0
4,norm_high,21,5,0.14090384791013447,0.09466977281462159,0.046234075095512875,0.14128735171349954,0.00038350380336505774,0.0,0.0
4,norm_high,21,6,0.1565965841539427,0.10521332997843025,0.05138325417551245,0.1507170893762666,0.005879494777676112,0.0,0.0
4,norm_high,21,7,0.17890406588176208,0.1202011692643089,0.05870289661745318,0.1712456224227114,0.007658443459050665,0.0,0.0
4,norm_high,22,4,0.1799931523499727,0.11812050622966959,0.06187264612030312,0.1478099839655837,0.03218316838438903,0.0,0.0
4,norm_high,22,5,0.13370347096847235,0.08774290282305998,0.04596056814541237,0.14316291668415557,0.00945944571568324,0.0,0.0
4,norm_high,22,6,0.15660083587882762,0.10276929854548063,0.053831537333346995,0.14954052627137276,0.007060309607454842,0.0,0.0
4,norm_high,22,7,0.1781657117311618,0.11692124832357494,0.061244463407586866,0.1703985498988179,0.007767161832343931,0.0,0.0
4,norm_high,23,4,0.17324301820293492,0.11098380853625518,0.062259209666679735,0.14600691941146718,0.02723609879146774,0.0,0.0
4,norm_high,23,5,0.12905690765067943,0.08267708146371651,0.046379826186962916,0.14459611633840777,0.015539208687728349,0.0,0.0
4,norm_high,23,6,0.15565445004655218,0.0997161320610725,0.05593831798547969,0.1481004840591462,0.00755396598740599,0.0,0.0
4,norm_high,23,7,0.17847585479826344,0.11433609448013751,0.06413976031812593,0.17067855261860504,0.0077973021796583965,0.0,0.0
4,norm_high,24,4,0.16706373511684097,0.1044148344480256,0.06264890066881537,0.14498207961898987,0.022081655497851103,0.0,0.0
4,norm_high,24,5,0.12528085394257168,0.0783005337141073,0.04698032022846438,0.14528361310858587,0.020002759166014194,0.0,0.0
4,norm_high,24,6,0.1529035587009251,0.09556472418807818,0.05733883451284691,0.14628485962140209,0.006618699079523001,0.0,0.0
4,norm_high,24,7,0.17953870505803132,0.11221169066126957,0.06732701439676175,0.17181905580185944,0.0077196492561718765,0.0,0.0
4,norm_high,25,4,0.1658941336542184,0.10109173769553934,0.06480239595867907,0.14545139956254102,0.020442734091677406,0.0,0.0
4,norm_high,25,5,0.12253467202054041,0.07466956576251682,0.0478651062580236,0.14622497406306578,0.023690302042525372,0.0,0.0
4,norm_high,25,6,0.14899007492688932,0.09079082690857318,0.058199248018316135,0.14533029293703684,0.003659781989852471,0.0,0.0
4,norm_high,25,7,0.1808614870085201,0.11021246864581694,0.07064901836270315,0.17305932975938554,0.007802157249134569,0.0,0.0
4,norm_high,26,4,0.16790144932248316,0.09969148553522438,0.06820996378725878,0.14612981317838158,0.021771636144101582,0.0,0.0
4,norm_high,26,5,0.12262687329519742,0.07280970601902347,0.049817167276173954,0.14824707275637627,0.025620199461178855,0.0,0.0
4,norm_high,26,6,0.14503111909853125,0.08611222696475293,0.05891889213377832,0.145110132588629,7.901349009774898e-05,0.0,0.0
4,norm_high,26,7,0.18108746822082392,0.1075206842561142,0.07356678396470971,0.172999862978744,0.008087605242079913,0.0,0.0
4,norm_high,27,4,0.17184698853217875,0.09934904024516585,0.0724979482870129,0.1466202292491997,0.025226759282979037,0.0,0.0
4,norm_high,27,5,0.12165926635886871,0.07033426336372098,0.05132500299514774,0.151247439545158,0.02958817318628929,0.0,0.0
4,norm_high,27,6,0.14050369006530536,0.08122869581900466,0.0592749942463007,0.1448825520433044,0.004378861977999051,0.0,0.0
4,norm_high,27,7,0.17917294370533005,0.10358435807964393,0.07558858562568611,0.17146275936248925,0.007710184342840772,0.0,0.0
4,norm_high,28,4,0.1750146080671843,0.09844571703779117,0.07656889102939313,0.14665374395747102,0.028360864109713273,0.0,0.0
4,norm_high,28,5,0.12149884850735108,0.06834310228538498,0.0531557462219661,0.15500668617268504,0.03350783766533395,0.0,0.0
4,norm_high,28,6,0.13697974123435114,0.07705110444432252,0.05992863679002862,0.14486734308150367,0.007887601847152523,0.0,0.0
4,norm_high,28,7,0.17560210047768773,0.09877618151869935,0.07682591895898838,0.1691786457293988,0.006423454748288956,0.0,0.0
4,norm_high,29,4,0.17021433482990472,0.09308596436010415,0.07712837046980058,0.14388807838910958,0.02632625644079515,0.0,0.0
4,norm_high,29,5,0.11695119448306555,0.06395768448292648,0.05299351000013908,0.15489243487171714,0.037941240388651605,0.0,0.0
4,norm_high,29,6,0.135300202479791,0.0739922982311357,0.061307904248655294,0.14487512378734735,0.009574921307556354,0.0,0.0
4,norm_high,29,7,0.1714973953517415,0.09378763808298363,0.07770975726875787,0.16714973459021007,0.004347660761531449,0.0,0.0
4,norm_high,30,4,0.16115601484626166,0.0856141328870765,0.07554188195918515,0.14058600239991267,0.020570012446348984,0.0,0.0
4,norm_high,30,5,0.10657966706559209,0.0566204481285958,0.04995921893699629,0.15309826380193392,0.04651859673634181,0.0,0.0
4,norm_high,30,6,0.1348744161265732,0.07165203356724201,0.06322238255933119,0.14496240515125056,0.010087989024677363,0.0,0.0
4,norm_high,30,7,0.16740682347413643,0.08893487497063499,0.07847194850350145,0.16549549646081846,0.0019113270133179839,0.0,0.0
4,norm_high,31,4,0.15258202546927893,0.07867510688259695,0.07390691858668198,0.13816089426102582,0.01442113120825314,0.0,0.0
4,norm_high,31,5,0.09261493624980971,0.047754576503808134,0.044860359746001575,0.15209258294984493,0.059477646700035226,0.0,0.0
4,norm_high,31,6,0.13486542906041096,0.0695399868592744,0.06532544220113656,0.1450253723117282,0.010159943251317262,0.0,0.0
4,norm_high,31,7,0.16353614025551777,0.08432332231925135,0.07921281793626642,0.16405151105820379,0.0005153708026860038,0.0,0.0
4,norm_high,32,4,0.14697690489916307,0.07348845244958153,0.07348845244958153,0.13774496356600957,0.009231941333153519,0.0,0.0
4,norm_high,32,5,0.08576131084060122,0.04288065542030061,0.04288065542030061,0.1527044061318955,0.06694309529129429,0.0,0.0
4,norm_high,32,6,0.1343643073841289,0.06718215369206446,0.06718215369206446,0.145052656382958,0.010688348998829084,0.0,0.0
4,norm_high,32,7,0.1597821288458255,0.07989106442291274,0.07989106442291274,0.1628154948793648,0.003033366033539316,0.0,0.0
4,norm_high,33,4,0.14353565151921763,0.06952508120462104,0.07401057031459658,0.1386786431502304,0.00485700836898722,0.0,0.0
4,norm_high,33,5,0.08345227037954364,0.040422193465091454,0.04303007691445219,0.15347186343632013,0.07001959305677648,0.0,0.0
4,norm_high,33,6,0.13254881242273125,0.06420333101726045,0.06834548140547081,0.14475661000024753,0.012207797577516243,0.0,0.0
4,norm_high,33,7,0.15575217198089275,0.07544245830324492,0.08030971367764783,0.16155947186390368,0.0058072998830109345,0.0,0.0
4,norm_high,34,4,0.1393237367887006,0.0653080016197034,0.0740157351689972,0.13761694652141448,0.0017067902672861274,0.0,0.0
4,norm_high,34,5,0.08180148606682432,0.0383444465938239,0.04345703947300042,0.15483447578806112,0.0730329897212368,0.0,0.0
4,norm_high,34,6,0.12935778780869897,0.060636463035327645,0.06872132477337133,0.14426290903501157,0.014905121226312584,0.0,0.0
4,norm_high,34,7,0.15105589472762318,0.07080745065357337,0.08024844407404981,0.16017637857284728,0.00912048384522411,0.0,0.0
4,norm_high,35,4,0.13430233945656445,0.060855747566255766,0.07344659189030868,0.1363754707352275,0.002073131278663065,0.0,0.0
4,norm_high,35,5,0.07977230679211474,0.03614682651517699,0.043625480276937745,0.15621481090105044,0.07644250410893569,0.0,0.0
4,norm_high,35,6,0.12560434168064788,0.05691446732404357,0.06868987435660431,0.14375883416351465,0.01815449248286675,0.0,0.0
4,norm_high,35,7,0.1455732988327559,0.06596290103359252,0.07961039779916339,0.15814681044027457,0.012573511607518661,0.0,0.0
4,norm_high,36,4,0.1280889812764604,0.056038929308451425,0.07205005196800898,0.13647195669798065,0.008382975421520259,0.0,0.0
4,norm_high,36,5,0.07770236251506464,0.03399478360034078,0.04370757891472386,0.15742834998068791,0.07972598746562327,0.0,0.0
4,norm_high,36,6,0.12202820508134596,0.05338733972308886,0.0686408653582571,0.1432617754005092,0.021233570319163213,0.0,0.0
4,norm_high,36,7,0.13963888743513228,0.06109201325287037,0.0785468741822619,0.15591814792528283,0.016279260490150528,0.0,0.0
4,norm_high,37,4,0.12218277979614603,0.0515458602264991,0.07063691956964692,0.13797233828111677,0.015789558484970743,0.0,0.0
4,norm_high,37,5,0.07723830851691389,0.03258491140557305,0.044653397111340844,0.15882459878738883,0.08158629027047494,0.0,0.0
4,norm_high,37,6,0.11879027990757704,0.050114649336009065,0.06867563057156797,0.14294821710213826,0.024157937194561226,0.0,0.0
4,norm_high,37,7,0.13389046590058312,0.0564850403018085,0.07740542559877461,0.15394306411897593,0.020052598218392812,0.0,0.0
4,norm_high,38,4,0.11726636045655263,0.047639458935474506,0.06962690152107813,0.13950459892841394,0.022238238471861318,0.0,0.0
4,norm_high,38,5,0.07340678644380319,0.029821506992795045,0.043585279451008145,0.15945880897228,0.08605202252847678,0.0,0.0
4,norm_high,38,6,0.11580680506432396,0.04704651455738161,0.06876029050694235,0.14278364585259454,0.026976840788270555,0.0,0.0
4,norm_high,38,7,0.12888521645200404,0.052359619183626645,0.0765255972683774,0.15236439772556684,0.023479181273562806,0.0,0.0
4,norm_high,39,4,0.11376958963643602,0.04444124595173282,0.0693283436847032,0.14040440499039186,0.026634815353955822,0.0,0.0
4,norm_high,39,5,0.06989443045867309,0.027302511897919178,0.042591918560753915,0.15986725508954416,0.08997282463087107,0.0,0.0
4,norm_high,39,6,0.11299428011521648,0.04413839067000644,0.06885588944521004,0.14263222862325442,0.029637948508037935,0.0,0.0
4,norm_high,39,7,0.12490249084948123,0.0487900354880786,0.07611245536140263,0.1511908500179513,0.02628835916847007,0.0,0.0
4,norm_high,40,4,0.11075809463991249,0.04153428548996718,0.0692238091499453,0.1414363730584753,0.03067827841856281,0.0,0.0
4,norm_high,40,5,0.0692596392699197,0.025972364726219888,0.04328727454369981,0.16056404984467157,0.09130441057475186,0.0,0.0
4,norm_high,40,6,0.1101741692154361,0.04131531345578854,0.06885885575964756,0.14266522192495407,0.03249105270951796,0.0,0.0
4,norm_high,40,7,0.12183422545116837,0.045687834544188136,0.07614639090698024,0.15030933270678887,0.028475107255620486,0.0,0.0
4,norm_high,41,4,0.10719049205619506,0.0385215830826951,0.06866890897349996,0.14200773110612455,0.0348172390499295,0.0,0.0
4,norm_high,41,5,0.06842780687334604,0.024591243095108732,0.04383656377823731,0.1608725640626464,0.09244475718930037,0.0,0.0
4,norm_high,41,6,0.10718248576820819,0.03851870582294982,0.06866377994525837,0.1428447882179823,0.03566230244977411,0.0,0.0
4,norm_high,41,7,0.11917075082656835,0.042826988578298,0.07634376224827034,0.14945002164380225,0.030279270817233913,0.0,0.0
4,norm_high,42,4,0.103173526892375,0.03546589986925391,0.0677076270231211,0.14256109725731367,0.03938757036493867,0.0,0.0
4,norm_high,42,5,0.06638503359288868,0.022819855297555484,0.0435651782953332,0.16114443098394812,0.09475939739105943,0.0,0.0
4,norm_high,42,6,0.10416607011264792,0.03580708660122272,0.06835898351142519,0.1433260793056045,0.03916000919295661,0.0,0.0
4,norm_high,42,7,0.11581945284878914,0.03981293691677126,0.07600651593201788,0.14876682108138567,0.03294736823259652,0.0,0.0
4,norm_high,43,4,0.09958859884253753,0.032677508995207626,0.0669110898473299,0.14339086751480248,0.043802268672264964,0.0,0.0
4,norm_high,43,5,0.06359134398292406,0.020865909744396956,0.0427254342385271,0.16149888210539315,0.0979075381224691,0.0,0.0
4,norm_high,43,6,0.10129141937919345,0.03323624698379785,0.0680551723953956,0.143907168505068,0.04261574912587453,0.0,0.0
4,norm_high,43,7,0.11131329965324764,0.036524676448721885,0.07478862320452576,0.14819362603458028,0.03688032638133265,0.0,0.0
4,norm_high,44,4,0.09639569913276982,0.03012365597899057,0.06627204315377926,0.14410388819920764,0.04770818906643782,0.0,0.0
4,norm_high,44,5,0.061168838388511164,0.019115261996409737,0.04205357639210142,0.16201393690846436,0.10084509851995319,0.0,0.0
4,norm_high,44,6,0.09860420384438139,0.030813813701369184,0.0677903901430122,0.1444741373040191,0.04586993345963769,0.0,0.0
4,norm_high,44,7,0.10667021064521698,0.033334440826630306,0.07333576981858667,0.14793521145634916,0.041265000811132185,0.0,0.0
4,norm_high,45,4,0.09336102116390387,0.02771655315803396,0.0656444680058699,0.14503166019550018,0.05167063903159632,0.0,0.0
4,norm_high,45,5,0.05929497392235606,0.017603195383199457,0.04169177853915661,0.16261825172833327,0.10332327780597723,0.0,0.0
4,norm_high,45,6,0.09612034293722031,0.02853572680948728,0.06758461612773303,0.1450519666952279,0.0489316237580076,0.0,0.0
4,norm_high,45,7,0.1021380699915081,0.030322239528728964,0.07181583046277913,0.1480050211306885,0.04586695113918039,0.0,0.0
4,norm_high,46,4,0.09044398614148805,0.025437371102293514,0.06500661503919454,0.14596551467472255,0.0555215285332345,0.0,0.0
4,norm_high,46,5,0.05783714789453322,0.016266697845337467,0.04157045004919575,0.16313155605034038,0.10529440815580719,0.0,0.0
4,norm_high,46,6,0.09385221562710576,0.026395935645123495,0.06745627998198227,0.14567252738738407,0.0518203117602783,0.0,0.0
4,norm_high,46,7,0.09782110305017361,0.02751218523286133,0.07030891781731229,0.14816237300807536,0.05034126995790175,0.0,0.0
4,norm_high,47,4,0.08763592773094543,0.023278293303532382,0.06435763442741305,0.14668129429684132,0.05904536656589589,0.0,0.0
4,norm_high,47,5,0.0566975693839557,0.015060291867613231,0.04163727751634246,0.16354111072037897,0.10684354133642326,0.0,0.0
4,norm_high,47,6,0.09143291077177111,0.0242868669237517,0.06714604384801941,0.14640608656102164,0.05497317578925053,0.0,0.0
4,norm_high,47,7,0.09376612987895847,0.024906628249098343,0.06885950162986013,0.1484212541917153,0.05465512431275685,0.0,0.0
8,norm_high,0,8,0.11885719599341563,0.11885719599341563,0.0,0.1368517217068926,0.017994525713476966,0.0,0.0
8,norm_high,0,9,0.11026297399714714,0.11026297399714714,0.0,0.13006864925543435,0.019805675258287195,0.0,0.0
8,norm_high,0,10,0.15577216811415842,0.15577216811415842,0.0,0.09217906935359889,0.06359309876055955,0.0,0.0
8,norm_high,0,11,0.18657678636685524,0.18657678636685524,0.0,0.12572396880021547,0.060852817566639794,0.0,0.0
8,norm_high,1,8,0.1444940154855079,0.14223629649354683,0.0022577189919610607,0.13318220355310048,0.011311811932407401,0.0,0.0
8,norm_high,1,9,0.11441851262082149,0.11263072336112115,0.0017877892597003358,0.12898256152691215,0.014564048906090657,0.0,0.0
8,norm_high,1,10,0.14680215073122116,0.14450836712604584,0.0022937836051753306,0.10304149005097638,0.043760660680244784,0.0,0.0
8,norm_high,1,11,0.18302486172537275,0.1801650982609138,0.002859763464458949,0.13561325673661126,0.04741160498876149,0.0,0.0
8,norm_high,2,8,0.1468190779804438,0.14223098179355492,0.004588096186888869,0.12672380933925326,0.020095268641190545,0.0,0.0
8,norm_high,2,9,0.11228901361564432,0.10877998194015544,0.003509031675488885,0.1304007607189696,0.018111747103325283,0.0,0.0
8,norm_high,2,10,0.13724463102744658,0.13295573630783888,0.004288894719607706,0.11176210558959333,0.025482525437853242,0.0,0.0
8,norm_high,2,11,0.16557055303664306,0.16039647325424797,0.005174079782395096,0.13469085821623353,0.030879694820409507,0.0,0.0
8,norm_high,3,8,0.15471548173629893,0.14746319352990991,0.007252288206389013,0.12235187636928928,0.03236360536700966,0.0,0.0
8,norm_high,3,9,0.1157765412138236,0.11034951584442561,0.005427025369397981,0.129428692392872,0.013652151179048406,0.0,0.0
8,norm_high,3,10,0.13217346564419016,0.12597783444211874,0.0061956312020714135,0.11240050409782278,0.019772961546367398,0.0,0.0
8,norm_high,3,11,0.13047838560723,0.12436221128189108,0.006116174325338905,0.1328661264912829,0.0023877408840529087,0.0,0.0
8,norm_high,4,8,0.20272605881065203,0.19005568013498628,0.012670378675665752,0.12432222516424234,0.0784038336464097,0.0,0.0
8,norm_high,4,9,0.14151795027156164,0.13267307837958903,0.008844871891972602,0.12527245754327057,0.016245492728291067,0.0,0.0
8,norm_high,4,10,0.13831471593551242,0.1296700461895429,0.008644669745969526,0.11072813141057052,0.0275865845249419,0.0,0.0
8,norm_high,4,11,0.09206614625246189,0.08631201211168302,0.005754134140778868,0.141121915238856,0.04905576898639409,0.0,0.0
8,norm_high,5,8,0.21951140382531495,0.20236207540146223,0.01714932842385273,0.13380332907604212,0.08570807474927283,0.0,0.0
8,norm_high,5,9,0.16115669742951644,0.14856633044283546,0.012590366986680972,0.12350152874701062,0.03765516868250581,0.0,0.0
8,norm_high,5,10,0.15892125433808887,0.14650553134292568,0.012415722995163194,0.12066339062849264,0.038257863709596225,0.0,0.0
8,norm_high,5,11,0.06643891030101513,0.061248370433748325,0.005190539867266807,0.15134841264962356,0.08490950234860843,0.0,0.0
8,norm_high,6,8,0.2543470465281552,0.23050201091614064,0.02384503561201455,0.16974258007205265,0.08460446645610255,0.0,0.0
8,norm_high,6,9,0.1568093687025735,0.14210849038670723,0.014700878315866266,0.12026006601773614,0.03654930268483736,0.0,0.0
8,norm_high,6,10,0.1736735922106327,0.15739169294088587,0.016281899269746814,0.13072016370904488,0.04295342850158781,0.0,0.0
8,norm_high,6,11,0.05661097246881495,0.05130369379986355,0.0053072786689514016,0.15733488532230053,0.1007239128534856,0.0,0.0
8,norm_high,7,8,0.31799042867425215,0.28321022553800584,0.03478020313624633,0.23129984878472168,0.0866905798895305,0.0,0.0
8,norm_high,7,9,0.17568607962714597,0.15647041466792688,0.01921566495921909,0.12771443815620992,0.047971641470936056,0.0,0.0
8,norm_high,7,10,0.13335849368393735,0.1187724084372567,0.014586085246680647,0.12681213228979515,0.006546361394142188,0.0,0.0
8,norm_high,7,11,0.055843855374842793,0.04973593369321936,0.00610792168162343,0.15941746264238618,0.1035736072675434,0.0,0.0
8,norm_high,8,8,0.30024385112760194,0.2627133697366517,0.03753048139095024,0.22177398027687623,0.07846987085072571,0.0,0.0
8,norm_high,8,9,0.22762836210336515,0.1991748168404445,0.028453545262920644,0.15429736587359102,0.07333099622977415,0.0,0.0
8,norm_high,8,10,0.10710191486384472,0.09371417550586414,0.01338773935798059,0.13268417316181938,0.02558225829797465,0.0,0.0
8,norm_high,8,11,0.05981658121184633,0.05233950856036554,0.007477072651480792,0.15851894878955133,0.09870236757770502,0.0,0.0
8,norm_high,9,8,0.284034914785815,0.24409250489405976,0.03994240989175524,0.2106606070396964,0.07337430774611858,0.0,0.0
8,norm_high,9,9,0.2811173273476935,0.2415852031894241,0.0395321241582694,0.1923702745827074,0.08874705276498611,0.0,0.0
8,norm_high,9,10,0.11644059108969523,0.10006613296770685,0.016374458121988393,0.13214790729906378,0.01570731620936855,0.0,0.0
8,norm_high,9,11,0.06691174359775016,0.05750227965431655,0.009409463943433618,0.15612187468423014,0.08921013108647996,0.0,0.0
8,norm_high,10,8,0.2603491764098646,0.21966961759582326,0.040679558814041346,0.19051215887553866,0.06983701753432592,0.0,0.0
8,norm_high,10,9,0.32889063548381237,0.2775014736894667,0.05138916179434568,0.23212277221297167,0.0967678632708407,0.0,0.0
8,norm_high,10,10,0.1241775561131609,0.10477481297047951,0.01940274314268139,0.12899089921233406,0.004813343099173151,0.0,0.0
8,norm_high,10,11,0.07514479542314405,0.0634034211382778,0.011741374284866258,0.15361832524872596,0.07847352982558191,0.0,0.0
8,norm_high,11,8,0.22869294756943137,0.18938634720593536,0.039306600363496015,0.1664613289495267,0.062231618619904665,0.0,0.0
8,norm_high,11,9,0.27651725980348296,0.22899085577475933,0.047526404028723636,0.19626889681093168,0.08024836299255127,0.0,0.0
8,norm_high,11,10,0.12802197578374755,0.10601819869591594,0.02200377708783161,0.1282673494409397,0.00024537365719213953,0.0,0.0
8,norm_high,11,11,0.08366353940026124,0.06928386856584133,0.0143796708344199,0.15175922617780843,0.0680956867775472,0.0,0.0
8,norm_high,12,8,0.21467866905333682,0.17442641860583616,0.04025225044750065,0.15754749911334412,0.057131169939992704,0.0,0.0
8,norm_high,12,9,0.2652095579738064,0.2154827658537177,0.0497267921200887,0.18398836318977602,0.08122119478403042,0.0,0.0
8,norm_high,12,10,0.14056842319500018,0.11421184384593765,0.026356579349062534,0.12992572056463803,0.010642702630362127,0.0,0.0
8,norm_high,12,11,0.09351169411239696,0.07597825146632253,0.01753344264607443,0.1503993981990929,0.05688770408669594,0.0,0.0
8,norm_high,13,8,0.2087208643488738,0.16632443877800882,0.04239642557086499,0.15509398604292873,0.05362687830594506,0.0,0.0
8,norm_high,13,9,0.24913773879159634,0.19853163559955334,0.050606103192043006,0.17206618085746045,0.07707155793413586,0.0,0.0
8,norm_high,13,10,0.16266347879086668,0.12962245966147187,0.03304101912939479,0.13368466951406419,0.028978809276802502,0.0,0.0
8,norm_high,13,11,0.10653642761266209,0.0848962157538401,0.02164021185882199,0.14923586544461281,0.04269943783195072,0.0,0.0
8,norm_high,14,8,0.20518296171183734,0.16029918883737293,0.04488377287446442,0.15467636526875725,0.05050659644308009,0.0,0.0
8,norm_high,14,9,0.23801473071159945,0.18594900836843709,0.05206572234316238,0.16530688493505677,0.07270784577654268,0.0,0.0
8,norm_high,14,10,0.1878858421529402,0.14678581418198455,0.041100027970955674,0.14296150405191996,0.044924338101020256,0.0,0.0
8,norm_high,14,11,0.12288692787436435,0.09600541240184715,0.0268815154725172,0.14903607983777153,0.02614915196340717,0.0,0.0
8,norm_high,15,8,0.20379365759581405,0.15602951909679513,0.04776413849901892,0.15462601173301593,0.04916764586279811,0.0,0.0
8,norm_high,15,9,0.23033706889146643,0.176351818370029,0.05398525052143745,0.162327604050715,0.06800946484075146,0.0,0.0
8,norm_high,15,10,0.2096789393005481,0.16053543790198213,0.04914350139856596,0.15389928498634609,0.055779654314202,0.0,0.0
8,norm_high,15,11,0.14081483978723922,0.10781136171210502,0.03300347807513419,0.15046757749900896,0.009652737711769754,0.0,0.0
8,norm_high,16,8,0.20075830660224836,0.15056872995168627,0.05018957665056209,0.15309885788587857,0.04765944871636979,0.0,0.0
8,norm_high,16,9,0.2232559582270346,0.16744196867027594,0.05581398955675865,0.15947031034594836,0.06378564788108626,0.0,0.0
8,norm_high,16,10,0.19533014648968625,0.14649760986726468,0.04883253662242156,0.1453759295650579,0.04995421692462835,0.0,0.0
8,norm_high,16,11,0.15846252941449382,0.11884689706087037,0.039615632353623455,0.1543583739278407,0.004104155486653159,0.0,0.0
8,norm_high,17,8,0.19735568463808195,0.14493308090609144,0.05242260373199052,0.15191130968370317,0.04544437495437878,0.0,0.0
8,norm_high,17,9,0.21828617056933916,0.16030390651185844,0.05798226405748071,0.1576998169554796,0.06058635361385958,0.0,0.0
8,norm_high,17,10,0.1760959996146621,0.12932049971701748,0.04677549989764462,0.1425947169140175,0.033501282700644584,0.0,0.0
8,norm_high,17,11,0.17337343198856256,0.12732111411660063,0.04605231787196193,0.15934694633727492,0.014026485651287644,0.0,0.0
8,norm_high,18,8,0.1962476201838147,0.1410529770071168,0.05519464317669788,0.15257150147531906,0.04367611870849568,0.0,0.0
8,norm_high,18,9,0.21297312306838434,0.15307443220540123,0.05989869086298309,0.1553694121417017,0.057603710926682636,0.0,0.0
8,norm_high,18,10,0.17748022764166235,0.12756391361744482,0.049916314024217534,0.14942237146978962,0.028057856171872727,0.0,0.0
8,norm_high,18,11,0.18367172586925085,0.13201405296852403,0.0516576729007268,0.1629109258157611,0.020760800053489736,0.0,0.0
8,norm_high,19,8,0.19602084059702676,0.13782715354478445,0.05819368705224232,0.15303690962702782,0.042983930969998946,0.0,0.0
8,norm_high,19,9,0.2087011474676487,0.1467429943131905,0.061958153154458205,0.1537765325253182,0.0549246149423305,0.0,0.0
8,norm_high,19,10,0.17175040687694018,0.12076200483534856,0.050988402041591614,0.14670885297173183,0.025041553905208343,0.0,0.0
8,norm_high,19,11,0.18977415266986575,0.13343495109599934,0.05633920157386639,0.16532319619698607,0.024450956472879655,0.0,0.0
8,norm_high,20,8,0.1955525833429678,0.13444240104829036,0.061110182294677434,0.15324369430916923,0.042308889033798584,0.0,0.0
8,norm_high,20,9,0.20680745111665572,0.1421801226427008,0.06462732847395491,0.15447720447381375,0.05233024664284198,0.0,0.0
8,norm_high,20,10,0.1717297533542606,0.11806420543105417,0.053665547923206436,0.15128321296301656,0.02044654039124405,0.0,0.0
8,norm_high,20,11,0.1909443618668356,0.13127424878344948,0.05967011308338613,0.1656556875378577,0.02528867432897792,0.0,0.0
8,norm_high,21,8,0.19550072317624,0.13135204838403625,0.06414867479220375,0.15376113899311997,0.04173958418312004,0.0,0.0
8,norm_high,21,9,0.2057472703772082,0.13823644728468676,0.06751082309252143,0.1557070350399231,0.05004023533728511,0.0,0.0
8,norm_high,21,10,0.16940291382713854,0.11381758272760871,0.05558533109952983,0.15280786552064918,0.016595048306489363,0.0,0.0
8,norm_high,21,11,0.18636165522943998,0.12521173710727998,0.061149918122159995,0.16354775292460108,0.022813902304838936,0.0,0.0
8,norm_high,22,8,0.1940937930964508,0.12737405171954586,0.06671974137690496,0.15383538227588292,0.040258410820567865,0.0,0.0
8,norm_high,22,9,0.20332586110940054,0.1334325963530441,0.06989326475635643,0.156059952534885,0.047265908574515514,0.0,0.0
8,norm_high,22,10,0.160722555783883,0.10547417723317322,0.055248378550709784,0.1481745874922886,0.012547968291594429,0.0,0.0
8,norm_high,22,11,0.17848057252309538,0.11712787571828134,0.06135269680481403,0.1601403894786537,0.01834018304444168,0.0,0.0
8,norm_high,23,8,0.18878081772266087,0.12093771135357961,0.06784310636908125,0.15238341950601117,0.03639739821664969,0.0,0.0
8,norm_high,23,9,0.19964482345699705,0.12789746502713872,0.07174735842985831,0.1554007622696502,0.04424406118734686,0.0,0.0
8,norm_high,23,10,0.15738109640468181,0.1008222648842493,0.05655883152043253,0.1470187338883538,0.010362362516328027,0.0,0.0
8,norm_high,23,11,0.17181186320360578,0.11006697486480996,0.06174488833879583,0.15752845517745964,0.014283408026146149,0.0,0.0
8,norm_high,24,8,0.17797975467439914,0.11123734667149945,0.06674240800289968,0.14940943485115657,0.028570319823242596,0.0,0.0
8,norm_high,24,9,0.1981325467340726,0.12383284170879538,0.07429970502527722,0.15602526313819465,0.04210728359587796,0.0,0.0
8,norm_high,24,10,0.15545790665249137,0.09716119165780711,0.058296714994684265,0.14725833934517646,0.00819956730731492,0.0,0.0
8,norm_high,24,11,0.16772203704495428,0.10482627315309642,0.06289576389185786,0.15629636699092994,0.011425670054024334,0.0,0.0
8,norm_high,25,8,0.16346743817609088,0.09961297013855538,0.0638544680375355,0.14580564518467728,0.0176617929914136,0.0,0.0
8,norm_high,25,9,0.19492082172192335,0.11877987573679705,0.0761409459851263,0.15617509222513073,0.03874572949679262,0.0,0.0
8,norm_high,25,10,0.1518919334646094,0.09255914695499635,0.05933278650961305,0.14623376627711684,0.005658167187492596,0.0,0.0
8,norm_high,25,11,0.16549880421511803,0.10085083381858755,0.06464797039653049,0.1561276862162248,0.009371117998893253,0.0,0.0
8,norm_high,26,8,0.15076599139212427,0.08951730738907378,0.06124868400305048,0.14379572543850241,0.006970265953621849,0.0,0.0
8,norm_high,26,9,0.18514658100108158,0.1099307824693922,0.07521579853168939,0.15310059725890215,0.03204598374217943,0.0,0.0
8,norm_high,26,10,0.14820660442319547,0.0879976713762723,0.06020893304692316,0.14413488346306386,0.0040717209601316105,0.0,0.0
8,norm_high,26,11,0.16435334509034727,0.0975847986473937,0.06676854644295357,0.1567228177570221,0.00763052733332517,0.0,0.0
8,norm_high,27,8,0.14200692616659316,0.08209775419006167,0.05990917197653149,0.14261206133055587,0.0006051351639627129,0.0,0.0
8,norm_high,27,9,0.17836020853150383,0.10311449555727566,0.07524571297422818,0.15152905216752477,0.026831156363979074,0.0,0.0
8,norm_high,27,10,0.14387139131299534,0.08317564810282543,0.060695743210169906,0.14243320435300175,0.0014381869599935885,0.0,0.0
8,norm_high,27,11,0.1637500925956058,0.0946680222818346,0.0690820703137712,0.15743368977652278,0.006316402819083046,0.0,0.0
8,norm_high,28,8,0.1352201807710179,0.07606135168369757,0.059158829087320335,0.14155599419751166,0.006335813426493763,0.0,0.0
8,norm_high,28,9,0.173149333175316,0.09739649991111525,0.07575283326420075,0.1496544959107692,0.023494837264546792,0.0,0.0
8,norm_high,28,10,0.1400370353482467,0.07877083238338878,0.061266202964857935,0.14148441808122902,0.0014473827329823195,0.0,0.0
8,norm_high,28,11,0.16315070088705785,0.09177226924897004,0.07137843163808781,0.15795322873080556,0.005197472156252299,0.0,0.0
8,norm_high,29,8,0.1287047194345954,0.07038539344079436,0.05831932599380105,0.1403233420084201,0.011618622573824674,0.0,0.0
8,norm_high,29,9,0.1674585961121671,0.09157891974884139,0.07587967636332571,0.1477355504182009,0.019723045693966212,0.0,0.0
8,norm_high,29,10,0.1367860415160706,0.07480486645410112,0.06198117506196949,0.1402092177832816,0.003423176267211002,0.0,0.0
8,norm_high,29,11,0.16240985242137057,0.08881788804293703,0.07359196437843354,0.1580581230133313,0.004351729408039273,0.0,0.0
8,norm_high,30,8,0.12317434204501154,0.06543636921141238,0.05773797283359916,0.13933077932399382,0.01615643727898227,0.0,0.0
8,norm_high,30,9,0.16113527315967355,0.08560311386607657,0.07553215929359698,0.14575285534151458,0.01538241781815896,0.0,0.0
8,norm_high,30,10,0.13417881931503933,0.07128249776111464,0.06289632155392469,0.138982831723503,0.004804012408463687,0.0,0.0
8,norm_high,30,11,0.1615008209988901,0.08579731115566036,0.07570350984322974,0.1578664766070757,0.0036343443918143924,0.0,0.0
8,norm_high,31,8,0.11961450758699356,0.061676230474543556,0.057938277112450004,0.13912130016414698,0.019506792577153417,0.0,0.0
8,norm_high,31,9,0.15469156526260017,0.07976283833852821,0.07492872692407196,0.1439872516897352,0.010704313572864967,0.0,0.0
8,norm_high,31,10,0.13278074276945204,0.0684650704904987,0.06431567227895334,0.1378374992535733,0.005056756484121254,0.0,0.0
8,norm_high,31,11,0.1607360138497463,0.08287950714127544,0.07785650670847087,0.15770752592413848,0.003028487925607845,0.0,0.0
8,norm_high,32,8,0.11720831707580397,0.05860415853790198,0.05860415853790198,0.13949060606342908,0.02228228898762512,0.0,0.0
8,norm_high,32,9,0.14841035790152218,0.07420517895076109,0.07420517895076109,0.14219576695588632,0.006214590945635869,0.0,0.0
8,norm_high,32,10,0.13323282125142852,0.06661641062571426,0.06661641062571426,0.13623363720828113,0.003000815956852608,0.0,0.0
8,norm_high,32,11,0.16102745696656956,0.08051372848328478,0.08051372848328478,0.15789959810662038,0.0031278588599491773,0.0,0.0
8,norm_high,33,8,0.11521861775262533,0.05580901797392789,0.05940959977869744,0.1398548596345633,0.024636241881937936,0.0,0.0
8,norm_high,33,9,0.14262359187281032,0.06908330231339249,0.07354028955941783,0.14065220855873403,0.001971383314076292,0.0,0.0
8,norm_high,33,10,0.13359565484976266,0.06471039531785379,0.06888525953190887,0.13603680378817437,0.0024411489384116997,0.0,0.0
8,norm_high,33,11,0.16402142120124477,0.07944787589435294,0.08457354530689183,0.15955266053881204,0.004468760662432734,0.0,0.0
8,norm_high,34,8,0.11318667075460355,0.05305625191622041,0.06013041883838314,0.14024409761956055,0.027057426864957004,0.0,0.0
8,norm_high,34,9,0.1377340707252095,0.06456284565244194,0.07317122507276755,0.13970178509993653,0.001967714374727039,0.0,0.0
8,norm_high,34,10,0.12960125101466713,0.06075058641312522,0.0688506646015419,0.13789688034357953,0.008295629328912413,0.0,0.0
8,norm_high,34,11,0.16536428505316475,0.07751450861867097,0.08784977643449378,0.1606610400393284,0.004703245013836339,0.0,0.0
8,norm_high,35,8,0.11101074398196802,0.05030174336682926,0.06070900061513876,0.14061781496978562,0.02960707098781762,0.0,0.0
8,norm_high,35,9,0.1336684269278283,0.060568505951672194,0.0730999209761561,0.1395292557761141,0.005860828848285801,0.0,0.0
8,norm_high,35,10,0.1250084991398911,0.05664447617276315,0.06836402296712794,0.1398774497542717,0.014868950614380599,0.0,0.0
8,norm_high,35,11,0.15966087057440653,0.07234633197902796,0.08731453859537858,0.1575381188714558,0.0021227517029507323,0.0,0.0
8,norm_high,36,8,0.108836623845635,0.047616022932465314,0.061220600913169686,0.14124518234261318,0.03240855849697817,0.0,0.0
8,norm_high,36,9,0.1301547925611084,0.056942721745484925,0.07321207081562348,0.1396994242816907,0.009544631720582267,0.0,0.0
8,norm_high,36,10,0.12140717523029056,0.05311563916325212,0.06829153606703844,0.1409591399434256,0.01955196471313506,0.0,0.0
8,norm_high,36,11,0.15556239796685112,0.06805854911049736,0.08750384885635376,0.15520568838557616,0.0003567095812749496,0.0,0.0
8,norm_high,37,8,0.10641583490505771,0.044894180350571224,0.061521654554486487,0.1422872428920339,0.03587140798697619,0.0,0.0
8,norm_high,37,9,0.1269328882242337,0.0535498122195986,0.07338307600463512,0.13999193712150276,0.013059048897269087,0.0,0.0
8,norm_high,37,10,0.118649600544365,0.05005530022965399,0.06859430031471102,0.14163543872895723,0.022985838184592225,0.0,0.0
8,norm_high,37,11,0.14831343850975573,0.0625697318713032,0.08574370663845253,0.1514043282011784,0.0030908896914226777,0.0,0.0
8,norm_high,38,8,0.10335693044632162,0.04198875299381816,0.06136817745250346,0.1428548873042937,0.03949795685797205,0.0,0.0
8,norm_high,38,9,0.1239567432998352,0.050357426965558054,0.07359931633427716,0.14036031144831648,0.016403568148481266,0.0,0.0
8,norm_high,38,10,0.11562505087124728,0.0469726769164442,0.06865237395480307,0.14216390578174495,0.02653885491049766,0.0,0.0
8,norm_high,38,11,0.14129500546547052,0.0574010959703474,0.08389390949512313,0.14878020418395668,0.007485198718486148,0.0,0.0
8,norm_high,39,8,0.10005798195384308,0.039085149200719954,0.060972832753123124,0.1433491186992722,0.04329113674542911,0.0,0.0
8,norm_high,39,9,0.12131367513838913,0.047388154350933256,0.07392552078745587,0.14081296799915424,0.01949929286076512,0.0,0.0
8,norm_high,39,10,0.11189158437882375,0.043707650147978026,0.06818393423084572,0.1426014172852717,0.03070983290644796,0.0,0.0
8,norm_high,39,11,0.13579574375612374,0.053045212404735836,0.08275053135138791,0.14754647765498785,0.011750733898864121,0.0,0.0
8,norm_high,40,8,0.09717823245077321,0.03644183716903995,0.06073639528173326,0.1438144986227057,0.04663626617193247,0.0,0.0
8,norm_high,40,9,0.11857229607714885,0.04446461102893082,0.07410768504821803,0.1413057046685043,0.022733408591355447,0.0,0.0
8,norm_high,40,10,0.10805861716035041,0.0405219814351314,0.06753663572521901,0.14285887068315742,0.034800253522807,0.0,0.0
8,norm_high,40,11,0.13121441229653533,0.04920540461120075,0.08200900768533458,0.14704231870403353,0.015827906407498222,0.0,0.0
8,norm_high,41,8,0.09470346933009323,0.03403405929050225,0.060669410039590976,0.1443367652124623,0.049633295882369075,0.0,0.0
8,norm_high,41,9,0.11560542442476208,0.04154569940264887,0.07405972502211321,0.14171780921308524,0.02611238478832317,0.0,0.0
8,norm_high,41,10,0.10454956745678408,0.03757250080478178,0.0669770666520023,0.14326226737546585,0.03871269991868176,0.0,0.0
8,norm_high,41,11,0.12739718090401697,0.0457833618873811,0.08161381901663588,0.1468878230147064,0.019490642110689436,0.0,0.0
8,norm_high,42,8,0.09228371880859229,0.0317225283404536,0.06056119046813869,0.14487715243205157,0.05259343362345928,0.0,0.0
8,norm_high,42,9,0.11272508998444797,0.038749249682153986,0.07397584030229398,0.1419098979940642,0.02918480800961624,0.0,0.0
8,norm_high,42,10,0.10175563405630429,0.0349784992068546,0.06677713484944969,0.1436185615652291,0.04186292750892479,0.0,0.0
8,norm_high,42,11,0.12413268190400593,0.04267060940450204,0.0814620724995039,0.1467434772989327,0.022610795394926785,0.0,0.0
8,norm_high,43,8,0.08973525247218161,0.02944437971743459,0.060290872754747024,0.14542218405964286,0.055686931587461234,0.0,0.0
8,norm_high,43,9,0.11010672776666999,0.03612877004843859,0.0739779577182314,0.1420332032558983,0.03192647548922832,0.0,0.0
8,norm_high,43,10,0.0996197097556244,0.03268771726356426,0.06693199249206014,0.14404537855505142,0.044425668799427026,0.0,0.0
8,norm_high,43,11,0.12071266641668658,0.039608843667975284,0.0811038227487113,0.14665157535698245,0.025938908940295883,0.0,0.0
8,norm_high,44,8,0.0871098117828888,0.02722181618215275,0.05988799560073605,0.14601540453376186,0.05890559275087306,0.0,0.0
8,norm_high,44,9,0.10783756941235183,0.03369924044135995,0.07413832897099189,0.14216017180386173,0.03432260239150991,0.0,0.0
8,norm_high,44,10,0.09828251560002729,0.03071328612500853,0.06756922947501877,0.14441577510225326,0.04613325950222597,0.0,0.0
8,norm_high,44,11,0.11664296435319726,0.03645092636037414,0.08019203799282312,0.14654696212021398,0.029903997767016726,0.0,0.0
8,norm_high,45,8,0.08454021706903692,0.025097876942370333,0.05944234012666658,0.14673890183057006,0.06219868476153316,0.0,0.0
8,norm_high,45,9,0.10583042974834607,0.03141840883154024,0.07441202091680583,0.14243574361864805,0.03660531387030198,0.0,0.0
8,norm_high,45,10,0.09725800835912866,0.02887347123161632,0.06838453712751234,0.1445359524891453,0.04727794413001662,0.0,0.0
8,norm_high,45,11,0.11269640285192731,0.03345674459666592,0.07923965825526139,0.14641088762849594,0.03371448477656861,0.0,0.0
8,norm_high,46,8,0.08215003271538103,0.023104696701200914,0.05904533601418011,0.14742603623392847,0.06527600351854743,0.0,0.0
8,norm_high,46,9,0.10380659734335056,0.029195605502817343,0.07461099184053321,0.14286061260020885,0.03905401525685831,0.0,0.0
8,norm_high,46,10,0.09577817954069637,0.026937612995820853,0.06884056654487551,0.1448404515690662,0.049062272028369824,0.0,0.0
8,norm_high,46,11,0.1088224901935181,0.030606325366926965,0.07821616482659113,0.1464587448745431,0.03763625468102501,0.0,0.0
8,norm_high,47,8,0.07995427820761548,0.021237855148897863,0.05871642305871762,0.14812651313490702,0.06817223492729155,0.0,0.0
8,norm_high,47,9,0.10155398573492397,0.026975277460839178,0.07457870827408479,0.14342480491817958,0.0418708191832556,0.0,0.0
8,norm_high,47,10,0.09319841546559139,0.024755829108047713,0.06844258635754367,0.14538333854953273,0.052184923083941334,0.0,0.0
8,norm_high,47,11,0.10493218976859635,0.027872612907283406,0.07705957686131294,0.14655420673196964,0.04162201696337329,0.0,0.0
12,norm_high,0,12,0.0741066329688582,0.0741066329688582,0.0,0.14285479322490116,0.06874816025604295,0.0,0.0
12,norm_high,0,13,0.10990619967190085,0.10990619967190085,0.0,0.12170340116431694,0.011797201492416087,0.0,0.0
12,norm_high,0,14,0.12802481379007333,0.12802481379007333,0.0,0.1206261498123316,0.007398663977741722,0.0,0.0
12,norm_high,0,15,0.15798208445730022,0.15798208445730022,0.0,0.12052104960931534,0.037461034847984895,0.0,0.0
12,norm_high,1,12,0.11117043765129837,0.10943339956299683,0.001737038088301537,0.1251872603354144,0.014016822684116057,0.0,0.0
12,norm_high,1,13,0.11888924248935578,0.1170315980754596,0.0018576444138961841,0.11770394602244395,0.0011852964669118442,0.0,0.0
12,norm_high,1,14,0.11303988499342665,0.11127363679040436,0.0017662482030222915,0.12556493918512995,0.0125250541917033,0.0,0.0
12,norm_high,1,15,0.15224465197451156,0.14986582928740982,0.002378822687101743,0.11554979703908294,0.036694854935428636,0.0,0.0
12,norm_high,2,12,0.19414540527121354,0.18807836135648812,0.006067043914725423,0.11551395966601752,0.07863144560519603,0.0,0.0
12,norm_high,2,13,0.11334759417833451,0.10980548186026155,0.0035421123180729534,0.11639945500881116,0.003051860830476648,0.0,0.0
12,norm_high,2,14,0.09558466220758513,0.09259764151359809,0.0029870206939870353,0.1340880728407741,0.038503410633188954,0.0,0.0
12,norm_high,2,15,0.1392393935673325,0.13488816251835337,0.004351231048979141,0.10848912454408122,0.030750269023251287,0.0,0.0
12,norm_high,3,12,0.26971141789283737,0.25706869517911063,0.012642722713726752,0.15461601879802594,0.1150953990948114,0.0,0.0
12,norm_high,3,13,0.10120948223466252,0.09646528775491271,0.004744194479749805,0.12418892399315039,0.02297944175848787,0.0,0.0
12,norm_high,3,14,0.08849364925139368,0.0843455094427346,0.004148139808659078,0.1395435993021261,0.05104995005073241,0.0,0.0
12,norm_high,3,15,0.122496349520761,0.11675433313697532,0.005742016383785672,0.10788238447299815,0.01461396504776284,0.0,0.0
12,norm_high,4,12,0.23215785459938504,0.21764798868692348,0.014509865912461565,0.12635864871565558,0.10579920588372943,0.0,0.0
12,norm_high,4,13,0.09176717361037105,0.08603172525972286,0.005735448350648191,0.13314935688202337,0.04138218327165232,0.0,0.0
12,norm_high,4,14,0.08886436667303066,0.08331034375596624,0.005554022917064416,0.13964436119506393,0.05077999452203325,0.0,0.0
12,norm_high,4,15,0.10670082026547252,0.10003201899888049,0.0066688012665920325,0.11807153622303644,0.011370715957563912,0.0,0.0
12,norm_high,5,12,0.22240001524239483,0.20502501405158274,0.017375001190812096,0.1352577150185524,0.08714230022384241,0.0,0.0
12,norm_high,5,13,0.08709106519851416,0.08028707572988024,0.006803989468633919,0.13925906831096682,0.05216800311245267,0.0,0.0
12,norm_high,5,14,0.08513444415153403,0.07848331570219542,0.006651128449338596,0.14220015937571895,0.057065715224184924,0.0,0.0
12,norm_high,5,15,0.10205425261316683,0.09408126412776317,0.007972988485403659,0.13079685267223295,0.028742600059066127,0.0,0.0
12,norm_high,6,12,0.2699249608020018,0.24461949572681413,0.025305465075187668,0.18467042581666648,0.0852545349853353,0.0,0.0
12,norm_high,6,13,0.0879061369745842,0.07966493663321693,0.008241200341367268,0.1417141990516753,0.053808062077091066,0.0,0.0
12,norm_high,6,14,0.08080597015215506,0.07323041045039053,0.007575559701764536,0.1441922620949163,0.06338629194276127,0.0,0.0
12,norm_high,6,15,0.15439062978394277,0.13991650824169813,0.014474121542244634,0.12697451143793367,0.02741611834600907,0.0,0.0
12,norm_high,7,12,0.2692310639519037,0.23978391633216425,0.029447147619739468,0.20159663795960273,0.06763442599230098,0.0,0.0
12,norm_high,7,13,0.09484792982025456,0.08447393749616422,0.010373992324090342,0.14034738368863892,0.04549945386838435,0.0,0.0
12,norm_high,7,14,0.07612869934066124,0.06780212285027643,0.008326576490384823,0.1475982801743031,0.07146958083364187,0.0,0.0
12,norm_high,7,15,0.19903355087022637,0.17726425624379535,0.02176929462643101,0.13931109756761448,0.059722453302611854,0.0,0.0
12,norm_high,8,12,0.26664276188919794,0.2333124166530482,0.03333034523614974,0.2168342159696578,0.049808545919540155,0.0,0.0
12,norm_high,8,13,0.10803898821327944,0.09453411468661951,0.01350487352665993,0.13577104804561424,0.027732059832334798,0.0,0.0
12,norm_high,8,14,0.08318177268768283,0.07278405110172248,0.010397721585960354,0.14866692413746943,0.0654851514497866,0.0,0.0
12,norm_high,8,15,0.19736855948607768,0.17269748955031797,0.02467106993575971,0.13359719790798225,0.06377136157809543,0.0,0.0
12,norm_high,9,12,0.2347160098395014,0.2017090709558215,0.033006938883679886,0.20454964264687295,0.03016636719262845,0.0,0.0
12,norm_high,9,13,0.1288162581531546,0.11070147185036723,0.018114786302787365,0.12956115504765256,0.000744896894497982,0.0,0.0
12,norm_high,9,14,0.09791876362980537,0.08414893749436399,0.01376982613544138,0.14443433983288417,0.04651557620307881,0.0,0.0
12,norm_high,9,15,0.19724404564338258,0.1695066017247819,0.027737443918600675,0.12957865980304106,0.06766538584034154,0.0,0.0
12,norm_high,10,12,0.17466021090652561,0.147369552952381,0.027290657954144627,0.17681426551718013,0.002154054610654513,0.0,0.0
12,norm_high,10,13,0.16161748699203846,0.13636475464953246,0.02525273234250601,0.12621551449436755,0.035401972497670915,0.0,0.0
12,norm_high,10,14,0.10945395989975663,0.09235177866541966,0.017102181234336974,0.14181631162385444,0.03236235172409781,0.0,0.0
12,norm_high,10,15,0.2102549134408575,0.17740258321572352,0.03285233022513399,0.13410524204071245,0.07614967140014509,0.0,0.0
12,norm_high,11,12,0.135527046120007,0.11223333506813078,0.0232937110518762,0.16770137360832538,0.032174327488318395,0.0,0.0
12,norm_high,11,13,0.20529710186439418,0.17001166248145141,0.03528543938294275,0.13611797547661225,0.06917912638778194,0.0,0.0
12,norm_high,11,14,0.11689777690508293,0.0968059714995218,0.02009180540556113,0.14138285882302992,0.024485081917946995,0.0,0.0
12,norm_high,11,15,0.22286696072130907,0.1845617018473341,0.038305258873975,0.1394682685462712,0.08339869217503787,0.0,0.0
12,norm_high,12,12,0.12104012968325699,0.0983451053676463,0.022695024315610685,0.16686969738481403,0.045829567701557036,0.0,0.0
12,norm_high,12,13,0.23387232903810706,0.19002126734346197,0.043851061694645074,0.1510751228341537,0.08279720620395337,0.0,0.0
12,norm_high,12,14,0.1244472184370487,0.10111336498010207,0.02333385345694663,0.14233055263962596,0.017883334202577254,0.0,0.0
12,norm_high,12,15,0.2234194355283056,0.1815282913667483,0.0418911441615573,0.1399019797774303,0.08351745575087527,0.0,0.0
12,norm_high,13,12,0.11482739938467583,0.09150308388466355,0.023324315500012276,0.1671397166174026,0.05231231723272676,0.0,0.0
12,norm_high,13,13,0.21323626074200455,0.16992264527878487,0.04331361546321968,0.14487028286311704,0.06836597787888751,0.0,0.0
12,norm_high,13,14,0.1459585288106433,0.11631070264598138,0.02964782616466192,0.14520688115095892,0.000751647659684359,0.0,0.0
12,norm_high,13,15,0.2163412238237226,0.17239691273452895,0.04394431108919365,0.13766744698420133,0.07867377683952126,0.0,0.0
12,norm_high,14,12,0.11058157986375768,0.08639185926856069,0.02418972059519699,0.16724964478972618,0.056668064925968493,0.0,0.0
12,norm_high,14,13,0.15660239637639317,0.12234562216905717,0.034256774207336006,0.12974605431709976,0.02685634205929343,0.0,0.0
12,norm_high,14,14,0.13841374402137632,0.10813573751670025,0.03027800650467607,0.1436018759809878,0.0051881319596114705,0.0,0.0
12,norm_high,14,15,0.2065852451945346,0.16139472280823017,0.045190522386304444,0.13551647403622893,0.07106877115830566,0.0,0.0
12,norm_high,15,12,0.10708692570273844,0.08198842749115912,0.02509849821157932,0.16743391603857632,0.06034699033583789,0.0,0.0
12,norm_high,15,13,0.13842064748036872,0.1059783082271573,0.03244233925321142,0.12751080740686196,0.010909840073506781,0.0,0.0
12,norm_high,15,14,0.13153497516957927,0.10070646536420913,0.03082850980537014,0.14441639787496574,0.012881422705386475,0.0,0.0
12,norm_high,15,15,0.20333222668984913,0.15567623605941575,0.04765599063043339,0.13893099903397432,0.0644012276558748,0.0,0.0
12,norm_high,16,12,0.10475859892663522,0.07856894919497642,0.026189649731658805,0.16810149156924306,0.06334289264260784,0.0,0.0
12,norm_high,16,13,0.13756806592076326,0.10317604944057245,0.034392016480190815,0.12823553226398382,0.009332533656779418,0.0,0.0
12,norm_high,16,14,0.1422691695670748,0.1067018771753061,0.0355672923917687,0.1481752097673432,0.005906040200268365,0.0,0.0
12,norm_high,16,15,0.20375412008587995,0.15281559006440998,0.05093853002146999,0.14518359665895592,0.058570523426924044,0.0,0.0
12,norm_high,17,12,0.10403893410729385,0.07640359223504392,0.02763534187224993,0.1685826620714316,0.06454372796413775,0.0,0.0
12,norm_high,17,13,0.1385418637980369,0.10174168122668335,0.03680018257135355,0.12882363808659603,0.009718225711440855,0.0,0.0
12,norm_high,17,14,0.15302270142599733,0.11237604635971679,0.04064665506628054,0.15253067713979132,0.0004920242862060136,0.0,0.0
12,norm_high,17,15,0.19722533524618927,0.14483735557142025,0.05238797967476903,0.1458179956315182,0.05140733961467107,0.0,0.0
12,norm_high,18,12,0.10241505350426704,0.07361081970619193,0.028804233798075105,0.16821614841571725,0.06580109491145023,0.0,0.0
12,norm_high,18,13,0.1380567863330764,0.09922831517689865,0.038828471156177734,0.13088749890526713,0.007169287427809255,0.0,0.0
12,norm_high,18,14,0.15690426701626553,0.11277494191794085,0.04412932509832468,0.1541867172828702,0.002717549733395311,0.0,0.0
12,norm_high,18,15,0.18250470142089292,0.1311752541462668,0.051329447274626135,0.13970254853802552,0.04280215288286743,0.0,0.0
12,norm_high,19,12,0.1009968271262197,0.07101339407312322,0.029983433053096472,0.16806073962466644,0.06706391249844677,0.0,0.0
12,norm_high,19,13,0.13530926651984648,0.09513932802176706,0.04016993849807943,0.1310822156978618,0.004227050821984692,0.0,0.0
12,norm_high,19,14,0.15592305618171268,0.10963339887776673,0.04628965730394595,0.1539342436412466,0.0019888125404660733,0.0,0.0
12,norm_high,19,15,0.16475506512118843,0.1158434051633356,0.048911659957852814,0.13273067526749335,0.03202438985369508,0.0,0.0
12,norm_high,20,12,0.10121800793658968,0.0695873804564054,0.031630627480184276,0.1682726282876239,0.06705462035103421,0.0,0.0
12,norm_high,20,13,0.13057630754632352,0.08977121143809742,0.0408050961082261,0.1305423758723671,3.393167395640119e-05,0.0,0.0
12,norm_high,20,14,0.15280161505255724,0.1050511103486331,0.04775050470392414,0.1539808137034541,0.0011791986508968622,0.0,0.0
12,norm_high,20,15,0.15720264909579404,0.10807682125335841,0.04912582784243564,0.13092628972174275,0.026276359374051296,0.0,0.0
12,norm_high,21,12,0.10232143191391234,0.06874721206715985,0.03357421984675248,0.16837268547469333,0.066051253560781,0.0,0.0
12,norm_high,21,13,0.12669101501119642,0.0851205257106476,0.041570489300548824,0.13068801626987803,0.003997001258681603,0.0,0.0
12,norm_high,21,14,0.14964154068203783,0.10054041014574416,0.04910113053629366,0.15533812379300085,0.005696583110963015,0.0,0.0
12,norm_high,21,15,0.15475737574919365,0.10397761183148949,0.05077976391770417,0.130406278838074,0.02435109691111966,0.0,0.0
12,norm_high,22,12,0.10271809593493865,0.06740875045730349,0.03530934547763516,0.1685007641891765,0.06578266825423786,0.0,0.0
12,norm_high,22,13,0.12369615037279193,0.0811755986821447,0.042520551690647224,0.13103929694147143,0.007343146568679493,0.0,0.0
12,norm_high,22,14,0.1447995484813577,0.095024703690891,0.04977484479046671,0.15544434027347992,0.010644791792122209,0.0,0.0
12,norm_high,22,15,0.155748584373737,0.10221000849526492,0.0535385758784721,0.12984422686922503,0.02590435750451195,0.0,0.0
12,norm_high,23,12,0.10142797494791736,0.06497729645100955,0.0364506784969078,0.1687717972774176,0.06734382232950022,0.0,0.0
12,norm_high,23,13,0.1211546283893571,0.0776146838119319,0.04353994457742521,0.13147009983912983,0.010315471449772731,0.0,0.0
12,norm_high,23,14,0.1393037710146178,0.08924147830623953,0.050062292708378274,0.15498614253718365,0.01568237152256583,0.0,0.0
12,norm_high,23,15,0.15723546803368835,0.1007289717090816,0.05650649632460675,0.1296599820308534,0.02757548600283494,0.0,0.0
12,norm_high,24,12,0.09963215250046026,0.06227009531278766,0.0373620571876726,0.1690671446381974,0.06943499213773713,0.0,0.0
12,norm_high,24,13,0.11881227361150458,0.07425767100719036,0.044554602604314215,0.13184268932504747,0.013030415713542876,0.0,0.0
12,norm_high,24,14,0.13366122955536733,0.08353826847210458,0.05012296108326275,0.154321249155164,0.020660019599796662,0.0,0.0
12,norm_high,24,15,0.15952023905131466,0.09970014940707166,0.059820089644243,0.1306712531974252,0.028848985853889446,0.0,0.0
12,norm_high,25,12,0.09779560732323078,0.059594198212593756,0.038201409110637026,0.16948630050046729,0.0716906931772365,0.0,0.0
12,norm_high,25,13,0.11678333931345172,0.07116484739413464,0.04561849191931708,0.13243496488608714,0.015651625572635414,0.0,0.0
12,norm_high,25,14,0.1277903423127106,0.07787223984680802,0.04991810246590258,0.15372158929685775,0.02593124698414713,0.0,0.0
12,norm_high,25,15,0.1614689342033919,0.09839513178019194,0.06307380242319996,0.1324192857429712,0.02904964846042068,0.0,0.0
12,norm_high,26,12,0.09624177225587906,0.05714355227692819,0.03909821997895087,0.1702484494462737,0.07400667719039465,0.0,0.0
12,norm_high,26,13,0.1151698498124056,0.06838209832611583,0.046787751486289775,0.13312721428700358,0.017957364474597986,0.0,0.0
12,norm_high,26,14,0.12192218776588999,0.07239129898599718,0.04953088877989281,0.15327307119142214,0.03135088342553213,0.0,0.0
12,norm_high,26,15,0.15907749585483058,0.09445226316380566,0.06462523269102492,0.13333747769960339,0.025740018155227192,0.0,0.0
12,norm_high,27,12,0.09497801355170048,0.054909164084576835,0.04006884946712364,0.17089625063488567,0.07591823708318521,0.0,0.0
12,norm_high,27,13,0.11387859192611795,0.06583606095728693,0.04804253096883101,0.1337261508984701,0.019847558972352162,0.0,0.0
12,norm_high,27,14,0.11645361532804219,0.06732474636152438,0.049128868966517796,0.15303086701996224,0.03657725169192006,0.0,0.0
12,norm_high,27,15,0.15308936735034925,0.08850479049942066,0.0645845768509286,0.13278760690931837,0.020301760441030884,0.0,0.0
12,norm_high,28,12,0.09320790856671884,0.05242944856877935,0.0407784599979395,0.17115467473980345,0.0779467661730846,0.0,0.0
12,norm_high,28,13,0.11278666591868244,0.06344249957925888,0.04934416633942357,0.13437906308108735,0.021592397162404915,0.0,0.0
12,norm_high,28,14,0.1115715546905205,0.06275899951341779,0.04881255517710272,0.15297321431144903,0.041401659620928524,0.0,0.0
12,norm_high,28,15,0.15345640151233736,0.08631922585068977,0.06713717566164759,0.134557941274958,0.01889846023737937,0.0,0.0
12,norm_high,29,12,0.08884160771271125,0.048585254217888965,0.04025635349482229,0.17057691145942097,0.08173530374670972,0.0,0.0
12,norm_high,29,13,0.11174417010799774,0.061110093027811264,0.050634077080186475,0.13504808239096228,0.02330391228296453,0.0,0.0
12,norm_high,29,14,0.1065901074266848,0.05829146499896825,0.04829864242771655,0.1526928624763637,0.0461027550496789,0.0,0.0
12,norm_high,29,15,0.15490600429616694,0.08471422109946629,0.07019178319670065,0.13679909619687136,0.01810690809929558,0.0,0.0
12,norm_high,30,12,0.08182246305604927,0.04346818349852618,0.038354279557523095,0.1695549447546246,0.08773248169857532,0.0,0.0
12,norm_high,30,13,0.11046029190481428,0.05868203007443259,0.05177826183038169,0.13543630286648606,0.024976010961671773,0.0,0.0
12,norm_high,30,14,0.10228796074957118,0.05434047914820969,0.04794748160136149,0.15243997550082092,0.05015201475124974,0.0,0.0
12,norm_high,30,15,0.1551865852855231,0.08244287343293415,0.07274371185258895,0.137824219171775,0.01736236611374806,0.0,0.0
12,norm_high,31,12,0.07548173013696764,0.03892026710187394,0.0365614630350937,0.17013361686502787,0.09465188672806023,0.0,0.0
12,norm_high,31,13,0.10878996059032105,0.05609482342938429,0.05269513716093676,0.13578977321191293,0.02699981262159189,0.0,0.0
12,norm_high,31,14,0.09915894498687924,0.05112883100885961,0.04803011397801964,0.15234257494136377,0.053183629954484536,0.0,0.0
12,norm_high,31,15,0.1540467955365819,0.07943037894855004,0.07461641658803186,0.13798347189334284,0.01606332364323906,0.0,0.0
12,norm_high,32,12,0.07139705072566468,0.03569852536283234,0.03569852536283234,0.1710009767860398,0.0996039260603751,0.0,0.0
12,norm_high,32,13,0.1068450281489471,0.05342251407447355,0.05342251407447355,0.1361775702023517,0.029332542053404596,0.0,0.0
12,norm_high,32,14,0.09678941100476791,0.04839470550238396,0.04839470550238396,0.15244385953071385,0.055654448525945914,0.0,0.0
12,norm_high,32,15,0.15221930459539992,0.07610965229769996,0.07610965229769996,0.1386592436169525,0.01356006097844741,0.0,0.0
12,norm_high,33,12,0.06961221091844409,0.033718414663621354,0.03589379625482274,0.17082189001702083,0.10120967909857675,0.0,0.0
12,norm_high,33,13,0.10481656336014754,0.050770522877571465,0.05404604048257607,0.1366773487362203,0.031860785376072766,0.0,0.0
12,norm_high,33,14,0.09451641634336905,0.04578138916631938,0.04873502717704967,0.15247878785275584,0.05796237150938679,0.0,0.0
12,norm_high,33,15,0.14984708981488457,0.07258218412908471,0.07726490568579986,0.13907865525039045,0.010768434564494138,0.0,0.0
12,norm_high,34,12,0.06765346407473521,0.03171256128503213,0.035940902789703084,0.17080928025787778,0.10315581618314255,0.0,0.0
12,norm_high,34,13,0.10309420668282678,0.04832540938257505,0.05476879730025173,0.13701810083489988,0.0339238941520731,0.0,0.0
12,norm_high,34,14,0.09259648964445613,0.04340460452083881,0.04919188512361732,0.15253154006264144,0.059935050418185316,0.0,0.0
12,norm_high,34,15,0.14664720563454522,0.06874087764119308,0.07790632799335215,0.13945165205408055,0.00719555358046467,0.0,0.0
12,norm_high,35,12,0.06673787353775273,0.030240598946794206,0.03649727459095853,0.17074139487214435,0.10400352133439163,0.0,0.0
12,norm_high,35,13,0.1015901621571772,0.04603304222747092,0.05555711992970628,0.13721682697182347,0.035626664814646256,0.0,0.0
12,norm_high,35,14,0.09130727594630846,0.04137360941317102,0.04993366653313744,0.15255210281102313,0.06124482686471468,0.0,0.0
12,norm_high,35,15,0.1428100953643075,0.06471082446195184,0.07809927090235566,0.1392556568642148,0.0035544385000927034,0.0,0.0
12,norm_high,36,12,0.06619552787991176,0.028960543447461393,0.037234984432450366,0.17027420928170825,0.10407868140179649,0.0,0.0
12,norm_high,36,13,0.09978298495845857,0.04365505591932562,0.05612792903913295,0.1373283975767447,0.03754541261828613,0.0,0.0
12,norm_high,36,14,0.08990835219001647,0.039334904083132206,0.050573448106884265,0.15255682953740662,0.06264847734739014,0.0,0.0
12,norm_high,36,15,0.14088171411194975,0.061635749923978016,0.07924596418797174,0.13933913799765432,0.0015425761142954166,0.0,0.0
12,norm_high,37,12,0.06553789518488105,0.027648799531121693,0.03788909565375936,0.16994137338128326,0.10440347819640221,0.0,0.0
12,norm_high,37,13,0.09760985540919803,0.04117915775075542,0.056430697658442615,0.13764514535637426,0.040035289947176235,0.0,0.0
12,norm_high,37,14,0.0887256672880972,0.03743114088716601,0.0512945264009312,0.1526562982360314,0.0639306309479342,0.0,0.0
12,norm_high,37,15,0.13972881318977476,0.05894809306443623,0.08078072012533853,0.13959108019745534,0.0001377329923194185,0.0,0.0
12,norm_high,38,12,0.06483334465684999,0.02633854626684531,0.038494798390004685,0.16990307673582422,0.10506973207897423,0.0,0.0
12,norm_high,38,13,0.09557249986745102,0.03882632807115197,0.056746171796299046,0.13822345552807674,0.04265095566062573,0.0,0.0
12,norm_high,38,14,0.08740832526024292,0.03550963213697369,0.05189869312326923,0.1528378208245681,0.0654294955643252,0.0,0.0
12,norm_high,38,15,0.13722882304389153,0.05574920936158093,0.08147961368231059,0.13892446698929242,0.0016956439454008537,0.0,0.0
12,norm_high,39,12,0.06380002627353604,0.024921885263100015,0.038878141010436025,0.16980871526807514,0.10600868899453911,0.0,0.0
12,norm_high,39,13,0.0937988450518387,0.036640173848374494,0.05715867120346421,0.13898038840072718,0.045181543348888485,0.0,0.0
12,norm_high,39,14,0.08594894563634163,0.03357380688919595,0.05237513874714568,0.15295104672546314,0.06700210108912152,0.0,0.0
12,norm_high,39,15,0.13544206567839667,0.0529070569056237,0.08253500877277298,0.13859318602175846,0.0031511203433617803,0.0,0.0
12,norm_high,40,12,0.06281599498829162,0.023555998120609357,0.03925999686768226,0.1697905727217528,0.10697457773346118,0.0,0.0
12,norm_high,40,13,0.09210920611186613,0.0345409522919498,0.05756825381991633,0.1398123488550039,0.04770314274313777,0.0,0.0
12,norm_high,40,14,0.08452650160211783,0.03169743810079419,0.052829063501323645,0.15322884634731068,0.06870234474519285,0.0,0.0
12,norm_high,40,15,0.1331097081724077,0.049916140564652885,0.08319356760775481,0.13834078086115129,0.005231072688743601,0.0,0.0
12,norm_high,41,12,0.06229406782702378,0.02238693062533667,0.03990713720168711,0.16998111993591022,0.10768705210888645,0.0,0.0
12,norm_high,41,13,0.0903906806584405,0.03248415086162705,0.05790652979681345,0.14069549058013722,0.05030480992169673,0.0,0.0
12,norm_high,41,14,0.08328661315733857,0.029931126603418547,0.05335548655392002,0.1535041837678623,0.07021757061052371,0.0,0.0
12,norm_high,41,15,0.12955713020585408,0.046559593667728806,0.08299753653812526,0.13798889184265237,0.00843176163679831,0.0,0.0
12,norm_high,42,12,0.06189419248481976,0.021276128666656794,0.04061806381816297,0.17014082317703866,0.10824663069221889,0.0,0.0
12,norm_high,42,13,0.08866422834066748,0.030478328492104446,0.05818589984856303,0.14141127390607222,0.052747045565404736,0.0,0.0
12,norm_high,42,14,0.08213770529298778,0.028234836194464548,0.05390286909852323,0.15367881678856596,0.07154111149557818,0.0,0.0
12,norm_high,42,15,0.12465867424161022,0.04285141927055351,0.0818072549710567,0.13754440736070378,0.012885733119093561,0.0,0.0
12,norm_high,43,12,0.06142234264034513,0.020154206178863245,0.041268136461481884,0.170337101159435,0.1089147585190899,0.0,0.0
12,norm_high,43,13,0.08705343435676999,0.02856440814831515,0.058489026208454836,0.14202942234878502,0.05497598799201503,0.0,0.0
12,norm_high,43,14,0.08096134856115424,0.026565442496628733,0.054395906064525504,0.15378762350409036,0.07282627494293614,0.0,0.0
12,norm_high,43,15,0.11967460631983462,0.039268230198695735,0.08040637612113888,0.13693703674420973,0.017262430424375107,0.0,0.0
12,norm_high,44,12,0.06086227089307748,0.019019459654086714,0.04184281123899077,0.17047545412945353,0.10961318323637605,0.0,0.0
12,norm_high,44,13,0.08568917105603366,0.02677786595501052,0.05891130510102314,0.1425619033959354,0.056872732339901755,0.0,0.0
12,norm_high,44,14,0.07986740490318969,0.024958564032246777,0.054908840870942915,0.15394633617223322,0.07407893126904355,0.0,0.0
12,norm_high,44,15,0.11525080159113718,0.03601587549723037,0.07923492609390681,0.13705739409581716,0.02180659250467997,0.0,0.0
12,norm_high,45,12,0.060182342685843514,0.017866632984859795,0.04231570970098372,0.17056329624184527,0.11038095355600175,0.0,0.0
12,norm_high,45,13,0.0845890919845472,0.02511238668291245,0.05947670530163475,0.14302614620073884,0.05843705421619165,0.0,0.0
12,norm_high,45,14,0.07888846534536144,0.023420013149404176,0.05546845219595726,0.1541087166896293,0.07522025134426787,0.0,0.0
12,norm_high,45,15,0.11107547100471742,0.03297553045452548,0.07809994055019193,0.13754761388419534,0.026472142879477925,0.0,0.0
12,norm_high,46,12,0.05931846075581246,0.016683317087572255,0.04263514366824021,0.17056818040245084,0.11124971964663838,0.0,0.0
12,norm_high,46,13,0.0835722137832547,0.023504685126540387,0.06006752865671432,0.14346636218557718,0.059894148402322475,0.0,0.0
12,norm_high,46,14,0.07801028186785958,0.021940391775335508,0.05606989009252407,0.15427492336921036,0.07626464150135079,0.0,0.0
12,norm_high,46,15,0.10709804140960326,0.030121324146450915,0.07697671726315235,0.13831002356468738,0.031211982155084136,0.0,0.0
12,norm_high,47,12,0.05841035342337056,0.015515250128082804,0.042895103295287756,0.1704509870198064,0.11204063359643585,0.0,0.0
12,norm_high,47,13,0.08235134137522511,0.02187457505279417,0.06047676632243094,0.14395469104968173,0.061603349674456596,0.0,0.0
12,norm_high,47,14,0.07700098408662107,0.02045338639800872,0.056547597688612346,0.154537722632945,0.0775367385463239,0.0,0.0
12,norm_high,47,15,0.1033983529847595,0.02746518751157674,0.07593316547318275,0.13925186462386788,0.03585351163910836,0.0,0.0
0,smc01_high,0,0,0.15222660610198033,0.15222660610198033,0.0,0.09808833357787552,0.1,0.0,0.514892578125
0,smc01_high,0,1,0.18167397449166828,0.18167397449166828,0.0,0.12406269303637768,0.1,0.0,0.519775390625
0,smc01_high,0,2,0.08842107906727106,0.08842107906727106,0.0,0.04926295894781863,0.1,0.0,0.6904296875
0,smc01_high,0,3,0.16248645496254221,0.16248645496254221,0.0,0.11338403367478699,0.1,0.0,0.591064453125
0,smc01_high,1,0,0.15619173168378492,0.15375123587622577,0.0024404958075591393,0.12783836051789427,0.1,0.3369140625,0.14794921875
0,smc01_high,1,1,0.18440018014041118,0.18151892732571726,0.0028812528146939247,0.15159703621608062,0.1,0.432373046875,0.104736328125
0,smc01_high,1,2,0.08885690501258532,0.08746851587176367,0.0013883891408216456,0.10817715802238231,0.1,0.49609375,0.186767578125
0,smc01_high,1,3,0.17348185350826215,0.17077119954719555,0.002710653961066596,0.14796747154911943,0.1,0.402099609375,0.119384765625
0,smc01_high,2,0,0.15298185709219247,0.14820117405806146,0.004780683034131015,0.1059717249478976,0.1,0.138671875,0.361083984375
0,smc01_high,2,1,0.1945249303934787,0.18844602631868249,0.00607890407479621,0.14437574642468473,0.1,0.11328125,0.427490234375
0,smc01_high,2,2,0.08743493601322061,0.08470259426280746,0.002732341750413144,0.06823348258558785,0.1,0.135498046875,0.562255859375
0,smc01_high,2,3,0.17695002819327754,0.17142033981223762,0.005529688381039923,0.12186472142560162,0.1,0.13330078125,0.2958984375
0,smc01_high,3,0,0.14353833058868412,0.13680997134233955,0.006728359246344568,0.11028839530835059,0.1,0.24365234375,0.28857421875
0,smc01_high,3,1,0.19052069668159644,0.1815900390246466,0.008930657656949833,0.15721049048860236,0.1,0.370361328125,0.173095703125
0,smc01_high,3,2,0.08711786097265584,0.08303421123956259,0.004083649733093242,0.09973590870026432,0.1,0.4150390625,0.300537109375
0,smc01_high,3,3,0.16606437219963596,0.15828010475277804,0.007784267446857935,0.11782955609806756,0.1,0.2041015625,0.1923828125
0,smc01_high,4,0,0.1324246433254106,0.12414810311757243,0.008276540207838162,0.09941580740670967,0.1,0.2197265625,0.339111328125
0,smc01_high,4,1,0.18042650913582506,0.16914985231483598,0.011276656820989066,0.13064443842541454,0.1,0.140380859375,0.3935546875
0,smc01_high,4,2,0.08814509713253799,0.08263602856175437,0.005509068570783624,0.08397034493617032,0.1,0.2265625,0.505126953125
0,smc01_high,4,3,0.14374741283294146,0.13476319953088262,0.008984213302058841,0.0911191962449979,0.1,0.125732421875,0.3095703125
0,smc01_high,5,0,0.12092247278986425,0.11147540460315611,0.009447068186708145,0.09454797454754667,0.1,0.239990234375,0.338623046875
0,smc01_high,5,1,0.15404921871826102,0.14201412350589687,0.012035095212364143,0.12066677041618924,0.1,0.296630859375,0.248291015625
0,smc01_high,5,2,0.08632112121377139,0.0795772836189455,0.00674383759482589,0.09709619670606233,0.1,0.373046875,0.396240234375
0,smc01_high,5,3,0.1234545595824657,0.11380967211508557,0.009644887467380132,0.09083095378045865,0.1,0.226806640625,0.296630859375
0,smc01_high,6,0,0.11191371953901702,0.10142180833223417,0.010491911206782846,0.09194680859444432,0.1,0.26025390625,0.347900390625
0,smc01_high,6,1,0.1295922632985186,0.1174429886142825,0.01214927468423612,0.09491710355763686,0.1,0.1875,0.389892578125
0,smc01_high,6,2,0.08269665647965205,0.07494384493468467,0.0077528115449673795,0.08825057116120641,0.1,0.281494140625,0.521240234375
0,smc01_high,6,3,0.11064922675004427,0.10027586174222762,0.010373365007816649,0.08974869964958919,0.1,0.252685546875,0.370361328125
0,smc01_high,7,0,0.10546787520459201,0.09393232635408977,0.011535548850502252,0.08659914578724953,0.1,0.238037109375,0.38525390625
0,smc01_high,7,1,0.11236604642546072,0.10007601009767596,0.012290036327784765,0.09654749001742617,0.1,0.30126953125,0.320068359375
0,smc01_high,7,2,0.07476212400954903,0.0665850166960046,0.008177107313544424,0.09869139967948927,0.1,0.4052734375,0.43408203125
0,smc01_high,7,3,0.10163281719814178,0.09051672781709502,0.011116089381046758,0.09192479623224649,0.1,0.278076171875,0.414306640625
0,smc01_high,8,0,0.10065192966689024,0.08807043845852897,0.01258149120836128,0.09056326582305663,0.1,0.2900390625,0.369384765625
0,smc01_high,8,1,0.10224284972322395,0.08946249350782096,0.012780356215402994,0.0893449480151762,0.1,0.255615234375,0.41455078125
0,smc01_high,8,2,0.06708576427638058,0.058700043741833005,0.008385720534547572,0.09517839713517413,0.1,0.3505859375,0.52880859375
0,smc01_high,8,3,0.09622255350867802,0.08419473432009326,0.012027819188584752,0.09776372243121363,0.1,0.3447265625,0.392578125
0,smc01_high,9,0,0.09978937355242024,0.08575649289661114,0.014032880655809096,0.08702704094512544,0.1,0.2392578125,0.43115234375
0,smc01_high,9,1,0.0989667775753769,0.08504957447883953,0.013917203096537377,0.09527219558638576,0.1,0.330078125,0.35498046875
0,smc01_high,9,2,0.058609546242151034,0.05036757880184854,0.008241967440302488,0.09963101022672248,0.1,0.444091796875,0.470703125
0,smc01_high,9,3,0.09331935914005457,0.0801963242609844,0.013123034879070173,0.09702223079256353,0.1,0.327392578125,0.4326171875
0,smc01_high,10,0,0.10121811497259584,0.08540278450812773,0.0158153304644681,0.09629932229724246,0.1,0.315185546875,0.372314453125
0,smc01_high,10,1,0.10039135529606129,0.08470520603105171,0.015686149265009577,0.09144642108361166,0.1,0.27783203125,0.39892578125
0,smc01_high,10,2,0.05275266964330329,0.04451006501153715,0.008242604631766138,0.09956743844489437,0.1,0.406494140625,0.53173828125
0,smc01_high,10,3,0.0947182270728058,0.07991850409267989,0.014799722980125907,0.10190872398698476,0.1,0.374755859375,0.39306640625
0,smc01_high,11,0,0.10679194497419649,0.08843707943175647,0.01835486554244002,0.09771796823999186,0.1,0.260498046875,0.4345703125
0,smc01_high,11,1,0.10593967860761122,0.08773129634692804,0.01820838226068318,0.0985629703307232,0.1,0.31982421875,0.344482421875
0,smc01_high,11,2,0.04852923453366922,0.04018827234819482,0.008340962185474397,0.1014082108773049,0.1,0.467529296875,0.492919921875
0,smc01_high,11,3,0.0977787178840913,0.0809730007477631,0.016805717136328193,0.10211102395980234,0.1,0.33740234375,0.428955078125
0,smc01_high,12,0,0.11235430008284897,0.0912878688173148,0.02106643126553418,0.10867654940726333,0.1,0.3291015625,0.388427734375
0,smc01_high,12,1,0.11827389364600333,0.0960975385873777,0.022176355058625623,0.09825205024366994,0.1,0.251708984375,0.375244140625
0,smc01_high,12,2,0.04633265650483912,0.037645283410181786,0.008687373094657336,0.10265738782514688,0.1,0.4482421875,0.52734375
0,smc01_high,12,3,0.10243023827318981,0.08322456859696672,0.01920566967622309,0.10557675799941468,0.1,0.3740234375,0.39111328125
0,smc01_high,13,0,0.11562258936057428,0.09213675089670763,0.02348583846386665,0.10998578617341419,0.1,0.295654296875,0.443115234375
0,smc01_high,13,1,0.13926498840936602,0.11097678763871355,0.028288200770652472,0.1129811383890408,0.1,0.277587890625,0.27880859375
0,smc01_high,13,2,0.04634396828115141,0.03693034972404253,0.00941361855710888,0.10244547327964298,0.1,0.46484375,0.513427734375
0,smc01_high,13,3,0.11106461205720639,0.08850461273308634,0.022559999324120047,0.1113244467708288,0.1,0.339599609375,0.427490234375
0,smc01_high,14,0,0.11446672248672692,0.0894271269427554,0.02503959554397151,0.11283753406147437,0.1,0.343017578125,0.409423828125
0,smc01_high,14,1,0.15936170404400593,0.12450133128437964,0.0348603727596263,0.12159279630683612,0.1,0.208251953125,0.3076171875
0,smc01_high,14,2,0.047110956668199915,0.03680543489703118,0.010305521771168731,0.10450463676530741,0.1,0.468505859375,0.50537109375
0,smc01_high,14,3,0.12142979058303127,0.09486702389299317,0.02656276669003809,0.11956586883555054,0.1,0.3681640625,0.40185546875
0,smc01_high,15,0,0.11090500148472568,0.0849116417617431,0.02599335972298258,0.11061116352521086,0.1,0.345458984375,0.414794921875
0,smc01_high,15,1,0.14841821365786012,0.11363269483179915,0.034785518826060964,0.11550573781991892,0.1,0.22314453125,0.33203125
0,smc01_high,15,2,0.04942512863401625,0.03784111411041869,0.011584014523597558,0.10174221573092092,0.1,0.44482421875,0.519287109375
0,smc01_high,15,3,0.12336442853118472,0.0944508905941883,0.028913537936996418,0.12041348398463653,0.1,0.3447265625,0.4306640625
0,smc01_high,16,0,0.11131412423498876,0.08348559317624157,0.02782853105874719,0.1110528110742375,0.1,0.351806640625,0.4189453125
0,smc01_high,16,1,0.14617979673744524,0.10963484755308393,0.03654494918436131,0.11523356518734847,0.1,0.232666015625,0.332763671875
0,smc01_high,16,2,0.05157548689676591,0.03868161517257443,0.012893871724191477,0.10415437411421549,0.1,0.462158203125,0.494384765625
0,smc01_high,16,3,0.12241493378781099,0.09181120034085824,0.030603733446952747,0.12192900051430769,0.1,0.37255859375,0.40771484375
0,smc01_high,17,0,0.10963297037025677,0.08051171261565732,0.029121257754599453,0.11180473266287476,0.1,0.359619140625,0.42431640625
0,smc01_high,17,1,0.15284836726560655,0.11224801971067981,0.04060034755492674,0.12027742333560772,0.1,0.238037109375,0.3154296875
0,smc01_high,17,2,0.05452488397489538,0.0400417116690638,0.014483172305831587,0.10118810324067502,0.1,0.4306640625,0.51171875
0,smc01_high,17,3,0.1238591155257403,0.09095903796421553,0.03290007756152477,0.12146456785808205,0.1,0.350830078125,0.419921875
0,smc01_high,18,0,0.10911602480586922,0.0784271428292185,0.03068888197665072,0.11267240378566364,0.1,0.374755859375,0.417236328125
0,smc01_high,18,1,0.16723772895740163,0.12020211768813242,0.04703561126926921,0.13089835197206273,0.1,0.24462890625,0.2802734375
0,smc01_high,18,2,0.05734466323542724,0.04121647670046333,0.01612818653496391,0.10302972798103975,0.1,0.445068359375,0.486572265625
0,smc01_high,18,3,0.12528625108500846,0.09004949296734983,0.035236758117658626,0.12139954439476013,0.1,0.358642578125,0.40283203125
0,smc01_high,19,0,0.10732619362528384,0.07546372989277769,0.03186246373250614,0.11237729736616568,0.1,0.369384765625,0.429443359375
0,smc01_high,19,1,0.185560732555057,0.13047239007777445,0.055088342477282545,0.1435638322719864,0.1,0.21337890625,0.282470703125
0,smc01_high,19,2,0.06107167179269453,0.04294101922923834,0.01813065256345619,0.1010613085056383,0.1,0.41943359375,0.497802734375
0,smc01_high,19,3,0.12755110998409935,0.08968437420756986,0.03786673577652949,0.12387240098944838,0.1,0.356201171875,0.4130859375
0,smc01_high,20,0,0.1047148302978185,0.07199144582975021,0.03272338446806828,0.1120747022459562,0.1,0.381103515625,0.423828125
0,smc01_high,20,1,0.20964406286457982,0.14413029321939863,0.06551376964518119,0.1652693355917908,0.1,0.2060546875,0.2685546875
0,smc01_high,20,2,0.06574865626592268,0.04520220118282184,0.020546455083100837,0.10229643039288519,0.1,0.426025390625,0.469482421875
0,smc01_high,20,3,0.1316424443213665,0.09050418047093946,0.04113826385042703,0.12723080255658611,0.1,0.35546875,0.4228515625
0,smc01_high,21,0,0.1014387286489534,0.06815414581101556,0.03328458283793783,0.10925507643301566,0.1,0.370849609375,0.43994140625
0,smc01_high,21,1,0.22992180686239702,0.154478713985673,0.07544309287672402,0.18450471454306172,0.1,0.201904296875,0.249755859375
0,smc01_high,21,2,0.07052689333989928,0.04738525646274483,0.023141636877154453,0.1019344474851935,0.1,0.404541015625,0.47216796875
0,smc01_high,21,3,0.14005582132983424,0.09410000495598238,0.04595581637385186,0.13590014580125734,0.1,0.364990234375,0.409912109375
0,smc01_high,22,0,0.09896242594118367,0.06494409202390178,0.03401833391728189,0.1082841395197329,0.1,0.377197265625,0.433349609375
0,smc01_high,22,1,0.22324089378159864,0.14650183654417412,0.07673905723742454,0.17741076481912174,0.1,0.18212890625,0.278564453125
0,smc01_high,22,2,0.07271827708786055,0.047721369338908484,0.024996907748952066,0.1012451138218525,0.1,0.403564453125,0.460205078125
0,smc01_high,22,3,0.15091208656900168,0.09903605681090735,0.05187602975809433,0.1451573938675695,0.1,0.35205078125,0.42138671875
0,smc01_high,23,0,0.09897334743997088,0.06340480070373135,0.035568546736239534,0.10741297115249981,0.1,0.37841796875,0.4228515625
0,smc01_high,23,1,0.2146335888577464,0.1374996428619938,0.07713394599575261,0.16940521431891542,0.1,0.194580078125,0.270751953125
0,smc01_high,23,2,0.07461004727931977,0.04779706153831423,0.026812985741005543,0.10028796108637555,0.1,0.38525390625,0.4658203125
0,smc01_high,23,3,0.16017674407061191,0.10261322667023576,0.05756351740037616,0.15357940391802363,0.1,0.365966796875,0.40771484375
0,smc01_high,24,0,0.1005260125865501,0.06282875786659381,0.03769725471995629,0.10704073248039524,0.1,0.3642578125,0.42529296875
0,smc01_high,24,1,0.2033968067107748,0.12712300419423425,0.07627380251654056,0.16021596093014284,0.1,0.198486328125,0.2763671875
0,smc01_high,24,2,0.07785748023205553,0.04866092514503471,0.029196555087020827,0.10024223023231071,0.1,0.390380859375,0.43798828125
0,smc01_high,24,3,0.165315678131238,0.10332229883202373,0.061993379299214245,0.1577149261083099,0.1,0.342529296875,0.429931640625
0,smc01_high,25,0,0.10230042031201415,0.06233931862763362,0.03996110168438053,0.10633070640269071,0.1,0.357666015625,0.42578125
0,smc01_high,25,1,0.1896114795985901,0.11554449538039084,0.07406698421819925,0.14951977450912307,0.1,0.2060546875,0.304931640625
0,smc01_high,25,2,0.08277354605034663,0.05044012962442998,0.03233341642591665,0.09842354101608748,0.1,0.3603515625,0.443115234375
0,smc01_high,25,3,0.1653324226994712,0.10074944508249027,0.06458297761698094,0.1574187367476411,0.1,0.3564453125,0.412841796875
0,smc01_high,26,0,0.1073460158262269,0.06373669689682222,0.04360931892940468,0.11055990750301775,0.1,0.36279296875,0.40283203125
0,smc01_high,26,1,0.18455781931573984,0.10958120521872053,0.0749766140970193,0.1460599229135278,0.1,0.2236328125,0.294677734375
0,smc01_high,26,2,0.08702754276445818,0.05167260351639704,0.035354939248061136,0.0987814520983601,0.1,0.357421875,0.42724609375
0,smc01_high,26,3,0.16049499106079174,0.09529390094234509,0.06520109011844664,0.15245724342895833,0.1,0.348388671875,0.417236328125
0,smc01_high,27,0,0.10853224369944486,0.06274520338874157,0.045787040310703304,0.10725531259231626,0.1,0.33642578125,0.42578125
0,smc01_high,27,1,0.17978932060307715,0.10394070097365397,0.07584861962942317,0.14144778137986141,0.1,0.220703125,0.303466796875
0,smc01_high,27,2,0.09177622023040309,0.05305812732070179,0.0387180929097013,0.09893517494529903,0.1,0.34619140625,0.4130859375
0,smc01_high,27,3,0.1552449936811506,0.08975101197191519,0.06549398170923541,0.14650600961187438,0.1,0.3447265625,0.410888671875
0,smc01_high,28,0,0.1077341139656697,0.060600439105689206,0.0471336748599805,0.10998298297414909,0.1,0.361083984375,0.408935546875
0,smc01_high,28,1,0.17483067313089184,0.09834225363612667,0.07648841949476518,0.13812861144721944,0.1,0.2294921875,0.307373046875
0,smc01_high,28,2,0.09628760706781646,0.05416177897564676,0.0421258280921697,0.09778146281267815,0.1,0.322265625,0.41162109375
0,smc01_high,28,3,0.14967746140447394,0.0841935720400166,0.06548388936445734,0.14072473999825044,0.1,0.33935546875,0.412353515625
0,smc01_high,29,0,0.10641724114654313,0.05819692875201578,0.048220312394527357,0.1082959187283981,0.1,0.346923828125,0.435302734375
0,smc01_high,29,1,0.17030119175020095,0.09313346423839114,0.07716772751180981,0.13588534394448953,0.1,0.24072265625,0.31005859375
0,smc01_high,29,2,0.09974765781800665,0.05454950036922239,0.04519815744878426,0.09861046368831702,0.1,0.327392578125,0.3935546875
0,smc01_high,29,3,0.1438698255972691,0.07867881087350655,0.06519101472376256,0.13494481762508756,0.1,0.33544921875,0.4150390625
0,smc01_high,30,0,0.10646349163216628,0.05655872992958834,0.049904761702577946,0.11008296791939784,0.1,0.3681640625,0.415771484375
0,smc01_high,30,1,0.16290792173379173,0.08654483342107686,0.07636308831271488,0.12990022124576617,0.1,0.24365234375,0.316162109375
0,smc01_high,30,2,0.10167044196667857,0.05401242229479799,0.04765801967188058,0.0981787442959069,0.1,0.314208984375,0.39599609375
0,smc01_high,30,3,0.13745502562144993,0.07302298236139527,0.06443204326005465,0.13004267659342952,0.1,0.339111328125,0.4189453125
0,smc01_high,31,0,0.10565129638346847,0.05447644969772593,0.05117484668574254,0.10864768963012782,0.1,0.353515625,0.429443359375
0,smc01_high,31,1,0.15247936225563027,0.07862217116305936,0.07385719109257091,0.12255921299763331,0.1,0.24755859375,0.332763671875
0,smc01_high,31,2,0.099801629952975,0.05146021544450273,0.048341414508472264,0.0970876024531588,0.1,0.31396484375,0.404541015625
0,smc01_high,31,3,0.13182280040047353,0.06797113145649417,0.06385166894397937,0.1258562713376239,0.1,0.341552734375,0.425048828125
0,smc01_high,32,0,0.1044694897938656,0.0522347448969328,0.0522347448969328,0.10915959580353107,0.1,0.364990234375,0.419189453125
0,smc01_high,32,1,0.14339937746052772,0.07169968873026386,0.07169968873026386,0.11518306341463483,0.1,0.248046875,0.34033203125
0,smc01_high,32,2,0.09936786173863198,0.04968393086931599,0.04968393086931599,0.09817694260653924,0.1,0.32470703125,0.400146484375
0,smc01_high,32,3,0.1279408001624416,0.0639704000812208,0.0639704000812208,0.12459603301925633,0.1,0.35400390625,0.423583984375
0,smc01_high,33,0,0.102544380119854,0.04966993412055429,0.05287444599929972,0.10683112532308275,0.1,0.354248046875,0.433349609375
0,smc01_high,33,1,0.13599982351029083,0.06587491451279712,0.07012490899749371,0.11165770024723559,0.1,0.2685546875,0.330810546875
0,smc01_high,33,2,0.09830460217578796,0.04761629167889729,0.05068831049689067,0.09970579807218197,0.1,0.324951171875,0.418212890625
0,smc01_high,33,3,0.1252402474344131,0.06066324485104384,0.06457700258336925,0.12355058536050426,0.1,0.3544921875,0.432373046875
0,smc01_high,34,0,0.10039561646563167,0.04706044521826484,0.05333517124736682,0.10654520033502389,0.1,0.363525390625,0.426025390625
0,smc01_high,34,1,0.13152742310071872,0.0616534795784619,0.06987394352225682,0.10814351557664002,0.1,0.2568359375,0.361328125
0,smc01_high,34,2,0.09433442362337091,0.04421926107345511,0.0501151625499158,0.09720576929744512,0.1,0.33056640625,0.423095703125
0,smc01_high,34,3,0.12430710114383008,0.058268953661170346,0.06603814748265972,0.12442520011918562,0.1,0.366455078125,0.429931640625
0,smc01_high,35,0,0.09795598621343207,0.04438630625296141,0.05356967996047066,0.10488912460811968,0.1,0.361083984375,0.43212890625
0,smc01_high,35,1,0.12864982486901033,0.058294451893770305,0.07035537297524003,0.10932668567369633,0.1,0.286376953125,0.34765625
0,smc01_high,35,2,0.08952181854299238,0.040564574027293424,0.04895724451569895,0.09756908914416994,0.1,0.347412109375,0.42822265625
0,smc01_high,35,3,0.12335235618772848,0.05589403639756447,0.06745831979016402,0.12313053046322736,0.1,0.367919921875,0.437255859375
0,smc01_high,36,0,0.09515965027768468,0.041632346996487046,0.05352730328119763,0.10520619838141479,0.1,0.37255859375,0.42626953125
0,smc01_high,36,1,0.12693594168144529,0.05553447448563231,0.07140146719581297,0.10763161348140436,0.1,0.27001953125,0.375244140625
0,smc01_high,36,2,0.08756797326899585,0.038310988305185686,0.04925698496381016,0.09824218394385752,0.1,0.356201171875,0.42724609375
0,smc01_high,36,3,0.12186601021201367,0.05331637946775598,0.06854963074425768,0.12445068052693728,0.1,0.37890625,0.431884765625
0,smc01_high,37,0,0.09341948917023897,0.039411346993694564,0.054008142176544406,0.10369726651374693,0.1,0.366943359375,0.4453125
0,smc01_high,37,1,0.12513866002990126,0.052792872200114596,0.07234578782978666,0.10822460749030591,0.1,0.29248046875,0.352294921875
0,smc01_high,37,2,0.08597419597854183,0.03627036392844733,0.0497038320500945,0.09862862760210656,0.1,0.35498046875,0.4443359375
0,smc01_high,37,3,0.11895755947443042,0.05018522040327533,0.06877233907115508,0.1213860242082928,0.1,0.37109375,0.445556640625
0,smc01_high,38,0,0.091914039050631,0.037340078364318845,0.05457396068631216,0.10454756063668556,0.1,0.379150390625,0.44091796875
0,smc01_high,38,1,0.12262543709901072,0.0498165838214731,0.07280885327753761,0.10611150458098387,0.1,0.28125,0.369873046875
0,smc01_high,38,2,0.08538593292581305,0.034688035251111554,0.050697897674701495,0.09892012198196802,0.1,0.359130859375,0.443359375
0,smc01_high,38,3,0.11633378347839214,0.04726059953809681,0.06907318394029534,0.12151428582049563,0.1,0.38525390625,0.435791015625
0,smc01_high,39,0,0.09065705362835756,0.03541291157357717,0.05524414205478039,0.10354863486384783,0.1,0.3740234375,0.4501953125
0,smc01_high,39,1,0.11963060447448011,0.046730704872843795,0.07289989960163631,0.10427768420254022,0.1,0.288330078125,0.37255859375
0,smc01_high,39,2,0.08381492511943077,0.03274020512477764,0.05107471999465313,0.09852950630714474,0.1,0.36669921875,0.44189453125
0,smc01_high,39,3,0.11330802426105878,0.044260946976976086,0.0690470772840827,0.11897100151201301,0.1,0.385986328125,0.439208984375
0,smc01_high,40,0,0.08903011702708143,0.03338629388515554,0.05564382314192589,0.10372288657981288,0.1,0.3798828125,0.449462890625
0,smc01_high,40,1,0.11711330061511398,0.04391748773066774,0.07319581288444624,0.1030805395523094,0.1,0.288818359375,0.379638671875
0,smc01_high,40,2,0.08285548351383641,0.031070806317688653,0.05178467719614776,0.09821306458885869,0.1,0.357177734375,0.45068359375
0,smc01_high,40,3,0.11093791335652685,0.04160171750869757,0.06933619584782928,0.11914042761382192,0.1,0.39501953125,0.43603515625
0,smc01_high,41,0,0.087629609038441,0.031491890748189734,0.056137718290251264,0.10352871100484318,0.1,0.38427734375,0.44873046875
0,smc01_high,41,1,0.1147813279493755,0.04124953973180682,0.07353178821756867,0.10105330120104644,0.1,0.29150390625,0.37646484375
0,smc01_high,41,2,0.08244091496744342,0.02962720381642498,0.05281371115101844,0.09765766450808076,0.1,0.3681640625,0.437744140625
0,smc01_high,41,3,0.10814797054707487,0.03886567691535503,0.06928229363171984,0.11645359960282128,0.1,0.388427734375,0.447998046875
0,smc01_high,42,0,0.08610304951545429,0.029597923270937413,0.05650512624451688,0.1029472170031324,0.1,0.38037109375,0.461181640625
0,smc01_high,42,1,0.11273449916748596,0.0387524840888233,0.07398201507866266,0.10137218519896465,0.1,0.29541015625,0.380126953125
0,smc01_high,42,2,0.0840890146570131,0.028905598788348252,0.05518341586866485,0.09848404717490518,0.1,0.35205078125,0.453369140625
0,smc01_high,42,3,0.10571796054453761,0.0363405489371848,0.0693774116073528,0.11649753709711752,0.1,0.399658203125,0.442626953125
0,smc01_high,43,0,0.08499747403583037,0.02788979616800684,0.05710767786782353,0.10299892796195886,0.1,0.38427734375,0.454345703125
0,smc01_high,43,1,0.11024515945201921,0.036174192945193806,0.0740709665068254,0.09935240609540483,0.1,0.292724609375,0.38671875
0,smc01_high,43,2,0.0873654727169136,0.028666795735237276,0.05869867698167632,0.10018487286881987,0.1,0.3720703125,0.427978515625
0,smc01_high,43,3,0.10285949282275761,0.03375077108246734,0.06910872174029027,0.11431177306852047,0.1,0.390380859375,0.45361328125
0,smc01_high,44,0,0.0837276262459699,0.026164883201865594,0.0575627430441043,0.10315783946053272,0.1,0.388427734375,0.4560546875
0,smc01_high,44,1,0.10764381436300766,0.03363869198843989,0.07400512237456776,0.09860303528595443,0.1,0.30029296875,0.38623046875
0,smc01_high,44,2,0.08944255341620913,0.02795079794256535,0.06149175547364378,0.09991378750305972,0.1,0.34912109375,0.451171875
0,smc01_high,44,3,0.10015832383447891,0.03129947619827466,0.06885884763620426,0.11351460345914122,0.1,0.406494140625,0.439453125
0,smc01_high,45,0,0.08283061767240231,0.024590339621494435,0.058240278050907875,0.10260104470833244,0.1,0.388671875,0.455078125
0,smc01_high,45,1,0.10485058589032194,0.031127517686189324,0.07372306820413262,0.09720293118216516,0.1,0.29833984375,0.397216796875
0,smc01_high,45,2,0.08812992819238015,0.026163572432112855,0.061966355760267294,0.10066172947999007,0.1,0.3681640625,0.4404296875
0,smc01_high,45,3,0.09714766863673606,0.028840714126531018,0.06830695451020505,0.11117451422447965,0.1,0.39111328125,0.455078125
0,smc01_high,46,0,0.08161866297212449,0.022955248960910012,0.05866341401121448,0.10225634882783613,0.1,0.389892578125,0.457275390625
0,smc01_high,46,1,0.10188742512704616,0.028655838316981732,0.07323158681006442,0.09595867021577141,0.1,0.303955078125,0.406494140625
0,smc01_high,46,2,0.08528470371712932,0.023986322920442622,0.061298380796686695,0.09892978569472105,0.1,0.35791015625,0.45751953125
0,smc01_high,46,3,0.09432930214232171,0.026530116227527982,0.06779918591479372,0.11000014205191619,0.1,0.4033203125,0.4453125
0,smc01_high,47,0,0.08060347036488476,0.021410296815672514,0.05919317354921225,0.10191017887238138,0.1,0.390380859375,0.4580078125
0,smc01_high,47,1,0.09928686854050774,0.026373074456072367,0.07291379408443537,0.09613386711513322,0.1,0.31494140625,0.401611328125
0,smc01_high,47,2,0.08235561037229365,0.0218757090051405,0.06047990136715315,0.09945108325647452,0.1,0.372314453125,0.45068359375
0,smc01_high,47,3,0.09125337654134158,0.02423917814379386,0.06701419839754773,0.10837151416325977,0.1,0.393798828125,0.45849609375
4,smc01_high,0,4,0.0798901046334073,0.0798901046334073,0.0,0.056094119301263914,0.1,0.0,0.760009765625
4,smc01_high,0,5,0.10445120237934812,0.10445120237934812,0.0,0.07545645667445097,0.1,0.0,0.73974609375
4,smc01_high,0,6,0.13187463580451894,0.13187463580451894,0.0,0.0701602023237957,0.1,0.0,0.43359375
4,smc01_high,0,7,0.1176059073798838,0.1176059073798838,0.0,0.06216249615794273,0.1,0.0,0.504638671875
4,smc01_high,1,4,0.07696837449903171,0.07576574364748434,0.0012026308515473705,0.1103744953724976,0.1,0.55712890625,0.21435546875
4,smc01_high,1,5,0.1072038978787902,0.1055288369744341,0.0016750609043560969,0.12655178322107244,0.1,0.5322265625,0.2119140625
4,smc01_high,1,6,0.13174231617163198,0.12968384248145023,0.0020584736901817498,0.1044499130169557,0.1,0.25244140625,0.1806640625
4,smc01_high,1,7,0.13771828479950554,0.13556643659951326,0.002151848199992274,0.11048464077308442,0.1,0.33154296875,0.091064453125
4,smc01_high,2,4,0.08221972496079717,0.07965035855577227,0.0025693664050249116,0.08448399859748493,0.1,0.303466796875,0.43212890625
4,smc01_high,2,5,0.11527863097540852,0.11167617375742701,0.0036024572179815164,0.09045840969433357,0.1,0.259521484375,0.310791015625
4,smc01_high,2,6,0.145585761305818,0.14103620626501118,0.004549555040806812,0.09271225602387478,0.1,0.148681640625,0.258056640625
4,smc01_high,2,7,0.14771634267818468,0.1431002069694914,0.004616135708693271,0.08359118816290864,0.1,0.072509765625,0.266357421875
4,smc01_high,3,4,0.08615861541027238,0.08211993031291587,0.004038685097356518,0.08749546344341483,0.1,0.272216796875,0.4384765625
4,smc01_high,3,5,0.12930178219608018,0.12324076115563892,0.006061021040441259,0.09294703932622124,0.1,0.196533203125,0.257080078125
4,smc01_high,3,6,0.16093801248069173,0.1533940431456593,0.007543969335032425,0.10581139110959087,0.1,0.148193359375,0.251220703125
4,smc01_high,3,7,0.14925209371288825,0.14225590182009662,0.006996191892791636,0.09708935364387275,0.1,0.1982421875,0.139404296875
4,smc01_high,4,4,0.09036258444426645,0.0847149229164998,0.005647661527766653,0.09038852829321486,0.1,0.330810546875,0.348876953125
4,smc01_high,4,5,0.14085285840930498,0.1320495547587234,0.008803303650581561,0.09087170762214072,0.1,0.14892578125,0.26416015625
4,smc01_high,4,6,0.17579772633970145,0.1648103684434701,0.01098735789623134,0.1240466407983855,0.1,0.17822265625,0.22021484375
4,smc01_high,4,7,0.14954725496012522,0.1402005515251174,0.009346703435007826,0.08714661110953195,0.1,0.098876953125,0.254150390625
4,smc01_high,5,4,0.08788246929492498,0.08101665138125896,0.006865817913666014,0.08456428776743256,0.1,0.25927734375,0.450927734375
4,smc01_high,5,5,0.1480050549151107,0.1364421599998677,0.011562894915243024,0.0999630290597597,0.1,0.1884765625,0.22998046875
4,smc01_high,5,6,0.1890339446797959,0.17426566775168684,0.014768276928109055,0.13458847080032166,0.1,0.15478515625,0.247802734375
4,smc01_high,5,7,0.14721872543681336,0.13571726251206231,0.011501462924751044,0.09505321913733118,0.1,0.182373046875,0.20361328125
4,smc01_high,6,4,0.09081813351586444,0.08230393349875215,0.008514200017112292,0.09491650788581808,0.1,0.3486328125,0.355712890625
4,smc01_high,6,5,0.16117401215527577,0.14606394851571866,0.015110063639557103,0.11209863718033053,0.1,0.19482421875,0.196044921875
4,smc01_high,6,6,0.2058683422506465,0.1865681851646484,0.01930015708599811,0.15098711139377777,0.1,0.17529296875,0.222412109375
4,smc01_high,6,7,0.14325722846210723,0.12982686329378468,0.013430365168322553,0.09144028537482422,0.1,0.148193359375,0.266845703125
4,smc01_high,7,4,0.08936214749922847,0.07958816261650035,0.009773984882728114,0.08749301467988609,0.1,0.282958984375,0.453857421875
4,smc01_high,7,5,0.2111522330799084,0.18805745758679343,0.02309477549311498,0.15057653871397694,0.1,0.140625,0.18310546875
4,smc01_high,7,6,0.21918877050619248,0.19521499873207768,0.0239737717741148,0.16299254790774562,0.1,0.17431640625,0.193115234375
4,smc01_high,7,7,0.13603243901580506,0.12115389099845138,0.014878548017353678,0.09279686837158554,0.1,0.196533203125,0.250732421875
4,smc01_high,8,4,0.09990651351492896,0.08741819932556284,0.01248831418936612,0.1006540803602473,0.1,0.337890625,0.374755859375
4,smc01_high,8,5,0.3258198324299532,0.2850923533762091,0.04072747905374415,0.2589691140078052,0.09999999999999999,0.099853515625,0.185791015625
4,smc01_high,8,6,0.2337647819421975,0.2045441841994228,0.029220597742774686,0.17330854795531764,0.1,0.145751953125,0.17822265625
4,smc01_high,8,7,0.126275649852984,0.110491193621361,0.015784456231623,0.08877647936661683,0.1,0.1787109375,0.339111328125
4,smc01_high,9,4,0.10783287789526985,0.09266887944124753,0.015163998454022323,0.10139797597741325,0.1,0.316162109375,0.38037109375
4,smc01_high,9,5,0.31178845922016596,0.2679432071423301,0.043845252077835836,0.2518139715787658,0.1,0.14111328125,0.198486328125
4,smc01_high,9,6,0.2426991189792014,0.2085695553727512,0.0341295636064502,0.1815806059022062,0.1,0.135986328125,0.171630859375
4,smc01_high,9,7,0.11994498004762319,0.10307771722842618,0.01686726281919701,0.09526723263871364,0.1,0.252197265625,0.3701171875
4,smc01_high,10,4,0.16990507867762059,0.14335741013424236,0.026547668543378217,0.13742099677509462,0.1,0.27978515625,0.237060546875
4,smc01_high,10,5,0.256105694758649,0.21608917995261012,0.04001651480603891,0.2022693237490308,0.1,0.138427734375,0.264892578125
4,smc01_high,10,6,0.23015419511365373,0.19419260212714534,0.035961592986508396,0.17028785478276792,0.1,0.137451171875,0.1875
4,smc01_high,10,7,0.11871118609510001,0.10016256326774063,0.018548622827359376,0.10229817961955713,0.1,0.284423828125,0.3876953125
4,smc01_high,11,4,0.2358304495644661,0.1952970910455735,0.040533358518892615,0.1841225774386997,0.1,0.190185546875,0.203125
4,smc01_high,11,5,0.25266827659631186,0.20924091655632077,0.0434273600399911,0.2046812680916772,0.1,0.1689453125,0.278076171875
4,smc01_high,11,6,0.1299117826224881,0.10758319498424795,0.02232858763824014,0.09746324635737279,0.1,0.178466796875,0.416015625
4,smc01_high,11,7,0.12166430743872993,0.10075325459769822,0.020911052841031706,0.10812444516945574,0.1,0.29833984375,0.377197265625
4,smc01_high,12,4,0.25550901799703435,0.2076010771225904,0.047907940874443944,0.19696336838704956,0.1,0.1474609375,0.197509765625
4,smc01_high,12,5,0.2511137928224784,0.2040299566682637,0.0470838361542147,0.20441132385513583,0.1,0.20166015625,0.2353515625
4,smc01_high,12,6,0.11028983611746858,0.08961049184544322,0.02067934427202536,0.09902109823769711,0.1,0.294189453125,0.384521484375
4,smc01_high,12,7,0.1286325733606804,0.10451396585555282,0.024118607505127575,0.1107940178321735,0.1,0.30224609375,0.35888671875
4,smc01_high,13,4,0.2348901542919622,0.18717809170140737,0.04771206259055482,0.17757092559138185,0.1,0.132568359375,0.23583984375
4,smc01_high,13,5,0.23164201635097492,0.18458973177968313,0.04705228457129178,0.1828471526742084,0.1,0.176513671875,0.268310546875
4,smc01_high,13,6,0.111637087572389,0.08896080415924748,0.022676283413141513,0.10540681832979262,0.1,0.322021484375,0.39013671875
4,smc01_high,13,7,0.13616621564893797,0.10850745309524744,0.027658762553690524,0.11565581774185352,0.1,0.30224609375,0.343994140625
4,smc01_high,14,4,0.2099309325849643,0.16400854108200336,0.045922391502960944,0.15825740047939546,0.1,0.172607421875,0.2490234375
4,smc01_high,14,5,0.21822396336324726,0.17048747137753692,0.04773649198571034,0.17195853193732694,0.1,0.205810546875,0.25341796875
4,smc01_high,14,6,0.11751077953929305,0.0918052965150727,0.025705483024220356,0.11170063668839886,0.1,0.321533203125,0.4013671875
4,smc01_high,14,7,0.14367721940283204,0.11224782765846253,0.03142939174436951,0.12008533475367911,0.1,0.27734375,0.35546875
4,smc01_high,15,4,0.20351331752937563,0.15581488373342822,0.04769843379594741,0.15371687864596018,0.1,0.178955078125,0.2646484375
4,smc01_high,15,5,0.21539121127719688,0.16490889613410387,0.050482315143093016,0.17036503602211941,0.1,0.197509765625,0.275146484375
4,smc01_high,15,6,0.12328157957341247,0.09438745936089392,0.028894120212518547,0.11568213599573836,0.1,0.322509765625,0.402587890625
4,smc01_high,15,7,0.14889270055025466,0.11399597385878872,0.034896726691465936,0.12420468068920563,0.1,0.293212890625,0.3408203125
4,smc01_high,16,4,0.21353837547410043,0.1601537816055753,0.05338459386852511,0.16587299225402977,0.1,0.198486328125,0.24462890625
4,smc01_high,16,5,0.21880393572049397,0.1641029517903705,0.054700983930123494,0.1762789188351181,0.1,0.218994140625,0.260498046875
4,smc01_high,16,6,0.1296041632659701,0.09720312244947757,0.032401040816492525,0.12225320950774596,0.1,0.33544921875,0.38232421875
4,smc01_high,16,7,0.15394282906153817,0.11545712179615363,0.03848570726538454,0.12803750975607128,0.1,0.27197265625,0.359619140625
4,smc01_high,17,4,0.22573411430837334,0.16577349019521168,0.05996062411316167,0.1778002081574851,0.1,0.188232421875,0.2470703125
4,smc01_high,17,5,0.22109039390676916,0.1623632580252836,0.05872713588148556,0.17956101624825602,0.1,0.208740234375,0.296875
4,smc01_high,17,6,0.13422387477158332,0.0985706580353815,0.035653216736201816,0.12430208278317847,0.1,0.31640625,0.394287109375
4,smc01_high,17,7,0.15986773716166855,0.11740286947810034,0.042464867683568205,0.13586663849685646,0.1,0.30859375,0.33154296875
4,smc01_high,18,4,0.24178858122486718,0.17378554275537328,0.06800303846949389,0.19432516483591228,0.1,0.188720703125,0.24365234375
4,smc01_high,18,5,0.2124922807669259,0.15272882680122798,0.059763453965697905,0.17203118003632942,0.1,0.2197265625,0.299560546875
4,smc01_high,18,6,0.1374163939780268,0.09876803317170676,0.03864836080632004,0.126704942243825,0.1,0.326171875,0.372314453125
4,smc01_high,18,7,0.16945994964853592,0.1217993388098852,0.047660610838650724,0.14393200940172313,0.1,0.287353515625,0.3525390625
4,smc01_high,19,4,0.2609932876183308,0.18351090535663883,0.07748238226169195,0.2151390144451999,0.1,0.1845703125,0.25146484375
4,smc01_high,19,5,0.18862109261581161,0.13262420574549255,0.055996886870319076,0.15135477049796198,0.1,0.237548828125,0.312744140625
4,smc01_high,19,6,0.13942112436559215,0.09803047806955698,0.04139064629603517,0.12623805348740538,0.1,0.307373046875,0.381103515625
4,smc01_high,19,7,0.1791975398974391,0.12599827024038687,0.05319926965705224,0.1533561382895161,0.1,0.291748046875,0.34912109375
4,smc01_high,20,4,0.24868111598558748,0.1709682672400914,0.07771284874549608,0.20311299764714047,0.1,0.18603515625,0.262451171875
4,smc01_high,20,5,0.1666299843760011,0.11455811425850075,0.05207187011750034,0.13318055615691715,0.1,0.252197265625,0.319580078125
4,smc01_high,20,6,0.14121213560385026,0.09708334322764706,0.04412879237620321,0.12763441489089114,0.1,0.31982421875,0.35205078125
4,smc01_high,20,7,0.1825731589224706,0.12551904675919856,0.05705411216327207,0.15736111809427186,0.1,0.296142578125,0.34765625
4,smc01_high,21,4,0.24584866864007077,0.16517957424254753,0.08066909439752322,0.20176978902492398,0.1,0.198486328125,0.27392578125
4,smc01_high,21,5,0.1498983330815993,0.10071294253919953,0.04918539054239977,0.12097268501500331,0.1,0.26025390625,0.3330078125
4,smc01_high,21,6,0.14465394189275627,0.09718936720919562,0.04746457468356065,0.1272068162811422,0.1,0.2890625,0.369140625
4,smc01_high,21,7,0.1801468629736519,0.12103617356042237,0.05911068941322953,0.1556446671789187,0.1,0.29541015625,0.35302734375
4,smc01_high,22,4,0.2660837271871445,0.1746174459665636,0.09146628122058093,0.22415643184563788,0.1,0.203857421875,0.27734375
4,smc01_high,22,5,0.14077282311092443,0.09238216516654416,0.04839065794438027,0.11509774726577769,0.1,0.271240234375,0.34033203125
4,smc01_high,22,6,0.14955896162410937,0.09814806856582177,0.051410893058287596,0.1301282443387457,0.1,0.29736328125,0.345703125
4,smc01_high,22,7,0.1741074872251243,0.11425803849148783,0.059849448733636484,0.15117283021905528,0.1,0.296875,0.3642578125
4,smc01_high,23,4,0.22595917745565383,0.14475509805752823,0.0812040793981256,0.18438770385249478,0.1,0.21142578125,0.31103515625
4,smc01_high,23,5,0.13737635409749505,0.08800672684370776,0.04936962725378728,0.1146748543035977,0.1,0.2744140625,0.349365234375
4,smc01_high,23,6,0.15599296788919043,0.09993299505401261,0.05605997283517781,0.13411976366507614,0.1,0.28369140625,0.3466796875
4,smc01_high,23,7,0.1659804260741209,0.1063312104537337,0.05964921562038719,0.1451822390056487,0.1,0.3017578125,0.370849609375
4,smc01_high,24,4,0.22017156871531876,0.13760723044707424,0.08256433826824454,0.18108861476677854,0.1,0.248291015625,0.29150390625
4,smc01_high,24,5,0.136455758118918,0.08528484882432374,0.05117090929459425,0.11452154248408453,0.1,0.280517578125,0.3544921875
4,smc01_high,24,6,0.16229873992179913,0.10143671245112446,0.06086202747067468,0.1380288582946237,0.1,0.279296875,0.343994140625
4,smc01_high,24,7,0.16121868733525885,0.10076167958453677,0.06045700775072207,0.14165069866384725,0.1,0.30712890625,0.377685546875
4,smc01_high,25,4,0.20289111363626927,0.12363677237210159,0.07925434126416768,0.16592255387339638,0.1,0.229736328125,0.339599609375
4,smc01_high,25,5,0.1359567967565161,0.08284867302350199,0.0531081237330141,0.1154001067688817,0.1,0.28173828125,0.3642578125
4,smc01_high,25,6,0.1721923718933368,0.10492972662250212,0.06726264527083468,0.14676855226963295,0.1,0.281982421875,0.332763671875
4,smc01_high,25,7,0.15929638587057446,0.0970712351398813,0.062225150730693145,0.14163456923569048,0.1,0.322998046875,0.364990234375
4,smc01_high,26,4,0.1842952658919341,0.10942531412333587,0.07486995176859823,0.15122932034870518,0.1,0.264404296875,0.326171875
4,smc01_high,26,5,0.13652640216145104,0.08106255128336155,0.055463850878089485,0.11637623067380327,0.1,0.29345703125,0.35791015625
4,smc01_high,26,6,0.18207960828475736,0.10810976741907469,0.07396984086568267,0.15556530429726415,0.1,0.271728515625,0.350341796875
4,smc01_high,26,7,0.15695781232481498,0.0931937010678589,0.06376411125695608,0.1389687068815903,0.1,0.30712890625,0.3828125
4,smc01_high,27,4,0.17312206249053724,0.10008619237734184,0.0730358701131954,0.1419776214768893,0.1,0.251953125,0.347412109375
4,smc01_high,27,5,0.13830270410734702,0.07995625081206,0.058346453295287024,0.11878455771242426,0.1,0.284912109375,0.369384765625
4,smc01_high,27,6,0.17153992129298623,0.09917151699750766,0.07236840429547857,0.14743103042429445,0.1,0.28369140625,0.345947265625
4,smc01_high,27,7,0.1552483833554484,0.08975297162736862,0.0654954117280798,0.13843686077580322,0.1,0.31591796875,0.37841796875
4,smc01_high,28,4,0.16697367590814235,0.09392269269833008,0.07305098320981228,0.1379079568759596,0.1,0.278564453125,0.33740234375
4,smc01_high,28,5,0.14108253462203732,0.07935892572489599,0.061723608897141326,0.12210886749701759,0.1,0.295654296875,0.3671875
4,smc01_high,28,6,0.15240129598585908,0.08572572899204574,0.06667556699381334,0.129516430935543,0.1,0.27734375,0.365966796875
4,smc01_high,28,7,0.15490354656978808,0.0871332449455058,0.06777030162428228,0.13855496813321974,0.1,0.314208984375,0.38232421875
4,smc01_high,29,4,0.16285274278040343,0.08906009370803313,0.0737926490723703,0.1355416094264985,0.1,0.27685546875,0.3447265625
4,smc01_high,29,5,0.14161400304977487,0.07744515791784563,0.06416884513192923,0.12297612836996344,0.1,0.297119140625,0.36865234375
4,smc01_high,29,6,0.14450442321602386,0.07902585644626305,0.06547856676976081,0.12336468275800179,0.1,0.291259765625,0.356201171875
4,smc01_high,29,7,0.15478189499612152,0.08464634882600396,0.07013554617011757,0.13868369152921234,0.1,0.311279296875,0.388916015625
4,smc01_high,30,4,0.157846780789554,0.08385610229445056,0.07399067849510343,0.13145914853499,0.1,0.285888671875,0.34033203125
4,smc01_high,30,5,0.1382296108887555,0.07343448078465135,0.06479513010410413,0.12054071781974765,0.1,0.29736328125,0.37451171875
4,smc01_high,30,6,0.14098074330109805,0.07489601987870834,0.06608472342238972,0.11972631035967403,0.1,0.294677734375,0.351318359375
4,smc01_high,30,7,0.15464846166720908,0.08215699526070483,0.07249146640650425,0.13984800913604237,0.1,0.3232421875,0.383544921875
4,smc01_high,31,4,0.15127629581853458,0.07800184003143189,0.07327445578710269,0.1274551866372874,0.1,0.28564453125,0.3466796875
4,smc01_high,31,5,0.1317927032097509,0.0679556125925278,0.06383709061722309,0.11561460170910592,0.1,0.300048828125,0.375244140625
4,smc01_high,31,6,0.13987091555679276,0.07212094083397128,0.06774997472282149,0.11842818523125695,0.1,0.28515625,0.367431640625
4,smc01_high,31,7,0.15385799375125536,0.07933302802799104,0.07452496572326432,0.13916592091672872,0.1,0.318359375,0.3935546875
4,smc01_high,32,4,0.14327854672020618,0.07163927336010309,0.07163927336010309,0.12008383678569032,0.1,0.28271484375,0.3583984375
4,smc01_high,32,5,0.12336680150578387,0.061683400752891936,0.061683400752891936,0.11086896731120328,0.1,0.30615234375,0.38330078125
4,smc01_high,32,6,0.13891897834738995,0.06945948917369497,0.06945948917369497,0.11903313889734742,0.1,0.294189453125,0.358154296875
4,smc01_high,32,7,0.15199579016286502,0.07599789508143251,0.07599789508143251,0.1384656690042115,0.1,0.330078125,0.385986328125
4,smc01_high,33,4,0.1361872636323056,0.06596570582189802,0.07022155781040758,0.11637787605758863,0.1,0.29541015625,0.35107421875
4,smc01_high,33,5,0.11668525406947992,0.056519419939904336,0.06016583412957559,0.10763183421472966,0.1,0.315673828125,0.395751953125
4,smc01_high,33,6,0.13679653636553038,0.06626082230205378,0.0705357140634766,0.11812633566376322,0.1,0.29931640625,0.363525390625
4,smc01_high,33,7,0.1493709366503772,0.07235154744002646,0.07701938921035074,0.1367179943319988,0.1,0.324951171875,0.39501953125
4,smc01_high,34,4,0.13052174829670465,0.061182069514080305,0.06933967878262434,0.11184308369751846,0.1,0.287353515625,0.37353515625
4,smc01_high,34,5,0.11150349369913258,0.0522672626714684,0.059236231027664184,0.10634271647580186,0.1,0.3271484375,0.396728515625
4,smc01_high,34,6,0.13413861027046148,0.06287747356427882,0.07126113670618266,0.11666314415490033,0.1,0.3046875,0.361572265625
4,smc01_high,34,7,0.14636144988455482,0.06860692963338508,0.07775452025116975,0.13422310656247366,0.1,0.330810546875,0.39306640625
4,smc01_high,35,4,0.12615635742900272,0.057164599460016854,0.06899175796898586,0.11119260224209111,0.1,0.305908203125,0.368408203125
4,smc01_high,35,5,0.10776335831967149,0.04883027173860114,0.05893308658107035,0.10426908371504623,0.1,0.325439453125,0.406982421875
4,smc01_high,35,6,0.13165552551182133,0.05965640999754404,0.07199911551427729,0.1154429410151034,0.1,0.303466796875,0.365966796875
4,smc01_high,35,7,0.14334394670359063,0.06495272585006451,0.07839122085352612,0.13222905153233525,0.1,0.333740234375,0.39501953125
4,smc01_high,36,4,0.12273964354579796,0.05369859405128661,0.06904104949451136,0.10875722889717206,0.1,0.2978515625,0.387939453125
4,smc01_high,36,5,0.10488148038216014,0.04588564766719506,0.05899583271496508,0.1036234122096375,0.1,0.33349609375,0.411376953125
4,smc01_high,36,6,0.12970181726047736,0.056744545051458845,0.07295727220901851,0.11371066131092841,0.1,0.303466796875,0.36669921875
4,smc01_high,36,7,0.1404195112753378,0.06143353618296029,0.07898597509237751,0.1302340021113207,0.1,0.33642578125,0.396240234375
4,smc01_high,37,4,0.11990771803596931,0.05058606854642455,0.06932164948954475,0.10879256530529936,0.1,0.31640625,0.37744140625
4,smc01_high,37,5,0.10240628924061237,0.043202653273383344,0.05920363596722903,0.10329310300621079,0.1,0.339599609375,0.41259765625
4,smc01_high,37,6,0.12761717529530767,0.05383849582770792,0.07377867946759975,0.11301505165356193,0.1,0.3046875,0.373046875
4,smc01_high,37,7,0.13745081644994434,0.05798706318982027,0.07946375326012407,0.1273235723136422,0.1,0.333740234375,0.399169921875
4,smc01_high,38,4,0.11735756869662263,0.047676512283002945,0.06968105641361969,0.10689015089890876,0.1,0.301513671875,0.405029296875
4,smc01_high,38,5,0.10005612142678105,0.0406477993296298,0.05940832209715125,0.10212303639814269,0.1,0.3427734375,0.41845703125
4,smc01_high,38,6,0.1256045203223377,0.051026836380949694,0.07457768394138801,0.11160378452935793,0.1,0.304443359375,0.381591796875
4,smc01_high,38,7,0.13459984750024143,0.05468118804697308,0.07991865945326834,0.1257046802790582,0.1,0.335205078125,0.398193359375
4,smc01_high,39,4,0.11237648838507415,0.04389706577541959,0.06847942260965456,0.10586136672046272,0.1,0.327880859375,0.3876953125
4,smc01_high,39,5,0.09775202806323603,0.03818438596220158,0.059567642101034456,0.10067653994830815,0.1,0.335693359375,0.428955078125
4,smc01_high,39,6,0.12352775683497431,0.048253030013661845,0.07527472682131248,0.11127045111987786,0.1,0.31005859375,0.37939453125
4,smc01_high,39,7,0.13168210116624704,0.05143832076806525,0.0802437803981818,0.12236467723225031,0.1,0.333251953125,0.40283203125
4,smc01_high,40,4,0.1064652928289386,0.03992448481085198,0.06654080801808662,0.10165399168135464,0.1,0.316650390625,0.412353515625
4,smc01_high,40,5,0.09539165100284515,0.03577186912606693,0.059619781876778216,0.10070774736876777,0.1,0.355224609375,0.414306640625
4,smc01_high,40,6,0.12138095677131093,0.0455178587892416,0.07586309798206933,0.10915040465818744,0.1,0.302490234375,0.3974609375
4,smc01_high,40,7,0.12880272353457947,0.048301021325467305,0.08050170220911217,0.12082892528736008,0.1,0.33837890625,0.400146484375
4,smc01_high,41,4,0.10195912020890878,0.036641558825076595,0.06531756138383218,0.10100474530952,0.1,0.33056640625,0.40478515625
4,smc01_high,41,5,0.0929356269248563,0.03339874092612023,0.059536885998736064,0.09956140335424556,0.1,0.34326171875,0.433349609375
4,smc01_high,41,6,0.11896667163203611,0.04275364761776298,0.07621302401427313,0.1089025406617004,0.1,0.3154296875,0.389404296875
4,smc01_high,41,7,0.12579727662630688,0.045208396287579035,0.08058888033872784,0.11737280235645639,0.1,0.32568359375,0.416259765625
4,smc01_high,42,4,0.098331639440332,0.033801501057614126,0.06453013838271787,0.09919583543733741,0.1,0.329833984375,0.416259765625
4,smc01_high,42,5,0.09070873429575652,0.0311811274141663,0.059527606881590214,0.0997403194716687,0.1,0.36181640625,0.42236328125
4,smc01_high,42,6,0.11631554833700963,0.03998346974084706,0.07633207859616258,0.10774111607396536,0.1,0.31494140625,0.3994140625
4,smc01_high,42,7,0.12277249476286331,0.04220304507473426,0.08056944968812904,0.11615469572567595,0.1,0.343017578125,0.396728515625
4,smc01_high,43,4,0.09513373448194903,0.031215756626889527,0.06391797785505951,0.09895272070665884,0.1,0.342041015625,0.413818359375
4,smc01_high,43,5,0.08853381407068825,0.029050157741944582,0.05948365632874367,0.09840465991245925,0.1,0.348876953125,0.443359375
4,smc01_high,43,6,0.1136133450382705,0.03727937884068251,0.07633396619758799,0.10591295636483676,0.1,0.31689453125,0.404541015625
4,smc01_high,43,7,0.11967454614455543,0.03926821045368225,0.08040633569087317,0.11305398379530868,0.1,0.325439453125,0.419677734375
4,smc01_high,44,4,0.0923275878709186,0.028852371209662064,0.06347521666125654,0.09763592620169895,0.1,0.335693359375,0.43115234375
4,smc01_high,44,5,0.08656067375784213,0.027050210549325666,0.05951046320851646,0.09932732447056641,0.1,0.370361328125,0.427978515625
4,smc01_high,44,6,0.11107883559607401,0.03471213612377313,0.07636669947230088,0.10547988610156465,0.1,0.324462890625,0.397705078125
4,smc01_high,44,7,0.11657491629740649,0.036429661342939526,0.08014525495446696,0.11270598009741199,0.1,0.348876953125,0.3974609375
4,smc01_high,45,4,0.08968291921158619,0.026624616640939652,0.06305830257064654,0.09832579294318261,0.1,0.35546875,0.422119140625
4,smc01_high,45,5,0.08455094556871336,0.02510106196571178,0.05944988360300158,0.0975866470643908,0.1,0.357177734375,0.447998046875
4,smc01_high,45,6,0.10867239399871746,0.032262116968369246,0.07641027703034821,0.10265638784677385,0.1,0.313720703125,0.411376953125
4,smc01_high,45,7,0.11328700049144452,0.03363207827089759,0.07965492222054693,0.10933502636506695,0.1,0.326904296875,0.42138671875
4,smc01_high,46,4,0.08732415328907278,0.024559918112551718,0.06276423517652106,0.09696381486627835,0.1,0.34619140625,0.43896484375
4,smc01_high,46,5,0.08278189842193283,0.02328240893116861,0.059499489490764224,0.09958310792689114,0.1,0.374267578125,0.433837890625
4,smc01_high,46,6,0.10621084838469505,0.029871801108195484,0.07633904727649957,0.10286624316569207,0.1,0.3291015625,0.400390625
4,smc01_high,46,7,0.10980318379950883,0.03088214544361186,0.07892103835589698,0.108305643157127,0.1,0.350830078125,0.40380859375
4,smc01_high,47,4,0.08495815006668915,0.022567008611464306,0.06239114145522485,0.09806526896484381,0.1,0.364013671875,0.42919921875
4,smc01_high,47,5,0.08079084766921359,0.02146006891213486,0.05933077875707873,0.09678995737158566,0.1,0.36767578125,0.445556640625
4,smc01_high,47,6,0.10384496828461438,0.027583819700600695,0.07626114858401369,0.10105178745792769,0.1,0.31982421875,0.409912109375
4,smc01_high,47,7,0.10618634657441284,0.02820574830882841,0.07798059826558443,0.10589903709761259,0.1,0.331298828125,0.43212890625
8,smc01_high,0,8,0.11885719599341563,0.11885719599341563,0.0,0.08017302156448261,0.1,0.0,0.655029296875
8,smc01_high,0,9,0.11026297399714714,0.11026297399714714,0.0,0.06736385141093386,0.1,0.0,0.6298828125
8,smc01_high,0,10,0.15577216811415842,0.15577216811415842,0.0,0.07988100270365048,0.1,0.0,0.28271484375
8,smc01_high,0,11,0.18657678636685524,0.18657678636685524,0.0,0.12372835879833832,0.1,0.0,0.46826171875
8,smc01_high,1,8,0.14321953566220355,0.14098173041748163,0.0022378052447219305,0.13374853310672824,0.1,0.4423828125,0.194580078125
8,smc01_high,1,9,0.11450834506938046,0.1127191521776714,0.0017891928917090696,0.11704827316808815,0.1,0.4990234375,0.13232421875
8,smc01_high,1,10,0.14669373841177114,0.1444016487490872,0.002292089662683924,0.09744819528929197,0.1,0.194091796875,0.193359375
8,smc01_high,1,11,0.18273606374204376,0.17988081274607434,0.002855250995969434,0.14609826902001594,0.1,0.3359375,0.211181640625
8,smc01_high,2,8,0.16040306095536244,0.15539046530050737,0.005012595654855076,0.12768044141148843,0.1,0.240966796875,0.327392578125
8,smc01_high,2,9,0.11154601307946073,0.10806020017072758,0.003485812908733148,0.07876751855380477,0.1,0.134765625,0.5166015625
8,smc01_high,2,10,0.13551031500673752,0.13127561766277698,0.0042346973439605475,0.08720636849941167,0.1,0.13232421875,0.352783203125
8,smc01_high,2,11,0.16747808340305065,0.1622443932967053,0.005233690106345333,0.12559157172965918,0.1,0.202880859375,0.37060546875
8,smc01_high,3,8,0.13130034466876703,0.12514564101241857,0.006154703656348454,0.11307508814734059,0.1,0.2685546875,0.312255859375
8,smc01_high,3,9,0.1100312148922126,0.10487350169414013,0.005157713198072466,0.10572418843878371,0.1,0.359130859375,0.3115234375
8,smc01_high,3,10,0.12851278851708095,0.12248875155534278,0.00602403696173817,0.09748631245714703,0.1,0.22607421875,0.28271484375
8,smc01_high,3,11,0.13893425305876683,0.13242170994663713,0.006512543112129695,0.11229733502599326,0.1,0.294189453125,0.30810546875
8,smc01_high,4,8,0.17570444487553463,0.1647229170708137,0.010981527804720915,0.12828600071618165,0.1,0.17919921875,0.2841796875
8,smc01_high,4,9,0.12508131164562716,0.11726372966777547,0.007817581977851698,0.10910058224730464,0.1,0.27587890625,0.353515625
8,smc01_high,4,10,0.13499515984647908,0.12655796235607414,0.008437197490404943,0.09948831149154454,0.1,0.188720703125,0.314208984375
8,smc01_high,4,11,0.10871239671463445,0.1019178719199698,0.006794524794664653,0.09274965852485602,0.1,0.291259765625,0.36572265625
8,smc01_high,5,8,0.22233892148209902,0.20496869324131003,0.017370228240788987,0.17074749891432112,0.1,0.1953125,0.20654296875
8,smc01_high,5,9,0.1524982581532354,0.1405843317350139,0.011913926418221515,0.12138953418036653,0.1,0.25439453125,0.30517578125
8,smc01_high,5,10,0.15504743621019257,0.14293435525627127,0.012113080953921294,0.11631799852308779,0.1,0.217529296875,0.267578125
8,smc01_high,5,11,0.08562318155534349,0.07893387049633227,0.00668931105901121,0.08760639279689715,0.1,0.294677734375,0.426513671875
8,smc01_high,6,8,0.3060155909160869,0.27732662926770374,0.028688961648383145,0.2533022244001665,0.1,0.16259765625,0.22412109375
8,smc01_high,6,9,0.18286836784240168,0.16572445835717653,0.017143909485225158,0.14401983788608455,0.1,0.252685546875,0.26171875
8,smc01_high,6,10,0.15953366702249588,0.1445773857391369,0.01495628128335899,0.1197067370846914,0.1,0.189208984375,0.322021484375
8,smc01_high,6,11,0.07058016214165584,0.0639632719408756,0.006616890200780235,0.092056085660434,0.1,0.374755859375,0.451904296875
8,smc01_high,7,8,0.32587107800656384,0.29022892884959595,0.03564214915696792,0.2735953035980623,0.1,0.159423828125,0.21142578125
8,smc01_high,7,9,0.2185788233847483,0.19467176457704144,0.023907058807706844,0.17019417948957793,0.1,0.21630859375,0.23388671875
8,smc01_high,7,10,0.13705043802211808,0.12206054636344892,0.014989891658669166,0.10833951782580682,0.1,0.232421875,0.359619140625
8,smc01_high,7,11,0.06231295928811689,0.05549747936597911,0.0068154799221377856,0.09297252160328233,0.1,0.35107421875,0.541748046875
8,smc01_high,8,8,0.2767485529913078,0.2421549838673943,0.034593569123913474,0.22663061922355043,0.1,0.14990234375,0.267333984375
8,smc01_high,8,9,0.28486796323628877,0.24925946783175268,0.035608495404536096,0.229371497006376,0.1,0.1845703125,0.21044921875
8,smc01_high,8,10,0.1101485889824727,0.09638001535966362,0.013768573622809088,0.0981136137280586,0.1,0.26220703125,0.4140625
8,smc01_high,8,11,0.058089445133261496,0.05082826449160381,0.007261180641657687,0.10199528765962643,0.1,0.45703125,0.46142578125
8,smc01_high,9,8,0.2495570901673232,0.21446312436254336,0.035093965804779824,0.20040863208177706,0.1,0.172119140625,0.257568359375
8,smc01_high,9,9,0.29192284991026685,0.2508711991416356,0.04105165076863128,0.23403017301080026,0.1,0.15380859375,0.216552734375
8,smc01_high,9,10,0.11254386834579232,0.09671738685966527,0.015826481486127045,0.10544592240819255,0.1,0.31591796875,0.357177734375
8,smc01_high,9,11,0.05555818117901833,0.04774531195071888,0.007812869228299452,0.0980665654122134,0.1,0.386474609375,0.541259765625
8,smc01_high,10,8,0.22467960728607478,0.18957341864762559,0.035106188638449186,0.1784615860854115,0.1,0.1904296875,0.264892578125
8,smc01_high,10,9,0.21961656452773792,0.18530147632027888,0.03431508820745905,0.18272567041500332,0.1,0.237548828125,0.27783203125
8,smc01_high,10,10,0.1373275957051187,0.11587015887619391,0.0214574368289248,0.11347780559608017,0.1,0.267578125,0.332763671875
8,smc01_high,10,11,0.05580137270904596,0.04708240822325753,0.008718964485788431,0.10281799776441804,0.1,0.474609375,0.447998046875
8,smc01_high,11,8,0.2124320416695448,0.17592028450759178,0.03651175716195301,0.16616821871795945,0.1,0.190185546875,0.26708984375
8,smc01_high,11,9,0.2169595893820981,0.17966965995705,0.037289929425048114,0.16899780264975364,0.1,0.18994140625,0.267333984375
8,smc01_high,11,10,0.16467720071844627,0.13637330684496332,0.028303893873482953,0.13158209207139362,0.1,0.259033203125,0.27783203125
8,smc01_high,11,11,0.05707246594169108,0.04726313585796293,0.009809330083728154,0.09876207372846645,0.1,0.40673828125,0.510009765625
8,smc01_high,12,8,0.2065480824557781,0.1678203169953197,0.03872776546045839,0.16153876178584942,0.1,0.199951171875,0.260009765625
8,smc01_high,12,9,0.20769364441971083,0.16875108609101505,0.03894255832869578,0.16144214984523897,0.1,0.204833984375,0.260498046875
8,smc01_high,12,10,0.17440982225041896,0.1417079805784654,0.03270184167195356,0.13417849464619477,0.1,0.21826171875,0.29443359375
8,smc01_high,12,11,0.06243278933591299,0.050726641335429305,0.011706148000483686,0.10206699388901144,0.1,0.436279296875,0.456787109375
8,smc01_high,13,8,0.20242469445643713,0.16130717839497333,0.04111751606146379,0.1576532701753984,0.1,0.19384765625,0.27734375
8,smc01_high,13,9,0.2017449867447134,0.16076553631219348,0.04097945043251991,0.15515302427330496,0.1,0.194580078125,0.2705078125
8,smc01_high,13,10,0.1741382092026514,0.13876638545836284,0.035371823744288565,0.1351286431569682,0.1,0.223876953125,0.291748046875
8,smc01_high,13,11,0.06983332995494777,0.05564843480784901,0.014184895147098767,0.10088034658279904,0.1,0.4091796875,0.460205078125
8,smc01_high,14,8,0.19954790484569282,0.15589680066069753,0.04365110418499531,0.15726877663625222,0.1,0.207275390625,0.2783203125
8,smc01_high,14,9,0.19748858776024725,0.15428795918769317,0.043200628572554085,0.15155944292917867,0.1,0.200927734375,0.265380859375
8,smc01_high,14,10,0.16564053592188835,0.12940666868897527,0.036233867232913074,0.1288091441409927,0.1,0.23291015625,0.28759765625
8,smc01_high,14,11,0.07812254299305367,0.06103323671332318,0.01708930627973049,0.10313884604533423,0.1,0.412353515625,0.4267578125
8,smc01_high,15,8,0.19581606024340628,0.14992167112385793,0.045894389119548344,0.15348739735687808,0.1,0.20458984375,0.2939453125
8,smc01_high,15,9,0.1949955551920766,0.14929347194393364,0.04570208324814295,0.14990053094951825,0.1,0.21435546875,0.263916015625
8,smc01_high,15,10,0.15771096544801955,0.12074745792113997,0.03696350752687958,0.11903812433556896,0.1,0.21435546875,0.304443359375
8,smc01_high,15,11,0.08401643463370183,0.06432508276642797,0.019691351867273867,0.0999464309428686,0.1,0.365234375,0.454345703125
8,smc01_high,16,8,0.19036190324474953,0.14277142743356214,0.04759047581118738,0.14882868251340514,0.1,0.2119140625,0.289306640625
8,smc01_high,16,9,0.19427456866591536,0.14570592649943653,0.04856864216647884,0.14930093911389997,0.1,0.2001953125,0.271728515625
8,smc01_high,16,10,0.15015606174278381,0.11261704630708785,0.037539015435695954,0.11586975743995724,0.1,0.24365234375,0.294189453125
8,smc01_high,16,11,0.09019395674358872,0.06764546755769155,0.02254848918589718,0.10333180231813166,0.1,0.3857421875,0.4130859375
8,smc01_high,17,8,0.1860840045230462,0.13665544082161205,0.04942856370143414,0.14567035896714742,0.1,0.22314453125,0.2841796875
8,smc01_high,17,9,0.19409660259836597,0.142539692533175,0.05155691006519096,0.15012518742875117,0.1,0.2109375,0.272216796875
8,smc01_high,17,10,0.14412856514040964,0.10584441502498833,0.038284150115421314,0.11027537504870573,0.1,0.2275390625,0.326904296875
8,smc01_high,17,11,0.09468137944087189,0.06953163802689029,0.025149741413981595,0.10275374379118052,0.1,0.345947265625,0.4462890625
8,smc01_high,18,8,0.18399068940134378,0.13224330800721584,0.051747381394127934,0.14387239972656507,0.1,0.2255859375,0.2861328125
8,smc01_high,18,9,0.19364169261065534,0.13917996656390852,0.05446172604674682,0.15002862582923676,0.1,0.20654296875,0.282958984375
8,smc01_high,18,10,0.14222014530820817,0.10222072944027462,0.03999941586793355,0.11228561550344565,0.1,0.2587890625,0.30615234375
8,smc01_high,18,11,0.10049064837828581,0.07222765352189292,0.028262994856392883,0.10866336982683537,0.1,0.371826171875,0.41748046875
8,smc01_high,19,8,0.1844222160886517,0.1296718706873332,0.05475034540131847,0.1451186622696601,0.1,0.2275390625,0.2900390625
8,smc01_high,19,9,0.191986104773035,0.13499022991854023,0.05699587485449476,0.14984204294076628,0.1,0.219482421875,0.2734375
8,smc01_high,19,10,0.14320413433766652,0.10069040695617176,0.04251372738149475,0.11255976137831292,0.1,0.24365234375,0.32421875
8,smc01_high,19,11,0.09826661600177698,0.06909371437624943,0.02917290162552754,0.10562183659506703,0.1,0.351806640625,0.44482421875
8,smc01_high,20,8,0.18720176122095222,0.12870121083940467,0.05850055038154757,0.14834383734826273,0.1,0.23193359375,0.291748046875
8,smc01_high,20,9,0.18942448307563128,0.1302293321144965,0.05919515096113478,0.14753551614199348,0.1,0.212646484375,0.28466796875
8,smc01_high,20,10,0.1468138092073757,0.10093449383007079,0.0458793153773049,0.11688063930608587,0.1,0.257568359375,0.312255859375
8,smc01_high,20,11,0.09520560543772262,0.0654538537384343,0.029751751699288318,0.10607591967426902,0.1,0.374755859375,0.423095703125
8,smc01_high,21,8,0.19142122781159013,0.12861113743591213,0.06281009037567802,0.1525766453866727,0.1,0.229248046875,0.296630859375
8,smc01_high,21,9,0.1869301609392285,0.12559370188104416,0.061336459058184356,0.14614762926234467,0.1,0.22119140625,0.285400390625
8,smc01_high,21,10,0.15150704359167458,0.10179379491315636,0.04971324867851822,0.12120042052699605,0.1,0.2568359375,0.322265625
8,smc01_high,21,11,0.09480867806287542,0.06369958057349442,0.031109097489380996,0.1035043867376484,0.1,0.35791015625,0.440185546875
8,smc01_high,22,8,0.19169898471801633,0.12580245872119822,0.06589652599681811,0.1534115962485686,0.1,0.232666015625,0.30029296875
8,smc01_high,22,9,0.18384662755726894,0.12064934933445774,0.0631972782228112,0.14427351255590848,0.1,0.224853515625,0.294921875
8,smc01_high,22,10,0.15750635976341817,0.10336354859474317,0.054142811168675,0.12788463712971168,0.1,0.262451171875,0.332763671875
8,smc01_high,22,11,0.09656284850739,0.06336936933297468,0.033193479174415313,0.10484943011882707,0.1,0.367919921875,0.4228515625
8,smc01_high,23,8,0.1863149722377454,0.11935802908980565,0.06695694314793975,0.14854542753947592,0.1,0.231689453125,0.3134765625
8,smc01_high,23,9,0.18062800693816866,0.11571481694476429,0.06491318999340437,0.14128582097134998,0.1,0.2216796875,0.302490234375
8,smc01_high,23,10,0.16176245139322945,0.10362907042378762,0.05813338096944183,0.13396568637169357,0.1,0.27099609375,0.322021484375
8,smc01_high,23,11,0.0986115759231949,0.06317304082579674,0.035438535097398166,0.1032912255909481,0.1,0.3505859375,0.424560546875
8,smc01_high,24,8,0.18004868547904845,0.11253042842440528,0.06751825705464318,0.14445453098222713,0.1,0.24951171875,0.306640625
8,smc01_high,24,9,0.17696683841140592,0.1106042740071287,0.06636256440427722,0.13953919363965012,0.1,0.23486328125,0.298583984375
8,smc01_high,24,10,0.15441589012969426,0.09650993133105891,0.057905958798635346,0.12722698989912704,0.1,0.263427734375,0.343994140625
8,smc01_high,24,11,0.10121361971170527,0.06325851231981579,0.037955107391889474,0.10474666731089999,0.1,0.354736328125,0.408935546875
8,smc01_high,25,8,0.17328011142310265,0.10559256789845317,0.06768754352464948,0.13851311885944784,0.1,0.240234375,0.32763671875
8,smc01_high,25,9,0.17323395065665667,0.10556443868140016,0.06766951197525652,0.13553581552163899,0.1,0.2275390625,0.3115234375
8,smc01_high,25,10,0.13965282246552999,0.08510093868993233,0.05455188377559765,0.11682557451260296,0.1,0.2802734375,0.344970703125
8,smc01_high,25,11,0.1039792215482043,0.06336233813093699,0.040616883417267304,0.10361162254712156,0.1,0.330322265625,0.422607421875
8,smc01_high,26,8,0.16482367343874285,0.09786405610425357,0.06695961733448928,0.1328270342527149,0.1,0.256591796875,0.3251953125
8,smc01_high,26,9,0.16920040941738404,0.10046274309157177,0.06873766632581227,0.13475780474028703,0.1,0.251220703125,0.3017578125
8,smc01_high,26,10,0.13541500410552834,0.08040265868765745,0.05501234541787089,0.11383771352866502,0.1,0.290771484375,0.33544921875
8,smc01_high,26,11,0.10648469798768953,0.06322528943019066,0.04325940855749887,0.10544523091238209,0.1,0.3408203125,0.400634765625
8,smc01_high,27,8,0.1552255520186903,0.08973977226080532,0.06548577975788497,0.1262830202087319,0.1,0.263427734375,0.334228515625
8,smc01_high,27,9,0.16505832534700238,0.09542434434123576,0.06963398100576662,0.1311832527507226,0.1,0.234619140625,0.328857421875
8,smc01_high,27,10,0.13389544072413861,0.07740830166864264,0.056487139055495975,0.11114991547675568,0.1,0.280517578125,0.3349609375
8,smc01_high,27,11,0.10877703347680792,0.06288672247877958,0.045890310998028344,0.10548299174236699,0.1,0.329833984375,0.4033203125
8,smc01_high,28,8,0.14628344549348438,0.08228443809008495,0.06399900740339942,0.12088594000360764,0.1,0.273193359375,0.344970703125
8,smc01_high,28,9,0.16058960665947375,0.09033165374595398,0.07025795291351977,0.12953190356156577,0.1,0.26513671875,0.3076171875
8,smc01_high,28,10,0.13296627469022404,0.07479352951325102,0.05817274517697302,0.11056391312633121,0.1,0.27490234375,0.34765625
8,smc01_high,28,11,0.11019881355351367,0.06198683262385144,0.04821198092966223,0.1060605269575113,0.1,0.320068359375,0.410400390625
8,smc01_high,29,8,0.13934276401134849,0.0762030740687062,0.06313968994264228,0.11648924828857234,0.1,0.27783203125,0.35205078125
8,smc01_high,29,9,0.15612644449885943,0.08538164933531375,0.07074479516354568,0.1251544128104004,0.1,0.2509765625,0.329345703125
8,smc01_high,29,10,0.13189266644772107,0.07212880196359746,0.05976386448412361,0.11018644638043686,0.1,0.280517578125,0.34521484375
8,smc01_high,29,11,0.11217013317111624,0.06134304157795419,0.050827091593162045,0.1075262653789045,0.1,0.337158203125,0.385986328125
8,smc01_high,30,8,0.13409030195605076,0.07123547291415197,0.06285482904189879,0.1129283349309573,0.1,0.279052734375,0.3564453125
8,smc01_high,30,9,0.15127069085455963,0.0803625545164848,0.07090813633807483,0.12303915988521862,0.1,0.267333984375,0.322021484375
8,smc01_high,30,10,0.1303718544347837,0.06926004766847883,0.06111180676630486,0.10796264244728768,0.1,0.27099609375,0.358154296875
8,smc01_high,30,11,0.1143538690225259,0.06075049291821688,0.053603376104309014,0.10852878931478842,0.1,0.322998046875,0.398193359375
8,smc01_high,31,8,0.1298350225899643,0.06694618352295034,0.06288883906701395,0.1101877119582691,0.1,0.287353515625,0.359130859375
8,smc01_high,31,9,0.14409258497152672,0.07429773912594347,0.06979484584558325,0.1176623351091877,0.1,0.262939453125,0.33544921875
8,smc01_high,31,10,0.12788265517047068,0.06593949407227394,0.06194316109819673,0.10801615603178151,0.1,0.28564453125,0.348388671875
8,smc01_high,31,11,0.11646724918855773,0.060053425362850084,0.05641382382570765,0.10946920969782463,0.1,0.327880859375,0.392578125
8,smc01_high,32,8,0.12590552013109244,0.06295276006554622,0.06295276006554622,0.10791472320258366,0.1,0.285400390625,0.364990234375
8,smc01_high,32,9,0.13705634968195304,0.06852817484097652,0.06852817484097652,0.11385233876536413,0.1,0.268798828125,0.349365234375
8,smc01_high,32,10,0.12436956480049231,0.06218478240024616,0.06218478240024616,0.10583823479592905,0.1,0.281005859375,0.367919921875
8,smc01_high,32,11,0.11765215976307594,0.05882607988153797,0.05882607988153797,0.10850074039056268,0.1,0.315673828125,0.395263671875
8,smc01_high,33,8,0.12181458732482725,0.0590039407354632,0.06281064658936406,0.10551771963153224,0.1,0.288818359375,0.37255859375
8,smc01_high,33,9,0.13191212314532794,0.06389493464851823,0.06801718849680971,0.1107937212485649,0.1,0.280517578125,0.3515625
8,smc01_high,33,10,0.11969652666162035,0.05797800510172236,0.061718521559897994,0.10481287044804248,0.1,0.296875,0.3671875
8,smc01_high,33,11,0.12001339489866963,0.05813148815404311,0.06188190674462653,0.11146641015455323,0.1,0.31982421875,0.385986328125
8,smc01_high,34,8,0.11793587820655427,0.05528244290932231,0.06265343529723195,0.10368228081460183,0.1,0.298095703125,0.372314453125
8,smc01_high,34,9,0.12891918405203864,0.06043086752439311,0.06848831652764553,0.10873761472144285,0.1,0.278564453125,0.357666015625
8,smc01_high,34,10,0.11485116480537638,0.05383648350252018,0.0610146813028562,0.10307679396488369,0.1,0.29931640625,0.381591796875
8,smc01_high,34,11,0.12248464544813693,0.057414677553814186,0.06506996789432275,0.11138584380757204,0.1,0.311279296875,0.388427734375
8,smc01_high,35,8,0.11484993286644749,0.05204137583010902,0.06280855703633847,0.10164727897428232,0.1,0.2880859375,0.391357421875
8,smc01_high,35,9,0.12733998855965506,0.057700932316093696,0.06963905624356136,0.10814025785447749,0.1,0.282958984375,0.3525390625
8,smc01_high,35,10,0.1105180765331435,0.05007850342908064,0.06043957310406285,0.10086139385256247,0.1,0.300537109375,0.39697265625
8,smc01_high,35,11,0.12504941276443932,0.05666301515888657,0.06838639760555275,0.11346813596549409,0.1,0.317626953125,0.373046875
8,smc01_high,36,8,0.11212710404680402,0.04905560802047676,0.06307149602632726,0.1029845862745739,0.1,0.31591796875,0.37353515625
8,smc01_high,36,9,0.12590926203324732,0.0550853021395457,0.07082395989370162,0.10642352766853745,0.1,0.271240234375,0.370361328125
8,smc01_high,36,10,0.1064839345921402,0.046586721384061336,0.059897213208078864,0.10108015909385647,0.1,0.317138671875,0.384033203125
8,smc01_high,36,11,0.12470415505683283,0.05455806783736436,0.07014608721946847,0.11183385590270521,0.1,0.298583984375,0.39697265625
8,smc01_high,37,8,0.11032367065439144,0.04654279855732139,0.06378087209707005,0.10130690225948212,0.1,0.3017578125,0.397216796875
8,smc01_high,37,9,0.12443919159229176,0.05249778395299809,0.07194140763929367,0.10681936586929063,0.1,0.288818359375,0.358154296875
8,smc01_high,37,10,0.10289267528093464,0.0434078473841443,0.05948482789679034,0.09879442491292022,0.1,0.314697265625,0.3984375
8,smc01_high,37,11,0.12483134974605102,0.05266322567411527,0.07216812407193575,0.11317266755726767,0.1,0.310546875,0.38427734375
8,smc01_high,38,8,0.10849835763566888,0.04407745778949048,0.0644208998461784,0.102062908126028,0.1,0.31982421875,0.386962890625
8,smc01_high,38,9,0.12331844235368009,0.050098117206182534,0.07322032514749754,0.10567762798430837,0.1,0.28125,0.37109375
8,smc01_high,38,10,0.09974836314992928,0.040522772529658774,0.05922559062027051,0.09884351980614878,0.1,0.3291015625,0.400390625
8,smc01_high,38,11,0.12458299789473176,0.050611842894734776,0.07397115499999699,0.113438198875484,0.1,0.31494140625,0.38671875
8,smc01_high,39,8,0.1068110863924512,0.041723080622051247,0.06508800577039994,0.10135149464404801,0.1,0.314453125,0.399169921875
8,smc01_high,39,9,0.12251129469232623,0.047855974489189934,0.0746553202031363,0.1061639370542272,0.1,0.291259765625,0.36279296875
8,smc01_high,39,10,0.09711042670028845,0.03793376042980018,0.05917666627048827,0.09738770564554237,0.1,0.325927734375,0.4130859375
8,smc01_high,39,11,0.12525851117784786,0.04892910592884682,0.07632940524900104,0.11460054404995068,0.1,0.31689453125,0.39013671875
8,smc01_high,40,8,0.10497927718342806,0.039367228943785526,0.06561204823964253,0.10171276482906476,0.1,0.32373046875,0.40283203125
8,smc01_high,40,9,0.12207319914554755,0.045777449679580334,0.07629574946596722,0.10554344304580417,0.1,0.281494140625,0.374267578125
8,smc01_high,40,10,0.09510880685918087,0.035665802572192824,0.059443004286988045,0.0974359301438894,0.1,0.330810546875,0.413818359375
8,smc01_high,40,11,0.12570490281101926,0.04713933855413222,0.07856556425688704,0.1146205675873503,0.1,0.313720703125,0.393310546875
8,smc01_high,41,8,0.10315344031030532,0.037070767611515974,0.06608267269878934,0.10082220563686607,0.1,0.32373046875,0.40869140625
8,smc01_high,41,9,0.12208297932424726,0.04387357069465136,0.0782094086295959,0.1066872001386341,0.1,0.29296875,0.365234375
8,smc01_high,41,10,0.09340855283933742,0.033568698676636886,0.05983985416270054,0.09714586612399291,0.1,0.336181640625,0.41650390625
8,smc01_high,41,11,0.12609638161766829,0.04531588714384954,0.08078049447381874,0.1156908915940255,0.1,0.32421875,0.38671875
8,smc01_high,42,8,0.10129800637512416,0.03482118969144893,0.06647681668367524,0.10034052557528823,0.1,0.32568359375,0.41064453125
8,smc01_high,42,9,0.12165015861554052,0.04181724202409205,0.07983291659144846,0.10669294536253926,0.1,0.295654296875,0.36474609375
8,smc01_high,42,10,0.09209496417495078,0.031657643935139326,0.06043732023981145,0.09657704758743249,0.1,0.33251953125,0.43212890625
8,smc01_high,42,11,0.1250726676909887,0.04299372951877737,0.08207893817221135,0.1149865008926585,0.1,0.30908203125,0.40478515625
8,smc01_high,43,8,0.09915777367028383,0.032536144485561885,0.06662162918472195,0.0997799457108445,0.1,0.330078125,0.413818359375
8,smc01_high,43,9,0.1202408845287701,0.03945404023600269,0.08078684429276742,0.1045264909089467,0.1,0.282958984375,0.37841796875
8,smc01_high,43,10,0.09089938705184593,0.029826361376386945,0.06107302567545898,0.09720240077838878,0.1,0.341064453125,0.42529296875
8,smc01_high,43,11,0.12343950283625076,0.04050358686814478,0.08293591596810598,0.11580131231560102,0.1,0.33837890625,0.38525390625
8,smc01_high,44,8,0.09671359370136712,0.030222998031677224,0.0664905956696899,0.09901921669939384,0.1,0.33056640625,0.416015625
8,smc01_high,44,9,0.1180336132980534,0.03688550415564169,0.08114810914241172,0.10434390458608866,0.1,0.295654296875,0.375
8,smc01_high,44,10,0.08989615647004198,0.02809254889688812,0.06180360757315386,0.09675996373075477,0.1,0.340087890625,0.428466796875
8,smc01_high,44,11,0.12064689548393438,0.0377021548387295,0.08294474064520489,0.11253422790907358,0.1,0.3134765625,0.419921875
8,smc01_high,45,8,0.09417259101244184,0.027957487956818673,0.06621510305562317,0.09817394859224568,0.1,0.333984375,0.419677734375
8,smc01_high,45,9,0.11569144447064622,0.034345897577223096,0.08134554689342312,0.10267723599882418,0.1,0.290771484375,0.38427734375
8,smc01_high,45,10,0.08883510918618606,0.02637292303964899,0.06246218614653708,0.09616282462453696,0.1,0.339599609375,0.430908203125
8,smc01_high,45,11,0.1178801580200789,0.034995671912210924,0.08288448610786797,0.11313340196096429,0.1,0.341064453125,0.397216796875
8,smc01_high,46,8,0.09162559237456336,0.025769697855345945,0.06585589451921742,0.09737816793893561,0.1,0.343017578125,0.4189453125
8,smc01_high,46,9,0.11320222499297222,0.03183812577927344,0.08136409921369879,0.10219173423971098,0.1,0.304443359375,0.38134765625
8,smc01_high,46,10,0.08796277630972095,0.024739530837109017,0.06322324547261193,0.09695105858873015,0.1,0.34375,0.430419921875
8,smc01_high,46,11,0.11396245547376765,0.032051940601997155,0.0819105148717705,0.10909695687603539,0.1,0.319580078125,0.42724609375
8,smc01_high,47,8,0.0891014382483741,0.023667569534724372,0.06543386871364973,0.09643949453486717,0.1,0.335693359375,0.433837890625
8,smc01_high,47,9,0.11040357691280782,0.029325950117464576,0.08107762679534324,0.09896818436456238,0.1,0.287841796875,0.40234375
8,smc01_high,47,10,0.0867795880922263,0.023050828086997613,0.06372876000522869,0.09603265947060693,0.1,0.34619140625,0.43212890625
8,smc01_high,47,11,0.1104062233577606,0.029326653079405157,0.08107957027835544,0.10984517412713905,0.1,0.34814453125,0.40380859375
12,smc01_high,0,12,0.0741066329688582,0.0741066329688582,0.0,0.05431061128964723,0.1,0.0,0.80322265625
12,smc01_high,0,13,0.10990619967190085,0.10990619967190085,0.0,0.05869876736901039,0.1,0.0,0.52490234375
12,smc01_high,0,14,0.12802481379007333,0.12802481379007333,0.0,0.0739628993635661,0.1,0.0,0.5654296875
12,smc01_high,0,15,0.15798208445730022,0.15798208445730022,0.0,0.09870071531758161,0.1,0.0,0.5419921875
12,smc01_high,1,12,0.09153560066337911,0.09010535690301381,0.0014302437603652986,0.11659705947701275,0.1,0.509033203125,0.16357421875
12,smc01_high,1,13,0.11985094149436148,0.11797827053351209,0.0018726709608493982,0.10414671243739805,0.1,0.318359375,0.16845703125
12,smc01_high,1,14,0.11607025311459993,0.1142566554096843,0.0018135977049156238,0.10930316937976808,0.1,0.403564453125,0.226318359375
12,smc01_high,1,15,0.1523395109168171,0.14995920605874183,0.0023803048580752673,0.12732318265406342,0.1,0.390869140625,0.115234375
12,smc01_high,2,12,0.1103470115642849,0.106898667452901,0.0034483441113839033,0.07818135053081601,0.1,0.19580078125,0.37353515625
12,smc01_high,2,13,0.11814990272650927,0.11445771826630585,0.0036921844602034147,0.07653661552268944,0.1,0.177978515625,0.28857421875
12,smc01_high,2,14,0.10538252011560895,0.10208931636199617,0.0032932037536127796,0.08016970169635447,0.1,0.180419921875,0.497802734375
12,smc01_high,2,15,0.13930182410056852,0.13494864209742574,0.004353182003142766,0.08506974205354037,0.1,0.1103515625,0.3720703125
12,smc01_high,3,12,0.11829254887261155,0.11274758564420788,0.005544963228403667,0.09374759163827794,0.1,0.248779296875,0.286376953125
12,smc01_high,3,13,0.10727721156534419,0.10224859227321868,0.0050286192921255085,0.07697325759015342,0.1,0.178955078125,0.367431640625
12,smc01_high,3,14,0.1009863920710192,0.09625265494269017,0.0047337371283290245,0.10254600855067669,0.1,0.3759765625,0.30810546875
12,smc01_high,3,15,0.12347806350215583,0.11769002927549227,0.005788034226663554,0.09312849516744023,0.1,0.23974609375,0.220947265625
12,smc01_high,4,12,0.11085807850814641,0.10392944860138727,0.006928629906759151,0.0862062799686022,0.1,0.22607421875,0.34375
12,smc01_high,4,13,0.10047178514902959,0.09419229857721524,0.006279486571814349,0.0831069431373337,0.1,0.2568359375,0.3408203125
12,smc01_high,4,14,0.0994013050013046,0.09318872343872307,0.006212581562581538,0.08720312514396705,0.1,0.236572265625,0.442626953125
12,smc01_high,4,15,0.12144117634775696,0.11385110282602215,0.00759007352173481,0.08316274487823024,0.1,0.13525390625,0.389892578125
12,smc01_high,5,12,0.10060153940669218,0.09274204414054436,0.007859495266147827,0.08646955733112283,0.1,0.269775390625,0.404296875
12,smc01_high,5,13,0.09717088729786107,0.08957941172771568,0.007591475570145396,0.08714693944078808,0.1,0.297607421875,0.34814453125
12,smc01_high,5,14,0.09964085293923126,0.09185641130335383,0.007784441635877442,0.09767008484978996,0.1,0.3466796875,0.30908203125
12,smc01_high,5,15,0.19809652801297578,0.18262023676196204,0.015476291251013734,0.14787608549752965,0.1,0.186279296875,0.183349609375
12,smc01_high,6,12,0.09255981781596781,0.08388233489572083,0.008677482920246983,0.09253712724658765,0.1,0.32763671875,0.37939453125
12,smc01_high,6,13,0.11517437221253865,0.10437677481761315,0.010797597394925498,0.10053424884170131,0.1,0.287109375,0.343994140625
12,smc01_high,6,14,0.09750123409895689,0.08836049340217968,0.009140740696777208,0.08368902043510863,0.1,0.23291015625,0.428466796875
12,smc01_high,6,15,0.24570873926786257,0.22267354496150046,0.023035194306362118,0.18359955936966177,0.1,0.12158203125,0.21923828125
12,smc01_high,7,12,0.09251087792383153,0.08239250065091246,0.010118377272919074,0.09557283763425456,0.1,0.35302734375,0.349853515625
12,smc01_high,7,13,0.209442117077732,0.18653438552235507,0.022907731555376936,0.16454787366642448,0.1,0.22119140625,0.185791015625
12,smc01_high,7,14,0.09669783761849467,0.08612151162897182,0.010576325989522854,0.0959765411643677,0.1,0.336181640625,0.33154296875
12,smc01_high,7,15,0.23956304740177148,0.21336083909220271,0.026202208309568757,0.18240067190843853,0.1,0.14306640625,0.248779296875
12,smc01_high,8,12,0.09672152250336748,0.08463133219044654,0.012090190312920935,0.09174972362458071,0.1,0.27783203125,0.4130859375
12,smc01_high,8,13,0.46865602052487854,0.41007401795926873,0.05858200256560982,0.3938840043901776,0.09999999999999999,0.101806640625,0.0859375
12,smc01_high,8,14,0.0948826337789817,0.083022304556609,0.011860329222372713,0.08557940277423336,0.1,0.25048828125,0.438720703125
12,smc01_high,8,15,0.24193339286781693,0.21169171875933981,0.030241674108477116,0.18377921651269621,0.1,0.15234375,0.208740234375
12,smc01_high,9,12,0.1016905864664889,0.0873903477446389,0.014300238721850001,0.10008987557480255,0.1,0.337890625,0.33447265625
12,smc01_high,9,13,0.590110365807726,0.5071260956160145,0.08298427019171148,0.5107318348852048,0.09999999999999999,0.07666015625,0.0595703125
12,smc01_high,9,14,0.09174764283211555,0.0788456305588493,0.012902012273266249,0.0954470197809298,0.1,0.340087890625,0.40185546875
12,smc01_high,9,15,0.25129153010344685,0.21595365868264962,0.03533787142079721,0.19119872640991475,0.1,0.153076171875,0.185546875
12,smc01_high,10,12,0.10711428726894624,0.0903776798831734,0.01673660738577285,0.09323994200806876,0.1,0.25341796875,0.40234375
12,smc01_high,10,13,0.3145349921357858,0.26538889961456924,0.04914609252121653,0.2639769969312716,0.09999999999999999,0.2109375,0.1484375
12,smc01_high,10,14,0.08765665096090097,0.0739602992482602,0.013696351712640777,0.09625667662508818,0.1,0.330810546875,0.46240234375
12,smc01_high,10,15,0.24482915892304186,0.20657460284131657,0.03825455608172529,0.18397196184190032,0.1,0.141845703125,0.194091796875
12,smc01_high,11,12,0.11183834786088513,0.0926161318222955,0.019222216038589632,0.09923064691812794,0.1,0.29443359375,0.359375
12,smc01_high,11,13,0.1893203505483224,0.1567809152978295,0.03253943525049292,0.15756668551613298,0.1,0.24072265625,0.2783203125
12,smc01_high,11,14,0.09373375763412654,0.07762326804076104,0.0161104895933655,0.10598929202600628,0.1,0.38623046875,0.402587890625
12,smc01_high,11,15,0.22737120141862727,0.1882917761748007,0.039079425243826564,0.16836910662243126,0.1,0.154296875,0.18896484375
12,smc01_high,12,12,0.1181889679947833,0.09602853649576143,0.02216043149902187,0.09840282299643718,0.1,0.2529296875,0.38134765625
12,smc01_high,12,13,0.16684499328380475,0.13556155704309136,0.03128343624071339,0.1265223850027865,0.1,0.19140625,0.327392578125
12,smc01_high,12,14,0.11087372182256644,0.09008489898083523,0.020788822841731208,0.11118229769103136,0.1,0.34765625,0.390625
12,smc01_high,12,15,0.2141852182320048,0.17402548981350388,0.0401597284185009,0.15647879441210985,0.1,0.14599609375,0.217529296875
12,smc01_high,13,12,0.12287537937885581,0.09791631794252573,0.024959061436330088,0.10526477007636639,0.1,0.283203125,0.3466796875
12,smc01_high,13,13,0.14048689188709737,0.11195049197253072,0.028536399914566652,0.1089182317977508,0.1,0.229248046875,0.333740234375
12,smc01_high,13,14,0.12583916511229923,0.10027808469886344,0.025561080413435782,0.1176107505103041,0.1,0.339599609375,0.354248046875
12,smc01_high,13,15,0.21124207662941813,0.16833352981406757,0.04290854681535056,0.15563852657154023,0.1,0.158203125,0.210693359375
12,smc01_high,14,12,0.13055434429026566,0.10199558147677004,0.028558762813495613,0.10678140122539154,0.1,0.253662109375,0.362548828125
12,smc01_high,14,13,0.12877948657639096,0.10060897388780544,0.028170512688585524,0.10451709887425042,0.1,0.260009765625,0.343505859375
12,smc01_high,14,14,0.1351569864337112,0.10559139565133688,0.029565590782374328,0.11845268951395792,0.1,0.288818359375,0.38720703125
12,smc01_high,14,15,0.21016446989877258,0.1641909921084161,0.0459734777903565,0.15677147299527228,0.1,0.16845703125,0.222412109375
12,smc01_high,15,12,0.13671151566353199,0.10466975417989167,0.03204176148364031,0.1151358964830181,0.1,0.284423828125,0.33154296875
12,smc01_high,15,13,0.12441155551742468,0.09525259719302827,0.029158958324396408,0.10434990970517041,0.1,0.273193359375,0.360595703125
12,smc01_high,15,14,0.1419652270996397,0.10869212699816165,0.033273100101478055,0.12551957540977005,0.1,0.313720703125,0.3583984375
12,smc01_high,15,15,0.20421150821252848,0.1563494359752171,0.047862072237311364,0.15321573658814452,0.1,0.173095703125,0.24609375
12,smc01_high,16,12,0.1471935862447704,0.11039518968357781,0.0367983965611926,0.11912924311824788,0.1,0.25,0.346435546875
12,smc01_high,16,13,0.12159878936297276,0.09119909202222957,0.03039969734074319,0.10492028293158434,0.1,0.28271484375,0.370361328125
12,smc01_high,16,14,0.15011396262280793,0.11258547196710594,0.03752849065570198,0.12948045624127832,0.1,0.2939453125,0.35595703125
12,smc01_high,16,15,0.19146153857944892,0.1435961539345867,0.04786538464486223,0.1440380692673296,0.1,0.18994140625,0.25732421875
12,smc01_high,17,12,0.15559015773669835,0.11426152208788785,0.0413286356488105,0.12780691808134476,0.1,0.278076171875,0.306884765625
12,smc01_high,17,13,0.12076736230574263,0.08868853169327974,0.03207883061246289,0.10505059348992805,0.1,0.29736328125,0.356689453125
12,smc01_high,17,14,0.15817693825871695,0.11616118903374527,0.04201574922497169,0.13519976074742956,0.1,0.29150390625,0.339111328125
12,smc01_high,17,15,0.17829464660385488,0.13093513109970592,0.04735951550414896,0.13337697187268854,0.1,0.19287109375,0.274658203125
12,smc01_high,18,12,0.16446581638787425,0.11820980552878461,0.04625601085908963,0.1317841315675178,0.1,0.238037109375,0.330078125
12,smc01_high,18,13,0.12124433847412401,0.08714436827827664,0.03409997019584738,0.10447410771784257,0.1,0.2802734375,0.371826171875
12,smc01_high,18,14,0.16523779755839288,0.11876466699509489,0.046473130563298,0.1393705160318159,0.1,0.268798828125,0.3466796875
12,smc01_high,18,15,0.17121031394007413,0.12305741314442828,0.04815290079564585,0.12824110170040615,0.1,0.21044921875,0.2666015625
12,smc01_high,19,12,0.17072500281809766,0.12004101760647491,0.05068398521162274,0.13840897889132017,0.1,0.25927734375,0.298583984375
12,smc01_high,19,13,0.12325725777235876,0.08666525937118975,0.03659199840116901,0.10568520157275234,0.1,0.2841796875,0.36279296875
12,smc01_high,19,14,0.1681665130281948,0.11824207947294947,0.04992443355524533,0.14213683636636787,0.1,0.280517578125,0.330078125
12,smc01_high,19,15,0.16870812231548435,0.11862289850307493,0.050085223812409416,0.12682579216726453,0.1,0.204833984375,0.279296875
12,smc01_high,20,12,0.17834910691453162,0.12261501100374049,0.055734095910791134,0.1415289124016509,0.1,0.232421875,0.310546875
12,smc01_high,20,13,0.1257985266319882,0.08648648705949188,0.039312039572496314,0.10677279349129165,0.1,0.281494140625,0.3603515625
12,smc01_high,20,14,0.16479592989767564,0.113297201804652,0.05149872809302364,0.13844406459023842,0.1,0.265625,0.345703125
12,smc01_high,20,15,0.16830951937117547,0.11571279456768313,0.05259672480349233,0.12625590341295437,0.1,0.2099609375,0.269287109375
12,smc01_high,21,12,0.18152969233159225,0.12196526203528854,0.059564430296303705,0.14375718713737587,0.1,0.23876953125,0.292236328125
12,smc01_high,21,13,0.12770705214062675,0.0858031756569836,0.04190387648364315,0.10812061996115165,0.1,0.279296875,0.358642578125
12,smc01_high,21,14,0.1572957345432056,0.10568307164621626,0.05161266289698934,0.13206721780703623,0.1,0.2705078125,0.3505859375
12,smc01_high,21,15,0.16999294302395151,0.11421400859421743,0.05577893442973409,0.1253962495872102,0.1,0.18994140625,0.2724609375
12,smc01_high,22,12,0.18283298802237496,0.11998414838968358,0.06284883963269139,0.14312846804385224,0.1,0.22509765625,0.29296875
12,smc01_high,22,13,0.127803729469395,0.08387119746429048,0.04393253200510453,0.10763493458898389,0.1,0.277099609375,0.3662109375
12,smc01_high,22,14,0.14965887378814327,0.09821363592346902,0.05144523786467425,0.12602104753791715,0.1,0.274169921875,0.351318359375
12,smc01_high,22,15,0.17210968311419844,0.11294697954369273,0.059162703570505716,0.12795858307477342,0.1,0.205322265625,0.25244140625
12,smc01_high,23,12,0.18586748748637605,0.11907135917095965,0.0667961283154164,0.14636280786744052,0.1,0.22705078125,0.289794921875
12,smc01_high,23,13,0.1259947652023451,0.08071539645775233,0.04527936874459277,0.10766565811690172,0.1,0.282470703125,0.370849609375
12,smc01_high,23,14,0.1435161571450682,0.09194003817105932,0.05157611897400889,0.12023774093290614,0.1,0.273193359375,0.35791015625
12,smc01_high,23,15,0.174571997604994,0.11183518596569929,0.06273681163929472,0.1288928082326484,0.1,0.1826171875,0.281005859375
12,smc01_high,24,12,0.19731802605973636,0.12332376628733523,0.07399425977240114,0.1578011141003038,0.1,0.22314453125,0.282470703125
12,smc01_high,24,13,0.12260616315334975,0.0766288519708436,0.045977311182506156,0.10564207795653402,0.1,0.279541015625,0.381103515625
12,smc01_high,24,14,0.13879705642347637,0.08674816026467273,0.052048896158803634,0.11731231855506868,0.1,0.281005859375,0.3544921875
12,smc01_high,24,15,0.17716263943189317,0.11072664964493323,0.06643598978695994,0.13349662323342887,0.1,0.203857421875,0.26171875
12,smc01_high,25,12,0.19644990712424049,0.11971166215383405,0.07673824497040643,0.15740112344424634,0.1,0.21923828125,0.30712890625
12,smc01_high,25,13,0.11809222869492382,0.07196245186096921,0.04612977683395462,0.1039259130364536,0.1,0.2939453125,0.373291015625
12,smc01_high,25,14,0.1347024854372658,0.08208432706333384,0.052618158373931946,0.11480219337413673,0.1,0.2880859375,0.35498046875
12,smc01_high,25,15,0.17852376620451377,0.10878792003087558,0.06973584617363819,0.13455215023263292,0.1,0.193359375,0.282958984375
12,smc01_high,26,12,0.1835627363552541,0.10899037471093212,0.07457236164432199,0.14834113640786717,0.1,0.245361328125,0.314453125
12,smc01_high,26,13,0.11337208767130053,0.06731467705483468,0.04605741061646584,0.10166947811553176,0.1,0.29150390625,0.387451171875
12,smc01_high,26,14,0.13143472447010127,0.07803936765412263,0.05339535681597864,0.11198543417432558,0.1,0.27880859375,0.375
12,smc01_high,26,15,0.1793947112049975,0.10651560977796727,0.07287910142703023,0.13642779212507267,0.1,0.205078125,0.278076171875
12,smc01_high,27,12,0.18021335061635094,0.10418584332507788,0.07602750729127306,0.14645268924056332,0.1,0.2548828125,0.3203125
12,smc01_high,27,13,0.10844989228258438,0.06269759397586909,0.04575229830671528,0.09979076068534667,0.1,0.305908203125,0.389404296875
12,smc01_high,27,14,0.12996781217257689,0.07513764141227101,0.05483017076030587,0.11283959853315892,0.1,0.297119140625,0.362548828125
12,smc01_high,27,15,0.17961199920239967,0.10383818703888731,0.07577381216351237,0.13752492822846077,0.1,0.203125,0.28466796875
12,smc01_high,28,12,0.1905698819377329,0.10719555858997475,0.08337432334775814,0.15644601021500326,0.1,0.2578125,0.313232421875
12,smc01_high,28,13,0.10410281160154554,0.05855783152586937,0.04554498007567617,0.09757584426609314,0.1,0.297119140625,0.4140625
12,smc01_high,28,14,0.13211956500092467,0.07431725531302012,0.05780230968790454,0.11370231835736286,0.1,0.2841796875,0.376220703125
12,smc01_high,28,15,0.17898953082980715,0.10068161109176652,0.07830791973804063,0.13814261967025815,0.1,0.212646484375,0.287109375
12,smc01_high,29,12,0.19701369316475686,0.10774186344947641,0.08927182971528046,0.1641281675426032,0.1,0.26123046875,0.322021484375
12,smc01_high,29,13,0.09986312883477673,0.05461264858151852,0.04525048025325821,0.09773686455851617,0.1,0.3193359375,0.403564453125
12,smc01_high,29,14,0.13426529650213448,0.0734263340246048,0.060838962477529686,0.11664372236233049,0.1,0.2998046875,0.358154296875
12,smc01_high,29,15,0.17475290837536991,0.09556799676778042,0.07918491160758949,0.13579704851590202,0.1,0.217529296875,0.30029296875
12,smc01_high,30,12,0.18016656854834143,0.09571348954130639,0.08445307900703504,0.15020691302037786,0.1,0.270263671875,0.3408203125
12,smc01_high,30,13,0.09630116234746727,0.05115999249709199,0.045141169850375286,0.09585388680466368,0.1,0.31201171875,0.421142578125
12,smc01_high,30,14,0.12998358358676418,0.06905377878046846,0.06092980480629571,0.11288861344515291,0.1,0.287841796875,0.37744140625
12,smc01_high,30,15,0.16967642272579103,0.09014059957307649,0.07953582315271454,0.13272657638511381,0.1,0.223388671875,0.306884765625
12,smc01_high,31,12,0.16294970450207358,0.08402094138388169,0.07892876311819189,0.13626326527317995,0.1,0.28173828125,0.348388671875
12,smc01_high,31,13,0.09309340504112319,0.04800128697432915,0.04509211806679404,0.0959209786911836,0.1,0.33154296875,0.412841796875
12,smc01_high,31,14,0.12186237567158387,0.06283528745566043,0.05902708821592344,0.10826830112489834,0.1,0.299560546875,0.382080078125
12,smc01_high,31,15,0.16606137045345007,0.0856253941400602,0.08043597631338988,0.13091674749894439,0.1,0.231201171875,0.316162109375
12,smc01_high,32,12,0.148062995230381,0.0740314976151905,0.0740314976151905,0.126019635819169,0.1,0.29931640625,0.355224609375
12,smc01_high,32,13,0.09052398205955715,0.04526199102977858,0.04526199102977858,0.09550535513729842,0.1,0.326171875,0.42578125
12,smc01_high,32,14,0.11619886346589456,0.05809943173294728,0.05809943173294728,0.10544033128989114,0.1,0.306396484375,0.388427734375
12,smc01_high,32,15,0.16157333584766728,0.08078666792383364,0.08078666792383364,0.12788838651887804,0.1,0.2333984375,0.32470703125
12,smc01_high,33,12,0.13842828375159605,0.06705119994217934,0.07137708380941671,0.12025056867676352,0.1,0.30126953125,0.371337890625
12,smc01_high,33,13,0.08830867568555868,0.04277451478519249,0.045534160900366195,0.09497718929870862,0.1,0.33837890625,0.421142578125
12,smc01_high,33,14,0.11258819151186332,0.054534905263558794,0.058053286248304525,0.10411749530457372,0.1,0.310302734375,0.392333984375
12,smc01_high,33,15,0.15613854826637583,0.07562960931652579,0.08050893894985003,0.12477577046787727,0.1,0.247802734375,0.321044921875
12,smc01_high,34,12,0.13407710966317454,0.06284864515461307,0.07122846450856148,0.1197788237377073,0.1,0.326171875,0.35986328125
12,smc01_high,34,13,0.08677531726584425,0.04067592996836449,0.04609938729747976,0.09504408226280671,0.1,0.332275390625,0.435302734375
12,smc01_high,34,14,0.11032649307532252,0.051715543629057434,0.05861094944626509,0.10368579126777405,0.1,0.3154296875,0.396484375
12,smc01_high,34,15,0.152157211246557,0.0713236927718236,0.08083351847473341,0.12155854957394316,0.1,0.23681640625,0.342041015625
12,smc01_high,35,12,0.13174369498003274,0.059696361787827334,0.07204733319220541,0.11657354245914334,0.1,0.299560546875,0.394287109375
12,smc01_high,35,13,0.08555142672520742,0.03876549023485961,0.04678593649034781,0.09451740438836388,0.1,0.34130859375,0.430908203125
12,smc01_high,35,14,0.10869263013099535,0.04925134802810727,0.059441282102888085,0.10262077526705748,0.1,0.319091796875,0.39404296875
12,smc01_high,35,15,0.14880430054949625,0.06742694868649049,0.08137735186300576,0.12053160102148935,0.1,0.251220703125,0.338134765625
12,smc01_high,36,12,0.1304424749568722,0.057068582793631584,0.07337389216324061,0.11785505202069921,0.1,0.33056640625,0.363037109375
12,smc01_high,36,13,0.08504784078817006,0.0372084303448244,0.04783941044334566,0.09460914919204207,0.1,0.334228515625,0.443115234375
12,smc01_high,36,14,0.1073932327842952,0.04698453934312915,0.060408693441166054,0.10239677370820958,0.1,0.323486328125,0.39697265625
12,smc01_high,36,15,0.14408758162979377,0.06303831696303477,0.08104926466675899,0.11788034787237042,0.1,0.260498046875,0.338623046875
12,smc01_high,37,12,0.12705194414059565,0.05360003893431379,0.07345190520628186,0.1146553166457918,0.1,0.313232421875,0.39111328125
12,smc01_high,37,13,0.08477644188769884,0.03576506142137295,0.04901138046632589,0.09488093958437707,0.1,0.3466796875,0.430419921875
12,smc01_high,37,14,0.10613933982743323,0.044777533989698394,0.06136180583773484,0.10168214623245078,0.1,0.318603515625,0.404296875
12,smc01_high,37,15,0.13963569834484116,0.058908810239229864,0.0807268881056113,0.11403967221432636,0.1,0.25341796875,0.35498046875
12,smc01_high,38,12,0.1227836517962,0.04988085854220625,0.07290279325399375,0.11313551472138285,0.1,0.328125,0.3798828125
12,smc01_high,38,13,0.08474730045773154,0.03442859081095344,0.050318709646778106,0.09514229135346974,0.1,0.341796875,0.439697265625
12,smc01_high,38,14,0.10491645362157295,0.04262230928376401,0.06229414433780894,0.10218849985976629,0.1,0.33056640625,0.396240234375
12,smc01_high,38,15,0.13780431856611097,0.05598300441748258,0.0818213141486284,0.11459118218757779,0.1,0.269287109375,0.34765625
12,smc01_high,39,12,0.11677408708530587,0.045614877767697605,0.07115920931760826,0.10889468575089942,0.1,0.319580078125,0.403564453125
12,smc01_high,39,13,0.0843423725565508,0.03294623927990266,0.051396133276648145,0.09532472606221158,0.1,0.345947265625,0.440185546875
12,smc01_high,39,14,0.10354696594101256,0.04044803357070803,0.06309893237030453,0.10032418339944978,0.1,0.315185546875,0.41552734375
12,smc01_high,39,15,0.1362179275059443,0.05321012793200949,0.08300779957393481,0.11330433919582607,0.1,0.267822265625,0.350830078125
12,smc01_high,40,12,0.11098876320264438,0.04162078620099164,0.06936797700165273,0.10678957204294126,0.1,0.33740234375,0.39892578125
12,smc01_high,40,13,0.08372966482115902,0.031398624307934636,0.05233104051322439,0.09422992371655772,0.1,0.3369140625,0.4501953125
12,smc01_high,40,14,0.10220076431760994,0.03832528661910373,0.06387547769850621,0.10158040628613992,0.1,0.341064453125,0.39501953125
12,smc01_high,40,15,0.1342212656460542,0.05033297461727032,0.08388829102878387,0.1122788389900734,0.1,0.2705078125,0.357666015625
12,smc01_high,41,12,0.10603944064444136,0.03810792398159611,0.06793151666284525,0.10452642817119448,0.1,0.338134765625,0.4013671875
12,smc01_high,41,13,0.0826366565256496,0.029697548438905323,0.05293910808674427,0.09553453121408388,0.1,0.34619140625,0.44384765625
12,smc01_high,41,14,0.10085970944774557,0.03624645808278357,0.064613251364962,0.09894149189492545,0.1,0.313232421875,0.427978515625
12,smc01_high,41,15,0.1316777229007233,0.047321681667447435,0.08435604123327586,0.11027985076275983,0.1,0.272216796875,0.355712890625
12,smc01_high,42,12,0.1020919774765914,0.03509411725757829,0.0669978602190131,0.102504183660573,0.1,0.342041015625,0.405029296875
12,smc01_high,42,13,0.08163269716814812,0.02806123965155092,0.053571457516597205,0.09425662274233629,0.1,0.34521484375,0.44677734375
12,smc01_high,42,14,0.09957241990984819,0.03422801934401032,0.06534440056583787,0.10159104008237753,0.1,0.349853515625,0.398193359375
12,smc01_high,42,15,0.12974926230746714,0.04460130891819183,0.0851479533892753,0.10965811302453674,0.1,0.2802734375,0.356689453125
12,smc01_high,43,12,0.09897276050842967,0.03247543704182848,0.06649732346660119,0.10120122846995924,0.1,0.343505859375,0.410888671875
12,smc01_high,43,13,0.08069165132679727,0.026476948091605355,0.05421470323519192,0.09498633550040297,0.1,0.355712890625,0.433349609375
12,smc01_high,43,14,0.09834332166753797,0.0322689024221609,0.06607441924537708,0.09836890439068693,0.1,0.323486328125,0.4287109375
12,smc01_high,43,15,0.1280960277697824,0.04203150911195985,0.08606451865782255,0.10789438626694099,0.1,0.272705078125,0.370361328125
12,smc01_high,44,12,0.0959918548844407,0.02999745465138772,0.06599440023305299,0.10047632836545917,0.1,0.34912109375,0.4130859375
12,smc01_high,44,13,0.08007366095721599,0.02502301904913,0.05505064190808599,0.09442800570508926,0.1,0.34423828125,0.448486328125
12,smc01_high,44,14,0.09705978771768865,0.030331183661777703,0.06672860405591095,0.1011082946704541,0.1,0.354248046875,0.40234375
12,smc01_high,44,15,0.1264838638758978,0.039526207461218064,0.08695765641467974,0.1083729313692128,0.1,0.2880859375,0.370361328125
12,smc01_high,45,12,0.09340252231079756,0.027728873811018025,0.06567364849977954,0.09905028437185392,0.1,0.349365234375,0.4169921875
12,smc01_high,45,13,0.07969876006216967,0.02366056939345662,0.056038190668713045,0.09530022739510438,0.1,0.357421875,0.439208984375
12,smc01_high,45,14,0.09579030068086139,0.028437745514630724,0.06735255516623066,0.09809441356707109,0.1,0.3291015625,0.4306640625
12,smc01_high,45,15,0.12361186603071832,0.036697272727869504,0.08691459330284881,0.10648523055369104,0.1,0.281982421875,0.3837890625
12,smc01_high,46,12,0.09093125562334674,0.02557441564406627,0.06535683997928046,0.09884445081550393,0.1,0.354736328125,0.41748046875
12,smc01_high,46,13,0.07957650559844445,0.0223808921995625,0.05719561339888195,0.09496858346617212,0.1,0.3544921875,0.44091796875
12,smc01_high,46,14,0.09448066834406013,0.02657268797176691,0.06790798037229322,0.10078948795444646,0.1,0.359375,0.402587890625
12,smc01_high,46,15,0.12040946646282366,0.033865162442669156,0.0865443040201545,0.10538451466676642,0.1,0.293701171875,0.374755859375
12,smc01_high,47,12,0.08862118452490554,0.023540002139428036,0.06508118238547751,0.09778040168944928,0.1,0.353759765625,0.426025390625
12,smc01_high,47,13,0.07969465729665555,0.02116889334442413,0.05852576395223142,0.09495817353541057,0.1,0.3515625,0.445556640625
12,smc01_high,47,14,0.09316180017105602,0.024746103170436753,0.06841569700061927,0.09752386132616045,0.1,0.3310546875,0.435302734375
12,smc01_high,47,15,0.11653690819234537,0.030955116238591738,0.08558179195375364,0.10325161743719655,0.1,0.291015625,0.38623046875
