seed,D,curvature,scale_mode,hidden,loss_space,condition,kind,strength,swd_2d,mmd_2d,mmd_sigma2,manifold_consistency_rms,swd_delta_vs_x_boot_mean,swd_delta_vs_x_ci_low,swd_delta_vs_x_ci_high,setting_path
20260807,512,0.0,constant_norm,128,v,x,x,0.0,0.0688693771321229,0.0003482103347778,1.4815773963928225,0.0002048477181233,0.0,0.0,0.0,/data/users/zhoushunyu/eqvae/experiments/prediction_target_toy_v4_constant_norm/seed20260807/D512/curv0/scale_constant_norm/loss_v/H128
20260807,512,0.0,constant_norm,128,v,v,v,0.0,0.313146856877897,0.0209033489227294,1.4815773963928225,0.88410884141922,0.2306029061833835,0.1995045642841963,0.2619107575433573,/data/users/zhoushunyu/eqvae/experiments/prediction_target_toy_v4_constant_norm/seed20260807/D512/curv0/scale_constant_norm/loss_v/H128
20260807,512,0.0,constant_norm,128,v,eps,eps,0.0,42.92684415790358,0.5875193476676941,1.4815773963928225,42.853397369384766,42.66961665551377,41.14710198816777,44.24942889986665,/data/users/zhoushunyu/eqvae/experiments/prediction_target_toy_v4_constant_norm/seed20260807/D512/curv0/scale_constant_norm/loss_v/H128
20260807,512,0.0,constant_norm,128,v,oracle,oracle,0.0,0.0254383350224157,-4.661083221435547e-05,1.4815773963928225,0.0001409772085025,-0.0263300865883236,-0.0394580085325541,-0.006696400480185,/data/users/zhoushunyu/eqvae/experiments/prediction_target_toy_v4_constant_norm/seed20260807/D512/curv0/scale_constant_norm/loss_v/H128
20260807,512,0.0,constant_norm,128,v,xv_gm0p1,xv,-0.1,0.0646544227132445,9.262561798095704e-05,1.4815773963928225,0.0028255961369723,-0.0029708963834047,-0.0064124491978273,0.0026039049851494,/data/users/zhoushunyu/eqvae/experiments/prediction_target_toy_v4_constant_norm/seed20260807/D512/curv0/scale_constant_norm/loss_v/H128
20260807,512,0.0,constant_norm,128,v,xeps_gm0p1,xeps,-0.1,0.128820448121784,0.0068740844726562,1.4815773963928225,0.0042611663229763,0.0538014855502208,0.0283971045566029,0.0744538232475245,/data/users/zhoushunyu/eqvae/experiments/prediction_target_toy_v4_constant_norm/seed20260807/D512/curv0/scale_constant_norm/loss_v/H128
20260807,512,0.0,constant_norm,128,v,xv_tan_gm0p1,xv_tangent,-0.1,0.0651753426181834,0.0001225471496582,1.4815773963928225,0.0002076898090308,-0.0026655687667181,-0.0067523443349077,0.003229700149229,/data/users/zhoushunyu/eqvae/experiments/prediction_target_toy_v4_constant_norm/seed20260807/D512/curv0/scale_constant_norm/loss_v/H128
20260807,512,0.0,constant_norm,128,v,xv_normcomp_gm0p1,xv_normal,-0.1,0.0686420555682058,0.0003391504287719,1.4815773963928225,0.0028253649361431,-6.584255365136973e-05,-0.0010587505731535,0.001253090436952,/data/users/zhoushunyu/eqvae/experiments/prediction_target_toy_v4_constant_norm/seed20260807/D512/curv0/scale_constant_norm/loss_v/H128
20260807,512,0.0,constant_norm,128,v,xv_gm0p03,xv,-0.03,0.0674350045963795,0.0002558231353759,1.4815773963928225,0.0006871677469462,-0.0010321462126242,-0.0020396786449062,0.0007003654436232,/data/users/zhoushunyu/eqvae/experiments/prediction_target_toy_v4_constant_norm/seed20260807/D512/curv0/scale_constant_norm/loss_v/H128
20260807,512,0.0,constant_norm,128,v,xeps_gm0p03,xeps,-0.03,0.0766271818115934,0.0008847713470458,1.4815773963928225,0.0007885518134571,0.0064665086107454,-0.0047519992855387,0.0177781400877187,/data/users/zhoushunyu/eqvae/experiments/prediction_target_toy_v4_constant_norm/seed20260807/D512/curv0/scale_constant_norm/loss_v/H128
20260807,512,0.0,constant_norm,128,v,xv_tan_gm0p03,xv_tangent,-0.03,0.0675442664121659,0.0002635717391967,1.4815773963928225,0.0002056657540379,-0.0009758464862008,-0.0021598597399551,0.000853869964969,/data/users/zhoushunyu/eqvae/experiments/prediction_target_toy_v4_constant_norm/seed20260807/D512/curv0/scale_constant_norm/loss_v/H128
20260807,512,0.0,constant_norm,128,v,xv_normcomp_gm0p03,xv_normal,-0.03,0.0687843208757306,0.0003429651260375,1.4815773963928225,0.0006869098870083,-3.650563949988584e-05,-0.0003103821572154,0.0003267415686341,/data/users/zhoushunyu/eqvae/experiments/prediction_target_toy_v4_constant_norm/seed20260807/D512/curv0/scale_constant_norm/loss_v/H128
20260807,512,0.0,constant_norm,128,v,xv_gm0p01,xv,-0.01,0.0683751519865202,0.0003166198730468,1.4815773963928225,0.0002920666593126,-0.0003578237515339,-0.0006908659071059,0.0002248900453163,/data/users/zhoushunyu/eqvae/experiments/prediction_target_toy_v4_constant_norm/seed20260807/D512/curv0/scale_constant_norm/loss_v/H128
20260807,512,0.0,constant_norm,128,v,xeps_gm0p01,xeps,-0.01,0.0695037683006222,0.0003693103790283,1.4815773963928225,0.0003044167824555,0.0004620028019001,-0.0033999538036013,0.0047691479770039,/data/users/zhoushunyu/eqvae/experiments/prediction_target_toy_v4_constant_norm/seed20260807/D512/curv0/scale_constant_norm/loss_v/H128
20260807,512,0.0,constant_norm,128,v,xv_tan_gm0p01,xv_tangent,-0.01,0.0684073287214318,0.0003188848495483,1.4815773963928225,0.0002051176561508,-0.0003422618464191,-0.0007325640058328,0.0002727665359448,/data/users/zhoushunyu/eqvae/experiments/prediction_target_toy_v4_constant_norm/seed20260807/D512/curv0/scale_constant_norm/loss_v/H128
20260807,512,0.0,constant_norm,128,v,xv_normcomp_gm0p01,xv_normal,-0.01,0.0688398235149998,0.0003483295440673,1.4815773963928225,0.0002918748650699,-1.340684145047552e-05,-0.0001026836565619,0.0001049624775531,/data/users/zhoushunyu/eqvae/experiments/prediction_target_toy_v4_constant_norm/seed20260807/D512/curv0/scale_constant_norm/loss_v/H128
20260807,512,0.0,constant_norm,128,v,xv_g0p003,xv,0.003,0.0690207623295615,0.0003587007522583,1.4815773963928225,0.0002140900614904,0.0001100523627144,-6.573815858613267e-05,0.000209370137667,/data/users/zhoushunyu/eqvae/experiments/prediction_target_toy_v4_constant_norm/seed20260807/D512/curv0/scale_constant_norm/loss_v/H128
20260807,512,0.0,constant_norm,128,v,xeps_g0p003,xeps,0.003,0.0691120010497142,0.0003745555877685,1.4815773963928225,0.0002142721350537,0.0002272582411249,-0.0011188044628707,0.0013329535955141,/data/users/zhoushunyu/eqvae/experiments/prediction_target_toy_v4_constant_norm/seed20260807/D512/curv0/scale_constant_norm/loss_v/H128
20260807,512,0.0,constant_norm,128,v,xv_tan_g0p003,xv_tangent,0.003,0.0690119236042924,0.0003597736358642,1.4815773963928225,0.0002047672169283,0.0001060017858664,-7.950405072683144e-05,0.0002222202513709,/data/users/zhoushunyu/eqvae/experiments/prediction_target_toy_v4_constant_norm/seed20260807/D512/curv0/scale_constant_norm/loss_v/H128
20260807,512,0.0,constant_norm,128,v,xv_normcomp_g0p003,xv_normal,0.003,0.0688784464247175,0.0003514289855957,1.4815773963928225,0.0002141668228432,4.241434439495318e-06,-3.075481155073237e-05,3.0627440426049184e-05,/data/users/zhoushunyu/eqvae/experiments/prediction_target_toy_v4_constant_norm/seed20260807/D512/curv0/scale_constant_norm/loss_v/H128
20260807,512,0.0,constant_norm,128,v,xv_g0p01,xv,0.01,0.0693796110679465,0.0003819465637207,1.4815773963928225,0.0002831482270266,0.0003717200876698,-0.0002159566878686,0.0007016726535944,/data/users/zhoushunyu/eqvae/experiments/prediction_target_toy_v4_constant_norm/seed20260807/D512/curv0/scale_constant_norm/loss_v/H128
20260807,512,0.0,constant_norm,128,v,xeps_g0p01,xeps,0.01,0.0704612459874092,0.0004901885986328,1.4815773963928225,0.0002827371645253,0.0014256602227557,-0.0030917157572643,0.0050079026167915,/data/users/zhoushunyu/eqvae/experiments/prediction_target_toy_v4_constant_norm/seed20260807/D512/curv0/scale_constant_norm/loss_v/H128
20260807,512,0.0,constant_norm,128,v,xv_tan_g0p01,xv_tangent,0.01,0.0693515604839636,0.0003801584243774,1.4815773963928225,0.0002045802830252,0.0003593122065939,-0.0002606614753194,0.0007450290764517,/data/users/zhoushunyu/eqvae/experiments/prediction_target_toy_v4_constant_norm/seed20260807/D512/curv0/scale_constant_norm/loss_v/H128
20260807,512,0.0,constant_norm,128,v,xv_normcomp_g0p01,xv_normal,0.01,0.0688999806696449,0.0003492832183837,1.4815773963928225,0.00028334162198,1.45171428544609e-05,-0.0001011789330765,0.0001017129382315,/data/users/zhoushunyu/eqvae/experiments/prediction_target_toy_v4_constant_norm/seed20260807/D512/curv0/scale_constant_norm/loss_v/H128
20260807,512,0.0,constant_norm,128,v,xv_g0p03,xv,0.03,0.07044791426616,0.0004547834396362,1.4815773963928225,0.0005696106818504,0.0011571889007625,-0.0006194753220343,0.0021377277686073,/data/users/zhoushunyu/eqvae/experiments/prediction_target_toy_v4_constant_norm/seed20260807/D512/curv0/scale_constant_norm/loss_v/H128
20260807,512,0.0,constant_norm,128,v,xeps_g0p03,xeps,0.03,0.0798455197725971,0.0012780427932739,1.4815773963928225,0.0005363331874832,0.0098087540935813,-0.0032551648863309,0.0194652696221784,/data/users/zhoushunyu/eqvae/experiments/prediction_target_toy_v4_constant_norm/seed20260807/D512/curv0/scale_constant_norm/loss_v/H128
20260807,512,0.0,constant_norm,128,v,xv_tan_g0p03,xv_tangent,0.03,0.0703757871498971,0.0004506111145019,1.4815773963928225,0.0002040523540927,0.0011292363253507,-0.0007445087829222,0.0022722187478946,/data/users/zhoushunyu/eqvae/experiments/prediction_target_toy_v4_constant_norm/seed20260807/D512/curv0/scale_constant_norm/loss_v/H128
20260807,512,0.0,constant_norm,128,v,xv_normcomp_g0p03,xv_normal,0.03,0.0689639559594154,0.0003546476364135,1.4815773963928225,0.0005699007888324,4.650175306073576e-05,-0.0002930842797896,0.0003021632739691,/data/users/zhoushunyu/eqvae/experiments/prediction_target_toy_v4_constant_norm/seed20260807/D512/curv0/scale_constant_norm/loss_v/H128
20260807,512,0.0,constant_norm,128,v,xv_g0p1,xv,0.1,0.0746821443366897,0.0007587671279907,1.4815773963928225,0.0013961968943476,0.0043570062891216,-0.0016940082787042,0.0075040725158333,/data/users/zhoushunyu/eqvae/experiments/prediction_target_toy_v4_constant_norm/seed20260807/D512/curv0/scale_constant_norm/loss_v/H128
20260807,512,0.0,constant_norm,128,v,xeps_g0p1,xeps,0.1,0.1488016573281572,0.0093148946762084,1.4815773963928225,0.0010350263910368,0.0759239636050319,0.0481736915911939,0.0963910333856001,/data/users/zhoushunyu/eqvae/experiments/prediction_target_toy_v4_constant_norm/seed20260807/D512/curv0/scale_constant_norm/loss_v/H128
20260807,512,0.0,constant_norm,128,v,xv_tan_g0p1,xv_tangent,0.1,0.0745726848590619,0.0007545948028564,1.4815773963928225,0.0002022640110226,0.0043681076044638,-0.0020048421131302,0.0079996246900699,/data/users/zhoushunyu/eqvae/experiments/prediction_target_toy_v4_constant_norm/seed20260807/D512/curv0/scale_constant_norm/loss_v/H128
20260807,512,0.0,constant_norm,128,v,xv_normcomp_g0p1,xv_normal,0.1,0.0692083248108402,0.0003702640533447,1.4815773963928225,0.0013965691905468,0.0001821063317568,-0.0008643286472131,0.0009730144938127,/data/users/zhoushunyu/eqvae/experiments/prediction_target_toy_v4_constant_norm/seed20260807/D512/curv0/scale_constant_norm/loss_v/H128
20260807,512,0.0,constant_norm,128,v,xv_g0p3,xv,0.3,0.0908004848795549,0.0021657943725585,1.4815773963928225,0.0022794711403548,0.0174780619172788,-0.0008978749759229,0.025833895201836,/data/users/zhoushunyu/eqvae/experiments/prediction_target_toy_v4_constant_norm/seed20260807/D512/curv0/scale_constant_norm/loss_v/H128
20260807,512,0.0,constant_norm,128,v,xeps_g0p3,xeps,0.3,0.3599060970713225,0.0553959608078002,1.4815773963928225,0.0009516195277683,0.2860656525039609,0.2553791521445924,0.3101936908652908,/data/users/zhoushunyu/eqvae/experiments/prediction_target_toy_v4_constant_norm/seed20260807/D512/curv0/scale_constant_norm/loss_v/H128
20260807,512,0.0,constant_norm,128,v,xv_tan_g0p3,xv_tangent,0.3,0.0913827238004837,0.0022159814834594,1.4815773963928225,0.0001974254846572,0.0183016401428034,-0.0008741859088099,0.0281137491908308,/data/users/zhoushunyu/eqvae/experiments/prediction_target_toy_v4_constant_norm/seed20260807/D512/curv0/scale_constant_norm/loss_v/H128
20260807,512,0.0,constant_norm,128,v,xv_normcomp_g0p3,xv_normal,0.3,0.0699543706490465,0.0004166364669799,1.4815773963928225,0.0022800387814641,0.0006554217265155,-0.0019193583720637,0.0026117032659211,/data/users/zhoushunyu/eqvae/experiments/prediction_target_toy_v4_constant_norm/seed20260807/D512/curv0/scale_constant_norm/loss_v/H128
20260807,512,0.0,constant_norm,128,v,xv_rms_etam0p03,xv_norm,-0.03,0.0680245980936985,0.0004942417144775,1.4815773963928225,0.0299825984984636,0.0012252982615443,-0.009569207613019,0.0152982541194973,/data/users/zhoushunyu/eqvae/experiments/prediction_target_toy_v4_constant_norm/seed20260807/D512/curv0/scale_constant_norm/loss_v/H128
20260807,512,0.0,constant_norm,128,v,xv_rms_etam0p01,xv_norm,-0.01,0.0654641173761152,0.000217318534851,1.4815773963928225,0.009986387565732,-0.0019741544934897,-0.0069374176507831,0.0049776971608391,/data/users/zhoushunyu/eqvae/experiments/prediction_target_toy_v4_constant_norm/seed20260807/D512/curv0/scale_constant_norm/loss_v/H128
20260807,512,0.0,constant_norm,128,v,xv_rms_eta0p01,xv_norm,0.01,0.0875534632910887,0.001630425453186,1.4815773963928225,0.0098963780328631,0.0148750757884216,0.0033321893116311,0.0216418297939412,/data/users/zhoushunyu/eqvae/experiments/prediction_target_toy_v4_constant_norm/seed20260807/D512/curv0/scale_constant_norm/loss_v/H128
20260807,512,0.0,constant_norm,128,v,xv_rms_eta0p03,xv_norm,0.03,0.2595027738251917,0.0338202714920043,1.4815773963928225,0.025988332927227,0.1732722505243897,0.1482072472974441,0.1904576191906939,/data/users/zhoushunyu/eqvae/experiments/prediction_target_toy_v4_constant_norm/seed20260807/D512/curv0/scale_constant_norm/loss_v/H128
20260807,512,0.0,constant_norm,256,v,x,x,0.0,0.077102015908568,0.0006916522979736,1.4632580280303955,0.0002158394054276,0.0,0.0,0.0,/data/users/zhoushunyu/eqvae/experiments/prediction_target_toy_v4_constant_norm/seed20260807/D512/curv0/scale_constant_norm/loss_v/H256
20260807,512,0.0,constant_norm,256,v,v,v,0.0,0.300178162674601,0.0190633535385131,1.4632580280303955,0.7941344380378723,0.2298522991652735,0.2004941920466947,0.2584226412575509,/data/users/zhoushunyu/eqvae/experiments/prediction_target_toy_v4_constant_norm/seed20260807/D512/curv0/scale_constant_norm/loss_v/H256
20260807,512,0.0,constant_norm,256,v,eps,eps,0.0,37.40508400758681,0.5830106735229492,1.4632580280303955,36.41916275024414,37.45560476533272,36.22725272133684,38.36535806100672,/data/users/zhoushunyu/eqvae/experiments/prediction_target_toy_v4_constant_norm/seed20260807/D512/curv0/scale_constant_norm/loss_v/H256
20260807,512,0.0,constant_norm,256,v,oracle,oracle,0.0,0.0309356403377622,0.0001742839813232,1.4632580280303955,0.0001407927047694,-0.02717101740617,-0.0438210226554085,-0.0057244882057346,/data/users/zhoushunyu/eqvae/experiments/prediction_target_toy_v4_constant_norm/seed20260807/D512/curv0/scale_constant_norm/loss_v/H256
20260807,512,0.0,constant_norm,256,v,xv_gm0p1,xv,-0.1,0.0736302134987549,0.0004732608795166,1.4632580280303955,0.0026889417786151,-0.0025467769999425,-0.0051507563592884,0.0007681455493087,/data/users/zhoushunyu/eqvae/experiments/prediction_target_toy_v4_constant_norm/seed20260807/D512/curv0/scale_constant_norm/loss_v/H256
20260807,512,0.0,constant_norm,256,v,xeps_gm0p1,xeps,-0.1,0.1089237037344816,0.0037024021148681,1.4632580280303955,0.0039717811159789,0.0334971647975814,0.0124368717836651,0.0550118925364059,/data/users/zhoushunyu/eqvae/experiments/prediction_target_toy_v4_constant_norm/seed20260807/D512/curv0/scale_constant_norm/loss_v/H256
20260807,512,0.0,constant_norm,256,v,xv_tan_gm0p1,xv_tangent,-0.1,0.0733294227174506,0.0004267692565917,1.4632580280303955,0.000217534659896,-0.002687173004455,-0.0060756197787394,0.0010168490742139,/data/users/zhoushunyu/eqvae/experiments/prediction_target_toy_v4_constant_norm/seed20260807/D512/curv0/scale_constant_norm/loss_v/H256
20260807,512,0.0,constant_norm,256,v,xv_normcomp_gm0p1,xv_normal,-0.1,0.0777702880208979,0.0007767677307128,1.4632580280303955,0.002688783686608,0.0004961897432149,-0.0005119740532647,0.0016366455951248,/data/users/zhoushunyu/eqvae/experiments/prediction_target_toy_v4_constant_norm/seed20260807/D512/curv0/scale_constant_norm/loss_v/H256
20260807,512,0.0,constant_norm,256,v,xv_gm0p03,xv,-0.03,0.0759652622447124,0.0006176233291625,1.4632580280303955,0.0006730842869728,-0.0008510977166773,-0.0016550215640954,0.0001693883756351,/data/users/zhoushunyu/eqvae/experiments/prediction_target_toy_v4_constant_norm/seed20260807/D512/curv0/scale_constant_norm/loss_v/H256
20260807,512,0.0,constant_norm,256,v,xeps_gm0p03,xeps,-0.03,0.0765231741564758,0.0004924535751342,1.4632580280303955,0.0007736627594567,0.0005777617313383,-0.0084022237183922,0.010309229688099,/data/users/zhoushunyu/eqvae/experiments/prediction_target_toy_v4_constant_norm/seed20260807/D512/curv0/scale_constant_norm/loss_v/H256
20260807,512,0.0,constant_norm,256,v,xv_tan_gm0p03,xv_tangent,-0.03,0.0758230041522388,0.0005974769592285,1.4632580280303955,0.00021634058794,-0.0009447845997898,-0.0019648727181193,0.0001824431980369,/data/users/zhoushunyu/eqvae/experiments/prediction_target_toy_v4_constant_norm/seed20260807/D512/curv0/scale_constant_norm/loss_v/H256
20260807,512,0.0,constant_norm,256,v,xv_normcomp_gm0p03,xv_normal,-0.03,0.0772760308606524,0.0007156133651733,1.4632580280303955,0.0006729194428771,0.0001248349985899,-0.0001629191920964,0.0004477879525767,/data/users/zhoushunyu/eqvae/experiments/prediction_target_toy_v4_constant_norm/seed20260807/D512/curv0/scale_constant_norm/loss_v/H256
20260807,512,0.0,constant_norm,256,v,xv_gm0p01,xv,-0.01,0.0767138767461977,0.0006656646728515,1.4632580280303955,0.0002961831924039,-0.0002922004088753,-0.0005624682922575,5.006981364940421e-05,/data/users/zhoushunyu/eqvae/experiments/prediction_target_toy_v4_constant_norm/seed20260807/D512/curv0/scale_constant_norm/loss_v/H256
20260807,512,0.0,constant_norm,256,v,xeps_gm0p01,xeps,-0.01,0.0756559310417081,0.0005124807357788,1.4632580280303955,0.0003100492758676,-0.0010129180180662,-0.0040604777374962,0.0023193484871722,/data/users/zhoushunyu/eqvae/experiments/prediction_target_toy_v4_constant_norm/seed20260807/D512/curv0/scale_constant_norm/loss_v/H256
20260807,512,0.0,constant_norm,256,v,xv_tan_gm0p01,xv_tangent,-0.01,0.0766615721500724,0.0006599426269531,1.4632580280303955,0.0002160059666493,-0.0003283702916701,-0.0006683725415215,4.843852707463099e-05,/data/users/zhoushunyu/eqvae/experiments/prediction_target_toy_v4_constant_norm/seed20260807/D512/curv0/scale_constant_norm/loss_v/H256
20260807,512,0.0,constant_norm,256,v,xv_normcomp_gm0p01,xv_normal,-0.01,0.0771577932715711,0.0007002353668212,1.4632580280303955,0.0002960620913654,3.960860476386399e-05,-5.499111070891086e-05,0.0001455327392762,/data/users/zhoushunyu/eqvae/experiments/prediction_target_toy_v4_constant_norm/seed20260807/D512/curv0/scale_constant_norm/loss_v/H256
20260807,512,0.0,constant_norm,256,v,xv_g0p003,xv,0.003,0.0772202729332468,0.0007010698318481,1.4632580280303955,0.0002239937020931,8.93463726536059e-05,-1.3675496789588778e-05,0.0001708428381106,/data/users/zhoushunyu/eqvae/experiments/prediction_target_toy_v4_constant_norm/seed20260807/D512/curv0/scale_constant_norm/loss_v/H256
20260807,512,0.0,constant_norm,256,v,xeps_g0p003,xeps,0.003,0.0777825251651013,0.0007693767547607,1.4632580280303955,0.000224176023039,0.0005447856067034,-0.0004881391914068,0.0014273588953976,/data/users/zhoushunyu/eqvae/experiments/prediction_target_toy_v4_constant_norm/seed20260807/D512/curv0/scale_constant_norm/loss_v/H256
20260807,512,0.0,constant_norm,256,v,xv_tan_g0p003,xv_tangent,0.003,0.0772368976488239,0.0007011890411376,1.4632580280303955,0.0002157895505661,0.0001011581793254,-1.1993376091850444e-05,0.0002031314366166,/data/users/zhoushunyu/eqvae/experiments/prediction_target_toy_v4_constant_norm/seed20260807/D512/curv0/scale_constant_norm/loss_v/H256
20260807,512,0.0,constant_norm,256,v,xv_normcomp_g0p003,xv_normal,0.003,0.0770856900088757,0.0006905794143676,1.4632580280303955,0.0002240415051346,-1.1504652717837516e-05,-4.294570464351763e-05,1.6636407601333668e-05,/data/users/zhoushunyu/eqvae/experiments/prediction_target_toy_v4_constant_norm/seed20260807/D512/curv0/scale_constant_norm/loss_v/H256
20260807,512,0.0,constant_norm,256,v,xv_g0p01,xv,0.01,0.0774994630638942,0.0007188320159912,1.4632580280303955,0.0002883347624447,0.0003008463784842,-4.316347692303532e-05,0.0005732093152759,/data/users/zhoushunyu/eqvae/experiments/prediction_target_toy_v4_constant_norm/seed20260807/D512/curv0/scale_constant_norm/loss_v/H256
20260807,512,0.0,constant_norm,256,v,xeps_g0p01,xeps,0.01,0.0797988422492017,0.0009900331497192,1.4632580280303955,0.0002896595397032,0.0022376950636076,-0.0012032914106676,0.0050967937216044,/data/users/zhoushunyu/eqvae/experiments/prediction_target_toy_v4_constant_norm/seed20260807/D512/curv0/scale_constant_norm/loss_v/H256
20260807,512,0.0,constant_norm,256,v,xv_tan_g0p01,xv_tangent,0.01,0.0775565651602399,0.0007251501083374,1.4632580280303955,0.0002156733389711,0.0003419485754068,-3.540663458500709e-05,0.0006816673992408,/data/users/zhoushunyu/eqvae/experiments/prediction_target_toy_v4_constant_norm/seed20260807/D512/curv0/scale_constant_norm/loss_v/H256
20260807,512,0.0,constant_norm,256,v,xv_normcomp_g0p01,xv_normal,0.01,0.0770483503593757,0.0006852149963378,1.4632580280303955,0.0002884566783905,-3.769122867100058e-05,-0.0001419154333954,5.565699753211604e-05,/data/users/zhoushunyu/eqvae/experiments/prediction_target_toy_v4_constant_norm/seed20260807/D512/curv0/scale_constant_norm/loss_v/H256
20260807,512,0.0,constant_norm,256,v,xv_g0p03,xv,0.03,0.0783224475507935,0.0007740259170532,1.4632580280303955,0.0005705431685782,0.0009287203702789,-0.0001080084336125,0.0017467573211955,/data/users/zhoushunyu/eqvae/experiments/prediction_target_toy_v4_constant_norm/seed20260807/D512/curv0/scale_constant_norm/loss_v/H256
20260807,512,0.0,constant_norm,256,v,xeps_g0p03,xeps,0.03,0.0885910142529085,0.0019319057464599,1.4632580280303955,0.0005490515613928,0.0100793213555422,0.0001993912842338,0.0178170722125842,/data/users/zhoushunyu/eqvae/experiments/prediction_target_toy_v4_constant_norm/seed20260807/D512/curv0/scale_constant_norm/loss_v/H256
20260807,512,0.0,constant_norm,256,v,xv_tan_g0p03,xv_tangent,0.03,0.0785080035466818,0.0007985830307006,1.4632580280303955,0.0002153422537958,0.0010668671511322,-6.634374991035217e-05,0.0020846041352116,/data/users/zhoushunyu/eqvae/experiments/prediction_target_toy_v4_constant_norm/seed20260807/D512/curv0/scale_constant_norm/loss_v/H256
20260807,512,0.0,constant_norm,256,v,xv_normcomp_g0p03,xv_normal,0.03,0.0769470909399451,0.0006704330444335,1.4632580280303955,0.0005707239033654,-0.0001076392809815,-0.0004153880940336,0.0001687687614596,/data/users/zhoushunyu/eqvae/experiments/prediction_target_toy_v4_constant_norm/seed20260807/D512/curv0/scale_constant_norm/loss_v/H256
20260807,512,0.0,constant_norm,256,v,xv_g0p1,xv,0.1,0.0815027308299489,0.0010042190551757,1.4632580280303955,0.0014385938411578,0.003409433762743,-8.811545412547127e-05,0.0061159440789649,/data/users/zhoushunyu/eqvae/experiments/prediction_target_toy_v4_constant_norm/seed20260807/D512/curv0/scale_constant_norm/loss_v/H256
20260807,512,0.0,constant_norm,256,v,xeps_g0p1,xeps,0.1,0.1413913385995182,0.0085233449935913,1.4632580280303955,0.0011274681892246,0.0594944170148682,0.0342900521241739,0.07670804144299,/data/users/zhoushunyu/eqvae/experiments/prediction_target_toy_v4_constant_norm/seed20260807/D512/curv0/scale_constant_norm/loss_v/H256
20260807,512,0.0,constant_norm,256,v,xv_tan_g0p1,xv_tangent,0.1,0.0822835882625891,0.0010979175567626,1.4632580280303955,0.0002141911390936,0.0040426254935247,0.0002686381587906,0.0074014093575249,/data/users/zhoushunyu/eqvae/experiments/prediction_target_toy_v4_constant_norm/seed20260807/D512/curv0/scale_constant_norm/loss_v/H256
20260807,512,0.0,constant_norm,256,v,xv_normcomp_g0p1,xv_normal,0.1,0.0766489412309074,0.0006301403045654,1.4632580280303955,0.0014388180570676,-0.0003029324274094,-0.001275469317444,0.000576516670891,/data/users/zhoushunyu/eqvae/experiments/prediction_target_toy_v4_constant_norm/seed20260807/D512/curv0/scale_constant_norm/loss_v/H256
20260807,512,0.0,constant_norm,256,v,xv_g0p3,xv,0.3,0.0932629959594094,0.0019922256469726,1.4632580280303955,0.002633424475789,0.0131256392235649,0.0025228045266841,0.0209764992698885,/data/users/zhoushunyu/eqvae/experiments/prediction_target_toy_v4_constant_norm/seed20260807/D512/curv0/scale_constant_norm/loss_v/H256
20260807,512,0.0,constant_norm,256,v,xeps_g0p3,xeps,0.3,0.2998582151455363,0.0404602289199829,1.4632580280303955,0.0012285743141546,0.2163887154851286,0.1841848695505644,0.2392093304117873,/data/users/zhoushunyu/eqvae/experiments/prediction_target_toy_v4_constant_norm/seed20260807/D512/curv0/scale_constant_norm/loss_v/H256
20260807,512,0.0,constant_norm,256,v,xv_tan_g0p3,xv_tangent,0.3,0.0968713010156433,0.0024399757385253,1.4632580280303955,0.0002108891203533,0.016449598748701,0.0048038289636546,0.026005984538199,/data/users/zhoushunyu/eqvae/experiments/prediction_target_toy_v4_constant_norm/seed20260807/D512/curv0/scale_constant_norm/loss_v/H256
20260807,512,0.0,constant_norm,256,v,xv_normcomp_g0p3,xv_normal,0.3,0.0761401181161573,0.0005513429641723,1.4632580280303955,0.002633738098666,-0.0005672251516208,-0.003091312954683,0.0017038074749291,/data/users/zhoushunyu/eqvae/experiments/prediction_target_toy_v4_constant_norm/seed20260807/D512/curv0/scale_constant_norm/loss_v/H256
20260807,512,0.0,constant_norm,256,v,xv_rms_etam0p03,xv_norm,-0.03,0.0833688100084685,0.001682162284851,1.4632580280303955,0.0299833305180072,0.0051979465611951,-0.0042124306565204,0.015720696945077,/data/users/zhoushunyu/eqvae/experiments/prediction_target_toy_v4_constant_norm/seed20260807/D512/curv0/scale_constant_norm/loss_v/H256
20260807,512,0.0,constant_norm,256,v,xv_rms_etam0p01,xv_norm,-0.01,0.0779690730980847,0.001035451889038,1.4632580280303955,0.009987493045628,0.0004991265679279,-0.0040149729351512,0.0057785525136761,/data/users/zhoushunyu/eqvae/experiments/prediction_target_toy_v4_constant_norm/seed20260807/D512/curv0/scale_constant_norm/loss_v/H256
20260807,512,0.0,constant_norm,256,v,xv_rms_eta0p01,xv_norm,0.01,0.085313923193369,0.0006729364395141,1.4632580280303955,0.009906843304634,0.0081537860681551,-0.0008617291374319,0.0152520868106628,/data/users/zhoushunyu/eqvae/experiments/prediction_target_toy_v4_constant_norm/seed20260807/D512/curv0/scale_constant_norm/loss_v/H256
20260807,512,0.0,constant_norm,256,v,xv_rms_eta0p03,xv_norm,0.03,0.1695024280082882,0.0071134567260742,1.4632580280303955,0.0260422080755233,0.0929139957072585,0.0756549298777592,0.111651707547779,/data/users/zhoushunyu/eqvae/experiments/prediction_target_toy_v4_constant_norm/seed20260807/D512/curv0/scale_constant_norm/loss_v/H256
20260807,512,0.0,constant_norm,512,v,x,x,0.0,0.0513114715055871,5.7220458984375e-05,1.4680702686309814,0.0002451139444019,0.0,0.0,0.0,/data/users/zhoushunyu/eqvae/experiments/prediction_target_toy_v4_constant_norm/seed20260807/D512/curv0/scale_constant_norm/loss_v/H512
20260807,512,0.0,constant_norm,512,v,v,v,0.0,0.3132557904040263,0.0224193930625915,1.4680702686309814,0.6132556200027466,0.2499638474619263,0.2110425719073976,0.275496418827076,/data/users/zhoushunyu/eqvae/experiments/prediction_target_toy_v4_constant_norm/seed20260807/D512/curv0/scale_constant_norm/loss_v/H512
20260807,512,0.0,constant_norm,512,v,eps,eps,0.0,24.072435626780265,0.5790548920631409,1.4680702686309814,21.429222106933597,24.202448681244714,23.400168862799436,24.91593746883279,/data/users/zhoushunyu/eqvae/experiments/prediction_target_toy_v4_constant_norm/seed20260807/D512/curv0/scale_constant_norm/loss_v/H512
20260807,512,0.0,constant_norm,512,v,oracle,oracle,0.0,0.0288203078167935,8.416175842285156e-05,1.4680702686309814,0.0001426306989742,-0.0173649371390285,-0.0289349783350862,-0.0024913343638014,/data/users/zhoushunyu/eqvae/experiments/prediction_target_toy_v4_constant_norm/seed20260807/D512/curv0/scale_constant_norm/loss_v/H512
20260807,512,0.0,constant_norm,512,v,xv_gm0p1,xv,-0.1,0.0521773362016302,2.5272369384765625e-05,1.4680702686309814,0.0024465580936521,0.0003154577999003,-0.0025564907533605,0.0033982531768942,/data/users/zhoushunyu/eqvae/experiments/prediction_target_toy_v4_constant_norm/seed20260807/D512/curv0/scale_constant_norm/loss_v/H512
20260807,512,0.0,constant_norm,512,v,xeps_gm0p1,xeps,-0.1,0.0779502519291564,0.0013203620910644,1.4680702686309814,0.0034149249549955,0.018768836720575,-0.0010423718163782,0.0352579533173674,/data/users/zhoushunyu/eqvae/experiments/prediction_target_toy_v4_constant_norm/seed20260807/D512/curv0/scale_constant_norm/loss_v/H512
20260807,512,0.0,constant_norm,512,v,xv_tan_gm0p1,xv_tangent,-0.1,0.0524986388659475,3.659725189208984e-05,1.4680702686309814,0.0002476559020578,0.0006331661607152,-0.002657141015943,0.0043217876119618,/data/users/zhoushunyu/eqvae/experiments/prediction_target_toy_v4_constant_norm/seed20260807/D512/curv0/scale_constant_norm/loss_v/H512
20260807,512,0.0,constant_norm,512,v,xv_normcomp_gm0p1,xv_normal,-0.1,0.0512014594487768,6.151199340820312e-05,1.4680702686309814,0.002446315716952,-0.0001978130398093,-0.000947414686871,0.0004070566849151,/data/users/zhoushunyu/eqvae/experiments/prediction_target_toy_v4_constant_norm/seed20260807/D512/curv0/scale_constant_norm/loss_v/H512
20260807,512,0.0,constant_norm,512,v,xv_gm0p03,xv,-0.03,0.0514198414978477,4.0650367736816406e-05,1.4680702686309814,0.0006553537095896,-4.356596828615291e-06,-0.00088572600422,0.0009847579729708,/data/users/zhoushunyu/eqvae/experiments/prediction_target_toy_v4_constant_norm/seed20260807/D512/curv0/scale_constant_norm/loss_v/H512
20260807,512,0.0,constant_norm,512,v,xeps_gm0p03,xeps,-0.03,0.0534926879614794,4.2438507080078125e-05,1.4680702686309814,0.0007478339248336,0.0008753672458226,-0.0062427770785955,0.0072008977203114,/data/users/zhoushunyu/eqvae/experiments/prediction_target_toy_v4_constant_norm/seed20260807/D512/curv0/scale_constant_norm/loss_v/H512
20260807,512,0.0,constant_norm,512,v,xv_tan_gm0p03,xv_tangent,-0.03,0.0514791827121684,4.2438507080078125e-05,1.4680702686309814,0.0002458661037962,6.785777999209715e-05,-0.0009651144786196,0.0012457829056694,/data/users/zhoushunyu/eqvae/experiments/prediction_target_toy_v4_constant_norm/seed20260807/D512/curv0/scale_constant_norm/loss_v/H512
20260807,512,0.0,constant_norm,512,v,xv_normcomp_gm0p03,xv_normal,-0.03,0.0512730514358428,5.7697296142578125e-05,1.4680702686309814,0.0006550843827426,-6.06138345211562e-05,-0.0002752072927827,0.0001133470292807,/data/users/zhoushunyu/eqvae/experiments/prediction_target_toy_v4_constant_norm/seed20260807/D512/curv0/scale_constant_norm/loss_v/H512
20260807,512,0.0,constant_norm,512,v,xv_gm0p01,xv,-0.01,0.0513318858226009,5.0187110900878906e-05,1.4680702686309814,0.0003142500063404,-1.1407598343021464e-05,-0.0003084561763722,0.0003244015700691,/data/users/zhoushunyu/eqvae/experiments/prediction_target_toy_v4_constant_norm/seed20260807/D512/curv0/scale_constant_norm/loss_v/H512
20260807,512,0.0,constant_norm,512,v,xeps_gm0p01,xeps,-0.01,0.0513621208641912,1.8358230590820312e-05,1.4680702686309814,0.0003276795323472,-0.0001804011450556,-0.0024548116526012,0.002047655507801,/data/users/zhoushunyu/eqvae/experiments/prediction_target_toy_v4_constant_norm/seed20260807/D512/curv0/scale_constant_norm/loss_v/H512
20260807,512,0.0,constant_norm,512,v,xv_tan_gm0p01,xv_tangent,-0.01,0.0513475244222574,5.030632019042969e-05,1.4680702686309814,0.0002453640045132,1.020452229925542e-05,-0.000337821591066,0.000409689861285,/data/users/zhoushunyu/eqvae/experiments/prediction_target_toy_v4_constant_norm/seed20260807/D512/curv0/scale_constant_norm/loss_v/H512
20260807,512,0.0,constant_norm,512,v,xv_normcomp_gm0p01,xv_normal,-0.01,0.0512982190965816,5.793571472167969e-05,1.4680702686309814,0.0003140602493658,-2.0300736339156355e-05,-9.072697213934056e-05,3.705460966416972e-05,/data/users/zhoushunyu/eqvae/experiments/prediction_target_toy_v4_constant_norm/seed20260807/D512/curv0/scale_constant_norm/loss_v/H512
20260807,512,0.0,constant_norm,512,v,xv_g0p003,xv,0.003,0.0513084826242623,5.793571472167969e-05,1.4680702686309814,0.0002520503476262,5.3927662377891565e-06,-9.651038149470388e-05,9.509165052461778e-05,/data/users/zhoushunyu/eqvae/experiments/prediction_target_toy_v4_constant_norm/seed20260807/D512/curv0/scale_constant_norm/loss_v/H512
20260807,512,0.0,constant_norm,512,v,xeps_g0p003,xeps,0.003,0.0514299656903164,7.641315460205078e-05,1.4680702686309814,0.0002528050972614,0.0001414341806666,-0.0005596968920431,0.000800831061405,/data/users/zhoushunyu/eqvae/experiments/prediction_target_toy_v4_constant_norm/seed20260807/D512/curv0/scale_constant_norm/loss_v/H512
20260807,512,0.0,constant_norm,512,v,xv_tan_g0p003,xv_tangent,0.003,0.0513046444347498,5.829334259033203e-05,1.4680702686309814,0.0002450389729347,-5.897661879528809e-07,-0.0001216703410416,0.0001044784802431,/data/users/zhoushunyu/eqvae/experiments/prediction_target_toy_v4_constant_norm/seed20260807/D512/curv0/scale_constant_norm/loss_v/H512
20260807,512,0.0,constant_norm,512,v,xv_normcomp_g0p003,xv_normal,0.003,0.0513155279895968,5.745887756347656e-05,1.4680702686309814,0.0002521229325793,6.100821528006242e-06,-1.09677871445564e-05,2.702886661002968e-05,/data/users/zhoushunyu/eqvae/experiments/prediction_target_toy_v4_constant_norm/seed20260807/D512/curv0/scale_constant_norm/loss_v/H512
20260807,512,0.0,constant_norm,512,v,xv_g0p01,xv,0.01,0.0513072260581362,6.4849853515625e-05,1.4680702686309814,0.0003090900718234,2.157210653173813e-05,-0.0003201947359441,0.0003216460910162,/data/users/zhoushunyu/eqvae/experiments/prediction_target_toy_v4_constant_norm/seed20260807/D512/curv0/scale_constant_norm/loss_v/H512
20260807,512,0.0,constant_norm,512,v,xeps_g0p01,xeps,0.01,0.051939784479832,0.0001291036605834,1.4680702686309814,0.0003141190682072,0.000620388823345,-0.0017609899274397,0.0027750410678588,/data/users/zhoushunyu/eqvae/experiments/prediction_target_toy_v4_constant_norm/seed20260807/D512/curv0/scale_constant_norm/loss_v/H512
20260807,512,0.0,constant_norm,512,v,xv_tan_g0p01,xv_tangent,0.01,0.0512959856704928,6.461143493652344e-05,1.4680702686309814,0.0002448644081596,2.54810758744832e-06,-0.0004031818444306,0.0003538664444047,/data/users/zhoushunyu/eqvae/experiments/prediction_target_toy_v4_constant_norm/seed20260807/D512/curv0/scale_constant_norm/loss_v/H512
20260807,512,0.0,constant_norm,512,v,xv_normcomp_g0p01,xv_normal,0.01,0.0513251521929797,5.841255187988281e-05,1.4680702686309814,0.0003092835831921,2.0370685657670472e-05,-3.633341822127482e-05,8.97699174108434e-05,/data/users/zhoushunyu/eqvae/experiments/prediction_target_toy_v4_constant_norm/seed20260807/D512/curv0/scale_constant_norm/loss_v/H512
20260807,512,0.0,constant_norm,512,v,xv_g0p03,xv,0.03,0.051348841887122,8.153915405273438e-05,1.4680702686309814,0.0005808199057355,9.582304554500202e-05,-0.0009479107765548,0.0010036001295557,/data/users/zhoushunyu/eqvae/experiments/prediction_target_toy_v4_constant_norm/seed20260807/D512/curv0/scale_constant_norm/loss_v/H512
20260807,512,0.0,constant_norm,512,v,xeps_g0p03,xeps,0.03,0.0550373318918796,0.0003608465194702,1.4680702686309814,0.0005783947999589,0.0030341627851192,-0.0042324499451823,0.0089961281766326,/data/users/zhoushunyu/eqvae/experiments/prediction_target_toy_v4_constant_norm/seed20260807/D512/curv0/scale_constant_norm/loss_v/H512
20260807,512,0.0,constant_norm,512,v,xv_tan_g0p03,xv_tangent,0.03,0.0513289627165158,8.046627044677734e-05,1.4680702686309814,0.0002443666162434,4.69936154782856e-05,-0.0011885269640981,0.0011091656458337,/data/users/zhoushunyu/eqvae/experiments/prediction_target_toy_v4_constant_norm/seed20260807/D512/curv0/scale_constant_norm/loss_v/H512
20260807,512,0.0,constant_norm,512,v,xv_normcomp_g0p03,xv_normal,0.03,0.0513537525665807,5.698204040527344e-05,1.4680702686309814,0.0005811233422718,6.133602354427537e-05,-0.0001069851035974,0.0002665543676401,/data/users/zhoushunyu/eqvae/experiments/prediction_target_toy_v4_constant_norm/seed20260807/D512/curv0/scale_constant_norm/loss_v/H512
20260807,512,0.0,constant_norm,512,v,xv_g0p1,xv,0.1,0.0520516186592634,0.000156283378601,1.4680702686309814,0.0015133569249883,0.00069893779012,-0.002958884463627,0.0037862043499606,/data/users/zhoushunyu/eqvae/experiments/prediction_target_toy_v4_constant_norm/seed20260807/D512/curv0/scale_constant_norm/loss_v/H512
20260807,512,0.0,constant_norm,512,v,xeps_g0p1,xeps,0.1,0.0772280866624823,0.0019747018814086,1.4680702686309814,0.0012669987045228,0.02029210734833,-0.0008400751841322,0.0351947302306523,/data/users/zhoushunyu/eqvae/experiments/prediction_target_toy_v4_constant_norm/seed20260807/D512/curv0/scale_constant_norm/loss_v/H512
20260807,512,0.0,constant_norm,512,v,xv_tan_g0p1,xv_tangent,0.1,0.0521633799547967,0.0001708269119262,1.4680702686309814,0.000242630863795,0.0006422515068395,-0.0036633223006341,0.004246000610658,/data/users/zhoushunyu/eqvae/experiments/prediction_target_toy_v4_constant_norm/seed20260807/D512/curv0/scale_constant_norm/loss_v/H512
20260807,512,0.0,constant_norm,512,v,xv_normcomp_g0p1,xv_normal,0.1,0.0514647400565202,5.626678466796875e-05,1.4680702686309814,0.0015137379523366,0.0002063651021169,-0.0003334446909454,0.0008572461965209,/data/users/zhoushunyu/eqvae/experiments/prediction_target_toy_v4_constant_norm/seed20260807/D512/curv0/scale_constant_norm/loss_v/H512
20260807,512,0.0,constant_norm,512,v,xv_g0p3,xv,0.3,0.0590697450536276,0.0006086826324462,1.4680702686309814,0.0031473585404455,0.0056233683725937,-0.0060958358321691,0.0148915352526363,/data/users/zhoushunyu/eqvae/experiments/prediction_target_toy_v4_constant_norm/seed20260807/D512/curv0/scale_constant_norm/loss_v/H512
20260807,512,0.0,constant_norm,512,v,xeps_g0p3,xeps,0.3,0.1575078712357761,0.0113437175750732,1.4680702686309814,0.001545630977489,0.0918612488241754,0.0527691133428526,0.115691855069212,/data/users/zhoushunyu/eqvae/experiments/prediction_target_toy_v4_constant_norm/seed20260807/D512/curv0/scale_constant_norm/loss_v/H512
20260807,512,0.0,constant_norm,512,v,xv_tan_g0p3,xv_tangent,0.3,0.0610240423383879,0.0007568597793579,1.4680702686309814,0.000237615982769,0.0065665468046871,-0.007679743185826,0.0172639733090299,/data/users/zhoushunyu/eqvae/experiments/prediction_target_toy_v4_constant_norm/seed20260807/D512/curv0/scale_constant_norm/loss_v/H512
20260807,512,0.0,constant_norm,512,v,xv_normcomp_g0p3,xv_normal,0.3,0.051837598135894,5.9723854064941406e-05,1.4680702686309814,0.0031478458549827,0.0006209119667568,-0.0008291244999926,0.002326936923823,/data/users/zhoushunyu/eqvae/experiments/prediction_target_toy_v4_constant_norm/seed20260807/D512/curv0/scale_constant_norm/loss_v/H512
20260807,512,0.0,constant_norm,512,v,xv_rms_etam0p03,xv_norm,-0.03,0.0618541681351941,0.0006048679351806,1.4680702686309814,0.029980719089508,0.004074142102469,-0.0076106205291629,0.0166946766440954,/data/users/zhoushunyu/eqvae/experiments/prediction_target_toy_v4_constant_norm/seed20260807/D512/curv0/scale_constant_norm/loss_v/H512
20260807,512,0.0,constant_norm,512,v,xv_rms_etam0p01,xv_norm,-0.01,0.0529431996427955,0.000124454498291,1.4680702686309814,0.0099866846576333,-0.0006587645947454,-0.0057983904305169,0.0054068659605076,/data/users/zhoushunyu/eqvae/experiments/prediction_target_toy_v4_constant_norm/seed20260807/D512/curv0/scale_constant_norm/loss_v/H512
20260807,512,0.0,constant_norm,512,v,xv_rms_eta0p01,xv_norm,0.01,0.0622230354603979,0.000722050666809,1.4680702686309814,0.0099168857559561,0.01063350332045,0.0031503238485157,0.0175274709986359,/data/users/zhoushunyu/eqvae/experiments/prediction_target_toy_v4_constant_norm/seed20260807/D512/curv0/scale_constant_norm/loss_v/H512
20260807,512,0.0,constant_norm,512,v,xv_rms_eta0p03,xv_norm,0.03,0.2203474384291635,0.0231142044067382,1.4680702686309814,0.0241230204701423,0.1633554063834804,0.1407722082919844,0.182685280075509,/data/users/zhoushunyu/eqvae/experiments/prediction_target_toy_v4_constant_norm/seed20260807/D512/curv0/scale_constant_norm/loss_v/H512
20260807,512,0.5,constant_norm,128,v,x,x,0.0,0.040137333418798,0.0001616477966308,1.4871597290039062,0.0017407455015927,0.0,0.0,0.0,/data/users/zhoushunyu/eqvae/experiments/prediction_target_toy_v4_constant_norm/seed20260807/D512/curv0p5/scale_constant_norm/loss_v/H128
20260807,512,0.5,constant_norm,128,v,v,v,0.0,0.3076021242042499,0.0209214687347412,1.4871597290039062,0.8832542896270752,0.2529803570656441,0.2133421148149217,0.2951431273372405,/data/users/zhoushunyu/eqvae/experiments/prediction_target_toy_v4_constant_norm/seed20260807/D512/curv0p5/scale_constant_norm/loss_v/H128
20260807,512,0.5,constant_norm,128,v,eps,eps,0.0,42.35328218420316,0.5847207307815552,1.4871597290039062,42.87393951416016,42.21450085233303,40.62577870021716,43.25023001336883,/data/users/zhoushunyu/eqvae/experiments/prediction_target_toy_v4_constant_norm/seed20260807/D512/curv0p5/scale_constant_norm/loss_v/H128
20260807,512,0.5,constant_norm,128,v,oracle,oracle,0.0,0.0420679495842658,0.0003528594970703,1.4871597290039062,0.001059848931618,-0.0015497386276802,-0.0227307649798576,0.0258576409798892,/data/users/zhoushunyu/eqvae/experiments/prediction_target_toy_v4_constant_norm/seed20260807/D512/curv0p5/scale_constant_norm/loss_v/H128
20260807,512,0.5,constant_norm,128,v,xv_gm0p1,xv,-0.1,0.0394398041425801,9.715557098388672e-05,1.4871597290039062,0.003742161905393,-0.0008423706839229,-0.0036333674306088,0.0026802074865096,/data/users/zhoushunyu/eqvae/experiments/prediction_target_toy_v4_constant_norm/seed20260807/D512/curv0p5/scale_constant_norm/loss_v/H128
20260807,512,0.5,constant_norm,128,v,xeps_gm0p1,xeps,-0.1,0.0687215682634824,0.0013598203659057,1.4871597290039062,0.0050621251575648,0.0290267623085756,0.0026621119788819,0.0530429254021688,/data/users/zhoushunyu/eqvae/experiments/prediction_target_toy_v4_constant_norm/seed20260807/D512/curv0p5/scale_constant_norm/loss_v/H128
20260807,512,0.5,constant_norm,128,v,xv_tan_gm0p1,xv_tangent,-0.1,0.0393452873607237,0.000111699104309,1.4871597290039062,0.0018071023514494,-0.0010148687698373,-0.0055764314523756,0.0036933100187347,/data/users/zhoushunyu/eqvae/experiments/prediction_target_toy_v4_constant_norm/seed20260807/D512/curv0p5/scale_constant_norm/loss_v/H128
20260807,512,0.5,constant_norm,128,v,xv_normcomp_gm0p1,xv_normal,-0.1,0.0407429852259725,0.0001649856567382,1.4871597290039062,0.0037277957890182,0.0003578018826733,-0.0022336334566615,0.0030751839781161,/data/users/zhoushunyu/eqvae/experiments/prediction_target_toy_v4_constant_norm/seed20260807/D512/curv0p5/scale_constant_norm/loss_v/H128
20260807,512,0.5,constant_norm,128,v,xv_gm0p03,xv,-0.03,0.0398503016785924,0.0001397132873535,1.4871597290039062,0.0020041931420564,-0.000336202062242,-0.0011394313988888,0.0006500628044962,/data/users/zhoushunyu/eqvae/experiments/prediction_target_toy_v4_constant_norm/seed20260807/D512/curv0p5/scale_constant_norm/loss_v/H128
20260807,512,0.5,constant_norm,128,v,xeps_gm0p03,xeps,-0.03,0.0414521585729956,0.0001664161682128,1.4871597290039062,0.0020980148110538,0.0037702353615397,-0.0077517291377606,0.0154534170814401,/data/users/zhoushunyu/eqvae/experiments/prediction_target_toy_v4_constant_norm/seed20260807/D512/curv0p5/scale_constant_norm/loss_v/H128
20260807,512,0.5,constant_norm,128,v,xv_tan_gm0p03,xv_tangent,-0.03,0.0395850613078961,0.0001410245895385,1.4871597290039062,0.001757041667588,-0.0004514132960443,-0.0018471101837805,0.000914995935416,/data/users/zhoushunyu/eqvae/experiments/prediction_target_toy_v4_constant_norm/seed20260807/D512/curv0p5/scale_constant_norm/loss_v/H128
20260807,512,0.5,constant_norm,128,v,xv_normcomp_gm0p03,xv_normal,-0.03,0.040254398463023,0.0001610517501831,1.4871597290039062,0.0019963607192039,8.179241836401917e-05,-0.0007674425822363,0.0010761593342049,/data/users/zhoushunyu/eqvae/experiments/prediction_target_toy_v4_constant_norm/seed20260807/D512/curv0p5/scale_constant_norm/loss_v/H128
20260807,512,0.5,constant_norm,128,v,xv_gm0p01,xv,-0.01,0.0400410322127989,0.0001528263092041,1.4871597290039062,0.0017921889666467,-0.0001178805604673,-0.0003835389679566,0.0002169464772203,/data/users/zhoushunyu/eqvae/experiments/prediction_target_toy_v4_constant_norm/seed20260807/D512/curv0p5/scale_constant_norm/loss_v/H128
20260807,512,0.5,constant_norm,128,v,xeps_gm0p01,xeps,-0.01,0.0392671262782819,0.0001255273818969,1.4871597290039062,0.0017973548965528,0.0001740053863769,-0.004284644536241,0.0038941908626105,/data/users/zhoushunyu/eqvae/experiments/prediction_target_toy_v4_constant_norm/seed20260807/D512/curv0p5/scale_constant_norm/loss_v/H128
20260807,512,0.5,constant_norm,128,v,xv_tan_gm0p01,xv_tangent,-0.01,0.0398912478223516,0.0001537799835205,1.4871597290039062,0.0017460666131228,-0.0001538490743281,-0.0005844474772488,0.0002741652451117,/data/users/zhoushunyu/eqvae/experiments/prediction_target_toy_v4_constant_norm/seed20260807/D512/curv0p5/scale_constant_norm/loss_v/H128
20260807,512,0.5,constant_norm,128,v,xv_normcomp_gm0p01,xv_normal,-0.01,0.0402607017720199,0.0001615285873413,1.4871597290039062,0.0017877279315143,2.8548919403452027e-05,-0.0002637944414193,0.0003651263700174,/data/users/zhoushunyu/eqvae/experiments/prediction_target_toy_v4_constant_norm/seed20260807/D512/curv0p5/scale_constant_norm/loss_v/H128
20260807,512,0.5,constant_norm,128,v,xv_g0p003,xv,0.003,0.0401662869994222,0.0001636743545532,1.4871597290039062,0.0017320512561127,3.6616188588995335e-05,-6.56953785687829e-05,0.00011570284461,/data/users/zhoushunyu/eqvae/experiments/prediction_target_toy_v4_constant_norm/seed20260807/D512/curv0p5/scale_constant_norm/loss_v/H128
20260807,512,0.5,constant_norm,128,v,xeps_g0p003,xeps,0.003,0.0405288862982159,0.0001798868179321,1.4871597290039062,0.0017359042540192,0.0001078438620375,-0.0010585162900091,0.001480227644899,/data/users/zhoushunyu/eqvae/experiments/prediction_target_toy_v4_constant_norm/seed20260807/D512/curv0p5/scale_constant_norm/loss_v/H128
20260807,512,0.5,constant_norm,128,v,xv_tan_g0p003,xv_tangent,0.003,0.0402187371414811,0.0001646280288696,1.4871597290039062,0.0017394786700606,4.629383087328312e-05,-7.798320901950367e-05,0.0001842944010735,/data/users/zhoushunyu/eqvae/experiments/prediction_target_toy_v4_constant_norm/seed20260807/D512/curv0p5/scale_constant_norm/loss_v/H128
20260807,512,0.5,constant_norm,128,v,xv_normcomp_g0p003,xv_normal,0.003,0.0400834134727396,0.0001603364944458,1.4871597290039062,0.0017334270523861,-9.845441358486349e-06,-0.0001180248550465,8.77884499130331e-05,/data/users/zhoushunyu/eqvae/experiments/prediction_target_toy_v4_constant_norm/seed20260807/D512/curv0p5/scale_constant_norm/loss_v/H128
20260807,512,0.5,constant_norm,128,v,xv_g0p01,xv,0.01,0.040235034967118,0.0001695156097412,1.4871597290039062,0.0017225975170731,0.0001246766109581,-0.0002185941923359,0.0003858025164429,/data/users/zhoushunyu/eqvae/experiments/prediction_target_toy_v4_constant_norm/seed20260807/D512/curv0p5/scale_constant_norm/loss_v/H128
20260807,512,0.5,constant_norm,128,v,xeps_g0p01,xeps,0.01,0.0425740193996854,0.0002534389495849,1.4871597290039062,0.0017261939356103,0.0007136845167212,-0.0033976656435567,0.0055074468010144,/data/users/zhoushunyu/eqvae/experiments/prediction_target_toy_v4_constant_norm/seed20260807/D512/curv0p5/scale_constant_norm/loss_v/H128
20260807,512,0.5,constant_norm,128,v,xv_tan_g0p01,xv_tangent,0.01,0.040386497109448,0.0001705884933471,1.4871597290039062,0.0017366195097565,0.0001537604118455,-0.0002422458180262,0.0006169678019127,/data/users/zhoushunyu/eqvae/experiments/prediction_target_toy_v4_constant_norm/seed20260807/D512/curv0p5/scale_constant_norm/loss_v/H128
20260807,512,0.5,constant_norm,128,v,xv_normcomp_g0p01,xv_normal,0.01,0.039991558751721,0.0001610517501831,1.4871597290039062,0.0017279956955462,-3.344142504537642e-05,-0.0003615971763603,0.0003087881311484,/data/users/zhoushunyu/eqvae/experiments/prediction_target_toy_v4_constant_norm/seed20260807/D512/curv0p5/scale_constant_norm/loss_v/H128
20260807,512,0.5,constant_norm,128,v,xv_g0p03,xv,0.03,0.0404565910943611,0.0001850128173828,1.4871597290039062,0.0017594733508303,0.0003959328636677,-0.0006451963037651,0.0011522551741675,/data/users/zhoushunyu/eqvae/experiments/prediction_target_toy_v4_constant_norm/seed20260807/D512/curv0p5/scale_constant_norm/loss_v/H128
20260807,512,0.5,constant_norm,128,v,xeps_g0p03,xeps,0.03,0.0531542222220307,0.0006364583969116,1.4871597290039062,0.0017395850736647,0.0061483427176298,-0.0053360325957071,0.0182252018437716,/data/users/zhoushunyu/eqvae/experiments/prediction_target_toy_v4_constant_norm/seed20260807/D512/curv0p5/scale_constant_norm/loss_v/H128
20260807,512,0.5,constant_norm,128,v,xv_tan_g0p03,xv_tangent,0.03,0.0406737914557467,0.0001866817474365,1.4871597290039062,0.0017316602170467,0.0004340455784775,-0.0005844995951269,0.0016991743243833,/data/users/zhoushunyu/eqvae/experiments/prediction_target_toy_v4_constant_norm/seed20260807/D512/curv0p5/scale_constant_norm/loss_v/H128
20260807,512,0.5,constant_norm,128,v,xv_normcomp_g0p03,xv_normal,0.03,0.0399673606450964,0.0001639127731323,1.4871597290039062,0.0017768960678949,-8.977435769743927e-05,-0.000975330364885,0.0009567892455698,/data/users/zhoushunyu/eqvae/experiments/prediction_target_toy_v4_constant_norm/seed20260807/D512/curv0p5/scale_constant_norm/loss_v/H128
20260807,512,0.5,constant_norm,128,v,xv_g0p1,xv,0.1,0.0417498374976729,0.000251293182373,1.4871597290039062,0.0021237565670162,0.0015459138453821,-0.0020758819542639,0.0040899111391862,/data/users/zhoushunyu/eqvae/experiments/prediction_target_toy_v4_constant_norm/seed20260807/D512/curv0p5/scale_constant_norm/loss_v/H128
20260807,512,0.5,constant_norm,128,v,xeps_g0p1,xeps,0.1,0.1064131563807294,0.0037770271301269,1.4871597290039062,0.0018694571917876,0.0523954831438471,0.021138693131038,0.0787030289625721,/data/users/zhoushunyu/eqvae/experiments/prediction_target_toy_v4_constant_norm/seed20260807/D512/curv0p5/scale_constant_norm/loss_v/H128
20260807,512,0.5,constant_norm,128,v,xv_tan_g0p1,xv_tangent,0.1,0.0420768903075333,0.0002683401107788,1.4871597290039062,0.0017069623572751,0.0015152444875617,-0.0025299066408418,0.0048299946306281,/data/users/zhoushunyu/eqvae/experiments/prediction_target_toy_v4_constant_norm/seed20260807/D512/curv0p5/scale_constant_norm/loss_v/H128
20260807,512,0.5,constant_norm,128,v,xv_normcomp_g0p1,xv_normal,0.1,0.0407231734916152,0.0001840591430664,1.4871597290039062,0.0021710027940571,-3.157169871762254e-05,-0.0030874205930835,0.0040077881848847,/data/users/zhoushunyu/eqvae/experiments/prediction_target_toy_v4_constant_norm/seed20260807/D512/curv0p5/scale_constant_norm/loss_v/H128
20260807,512,0.5,constant_norm,128,v,xv_g0p3,xv,0.3,0.0478908005530853,0.0005286931991577,1.4871597290039062,0.002678430872038,0.0062782934162114,-0.0030193818886385,0.0143233186982318,/data/users/zhoushunyu/eqvae/experiments/prediction_target_toy_v4_constant_norm/seed20260807/D512/curv0p5/scale_constant_norm/loss_v/H128
20260807,512,0.5,constant_norm,128,v,xeps_g0p3,xeps,0.3,0.2475699404586289,0.0229518413543701,1.4871597290039062,0.0014984349254518,0.1914396677377645,0.1578218892082997,0.2162779789228958,/data/users/zhoushunyu/eqvae/experiments/prediction_target_toy_v4_constant_norm/seed20260807/D512/curv0p5/scale_constant_norm/loss_v/H128
20260807,512,0.5,constant_norm,128,v,xv_tan_g0p3,xv_tangent,0.3,0.0462719724861615,0.0004842281341552,1.4871597290039062,0.0016692497301846,0.0053332496130168,-0.0051142845834279,0.013294949331576,/data/users/zhoushunyu/eqvae/experiments/prediction_target_toy_v4_constant_norm/seed20260807/D512/curv0p5/scale_constant_norm/loss_v/H128
20260807,512,0.5,constant_norm,128,v,xv_normcomp_g0p3,xv_normal,0.3,0.0437561712654716,0.0002391338348388,1.4871597290039062,0.0027948708739131,0.0016983076733682,-0.0055485441579756,0.0118346189874198,/data/users/zhoushunyu/eqvae/experiments/prediction_target_toy_v4_constant_norm/seed20260807/D512/curv0p5/scale_constant_norm/loss_v/H128
20260807,512,0.5,constant_norm,128,v,xv_rms_etam0p03,xv_norm,-0.03,0.052154646303079,0.0006049871444702,1.4871597290039062,0.0303586851805448,0.0075863855865147,-0.0041621026777368,0.0195957845849958,/data/users/zhoushunyu/eqvae/experiments/prediction_target_toy_v4_constant_norm/seed20260807/D512/curv0p5/scale_constant_norm/loss_v/H128
20260807,512,0.5,constant_norm,128,v,xv_rms_etam0p01,xv_norm,-0.01,0.0420685018956749,0.0001993179321289,1.4871597290039062,0.0104662701487541,0.000690276610476,-0.0035691327872974,0.0057010554036949,/data/users/zhoushunyu/eqvae/experiments/prediction_target_toy_v4_constant_norm/seed20260807/D512/curv0p5/scale_constant_norm/loss_v/H128
20260807,512,0.5,constant_norm,128,v,xv_rms_eta0p01,xv_norm,0.01,0.0442704039017964,0.0003793239593505,1.4871597290039062,0.0100016966462135,0.0035144672502025,-0.0024730782745762,0.0085248940866486,/data/users/zhoushunyu/eqvae/experiments/prediction_target_toy_v4_constant_norm/seed20260807/D512/curv0p5/scale_constant_norm/loss_v/H128
20260807,512,0.5,constant_norm,128,v,xv_rms_eta0p03,xv_norm,0.03,0.0852229207369764,0.0022192001342773,1.4871597290039062,0.0295032858848571,0.0345926751100562,0.0129069835346338,0.0473076414995575,/data/users/zhoushunyu/eqvae/experiments/prediction_target_toy_v4_constant_norm/seed20260807/D512/curv0p5/scale_constant_norm/loss_v/H128
20260807,512,0.5,constant_norm,256,v,x,x,0.0,0.0270700933268002,6.42538070678711e-05,1.459634780883789,0.0014165894826874,0.0,0.0,0.0,/data/users/zhoushunyu/eqvae/experiments/prediction_target_toy_v4_constant_norm/seed20260807/D512/curv0p5/scale_constant_norm/loss_v/H256
20260807,512,0.5,constant_norm,256,v,v,v,0.0,0.2949046145578479,0.0187427997589111,1.459634780883789,0.7960231900215149,0.2486131134196007,0.2101898038597459,0.2797015038125691,/data/users/zhoushunyu/eqvae/experiments/prediction_target_toy_v4_constant_norm/seed20260807/D512/curv0p5/scale_constant_norm/loss_v/H256
20260807,512,0.5,constant_norm,256,v,eps,eps,0.0,37.4394171764862,0.5799055695533752,1.459634780883789,36.51302337646485,37.47360901838214,36.44309046085148,38.60996799757498,/data/users/zhoushunyu/eqvae/experiments/prediction_target_toy_v4_constant_norm/seed20260807/D512/curv0p5/scale_constant_norm/loss_v/H256
20260807,512,0.5,constant_norm,256,v,oracle,oracle,0.0,0.0325827978209529,0.0001529455184936,1.459634780883789,0.0010491696884855,0.0032826577938957,-0.0157895572229254,0.0182866742126065,/data/users/zhoushunyu/eqvae/experiments/prediction_target_toy_v4_constant_norm/seed20260807/D512/curv0p5/scale_constant_norm/loss_v/H256
20260807,512,0.5,constant_norm,256,v,xv_gm0p1,xv,-0.1,0.027559691580689,6.771087646484375e-05,1.459634780883789,0.0033119048457592,6.657718938552936e-05,-0.0031052026768988,0.002745348669496,/data/users/zhoushunyu/eqvae/experiments/prediction_target_toy_v4_constant_norm/seed20260807/D512/curv0p5/scale_constant_norm/loss_v/H256
20260807,512,0.5,constant_norm,256,v,xeps_gm0p1,xeps,-0.1,0.0707903370328851,0.0016893148422241,1.459634780883789,0.004525972995907,0.0335924857392983,0.0047600073968444,0.051150048901164,/data/users/zhoushunyu/eqvae/experiments/prediction_target_toy_v4_constant_norm/seed20260807/D512/curv0p5/scale_constant_norm/loss_v/H256
20260807,512,0.5,constant_norm,256,v,xv_tan_gm0p1,xv_tangent,-0.1,0.0268935752230558,5.459785461425781e-05,1.459634780883789,0.0014638764550909,0.0001576488405585,-0.0033059514337121,0.0044602174395659,/data/users/zhoushunyu/eqvae/experiments/prediction_target_toy_v4_constant_norm/seed20260807/D512/curv0p5/scale_constant_norm/loss_v/H256
20260807,512,0.5,constant_norm,256,v,xv_normcomp_gm0p1,xv_normal,-0.1,0.0291956586057569,0.0001322031021118,1.459634780883789,0.0032814382575452,0.0006106490695366,-0.0037007923816549,0.0047135805887093,/data/users/zhoushunyu/eqvae/experiments/prediction_target_toy_v4_constant_norm/seed20260807/D512/curv0p5/scale_constant_norm/loss_v/H256
20260807,512,0.5,constant_norm,256,v,xv_gm0p03,xv,-0.03,0.0270273044228655,6.186962127685547e-05,1.459634780883789,0.0016552079468965,-7.525184552655613e-05,-0.0010368225822053,0.0008091107416905,/data/users/zhoushunyu/eqvae/experiments/prediction_target_toy_v4_constant_norm/seed20260807/D512/curv0p5/scale_constant_norm/loss_v/H256
20260807,512,0.5,constant_norm,256,v,xeps_gm0p03,xeps,-0.03,0.0371801314713547,0.0003042221069335,1.459634780883789,0.001725492416881,0.0060280131932607,-0.0062834485353846,0.0144694738826413,/data/users/zhoushunyu/eqvae/experiments/prediction_target_toy_v4_constant_norm/seed20260807/D512/curv0p5/scale_constant_norm/loss_v/H256
20260807,512,0.5,constant_norm,256,v,xv_tan_gm0p03,xv_tangent,-0.03,0.027072796949293,6.508827209472656e-05,1.459634780883789,0.0014254960697144,3.770237650259287e-05,-0.001261887716752,0.0012934440473272,/data/users/zhoushunyu/eqvae/experiments/prediction_target_toy_v4_constant_norm/seed20260807/D512/curv0p5/scale_constant_norm/loss_v/H256
20260807,512,0.5,constant_norm,256,v,xv_normcomp_gm0p03,xv_normal,-0.03,0.0273609126336173,7.545948028564453e-05,1.459634780883789,0.0016375394770875,5.761368205932406e-05,-0.0013258622099364,0.0014355003733327,/data/users/zhoushunyu/eqvae/experiments/prediction_target_toy_v4_constant_norm/seed20260807/D512/curv0p5/scale_constant_norm/loss_v/H256
20260807,512,0.5,constant_norm,256,v,xv_gm0p01,xv,-0.01,0.0270479381876584,6.437301635742188e-05,1.459634780883789,0.0014586222823709,-2.632248381933419e-05,-0.0003422148649966,0.0003072493534234,/data/users/zhoushunyu/eqvae/experiments/prediction_target_toy_v4_constant_norm/seed20260807/D512/curv0p5/scale_constant_norm/loss_v/H256
20260807,512,0.5,constant_norm,256,v,xeps_gm0p01,xeps,-0.01,0.0289460467147525,0.0001047849655151,1.459634780883789,0.001473412499763,0.0013716835004148,-0.0034914116619608,0.0046503580953856,/data/users/zhoushunyu/eqvae/experiments/prediction_target_toy_v4_constant_norm/seed20260807/D512/curv0p5/scale_constant_norm/loss_v/H256
20260807,512,0.5,constant_norm,256,v,xv_tan_gm0p01,xv_tangent,-0.01,0.027132047858117,6.628036499023438e-05,1.459634780883789,0.0014209267683327,-1.6979574577672406e-05,-0.0005693972743644,0.0005324564919032,/data/users/zhoushunyu/eqvae/experiments/prediction_target_toy_v4_constant_norm/seed20260807/D512/curv0p5/scale_constant_norm/loss_v/H256
20260807,512,0.5,constant_norm,256,v,xv_normcomp_gm0p01,xv_normal,-0.01,0.0270436778695316,6.4849853515625e-05,1.459634780883789,0.0014518508687615,-3.808637788715111e-06,-0.000600603590858,0.0005502742983677,/data/users/zhoushunyu/eqvae/experiments/prediction_target_toy_v4_constant_norm/seed20260807/D512/curv0p5/scale_constant_norm/loss_v/H256
20260807,512,0.5,constant_norm,256,v,xv_g0p003,xv,0.003,0.0270781715074185,6.365776062011719e-05,1.459634780883789,0.0014111226191744,8.10099498402203e-06,-9.307150582615054e-05,0.0001042717632584,/data/users/zhoushunyu/eqvae/experiments/prediction_target_toy_v4_constant_norm/seed20260807/D512/curv0p5/scale_constant_norm/loss_v/H256
20260807,512,0.5,constant_norm,256,v,xeps_g0p003,xeps,0.003,0.0267655921309121,5.733966827392578e-05,1.459634780883789,0.001409655669704,-0.0002353765711488,-0.0013909148367372,0.0012520629133961,/data/users/zhoushunyu/eqvae/experiments/prediction_target_toy_v4_constant_norm/seed20260807/D512/curv0p5/scale_constant_norm/loss_v/H256
20260807,512,0.5,constant_norm,256,v,xv_tan_g0p003,xv_tangent,0.003,0.0270547050022744,6.413459777832031e-05,1.459634780883789,0.0014141991268843,9.434873776906494e-06,-0.0001744438271855,0.0002041914673673,/data/users/zhoushunyu/eqvae/experiments/prediction_target_toy_v4_constant_norm/seed20260807/D512/curv0p5/scale_constant_norm/loss_v/H256
20260807,512,0.5,constant_norm,256,v,xv_normcomp_g0p003,xv_normal,0.003,0.027101239693799,6.73532485961914e-05,1.459634780883789,0.0014128596521914,-2.1081933113905465e-06,-0.0002530475485963,0.0001677702180348,/data/users/zhoushunyu/eqvae/experiments/prediction_target_toy_v4_constant_norm/seed20260807/D512/curv0p5/scale_constant_norm/loss_v/H256
20260807,512,0.5,constant_norm,256,v,xv_g0p01,xv,0.01,0.0271028027002799,6.4849853515625e-05,1.459634780883789,0.001409989548847,2.9135499374302738e-05,-0.0003101858839893,0.0003495686197152,/data/users/zhoushunyu/eqvae/experiments/prediction_target_toy_v4_constant_norm/seed20260807/D512/curv0p5/scale_constant_norm/loss_v/H256
20260807,512,0.5,constant_norm,256,v,xeps_g0p01,xeps,0.01,0.027288104858264,6.985664367675781e-05,1.459634780883789,0.0013942160876467,-0.000394414292149,-0.0045427907949689,0.0047546472689629,/data/users/zhoushunyu/eqvae/experiments/prediction_target_toy_v4_constant_norm/seed20260807/D512/curv0p5/scale_constant_norm/loss_v/H256
20260807,512,0.5,constant_norm,256,v,xv_tan_g0p01,xv_tangent,0.01,0.0270482653318774,6.449222564697266e-05,1.459634780883789,0.0014088861644268,2.008718207262804e-05,-0.00053063308909,0.0005637886218957,/data/users/zhoushunyu/eqvae/experiments/prediction_target_toy_v4_constant_norm/seed20260807/D512/curv0p5/scale_constant_norm/loss_v/H256
20260807,512,0.5,constant_norm,256,v,xv_normcomp_g0p01,xv_normal,0.01,0.0271830179039689,6.651878356933594e-05,1.459634780883789,0.0014149617636576,2.2464351320392662e-05,-0.0005677506985282,0.0005635765077041,/data/users/zhoushunyu/eqvae/experiments/prediction_target_toy_v4_constant_norm/seed20260807/D512/curv0p5/scale_constant_norm/loss_v/H256
20260807,512,0.5,constant_norm,256,v,xv_g0p03,xv,0.03,0.0272097229186494,6.771087646484375e-05,1.459634780883789,0.0014738069148734,0.0001116708600873,-0.0009107374894548,0.0011459351281892,/data/users/zhoushunyu/eqvae/experiments/prediction_target_toy_v4_constant_norm/seed20260807/D512/curv0p5/scale_constant_norm/loss_v/H256
20260807,512,0.5,constant_norm,256,v,xeps_g0p03,xeps,0.03,0.034734015096563,0.0002312660217285,1.459634780883789,0.0014348000986501,0.0019031301898281,-0.0118447949988636,0.0173833433357398,/data/users/zhoushunyu/eqvae/experiments/prediction_target_toy_v4_constant_norm/seed20260807/D512/curv0p5/scale_constant_norm/loss_v/H256
20260807,512,0.5,constant_norm,256,v,xv_tan_g0p03,xv_tangent,0.03,0.0273587971844243,7.534027099609375e-05,1.459634780883789,0.0013944322708994,0.0001061926911273,-0.0012548165163158,0.0014143283421171,/data/users/zhoushunyu/eqvae/experiments/prediction_target_toy_v4_constant_norm/seed20260807/D512/curv0p5/scale_constant_norm/loss_v/H256
20260807,512,0.5,constant_norm,256,v,xv_normcomp_g0p03,xv_normal,0.03,0.027400266798102,7.128715515136719e-05,1.459634780883789,0.0014854100299999,0.0001778321517745,-0.0010749333227112,0.0020080146647516,/data/users/zhoushunyu/eqvae/experiments/prediction_target_toy_v4_constant_norm/seed20260807/D512/curv0p5/scale_constant_norm/loss_v/H256
20260807,512,0.5,constant_norm,256,v,xv_g0p1,xv,0.1,0.0286329871903799,9.763240814208984e-05,1.459634780883789,0.0019541590008884,0.0005056286419932,-0.002795027909919,0.0043875838741337,/data/users/zhoushunyu/eqvae/experiments/prediction_target_toy_v4_constant_norm/seed20260807/D512/curv0p5/scale_constant_norm/loss_v/H256
20260807,512,0.5,constant_norm,256,v,xeps_g0p1,xeps,0.1,0.0793950025854886,0.0020152330398559,1.459634780883789,0.0016579917864874,0.0348692197205317,-0.0029443891192209,0.0693545029770685,/data/users/zhoushunyu/eqvae/experiments/prediction_target_toy_v4_constant_norm/seed20260807/D512/curv0p5/scale_constant_norm/loss_v/H256
20260807,512,0.5,constant_norm,256,v,xv_tan_g0p1,xv_tangent,0.1,0.0289378353146124,0.0001356601715087,1.459634780883789,0.0013687381288036,0.0006509460709451,-0.0033285322579875,0.0041882105972198,/data/users/zhoushunyu/eqvae/experiments/prediction_target_toy_v4_constant_norm/seed20260807/D512/curv0p5/scale_constant_norm/loss_v/H256
20260807,512,0.5,constant_norm,256,v,xv_normcomp_g0p1,xv_normal,0.1,0.027252025144441,5.269050598144531e-05,1.459634780883789,0.0019806297495961,0.0005495722792573,-0.0036263102947508,0.0051208473636232,/data/users/zhoushunyu/eqvae/experiments/prediction_target_toy_v4_constant_norm/seed20260807/D512/curv0p5/scale_constant_norm/loss_v/H256
20260807,512,0.5,constant_norm,256,v,xv_g0p3,xv,0.3,0.0364397471300454,0.0003079175949096,1.459634780883789,0.0029009645804762,0.0040851660845534,-0.0090806145982857,0.0171866715850339,/data/users/zhoushunyu/eqvae/experiments/prediction_target_toy_v4_constant_norm/seed20260807/D512/curv0p5/scale_constant_norm/loss_v/H256
20260807,512,0.5,constant_norm,256,v,xeps_g0p3,xeps,0.3,0.1781793054109447,0.0118179321289062,1.459634780883789,0.0016001338372007,0.131853290461595,0.0841832405823702,0.1685942185518895,/data/users/zhoushunyu/eqvae/experiments/prediction_target_toy_v4_constant_norm/seed20260807/D512/curv0p5/scale_constant_norm/loss_v/H256
20260807,512,0.5,constant_norm,256,v,xv_tan_g0p3,xv_tangent,0.3,0.0355190687090146,0.000355839729309,1.459634780883789,0.0013371215900406,0.0029061901326366,-0.0073881309510011,0.0128679042337921,/data/users/zhoushunyu/eqvae/experiments/prediction_target_toy_v4_constant_norm/seed20260807/D512/curv0p5/scale_constant_norm/loss_v/H256
20260807,512,0.5,constant_norm,256,v,xv_normcomp_g0p3,xv_normal,0.3,0.0308399332035943,8.64267349243164e-05,1.459634780883789,0.0029557989910244,0.002476875545353,-0.008008615440885,0.0129526526615763,/data/users/zhoushunyu/eqvae/experiments/prediction_target_toy_v4_constant_norm/seed20260807/D512/curv0p5/scale_constant_norm/loss_v/H256
20260807,512,0.5,constant_norm,256,v,xv_rms_etam0p03,xv_norm,-0.03,0.0437681421428789,0.000605821609497,1.459634780883789,0.0302833914756774,0.0083162904065614,-0.003762200028985,0.0181871206671571,/data/users/zhoushunyu/eqvae/experiments/prediction_target_toy_v4_constant_norm/seed20260807/D512/curv0p5/scale_constant_norm/loss_v/H256
20260807,512,0.5,constant_norm,256,v,xv_rms_etam0p01,xv_norm,-0.01,0.0295607172344002,0.0001438856124877,1.459634780883789,0.010293205268681,0.0005608530813606,-0.0042463859649159,0.0045295734818059,/data/users/zhoushunyu/eqvae/experiments/prediction_target_toy_v4_constant_norm/seed20260807/D512/curv0p5/scale_constant_norm/loss_v/H256
20260807,512,0.5,constant_norm,256,v,xv_rms_eta0p01,xv_norm,0.01,0.0326230254566975,0.0001658201217651,1.459634780883789,0.0100339828059077,0.0034659891792764,-0.0015413039412207,0.0087084292465352,/data/users/zhoushunyu/eqvae/experiments/prediction_target_toy_v4_constant_norm/seed20260807/D512/curv0p5/scale_constant_norm/loss_v/H256
20260807,512,0.5,constant_norm,256,v,xv_rms_eta0p03,xv_norm,0.03,0.0675619704273893,0.0012694597244262,1.459634780883789,0.0295413937419652,0.0260811086522413,0.0091987858553259,0.0383599923963135,/data/users/zhoushunyu/eqvae/experiments/prediction_target_toy_v4_constant_norm/seed20260807/D512/curv0p5/scale_constant_norm/loss_v/H256
20260807,512,0.5,constant_norm,512,v,x,x,0.0,0.0302296944817933,0.0001145601272583,1.4792335033416748,0.0011820934014394,0.0,0.0,0.0,/data/users/zhoushunyu/eqvae/experiments/prediction_target_toy_v4_constant_norm/seed20260807/D512/curv0p5/scale_constant_norm/loss_v/H512
20260807,512,0.5,constant_norm,512,v,v,v,0.0,0.3012580585699895,0.0195176601409912,1.4792335033416748,0.612059473991394,0.2504882656146353,0.2102380044787442,0.2861674870922462,/data/users/zhoushunyu/eqvae/experiments/prediction_target_toy_v4_constant_norm/seed20260807/D512/curv0p5/scale_constant_norm/loss_v/H512
20260807,512,0.5,constant_norm,512,v,eps,eps,0.0,23.09103214781645,0.586593508720398,1.4792335033416748,21.674827575683597,23.09588416670928,22.46985624132717,23.79119682228433,/data/users/zhoushunyu/eqvae/experiments/prediction_target_toy_v4_constant_norm/seed20260807/D512/curv0p5/scale_constant_norm/loss_v/H512
20260807,512,0.5,constant_norm,512,v,oracle,oracle,0.0,0.0443084002606079,0.0006613731384277,1.4792335033416748,0.0010480227647349,-0.0057325676438996,-0.0346897196313929,0.0301156800009329,/data/users/zhoushunyu/eqvae/experiments/prediction_target_toy_v4_constant_norm/seed20260807/D512/curv0p5/scale_constant_norm/loss_v/H512
20260807,512,0.5,constant_norm,512,v,xv_gm0p1,xv,-0.1,0.0319747484883687,9.119510650634766e-05,1.4792335033416748,0.0029033981263637,-0.0020507985196694,-0.0087930533499215,0.0042130271845165,/data/users/zhoushunyu/eqvae/experiments/prediction_target_toy_v4_constant_norm/seed20260807/D512/curv0p5/scale_constant_norm/loss_v/H512
20260807,512,0.5,constant_norm,512,v,xeps_gm0p1,xeps,-0.1,0.0672137749121872,0.0014281272888183,1.4792335033416748,0.003815735457465,0.011162295090304,-0.0228936504637554,0.0445096400396179,/data/users/zhoushunyu/eqvae/experiments/prediction_target_toy_v4_constant_norm/seed20260807/D512/curv0p5/scale_constant_norm/loss_v/H512
20260807,512,0.5,constant_norm,512,v,xv_tan_gm0p1,xv_tangent,-0.1,0.0264760046026491,-6.556510925292969e-06,1.4792335033416748,0.0012149455724284,-0.0024496642774466,-0.0056903907465472,0.0038997541377024,/data/users/zhoushunyu/eqvae/experiments/prediction_target_toy_v4_constant_norm/seed20260807/D512/curv0p5/scale_constant_norm/loss_v/H512
20260807,512,0.5,constant_norm,512,v,xv_normcomp_gm0p1,xv_normal,-0.1,0.0357615595353725,0.0002233982086181,1.4792335033416748,0.0028915209695696,0.0008727556833654,-0.0076413282796443,0.0084030238230224,/data/users/zhoushunyu/eqvae/experiments/prediction_target_toy_v4_constant_norm/seed20260807/D512/curv0p5/scale_constant_norm/loss_v/H512
20260807,512,0.5,constant_norm,512,v,xv_gm0p03,xv,-0.03,0.029811560555877,9.179115295410156e-05,1.4792335033416748,0.0013991496525704,-0.0008906001651294,-0.0026077008553698,0.0012943689473748,/data/users/zhoushunyu/eqvae/experiments/prediction_target_toy_v4_constant_norm/seed20260807/D512/curv0p5/scale_constant_norm/loss_v/H512
20260807,512,0.5,constant_norm,512,v,xeps_gm0p03,xeps,-0.03,0.0346530498765668,0.0001914501190185,1.4792335033416748,0.0014782624784857,-0.0018564213566513,-0.0111583495234132,0.0099908242579711,/data/users/zhoushunyu/eqvae/experiments/prediction_target_toy_v4_constant_norm/seed20260807/D512/curv0p5/scale_constant_norm/loss_v/H512
20260807,512,0.5,constant_norm,512,v,xv_tan_gm0p03,xv_tangent,-0.03,0.0288758451997994,7.140636444091797e-05,1.4792335033416748,0.0011930358596146,-0.000726193323022,-0.0021120788805722,0.0008405845177264,/data/users/zhoushunyu/eqvae/experiments/prediction_target_toy_v4_constant_norm/seed20260807/D512/curv0p5/scale_constant_norm/loss_v/H512
20260807,512,0.5,constant_norm,512,v,xv_normcomp_gm0p03,xv_normal,-0.03,0.0309354337659059,0.000130295753479,1.4792335033416748,0.0013962019002065,-0.000126060888596,-0.0022267038643456,0.0020547698316785,/data/users/zhoushunyu/eqvae/experiments/prediction_target_toy_v4_constant_norm/seed20260807/D512/curv0p5/scale_constant_norm/loss_v/H512
20260807,512,0.5,constant_norm,512,v,xv_gm0p01,xv,-0.01,0.0299427071387419,0.0001053810119628,1.4792335033416748,0.0012147927191108,-0.0003090596673876,-0.0008821775943291,0.0003988729850417,/data/users/zhoushunyu/eqvae/experiments/prediction_target_toy_v4_constant_norm/seed20260807/D512/curv0p5/scale_constant_norm/loss_v/H512
20260807,512,0.5,constant_norm,512,v,xeps_gm0p01,xeps,-0.01,0.0301992354266919,0.0001006126403808,1.4792335033416748,0.001226799795404,-0.0010898062294103,-0.0037990128045901,0.0022415416089697,/data/users/zhoushunyu/eqvae/experiments/prediction_target_toy_v4_constant_norm/seed20260807/D512/curv0p5/scale_constant_norm/loss_v/H512
20260807,512,0.5,constant_norm,512,v,xv_tan_gm0p01,xv_tangent,-0.01,0.0296779112199635,9.870529174804688e-05,1.4792335033416748,0.0011840213555842,-0.000264838629093,-0.0007957354827678,0.0002676698098392,/data/users/zhoushunyu/eqvae/experiments/prediction_target_toy_v4_constant_norm/seed20260807/D512/curv0p5/scale_constant_norm/loss_v/H512
20260807,512,0.5,constant_norm,512,v,xv_normcomp_gm0p01,xv_normal,-0.01,0.0304547197626805,0.0001198053359985,1.4792335033416748,0.0012134365970268,-3.5483167120575305e-05,-0.0007122009696986,0.0007343972100992,/data/users/zhoushunyu/eqvae/experiments/prediction_target_toy_v4_constant_norm/seed20260807/D512/curv0p5/scale_constant_norm/loss_v/H512
20260807,512,0.5,constant_norm,512,v,xv_g0p003,xv,0.003,0.0303298283929033,0.0001180171966552,1.4792335033416748,0.0011804684763774,9.93783661771273e-05,-0.0001288162850581,0.0002930290644378,/data/users/zhoushunyu/eqvae/experiments/prediction_target_toy_v4_constant_norm/seed20260807/D512/curv0p5/scale_constant_norm/loss_v/H512
20260807,512,0.5,constant_norm,512,v,xeps_g0p003,xeps,0.003,0.0301685830400815,0.0001140832901,1.4792335033416748,0.0011819712817668,0.0003418099923727,-0.0005373928975332,0.0013781160059958,/data/users/zhoushunyu/eqvae/experiments/prediction_target_toy_v4_constant_norm/seed20260807/D512/curv0p5/scale_constant_norm/loss_v/H512
20260807,512,0.5,constant_norm,512,v,xv_tan_g0p003,xv_tangent,0.003,0.0303860802789193,0.0001196861267089,1.4792335033416748,0.0011807902483269,8.37234326390571e-05,-8.908024073231278e-05,0.0002314756666702,/data/users/zhoushunyu/eqvae/experiments/prediction_target_toy_v4_constant_norm/seed20260807/D512/curv0p5/scale_constant_norm/loss_v/H512
20260807,512,0.5,constant_norm,512,v,xv_normcomp_g0p003,xv_normal,0.003,0.0301510166682324,0.0001105070114135,1.4792335033416748,0.00118103553541,1.8966215603906e-05,-0.0002088562139452,0.0003093230340941,/data/users/zhoushunyu/eqvae/experiments/prediction_target_toy_v4_constant_norm/seed20260807/D512/curv0p5/scale_constant_norm/loss_v/H512
20260807,512,0.5,constant_norm,512,v,xv_g0p01,xv,0.01,0.0305643227607563,0.0001220703125,1.4792335033416748,0.0011895704083144,0.0003516950002135,-0.0004697917716204,0.0011047156827041,/data/users/zhoushunyu/eqvae/experiments/prediction_target_toy_v4_constant_norm/seed20260807/D512/curv0p5/scale_constant_norm/loss_v/H512
20260807,512,0.5,constant_norm,512,v,xeps_g0p01,xeps,0.01,0.0306461598789888,0.0001436471939086,1.4792335033416748,0.0011867685243487,0.0014699265077514,-0.0018905893792361,0.0051336293360331,/data/users/zhoushunyu/eqvae/experiments/prediction_target_toy_v4_constant_norm/seed20260807/D512/curv0p5/scale_constant_norm/loss_v/H512
20260807,512,0.5,constant_norm,512,v,xv_tan_g0p01,xv_tangent,0.01,0.0307379626029022,0.0001314878463745,1.4792335033416748,0.0011793172452598,0.0002771297491467,-0.0003745236093546,0.0008046209080661,/data/users/zhoushunyu/eqvae/experiments/prediction_target_toy_v4_constant_norm/seed20260807/D512/curv0p5/scale_constant_norm/loss_v/H512
20260807,512,0.5,constant_norm,512,v,xv_normcomp_g0p01,xv_normal,0.01,0.0299864686464892,0.0001071691513061,1.4792335033416748,0.0011902689002454,8.1358245768632e-05,-0.0006947385580812,0.0008174424147076,/data/users/zhoushunyu/eqvae/experiments/prediction_target_toy_v4_constant_norm/seed20260807/D512/curv0p5/scale_constant_norm/loss_v/H512
20260807,512,0.5,constant_norm,512,v,xv_g0p03,xv,0.03,0.0311571029109274,0.0001426935195922,1.4792335033416748,0.0012797064846381,0.0011749117079844,-0.0011023769621519,0.0032580762728181,/data/users/zhoushunyu/eqvae/experiments/prediction_target_toy_v4_constant_norm/seed20260807/D512/curv0p5/scale_constant_norm/loss_v/H512
20260807,512,0.5,constant_norm,512,v,xeps_g0p03,xeps,0.03,0.0356087617232583,0.0003098249435424,1.4792335033416748,0.0012695263139903,0.0063981426831961,-0.0044467338929734,0.0161060980166811,/data/users/zhoushunyu/eqvae/experiments/prediction_target_toy_v4_constant_norm/seed20260807/D512/curv0p5/scale_constant_norm/loss_v/H512
20260807,512,0.5,constant_norm,512,v,xv_tan_g0p03,xv_tangent,0.03,0.0315746337113227,0.0001572370529174,1.4792335033416748,0.0011778846383094,0.0008982366914675,-0.0006308438565332,0.0022075612785241,/data/users/zhoushunyu/eqvae/experiments/prediction_target_toy_v4_constant_norm/seed20260807/D512/curv0p5/scale_constant_norm/loss_v/H512
20260807,512,0.5,constant_norm,512,v,xv_normcomp_g0p03,xv_normal,0.03,0.0299034280733671,0.0001016855239868,1.4792335033416748,0.0012912424281239,0.0005661681652879,-0.0019469258974735,0.0032825923001969,/data/users/zhoushunyu/eqvae/experiments/prediction_target_toy_v4_constant_norm/seed20260807/D512/curv0p5/scale_constant_norm/loss_v/H512
20260807,512,0.5,constant_norm,512,v,xv_g0p1,xv,0.1,0.0349268750290241,0.0002530813217163,1.4792335033416748,0.0018945161718875,0.005573569541845,-0.0023968754770669,0.0132510130877365,/data/users/zhoushunyu/eqvae/experiments/prediction_target_toy_v4_constant_norm/seed20260807/D512/curv0p5/scale_constant_norm/loss_v/H512
20260807,512,0.5,constant_norm,512,v,xeps_g0p1,xeps,0.1,0.0665063493143704,0.0015696287155151,1.4792335033416748,0.0016603049589321,0.033941369747263,0.0105394532861903,0.054303607819392,/data/users/zhoushunyu/eqvae/experiments/prediction_target_toy_v4_constant_norm/seed20260807/D512/curv0p5/scale_constant_norm/loss_v/H512
20260807,512,0.5,constant_norm,512,v,xv_tan_g0p1,xv_tangent,0.1,0.034586073850114,0.0002632141113281,1.4792335033416748,0.0011599322315305,0.0031639098509289,-0.0014984373620885,0.0067026334460808,/data/users/zhoushunyu/eqvae/experiments/prediction_target_toy_v4_constant_norm/seed20260807/D512/curv0p5/scale_constant_norm/loss_v/H512
20260807,512,0.5,constant_norm,512,v,xv_normcomp_g0p1,xv_normal,0.1,0.030677297435558,0.0001078844070434,1.4792335033416748,0.0019114528549835,0.0027955562541435,-0.0051316976009263,0.0120478933723443,/data/users/zhoushunyu/eqvae/experiments/prediction_target_toy_v4_constant_norm/seed20260807/D512/curv0p5/scale_constant_norm/loss_v/H512
20260807,512,0.5,constant_norm,512,v,xv_g0p3,xv,0.3,0.0611623837296324,0.0011923313140869,1.4792335033416748,0.003321956610307,0.0279338636900255,0.0064667138161159,0.0454417157820573,/data/users/zhoushunyu/eqvae/experiments/prediction_target_toy_v4_constant_norm/seed20260807/D512/curv0p5/scale_constant_norm/loss_v/H512
20260807,512,0.5,constant_norm,512,v,xeps_g0p3,xeps,0.3,0.1539269746525061,0.0087001323699951,1.4792335033416748,0.0018067630007863,0.1117430736953749,0.0831200577610282,0.1356956892897055,/data/users/zhoushunyu/eqvae/experiments/prediction_target_toy_v4_constant_norm/seed20260807/D512/curv0p5/scale_constant_norm/loss_v/H512
20260807,512,0.5,constant_norm,512,v,xv_tan_g0p3,xv_tangent,0.3,0.0446812543506229,0.0006630420684814,1.4792335033416748,0.0011398582719266,0.0102435440913448,-0.0019534500219979,0.0185607462030116,/data/users/zhoushunyu/eqvae/experiments/prediction_target_toy_v4_constant_norm/seed20260807/D512/curv0p5/scale_constant_norm/loss_v/H512
20260807,512,0.5,constant_norm,512,v,xv_normcomp_g0p3,xv_normal,0.3,0.0478426712370173,0.0005301237106323,1.4792335033416748,0.0033492345828562,0.0167240203765093,-0.0042388371665119,0.0335210524377825,/data/users/zhoushunyu/eqvae/experiments/prediction_target_toy_v4_constant_norm/seed20260807/D512/curv0p5/scale_constant_norm/loss_v/H512
20260807,512,0.5,constant_norm,512,v,xv_rms_etam0p03,xv_norm,-0.03,0.0355904116727282,0.0001742839813232,1.4792335033416748,0.0302845351397991,0.002674528307161,-0.0073111588410565,0.0147904440640054,/data/users/zhoushunyu/eqvae/experiments/prediction_target_toy_v4_constant_norm/seed20260807/D512/curv0p5/scale_constant_norm/loss_v/H512
20260807,512,0.5,constant_norm,512,v,xv_rms_etam0p01,xv_norm,-0.01,0.0276947881333342,1.633167266845703e-05,1.4792335033416748,0.0102132242172956,-0.001735811825462,-0.0050990176175519,0.0029854867332827,/data/users/zhoushunyu/eqvae/experiments/prediction_target_toy_v4_constant_norm/seed20260807/D512/curv0p5/scale_constant_norm/loss_v/H512
20260807,512,0.5,constant_norm,512,v,xv_rms_eta0p01,xv_norm,0.01,0.0387637944344964,0.0004019737243652,1.4792335033416748,0.0100259995087981,0.0058323073402796,0.0011416949430944,0.0087847195243045,/data/users/zhoushunyu/eqvae/experiments/prediction_target_toy_v4_constant_norm/seed20260807/D512/curv0p5/scale_constant_norm/loss_v/H512
20260807,512,0.5,constant_norm,512,v,xv_rms_eta0p03,xv_norm,0.03,0.0937743302138697,0.0029112100601196,1.4792335033416748,0.0291557405143976,0.055642374445291,0.0382616192634622,0.0649808949097592,/data/users/zhoushunyu/eqvae/experiments/prediction_target_toy_v4_constant_norm/seed20260807/D512/curv0p5/scale_constant_norm/loss_v/H512
20260807,512,1.0,constant_norm,128,v,x,x,0.0,0.0299269680149807,0.0001345872879028,1.522556185722351,0.0019416813738644,0.0,0.0,0.0,/data/users/zhoushunyu/eqvae/experiments/prediction_target_toy_v4_constant_norm/seed20260807/D512/curv1/scale_constant_norm/loss_v/H128
20260807,512,1.0,constant_norm,128,v,v,v,0.0,0.304139575229983,0.0200692415237426,1.522556185722351,0.8856732249259949,0.2502487107459978,0.211238164906667,0.2873541751936563,/data/users/zhoushunyu/eqvae/experiments/prediction_target_toy_v4_constant_norm/seed20260807/D512/curv1/scale_constant_norm/loss_v/H128
20260807,512,1.0,constant_norm,128,v,eps,eps,0.0,44.12154246028371,0.5931624174118042,1.522556185722351,42.95840072631836,44.01948570535878,42.74036375854581,45.29547205213569,/data/users/zhoushunyu/eqvae/experiments/prediction_target_toy_v4_constant_norm/seed20260807/D512/curv1/scale_constant_norm/loss_v/H128
20260807,512,1.0,constant_norm,128,v,oracle,oracle,0.0,0.0392813967777968,0.0002790689468383,1.522556185722351,0.0012841987190768,0.0031887562993303,-0.0118828657335794,0.0178400948115891,/data/users/zhoushunyu/eqvae/experiments/prediction_target_toy_v4_constant_norm/seed20260807/D512/curv1/scale_constant_norm/loss_v/H128
20260807,512,1.0,constant_norm,128,v,xv_gm0p1,xv,-0.1,0.035699698861607,0.0002092123031616,1.522556185722351,0.00392497330904,0.0007867481954234,-0.0066004589891981,0.0077794977743488,/data/users/zhoushunyu/eqvae/experiments/prediction_target_toy_v4_constant_norm/seed20260807/D512/curv1/scale_constant_norm/loss_v/H128
20260807,512,1.0,constant_norm,128,v,xeps_gm0p1,xeps,-0.1,0.0893048683421001,0.0028396844863891,1.522556185722351,0.0053458260372281,0.0392388348820366,0.0044892114577188,0.0666828752094753,/data/users/zhoushunyu/eqvae/experiments/prediction_target_toy_v4_constant_norm/seed20260807/D512/curv1/scale_constant_norm/loss_v/H128
20260807,512,1.0,constant_norm,128,v,xv_tan_gm0p1,xv_tangent,-0.1,0.0267935503124868,5.447864532470703e-05,1.522556185722351,0.0019933157600462,-0.0015246532259704,-0.0092535306673479,0.0041912534906544,/data/users/zhoushunyu/eqvae/experiments/prediction_target_toy_v4_constant_norm/seed20260807/D512/curv1/scale_constant_norm/loss_v/H128
20260807,512,1.0,constant_norm,128,v,xv_normcomp_gm0p1,xv_normal,-0.1,0.0405960975802041,0.0003596544265747,1.522556185722351,0.0039217206649482,0.003371430612724,-0.0075030762963354,0.012182729114852,/data/users/zhoushunyu/eqvae/experiments/prediction_target_toy_v4_constant_norm/seed20260807/D512/curv1/scale_constant_norm/loss_v/H128
20260807,512,1.0,constant_norm,128,v,xv_gm0p03,xv,-0.03,0.0310597663189973,0.0001403093338012,1.522556185722351,0.0021889065392315,-0.0001111204541894,-0.0027449739064032,0.0026231106034508,/data/users/zhoushunyu/eqvae/experiments/prediction_target_toy_v4_constant_norm/seed20260807/D512/curv1/scale_constant_norm/loss_v/H128
20260807,512,1.0,constant_norm,128,v,xeps_gm0p03,xeps,-0.03,0.0461912427811359,0.000543475151062,1.522556185722351,0.0023037723731249,0.0067575672947214,-0.010562313188633,0.0200629007780992,/data/users/zhoushunyu/eqvae/experiments/prediction_target_toy_v4_constant_norm/seed20260807/D512/curv1/scale_constant_norm/loss_v/H128
20260807,512,1.0,constant_norm,128,v,xv_tan_gm0p03,xv_tangent,-0.03,0.0288980503069293,0.0001043081283569,1.522556185722351,0.0019510276615619,-0.0005485072183775,-0.0026527437461361,0.0011842446680152,/data/users/zhoushunyu/eqvae/experiments/prediction_target_toy_v4_constant_norm/seed20260807/D512/curv1/scale_constant_norm/loss_v/H128
20260807,512,1.0,constant_norm,128,v,xv_normcomp_gm0p03,xv_normal,-0.03,0.0322163167044251,0.0001696348190307,1.522556185722351,0.0021653356961905,0.0005396077721805,-0.0034055456479529,0.0037929617185538,/data/users/zhoushunyu/eqvae/experiments/prediction_target_toy_v4_constant_norm/seed20260807/D512/curv1/scale_constant_norm/loss_v/H128
20260807,512,1.0,constant_norm,128,v,xv_gm0p01,xv,-0.01,0.030263754413515,0.0001353025436401,1.522556185722351,0.0019885841757059,-4.133205411900421e-05,-0.0008401213141913,0.0005825588973856,/data/users/zhoushunyu/eqvae/experiments/prediction_target_toy_v4_constant_norm/seed20260807/D512/curv1/scale_constant_norm/loss_v/H128
20260807,512,1.0,constant_norm,128,v,xeps_gm0p01,xeps,-0.01,0.0338191226254337,0.0002052783966064,1.522556185722351,0.0020110737532377,0.00093822092943,-0.0052923001382493,0.0074100931538482,/data/users/zhoushunyu/eqvae/experiments/prediction_target_toy_v4_constant_norm/seed20260807/D512/curv1/scale_constant_norm/loss_v/H128
20260807,512,1.0,constant_norm,128,v,xv_tan_gm0p01,xv_tangent,-0.01,0.0294878147202969,0.0001224279403686,1.522556185722351,0.0019423785852268,-0.0001864133403901,-0.0011283491175001,0.0005981428343387,/data/users/zhoushunyu/eqvae/experiments/prediction_target_toy_v4_constant_norm/seed20260807/D512/curv1/scale_constant_norm/loss_v/H128
20260807,512,1.0,constant_norm,128,v,xv_normcomp_gm0p01,xv_normal,-0.01,0.0306400622689352,0.0001472234725952,1.522556185722351,0.0019868633244186,0.0001296964294165,-0.0011229650711988,0.0014093658711478,/data/users/zhoushunyu/eqvae/experiments/prediction_target_toy_v4_constant_norm/seed20260807/D512/curv1/scale_constant_norm/loss_v/H128
20260807,512,1.0,constant_norm,128,v,xv_g0p003,xv,0.003,0.0298239883177419,0.0001354217529296,1.522556185722351,0.0019348548958078,5.572134721801361e-06,-0.0001704235476654,0.0002473202493701,/data/users/zhoushunyu/eqvae/experiments/prediction_target_toy_v4_constant_norm/seed20260807/D512/curv1/scale_constant_norm/loss_v/H128
20260807,512,1.0,constant_norm,128,v,xeps_g0p003,xeps,0.003,0.0293700396854874,0.0001313686370849,1.522556185722351,0.0019265254959464,-0.0001099605844804,-0.0017425820450568,0.0016967650117284,/data/users/zhoushunyu/eqvae/experiments/prediction_target_toy_v4_constant_norm/seed20260807/D512/curv1/scale_constant_norm/loss_v/H128
20260807,512,1.0,constant_norm,128,v,xv_tan_g0p003,xv_tangent,0.003,0.0300291023711348,0.0001380443572998,1.522556185722351,0.0019417712464928,7.127505638333379e-05,-0.0002424101022043,0.0005978457341753,/data/users/zhoushunyu/eqvae/experiments/prediction_target_toy_v4_constant_norm/seed20260807/D512/curv1/scale_constant_norm/loss_v/H128
20260807,512,1.0,constant_norm,128,v,xv_normcomp_g0p003,xv_normal,0.003,0.0297243952231773,0.0001330375671386,1.522556185722351,0.0019354552496224,-4.902026604749775e-05,-0.0004293889820463,0.0003087358388375,/data/users/zhoushunyu/eqvae/experiments/prediction_target_toy_v4_constant_norm/seed20260807/D512/curv1/scale_constant_norm/loss_v/H128
20260807,512,1.0,constant_norm,128,v,xv_g0p01,xv,0.01,0.0294725259292004,0.0001296997070312,1.522556185722351,0.0019246531883254,2.231713050617617e-05,-0.0008032264548981,0.0009422799731708,/data/users/zhoushunyu/eqvae/experiments/prediction_target_toy_v4_constant_norm/seed20260807/D512/curv1/scale_constant_norm/loss_v/H128
20260807,512,1.0,constant_norm,128,v,xeps_g0p01,xeps,0.01,0.0280133144914263,0.0001212358474731,1.522556185722351,0.0019066869281232,6.177211531832725e-05,-0.0065234631592063,0.0060519090207897,/data/users/zhoushunyu/eqvae/experiments/prediction_target_toy_v4_constant_norm/seed20260807/D512/curv1/scale_constant_norm/loss_v/H128
20260807,512,1.0,constant_norm,128,v,xv_tan_g0p01,xv_tangent,0.01,0.0302563125678271,0.0001454353332519,1.522556185722351,0.0019374229013919,0.0001530658869043,-0.00079176065952,0.0012291341860938,/data/users/zhoushunyu/eqvae/experiments/prediction_target_toy_v4_constant_norm/seed20260807/D512/curv1/scale_constant_norm/loss_v/H128
20260807,512,1.0,constant_norm,128,v,xv_normcomp_g0p01,xv_normal,0.01,0.0290509901843143,0.0001173019409179,1.522556185722351,0.0019203762058168,-0.0001783201886675,-0.0012922099234646,0.0010088634107912,/data/users/zhoushunyu/eqvae/experiments/prediction_target_toy_v4_constant_norm/seed20260807/D512/curv1/scale_constant_norm/loss_v/H128
20260807,512,1.0,constant_norm,128,v,xv_g0p03,xv,0.03,0.0286967840965143,0.0001242160797119,1.522556185722351,0.0019408208318054,8.28618052912309e-05,-0.0019534769118464,0.0025392510490454,/data/users/zhoushunyu/eqvae/experiments/prediction_target_toy_v4_constant_norm/seed20260807/D512/curv1/scale_constant_norm/loss_v/H128
20260807,512,1.0,constant_norm,128,v,xeps_g0p03,xeps,0.03,0.0358987372823399,0.0003595352172851,1.522556185722351,0.0018945146584883,0.0048323168508072,-0.0144331521474928,0.022708103783468,/data/users/zhoushunyu/eqvae/experiments/prediction_target_toy_v4_constant_norm/seed20260807/D512/curv1/scale_constant_norm/loss_v/H128
20260807,512,1.0,constant_norm,128,v,xv_tan_g0p03,xv_tangent,0.03,0.0310382563560612,0.0001630783081054,1.522556185722351,0.0019253089558333,0.000468813157485,-0.001747670583071,0.0023398213339771,/data/users/zhoushunyu/eqvae/experiments/prediction_target_toy_v4_constant_norm/seed20260807/D512/curv1/scale_constant_norm/loss_v/H128
20260807,512,1.0,constant_norm,128,v,xv_normcomp_g0p03,xv_normal,0.03,0.0276648672473437,9.85860824584961e-05,1.522556185722351,0.0019546982366591,-0.000317066228846,-0.0032973505683234,0.0034777478155438,/data/users/zhoushunyu/eqvae/experiments/prediction_target_toy_v4_constant_norm/seed20260807/D512/curv1/scale_constant_norm/loss_v/H128
20260807,512,1.0,constant_norm,128,v,xv_g0p1,xv,0.1,0.0287807460231348,0.0001615285873413,1.522556185722351,0.0022348025813698,0.0012934173562399,-0.0063635524214373,0.0101580284601872,/data/users/zhoushunyu/eqvae/experiments/prediction_target_toy_v4_constant_norm/seed20260807/D512/curv1/scale_constant_norm/loss_v/H128
20260807,512,1.0,constant_norm,128,v,xeps_g0p1,xeps,0.1,0.0978831201485506,0.003237247467041,1.522556185722351,0.001981196925044,0.0585311265341296,0.0197766056068184,0.087708003920122,/data/users/zhoushunyu/eqvae/experiments/prediction_target_toy_v4_constant_norm/seed20260807/D512/curv1/scale_constant_norm/loss_v/H128
20260807,512,1.0,constant_norm,128,v,xv_tan_g0p1,xv_tangent,0.1,0.0342552974492094,0.0002499818801879,1.522556185722351,0.0019053885480389,0.0017720106477686,-0.0032528053704435,0.0071080983019594,/data/users/zhoushunyu/eqvae/experiments/prediction_target_toy_v4_constant_norm/seed20260807/D512/curv1/scale_constant_norm/loss_v/H128
20260807,512,1.0,constant_norm,128,v,xv_normcomp_g0p1,xv_normal,0.1,0.0274810878717748,9.942054748535156e-05,1.522556185722351,0.0022720214910805,0.0003462626165001,-0.0087922306631597,0.0119241627662492,/data/users/zhoushunyu/eqvae/experiments/prediction_target_toy_v4_constant_norm/seed20260807/D512/curv1/scale_constant_norm/loss_v/H128
20260807,512,1.0,constant_norm,128,v,xv_g0p3,xv,0.3,0.048021642797168,0.0007745027542114,1.522556185722351,0.0028203485999256,0.0138497091472691,-0.0081415331338175,0.0356322673471335,/data/users/zhoushunyu/eqvae/experiments/prediction_target_toy_v4_constant_norm/seed20260807/D512/curv1/scale_constant_norm/loss_v/H128
20260807,512,1.0,constant_norm,128,v,xeps_g0p3,xeps,0.3,0.2991725255213474,0.033948540687561,1.522556185722351,0.0017889923183247,0.2513428263862882,0.2117085365647517,0.2849188612973708,/data/users/zhoushunyu/eqvae/experiments/prediction_target_toy_v4_constant_norm/seed20260807/D512/curv1/scale_constant_norm/loss_v/H128
20260807,512,1.0,constant_norm,128,v,xv_tan_g0p3,xv_tangent,0.3,0.0443340630694867,0.0006098747253417,1.522556185722351,0.0018586951773613,0.0072681358075847,-0.0025737135079348,0.0173221204586413,/data/users/zhoushunyu/eqvae/experiments/prediction_target_toy_v4_constant_norm/seed20260807/D512/curv1/scale_constant_norm/loss_v/H128
20260807,512,1.0,constant_norm,128,v,xv_normcomp_g0p3,xv_normal,0.3,0.0501422710305449,0.00069260597229,1.522556185722351,0.0028640741948038,0.015396884123497,-0.0069145620975978,0.0392943147629635,/data/users/zhoushunyu/eqvae/experiments/prediction_target_toy_v4_constant_norm/seed20260807/D512/curv1/scale_constant_norm/loss_v/H128
20260807,512,1.0,constant_norm,128,v,xv_rms_etam0p03,xv_norm,-0.03,0.0339090211433088,8.857250213623047e-05,1.522556185722351,0.0309377256780862,0.0022174495479187,-0.0081080372274731,0.0129953460603673,/data/users/zhoushunyu/eqvae/experiments/prediction_target_toy_v4_constant_norm/seed20260807/D512/curv1/scale_constant_norm/loss_v/H128
20260807,512,1.0,constant_norm,128,v,xv_rms_etam0p01,xv_norm,-0.01,0.028296506638512,3.993511199951172e-05,1.522556185722351,0.0106841288506984,-0.0010211510543878,-0.0049749144968292,0.0030832980416889,/data/users/zhoushunyu/eqvae/experiments/prediction_target_toy_v4_constant_norm/seed20260807/D512/curv1/scale_constant_norm/loss_v/H128
20260807,512,1.0,constant_norm,128,v,xv_rms_eta0p01,xv_norm,0.01,0.0348253336086844,0.0003310441970825,1.522556185722351,0.0102158263325691,0.003393353105452,-0.0007168287029173,0.0072260828063174,/data/users/zhoushunyu/eqvae/experiments/prediction_target_toy_v4_constant_norm/seed20260807/D512/curv1/scale_constant_norm/loss_v/H128
20260807,512,1.0,constant_norm,128,v,xv_rms_eta0p03,xv_norm,0.03,0.0510877558549929,0.00076425075531,1.522556185722351,0.0297684445977211,0.016656124853441,0.006350359911815,0.0243089580788485,/data/users/zhoushunyu/eqvae/experiments/prediction_target_toy_v4_constant_norm/seed20260807/D512/curv1/scale_constant_norm/loss_v/H128
20260807,512,1.0,constant_norm,256,v,x,x,0.0,0.0358292234229113,6.449222564697266e-05,1.491541862487793,0.0014395815087482,0.0,0.0,0.0,/data/users/zhoushunyu/eqvae/experiments/prediction_target_toy_v4_constant_norm/seed20260807/D512/curv1/scale_constant_norm/loss_v/H256
20260807,512,1.0,constant_norm,256,v,v,v,0.0,0.2849995276584919,0.0176682472229003,1.491541862487793,0.7949405908584595,0.2485654392392778,0.197404462239646,0.2829963134588225,/data/users/zhoushunyu/eqvae/experiments/prediction_target_toy_v4_constant_norm/seed20260807/D512/curv1/scale_constant_norm/loss_v/H256
20260807,512,1.0,constant_norm,256,v,eps,eps,0.0,37.60415706806283,0.5837645530700684,1.491541862487793,36.47336959838867,38.22370689180927,37.00369879560375,39.34105517329124,/data/users/zhoushunyu/eqvae/experiments/prediction_target_toy_v4_constant_norm/seed20260807/D512/curv1/scale_constant_norm/loss_v/H256
20260807,512,1.0,constant_norm,256,v,oracle,oracle,0.0,0.037092206693324,9.107589721679688e-05,1.491541862487793,0.0012772005284205,0.0015063764442108,-0.0133452520250844,0.0143869757609234,/data/users/zhoushunyu/eqvae/experiments/prediction_target_toy_v4_constant_norm/seed20260807/D512/curv1/scale_constant_norm/loss_v/H256
20260807,512,1.0,constant_norm,256,v,xv_gm0p1,xv,-0.1,0.0350452466029612,2.384185791015625e-06,1.491541862487793,0.0033728720154613,-0.000517779332874,-0.0053912552143149,0.0047715959674275,/data/users/zhoushunyu/eqvae/experiments/prediction_target_toy_v4_constant_norm/seed20260807/D512/curv1/scale_constant_norm/loss_v/H256
20260807,512,1.0,constant_norm,256,v,xeps_gm0p1,xeps,-0.1,0.0558888668880764,0.0008455514907836,1.491541862487793,0.0046486197970807,0.0175314528033641,-0.0177992087525254,0.0433731681657786,/data/users/zhoushunyu/eqvae/experiments/prediction_target_toy_v4_constant_norm/seed20260807/D512/curv1/scale_constant_norm/loss_v/H256
20260807,512,1.0,constant_norm,256,v,xv_tan_gm0p1,xv_tangent,-0.1,0.0377697162417733,9.41753387451172e-05,1.491541862487793,0.0014738927129656,-4.244313750340345e-05,-0.005489381259087,0.0061999042175924,/data/users/zhoushunyu/eqvae/experiments/prediction_target_toy_v4_constant_norm/seed20260807/D512/curv1/scale_constant_norm/loss_v/H256
20260807,512,1.0,constant_norm,256,v,xv_normcomp_gm0p1,xv_normal,-0.1,0.0384009311574187,0.0001279115676879,1.491541862487793,0.0033673881553113,0.0019808689362749,-0.0069706634087809,0.0098858640873058,/data/users/zhoushunyu/eqvae/experiments/prediction_target_toy_v4_constant_norm/seed20260807/D512/curv1/scale_constant_norm/loss_v/H256
20260807,512,1.0,constant_norm,256,v,xv_gm0p03,xv,-0.03,0.0350946850916493,4.172325134277344e-05,1.491541862487793,0.0016619579400867,-0.0002446699996867,-0.002249443001369,0.001971805999658,/data/users/zhoushunyu/eqvae/experiments/prediction_target_toy_v4_constant_norm/seed20260807/D512/curv1/scale_constant_norm/loss_v/H256
20260807,512,1.0,constant_norm,256,v,xeps_gm0p03,xeps,-0.03,0.0360916729466687,0.0001147985458374,1.491541862487793,0.0017536593368276,0.0020592900876102,-0.013049626324394,0.0132623376541503,/data/users/zhoushunyu/eqvae/experiments/prediction_target_toy_v4_constant_norm/seed20260807/D512/curv1/scale_constant_norm/loss_v/H256
20260807,512,1.0,constant_norm,256,v,xv_tan_gm0p03,xv_tangent,-0.03,0.0364439014818126,7.796287536621094e-05,1.491541862487793,0.0014473658520728,-0.0001481202606327,-0.0018494055462153,0.0022873634683016,/data/users/zhoushunyu/eqvae/experiments/prediction_target_toy_v4_constant_norm/seed20260807/D512/curv1/scale_constant_norm/loss_v/H256
20260807,512,1.0,constant_norm,256,v,xv_normcomp_gm0p03,xv_normal,-0.03,0.0362368844745805,9.119510650634766e-05,1.491541862487793,0.0016619445523247,0.0003086523370357,-0.0029302048732352,0.0033315914057484,/data/users/zhoushunyu/eqvae/experiments/prediction_target_toy_v4_constant_norm/seed20260807/D512/curv1/scale_constant_norm/loss_v/H256
20260807,512,1.0,constant_norm,256,v,xv_gm0p01,xv,-0.01,0.0356324790438394,5.519390106201172e-05,1.491541862487793,0.0014778354670852,-0.0001849847480174,-0.0009856459014256,0.0004452989948158,/data/users/zhoushunyu/eqvae/experiments/prediction_target_toy_v4_constant_norm/seed20260807/D512/curv1/scale_constant_norm/loss_v/H256
20260807,512,1.0,constant_norm,256,v,xeps_gm0p01,xeps,-0.01,0.0337110056298486,5.197525024414063e-05,1.491541862487793,0.0014983742730692,-6.403788771742324e-05,-0.0055653984659933,0.0048507685989931,/data/users/zhoushunyu/eqvae/experiments/prediction_target_toy_v4_constant_norm/seed20260807/D512/curv1/scale_constant_norm/loss_v/H256
20260807,512,1.0,constant_norm,256,v,xv_tan_gm0p01,xv_tangent,-0.01,0.035985773378568,6.818771362304688e-05,1.491541862487793,0.0014429093571379,2.879253767459844e-05,-0.0007521683881334,0.0012127078508649,/data/users/zhoushunyu/eqvae/experiments/prediction_target_toy_v4_constant_norm/seed20260807/D512/curv1/scale_constant_norm/loss_v/H256
20260807,512,1.0,constant_norm,256,v,xv_normcomp_gm0p01,xv_normal,-0.01,0.0357690439221457,7.104873657226562e-05,1.491541862487793,0.0014760823687538,-2.5012156896401447e-05,-0.0013471596233517,0.0011449405851553,/data/users/zhoushunyu/eqvae/experiments/prediction_target_toy_v4_constant_norm/seed20260807/D512/curv1/scale_constant_norm/loss_v/H256
20260807,512,1.0,constant_norm,256,v,xv_g0p003,xv,0.003,0.0359410351641432,7.033348083496094e-05,1.491541862487793,0.0014350946294143,6.532067874335117e-05,-0.0001585891030129,0.0003833230487554,/data/users/zhoushunyu/eqvae/experiments/prediction_target_toy_v4_constant_norm/seed20260807/D512/curv1/scale_constant_norm/loss_v/H256
20260807,512,1.0,constant_norm,256,v,xeps_g0p003,xeps,0.003,0.0364357610591951,9.27448272705078e-05,1.491541862487793,0.0014306573430076,0.0003402775326791,-0.0013173878029234,0.0023440684110713,/data/users/zhoushunyu/eqvae/experiments/prediction_target_toy_v4_constant_norm/seed20260807/D512/curv1/scale_constant_norm/loss_v/H256
20260807,512,1.0,constant_norm,256,v,xv_tan_g0p003,xv_tangent,0.003,0.0358124845151367,6.949901580810547e-05,1.491541862487793,0.0014365516835823,3.3870344151612494e-05,-0.0003881314465507,0.0006212093171371,/data/users/zhoushunyu/eqvae/experiments/prediction_target_toy_v4_constant_norm/seed20260807/D512/curv1/scale_constant_norm/loss_v/H256
20260807,512,1.0,constant_norm,256,v,xv_normcomp_g0p003,xv_normal,0.003,0.0359662733359554,7.081031799316406e-05,1.491541862487793,0.0014379427302628,8.281581344521485e-05,-0.0003660942259312,0.0009485615004907,/data/users/zhoushunyu/eqvae/experiments/prediction_target_toy_v4_constant_norm/seed20260807/D512/curv1/scale_constant_norm/loss_v/H256
20260807,512,1.0,constant_norm,256,v,xv_g0p01,xv,0.01,0.036186487347304,8.165836334228516e-05,1.491541862487793,0.001434632227756,0.0001867724710723,-0.0006827773013961,0.0012556673309456,/data/users/zhoushunyu/eqvae/experiments/prediction_target_toy_v4_constant_norm/seed20260807/D512/curv1/scale_constant_norm/loss_v/H256
20260807,512,1.0,constant_norm,256,v,xeps_g0p01,xeps,0.01,0.0377287676521367,0.0001380443572998,1.491541862487793,0.0014230239903554,0.0008308590240358,-0.0047887436793211,0.006009101699706,/data/users/zhoushunyu/eqvae/experiments/prediction_target_toy_v4_constant_norm/seed20260807/D512/curv1/scale_constant_norm/loss_v/H256
20260807,512,1.0,constant_norm,256,v,xv_tan_g0p01,xv_tangent,0.01,0.0359693145899111,8.225440979003906e-05,1.491541862487793,0.0014379698550328,0.0001306650669051,-0.0007451583704648,0.0011275970092632,/data/users/zhoushunyu/eqvae/experiments/prediction_target_toy_v4_constant_norm/seed20260807/D512/curv1/scale_constant_norm/loss_v/H256
20260807,512,1.0,constant_norm,256,v,xv_normcomp_g0p01,xv_normal,0.01,0.0364320063118987,8.71419906616211e-05,1.491541862487793,0.0014367826515808,0.0001693478187349,-0.0011750724379072,0.0018826385729669,/data/users/zhoushunyu/eqvae/experiments/prediction_target_toy_v4_constant_norm/seed20260807/D512/curv1/scale_constant_norm/loss_v/H256
20260807,512,1.0,constant_norm,256,v,xv_g0p03,xv,0.03,0.0369427845633079,0.0001173019409179,1.491541862487793,0.0014928132295608,0.0004653503231099,-0.0021014028043147,0.003247279269298,/data/users/zhoushunyu/eqvae/experiments/prediction_target_toy_v4_constant_norm/seed20260807/D512/curv1/scale_constant_norm/loss_v/H256
20260807,512,1.0,constant_norm,256,v,xeps_g0p03,xeps,0.03,0.0474524093603968,0.0004512071609497,1.491541862487793,0.0014601462753489,0.0059151788131966,-0.0104606000369888,0.0210848831472945,/data/users/zhoushunyu/eqvae/experiments/prediction_target_toy_v4_constant_norm/seed20260807/D512/curv1/scale_constant_norm/loss_v/H256
20260807,512,1.0,constant_norm,256,v,xv_tan_g0p03,xv_tangent,0.03,0.0368250420566738,0.0001225471496582,1.491541862487793,0.0014299516333267,0.0005964674785761,-0.0016056843796028,0.0029894553936481,/data/users/zhoushunyu/eqvae/experiments/prediction_target_toy_v4_constant_norm/seed20260807/D512/curv1/scale_constant_norm/loss_v/H256
20260807,512,1.0,constant_norm,256,v,xv_normcomp_g0p03,xv_normal,0.03,0.037413663471644,0.0001180171966552,1.491541862487793,0.0014959316467866,0.0001855740487532,-0.0031761327589973,0.0032787465446309,/data/users/zhoushunyu/eqvae/experiments/prediction_target_toy_v4_constant_norm/seed20260807/D512/curv1/scale_constant_norm/loss_v/H256
20260807,512,1.0,constant_norm,256,v,xv_g0p1,xv,0.1,0.0397331391297581,0.0002292394638061,1.491541862487793,0.0019787745550274,0.0017656421491867,-0.0063131368328505,0.0080220155194359,/data/users/zhoushunyu/eqvae/experiments/prediction_target_toy_v4_constant_norm/seed20260807/D512/curv1/scale_constant_norm/loss_v/H256
20260807,512,1.0,constant_norm,256,v,xeps_g0p1,xeps,0.1,0.0965044749119259,0.003115177154541,1.491541862487793,0.0016951266443356,0.0457478900962046,0.0106349447622968,0.0723736783006327,/data/users/zhoushunyu/eqvae/experiments/prediction_target_toy_v4_constant_norm/seed20260807/D512/curv1/scale_constant_norm/loss_v/H256
20260807,512,1.0,constant_norm,256,v,xv_tan_g0p1,xv_tangent,0.1,0.0378180777483611,0.0002071857452392,1.491541862487793,0.0014274790883064,0.0024116069566986,-0.0030026274102129,0.0089301444681276,/data/users/zhoushunyu/eqvae/experiments/prediction_target_toy_v4_constant_norm/seed20260807/D512/curv1/scale_constant_norm/loss_v/H256
20260807,512,1.0,constant_norm,256,v,xv_normcomp_g0p1,xv_normal,0.1,0.04236013431769,0.0002719163894653,1.491541862487793,0.0019918039906769,0.0026405055330474,-0.0077694327690785,0.0129502461481226,/data/users/zhoushunyu/eqvae/experiments/prediction_target_toy_v4_constant_norm/seed20260807/D512/curv1/scale_constant_norm/loss_v/H256
20260807,512,1.0,constant_norm,256,v,xv_g0p3,xv,0.3,0.0592141216099634,0.0009533166885375,1.491541862487793,0.0029675818514078,0.013401856983265,-0.0062673498057463,0.0289924785734297,/data/users/zhoushunyu/eqvae/experiments/prediction_target_toy_v4_constant_norm/seed20260807/D512/curv1/scale_constant_norm/loss_v/H256
20260807,512,1.0,constant_norm,256,v,xeps_g0p3,xeps,0.3,0.226128807151018,0.0188677310943603,1.491541862487793,0.0016837526345625,0.1698751414524061,0.1340500581652543,0.199118357623852,/data/users/zhoushunyu/eqvae/experiments/prediction_target_toy_v4_constant_norm/seed20260807/D512/curv1/scale_constant_norm/loss_v/H256
20260807,512,1.0,constant_norm,256,v,xv_tan_g0p3,xv_tangent,0.3,0.0441451289785364,0.0005111694335937,1.491541862487793,0.001407146686688,0.0080393462311675,-0.0044058607448929,0.0210023983068345,/data/users/zhoushunyu/eqvae/experiments/prediction_target_toy_v4_constant_norm/seed20260807/D512/curv1/scale_constant_norm/loss_v/H256
20260807,512,1.0,constant_norm,256,v,xv_normcomp_g0p3,xv_normal,0.3,0.0693412037990213,0.0013149976730346,1.491541862487793,0.0029676584526896,0.020920539828823,-0.0082578661213355,0.0409459490380456,/data/users/zhoushunyu/eqvae/experiments/prediction_target_toy_v4_constant_norm/seed20260807/D512/curv1/scale_constant_norm/loss_v/H256
20260807,512,1.0,constant_norm,256,v,xv_rms_etam0p03,xv_norm,-0.03,0.0465217941068127,0.0004312992095947,1.491541862487793,0.030930059030652,0.0049976000122524,-0.0067823047051344,0.0152758634343978,/data/users/zhoushunyu/eqvae/experiments/prediction_target_toy_v4_constant_norm/seed20260807/D512/curv1/scale_constant_norm/loss_v/H256
20260807,512,1.0,constant_norm,256,v,xv_rms_etam0p01,xv_norm,-0.01,0.0372923200635157,0.0001043081283569,1.491541862487793,0.0104868710041046,-0.0002152517869718,-0.0041970037756305,0.0043119737304559,/data/users/zhoushunyu/eqvae/experiments/prediction_target_toy_v4_constant_norm/seed20260807/D512/curv1/scale_constant_norm/loss_v/H256
20260807,512,1.0,constant_norm,256,v,xv_rms_eta0p01,xv_norm,0.01,0.0383104603464768,0.0001368522644042,1.491541862487793,0.010195062495768,0.0027353834776272,-0.0016751318269662,0.0063370330287346,/data/users/zhoushunyu/eqvae/experiments/prediction_target_toy_v4_constant_norm/seed20260807/D512/curv1/scale_constant_norm/loss_v/H256
20260807,512,1.0,constant_norm,256,v,xv_rms_eta0p03,xv_norm,0.03,0.0504499562001529,0.0002791881561279,1.491541862487793,0.0298257526010274,0.0105610099836867,0.0007956113475035,0.0187183806525547,/data/users/zhoushunyu/eqvae/experiments/prediction_target_toy_v4_constant_norm/seed20260807/D512/curv1/scale_constant_norm/loss_v/H256
20260807,512,1.0,constant_norm,512,v,x,x,0.0,0.0284199360861558,2.9087066650390625e-05,1.6215715408325195,0.0016131995944306,0.0,0.0,0.0,/data/users/zhoushunyu/eqvae/experiments/prediction_target_toy_v4_constant_norm/seed20260807/D512/curv1/scale_constant_norm/loss_v/H512
20260807,512,1.0,constant_norm,512,v,v,v,0.0,0.2826360807119718,0.0158402919769287,1.6215715408325195,0.6115927696228027,0.2317422654259307,0.190774988364894,0.2710172871663177,/data/users/zhoushunyu/eqvae/experiments/prediction_target_toy_v4_constant_norm/seed20260807/D512/curv1/scale_constant_norm/loss_v/H512
20260807,512,1.0,constant_norm,512,v,eps,eps,0.0,23.488102974399965,0.6025290489196777,1.6215715408325195,21.55770301818848,23.513973421501973,22.769139830040807,24.355380238165694,/data/users/zhoushunyu/eqvae/experiments/prediction_target_toy_v4_constant_norm/seed20260807/D512/curv1/scale_constant_norm/loss_v/H512
20260807,512,1.0,constant_norm,512,v,oracle,oracle,0.0,0.0355975254324853,5.8650970458984375e-05,1.6215715408325195,0.0012870851205661,0.0010958825049957,-0.0117325074111993,0.0160467484221021,/data/users/zhoushunyu/eqvae/experiments/prediction_target_toy_v4_constant_norm/seed20260807/D512/curv1/scale_constant_norm/loss_v/H512
20260807,512,1.0,constant_norm,512,v,xv_gm0p1,xv,-0.1,0.0281279387526901,2.7418136596679688e-05,1.6215715408325195,0.0031192824244499,0.0008372444895889,-0.003556136544148,0.0054011609411359,/data/users/zhoushunyu/eqvae/experiments/prediction_target_toy_v4_constant_norm/seed20260807/D512/curv1/scale_constant_norm/loss_v/H512
20260807,512,1.0,constant_norm,512,v,xeps_gm0p1,xeps,-0.1,0.0492379775855785,0.0006028413772583,1.6215715408325195,0.0040146396495401,0.0123598415548454,-0.0085017100051865,0.0300571456843078,/data/users/zhoushunyu/eqvae/experiments/prediction_target_toy_v4_constant_norm/seed20260807/D512/curv1/scale_constant_norm/loss_v/H512
20260807,512,1.0,constant_norm,512,v,xv_tan_gm0p1,xv_tangent,-0.1,0.0284115103959251,3.4689903259277344e-05,1.6215715408325195,0.0016263591824099,-0.0013984669180107,-0.0078355065389112,0.0046235470937513,/data/users/zhoushunyu/eqvae/experiments/prediction_target_toy_v4_constant_norm/seed20260807/D512/curv1/scale_constant_norm/loss_v/H512
20260807,512,1.0,constant_norm,512,v,xv_normcomp_gm0p1,xv_normal,-0.1,0.0335353801998182,0.0001289844512939,1.6215715408325195,0.0031167510896921,0.003976594867022,-0.0059388566525892,0.0141333328627514,/data/users/zhoushunyu/eqvae/experiments/prediction_target_toy_v4_constant_norm/seed20260807/D512/curv1/scale_constant_norm/loss_v/H512
20260807,512,1.0,constant_norm,512,v,xv_gm0p03,xv,-0.03,0.0278798622844674,2.777576446533203e-05,1.6215715408325195,0.001769873779267,0.0002729305642348,-0.0013633163740472,0.0016732821757379,/data/users/zhoushunyu/eqvae/experiments/prediction_target_toy_v4_constant_norm/seed20260807/D512/curv1/scale_constant_norm/loss_v/H512
20260807,512,1.0,constant_norm,512,v,xeps_gm0p03,xeps,-0.03,0.0294104663913379,5.793571472167969e-05,1.6215715408325195,0.0018152076518163,0.001558947588594,-0.0061549986109757,0.0086002745460299,/data/users/zhoushunyu/eqvae/experiments/prediction_target_toy_v4_constant_norm/seed20260807/D512/curv1/scale_constant_norm/loss_v/H512
20260807,512,1.0,constant_norm,512,v,xv_tan_gm0p03,xv_tangent,-0.03,0.0277346461995676,1.5974044799804688e-05,1.6215715408325195,0.0016176895005628,-0.0006837055746573,-0.0038188100303793,0.0019993771017323,/data/users/zhoushunyu/eqvae/experiments/prediction_target_toy_v4_constant_norm/seed20260807/D512/curv1/scale_constant_norm/loss_v/H512
20260807,512,1.0,constant_norm,512,v,xv_normcomp_gm0p03,xv_normal,-0.03,0.0286196514636148,4.112720489501953e-05,1.6215715408325195,0.0017594123492017,0.001276916500235,-0.0025135256549972,0.0053674576101832,/data/users/zhoushunyu/eqvae/experiments/prediction_target_toy_v4_constant_norm/seed20260807/D512/curv1/scale_constant_norm/loss_v/H512
20260807,512,1.0,constant_norm,512,v,xv_gm0p01,xv,-0.01,0.0281972626572678,2.694129943847656e-05,1.6215715408325195,0.0016357661224901,4.685048656164058e-05,-0.0008888483271722,0.000981809441378,/data/users/zhoushunyu/eqvae/experiments/prediction_target_toy_v4_constant_norm/seed20260807/D512/curv1/scale_constant_norm/loss_v/H512
20260807,512,1.0,constant_norm,512,v,xeps_gm0p01,xeps,-0.01,0.0276638892282704,1.132488250732422e-05,1.6215715408325195,0.0016414085403084,-0.0002674736225255,-0.0040337628349643,0.0032195076277167,/data/users/zhoushunyu/eqvae/experiments/prediction_target_toy_v4_constant_norm/seed20260807/D512/curv1/scale_constant_norm/loss_v/H512
20260807,512,1.0,constant_norm,512,v,xv_tan_gm0p01,xv_tangent,-0.01,0.0283300470197446,2.47955322265625e-05,1.6215715408325195,0.0016156535129994,-0.000234992298428,-0.0013770755614408,0.0007985669143006,/data/users/zhoushunyu/eqvae/experiments/prediction_target_toy_v4_constant_norm/seed20260807/D512/curv1/scale_constant_norm/loss_v/H512
20260807,512,1.0,constant_norm,512,v,xv_normcomp_gm0p01,xv_normal,-0.01,0.0284223076943283,3.504753112792969e-05,1.6215715408325195,0.0016382884932681,0.0004771628664217,-0.0011143162687366,0.0018322545304301,/data/users/zhoushunyu/eqvae/experiments/prediction_target_toy_v4_constant_norm/seed20260807/D512/curv1/scale_constant_norm/loss_v/H512
20260807,512,1.0,constant_norm,512,v,xv_g0p003,xv,0.003,0.0285405083637739,2.813339233398437e-05,1.6215715408325195,0.0016131019219756,-2.174597988131896e-05,-0.0003537488066858,0.0002970291217695,/data/users/zhoushunyu/eqvae/experiments/prediction_target_toy_v4_constant_norm/seed20260807/D512/curv1/scale_constant_norm/loss_v/H512
20260807,512,1.0,constant_norm,512,v,xeps_g0p003,xeps,0.003,0.0291559287695102,4.2438507080078125e-05,1.6215715408325195,0.0016169713344424,5.453158503082242e-06,-0.0018263444619235,0.0016907525939999,/data/users/zhoushunyu/eqvae/experiments/prediction_target_toy_v4_constant_norm/seed20260807/D512/curv1/scale_constant_norm/loss_v/H512
20260807,512,1.0,constant_norm,512,v,xv_tan_g0p003,xv_tangent,0.003,0.02847888147024,3.075599670410156e-05,1.6215715408325195,0.0016145358094945,0.0001133553383643,-0.0002339477683276,0.0007061845935737,/data/users/zhoushunyu/eqvae/experiments/prediction_target_toy_v4_constant_norm/seed20260807/D512/curv1/scale_constant_norm/loss_v/H512
20260807,512,1.0,constant_norm,512,v,xv_normcomp_g0p003,xv_normal,0.003,0.0285159126474998,2.7179718017578125e-05,1.6215715408325195,0.0016127421986311,-8.697382170079895e-05,-0.0007574253075387,0.0004830499852705,/data/users/zhoushunyu/eqvae/experiments/prediction_target_toy_v4_constant_norm/seed20260807/D512/curv1/scale_constant_norm/loss_v/H512
20260807,512,1.0,constant_norm,512,v,xv_g0p01,xv,0.01,0.0286226614249181,2.7179718017578125e-05,1.6215715408325195,0.0016221496043726,-0.0001007138289695,-0.0008419066601301,0.0005273483497494,/data/users/zhoushunyu/eqvae/experiments/prediction_target_toy_v4_constant_norm/seed20260807/D512/curv1/scale_constant_norm/loss_v/H512
20260807,512,1.0,constant_norm,512,v,xeps_g0p01,xeps,0.01,0.0290358803074112,5.197525024414063e-05,1.6215715408325195,0.0016256908420473,-8.362532667292866e-07,-0.0043957447522572,0.0032147895085039,/data/users/zhoushunyu/eqvae/experiments/prediction_target_toy_v4_constant_norm/seed20260807/D512/curv1/scale_constant_norm/loss_v/H512
20260807,512,1.0,constant_norm,512,v,xv_tan_g0p01,xv_tangent,0.01,0.0286906090178864,3.659725189208984e-05,1.6215715408325195,0.0016129714203998,0.0003379204137788,-0.0009845246734064,0.0013885706590834,/data/users/zhoushunyu/eqvae/experiments/prediction_target_toy_v4_constant_norm/seed20260807/D512/curv1/scale_constant_norm/loss_v/H512
20260807,512,1.0,constant_norm,512,v,xv_normcomp_g0p01,xv_normal,0.01,0.0286693143024912,2.7179718017578125e-05,1.6215715408325195,0.0016215528594329,-0.0003519381234849,-0.0020436739869132,0.0012220027159128,/data/users/zhoushunyu/eqvae/experiments/prediction_target_toy_v4_constant_norm/seed20260807/D512/curv1/scale_constant_norm/loss_v/H512
20260807,512,1.0,constant_norm,512,v,xv_g0p03,xv,0.03,0.0292440555073168,3.325939178466797e-05,1.6215715408325195,0.0016997557831928,-0.0001977214002041,-0.0019932173310074,0.0015104184987901,/data/users/zhoushunyu/eqvae/experiments/prediction_target_toy_v4_constant_norm/seed20260807/D512/curv1/scale_constant_norm/loss_v/H512
20260807,512,1.0,constant_norm,512,v,xeps_g0p03,xeps,0.03,0.0311416127397972,9.03606414794922e-05,1.6215715408325195,0.0016710660420358,0.0007486863765221,-0.01191303764695,0.0077206812538727,/data/users/zhoushunyu/eqvae/experiments/prediction_target_toy_v4_constant_norm/seed20260807/D512/curv1/scale_constant_norm/loss_v/H512
20260807,512,1.0,constant_norm,512,v,xv_tan_g0p03,xv_tangent,0.03,0.0288758713747632,3.743171691894531e-05,1.6215715408325195,0.0016211547190323,0.0008972428576382,-0.0014506168283993,0.0033423011024503,/data/users/zhoushunyu/eqvae/experiments/prediction_target_toy_v4_constant_norm/seed20260807/D512/curv1/scale_constant_norm/loss_v/H512
20260807,512,1.0,constant_norm,512,v,xv_normcomp_g0p03,xv_normal,0.03,0.0283838287742289,1.9431114196777344e-05,1.6215715408325195,0.0016983741661533,-0.0008512013991368,-0.0045012530464924,0.0024425483395181,/data/users/zhoushunyu/eqvae/experiments/prediction_target_toy_v4_constant_norm/seed20260807/D512/curv1/scale_constant_norm/loss_v/H512
20260807,512,1.0,constant_norm,512,v,xv_g0p1,xv,0.1,0.0312686446195727,5.85317611694336e-05,1.6215715408325195,0.0022113772574812,-9.28631556683479e-05,-0.0063312130173196,0.0060481281695204,/data/users/zhoushunyu/eqvae/experiments/prediction_target_toy_v4_constant_norm/seed20260807/D512/curv1/scale_constant_norm/loss_v/H512
20260807,512,1.0,constant_norm,512,v,xeps_g0p1,xeps,0.1,0.0497684924490889,0.0006437301635742,1.6215715408325195,0.0020105682779103,0.0100444095557795,-0.0192629949906344,0.0274761075141893,/data/users/zhoushunyu/eqvae/experiments/prediction_target_toy_v4_constant_norm/seed20260807/D512/curv1/scale_constant_norm/loss_v/H512
20260807,512,1.0,constant_norm,512,v,xv_tan_g0p1,xv_tangent,0.1,0.0319305838998116,0.0001082420349121,1.6215715408325195,0.0016071444842964,0.0028420653253239,-0.0038154794470974,0.0093267697194798,/data/users/zhoushunyu/eqvae/experiments/prediction_target_toy_v4_constant_norm/seed20260807/D512/curv1/scale_constant_norm/loss_v/H512
20260807,512,1.0,constant_norm,512,v,xv_normcomp_g0p1,xv_normal,0.1,0.0344843764464804,0.0001238584518432,1.6215715408325195,0.0022131660953164,-0.000102385648599,-0.012695526365579,0.0092555085170944,/data/users/zhoushunyu/eqvae/experiments/prediction_target_toy_v4_constant_norm/seed20260807/D512/curv1/scale_constant_norm/loss_v/H512
20260807,512,1.0,constant_norm,512,v,xv_g0p3,xv,0.3,0.0489725609149673,0.0004490613937377,1.6215715408325195,0.0035611717030406,0.0073889528987777,-0.0161004749895131,0.0219849674582907,/data/users/zhoushunyu/eqvae/experiments/prediction_target_toy_v4_constant_norm/seed20260807/D512/curv1/scale_constant_norm/loss_v/H512
20260807,512,1.0,constant_norm,512,v,xeps_g0p3,xeps,0.3,0.1101763234326298,0.0038070678710937,1.6215715408325195,0.0022062628995627,0.0591325268801191,0.0126509669406976,0.0904108231136008,/data/users/zhoushunyu/eqvae/experiments/prediction_target_toy_v4_constant_norm/seed20260807/D512/curv1/scale_constant_norm/loss_v/H512
20260807,512,1.0,constant_norm,512,v,xv_tan_g0p3,xv_tangent,0.3,0.0436359993076691,0.0004123449325561,1.6215715408325195,0.0015807163435965,0.0112165669301766,-0.0021410480534742,0.0232902235047599,/data/users/zhoushunyu/eqvae/experiments/prediction_target_toy_v4_constant_norm/seed20260807/D512/curv1/scale_constant_norm/loss_v/H512
20260807,512,1.0,constant_norm,512,v,xv_normcomp_g0p3,xv_normal,0.3,0.0631797222684542,0.0009613037109375,1.6215715408325195,0.0035649032797664,0.0145669045221874,-0.020846943303961,0.0363049931277115,/data/users/zhoushunyu/eqvae/experiments/prediction_target_toy_v4_constant_norm/seed20260807/D512/curv1/scale_constant_norm/loss_v/H512
20260807,512,1.0,constant_norm,512,v,xv_rms_etam0p03,xv_norm,-0.03,0.0390323660196686,0.0002839565277099,1.6215715408325195,0.0310859698802232,0.0030983945719222,-0.0105285852055668,0.0131441765370998,/data/users/zhoushunyu/eqvae/experiments/prediction_target_toy_v4_constant_norm/seed20260807/D512/curv1/scale_constant_norm/loss_v/H512
20260807,512,1.0,constant_norm,512,v,xv_rms_etam0p01,xv_norm,-0.01,0.0281713417250383,2.5153160095214844e-05,1.6215715408325195,0.0104555841535329,-0.0010622167499324,-0.0061204048800784,0.0028274870360366,/data/users/zhoushunyu/eqvae/experiments/prediction_target_toy_v4_constant_norm/seed20260807/D512/curv1/scale_constant_norm/loss_v/H512
20260807,512,1.0,constant_norm,512,v,xv_rms_eta0p01,xv_norm,0.01,0.0333578936413827,0.0001192092895507,1.6215715408325195,0.0102441115304827,0.0030828865277092,-0.0005856893701161,0.0072739884337435,/data/users/zhoushunyu/eqvae/experiments/prediction_target_toy_v4_constant_norm/seed20260807/D512/curv1/scale_constant_norm/loss_v/H512
20260807,512,1.0,constant_norm,512,v,xv_rms_eta0p03,xv_norm,0.03,0.0606992693163924,0.0005656480789184,1.6215715408325195,0.0287376213818788,0.020466662735409,0.0066865908201758,0.0313540360234556,/data/users/zhoushunyu/eqvae/experiments/prediction_target_toy_v4_constant_norm/seed20260807/D512/curv1/scale_constant_norm/loss_v/H512
