ordinal,source_batch,id,label,write_query,write_time,successor_time,read_query,read_time,quantized_input_changed_fraction,finite_recurrence_roundoff_rms,state_projection,state_rms,state_relative_norm,state_cosine,read_projection,read_rms,read_relative_norm,read_cosine,feedback_projection,feedback_rms,feedback_relative_norm,feedback_cosine
6,5046,40368,368,48,0.8965517282485962,0.8927790522575378,49,0.8927790522575378,0.23654556274414062,3.204696896109142e-08,0.00420798461631207,0.0006102286273551392,0.004207984622109754,0.9999999986222183,0.007278518025346117,0.010776996576622358,0.07431548412192732,0.09794080078122692,0.0,0.0,0.0,0.0
6,5046,40369,369,48,0.8965517282485962,0.8927790522575378,49,0.8927790522575378,0.24474334716796875,3.1906101597235953e-08,0.004207985674738606,0.0006362499971762861,0.004207985680068146,0.9999999987334702,0.011399689958471154,0.010895779791507462,0.07206174544490536,0.15819336442782614,0.0,0.0,0.0,0.0
6,5046,40370,370,48,0.8965517282485962,0.8927790522575378,49,0.8927790522575378,0.2531700134277344,3.198511684825182e-08,0.004207984662007755,0.0006998310938760438,0.004207984666394643,0.9999999989574848,0.011455301172956808,0.010950507101950526,0.06584383914558561,0.17397681121886419,0.0,0.0,0.0,0.0
6,5046,40371,371,48,0.8965517282485962,0.8927790522575378,49,0.8927790522575378,0.23146820068359375,3.21328990516111e-08,0.0042079844154778905,0.0005973761819792791,0.004207984421563996,0.9999999985536767,0.013168400190048729,0.010972969567005698,0.07729482090040446,0.1703658801023216,0.0,0.0,0.0,0.0
6,5046,40372,372,48,0.8965517282485962,0.8927790522575378,49,0.8927790522575378,0.230560302734375,3.19098111660956e-08,0.004207984483867436,0.0005849720408755381,0.004207984490143418,0.999999998508554,0.010126767309216335,0.010045546950099973,0.07226243787268821,0.14013874437861684,0.0,0.0,0.0,0.0
6,5046,40373,373,48,0.8965517282485962,0.8927790522575378,49,0.8927790522575378,0.2623291015625,3.187122930176873e-08,0.004207984350351783,0.0006989142257981106,0.0042079843547819795,0.9999999989471926,0.009070907767743067,0.010949610929519422,0.06592481563778761,0.13759473849091342,0.0,0.0,0.0,0.0
6,5046,40374,374,48,0.8965517282485962,0.8927790522575378,49,0.8927790522575378,0.22447967529296875,3.214144109051085e-08,0.004207984941377657,0.0005596789779437151,0.0042079849483415465,0.9999999983450775,0.013513209899010396,0.010458346353421506,0.07863179746616493,0.17185426677833604,0.0,0.0,0.0,0.0
6,5046,40375,375,48,0.8965517282485962,0.8927790522575378,49,0.8927790522575378,0.2537078857421875,3.209681871154955e-08,0.004207984449442709,0.0006915451751466411,0.0042079844539750595,0.9999999989229167,0.011930868188893502,0.011225754824167662,0.06830761529673943,0.1746638077916183,0.0,0.0,0.0,0.0
6,5046,40368,368,48,0.8965517282485962,0.8927790522575378,50,0.8888888955116272,0.23820114135742188,3.194401745263547e-08,0.004221364295042647,0.0006139501427611231,0.0042336472654164094,0.9970987260856379,0.012983673815915694,0.011186374158421438,0.077138449960671,0.16831649874395213,3.17152892515771e-05,4.695921412110405e-05,0.0003238190442562837,0.09794139601769784
6,5046,40369,369,48,0.8965517282485962,0.8927790522575378,50,0.8888888955116272,0.2468109130859375,3.1821815801715344e-08,0.0042393215943478816,0.0006426999796367151,0.004250644122426702,0.997336279454899,0.011216685273232944,0.01084385309955481,0.07171831632566007,0.1563991717582992,4.96715354843346e-05,4.747683340846404e-05,0.00031399895639204847,0.15819012921277484
6,5046,40370,370,48,0.8965517282485962,0.8927790522575378,50,0.8888888955116272,0.2562103271484375,3.183405293948753e-08,0.004239564179509104,0.0007066470223188585,0.004248967873093498,0.997786828739294,0.009165942124613845,0.010508189274903322,0.06318424506613578,0.14506689310000828,4.9915129822039396e-05,4.77153023413586e-05,0.00028690531524223055,0.17397771031148962
6,5046,40371,371,48,0.8965517282485962,0.8927790522575378,50,0.8888888955116272,0.23442459106445312,3.1903894901772304e-08,0.004247027823538009,0.0006047569120825702,0.004259975107217905,0.9969607137708486,0.012660769015034275,0.010812348518999005,0.0761633883321557,0.1662316933671526,5.737901812224429e-05,4.781309924770456e-05,0.00033680080132155794,0.1703648503717844
6,5046,40372,372,48,0.8965517282485962,0.8927790522575378,50,0.8888888955116272,0.23302078247070312,3.191797630395097e-08,0.004233774530482311,0.0005901508112620089,0.004245237869692407,0.9972997180459698,0.00997637034148502,0.010540068499199423,0.07581976858808036,0.13158006846058098,4.412565669823651e-05,4.377194768009985e-05,0.0003148726162459771,0.14013812069248266
6,5046,40373,373,48,0.8965517282485962,0.8927790522575378,50,0.8888888955116272,0.2644920349121094,3.1697161404308384e-08,0.004229174012187073,0.000704021548514582,0.004238734242668713,0.9977445553473482,0.01127306136636107,0.010904497966844364,0.06565320199175297,0.17170619291009048,3.9525271624343615e-05,4.7711347055504944e-05,0.0002872578558919366,0.13759509379340562
6,5046,40374,374,48,0.8965517282485962,0.8927790522575378,50,0.8888888955116272,0.226226806640625,3.190843274313234e-08,0.004248530721307056,0.0005668522070780896,0.004261917365705787,0.9968590089271909,0.013512122808994862,0.011123200809879306,0.08363055149457435,0.16156921803716048,5.888139242460027e-05,4.557073968036513e-05,0.00034262674536089503,0.17185287845109526
6,5046,40375,375,48,0.8965517282485962,0.8927790522575378,50,0.8888888955116272,0.2564125061035156,3.191128133364724e-08,0.004241635956704166,0.0006987373704212164,0.0042517482556658865,0.9976216138977079,0.010723969779539747,0.011527245299461076,0.07014215522073965,0.1528890828317303,5.1987118209963596e-05,4.8914657766141094e-05,0.0002976408871738361,0.17466390019056993
6,5046,40368,368,48,0.8965517282485962,0.8927790522575378,51,0.8848758339881897,0.24084091186523438,3.192761483876666e-08,0.00426092262663934,0.0006217651595163959,0.004287537674442696,0.9937924632214885,0.009743417930552082,0.010971822657854414,0.07565895625197748,0.12878076057647733,9.018862309836218e-05,7.039692504680114e-05,0.00048543966107370695,0.18578750425723528
6,5046,40369,369,48,0.8965517282485962,0.8927790522575378,51,0.8848758339881897,0.24852752685546875,3.1757520519224405e-08,0.0042708223844422155,0.0006495635649841344,0.0042960380225980895,0.9941304899949129,0.00886696917798017,0.011026567132865126,0.07292673760523499,0.12158735560033691,0.00010008732943763363,7.18857822902196e-05,0.0004754331533520277,0.2105181953171983
6,5046,40370,370,48,0.8965517282485962,0.8927790522575378,51,0.8848758339881897,0.2571525573730469,3.1677365628936515e-08,0.004261805027197298,0.0007120735966654558,0.004281597091545424,0.9953774108294291,0.009924154361530678,0.011180513463933978,0.06722683463245234,0.14762191936878732,9.107097593306867e-05,7.004506307725526e-05,0.00042117098534913405,0.21623278692280867
6,5046,40371,371,48,0.8965517282485962,0.8927790522575378,51,0.8848758339881897,0.23737335205078125,3.183412523570103e-08,0.00428501372416105,0.0006123348398858091,0.004313354875453914,0.9934294413255572,0.014591989358314354,0.011183051293840222,0.07877466000420992,0.18523709727892854,0.00011427991760527461,7.193280292070066e-05,0.0005067026828669925,0.2255364367890522
6,5046,40372,372,48,0.8965517282485962,0.8927790522575378,51,0.8848758339881897,0.23604965209960938,3.172685699962885e-08,0.0042597006958788744,0.0005957964797507122,0.004285849871253025,0.993898718769982,0.00861181702454979,0.010248373572101946,0.07372146705687802,0.11681559481047157,8.896682187753259e-05,6.686799041555292e-05,0.000481013530380973,0.18495700486235586
6,5046,40373,373,48,0.8965517282485962,0.8927790522575378,51,0.8848758339881897,0.2662239074707031,3.171371218295957e-08,0.004260974178687388,0.0007112787778946223,0.0042824281704255856,0.9949902272999326,0.00807602803287764,0.01087784589357988,0.06549273665397654,0.123311812049425,9.024043587677596e-05,7.267057840053963e-05,0.0004375310240870114,0.2062492278463662
6,5046,40374,374,48,0.8965517282485962,0.8927790522575378,51,0.8848758339881897,0.22797012329101562,3.182797858651309e-08,0.004290353360069401,0.0005748494561987311,0.004322045234098196,0.9926673895546565,0.01570183323764174,0.011320290776634673,0.08511238598588006,0.18448352793501333,0.0001196190322289035,7.12846835582885e-05,0.0005359588036746566,0.22318699013574916
6,5046,40375,375,48,0.8965517282485962,0.8927790522575378,51,0.8848758339881897,0.2575035095214844,3.172607824850848e-08,0.00427090201536655,0.0007058328819745095,0.004294923746410834,0.9944069481875297,0.010148533827160501,0.011437520752936024,0.06959619016959556,0.14582024967789234,0.0001001681742394776,7.634336956555783e-05,0.0004645419039006658,0.21562785487893643
6,5046,40368,368,48,0.8965517282485962,0.8927790522575378,52,0.8807339668273926,0.24400711059570312,3.1688333859236617e-08,0.004286584936543621,0.0006279874549540746,0.004330445073968444,0.9898716790824852,0.008773496271202335,0.010999801212079056,0.07585188939317808,0.11566615336006911,0.00013537314649076222,9.128806782647023e-05,0.0006294997782402282,0.21504875961862763
6,5046,40369,369,48,0.8965517282485962,0.8927790522575378,52,0.8807339668273926,0.25144195556640625,3.176923714617276e-08,0.00429233593505014,0.0006552836636299633,0.004333869210491291,0.9904165830983989,0.01193964850179873,0.011045697191666077,0.07305325864861499,0.16343758954310647,0.0001411231008217228,9.298412435182149e-05,0.0006149718907389316,0.22947894521187553
6,5046,40370,370,48,0.8965517282485962,0.8927790522575378,52,0.8807339668273926,0.26042938232421875,3.1439819426974956e-08,0.004288309266831913,0.0007187236768597227,0.004321583076353247,0.9923005507626589,0.007138503992974307,0.010925409159877537,0.06569292879546633,0.10866472425365449,0.00013709743234572634,9.188990235118699e-05,0.0005525208917893326,0.24813076642538864
6,5046,40371,371,48,0.8965517282485962,0.8927790522575378,52,0.8807339668273926,0.23961257934570312,3.1746403444863105e-08,0.004333258242289591,0.0006220873257349197,0.004382052472985521,0.9888649825631395,0.013126831613800616,0.01085356584613952,0.07645372777945529,0.1716964233799999,0.00018204664999697757,9.611588064065278e-05,0.0006770509782641458,0.26888174722635666
6,5046,40372,372,48,0.8965517282485962,0.8927790522575378,52,0.8807339668273926,0.23706436157226562,3.1577542583693494e-08,0.0042800718539045424,0.0006008201565205039,0.00432198758802174,0.990301745837178,0.00984268327786297,0.010639844478460435,0.07653750506757227,0.12859947902891805,0.00012886019409436583,8.537443594438037e-05,0.0006141392702649394,0.2098224300797042
6,5046,40373,373,48,0.8965517282485962,0.8927790522575378,52,0.8807339668273926,0.26763153076171875,3.16179735355099e-08,0.004278831242728505,0.0007161536087816146,0.004311778284284331,0.9923588275222981,0.00918115629048048,0.010927519397259023,0.0657918081546179,0.1395486238788842,0.00012761971566537886,9.086970855018344e-05,0.0005471033465746404,0.23326436671315062
6,5046,40374,374,48,0.8965517282485962,0.8927790522575378,52,0.8807339668273926,0.2317962646484375,3.1702669701918614e-08,0.004343767541326928,0.0005849961554794609,0.004398333891580973,0.9875938590386482,0.014477747588098609,0.011040345711118144,0.08300759972718569,0.1744147239009614,0.0001925554303135535,9.536510759866489e-05,0.0007170091305671849,0.26855366564332855
6,5046,40375,375,48,0.8965517282485962,0.8927790522575378,52,0.8807339668273926,0.260498046875,3.160407215691211e-08,0.004298413694272809,0.0007132240187361302,0.004339898087506496,0.9904411595854958,0.009497264847899149,0.011256943469992379,0.06849739514263758,0.1386514746746535,0.0001472020686044117,0.00010130977275503581,0.000616460014631059,0.23878607713512395
6,5046,40368,368,48,0.8965517282485962,0.8927790522575378,53,0.8764568567276001,0.24432373046875,3.155869375370876e-08,0.004308374962364549,0.000633827609588498,0.00437071732569631,0.9857363543130008,0.006952007503708045,0.011018584971983214,0.07598141752292953,0.09149615432760361,0.00017732271446479098,0.00010972691146975663,0.0007566494513663949,0.2343525316043947
6,5046,40369,369,48,0.8965517282485962,0.8927790522575378,53,0.8764568567276001,0.2543754577636719,3.166053376346042e-08,0.004329473317532315,0.0006641014938234571,0.004392187958386254,0.9857213212530684,0.009344562596179369,0.011589473452183955,0.07664964800433273,0.1219126615643578,0.00019842003006664008,0.0001157792477177379,0.000765732681504933,0.25912441098462097
6,5046,40370,370,48,0.8965517282485962,0.8927790522575378,53,0.8764568567276001,0.2626953125,3.1438310397078543e-08,0.004302151246475626,0.0007236734002316704,0.004351345057828938,0.988694573585976,0.010728386622197552,0.011259520330960058,0.0677018916682069,0.15846509392640273,0.00017109895254370202,0.00011217910163994133,0.0006745169566221215,0.2536614548588068
6,5046,40371,371,48,0.8965517282485962,0.8927790522575378,53,0.8764568567276001,0.24237060546875,3.1372927204480575e-08,0.004375962734724388,0.0006311240506031457,0.004445708170374498,0.9843117377530799,0.011290596454723904,0.010919399344028443,0.07691746627772582,0.14678846042532082,0.00024491068422946696,0.00011665598414197759,0.0008217377571452713,0.29803995508286024
6,5046,40372,372,48,0.8965517282485962,0.8927790522575378,53,0.8764568567276001,0.24058914184570312,3.1468742638886835e-08,0.004307086092082988,0.0006074497287467383,0.004369677281126603,0.9856760156375947,0.009431858366901507,0.010519999735770379,0.07567540434612553,0.12463571814908188,0.00017603397424326744,0.00010532857071972947,0.0007576789333285382,0.2323332040788537
6,5046,40373,373,48,0.8965517282485962,0.8927790522575378,53,0.8764568567276001,0.2701988220214844,3.1373095263246325e-08,0.0043026380505185695,0.000722763049769055,0.004351572043292806,0.9887548701279899,0.010291825082659021,0.011292987466813197,0.0679921982197939,0.15136773559503572,0.00017158606256813933,0.00011178000100266916,0.0006729988860358627,0.25495742434110935
6,5046,40374,374,48,0.8965517282485962,0.8927790522575378,53,0.8764568567276001,0.23600387573242188,3.168380242982582e-08,0.004392981734024037,0.0005952291261599705,0.0044752711865256745,0.9816124098245939,0.013475439949629686,0.011072678783081956,0.0832506981559622,0.16186578909386132,0.00026192916606321824,0.00011884119174926532,0.000893515686369359,0.29314445180869797
6,5046,40375,375,48,0.8965517282485962,0.8927790522575378,53,0.8764568567276001,0.26297760009765625,3.1562655088738304e-08,0.004323661072596427,0.0007205259311717441,0.0043843295073437245,0.9861624372334064,0.010018522388381228,0.012196467345671055,0.07421430562813976,0.13499449066572575,0.00019260898727832768,0.0001235729384402454,0.0007519291907116638,0.256153092149585
6,5046,40368,368,48,0.8965517282485962,0.8927790522575378,54,0.8720378875732422,0.2481231689453125,3.1464361590874926e-08,0.004321703593412204,0.0006387968410539972,0.00440498390817566,0.9810940706028715,0.008932757819430967,0.0113060694266698,0.07796383871752341,0.1145756541285237,0.0002114795803714031,0.00012737436600889236,0.0008783419023448482,0.24077136682974004
6,5046,40369,369,48,0.8965517282485962,0.8927790522575378,54,0.8720378875732422,0.2575950622558594,3.1319870038123666e-08,0.004354758462100371,0.0006723098660059581,0.004446475915563349,0.9793730011801136,0.009502757430016075,0.010965383811037784,0.07252208763548872,0.1310325962729994,0.00024453341353859964,0.00014078910813555742,0.000931141145105332,0.26261691347656824
6,5046,40370,370,48,0.8965517282485962,0.8927790522575378,54,0.8720378875732422,0.2665367126464844,3.129228040746314e-08,0.00433455111914506,0.0007323009633922382,0.00440322136599202,0.9844045435968016,0.009557928188656174,0.011136223490381457,0.06696052533122966,0.14273974317519966,0.00022432706041977245,0.0001341194517489733,0.0008064411561068752,0.2781691617807798
6,5046,40371,371,48,0.8965517282485962,0.8927790522575378,54,0.8720378875732422,0.2451934814453125,3.139712467685193e-08,0.004410825909684772,0.000639528956527665,0.0045049132646886115,0.9791145024386297,0.012660783690979482,0.011391524698540077,0.08024316990760244,0.1577802036679008,0.0003006020914745407,0.00013684628862595632,0.0009639605127524963,0.3118406692989948
6,5046,40372,372,48,0.8965517282485962,0.8927790522575378,54,0.8720378875732422,0.2427825927734375,3.133778759898052e-08,0.004332924511989289,0.000613924067134449,0.004416250302768202,0.98113200451372,0.007959336105074582,0.010494959828575475,0.07549528028249836,0.1054282608832138,0.00022270062676822604,0.00012266651618826274,0.0008823990917712274,0.25238084314117115
6,5046,40373,373,48,0.8965517282485962,0.8927790522575378,54,0.8720378875732422,0.2724342346191406,3.12868287305563e-08,0.004332834750734204,0.0007307822772358863,0.004399853767247314,0.9847678991033741,0.009987966743792352,0.011169415213600596,0.067248201189815,0.14852392431435127,0.00022261099737894155,0.0001323343072811426,0.0007967511235074142,0.2793984103831264
6,5046,40374,374,48,0.8965517282485962,0.8927790522575378,54,0.8720378875732422,0.23875808715820312,3.1358342476528956e-08,0.004438773881891121,0.0006048649801984341,0.004547719018865644,0.9760440043629395,0.014167457720085968,0.011161170118227481,0.08391602635485065,0.1688289869705805,0.00032854954950960435,0.0001386677337139115,0.001042582907853035,0.31513038151198763
6,5046,40375,375,48,0.8965517282485962,0.8927790522575378,54,0.8720378875732422,0.2652854919433594,3.1340913321825613e-08,0.004352373562413835,0.0007299055209244394,0.004441403389546195,0.9799545730653714,0.009129383747826696,0.011804574079144826,0.07182967360057887,0.12709766438021408,0.0002421497109695239,0.00015075951096933372,0.000917356813766095,0.2639645853562783
6,5046,40368,368,48,0.8965517282485962,0.8927790522575378,55,0.8674699068069458,0.251190185546875,3.121381187678553e-08,0.004345858100272523,0.0006453226359974014,0.004449984164699031,0.9766008011326148,0.01030404744349037,0.011768288442518956,0.08115118592404508,0.12697346719165176,0.0002571645532676009,0.00014370646221413013,0.0009909639698744022,0.2595094888265158
6,5046,40369,369,48,0.8965517282485962,0.8927790522575378,55,0.8674699068069458,0.2590789794921875,3.125527989248018e-08,0.004381725393581027,0.000680379435624948,0.004499845870065077,0.9737501061381149,0.011699490893701842,0.012166358466523768,0.08046500971774935,0.14539848978755684,0.0002930308195487941,0.00016108104571456008,0.0010653465409909703,0.2750568085350152
6,5046,40370,370,48,0.8965517282485962,0.8927790522575378,55,0.8674699068069458,0.2690277099609375,3.116511704394462e-08,0.004361912903762144,0.0007404453157525532,0.004452192196453563,0.9797225077652011,0.0113475640740409,0.011526997757425992,0.06931019532751061,0.16372142684666222,0.00027321931419253684,0.0001551577239353442,0.0009329412895567417,0.2928579935853719
6,5046,40371,371,48,0.8965517282485962,0.8927790522575378,55,0.8674699068069458,0.24906539916992188,3.1283442836745935e-08,0.004454041489948003,0.0006502485515709593,0.004580423287197714,0.9724082711737694,0.012840015231742712,0.01136672895607254,0.08006850593342324,0.16036286779747272,0.0003653481387841351,0.00016031532264133968,0.0011292790046928299,0.3235233607159037
6,5046,40372,372,48,0.8965517282485962,0.8927790522575378,55,0.8674699068069458,0.24414825439453125,3.128601060088558e-08,0.004351919797487611,0.000619954420923389,0.0044596295302197515,0.9758478295108891,0.00871940323417333,0.010734225241157887,0.07721643116633822,0.11292160363368971,0.00026322638021558816,0.000140286375831211,0.00100914719409943,0.2608404222443418
6,5046,40373,373,48,0.8965517282485962,0.8927790522575378,55,0.8674699068069458,0.2755928039550781,3.119946786079702e-08,0.00436245822156403,0.0007391710599982396,0.004450360489412452,0.9802482814465155,0.011716515745311452,0.011178356369521827,0.06730203360993386,0.17408858420560536,0.0002737649346728951,0.00015309491210392724,0.0009217454319153304,0.2970070967469059
6,5046,40374,374,48,0.8965517282485962,0.8927790522575378,55,0.8674699068069458,0.24142074584960938,3.1269675380659955e-08,0.004489735062716899,0.0006161626103924297,0.00463266102970001,0.9691481923527726,0.014043624869913498,0.01157798752584787,0.08704989674590495,0.16132844948577318,0.00040104120080157116,0.00016096573524510812,0.001210231968330715,0.33137548114410764
6,5046,40375,375,48,0.8965517282485962,0.8927790522575378,55,0.8674699068069458,0.267730712890625,3.128516915789423e-08,0.004377396827142797,0.0007391880371971101,0.004497886589159127,0.9732119163905253,0.011169970391996705,0.011923610435287404,0.0725539981336791,0.15395389198836826,0.00028870344444837433,0.00017644524800596782,0.0010736520002897062,0.26889852984996326
6,5046,40368,368,48,0.8965517282485962,0.8927790522575378,56,0.8627451062202454,0.25281524658203125,3.1209668035772094e-08,0.004378310255286711,0.0006543601480626146,0.004512304596890778,0.970304677193912,0.009296114862267946,0.011256228383691853,0.07762014729925919,0.11976420022017491,0.000311886363428517,0.0001646158114743954,0.0011351496343963525,0.27475352497855604
6,5046,40369,369,48,0.8965517282485962,0.8927790522575378,56,0.8627451062202454,0.2628593444824219,3.0972511274393135e-08,0.004421583291941634,0.0006928878528515012,0.0045825731640584,0.9648691103549799,0.010220673675403455,0.011534941057329044,0.07628898546968801,0.13397312354434765,0.00035515837807936534,0.0001897984017403515,0.0012552753794385205,0.2829326408347356
6,5046,40370,370,48,0.8965517282485962,0.8927790522575378,56,0.8627451062202454,0.2719573974609375,3.101851653200669e-08,0.0043999616616789495,0.0007514870582141907,0.004518584620819148,0.9737477619443822,0.010601684132343121,0.01135987036860672,0.06830528214825904,0.1552103116905628,0.000333537726770639,0.00017982986659223797,0.0010812913684483479,0.3084623964484849
6,5046,40371,371,48,0.8965517282485962,0.8927790522575378,56,0.8627451062202454,0.2523651123046875,3.117403590289377e-08,0.004499716712366269,0.0006621154426338601,0.004664014990769879,0.9647732096211618,0.010541358113724487,0.011431246358570938,0.08052297370904414,0.13091118755516734,0.000433293015735614,0.00018473291578746532,0.0013012792528958098,0.3329746591835555
6,5046,40372,372,48,0.8965517282485962,0.8927790522575378,56,0.8627451062202454,0.24578857421875,3.108581965328766e-08,0.004375707510189768,0.000627123858400019,0.004511202733033954,0.9699647231874549,0.010598125199830787,0.010622078182461324,0.07640970357829141,0.13870129975012488,0.0003092837469054881,0.00015848849488123872,0.0011400837676416812,0.27128159849627237
6,5046,40373,373,48,0.8965517282485962,0.8927790522575378,56,0.8627451062202454,0.2792854309082031,3.0944654211912336e-08,0.004402513250721983,0.0007499006525641564,0.004514960630579997,0.9750944938265014,0.010270008913059408,0.011287402633231431,0.06795857336073582,0.15112160843260247,0.0003360896160856408,0.00017543814741108915,0.0010562683549541132,0.3181858232420882
6,5046,40374,374,48,0.8965517282485962,0.8927790522575378,56,0.8627451062202454,0.24533462524414062,3.121160961869477e-08,0.004541770922993758,0.0006289163464021527,0.004728550872411653,0.9604995368649523,0.013327074728636605,0.011336025731020922,0.0852306903243125,0.15636473995371344,0.00047534671831096705,0.00018608517259092135,0.0013990941883310895,0.3397531933700509
6,5046,40375,375,48,0.8965517282485962,0.8927790522575378,56,0.8627451062202454,0.2725715637207031,3.0991480082968555e-08,0.004414393455712528,0.0007509015869337514,0.0045691623885777246,0.9661275044082264,0.009765022029497627,0.012034257451105488,0.07322727435506622,0.1333522531802665,0.00034796972545204756,0.00020204318281654636,0.001229412918893383,0.28303731000749643
6,5046,40368,368,48,0.8965517282485962,0.8927790522575378,57,0.8578553795814514,0.25621795654296875,3.105997560444634e-08,0.004406182543062586,0.000662391873803229,0.00456768937710339,0.9646414585785112,0.011385567973139025,0.011555814895482939,0.07968602126533703,0.14288036712521476,0.0003628055865226221,0.0001823392719765832,0.001257366203564898,0.28854408961684497
6,5046,40369,369,48,0.8965517282485962,0.8927790522575378,57,0.8578553795814514,0.2655220031738281,3.0823214110321045e-08,0.004454450567522715,0.000704451790398854,0.004659053924483426,0.9560847845341481,0.009571649365311852,0.01212183340071364,0.08017053295521163,0.11939111556934748,0.000411072594224659,0.0002156204999890167,0.001426055764730357,0.288258428871739
6,5046,40370,370,48,0.8965517282485962,0.8927790522575378,57,0.8578553795814514,0.2758331298828125,3.0779509971463616e-08,0.004435110898389904,0.0007623937813109587,0.004584165192979238,0.9674849643687332,0.010358470460672184,0.0115798941164712,0.06962825359859647,0.14876820723363635,0.00039173389821332036,0.000203539362769225,0.0012238531911992177,0.3200824257601288
6,5046,40371,371,48,0.8965517282485962,0.8927790522575378,57,0.8578553795814514,0.25519561767578125,3.0880742688416447e-08,0.004533957787132084,0.000673062219137785,0.00474112530481393,0.9563041463022509,0.012163911348045172,0.011425190829407164,0.08048031788654206,0.151141442621951,0.0004905810239940552,0.00020874601008050346,0.0014704301660839701,0.33363095732765335
6,5046,40372,372,48,0.8965517282485962,0.8927790522575378,57,0.8578553795814514,0.24946975708007812,3.088472371938868e-08,0.0044109741535020425,0.0006366445237082997,0.004579689445481148,0.9631601020139958,0.008747482171466243,0.010730979577658539,0.07719308355190346,0.1133195069942318,0.0003675973249867668,0.0001786754402664202,0.0012852981490966912,0.28600159834129896
6,5046,40373,373,48,0.8965517282485962,0.8927790522575378,57,0.8578553795814514,0.2818603515625,3.083741301977085e-08,0.004435768193958621,0.0007603564105808524,0.004577912083744941,0.9689500612536799,0.012678894272236172,0.013726628769195828,0.0826445320077965,0.15341479907031322,0.00039239149218372657,0.00019897916527548542,0.0011980028213772322,0.3275380367907904
6,5046,40374,374,48,0.8965517282485962,0.8927790522575378,57,0.8578553795814514,0.25031280517578125,3.097896678253289e-08,0.004591563371886984,0.0006414746523408093,0.0048229713606720665,0.9520196220379717,0.01150324905678913,0.011620352051096048,0.08736841734720202,0.13166369960755073,0.000548186103189796,0.00020941719992047762,0.0015745176430010987,0.3481612960175725
6,5046,40375,375,48,0.8965517282485962,0.8927790522575378,57,0.8578553795814514,0.27451324462890625,3.096068975718375e-08,0.0044447187349112545,0.000762887785774333,0.004642097231008988,0.9574807492658158,0.009276372767392987,0.011740332675310343,0.07143877096926529,0.12985067690181723,0.00040134193824536014,0.00022976140320936703,0.0013980755669700052,0.2870674144711455
6,5046,40368,368,48,0.8965517282485962,0.8927790522575378,58,0.8527919054031372,0.2596626281738281,3.0990954372353574e-08,0.004447378587115032,0.0006736802266112837,0.004645531046431694,0.9573455742010666,0.008008115639517385,0.011562167583972055,0.07972982782286796,0.10044064885363407,0.0004278674668302347,0.0002043067043548115,0.0014088481457272465,0.30370020227365935
6,5046,40369,369,48,0.8965517282485962,0.8927790522575378,58,0.8527919054031372,0.2702980041503906,3.0552658467811134e-08,0.004484654320494471,0.000717448340138924,0.004745009595114816,0.9451307169350317,0.006991559303578589,0.011630669176276828,0.07692210539974677,0.09089141888726313,0.00046514218887279207,0.0002447091985935704,0.0016184405627233155,0.2874014650807486
6,5046,40370,370,48,0.8965517282485962,0.8927790522575378,58,0.8527919054031372,0.2803192138671875,3.072438674749188e-08,0.004470073860011478,0.0007744813602074696,0.004656846082833157,0.9598929791752857,0.011012151267316878,0.01167236006902984,0.07018423819821652,0.15690348075327135,0.00045056269688425923,0.0002297046014082213,0.0013811810435180442,0.3262155233007098
6,5046,40371,371,48,0.8965517282485962,0.8927790522575378,58,0.8527919054031372,0.2597389221191406,3.072670877776406e-08,0.004578994387559872,0.000686472267186269,0.004835587178224214,0.9469365805625758,0.009088417039528717,0.01151691131996302,0.0811264072470493,0.11202785070775187,0.0005594834595120034,0.0002345062516040534,0.0016518881791364292,0.3386933005383507
6,5046,40372,372,48,0.8965517282485962,0.8927790522575378,58,0.8527919054031372,0.2527885437011719,3.066130802423985e-08,0.004436570071554254,0.0006454543859668676,0.004643063010632857,0.9555265697222451,0.00828999759715275,0.010789862484347634,0.07761665654474499,0.10680694023935022,0.0004170590778411414,0.00019898154482059216,0.0014313696996126695,0.2913706207096588
6,5046,40373,373,48,0.8965517282485962,0.8927790522575378,58,0.8527919054031372,0.28620147705078125,3.0594091330778954e-08,0.004484422489751279,0.0007778437655536587,0.0046831989893706735,0.9575554017519748,0.010178226692660521,0.013276205395772876,0.07993264771866572,0.12733503747410235,0.0004649116240726137,0.0002371372900996567,0.0014277431619527476,0.325626930992789
6,5046,40374,374,48,0.8965517282485962,0.8927790522575378,58,0.8527919054031372,0.2533988952636719,3.078131741857595e-08,0.004632359386366043,0.0006537226779107159,0.004915058984606822,0.9424829693547627,0.01459521799578014,0.012438543492030113,0.09352004605579123,0.15606512840116732,0.0006128479551451287,0.0002332176779085576,0.0017534631762157601,0.3495071715550638
6,5046,40375,375,48,0.8965517282485962,0.8927790522575378,58,0.8527919054031372,0.2787017822265625,3.0769839288497386e-08,0.004473236949801412,0.0007744687641694239,0.004712566346837943,0.9492146360555502,0.01095323969346265,0.012146114643866902,0.07390791438426679,0.14820117418702766,0.0004537259895141155,0.00025482414171694494,0.0015505798686471393,0.29261697426136807
6,5046,40368,368,48,0.8965517282485962,0.8927790522575378,59,0.8475452661514282,0.26153564453125,3.074765822706018e-08,0.0044692848266660035,0.0006827546626682002,0.004708106097273418,0.9492744501349021,0.009605699382338047,0.011950672541673719,0.08240886124466541,0.11656148668065543,0.00047450311059761243,0.00022544917930280133,0.00155464138692618,0.3052170838805435
6,5046,40369,369,48,0.8965517282485962,0.8927790522575378,59,0.8475452661514282,0.2733001708984375,3.055906550533985e-08,0.004500077491124376,0.0007278658340431372,0.004813908086848689,0.9348075222745365,0.011995280797425692,0.012213034038230807,0.08077370934560617,0.14850476590225084,0.0005052947705533322,0.00026955882412332447,0.0017827892760409337,0.2834293302882367
6,5046,40370,370,48,0.8965517282485962,0.8927790522575378,59,0.8475452661514282,0.2837715148925781,3.0643435705984414e-08,0.0045103227185490005,0.0007880071896533896,0.00473817496834104,0.9519113896564658,0.010282815507216549,0.011913584092755069,0.07163468388701807,0.14354520672464421,0.0005155409597102983,0.0002561973186269204,0.001540477977882554,0.33466298584737253
6,5046,40371,371,48,0.8965517282485962,0.8927790522575378,59,0.8475452661514282,0.2626686096191406,3.0602635212843483e-08,0.004606737203490053,0.0006982191239374371,0.004918333346723067,0.9366459893490908,0.011267537533283998,0.011265982417939286,0.07935883608755392,0.141982141986721,0.0006119556783424942,0.0002595417287499593,0.0018282408711157816,0.33472377081747196
6,5046,40372,372,48,0.8965517282485962,0.8927790522575378,59,0.8475452661514282,0.2557525634765625,3.061556174686259e-08,0.004460278030064528,0.0006541696261907859,0.004705755914100913,0.9478345480476783,0.010599600473258263,0.011180878594885807,0.08042942299094669,0.13178759810885846,0.0004654964396494168,0.00021833495283686305,0.0015705880469408498,0.29638353644426274
6,5046,40373,373,48,0.8965517282485962,0.8927790522575378,59,0.8475452661514282,0.2881278991699219,3.055171737773794e-08,0.00451945234409221,0.0007946268465368267,0.004784245640870096,0.9446530724685515,0.01313403721602278,0.01610658362003115,0.09697363335920527,0.1354392607666074,0.000524670880639297,0.00027487346903955754,0.0016549430739405532,0.31703258492753666
6,5046,40374,374,48,0.8965517282485962,0.8927790522575378,59,0.8475452661514282,0.2577056884765625,3.069010367117973e-08,0.00469365307690742,0.0006720743306674838,0.005053037149985469,0.9288776111453915,0.014564834270846863,0.012776410769520326,0.09606032445509702,0.15162174762021682,0.0006988710519390157,0.000265716106256909,0.0019978048483597723,0.3498194793714708
6,5046,40375,375,48,0.8965517282485962,0.8927790522575378,59,0.8475452661514282,0.28360748291015625,3.055054103340979e-08,0.0045131040040579835,0.0007895860899068221,0.004804553788837173,0.939338844440385,0.010976850774319992,0.012482059307388514,0.07595210465888633,0.1445233258988526,0.0005183224458740714,0.00028390078447729147,0.0017275083833799326,0.3000404807645302
6,5046,40368,368,48,0.8965517282485962,0.8927790522575378,60,0.8421052694320679,0.26633453369140625,3.052770970225419e-08,0.004502253333690587,0.0006938212717353869,0.004784418676995313,0.9410241113175466,0.009773580593756897,0.011983632454097842,0.08263614459128245,0.11827246590577198,0.0005331122177772337,0.0002471499645713998,0.0017042845970354037,0.3128070386275745
6,5046,40369,369,48,0.8965517282485962,0.8927790522575378,60,0.8421052694320679,0.2779121398925781,3.0306222247680604e-08,0.0045481860360275135,0.0007445837591181408,0.004924475929093528,0.9235878297540423,0.010411291100366645,0.012177382706600494,0.08053792106483364,0.129271912692972,0.0005790439218907647,0.0002985880996716065,0.0019747810659852213,0.29321930003510477
6,5046,40370,370,48,0.8965517282485962,0.8927790522575378,60,0.8421052694320679,0.28882598876953125,3.0311948616777996e-08,0.004547373495639969,0.0008025381042762991,0.004825547287829209,0.9423539392327915,0.00985489162018596,0.011620714353635377,0.06987369986923027,0.14103864026993768,0.0005782323376876298,0.0002852428368030502,0.0017151245407206,0.33713723053877404
6,5046,40371,371,48,0.8965517282485962,0.8927790522575378,60,0.8421052694320679,0.2671356201171875,3.039607514731017e-08,0.004649489663810768,0.0007121887136282407,0.005016736693839745,0.9267956338071449,0.010891660575806162,0.011599943725088886,0.08171129676523693,0.13329442815108872,0.0006803487371269659,0.0002843778484954336,0.0020031892673420624,0.339632778698784
6,5046,40372,372,48,0.8965517282485962,0.8927790522575378,60,0.8421052694320679,0.2597923278808594,3.0452320450843235e-08,0.004499683355323942,0.0006656761222395878,0.004788527659630469,0.9396799340345009,0.006710120302481378,0.010627875293158973,0.07645140497630497,0.08776974477527372,0.0005305423638116657,0.00023934469056094667,0.0017217211683676487,0.30814650685550266
6,5046,40373,373,48,0.8965517282485962,0.8927790522575378,60,0.8421052694320679,0.2933616638183594,3.0431527808710764e-08,0.004574745412672141,0.0008248232097254379,0.004966050244609403,0.9212040127137215,0.014470405797371499,0.020384147294371595,0.12272775361287971,0.1179065482043737,0.0006056045484485559,0.0003363162545678319,0.0020248744198391963,0.29908252211346986
6,5046,40374,374,48,0.8965517282485962,0.8927790522575378,60,0.8421052694320679,0.26207733154296875,3.046175116650551e-08,0.004757011206712209,0.0006931234131328303,0.005211296126436583,0.9128268843868199,0.017216742559586953,0.01330213169395038,0.10001299343894501,0.17214505803285718,0.0007878697833129758,0.00030181043468541284,0.002269182542954753,0.34720423253700566
6,5046,40375,375,48,0.8965517282485962,0.8927790522575378,60,0.8421052694320679,0.28934478759765625,3.047585477584258e-08,0.004554591544044506,0.0008069030082220224,0.00490992553558628,0.9276294540586459,0.012273898895171184,0.012868081342381904,0.07830101081935453,0.1567527515511627,0.0005854505864108404,0.0003163648773486072,0.001925049199257842,0.30412240198149076
6,5046,40368,368,48,0.8965517282485962,0.8927790522575378,61,0.836461067199707,0.2696990966796875,3.02868510484418e-08,0.004537584525743206,0.0007070892446532696,0.0048759113135289425,0.9306126042844547,0.011558832215468131,0.011939336864083012,0.0823306932354233,0.14039517658883102,0.000595046669638826,0.0002728058841849898,0.001881201428466258,0.3163120443322048
6,5046,40369,369,48,0.8965517282485962,0.8927790522575378,61,0.836461067199707,0.28112030029296875,3.033600757881513e-08,0.004587482915025308,0.0007630729363853759,0.005046758355061398,0.908995951911293,0.010893548235824894,0.012337141080596756,0.08159451981222976,0.13350833194304945,0.0006449440648783549,0.00033266623469061944,0.002200164649167703,0.2931344547883404
6,5046,40370,370,48,0.8965517282485962,0.8927790522575378,61,0.836461067199707,0.2922935485839844,3.021784574425929e-08,0.004582947475776229,0.0008166731312722898,0.004910539191416646,0.9332880356167346,0.01163803685462093,0.012086804678408914,0.07267623459077172,0.16013538566152827,0.0006404095738990401,0.0003120306334182381,0.0018761957454578601,0.34133409344383564
6,5046,40371,371,48,0.8965517282485962,0.8927790522575378,61,0.836461067199707,0.2723503112792969,3.015203444815409e-08,0.00469132871589332,0.0007270079495398136,0.005121125043654374,0.9160738462550103,0.010649934515376455,0.011526984367857275,0.08119736291936326,0.13116108864216264,0.0007487910467492028,0.00031031220375759834,0.0021858737569795837,0.3425591456772298
6,5046,40372,372,48,0.8965517282485962,0.8927790522575378,61,0.836461067199707,0.263031005859375,3.016678132366088e-08,0.004514498476776018,0.0006740912448511602,0.004849061673152127,0.9310045491422617,0.008919997302665593,0.011444289551637772,0.08232426435616322,0.10835198312947689,0.000571960743292363,0.0002585765770598695,0.00186006535312995,0.307494971792211
6,5046,40373,373,48,0.8965517282485962,0.8927790522575378,61,0.836461067199707,0.2996864318847656,3.031563665865512e-08,0.004641071095595063,0.000876822469572797,0.0052791245301529,0.87913650626852,0.016000680288033056,0.024752122574281114,0.14902621909187982,0.10736822275661495,0.0006985334861181637,0.0004336749860192647,0.002611046518827766,0.2675300807860641
6,5046,40374,374,48,0.8965517282485962,0.8927790522575378,61,0.836461067199707,0.2680549621582031,3.028731211197017e-08,0.004840522855523219,0.0007209984215433746,0.0054208762973006405,0.892941028359859,0.01596594416549994,0.013331973014575393,0.10023735746364011,0.15928137542224607,0.0008979846942656772,0.00034585177152009363,0.0026003103676696814,0.34533750487270626
6,5046,40375,375,48,0.8965517282485962,0.8927790522575378,61,0.836461067199707,0.2927398681640625,3.029040767266339e-08,0.004606329882010199,0.0008278846117070232,0.005037596531578163,0.9143903949304854,0.010319447288965992,0.01261802911651476,0.07677946758986459,0.1344037359582867,0.0006637921791000888,0.0003524619173213751,0.0021446961413505465,0.3095040674069984
6,5046,40368,368,48,0.8965517282485962,0.8927790522575378,62,0.8306010961532593,0.2755470275878906,3.024166109709e-08,0.004586773097505085,0.0007231521139062874,0.004986676859053442,0.919805559323075,0.011783446092433437,0.012127234839621286,0.08362639087422069,0.14090583091355066,0.0006718552697217657,0.00030000785979246707,0.0020687794769484913,0.32475924921334365
6,5046,40369,369,48,0.8965517282485962,0.8927790522575378,62,0.8306010961532593,0.2868995666503906,3.007837941925928e-08,0.004631661126061086,0.0007840023269928768,0.005185179693151424,0.8932498775652029,0.009727669949690536,0.012390204477670502,0.081945466792211,0.11870906751140946,0.0007167423147028329,0.0003687412120957673,0.0024387548087014626,0.2938968329843987
6,5046,40370,370,48,0.8965517282485962,0.8927790522575378,62,0.8306010961532593,0.2981681823730469,2.983369076000131e-08,0.00463237323320442,0.0008352737308664248,0.005022381946851188,0.9223458674043525,0.012161612240189489,0.012369782192035812,0.07437773806596222,0.16351145593327815,0.0007174553636614188,0.00034407258048461655,0.0020688594083282485,0.34678787779067205
6,5046,40371,371,48,0.8965517282485962,0.8927790522575378,62,0.8306010961532593,0.2760810852050781,3.000926559010559e-08,0.004733072944507911,0.000742890201462667,0.005233001396757853,0.9044662108136112,0.01171119995369015,0.011621206206676976,0.08186107205589219,0.14306189327320448,0.0008181553039024663,0.00033749195266663236,0.0023773309383025632,0.34414867981596076
6,5046,40372,372,48,0.8965517282485962,0.8927790522575378,62,0.8306010961532593,0.26671600341796875,3.004747354413788e-08,0.004545362212011976,0.0006875887970962845,0.004946156040974176,0.9189686241917955,0.008276109796699457,0.011138582193356042,0.0801251646859519,0.10328976956412399,0.0006304445083682946,0.0002849498782169506,0.0020497811591311654,0.30756673977602533
6,5046,40373,373,48,0.8965517282485962,0.8927790522575378,62,0.8306010961532593,0.3056831359863281,3.012202512417329e-08,0.004720652957334241,0.0009598850428656801,0.005779223105890502,0.8168317559020506,0.017875998895074262,0.02745846615007833,0.1653204237385442,0.10812940404353985,0.0008057353781639227,0.0005696767116527099,0.003429878233170639,0.2349166131822374
6,5046,40374,374,48,0.8965517282485962,0.8927790522575378,62,0.8306010961532593,0.27371978759765625,3.018249083079809e-08,0.004918464438097857,0.0007502163207373609,0.005640553085023083,0.871982652048337,0.017983185367341375,0.013359180652741469,0.1004419199653503,0.17904063735086984,0.001003546308712446,0.00039076150689462414,0.0029379673066248393,0.341578446584325
6,5046,40375,375,48,0.8965517282485962,0.8927790522575378,62,0.8306010961532593,0.2969512939453125,3.0067103742370694e-08,0.004646353654181135,0.0008472887507701214,0.00515566881153149,0.9012125922031321,0.010466946083381055,0.012433391501711867,0.07565596584242654,0.1383492493530679,0.0007314359827390091,0.00038637009416716677,0.0023510240663475973,0.31111377939883106
6,5046,40368,368,48,0.8965517282485962,0.8927790522575378,63,0.8245124816894531,0.27925872802734375,2.999798280226489e-08,0.004639526967984939,0.0007414264242245989,0.005112691951351568,0.9074528667346083,0.010181492761036397,0.011903411912869045,0.0820829637198258,0.12403904902592136,0.0007533069472752649,0.0003301126107692072,0.0022763743413710693,0.3309240196502764
6,5046,40369,369,48,0.8965517282485962,0.8927790522575378,63,0.8245124816894531,0.29045867919921875,2.9934501765022396e-08,0.00466901671696719,0.0008040572491802805,0.005317817533236307,0.8779949082092194,0.009822846933584001,0.012110146277129714,0.0800932374756036,0.12264265053058995,0.0007827957177385634,0.00040266619965454006,0.0026631255159350413,0.2939387246506549
6,5046,40370,370,48,0.8965517282485962,0.8927790522575378,63,0.8245124816894531,0.3047523498535156,2.9858073876473406e-08,0.004687565838664989,0.0008569315325164446,0.005152607222705025,0.9097463936333386,0.013203674960804419,0.012543362340493913,0.07542145076963294,0.1750652476990092,0.0008013457756785422,0.00037991035709172263,0.0022843468534561014,0.35079864271318806
6,5046,40371,371,48,0.8965517282485962,0.8927790522575378,63,0.8245124816894531,0.280364990234375,3.0054267719942054e-08,0.004784224775460753,0.0007615632485507927,0.005364536422124313,0.891824455833639,0.009553901656374512,0.011526213550176873,0.08119193319369149,0.11767057736613715,0.0008980049392776098,0.0003673473321840321,0.00258763555991109,0.34703686762925173
6,5046,40372,372,48,0.8965517282485962,0.8927790522575378,63,0.8245124816894531,0.27066802978515625,2.98933290307551e-08,0.004572709927458931,0.0006997813154135743,0.005033862673752991,0.9083898834391032,0.01086060578246668,0.011312589864606877,0.08137688533347817,0.13346057345351192,0.0006864900287734587,0.00030776524679360686,0.0022139030494078018,0.31008134207010024
6,5046,40373,373,48,0.8965517282485962,0.8927790522575378,63,0.8245124816894531,0.31302642822265625,3.0017629086753414e-08,0.004817086540528491,0.001077718560858842,0.006488668674290444,0.7423844215709248,0.019407111458328814,0.03335925095683772,0.20084754456574463,0.09662608273498793,0.0009308667650954325,0.0007384112407256773,0.004445785811299766,0.2093818291311891
6,5046,40374,374,48,0.8965517282485962,0.8927790522575378,63,0.8245124816894531,0.2813262939453125,2.9890161952962464e-08,0.005014234221292954,0.0007830791647560172,0.0058876346414865255,0.8516551258056575,0.016550366095881057,0.014072886286206185,0.10580796493312845,0.15641890576329512,0.0011280139002140565,0.0004369767219929331,0.0032854395848092963,0.3433372829102052
6,5046,40375,375,48,0.8965517282485962,0.8927790522575378,63,0.8245124816894531,0.30292510986328125,2.990931689680167e-08,0.004689021022690166,0.0008688383537937396,0.005286796028916082,0.8869305713788861,0.01248566750384123,0.013409438949281807,0.08159511867484333,0.15301978484272613,0.0008028011545921322,0.0004224489392368382,0.002570560294242411,0.312305903265627
6,5046,40368,368,48,0.8965517282485962,0.8927790522575378,64,0.8181818127632141,0.28487396240234375,2.981839947744546e-08,0.004682078344922738,0.0007584530462299446,0.0052301032958102945,0.8952171840799845,0.010916993295676539,0.012384955421305526,0.08540356781399955,0.12782830477823434,0.0008256970700340868,0.0003585729702900184,0.0024726298918888432,0.33393476020923474
6,5046,40369,369,48,0.8965517282485962,0.8927790522575378,64,0.8181818127632141,0.29727935791015625,2.978409663657836e-08,0.004708588377826686,0.0008250568984805714,0.0054567035433490795,0.8628997966301035,0.010442632972063989,0.012243315215527056,0.08097398087567097,0.1289628206386174,0.0008522061347286788,0.00043641918665338547,0.0028863586579091307,0.2952530283765962
6,5046,40370,370,48,0.8965517282485962,0.8927790522575378,64,0.8181818127632141,0.31097412109375,2.9749207454547503e-08,0.00475295307078691,0.0008835464859536336,0.005312639146036993,0.8946500863572514,0.011487419114088812,0.012381309301607694,0.07444704893361413,0.15430321656312213,0.0008965717573883117,0.00042196328825630416,0.00253720513749921,0.3533698336556323
6,5046,40371,371,48,0.8965517282485962,0.8927790522575378,64,0.8181818127632141,0.28594970703125,2.9762051365512103e-08,0.004820846212406366,0.0007781765471149556,0.005481562349266507,0.8794657262361428,0.010033106028224452,0.011654320451400798,0.08209433248731417,0.12221435663387413,0.0009644651218162457,0.0003948795132078802,0.0027815753123400736,0.3467334202807775
6,5046,40372,372,48,0.8965517282485962,0.8927790522575378,64,0.8181818127632141,0.27596282958984375,2.969672649984288e-08,0.004620989066130303,0.0007166108025216534,0.005154925247310986,0.896422129213376,0.007143305531166689,0.011090447953455415,0.07977891200925384,0.08953876846976944,0.0007646079123420867,0.00033491717731198476,0.002409219909898738,0.317367422210214
6,5046,40373,373,48,0.8965517282485962,0.8927790522575378,64,0.8181818127632141,0.3223419189453125,2.9694952557306363e-08,0.004929109641395829,0.0012521651726205435,0.007538967245906599,0.6538176225758463,0.02018685725307777,0.03650377772292816,0.21977993847973545,0.0918503180623061,0.0010727286139883127,0.0009640609004580629,0.005804364879756213,0.18481412457884075
6,5046,40374,374,48,0.8965517282485962,0.8927790522575378,64,0.8181818127632141,0.2888908386230469,2.9724704288482142e-08,0.005102810085216221,0.0008229127304046949,0.006187126048693296,0.8247464242778634,0.015530693050194399,0.01416226792649029,0.10647998695252868,0.14585551233320823,0.001246428512222314,0.0004940064749270604,0.003714221710656051,0.3355826898126
6,5046,40375,375,48,0.8965517282485962,0.8927790522575378,64,0.8181818127632141,0.308197021484375,2.958083481595449e-08,0.00474888499858782,0.0008966899410174851,0.005456270201057041,0.8703537074956113,0.012932726690132741,0.01381128134012353,0.08404029014647074,0.1538872208507701,0.0008925038795432735,0.00046527818056297653,0.002831172020204811,0.3152418408962337
6,5046,40368,368,48,0.8965517282485962,0.8927790522575378,65,0.8115941882133484,0.2907218933105469,2.977266804237488e-08,0.004732278926681298,0.0007795518438970258,0.00537559534935896,0.8803264790467576,0.011720223443504449,0.01247587251804792,0.08603050946804325,0.13623333763771356,0.0009069473589870419,0.00039248736257027915,0.0027064950938576137,0.3351003151808246
6,5046,40369,369,48,0.8965517282485962,0.8927790522575378,65,0.8115941882133484,0.3031158447265625,2.9435426913414296e-08,0.00475475655513372,0.0008492276516512205,0.005616562378193793,0.8465599124464425,0.012268128943995413,0.012537455919948176,0.08291934807036234,0.14795254942893574,0.0009294240247000275,0.0004733785415811343,0.00313079785157632,0.2968649107230201
6,5046,40370,370,48,0.8965517282485962,0.8927790522575378,65,0.8115941882133484,0.3185691833496094,2.9364065874406112e-08,0.0048071755738514,0.0009079964503074976,0.0054596532984450006,0.8804909966023965,0.012022477665237981,0.012603327197987397,0.07578201091487823,0.15864553500357984,0.0009818439640522747,0.00046037889809526374,0.0027681927266004934,0.35468771903683094
6,5046,40371,371,48,0.8965517282485962,0.8927790522575378,65,0.8115941882133484,0.2908782958984375,2.9574716129552022e-08,0.004862813890724343,0.0007960379205621484,0.00560737985502058,0.8672167779699126,0.01137107895644524,0.011882297074277789,0.08370022523377191,0.13585481908425215,0.0010374825055308044,0.00042285113021142006,0.0029786105007984795,0.34831090041906626
6,5046,40372,372,48,0.8965517282485962,0.8927790522575378,65,0.8115941882133484,0.2801933288574219,2.953045552153485e-08,0.004641298520688238,0.0007297214473725169,0.005249236404653889,0.8841854629700686,0.009417183836926487,0.011193274115076675,0.08051858991357834,0.11695664128040587,0.0008159670736459403,0.00035925666264888066,0.0025843055031220265,0.3157394018084137
6,5046,40373,373,48,0.8965517282485962,0.8927790522575378,65,0.8115941882133484,0.3298835754394531,2.9505261719012486e-08,0.0050519579358908,0.0014728903925241006,0.008867897517714054,0.5696906088279967,0.02154585563861292,0.040603958137310665,0.24446607935174702,0.0881343362471647,0.0012266266078950227,0.0012275334203365115,0.007390665745642084,0.1659697042337904
6,5046,40374,374,48,0.8965517282485962,0.8927790522575378,65,0.8115941882133484,0.2948799133300781,2.9555525709648115e-08,0.005186770481017797,0.0008652357747528231,0.006505334772986002,0.7973103094642163,0.018131029957986593,0.015341642406482215,0.11534719521984232,0.15718656984619636,0.001361438616679314,0.0005527323193468594,0.004155756017170621,0.3276031150659868
6,5046,40375,375,48,0.8965517282485962,0.8927790522575378,65,0.8115941882133484,0.3152885437011719,2.9368036613659085e-08,0.0048147778600538356,0.0009309309819023287,0.005664623571031451,0.8499731358454822,0.0167875175595843,0.015979374466645435,0.09723292382978689,0.17265260467711574,0.000989446443133132,0.000516692291702571,0.003144021835612001,0.3147072427824061
6,5046,40368,368,48,0.8965517282485962,0.8927790522575378,66,0.8047336935997009,0.29572296142578125,2.949256178813155e-08,0.004791348998993811,0.0008040512706913194,0.0055445372943603265,0.8641566905623258,0.012369431183336001,0.012361036999360161,0.08523863233372314,0.14511531737050473,0.0009983533060471486,0.0004297389596615419,0.0029633728289918497,0.33689763781319143
6,5046,40369,369,48,0.8965517282485962,0.8927790522575378,66,0.8047336935997009,0.30849456787109375,2.923228000422647e-08,0.004818268018133822,0.0008792578455569107,0.00581517397188438,0.8285681634684584,0.011340759349778436,0.012457102004781876,0.08238790897274689,0.1376507729250641,0.001025271373002277,0.0005161176116938879,0.003413462520829067,0.3003611045224711
6,5046,40370,370,48,0.8965517282485962,0.8927790522575378,66,0.8047336935997009,0.32419586181640625,2.9214131637252464e-08,0.004868167625954155,0.0009367192365817854,0.005632359320335107,0.864321210541041,0.01107618365113,0.012298793295454536,0.07395089194421618,0.14977755318333635,0.0010751718924930777,0.000503906578338511,0.00302991846675424,0.35485175732957636
6,5046,40371,371,48,0.8965517282485962,0.8927790522575378,66,0.8047336935997009,0.29701995849609375,2.933750600183715e-08,0.004917828671224357,0.0008193318314479193,0.005771464760113137,0.852093684295138,0.010736824978373069,0.01190860668498704,0.08388555306461232,0.12799373177051235,0.0011248331600539445,0.0004575956720349977,0.003223354926737217,0.3489634823405987
6,5046,40372,372,48,0.8965517282485962,0.8927790522575378,66,0.8047336935997009,0.28548431396484375,2.9296045689105697e-08,0.004681669581709914,0.0007482360960453597,0.005382421153687653,0.8698073688459638,0.009461725990377805,0.011284935767228896,0.08117795614588608,0.11655536108071014,0.0008886740092208473,0.000389295259360765,0.002800387538222532,0.3173396528485155
6,5046,40373,373,48,0.8965517282485962,0.8927790522575378,66,0.8047336935997009,0.34039306640625,2.934354946093586e-08,0.005191382770160527,0.0017490119247056083,0.010530354861619722,0.49299219621569496,0.02155728766203156,0.04320487197286083,0.2601255184132901,0.08287263700050033,0.0013983873182784698,0.001539322701786602,0.009267869513861968,0.1508855207970828
6,5046,40374,374,48,0.8965517282485962,0.8927790522575378,66,0.8047336935997009,0.3044776916503906,2.9435268626411657e-08,0.005296189643285102,0.0009217892592801551,0.00693053604200921,0.7641818195854443,0.021652833459623728,0.017474407114194082,0.13138253358716642,0.16480754989595356,0.00150319366129062,0.0006272701768805131,0.0047161740334692144,0.31873159273235546
6,5046,40375,375,48,0.8965517282485962,0.8927790522575378,66,0.8047336935997009,0.3226470947265625,2.9305963963315926e-08,0.004915985420207482,0.0009821976025716041,0.0059765759214160845,0.8225421185719152,0.017534481194399296,0.018121565433290677,0.11026794541485907,0.15901703009364723,0.0011229898782815896,0.0005882782673718416,0.0035796154650159684,0.31371802062448073
6,5046,40368,368,48,0.8965517282485962,0.8927790522575378,67,0.7975830435752869,0.3018913269042969,2.930545253153445e-08,0.004858686019727359,0.0008298313924117383,0.0057223105925843475,0.8490776481136524,0.012716569970370918,0.012280142966290175,0.08468080723027903,0.15017062763454497,0.0010993939019952228,0.0004664647974554328,0.003216625058964421,0.34178490866733724
6,5046,40369,369,48,0.8965517282485962,0.8927790522575378,67,0.7975830435752869,0.3177528381347656,2.904562417263358e-08,0.0048762250663366286,0.0009109983845542066,0.006025097326180694,0.8093188877046181,0.010620932434725346,0.012621431873009254,0.08347474234858532,0.1272352826244494,0.0011169320030660914,0.00056111046255592,0.003711033087388008,0.3009760292523391
6,5046,40370,370,48,0.8965517282485962,0.8927790522575378,67,0.7975830435752869,0.3310890197753906,2.895813459538469e-08,0.0049233302635602995,0.0009639096279771292,0.005795851270129984,0.8494576610227412,0.01148986896110974,0.012653639464905095,0.07608453140814275,0.15101451961995088,0.0011640381048567832,0.0005442106191672905,0.003272260922362947,0.35572899975721206
6,5046,40371,371,48,0.8965517282485962,0.8927790522575378,67,0.7975830435752869,0.30340576171875,2.9237160216338343e-08,0.0049695349335226536,0.0008434031405117722,0.005941025744636719,0.8364775961472507,0.011584532200979374,0.012038952034155111,0.08480372023509651,0.1366040566246886,0.0012102429955035798,0.0004930863970758529,0.003473355550443219,0.34843625362486896
6,5046,40372,372,48,0.8965517282485962,0.8927790522575378,67,0.7975830435752869,0.2914848327636719,2.9114582935365075e-08,0.0047241438196502766,0.0007677470394802088,0.005522772728848454,0.8553934864951978,0.00945612878118928,0.011202519951215744,0.08058509964798101,0.11734339006213781,0.0009648518209723721,0.000419687066432932,0.003019010384872941,0.31959208415011103
6,5046,40373,373,48,0.8965517282485962,0.8927790522575378,67,0.7975830435752869,0.3503875732421875,2.920424018551476e-08,0.005336805648415532,0.002071446257211091,0.01247164976812742,0.4279149709651313,0.023181853541880765,0.04486523996058122,0.27012217073143374,0.08581988468073246,0.0015775137671613791,0.0018904577206262554,0.011381963935113811,0.13859767753214247
6,5046,40374,374,48,0.8965517282485962,0.8927790522575378,67,0.7975830435752869,0.3123321533203125,2.9222001777063882e-08,0.005441530572728078,0.0010005458022649088,0.007522672535469906,0.7233507170584519,0.021378765399768778,0.018575692312474076,0.13966262221086242,0.15307435204453737,0.0016822381655933272,0.0007261858811128721,0.005459878569404509,0.30810908048762764
6,5046,40375,375,48,0.8965517282485962,0.8927790522575378,67,0.7975830435752869,0.3310050964355469,2.9112903271318873e-08,0.005028109775417304,0.0010511095345249143,0.006395898257504144,0.7861459912246026,0.021192065263562182,0.023176460002036058,0.14102648227726008,0.15027011183543726,0.0012688178067825,0.0006822736544430463,0.004151568161319757,0.305623744445316
6,5046,40368,368,48,0.8965517282485962,0.8927790522575378,68,0.790123462677002,0.3088264465332031,2.9093626604294473e-08,0.004932178922587405,0.0008584440170870942,0.00591961612568256,0.8331923587390899,0.013964958603705599,0.012745423204267511,0.08788926386212556,0.15889265639558472,0.001208046615948176,0.0005059995677424178,0.003489246987777105,0.34621986353502204
6,5046,40369,369,48,0.8965517282485962,0.8927790522575378,68,0.790123462677002,0.3246269226074219,2.8886588832078892e-08,0.004929953650792984,0.0009435807423539981,0.0062405882427274345,0.7899822034466352,0.010612537485868384,0.012490160106153335,0.08260654632881559,0.1284709016114189,0.001205820406843031,0.0006065859473872193,0.004011795664698077,0.30056874966332053
6,5046,40370,370,48,0.8965517282485962,0.8927790522575378,68,0.790123462677002,0.3398246765136719,2.8783796892386588e-08,0.004984744896416905,0.0009976070575372557,0.005998469113387805,0.8310028445910643,0.01168274268870708,0.01262405510383198,0.07590664485973111,0.15390935418494356,0.0012606125475346504,0.0005932194394928005,0.0035669439769634953,0.3534152921032972
6,5046,40371,371,48,0.8965517282485962,0.8927790522575378,68,0.790123462677002,0.3113670349121094,2.8884333397076568e-08,0.005031403889871281,0.0008717153139465026,0.00614045985056178,0.8193855203549564,0.01066554850019908,0.011979522920200587,0.0843850949312228,0.12639137881982507,0.0013072717609746544,0.0005330534400003722,0.0037548878563432057,0.34815201172153637
6,5046,40372,372,48,0.8965517282485962,0.8927790522575378,68,0.790123462677002,0.2971343994140625,2.877872402741768e-08,0.0047684007985839705,0.000788188748230241,0.005669819745392046,0.8410145318040005,0.00995426686850231,0.011300932217283387,0.08129302628432535,0.12244921026419776,0.0010442686099355158,0.00045045309174833643,0.0032403251628524356,0.32227278357961253
6,5046,40373,373,48,0.8965517282485962,0.8927790522575378,68,0.790123462677002,0.3605804443359375,2.9036855725869696e-08,0.005503705743015159,0.0024321714243563325,0.01464348402717391,0.37584674062551876,0.02416297070303214,0.046205817048950514,0.278193443580109,0.08685672240177772,0.0017795736709652842,0.0022731474804378506,0.013686041406399443,0.13002837110613846
6,5046,40374,374,48,0.8965517282485962,0.8927790522575378,68,0.790123462677002,0.3220405578613281,2.906359770539839e-08,0.005590587140935346,0.0010966479331497002,0.008245223026382609,0.6780395294398822,0.022013477205973568,0.018520898791147166,0.13925065334639408,0.15808527053164892,0.0018664545475729015,0.0008434248638994108,0.006341347937321776,0.29433088454080086
6,5046,40375,375,48,0.8965517282485962,0.8927790522575378,68,0.790123462677002,0.34234619140625,2.8890772836280645e-08,0.005179286640093413,0.0011591703868687854,0.007053437928213121,0.7342925099513146,0.024013839493342858,0.026701336861343752,0.16247501168533232,0.14780020166947766,0.001455154478623012,0.0008224195925889829,0.005004342427123578,0.2907783589580246
6,5046,40368,368,48,0.8965517282485962,0.8927790522575378,69,0.7823343873023987,0.3168487548828125,2.8984266225971356e-08,0.0050212249237552966,0.0008938256275167318,0.006163598898563429,0.8146579630490899,0.011693855715188635,0.012865584358375256,0.08871786525182417,0.13180948033404344,0.0013338052212810774,0.0005532785044722716,0.0038152707595087137,0.3495964782989161
6,5046,40369,369,48,0.8965517282485962,0.8927790522575378,69,0.7823343873023987,0.3313636779785156,2.8646328162273512e-08,0.004985972891712579,0.0009767193801085267,0.006459758244687191,0.771851314375933,0.01002192477381158,0.012634541751420083,0.08356144754444392,0.11993479132205326,0.0012985522628266306,0.0006513007602199497,0.004307527362807497,0.3014611756244954
6,5046,40370,370,48,0.8965517282485962,0.8927790522575378,69,0.7823343873023987,0.3471107482910156,2.8569352752241383e-08,0.005050773976499974,0.0010337049642032705,0.006215520683500579,0.8126067362156022,0.012831657295744104,0.012714630537263644,0.07645126203717251,0.1678410133962868,0.0013633542351011683,0.0006437112108621707,0.003870543804922907,0.35223842018455687
6,5046,40371,371,48,0.8965517282485962,0.8927790522575378,69,0.7823343873023987,0.3156394958496094,2.865369115144802e-08,0.005086945100121473,0.0008996032818531705,0.00633690580545659,0.8027490476095133,0.010765019958409953,0.012225095382692074,0.08611493473351531,0.12500758424450487,0.0013995255740853973,0.000572058637398225,0.004029644815126484,0.3473074274020025
6,5046,40372,372,48,0.8965517282485962,0.8927790522575378,69,0.7823343873023987,0.3037757873535156,2.864480770568209e-08,0.00481952363687468,0.000810290726094973,0.005828809874077656,0.8268452292994573,0.010744318894779158,0.011400116550025829,0.08200650676660744,0.1310178828291974,0.0011321040516124087,0.0004821403995795775,0.0034682671678903016,0.32641777487431906
6,5046,40373,373,48,0.8965517282485962,0.8927790522575378,69,0.7823343873023987,0.3739967346191406,2.8849025139195598e-08,0.005687649652071106,0.00282916614635343,0.017033688028512073,0.3339059423039072,0.024302694947162515,0.04711648492500963,0.283676342673318,0.08567050293351225,0.0020002301824244293,0.0026874042513175393,0.01618017580283935,0.12362227745840824
6,5046,40374,374,48,0.8965517282485962,0.8927790522575378,69,0.7823343873023987,0.3337898254394531,2.878835603080814e-08,0.0057524857302596955,0.0012015685592684899,0.009034075981161337,0.636754189610016,0.020950250860909393,0.018278347118808408,0.13742701189009623,0.1524463827945544,0.0020650657445339775,0.0009663449109715061,0.007265530778401844,0.28422778837752277
6,5046,40375,375,48,0.8965517282485962,0.8927790522575378,69,0.7823343873023987,0.3502693176269531,2.8714823254845558e-08,0.005364958529536188,0.0013071533588274503,0.007953899774864057,0.6745066799170074,0.01978548134597755,0.023708181507722467,0.14426195540350692,0.1371496822612497,0.0016775389749986178,0.0010036373015692224,0.006107034383599342,0.27468962341258607
6,5046,40368,368,48,0.8965517282485962,0.8927790522575378,70,0.774193525314331,0.32657623291015625,2.8739663038400685e-08,0.0050906589563119555,0.0009293107866495047,0.00640829571750982,0.7943857744271077,0.01152533586585407,0.012720625497403427,0.08771826505205674,0.13139037644000726,0.0014416099943250387,0.0006019454504624311,0.004150865897382267,0.3473034373946377
6,5046,40369,369,48,0.8965517282485962,0.8927790522575378,70,0.774193525314331,0.33890533447265625,2.8548276903235893e-08,0.005038376337670385,0.0010134466132168502,0.006702662247318612,0.7516977809356243,0.011141010216364624,0.012632296746149544,0.08354659968578454,0.13335085159977214,0.0013893264593281707,0.0007006101024661939,0.0046336460378356165,0.2998343956322411
6,5046,40370,370,48,0.8965517282485962,0.8927790522575378,70,0.774193525314331,0.35657501220703125,2.831598760742946e-08,0.0051317406871573155,0.0010743555861253053,0.00645994708184753,0.7943936106810412,0.012888113930170433,0.012933108989808423,0.07776494184690227,0.16573167322035134,0.0014826916872099935,0.0006976021864213127,0.004194582563409515,0.353477769193034
6,5046,40371,371,48,0.8965517282485962,0.8927790522575378,70,0.774193525314331,0.3236427307128906,2.8608885850271946e-08,0.005146030192229254,0.0009329935890824445,0.006572110851942515,0.7830102547202539,0.0127658785955712,0.01237061728636683,0.0871400072458321,0.14649847984929784,0.0014969814043082619,0.0006180177546719088,0.004353385960740493,0.3438659971360847
6,5046,40372,372,48,0.8965517282485962,0.8927790522575378,70,0.774193525314331,0.310882568359375,2.840747849842018e-08,0.004881176056976927,0.0008345214809391496,0.006003113316710835,0.8131074326698486,0.009535983447348418,0.011443715203866115,0.08232013279713785,0.1158402340147825,0.0012321272098116747,0.0005150986098924423,0.003705351384106591,0.3325264143899153
6,5046,40373,373,48,0.8965517282485962,0.8927790522575378,70,0.774193525314331,0.3863258361816406,2.8634598655523518e-08,0.005881354990799948,0.0032584001613124858,0.019617996592879033,0.2997938634026866,0.024176078326169654,0.047994036156390016,0.28895985489250553,0.08366587232390213,0.0022323062577858472,0.0031305604189265502,0.01884830609864839,0.11843537801765251
6,5046,40374,374,48,0.8965517282485962,0.8927790522575378,70,0.774193525314331,0.3452644348144531,2.856624054394754e-08,0.005910631734405198,0.0013093752021059335,0.009844627651438325,0.6003915987154312,0.01933529928743281,0.01773615837769024,0.13335052849211707,0.14499604543056463,0.002261582490308124,0.0010894637023848418,0.008191207892501743,0.27609877810309064
6,5046,40375,375,48,0.8965517282485962,0.8927790522575378,70,0.774193525314331,0.3612709045410156,2.8492699188479782e-08,0.005515016453166755,0.0014507288321867976,0.008827542425526946,0.6247510561058045,0.013018019166680954,0.017239925370458674,0.10490325224407383,0.1240954773870356,0.0018659676381010378,0.001173537913667579,0.007140862917330533,0.2613084244443936
6,5046,40368,368,48,0.8965517282485962,0.8927790522575378,71,0.7656765580177307,0.33373260498046875,2.8396740926930653e-08,0.005161447087547351,0.0009662372388596803,0.00666293133452924,0.7746511000044737,0.011227503034763183,0.012715909565397667,0.08768574515956142,0.12804251152034504,0.0015525416549317256,0.0006511967587956244,0.004490490652423871,0.3457398701172436
6,5046,40369,369,48,0.8965517282485962,0.8927790522575378,71,0.7656765580177307,0.346832275390625,2.818848087193279e-08,0.0051055121046111665,0.001054918420246467,0.006976945580727924,0.7317689446674019,0.01067577466141187,0.01271999527415198,0.08412661406949393,0.12690127588628494,0.0014966057640115446,0.0007537520640953181,0.004985112622572004,0.30021503571154834
6,5046,40370,370,48,0.8965517282485962,0.8927790522575378,71,0.7656765580177307,0.3669242858886719,2.8099571997623913e-08,0.005217069218847109,0.0011209098521056165,0.00673987125085724,0.7740606644650005,0.011980195267312458,0.013020110236837426,0.0782880679506991,0.15302709060155667,0.001608163746259249,0.0007583865057115913,0.004560070015694728,0.3526620733287677
6,5046,40371,371,48,0.8965517282485962,0.8927790522575378,71,0.7656765580177307,0.33484649658203125,2.8286391575957812e-08,0.0052298572487756954,0.0009731218059281006,0.006854778484910713,0.7629505840762142,0.010562464218919886,0.01222475919637238,0.0861125665996012,0.12265880156646965,0.0016209519873043446,0.0006698476453530347,0.00471848148871236,0.34353255198351773
6,5046,40372,372,48,0.8965517282485962,0.8927790522575378,71,0.7656765580177307,0.3177223205566406,2.8283027661723587e-08,0.004932383615888722,0.0008599963196760441,0.006186366051548063,0.7972990241426877,0.008460356414444266,0.011556669627391679,0.08313266814767742,0.10176933572509947,0.0013234782960402864,0.0005507216537992288,0.003961605026634695,0.3340762865410021
6,5046,40373,373,48,0.8965517282485962,0.8927790522575378,71,0.7656765580177307,0.40094757080078125,2.8407485228458947e-08,0.006082617054917001,0.0037206770674000802,0.02240124797994627,0.2715302763650577,0.023413036271109834,0.04859376087790644,0.29257064453187115,0.0800252407707272,0.0024737118501294213,0.003604384698103749,0.021701081274910786,0.11399025784901083
6,5046,40374,374,48,0.8965517282485962,0.8927790522575378,71,0.7656765580177307,0.3563423156738281,2.841041610862195e-08,0.0060583171913778985,0.0014127199572729228,0.010621632311914363,0.5703753447181785,0.017430559861437486,0.016688709878431927,0.12547521479847823,0.13891635801884986,0.002449411478856453,0.0012052506029127579,0.009061759679932982,0.27030196842238136
6,5046,40375,375,48,0.8965517282485962,0.8927790522575378,71,0.7656765580177307,0.3703346252441406,2.8249539073766058e-08,0.005597558204649695,0.0015363364703353563,0.00934845649364154,0.5987681718855874,0.014260866649142766,0.01492097570032427,0.09079267131289032,0.15707068029749746,0.0019886529138510565,0.0012731480382487362,0.007746980739795488,0.256700381819144
6,5046,40368,368,48,0.8965517282485962,0.8927790522575378,72,0.7567567229270935,0.3439445495605469,2.829573101437433e-08,0.005232114124760019,0.0010063748170918328,0.006939710076787967,0.7539384306933027,0.012650602882130867,0.0130377430767271,0.08990502889330486,0.14071073707282847,0.0016652511119152307,0.0007038565641941785,0.004853619554259947,0.3430946932076012
6,5046,40369,369,48,0.8965517282485962,0.8927790522575378,72,0.7567567229270935,0.3559226989746094,2.802715943218824e-08,0.0051704033603890715,0.0010986063728004362,0.007265885902228095,0.7115998558143557,0.0102930027369534,0.012946775461734585,0.08562647699461134,0.12020817740289795,0.0016035394528633993,0.0008090485908194504,0.005350828919067615,0.2996805685842815
6,5046,40370,370,48,0.8965517282485962,0.8927790522575378,72,0.7567567229270935,0.3756980895996094,2.8037093763717726e-08,0.005295857581373296,0.001167882937317645,0.007022313720240395,0.754147107684617,0.01320280442019031,0.013582736988258327,0.08167106245265808,0.16165829148902677,0.0017289945324306002,0.0008190878066384587,0.004925058290387918,0.3510607246628989
6,5046,40371,371,48,0.8965517282485962,0.8927790522575378,72,0.7567567229270935,0.3420143127441406,2.808901725999124e-08,0.005291979862337729,0.0010097915678459152,0.007113084375817453,0.7439782213647032,0.010700237029548068,0.01243244736521922,0.08757554521410675,0.122182933641896,0.001725117021229139,0.0007178161432226602,0.00505637693525062,0.34117650707613506
6,5046,40372,372,48,0.8965517282485962,0.8927790522575378,72,0.7567567229270935,0.3260765075683594,2.7960232495604064e-08,0.00497348381875277,0.0008860929851634948,0.006374091884480681,0.7802654729314398,0.010536154515975954,0.011629942786925262,0.08365975713196398,0.1259405343402604,0.0014066209195050367,0.0005876904819986417,0.004227539541127166,0.3327280338411682
6,5046,40373,373,48,0.8965517282485962,0.8927790522575378,72,0.7567567229270935,0.41561126708984375,2.826814545671664e-08,0.006284509436351712,0.004214028606880779,0.0253715918117258,0.2476986656173164,0.024014166514703367,0.049034968213097545,0.2952270414045763,0.08134135138994462,0.0027176466505862426,0.004107583655617074,0.024730713899916653,0.10988953499621382
6,5046,40374,374,48,0.8965517282485962,0.8927790522575378,72,0.7567567229270935,0.3689079284667969,2.805665100956037e-08,0.0061907987767412034,0.0015093084632571696,0.011347839647515564,0.5455486655644262,0.018846397584593225,0.017115308474657625,0.1286826257298245,0.1464564270250606,0.002623935491350587,0.0013121811619017814,0.009865724453447864,0.2659648061054023
6,5046,40375,375,48,0.8965517282485962,0.8927790522575378,72,0.7567567229270935,0.3783378601074219,2.824109564038484e-08,0.005698482357327287,0.0016029563992759725,0.009753832216561727,0.5842300985710445,0.013396033987831287,0.014611090034412114,0.08890704747871121,0.15067460193230425,0.002131619489703726,0.0013472803955756184,0.008198068851431718,0.2600148313381703
6,5046,40368,368,48,0.8965517282485962,0.8927790522575378,73,0.7474048137664795,0.3527412414550781,2.813480959935465e-08,0.00532379179808898,0.0010544518388294136,0.007271237243950576,0.7321713787455079,0.011884142607219816,0.013084519296804062,0.0902275860562118,0.13171296192958099,0.0018010075919202503,0.0007642231184554947,0.005269892276702283,0.34175415688900174
6,5046,40369,369,48,0.8965517282485962,0.8927790522575378,73,0.7474048137664795,0.36545562744140625,2.774718502196453e-08,0.005233708245409945,0.0011463267566664006,0.00758149563558216,0.69032661851662,0.009859934165672846,0.012879862392843814,0.08518393202494312,0.11574875603048834,0.0017109231520460832,0.0008687739716405914,0.005745836460674478,0.29776746410308474
6,5046,40370,370,48,0.8965517282485962,0.8927790522575378,73,0.7474048137664795,0.38681793212890625,2.7824988410187972e-08,0.005393571135261429,0.0012284551435964202,0.00738652576720601,0.7301905259990142,0.011278678476745133,0.012978935798333221,0.07804049191786885,0.14452341598019408,0.0018707868896410598,0.0008951447512959136,0.00538237786319913,0.34757628267464635
6,5046,40371,371,48,0.8965517282485962,0.8927790522575378,73,0.7474048137664795,0.35147857666015625,2.7918044347798206e-08,0.005358813967010305,0.0010525402776907326,0.007414211053605203,0.7227760213818772,0.01165765866287265,0.012368197642967711,0.08712296300798603,0.13380695812427848,0.001836029929719364,0.0007726812231766539,0.00544285267482451,0.3373286104567513
6,5046,40372,372,48,0.8965517282485962,0.8927790522575378,73,0.7474048137664795,0.3333702087402344,2.7649945476373846e-08,0.005042226489363211,0.0009193321730346799,0.006613197307053636,0.76244912335901,0.009561302667025658,0.01158512881815534,0.08333738875818093,0.1147300486552269,0.001519442394171478,0.0006312409615548759,0.004540819030924069,0.3346185751565324
6,5046,40373,373,48,0.8965517282485962,0.8927790522575378,73,0.7474048137664795,0.429229736328125,2.7978283043561066e-08,0.006503611054801469,0.004739634238470463,0.028536129308425116,0.2279079613254107,0.02397927867713116,0.04979029061914302,0.2997746450305093,0.07999101683429795,0.002980827069943459,0.004641380876750849,0.02794457086869134,0.10666927339661283
6,5046,40374,374,48,0.8965517282485962,0.8927790522575378,73,0.7474048137664795,0.37841033935546875,2.7990693659192033e-08,0.006347195056738315,0.0016150854991668333,0.012143131578299519,0.5226983678642766,0.018600034298704705,0.016939919864883704,0.1273639543858502,0.14603844854216555,0.0028244105789934143,0.0014272148599031177,0.010730613235799753,0.26321054695835483
6,5046,40375,375,48,0.8965517282485962,0.8927790522575378,73,0.7474048137664795,0.3900413513183594,2.789339852852099e-08,0.005793607514217768,0.0016669431782559926,0.010143185480650031,0.5711822509082701,0.013221626913653334,0.014277646365448962,0.08687807551028441,0.15218600131270393,0.0022708234456248456,0.0014182459096379265,0.008629887032910923,0.26313478229377013
6,5046,40368,368,48,0.8965517282485962,0.8927790522575378,74,0.73758864402771,0.3626861572265625,2.7710457145646413e-08,0.005409954108686344,0.0011063280325028157,0.00762896255450737,0.7091336561207808,0.01329724997866002,0.01310779151749396,0.09038806549358248,0.14711289489433887,0.0019334370726006847,0.000828903475340995,0.005715911907584589,0.3382552257383739
6,5046,40369,369,48,0.8965517282485962,0.8927790522575378,74,0.73758864402771,0.37445831298828125,2.7552552588393046e-08,0.005294467262291726,0.0011959778125358114,0.007909874312243837,0.669349101299413,0.010771439280455885,0.013004899863317399,0.08601089609183492,0.12523342704109355,0.0018179493519274897,0.0009300948145491093,0.006151395957717991,0.2955344387555734
6,5046,40370,370,48,0.8965517282485962,0.8927790522575378,74,0.73758864402771,0.3986053466796875,2.7424352845241037e-08,0.0054708640241824015,0.00128282087993381,0.007713419194615667,0.7092657466355937,0.013191716019873092,0.013393669975412066,0.08053422943974965,0.1638025981206197,0.0019943469502701435,0.0009632207651823635,0.0057917092362835465,0.3443451438784393
6,5046,40371,371,48,0.8965517282485962,0.8927790522575378,74,0.73758864402771,0.36078643798828125,2.7706197673418067e-08,0.005441541050956975,0.0010984896923115855,0.007737883852651017,0.70323374640635,0.011244388044740136,0.012578615293942143,0.08860516839888193,0.1269044260953295,0.001965024181597544,0.000829306720467925,0.005841728990374112,0.33637715560503967
6,5046,40372,372,48,0.8965517282485962,0.8927790522575378,74,0.73758864402771,0.34197235107421875,2.7620305339477974e-08,0.005101577999381074,0.0009527984379056338,0.006853936203410511,0.7443282003183127,0.011496246639281983,0.011859087434855314,0.0853081045009183,0.13476148258760376,0.0016250610737471608,0.000675205086706782,0.00485707407190868,0.3345761356916186
6,5046,40373,373,48,0.8965517282485962,0.8927790522575378,74,0.73758864402771,0.4437103271484375,2.767621915859753e-08,0.0067331307231436035,0.005302733691700834,0.03192640754560633,0.21089534466179577,0.025117734830365217,0.05013699790253436,0.3018620811855449,0.08320930781274959,0.0032566139073265513,0.005211613205483202,0.03137779433063553,0.10378721566630242
6,5046,40374,374,48,0.8965517282485962,0.8927790522575378,74,0.73758864402771,0.3922271728515625,2.7740062190255884e-08,0.006508120055473241,0.0017214363337182876,0.012942737653697061,0.502839525115014,0.018024372425322992,0.017212853332596808,0.1294160234634758,0.13927465813698015,0.003031602746540517,0.001541639271139239,0.011590921053637541,0.2615497709381015
6,5046,40375,375,48,0.8965517282485962,0.8927790522575378,74,0.73758864402771,0.4014892578125,2.754360391436052e-08,0.005891164173759418,0.0017289807587330924,0.010520678063335618,0.559960502383399,0.011753359518443508,0.0142741096208275,0.0868565547667095,0.13531920014571375,0.0024146472744544763,0.0014864418606296108,0.009044852695184832,0.2669636925916937
6,5046,40368,368,48,0.8965517282485962,0.8927790522575378,75,0.7272727489471436,0.3729591369628906,2.7633613501276448e-08,0.005520265319899053,0.0011651758666679553,0.008034762561440275,0.6870477226534887,0.013269916702421853,0.013215737916520445,0.09113243697461956,0.14561134479611834,0.0020923706030389513,0.0008993628070724408,0.0062017819096117175,0.33738216427703294
6,5046,40369,369,48,0.8965517282485962,0.8927790522575378,75,0.7272727489471436,0.38504791259765625,2.728328198980574e-08,0.005371068039209714,0.0012558939857399533,0.008306143703153801,0.6466379864304956,0.0113500061346112,0.013011238194005447,0.08605281609951934,0.13189581293289715,0.001943172462952406,0.0010020343429292871,0.006627184573196396,0.29321236514394877
6,5046,40370,370,48,0.8965517282485962,0.8927790522575378,75,0.7272727489471436,0.4093208312988281,2.730762763518678e-08,0.005578847376370429,0.0013520934627778867,0.008129945366373703,0.6862097006758643,0.01365973648297682,0.01401161878271439,0.08424986758229497,0.1621336255470555,0.0021509526246848744,0.0010465537801616698,0.006292778783358381,0.3418128459200239
6,5046,40371,371,48,0.8965517282485962,0.8927790522575378,75,0.7272727489471436,0.37075042724609375,2.7431191300993185e-08,0.0055226988148620905,0.0011490704413804542,0.008094180287851407,0.682304892955144,0.011669351786566272,0.012684661949422015,0.08935217286219971,0.13059953007033107,0.002094804263096193,0.0008911331473810228,0.006277241233981281,0.33371415642848934
6,5046,40372,372,48,0.8965517282485962,0.8927790522575378,75,0.7272727489471436,0.351531982421875,2.7185582325426444e-08,0.005191013983697236,0.0009945450221864186,0.0071542394091963476,0.7255857243223505,0.010702061629729996,0.011776657303439589,0.08471514502545568,0.1263299688209727,0.001763119376499459,0.0007269437320874253,0.005229254966190257,0.33716454598196216
6,5046,40373,373,48,0.8965517282485962,0.8927790522575378,75,0.7272727489471436,0.4598884582519531,2.751742293632625e-08,0.006990256943160814,0.005900276719684741,0.03552406176446845,0.1967752727575917,0.02431941732950833,0.050406369802291344,0.30348390071354336,0.08013412662855972,0.0035623624445702295,0.005815097992785748,0.03501122236741382,0.10174915937484794
6,5046,40374,374,48,0.8965517282485962,0.8927790522575378,75,0.7272727489471436,0.40662384033203125,2.747896397645491e-08,0.006669186149415684,0.0018402099912546385,0.013835745579434627,0.48202578683787917,0.018012549388264482,0.016895288504848976,0.1270283904310628,0.14179939875755362,0.0032412911678729086,0.001668953078951113,0.012548138687497448,0.2583085227693908
6,5046,40375,375,48,0.8965517282485962,0.8927790522575378,75,0.7272727489471436,0.4122276306152344,2.7391722124203285e-08,0.005973151991179135,0.0017918977491203,0.010903521768931753,0.5478185963913879,0.013084932826081693,0.014036425739465546,0.08541027169847831,0.15320092731088708,0.002545257412517134,0.0015563602282674554,0.009470299093541926,0.26876209371811915
6,5046,40368,368,48,0.8965517282485962,0.8927790522575378,76,0.7164179682731628,0.3859710693359375,2.7385859023794134e-08,0.005635931836374673,0.0012292319926355464,0.008476477651392419,0.6648907798923844,0.014743052847624831,0.013318219708415907,0.0918391258859731,0.16053128451951643,0.002259199715526763,0.0009748641297667627,0.006722420225489603,0.33606939758994653
6,5046,40369,369,48,0.8965517282485962,0.8927790522575378,76,0.7164179682731628,0.3966064453125,2.695354199859959e-08,0.0054603059795568605,0.0013176035457902948,0.008714274070411301,0.6265933267002631,0.011161611098547675,0.012982187535253589,0.08586068288684053,0.1299967659616456,0.0020835730095343182,0.0010741088630976505,0.007103865987911159,0.2933012831435715
6,5046,40370,370,48,0.8965517282485962,0.8927790522575378,76,0.7164179682731628,0.4230613708496094,2.6948076222931917e-08,0.00569945703126019,0.0014343641391842076,0.008624627222954704,0.6608351739644948,0.013208431289487456,0.014210318739540465,0.08544462211500153,0.15458470015479708,0.002322724873984014,0.0011437435818180011,0.00687716721462208,0.3377444231755029
6,5046,40371,371,48,0.8965517282485962,0.8927790522575378,76,0.7164179682731628,0.3818931579589844,2.7105861862191912e-08,0.005614438874429768,0.0012047048122888137,0.008486074998668668,0.6616060870674116,0.012134866575851702,0.01278904953622862,0.09008749066082948,0.13470090560673156,0.0022377069156579526,0.0009575779113931073,0.006745285558967518,0.33174383739514685
6,5046,40372,372,48,0.8965517282485962,0.8927790522575378,76,0.7164179682731628,0.3635597229003906,2.7014679460845703e-08,0.005273268313412829,0.0010376952731072633,0.007464639862436716,0.7064330511038817,0.012211686664138358,0.011972756960605147,0.0861257839247782,0.141788975468763,0.001896536299180479,0.000780346600562374,0.005613407415485805,0.33785830224053776
6,5046,40373,373,48,0.8965517282485962,0.8927790522575378,76,0.7164179682731628,0.4765815734863281,2.7286633664949256e-08,0.007248900525170181,0.006534784136612286,0.03934426914453042,0.18424285627320927,0.024414001104365212,0.050887463105802375,0.30638044083197213,0.0796852470022868,0.003872168620219989,0.006455032471058764,0.03886410470012553,0.09963354746230607
6,5046,40374,374,48,0.8965517282485962,0.8927790522575378,76,0.7164179682731628,0.4200019836425781,2.7296823997858922e-08,0.006838489135478134,0.001961480370553473,0.014747525279726474,0.46370418126213037,0.01752729752367121,0.016362100138562017,0.1230195769712298,0.14247567708487782,0.0034617567544631437,0.0017978108317228726,0.013516964577890658,0.2561045961550752
6,5046,40375,375,48,0.8965517282485962,0.8927790522575378,76,0.7164179682731628,0.4239311218261719,2.708781640669556e-08,0.006079296993178977,0.0018582628450631168,0.0113073468580949,0.5376413290821467,0.013422014096858816,0.014174577815673217,0.08625091351026304,0.15561590655224447,0.002702565007889622,0.0016285713312072139,0.009909696560974854,0.2727192493998788
6,5046,40368,368,48,0.8965517282485962,0.8927790522575378,77,0.7049808502197266,0.3971443176269531,2.733435849564816e-08,0.005781320927808919,0.0013022206744997505,0.008979789421939503,0.6438147551304425,0.01308268897389921,0.013143632801511478,0.0906352180610326,0.14434443093731505,0.0024584958124867053,0.0010582965960393399,0.00729774973204088,0.3368840947905684
6,5046,40369,369,48,0.8965517282485962,0.8927790522575378,77,0.7049808502197266,0.40758514404296875,2.6756125024442633e-08,0.005551323508171709,0.00138417201250823,0.009154539934358412,0.606401146095472,0.011522075581326334,0.013314897578074435,0.0880611372711524,0.13084177582045384,0.0022284975552349304,0.0011510589217914968,0.007612792897932649,0.29273061609755696
6,5046,40370,370,48,0.8965517282485962,0.8927790522575378,77,0.7049808502197266,0.43560028076171875,2.6786858600411792e-08,0.005819332371713651,0.0015274178593248989,0.009184145985309616,0.6336280347701234,0.013162336912323581,0.014099541999356447,0.08477853735802716,0.15525553191296382,0.0024965072196747873,0.0012524881008701405,0.007531032515449816,0.33149600862208933
6,5046,40371,371,48,0.8965517282485962,0.8927790522575378,77,0.7049808502197266,0.3929481506347656,2.6874359951842956e-08,0.005718532785925844,0.0012692072642057335,0.008940437460726947,0.6396256123982628,0.011521658269568778,0.012616853985601471,0.08887452600579271,0.12963960301535463,0.0023957078273311398,0.0010332028027477751,0.007277995724358662,0.32917137053446804
6,5046,40372,372,48,0.8965517282485962,0.8927790522575378,77,0.7049808502197266,0.3746452331542969,2.6816403415974737e-08,0.0053840347809371684,0.001089071434062011,0.007834213232365841,0.6872463923618852,0.009694892043193024,0.011953068576003653,0.08598415593019051,0.1127520755226601,0.0020612097697852148,0.0008414202450361465,0.0060527394360683886,0.34054163268658594
6,5046,40373,373,48,0.8965517282485962,0.8927790522575378,77,0.7049808502197266,0.49289703369140625,2.7163328701104597e-08,0.007522929420936647,0.007211807300026238,0.043420452994154694,0.17325773689992113,0.025366011220226938,0.05135980060262647,0.3092242644707641,0.08203111506673239,0.004200104522316497,0.007136915590820413,0.04296954910779994,0.09774606924032357
6,5046,40374,374,48,0.8965517282485962,0.8927790522575378,77,0.7049808502197266,0.4340057373046875,2.698331146823239e-08,0.007009129133129725,0.0020827157426660174,0.01565904177607677,0.4476090704246016,0.01563932861356382,0.016367711772234568,0.1230617684255461,0.12708519318106343,0.0036863037593349384,0.001925880683996942,0.014479866584118603,0.2545813345668561
6,5046,40375,375,48,0.8965517282485962,0.8927790522575378,77,0.7049808502197266,0.4362030029296875,2.699598477984756e-08,0.006196518694477892,0.0019321371583967027,0.011756864797381939,0.5270553673337942,0.012760110135542298,0.01429042508019379,0.08695583273413694,0.14674242928080156,0.002873693710042775,0.0017085567179116322,0.010396399781376913,0.27641238991121014
6,5046,40368,368,48,0.8965517282485962,0.8927790522575378,78,0.6929134130477905,0.40949249267578125,2.6971927417551815e-08,0.005906300984971826,0.0013733365938176862,0.00947018708842412,0.6236731048525315,0.013206627117377379,0.013200118591451454,0.09102472999931277,0.14508834156912181,0.0026403540354781917,0.0011397578462329755,0.007859486223490598,0.33594486463843476
6,5046,40369,369,48,0.8965517282485962,0.8927790522575378,78,0.6929134130477905,0.42067718505859375,2.6641380950419372e-08,0.005653527033671665,0.00146150405026777,0.009665993150777792,0.584888375719234,0.011800939225684617,0.013087320383999453,0.0865560031603034,0.13633877252660395,0.0023875792623016838,0.0012391957195789678,0.008195705879657943,0.2913207595977482
6,5046,40370,370,48,0.8965517282485962,0.8927790522575378,78,0.6929134130477905,0.4472198486328125,2.646205207023713e-08,0.005945025254779491,0.0016244332386871584,0.009767485640168043,0.6086546193967285,0.013763293341264067,0.014217911669370316,0.08549027732034553,0.16099249847664945,0.00267907827024469,0.0013637230206834878,0.008199872241261012,0.3267219526621173
6,5046,40371,371,48,0.8965517282485962,0.8927790522575378,78,0.6929134130477905,0.40345001220703125,2.6534920225641226e-08,0.005817867491012109,0.0013338625262199386,0.009395876334145825,0.6191937062718917,0.01311295459525889,0.012999810874921082,0.0915721170263256,0.14319811555180179,0.002551920696436615,0.0011082830597883794,0.007806869424925523,0.32688143704426825
6,5046,40372,372,48,0.8965517282485962,0.8927790522575378,78,0.6929134130477905,0.3848915100097656,2.6510464675027806e-08,0.00545782589199468,0.0011396651243499782,0.008198157915452298,0.6657380777829978,0.009908095392093882,0.011975597619669105,0.08614621814803616,0.11501486199971685,0.002191879045420138,0.0009033422435721579,0.006498174074360203,0.3373069142712903
6,5046,40373,373,48,0.8965517282485962,0.8927790522575378,78,0.6929134130477905,0.5088157653808594,2.6844455310191636e-08,0.00782835634206205,0.007934902317370264,0.04777402372957625,0.16386219394820664,0.02550055040919691,0.05159604161822837,0.3106466113924846,0.08208861604795807,0.004562409598564151,0.007864242364746322,0.04734859817065069,0.09635786010222766
6,5046,40374,374,48,0.8965517282485962,0.8927790522575378,78,0.6929134130477905,0.4498481750488281,2.6808431293598378e-08,0.007156856063394765,0.002208746264154564,0.01660661093331743,0.4309642763434737,0.0166815585512045,0.01647824984709047,0.1238928565556046,0.1346450393910937,0.003890908860698954,0.0020591933284134834,0.01548218688421183,0.2513151978979637
6,5046,40375,375,48,0.8965517282485962,0.8927790522575378,78,0.6929134130477905,0.4486427307128906,2.6741194730265138e-08,0.00630886975270667,0.002011423371282864,0.012239313613786124,0.5154594409281648,0.012365964925095504,0.01425851577861309,0.08676166776876022,0.14252797627235153,0.0030429229299979692,0.001794695539763065,0.010920546050140477,0.2786420125904626
6,5046,40368,368,48,0.8965517282485962,0.8927790522575378,79,0.6801619529724121,0.42256927490234375,2.6752709393597078e-08,0.00604064643512258,0.0014522198513439956,0.010014146384551097,0.6032113175858436,0.014044621313844546,0.013345453870405035,0.0920269258837264,0.15261426130423564,0.0028348016396393563,0.0012290536113289197,0.00847524757833208,0.33448009788962907
6,5046,40369,369,48,0.8965517282485962,0.8927790522575378,79,0.6801619529724121,0.43419647216796875,2.6246199768726898e-08,0.005766656063701212,0.0015430737561618905,0.010205473159977269,0.5650552378420106,0.011665843614726506,0.013072315391103677,0.08645676418896324,0.1349326883114569,0.0025608104587625078,0.0013306952138711077,0.008800858828064357,0.2909727912685684
6,5046,40370,370,48,0.8965517282485962,0.8927790522575378,79,0.6801619529724121,0.46213531494140625,2.630049380375356e-08,0.006088902824851351,0.0017369499366657218,0.010444032515478808,0.5830030513431625,0.01335212654893546,0.014129303717664996,0.08495749033022836,0.15716244085172434,0.0028830579920974646,0.001490450899417719,0.008961868921866945,0.32170276280908416
6,5046,40371,371,48,0.8965517282485962,0.8927790522575378,79,0.6801619529724121,0.41791534423828125,2.630651467237982e-08,0.00595211704836769,0.0014164595426098498,0.009977698925540117,0.5965420577215389,0.012015480610053014,0.0130948311771566,0.09224145062816852,0.13026118440491816,0.002746272404606733,0.0012018183171945247,0.008465742205437032,0.32439830294418465
6,5046,40372,372,48,0.8965517282485962,0.8927790522575378,79,0.6801619529724121,0.3959388732910156,2.62175614015112e-08,0.005539722950284361,0.0011940117824764764,0.00858909949642965,0.6449713328605792,0.01023820944211213,0.01203493154512222,0.08657303553519255,0.118260950177151,0.002333878253634654,0.0009684361567814249,0.006966425816404771,0.3350180300691295
6,5046,40373,373,48,0.8965517282485962,0.8927790522575378,79,0.6801619529724121,0.52618408203125,2.664797216039284e-08,0.008153572512732932,0.008703923190458557,0.05240410233294278,0.1555903478878476,0.025594852948747387,0.0518424459230068,0.3121301488870527,0.08200057905335228,0.004947727917062933,0.008637107005507686,0.052001819119150104,0.09514528531639176
6,5046,40374,374,48,0.8965517282485962,0.8927790522575378,79,0.6801619529724121,0.46392822265625,2.6533823732266297e-08,0.00733213637953506,0.002345066902515298,0.017631547043081355,0.41585326356329005,0.01686060114767507,0.016542387056319708,0.1243750765811929,0.13556253882318903,0.0041262913369704045,0.002202160898022884,0.016557098404433035,0.24921584906843472
6,5046,40375,375,48,0.8965517282485962,0.8927790522575378,79,0.6801619529724121,0.46018218994140625,2.6516897810057536e-08,0.006420336602912042,0.002096964627739786,0.012759823755828393,0.5031681256552921,0.013583703449329246,0.014383987297137602,0.08752514963276979,0.15519771752830513,0.0032144919325105274,0.0018876023648514513,0.011485874953718191,0.2798647857009741
6,5046,40368,368,48,0.8965517282485962,0.8927790522575378,80,0.6666666865348816,0.4368743896484375,2.659209822157992e-08,0.006199455863880341,0.0015422811407363988,0.010635186604268704,0.5829193313253226,0.011977715805346515,0.013397831589295452,0.09238810958726279,0.1296456422677777,0.0030572191114503827,0.0013292637141371657,0.009166271487559018,0.33352919075109366
6,5046,40369,369,48,0.8965517282485962,0.8927790522575378,80,0.6666666865348816,0.4465141296386719,2.5971985173158894e-08,0.005883703718896336,0.0016266357326279947,0.010758129508783715,0.5469076863308306,0.010234816384182853,0.013141362973259237,0.08691342625300004,0.11775874942945967,0.002741466176453359,0.0014234959072212383,0.009414617555688442,0.2911925163435797
6,5046,40370,370,48,0.8965517282485962,0.8927790522575378,80,0.6666666865348816,0.4749755859375,2.6073176718641233e-08,0.006233014143491122,0.0018540346396615686,0.011148046154179978,0.559112696277638,0.01402703501545718,0.014065702308117671,0.08457506411556286,0.16585308166353527,0.00309077735749921,0.0016208330840996625,0.009745838423527628,0.31713816946089535
6,5046,40371,371,48,0.8965517282485962,0.8927790522575378,80,0.6666666865348816,0.4311103820800781,2.613699115358543e-08,0.006072421672248986,0.0015038314043607538,0.010593156059958643,0.5732400842466862,0.012854294725208451,0.01320133080378848,0.09299164587077845,0.13823064001975865,0.0029301850716126334,0.0013005399135358005,0.009161148135582449,0.3198491093306983
6,5046,40372,372,48,0.8965517282485962,0.8927790522575378,80,0.6666666865348816,0.4105110168457031,2.6001818475027014e-08,0.005632947199446148,0.0012560712533372968,0.009035523039096714,0.6234223713527577,0.012073706017388193,0.012141406517559263,0.08733896108598115,0.1382396340334549,0.002490710548392126,0.001041351767313615,0.007490942779214754,0.3324962720718069
6,5046,40373,373,48,0.8965517282485962,0.8927790522575378,80,0.6666666865348816,0.5441703796386719,2.6522705145755984e-08,0.00849962919333731,0.009523431935390767,0.0573381555400353,0.1482368784500332,0.024837400234493243,0.051871513819242786,0.31230515927899,0.07952926647716817,0.005357392640199117,0.009460157231857145,0.05695719468290165,0.09405998083342028
6,5046,40374,374,48,0.8965517282485962,0.8927790522575378,80,0.6666666865348816,0.4802207946777344,2.638972176156731e-08,0.00752119294221004,0.00249463861724142,0.018756112283279554,0.4009995690266224,0.015507431087538551,0.016372669517853614,0.12309904357748996,0.1259752361745746,0.004378955948543626,0.0023583331701353487,0.017731290390010243,0.24696205703171592
6,5046,40375,375,48,0.8965517282485962,0.8927790522575378,80,0.6666666865348816,0.4762001037597656,2.6285292576804255e-08,0.006562466334468648,0.002196386425934723,0.013364795630734215,0.49102631389120077,0.013490280618502224,0.014230988207634335,0.08659416520363895,0.1557874088488276,0.003420229705906635,0.001994222975922258,0.01213465089776861,0.28185645674698123
6,5046,40368,368,48,0.8965517282485962,0.8927790522575378,81,0.6523604989051819,0.4498710632324219,2.6442546412248574e-08,0.006323453906710291,0.0016377138523746635,0.011293266813911742,0.559931329960315,0.01257833428459533,0.01354742655732103,0.09341967922653881,0.13464330415964496,0.003248647375830763,0.0014363661114230666,0.009904822942811989,0.32798641576812165
6,5046,40369,369,48,0.8965517282485962,0.8927790522575378,81,0.6523604989051819,0.45992279052734375,2.573943619904735e-08,0.005977075192122234,0.0017146046299492683,0.011339932042162337,0.5270820997779547,0.010652268019490848,0.013149415357100796,0.08696668254541036,0.1224867697342448,0.0029022678858360296,0.0015217407526513123,0.010064382435130501,0.28837019107157935
6,5046,40370,370,48,0.8965517282485962,0.8927790522575378,81,0.6523604989051819,0.4911766052246094,2.5790521393563124e-08,0.006400268818214508,0.0019813102782139185,0.011913336436535936,0.5372356310349887,0.01343929042743551,0.014242487748349443,0.0856380497820284,0.15693129936566838,0.0033254622516579535,0.0017602419552104017,0.010584084104702353,0.31419461700805074
6,5046,40371,371,48,0.8965517282485962,0.8927790522575378,81,0.6523604989051819,0.4448204040527344,2.5915431689353002e-08,0.00621795551194404,0.0016009958505100313,0.011277593250559987,0.5513548302192304,0.012145346150549411,0.013185539721701608,0.09288041172816326,0.13076326778240036,0.0031431491271795235,0.0014082264193679658,0.009919703887592878,0.31685916866035024
6,5046,40372,372,48,0.8965517282485962,0.8927790522575378,81,0.6523604989051819,0.4245262145996094,2.5683020315941822e-08,0.005771161317505786,0.0013272080296658146,0.009547243994206249,0.6044845319767693,0.011204999428313276,0.011968711555409376,0.08609668338469995,0.13014437940944532,0.0026963548837463775,0.001121754487548186,0.00806931811354018,0.33414903785016725
6,5046,40373,373,48,0.8965517282485962,0.8927790522575378,81,0.6523604989051819,0.5607109069824219,2.6237371346308088e-08,0.008850225715589969,0.010393689238774177,0.06257775287845027,0.141427668915828,0.025615189143910814,0.05208327266022961,0.3135801052694536,0.08168626999439314,0.005775419383404103,0.010333836369612815,0.062217394013623604,0.09282644307055793
6,5046,40374,374,48,0.8965517282485962,0.8927790522575378,81,0.6523604989051819,0.49504852294921875,2.5954900340897142e-08,0.007692572049173361,0.002653087897471956,0.019947424111240866,0.3856423769943511,0.01654640492249098,0.01649981614221584,0.12405500423106754,0.13337958452422677,0.004617765280123322,0.00252374172012204,0.018974925967012373,0.24336143857168344
6,5046,40375,375,48,0.8965517282485962,0.8927790522575378,81,0.6523604989051819,0.4916725158691406,2.604237005068687e-08,0.006711132080648203,0.0022961072145447643,0.013971586832943392,0.48034143586497463,0.013372695050195551,0.014182207619428386,0.08629734011656802,0.15496068629846635,0.003636325669195551,0.002100668680637768,0.0127823625538297,0.28447993505755154
6,5046,40368,368,48,0.8965517282485962,0.8927790522575378,82,0.6371681094169617,0.4636383056640625,2.6103210204068967e-08,0.00646911961946222,0.0017446362185357118,0.012030576819368814,0.5377231463288743,0.012847722087032188,0.013287052385074487,0.0916242037871829,0.14022192342182652,0.00346592013714547,0.001554441671369873,0.010719042594644217,0.32334232339716806
6,5046,40369,369,48,0.8965517282485962,0.8927790522575378,82,0.6371681094169617,0.4745941162109375,2.5602151081102602e-08,0.006085953032588076,0.0018134373299947717,0.011993584833297391,0.5074340255377063,0.010266447045776284,0.013267986110631626,0.08775087749259616,0.1169953775863096,0.003082752796506913,0.0016306592870674052,0.010784740211399283,0.28584395507723936
6,5046,40370,370,48,0.8965517282485962,0.8927790522575378,82,0.6371681094169617,0.5077323913574219,2.5507473592347282e-08,0.006564195828838033,0.0021235554649685763,0.012768636479603272,0.5140874547821715,0.013736995264436239,0.014356856955163142,0.08632573552904808,0.15912977955240037,0.0035609963142857436,0.001915314651722505,0.011516514136476537,0.30920782730660773
6,5046,40371,371,48,0.8965517282485962,0.8927790522575378,82,0.6371681094169617,0.45947265625,2.5578226504896856e-08,0.0063559944061904496,0.0017080426410650258,0.012031642776842346,0.5282731979396877,0.01153485857898072,0.013228150810329208,0.09318056898675486,0.1237903857468432,0.0033527950668608515,0.001526364744680026,0.010751883421192116,0.3118332793910734
6,5046,40372,372,48,0.8965517282485962,0.8927790522575378,82,0.6371681094169617,0.4386711120605469,2.545040676214197e-08,0.005897705898067605,0.0013988458641251912,0.010062569300799247,0.5861033819264393,0.009793100791887745,0.012090557771322777,0.08697318166311142,0.11259908634619223,0.00289450650960132,0.001202703098037416,0.008651620298320688,0.3345623605514859
6,5046,40373,373,48,0.8965517282485962,0.8927790522575378,82,0.6371681094169617,0.5783157348632812,2.6136357441923583e-08,0.009240653750225822,0.011323125770608334,0.0681736532627282,0.13554582023958892,0.025155222699168582,0.052364258541239904,0.31527184961741817,0.07978899077001135,0.006237454459253033,0.011266358842678442,0.06783187406324882,0.09195462377225508
6,5046,40374,374,48,0.8965517282485962,0.8927790522575378,82,0.6371681094169617,0.5123252868652344,2.5833070881129457e-08,0.007898763307233377,0.0028275404383067237,0.02125905755641641,0.3715481406582566,0.016029649325693687,0.01653605718770714,0.12432748502800554,0.1289308580647546,0.004895563591426265,0.0027046742627292804,0.020335279751879744,0.24074237734416862
6,5046,40375,375,48,0.8965517282485962,0.8927790522575378,82,0.6371681094169617,0.5042953491210938,2.5877591872084784e-08,0.006866268677605019,0.0024087774658575595,0.014657174243554958,0.4684578734966086,0.014035386711645366,0.014362985565074437,0.0873973561563572,0.16059280656654562,0.003863069314133538,0.002220798629518634,0.013513341491308816,0.2858707682787483
6,5046,40368,368,48,0.8965517282485962,0.8927790522575378,83,0.621004581451416,0.48021697998046875,2.6111956219206967e-08,0.006630930791681618,0.0018527452799887473,0.012776069979984398,0.5190117776491481,0.013564250282450273,0.01334695125063048,0.09203725144480246,0.14737782875431876,0.003703915746913726,0.0016722756602507486,0.011531596432574875,0.32119713593607646
6,5046,40369,369,48,0.8965517282485962,0.8927790522575378,83,0.621004581451416,0.49011993408203125,2.5429108132724756e-08,0.006192002347662561,0.0019242304977810903,0.012726340928485303,0.48655009184949893,0.010822969631429523,0.013349693921750163,0.08829127089245854,0.12258255569355468,0.0032649865664749747,0.0017520947831909215,0.011587881792550669,0.28175870490617955
6,5046,40370,370,48,0.8965517282485962,0.8927790522575378,83,0.621004581451416,0.5230522155761719,2.5245646575138385e-08,0.006746154039784004,0.0022800454952154057,0.01370958873720463,0.4920755953441925,0.01392914805141695,0.014597226661776265,0.08777104433076441,0.15869867058804812,0.0038191389636161484,0.002084047898447796,0.012531083110539258,0.30477325303221914
6,5046,40371,371,48,0.8965517282485962,0.8927790522575378,83,0.621004581451416,0.4747428894042969,2.5346462291150694e-08,0.006487370027038095,0.0018252237830216481,0.012857079804178748,0.504575698824674,0.012344278620436843,0.013429513961617356,0.09459899347246187,0.1304905915730521,0.003560355122457985,0.001654912268348051,0.011657386508431775,0.3054162371542527
6,5046,40372,372,48,0.8965517282485962,0.8927790522575378,83,0.621004581451416,0.453155517578125,2.523842895244698e-08,0.0059965230249042255,0.001475180775397344,0.010611682934006269,0.5650869011255254,0.010840225385381682,0.01212717887469722,0.0872366148261408,0.12426233419288256,0.003069508072288857,0.0012897051252044613,0.009277467612975265,0.33085624227843274
6,5046,40373,373,48,0.8965517282485962,0.8927790522575378,83,0.621004581451416,0.5963325500488281,2.5879682914223566e-08,0.009644370894656126,0.012319872925656011,0.07417481374751371,0.13002217878813885,0.025767904049774384,0.05244475392188989,0.31575649178079745,0.08160688606732691,0.0067173560290681306,0.012266136858102888,0.07385128258559918,0.09095787904945604
6,5046,40374,374,48,0.8965517282485962,0.8927790522575378,83,0.621004581451416,0.5273780822753906,2.5793993330710492e-08,0.00810502573376271,0.003013526371195448,0.022657405604210548,0.3577208209688628,0.01692481355297091,0.016584848046603314,0.12469432246150372,0.13573042636480923,0.005178010466808928,0.002897163648143985,0.021782524455471325,0.23771397467699465
6,5046,40375,375,48,0.8965517282485962,0.8927790522575378,83,0.621004581451416,0.5201950073242188,2.556673344234555e-08,0.007048133366900901,0.0025318338982071175,0.015405960545445893,0.4574939255562599,0.011583094728957261,0.014155800793504876,0.08613665717500689,0.1344734647111215,0.00412111844039933,0.002351004181178264,0.014305629481878326,0.288076693557579
6,5046,40368,368,48,0.8965517282485962,0.8927790522575378,84,0.6037735939025879,0.4945182800292969,2.585607874538252e-08,0.006823308895472094,0.001975284649979868,0.013621070954062856,0.5009377690259265,0.012155941354089188,0.013364107268483824,0.09215555507079984,0.1319067672561921,0.003977509641331108,0.0018042601841293587,0.012441728835318487,0.3196910729994454
6,5046,40369,369,48,0.8965517282485962,0.8927790522575378,84,0.6037735939025879,0.5064239501953125,2.508975573308883e-08,0.006320498017919599,0.0020482024165025745,0.013546257723810705,0.4665862813764314,0.011117629695193908,0.013275683670935491,0.08780178707793822,0.1266219067423448,0.0034746980491006476,0.0018862294823195746,0.012475012473318645,0.27853263125245575
6,5046,40370,370,48,0.8965517282485962,0.8927790522575378,84,0.6037735939025879,0.5401802062988281,2.5071691343492763e-08,0.006945460198645839,0.0024571481465235586,0.014774481748681118,0.4700983978179704,0.01314226334147988,0.014486187686194009,0.08710338278969966,0.15088120484608789,0.004099660912503205,0.002273365405592968,0.013669422309980493,0.2999147161844512
6,5046,40371,371,48,0.8965517282485962,0.8927790522575378,84,0.6037735939025879,0.49078369140625,2.519030031781821e-08,0.006649881608357874,0.001958930233059721,0.01379892294388791,0.48191309099985735,0.012413198264340506,0.013631072727501544,0.09601879588919053,0.12927883701713802,0.0038040824919277653,0.0017994019769202653,0.012675188123376794,0.30012039702289806
6,5046,40372,372,48,0.8965517282485962,0.8927790522575378,84,0.6037735939025879,0.4686851501464844,2.5043882593157054e-08,0.006130921268428935,0.0015598719351895202,0.011220907071153637,0.5463837486178027,0.012046165568482252,0.012268729985930885,0.08825485986865995,0.13649294312414345,0.0032851221045027018,0.0013839658694270393,0.009955530361280834,0.32997961788949365
6,5046,40373,373,48,0.8965517282485962,0.8927790522575378,84,0.6037735939025879,0.6146659851074219,2.572765638465513e-08,0.010091749924535785,0.0133848310327595,0.08058665498321378,0.12522854964805152,0.02567780165607273,0.05252132505363385,0.31621750704206014,0.08120297290389213,0.007245950848410466,0.01333388857219883,0.08027994341672848,0.09025854453829345
6,5046,40374,374,48,0.8965517282485962,0.8927790522575378,84,0.6037735939025879,0.5459442138671875,2.551283451213677e-08,0.008349748488439897,0.0032200880110132457,0.024210453521878547,0.3448819527851628,0.01579813659628912,0.01656922844652124,0.1245768854223532,0.12681434876725864,0.0055039490176886485,0.0031099096755061967,0.023382070116894534,0.23539186180576083
6,5046,40375,375,48,0.8965517282485962,0.8927790522575378,84,0.6037735939025879,0.5357017517089844,2.5348959006413443e-08,0.007173964482324484,0.00265962699930146,0.016183569011322656,0.4432869212783224,0.014015070108996271,0.01428679200417303,0.08693372582346082,0.16121556940349177,0.004328165340237668,0.0024878842876682916,0.01513853148288838,0.285903909842903
6,5046,40368,368,48,0.8965517282485962,0.8927790522575378,85,0.5853658318519592,0.5103111267089844,2.588371374411408e-08,0.006985889385412857,0.0021042197560597053,0.01451017533119705,0.48144762044281514,0.013543513132475425,0.013382398054353796,0.09228168377439859,0.14676274400871692,0.004226852455746225,0.001943489798017868,0.013401821574206267,0.3153938762982348
6,5046,40369,369,48,0.8965517282485962,0.8927790522575378,85,0.5853658318519592,0.522918701171875,2.4944419934606403e-08,0.006466752551669878,0.002179374723022265,0.014413795939773058,0.4486502083622322,0.011176875676402966,0.0134390899492302,0.08888251207935122,0.1257488724713883,0.00370771492622244,0.002026797679514701,0.013404692573114697,0.27659828123614477
6,5046,40370,370,48,0.8965517282485962,0.8927790522575378,85,0.5853658318519592,0.55712890625,2.4942855992790397e-08,0.007134387687946973,0.002644759548462557,0.01590256238057705,0.4486313285373882,0.013925263236426058,0.014651811468532156,0.08809925499739076,0.158063348399921,0.004375350727285552,0.0024731388898047726,0.014870631809917923,0.2942276282012056
6,5046,40371,371,48,0.8965517282485962,0.8927790522575378,85,0.5853658318519592,0.5092391967773438,2.513296254470997e-08,0.006825592249200675,0.002113682503424738,0.014889015188175344,0.45843141154301925,0.012300357137323992,0.013657601882294293,0.09620567021302995,0.12785480429674353,0.004066555452145016,0.0019651992575747713,0.01384308265144493,0.29376083019489535
6,5046,40372,372,48,0.8965517282485962,0.8927790522575378,85,0.5853658318519592,0.48609161376953125,2.4792270994102273e-08,0.006311263851325611,0.0016653037981586747,0.011979329035179646,0.5268461891973539,0.012126114299293656,0.01229813080947598,0.08846635409544391,0.13707035203701426,0.003552227008328673,0.0014991091563155963,0.010783811255947169,0.3294036703739278
6,5046,40373,373,48,0.8965517282485962,0.8927790522575378,85,0.5853658318519592,0.6328010559082031,2.560378717687413e-08,0.010566934942203534,0.01452620242159423,0.08745856110549621,0.1208221906310264,0.02505600872500708,0.05264477966724427,0.31696079579398834,0.079050813404988,0.007807898171746808,0.014477983183055298,0.08716824536447718,0.08957273533612603
6,5046,40374,374,48,0.8965517282485962,0.8927790522575378,85,0.5853658318519592,0.5628776550292969,2.5399121644546198e-08,0.008576834004117762,0.0034448210415297118,0.025900124292224286,0.3311503028845577,0.01590671127703136,0.016862717535947803,0.12678350335777558,0.12546357259227614,0.005817796866032776,0.0033412908993478195,0.025121725786706583,0.23158428347750387
6,5046,40375,375,48,0.8965517282485962,0.8927790522575378,85,0.5853658318519592,0.5526313781738281,2.5247388490554207e-08,0.007382535386162848,0.002808783230346688,0.01709117002425538,0.43195026295366146,0.01314505569933322,0.014301884455029761,0.08702556190425488,0.1510482140155021,0.004623498564275864,0.0026447342795947477,0.01609294827495505,0.2872996597815
6,5046,40368,368,48,0.8965517282485962,0.8927790522575378,86,0.5656565427780151,0.5251884460449219,2.5810886257937155e-08,0.007206684696495934,0.002247995436894874,0.015501616615441569,0.4648989118539524,0.012374672243000364,0.013472045400047006,0.0928998695414692,0.13320440926428304,0.004540544533349421,0.002096385614617946,0.014456153043096219,0.31409079025473063
6,5046,40369,369,48,0.8965517282485962,0.8927790522575378,86,0.5656565427780151,0.5381965637207031,2.4745994653964052e-08,0.0066253418894486734,0.002330016324651054,0.015410098816456358,0.4299350684483287,0.010556566945692457,0.013484375025425344,0.0891820153453562,0.11837102923512421,0.00395920105591363,0.00218719543773966,0.01446552003515184,0.2736991858082254
6,5046,40370,370,48,0.8965517282485962,0.8927790522575378,86,0.5656565427780151,0.5764312744140625,2.4707162817356688e-08,0.007363036796061007,0.0028581045326250745,0.017185375376261254,0.4284478304868348,0.013690540154370127,0.014578675777681235,0.08765950050754329,0.1561786238240318,0.0046968966064388894,0.002698040945704411,0.016222935831485073,0.2895219863548538
6,5046,40371,371,48,0.8965517282485962,0.8927790522575378,86,0.5656565427780151,0.5244216918945312,2.4877665966474266e-08,0.007009927939039302,0.0022809386468083492,0.016067186107941816,0.4362884634525009,0.012797638746513355,0.013692488300719556,0.09645141403356741,0.13268482245433402,0.004343787904868234,0.0021430414755220957,0.015095823060577423,0.2877476695001804
6,5046,40372,372,48,0.8965517282485962,0.8927790522575378,86,0.5656565427780151,0.5035629272460938,2.4568567629062363e-08,0.006507049956654135,0.00177818404414733,0.012791330791114677,0.508707816482564,0.010590607463112994,0.012272937752654287,0.08828512835308824,0.11995913310288042,0.00384090987841921,0.0016213500170687977,0.011663148403995063,0.3293201582776359
6,5046,40373,373,48,0.8965517282485962,0.8927790522575378,86,0.5656565427780151,0.6511421203613281,2.55780002848216e-08,0.011054783058628285,0.0157534882515546,0.09484773617261046,0.11655294585534469,0.025816156714828536,0.05282273908137953,0.3180322440530536,0.08117465193410366,0.00838864307043921,0.01570803387896181,0.09457406698450876,0.08869918930115663
6,5046,40374,374,48,0.8965517282485962,0.8927790522575378,86,0.5656565427780151,0.5828285217285156,2.5222833171477383e-08,0.00882363124758714,0.0037003086810141563,0.027821025708582237,0.3171569351903954,0.016235365986165696,0.016748273045978406,0.12592304457659853,0.12893085646678262,0.006157490881953506,0.0036035692242966993,0.027093683439495374,0.22726665776929852
6,5046,40375,375,48,0.8965517282485962,0.8927790522575378,86,0.5656565427780151,0.5694732666015625,2.5115071422038196e-08,0.007576559478348369,0.00297072926046599,0.018076595708095194,0.41913641266841956,0.013277390513785051,0.014369447560206977,0.08743667676191796,0.151851499913911,0.004910419419742345,0.002815329414983127,0.01713100291467667,0.2866393429619602
6,5046,40368,368,48,0.8965517282485962,0.8927790522575378,87,0.5445026159286499,0.5425224304199219,2.578060035960297e-08,0.007399952707384594,0.0024034449965392468,0.01657355806029379,0.4464914944916432,0.013262081709544783,0.013489548332500417,0.09302056540414119,0.1425715018171064,0.004833518691460404,0.0022619207340393963,0.01559764199611968,0.3098877825675745
6,5046,40369,369,48,0.8965517282485962,0.8927790522575378,87,0.5445026159286499,0.5573844909667969,2.4723447440184523e-08,0.00677235863361289,0.0024986936466194674,0.016525685077431483,0.4098080413538589,0.01093637581874333,0.013346046628848035,0.0882671486820518,0.12390086212184542,0.004205923973507512,0.002366293053716452,0.0156500233069937,0.26874873544935635
6,5046,40370,370,48,0.8965517282485962,0.8927790522575378,87,0.5445026159286499,0.5926704406738281,2.459238090686382e-08,0.007599667331014961,0.0030868730961964995,0.018560928157618797,0.4094443589500931,0.015184218833247018,0.014651365231596858,0.08809657183827171,0.1723587934967811,0.005033233286482328,0.0029380325726711615,0.017665971294150668,0.2849112116551931
6,5046,40371,371,48,0.8965517282485962,0.8927790522575378,87,0.5445026159286499,0.5428962707519531,2.4660410090444552e-08,0.007226372354969382,0.00247317802845298,0.01742134174315889,0.41479998851449407,0.011903261083713488,0.013577830824705995,0.09564375399047308,0.1244541393147236,0.004659938459723876,0.002345596396010322,0.016522642501388598,0.28203348582602594
6,5046,40372,372,48,0.8965517282485962,0.8927790522575378,87,0.5445026159286499,0.5221405029296875,2.4469211483001142e-08,0.006659763027123368,0.0019006242796861046,0.01367210213763155,0.4871060031648545,0.011091537111140252,0.012195760390847913,0.08772995456908082,0.12642816430967702,0.004093329093365296,0.001754723798252834,0.012622569988955255,0.3242865040120164
6,5046,40373,373,48,0.8965517282485962,0.8927790522575378,87,0.5445026159286499,0.6688232421875,2.54310821082794e-08,0.011606815570642179,0.017076646076372416,0.10281413207674685,0.11289124691514327,0.025653032255643488,0.052953281639448464,0.3188182075113879,0.08046288339641702,0.009040381726775897,0.017033790883387464,0.10255611188636381,0.0881505895698639
6,5046,40374,374,48,0.8965517282485962,0.8927790522575378,87,0.5445026159286499,0.6024208068847656,2.511599339676933e-08,0.009100808949657728,0.003977543724675631,0.029905436481283472,0.30431954923492033,0.016178538671953895,0.01666664204275878,0.12530929625585893,0.12910884631352681,0.006534374732087578,0.003887288264164727,0.02922684458431622,0.22357441677416212
6,5046,40375,375,48,0.8965517282485962,0.8927790522575378,87,0.5445026159286499,0.5850677490234375,2.5138650113092823e-08,0.007789754238840723,0.0031528892283831126,0.019185021217635198,0.4060331312889166,0.013476488005419247,0.01437069896395518,0.08744429143078898,0.15411512615532727,0.00522332032723245,0.003006446017054502,0.018293928663153408,0.2855220670972094
6,5046,40368,368,48,0.8965517282485962,0.8927790522575378,88,0.52173912525177,0.5595169067382812,2.5749672007858898e-08,0.007645025189660495,0.0025869866073970687,0.017839215293312265,0.42855165229866,0.013553495420754175,0.013481635681764192,0.09296600173550038,0.1457898066791721,0.005185883499453867,0.0024553907048605822,0.016931762726548436,0.306281370888961
6,5046,40369,369,48,0.8965517282485962,0.8927790522575378,88,0.52173912525177,0.5744895935058594,2.453753248662264e-08,0.006946439844451151,0.0026782239334565234,0.017713049917512644,0.39216509165839947,0.011601968307636136,0.013509509685762512,0.0893482492019245,0.12985109849680454,0.004487297537571398,0.002555401939818328,0.01690073841618347,0.2655089633997613
6,5046,40370,370,48,0.8965517282485962,0.8927790522575378,88,0.52173912525177,0.6103172302246094,2.447170459653514e-08,0.007916746983760603,0.0033428492023088226,0.020100076016166007,0.3938665195789984,0.01436387950273188,0.01441845291196916,0.08669610324208592,0.16568079723978935,0.0054576052675643465,0.0032038958108752177,0.019264569069400207,0.28329755251225386
6,5046,40371,371,48,0.8965517282485962,0.8927790522575378,88,0.52173912525177,0.5602531433105469,2.456774556340064e-08,0.007421894042983603,0.0026725289552375965,0.018825591895139517,0.3942449238421992,0.01334341716638996,0.013770030587490328,0.0969976305460215,0.13756436204963837,0.004962752469598582,0.0025551180422912507,0.017998536335336556,0.27573089150895025
6,5046,40372,372,48,0.8965517282485962,0.8927790522575378,88,0.52173912525177,0.5399360656738281,2.4360225389164106e-08,0.006845037649261895,0.002028984287249145,0.014595457243922673,0.46898411847371657,0.011738433573376512,0.012190493419632905,0.08769206671866389,0.13385969806181075,0.004385896035944865,0.0018928939451005084,0.01361649413286072,0.3221017093790957
6,5046,40373,373,48,0.8965517282485962,0.8927790522575378,88,0.52173912525177,0.6859664916992188,2.5449994748587785e-08,0.012194032190078042,0.018508521000002918,0.11143508591376644,0.1094272247388434,0.025727223944384144,0.052868014550312335,0.3183048361078327,0.0808257400640576,0.009734890671758431,0.01846828906422442,0.11119285968618438,0.08754960254851674
6,5046,40374,374,48,0.8965517282485962,0.8927790522575378,88,0.52173912525177,0.6196784973144531,2.501277994875911e-08,0.009396700198532743,0.004273687327316859,0.03213201255716254,0.292440449592633,0.016641194293497447,0.016980190392999354,0.1276667311254644,0.13034871455385919,0.006937558318688226,0.004189728344103036,0.031500761158477074,0.2202346249281434
6,5046,40375,375,48,0.8965517282485962,0.8927790522575378,88,0.52173912525177,0.602935791015625,2.510198298145401e-08,0.008027494349682082,0.003355047870494444,0.02041513669499473,0.39321286306401354,0.012355956834249853,0.01449077606623363,0.08817494880188399,0.14013001427437008,0.005568352758922641,0.003217663182242714,0.01957916436353438,0.2844019619802332
6,5046,40368,368,48,0.8965517282485962,0.8927790522575378,89,0.4971751570701599,0.5778846740722656,2.581651084023717e-08,0.007923201150150135,0.0027835872794856934,0.01919492455990475,0.4127758421463394,0.012204882457956437,0.01340287199129832,0.0924228669440411,0.13205479186602248,0.005579838112951594,0.002661375554777123,0.01835218294608681,0.30404220191916564
6,5046,40369,369,48,0.8965517282485962,0.8927790522575378,89,0.4971751570701599,0.5934715270996094,2.4469268689272854e-08,0.007165626085409613,0.002891330463524148,0.019122478964009145,0.3747226548867541,0.011683499028594292,0.013547336473133022,0.0895984253595426,0.1303984861531939,0.004822262464176594,0.0027780503428032435,0.018373274833642945,0.2624606940155624
6,5046,40370,370,48,0.8965517282485962,0.8927790522575378,89,0.4971751570701599,0.6290168762207031,2.438463854652505e-08,0.008220283983881593,0.0036106881450150862,0.021710553421119577,0.3786307895719079,0.013698618466895492,0.014616094424625432,0.08788449350079017,0.1558707107616468,0.005876920926326577,0.0034818606605334043,0.020935932110273493,0.28070978141177233
6,5046,40371,371,48,0.8965517282485962,0.8927790522575378,89,0.4971751570701599,0.5798492431640625,2.455789211586064e-08,0.007700685096251506,0.0029049439331187183,0.020462748909035704,0.37632700916596434,0.01377055940835131,0.013812152011857008,0.09729433855497123,0.14153505345607495,0.005357322175422878,0.002796786255306595,0.019700874169072038,0.27193322131021064
6,5046,40372,372,48,0.8965517282485962,0.8927790522575378,89,0.4971751570701599,0.5583343505859375,2.420788287020237e-08,0.007075423063182029,0.002176541989832148,0.01565691057926692,0.4519041625332775,0.011569635742672706,0.012295857335172439,0.08844999990423552,0.13080424822158404,0.004732060104653632,0.00205003032122657,0.014746851461710387,0.32088613063881727
6,5046,40373,373,48,0.8965517282485962,0.8927790522575378,89,0.4971751570701599,0.7037925720214844,2.5509727354861466e-08,0.012831187379510696,0.020051023788718408,0.12072210192021599,0.1062869779055926,0.025422594323604015,0.05279739279182189,0.3178796405060468,0.07997553502681912,0.010487824490745055,0.02001339759027815,0.12049556417277536,0.08703909195949193
6,5046,40374,374,48,0.8965517282485962,0.8927790522575378,89,0.4971751570701599,0.6380233764648438,2.513549557099181e-08,0.009737778272320828,0.004625524108458306,0.03477732163193905,0.28000368675251225,0.016912441479600127,0.01694083695617396,0.12737084959988848,0.13278109970002852,0.007394415054880835,0.004548106244257495,0.034195250087128364,0.21624099943822928
6,5046,40375,375,48,0.8965517282485962,0.8927790522575378,89,0.4971751570701599,0.6202850341796875,2.5088629978302614e-08,0.008231282072880444,0.003586996035542274,0.021826518492926213,0.3771229972177254,0.012557079821710409,0.01435582040590762,0.08735375686672608,0.14374973981792794,0.0058879191307324545,0.0034601938308356246,0.021054939534223768,0.2796455017675036
6,5046,40368,368,48,0.8965517282485962,0.8927790522575378,90,0.47058823704719543,0.5942153930664062,2.607528698492357e-08,0.00815216855472357,0.002995124452468298,0.020653632216366968,0.3947087112485419,0.013693526112169037,0.013441351419473892,0.09268821149651184,0.147737515818658,0.0059341192011232915,0.0028833507144931845,0.01988286835923105,0.29845387968724585
6,5046,40369,369,48,0.8965517282485962,0.8927790522575378,90,0.47058823704719543,0.6143951416015625,2.460288164249917e-08,0.007407224330990009,0.0031277629634418546,0.020686179676577893,0.35807599309295873,0.010877435403223654,0.013524868006556003,0.08944982498857397,0.12160376394937723,0.005189174416744933,0.003023931272964044,0.01999946491255906,0.2594656626781194
6,5046,40370,370,48,0.8965517282485962,0.8927790522575378,90,0.47058823704719543,0.6470756530761719,2.4509186382587942e-08,0.008513243449407706,0.003913543862501151,0.023531581704177025,0.3617794824177307,0.014069556317531927,0.014521489785812627,0.08731564928541069,0.16113441785838917,0.006295194072106822,0.003795700005152613,0.022823003378505666,0.2758267160419182
6,5046,40371,371,48,0.8965517282485962,0.8927790522575378,90,0.47058823704719543,0.5981864929199219,2.471298888625166e-08,0.008025277023803632,0.0031725431717733884,0.02234774777817424,0.35910898509609357,0.013727047756934448,0.013817553968900963,0.09733239054260089,0.14103267864284433,0.005807227776192473,0.0030735486357754897,0.02165041923066017,0.2682270358981588
6,5046,40372,372,48,0.8965517282485962,0.8927790522575378,90,0.47058823704719543,0.5793800354003906,2.421585131243005e-08,0.007315754918374806,0.002347384932417022,0.016885865815437887,0.43324724940585413,0.011679647601430492,0.012199147180093435,0.0877543173687032,0.13309484879653266,0.005097705631918514,0.002231171198625745,0.01604988468272697,0.3176163400977398
6,5046,40373,373,48,0.8965517282485962,0.8927790522575378,90,0.47058823704719543,0.7202491760253906,2.5611575985866195e-08,0.013504524500984452,0.021717022108347542,0.13075265303124395,0.10328298652385651,0.025743737045873107,0.05296863531024659,0.3189106480486129,0.08072398084979865,0.01128647527750712,0.021682069088190665,0.1305422098086803,0.0864584358886549
6,5046,40374,374,48,0.8965517282485962,0.8927790522575378,90,0.47058823704719543,0.6561775207519531,2.5161693087642124e-08,0.01012145094046032,0.005009926704676632,0.03766747903061983,0.2687052916982474,0.016807003562630526,0.017060759570498952,0.12827249603638563,0.13102577779310592,0.007903401423220349,0.004938837497020607,0.037132989925981415,0.21284042677345658
6,5046,40375,375,48,0.8965517282485962,0.8927790522575378,90,0.47058823704719543,0.6362075805664062,2.515317931367132e-08,0.008462608232034215,0.003833235314264636,0.023324860313620733,0.36281495872849484,0.014330436465593217,0.014356051643514566,0.08735516392484777,0.1640479603234651,0.006244558963545117,0.0037165383935635066,0.02261477101535763,0.2761274460530444
6,5046,40368,368,48,0.8965517282485962,0.8927790522575378,91,0.4417177736759186,0.6119728088378906,2.6359793504654586e-08,0.008492129715908363,0.003243402831755132,0.022365698080221152,0.37969437329650263,0.013114849439800307,0.013329108503879696,0.0919142123073747,0.14268576219684406,0.006410156997823944,0.003141207693049507,0.021660985857866872,0.29593099039376797
6,5046,40369,369,48,0.8965517282485962,0.8927790522575378,91,0.4417177736759186,0.6313858032226562,2.4769602702454394e-08,0.007620121012207229,0.003391810338072683,0.022432517713885984,0.3396908501041899,0.011871156961463373,0.013641258254480098,0.09021959866046049,0.13158068909328913,0.005538147768985189,0.0032981933759785556,0.021813360405199315,0.25388787725091383
6,5046,40370,370,48,0.8965517282485962,0.8927790522575378,91,0.4417177736759186,0.6640815734863281,2.4699067002861085e-08,0.00885412188724761,0.004243670501485814,0.025516586153067546,0.34699476780059735,0.013583141451986986,0.014580313567025976,0.08766934830154638,0.15493603768179712,0.0067721491439862985,0.004136289683461727,0.024870920592242506,0.2722918566230556
6,5046,40371,371,48,0.8965517282485962,0.8927790522575378,91,0.4417177736759186,0.6198692321777344,2.4771490503529364e-08,0.0083750795450787,0.003469192287686642,0.024437377221212538,0.3427159743562343,0.012964400217127884,0.013675000688957913,0.09632822934679343,0.13458567966047064,0.006293106924855296,0.0033793248260754276,0.023804340803167654,0.2643680401356827
6,5046,40372,372,48,0.8965517282485962,0.8927790522575378,91,0.4417177736759186,0.5980758666992188,2.428510327201601e-08,0.007583478817835475,0.0025432936552135296,0.01829513123225618,0.4145080306647394,0.010970429208514073,0.012278399541287958,0.08832441761864789,0.12420607465401383,0.005501506165537404,0.002437596523666197,0.01753480106410297,0.31374785179627845
6,5046,40373,373,48,0.8965517282485962,0.8927790522575378,91,0.4417177736759186,0.7367324829101562,2.5939869485874454e-08,0.014255397344364984,0.02354119430854622,0.14173552874835887,0.10057744497975808,0.026733187038131254,0.05302665717506445,0.31925998290312957,0.08373485081042145,0.012173424748348042,0.023508932263370627,0.1415412872000528,0.08600617522392788
6,5046,40374,374,48,0.8965517282485962,0.8927790522575378,91,0.4417177736759186,0.674102783203125,2.539242412118576e-08,0.01053160750011255,0.0054429939001896434,0.0409235245712878,0.25734849601643534,0.01520915417509434,0.016856690409097912,0.1267381879893848,0.12000451021414486,0.008449634614952904,0.00537839178689145,0.04043780913243279,0.20895381812799416
6,5046,40375,375,48,0.8965517282485962,0.8927790522575378,91,0.4417177736759186,0.6531257629394531,2.538432630538697e-08,0.008822598354297672,0.00411722938738199,0.025052936349210856,0.35215825527675426,0.013166345511807086,0.014333989261615776,0.0872209164983827,0.15095399177617244,0.006740625715025071,0.004009545821233412,0.02439769242793597,0.2762812809012579
6,5046,40368,368,48,0.8965517282485962,0.8927790522575378,92,0.41025641560554504,0.6302680969238281,2.679300770341707e-08,0.008821382845970106,0.0035148563695502925,0.024237574064817576,0.36395485878163525,0.013198273199551613,0.013273933242681333,0.09153373744887798,0.1441902577934492,0.00688769870811629,0.0034227771432010683,0.023602618654461515,0.29181925992836116
6,5046,40369,369,48,0.8965517282485962,0.8927790522575378,92,0.41025641560554504,0.651214599609375,2.5082376526204465e-08,0.007922901008967543,0.0037031851757528362,0.024491866812364007,0.3234911029716974,0.011753248621110211,0.01360921573483041,0.09000767808767055,0.13058051124996412,0.005989216385660351,0.003619193999884904,0.02393637185460699,0.25021404338300407
6,5046,40370,370,48,0.8965517282485962,0.8927790522575378,92,0.41025641560554504,0.6806449890136719,2.495935945675922e-08,0.009190946679745397,0.004624982525508955,0.02780936103009449,0.3304983048621369,0.014498562694338874,0.014593645508983368,0.08774951136920783,0.16522670574581186,0.007257262523588106,0.00452887927462972,0.027231505873858572,0.266502431308981
6,5046,40371,371,48,0.8965517282485962,0.8927790522575378,92,0.41025641560554504,0.637847900390625,2.5056260067468702e-08,0.008701953908777562,0.0037971928539464374,0.026747849775562323,0.3253328391550913,0.01415729552429927,0.01366851151031347,0.0962825188490061,0.14703910630445052,0.006768269861358156,0.003716960485865921,0.02618268403047121,0.2585017583942614
6,5046,40372,372,48,0.8965517282485962,0.8927790522575378,92,0.41025641560554504,0.6192398071289062,2.458064798028961e-08,0.007824714176689871,0.002768385735287195,0.019914326536678652,0.3929188447461749,0.010168362123707158,0.012183006152178773,0.08763820721236441,0.11602658757118614,0.005891030099698527,0.0026742140279484438,0.019236904273387777,0.3062358691386817
6,5046,40373,373,48,0.8965517282485962,0.8927790522575378,92,0.41025641560554504,0.7516441345214844,2.6415157333950885e-08,0.015144128601020494,0.025535621386737928,0.15374346567681468,0.09850258373162396,0.0261916629303475,0.052755562785959505,0.3176277927059417,0.08246023657821284,0.01321044459625065,0.0255059878335992,0.1535650496088888,0.08602507295700432
6,5046,40374,374,48,0.8965517282485962,0.8927790522575378,92,0.41025641560554504,0.6915435791015625,2.569016604085613e-08,0.010864765863696592,0.00590944091422016,0.04443053857679983,0.24453374214486376,0.016969601973249957,0.016971251005499163,0.12759951972476752,0.1329911116425315,0.008931081576487076,0.005851865910387427,0.0439976569445131,0.20298993620842942
6,5046,40375,375,48,0.8965517282485962,0.8927790522575378,92,0.41025641560554504,0.6706695556640625,2.574010887834278e-08,0.00913198160467634,0.004433867428929083,0.02697964772578107,0.3384766805516904,0.012608748733222767,0.014352433713962923,0.08733314917894824,0.14437528993013937,0.007198297547849292,0.004336626710065316,0.026387947504338094,0.2727873225708788
6,5046,40368,368,48,0.8965517282485962,0.8927790522575378,93,0.3758389353752136,0.6468505859375,2.732799619221949e-08,0.009188571213942223,0.0038245262289910106,0.026372980284786775,0.3484085270121193,0.013772765911299398,0.01330490034856052,0.09174727889791759,0.15011634216011613,0.007417108875289665,0.003742776905268182,0.02580925731003139,0.28738172455690253
6,5046,40369,369,48,0.8965517282485962,0.8927790522575378,93,0.3758389353752136,0.671844482421875,2.5468013510326757e-08,0.008244239329605902,0.004067019165047719,0.02689816657451668,0.30649818852027244,0.01164244283797474,0.013393325851096222,0.08857984069158907,0.13143445220804315,0.006472776546977577,0.003993072463675899,0.026409103058851656,0.245096417419147
6,5046,40370,370,48,0.8965517282485962,0.8927790522575378,93,0.3758389353752136,0.6972732543945312,2.534975022957191e-08,0.009636216444120218,0.0050551986065593335,0.03039618903493453,0.31702054599822543,0.014550091111948354,0.014548137751522841,0.08747587970683728,0.16633260689359028,0.007864754084370732,0.004969661602733091,0.029881867216913223,0.2631948675522947
6,5046,40371,371,48,0.8965517282485962,0.8927790522575378,93,0.3758389353752136,0.6561470031738281,2.5462315076376108e-08,0.009159616763206074,0.004170408784855872,0.029376824399128545,0.3117973760117445,0.01402734325161192,0.013708498465475316,0.09656419141892565,0.1452644406326246,0.007388154513519624,0.004098968003520192,0.028873587571157173,0.2558793393897441
6,5046,40372,372,48,0.8965517282485962,0.8927790522575378,93,0.3758389353752136,0.6389808654785156,2.484920769678837e-08,0.008021328874440578,0.003019743471763037,0.021722463306745148,0.36926423864414293,0.010312615455071757,0.012206387271126905,0.08780639881644293,0.11744719740334665,0.006249866590965463,0.002937736332641698,0.021132546617757528,0.2957460217176923
6,5046,40373,373,48,0.8965517282485962,0.8927790522575378,93,0.3758389353752136,0.7659225463867188,2.692243351301769e-08,0.016070935064698925,0.027695912531199914,0.16675002785873252,0.09637740557569152,0.025824687198792964,0.05280858263823189,0.31794701171826084,0.08122324238630281,0.014299472819697753,0.02766910556313558,0.16658862993885898,0.08583702756272091
6,5046,40374,374,48,0.8965517282485962,0.8927790522575378,93,0.3758389353752136,0.70855712890625,2.618666131504425e-08,0.011376917460347084,0.006448313535227289,0.04848208949729805,0.23466227586954827,0.01754692909912316,0.016890886415261645,0.12699529301726892,0.13816991702784698,0.009605454986544543,0.006397125617647207,0.04809722961296701,0.19970911139453476
6,5046,40375,375,48,0.8965517282485962,0.8927790522575378,93,0.3758389353752136,0.6876373291015625,2.616199203038125e-08,0.009423656510490874,0.004799692504620295,0.0292056573730271,0.3226654476606336,0.013556914537331814,0.014322375507009242,0.08715024794252703,0.15555795717611948,0.007652194242838893,0.004713817534741886,0.0286831166175988,0.2667839183885553
6,5046,40368,368,48,0.8965517282485962,0.8927790522575378,94,0.3380281627178192,0.6670875549316406,2.8274589573153246e-08,0.009649758357448211,0.0041979920472072114,0.028948307546552244,0.3333444741779905,0.014606379094660107,0.013212373812370764,0.09110923895031452,0.16031721110770716,0.008056511656265643,0.004126726897421934,0.028456880823934275,0.2831129562692457
6,5046,40369,369,48,0.8965517282485962,0.8927790522575378,94,0.3380281627178192,0.6895980834960938,2.6181329319264982e-08,0.008586111590209188,0.004470891336644919,0.029569268063241966,0.2903728144993457,0.011610247670792261,0.013612673938676373,0.09003054971411793,0.1289589778987168,0.006992864486452243,0.004406973727569856,0.029146534255955935,0.23992096024326764
6,5046,40370,370,48,0.8965517282485962,0.8927790522575378,94,0.3380281627178192,0.7155570983886719,2.5956156351419962e-08,0.010130570629089229,0.005544660217350022,0.033339251969718695,0.30386316520510426,0.014270330413356467,0.014334283875096202,0.08619000681446799,0.16556827108825597,0.008537323907432611,0.0054699729334871825,0.03289016797213747,0.2595706995070657
6,5046,40371,371,48,0.8965517282485962,0.8927790522575378,94,0.3380281627178192,0.6745643615722656,2.6134010690323234e-08,0.009649327671138623,0.004607504083409873,0.032455772409676946,0.29730697976738335,0.014388761516343994,0.01372185275105461,0.09665826049528654,0.14886220218131951,0.008056081040736573,0.004545391719435392,0.03201824599353303,0.2516090682282759
6,5046,40372,372,48,0.8965517282485962,0.8927790522575378,94,0.3380281627178192,0.6602668762207031,2.5410954748156786e-08,0.00825184109201816,0.0033283776298068403,0.023942616851576056,0.3446507599053431,0.010214513936637309,0.012123172549963156,0.08720779541056979,0.1171284503701522,0.0066585944437406236,0.0032586822868777465,0.023441264818337165,0.28405440130226556
6,5046,40373,373,48,0.8965517282485962,0.8927790522575378,94,0.3380281627178192,0.7797012329101562,2.7558475364625956e-08,0.017052197951157932,0.030083784654229114,0.1811267970873924,0.09414508634484585,0.02647262198444866,0.05261088938121559,0.31675675102265044,0.0835739787675612,0.015458951356815015,0.03006002601026947,0.18098375234973685,0.08541623850820491
6,5046,40374,374,48,0.8965517282485962,0.8927790522575378,94,0.3380281627178192,0.726654052734375,2.6879099915126542e-08,0.011997643613356876,0.007056530311268972,0.05305500922409473,0.22613592550104003,0.01594387493688349,0.016837767880012688,0.12659591765100667,0.12594304170879173,0.010404396764043361,0.007011649295341661,0.05271756821428179,0.19736109074213126
6,5046,40375,375,48,0.8965517282485962,0.8927790522575378,94,0.3380281627178192,0.7046585083007812,2.6962345972953495e-08,0.009839477961007311,0.005229603617797624,0.03182162426261997,0.3092072824379832,0.013270283401179809,0.014140919135585536,0.08604610374852875,0.15422294355084856,0.008246231319703059,0.005154659765982614,0.031365598286743984,0.2629068715449358
6,5046,40368,368,48,0.8965517282485962,0.8927790522575378,95,0.29629629850387573,0.6871414184570312,2.8958026526827072e-08,0.010261686701562953,0.0046349887953249696,0.03196172827701121,0.32106169643347393,0.013561002235066356,0.013192232172193855,0.09097034721641495,0.14907057794124118,0.008865137105544945,0.00457398955581264,0.031541092714663384,0.2810662644361577
6,5046,40369,369,48,0.8965517282485962,0.8927790522575378,95,0.29629629850387573,0.7088546752929688,2.7032025985176442e-08,0.008959461180111523,0.004971437655384216,0.03287974625705514,0.27249179814424684,0.011748817594699512,0.013464922571841863,0.08905336206993811,0.13193008463254394,0.0075629112401542605,0.004918096792097949,0.03252696419046616,0.232512053564808
6,5046,40370,370,48,0.8965517282485962,0.8927790522575378,95,0.29629629850387573,0.7323150634765625,2.6778875591844738e-08,0.01064165121205546,0.006077557602118119,0.036543488025373494,0.29120513084756905,0.015758927132171224,0.014342801032676504,0.08624121926960582,0.18273080164724873,0.009245101601901192,0.006014028129747872,0.036161494358705276,0.2556614920333232
6,5046,40371,371,48,0.8965517282485962,0.8927790522575378,95,0.29629629850387573,0.696258544921875,2.6849708429966347e-08,0.010234442887967167,0.005127933310668723,0.0361217339041173,0.2833319938387732,0.014535637156414682,0.013673612343606426,0.09631844968736435,0.1509122831980295,0.008837893359367441,0.00507532322694071,0.03575114260934697,0.24720589928940664
6,5046,40372,372,48,0.8965517282485962,0.8927790522575378,95,0.29629629850387573,0.6798057556152344,2.612513062472628e-08,0.008494146465259035,0.003694138934582337,0.02657371336566976,0.31964469355015,0.011738611403523417,0.012037883422324298,0.08659426980386727,0.13555875498587755,0.007097596918151131,0.003636738250055025,0.026160802707832123,0.27130654198260606
6,5046,40373,373,48,0.8965517282485962,0.8927790522575378,95,0.29629629850387573,0.7929229736328125,2.86044372751361e-08,0.01821521275784571,0.032703327307249376,0.1968983955092243,0.09251072214548527,0.026682676438825475,0.052646348994352804,0.31697024431238513,0.08418038259934828,0.01681866326384236,0.03268268499426338,0.1967741134058054,0.08547193008644074
6,5046,40374,374,48,0.8965517282485962,0.8927790522575378,95,0.29629629850387573,0.7433242797851562,2.7795819911515188e-08,0.01248483204574977,0.0077542291136489415,0.058300705729754966,0.21414547027306188,0.016474661184011197,0.016668251105742195,0.1253213941067377,0.13145928754973418,0.011088282343242224,0.007716585611879321,0.05801768046868225,0.19111902188553787
6,5046,40375,375,48,0.8965517282485962,0.8927790522575378,95,0.29629629850387573,0.7216033935546875,2.79112825107316e-08,0.010263033750694152,0.005718509560489541,0.03479656889420873,0.2949438429374067,0.013451614778147032,0.014051162597516563,0.08549994403198273,0.157328930801583,0.008866484213633284,0.005655070562867657,0.034410548825871114,0.25766761984822323
6,5046,40368,368,48,0.8965517282485962,0.8927790522575378,96,0.25,0.7092361450195312,3.024255172815153e-08,0.010777204725730566,0.005186481827050166,0.03576468686117106,0.30133647660791185,0.013061235354140735,0.013077592614625799,0.09017982138116747,0.14483545380883128,0.009598865948008779,0.005137574169343929,0.03542743183525849,0.2709444475863951
6,5046,40369,369,48,0.8965517282485962,0.8927790522575378,96,0.25,0.7281150817871094,2.8168186342904174e-08,0.00939529792833385,0.005581312870643584,0.036913296251286164,0.254523407077375,0.011536396279352504,0.013376425843526388,0.08846806860488962,0.1304018100686205,0.008216958857592684,0.0055386461699441876,0.03663111021379206,0.22431640235951406
6,5046,40370,370,48,0.8965517282485962,0.8927790522575378,96,0.25,0.7472953796386719,2.7901830682821495e-08,0.011441226069235933,0.006732852603108911,0.04048368351006101,0.28261326730292613,0.013386202351763656,0.014280483236882822,0.08586651124157159,0.15589549590647434,0.010262887278241078,0.006680114358757015,0.04016657596010031,0.25550814409562256
6,5046,40371,371,48,0.8965517282485962,0.8927790522575378,96,0.25,0.7176551818847656,2.7983886277937796e-08,0.010906504936087384,0.005761465154147894,0.04058440283593209,0.26873636604136814,0.013039421775591769,0.013542094542339364,0.09539202363358949,0.13669299883685787,0.009728166216012898,0.005718781260304605,0.04028373272928482,0.24149118159899
6,5046,40372,372,48,0.8965517282485962,0.8927790522575378,96,0.25,0.7035789489746094,2.714037676578109e-08,0.009001094249313227,0.004176460354530286,0.03004328269990184,0.29960421899377315,0.01294578331439856,0.011992651162916593,0.08626889246488047,0.15006316813060638,0.007822755510060673,0.00413034095155147,0.029711523711661882,0.2632902837961896
6,5046,40373,373,48,0.8965517282485962,0.8927790522575378,96,0.25,0.8061294555664062,3.003909025801333e-08,0.019538253556355,0.035629250303039976,0.21451463185857597,0.0910812161719396,0.02698001953397587,0.0525318813930721,0.3162810640703196,0.0853039356411718,0.018359914893944777,0.03561195790308656,0.21441051872741526,0.08562973030854953
6,5046,40374,374,48,0.8965517282485962,0.8927790522575378,96,0.25,0.7612571716308594,2.9021557981246404e-08,0.01310824295117153,0.008546852879247871,0.06426010211014486,0.2039872723623031,0.016552352351221752,0.016498962274270734,0.1240485843661048,0.13343443164470759,0.011929904092402717,0.008516265388917156,0.06403012795711863,0.18631704282072098
6,5046,40375,375,48,0.8965517282485962,0.8927790522575378,96,0.25,0.7391815185546875,2.9016860331440726e-08,0.010761249421059807,0.006308107314657208,0.03838421330675206,0.2803561280534783,0.013820249142902146,0.013964666660345336,0.08497362475158092,0.16264163360460887,0.009582910689317159,0.006256578355531793,0.03807066465263372,0.25171377428668595
6,5046,40368,368,48,0.8965517282485962,0.8927790522575378,97,0.1983470916748047,0.7311820983886719,3.19829781454603e-08,0.01124911311933445,0.005881358143101078,0.04055638086098205,0.27736974751011,0.013123492006526093,0.013078481933520457,0.09018595390275874,0.14551591948205422,0.010314232840457047,0.005845205668862819,0.040307082403279126,0.2558913279125841
6,5046,40369,369,48,0.8965517282485962,0.8927790522575378,97,0.1983470916748047,0.7513504028320312,2.987414423811147e-08,0.009837673767410581,0.006339077611916879,0.04192494763720372,0.23464963755090637,0.012393787030626194,0.013337497523679201,0.08821060720890837,0.140502230092058,0.00890279325626455,0.006307405743371392,0.04171547845073316,0.21341702377401556
6,5046,40370,370,48,0.8965517282485962,0.8927790522575378,97,0.1983470916748047,0.7674522399902344,2.9513261593621463e-08,0.011843080543950519,0.007536630849301662,0.04531668759455766,0.2613403841408043,0.014497342710091603,0.014119919311584744,0.08490106323341245,0.17075572622965968,0.010908200257706835,0.007497499766577079,0.0450813979689246,0.24196677009053819
6,5046,40371,371,48,0.8965517282485962,0.8927790522575378,97,0.1983470916748047,0.7412071228027344,2.9611896639859707e-08,0.011347191618896172,0.006525774533105766,0.04596828330678344,0.2468482789136851,0.013797164940411982,0.013436432114142575,0.09464772571008753,0.14577386658685962,0.010412311384833452,0.006494286943586174,0.04574648121596014,0.22760901184244053
6,5046,40372,372,48,0.8965517282485962,0.8927790522575378,97,0.1983470916748047,0.7322654724121094,2.8570324214325085e-08,0.00981611267513415,0.004840657153298188,0.034821168876196726,0.2819007228055549,0.0107233993113216,0.01189399519065963,0.08555921273301503,0.12533307599245505,0.00888123242454214,0.004805638665713259,0.03456926409728608,0.25691123766905344
6,5046,40373,373,48,0.8965517282485962,0.8927790522575378,97,0.1983470916748047,0.8194427490234375,3.17941363793203e-08,0.02107580849901132,0.03889306821380601,0.23416524733957772,0.09000399819554764,0.026571937442952123,0.05231834898032856,0.31499543985650763,0.08435657816207322,0.020140928279016108,0.038879400252655016,0.2340829560303409,0.08604184012613682
6,5046,40374,374,48,0.8965517282485962,0.8927790522575378,97,0.1983470916748047,0.7787704467773438,3.0710622063662184e-08,0.013819835909553966,0.009484092131026352,0.07130679998500297,0.19380810683497943,0.016025251075989906,0.01645908682585671,0.12374877806044172,0.12949825709117552,0.01288495556114243,0.009460779924735766,0.07113152555617981,0.18114268547447177
6,5046,40375,375,48,0.8965517282485962,0.8927790522575378,97,0.1983470916748047,0.7600593566894531,3.070806223466327e-08,0.011393274393484183,0.0070522259603761,0.042912102164387574,0.2655025929477623,0.01336403026609878,0.013922558318280284,0.0847173996268017,0.15774835305344823,0.010458394148937717,0.007012998786653854,0.04267340866593089,0.24507988641852674
6,5046,40368,368,48,0.8965517282485962,0.8927790522575378,98,0.14035087823867798,0.7611770629882812,3.4083289909297986e-08,0.011797176147582729,0.006913860065207327,0.0476762569463649,0.24744342159356975,0.013153407476852915,0.013222705778015804,0.0911804856119779,0.14425682632167316,0.011135652636787901,0.006890749245935671,0.04751689049297351,0.234351459475964
6,5046,40369,369,48,0.8965517282485962,0.8927790522575378,98,0.14035087823867798,0.7794380187988281,3.196082815551388e-08,0.01058507484924049,0.00740974755019298,0.0490060695049292,0.2159951809270443,0.011963340395633007,0.013481613450380625,0.08916375103369541,0.13417269077331667,0.009923551176789853,0.0073887885650447994,0.04886745243653829,0.20307076964319085
6,5046,40370,370,48,0.8965517282485962,0.8927790522575378,98,0.14035087823867798,0.7905807495117188,3.147417474617823e-08,0.012619180338148793,0.008571023637653838,0.05153634406667508,0.24485982788811608,0.015047109348704369,0.014315629441210679,0.08607784036110881,0.17480816532547286,0.011957656825913985,0.008544750431310226,0.05137836701992996,0.23273719114652944
6,5046,40371,371,48,0.8965517282485962,0.8927790522575378,98,0.14035087823867798,0.77056884765625,3.1586029245782586e-08,0.012063557739093143,0.007574663151012956,0.05335677166178508,0.2260923471075227,0.013720027372013503,0.013581672286292229,0.09567081367413396,0.14340870371130665,0.011402034264439226,0.007553984411930585,0.053211108318415926,0.21427921020192464
6,5046,40372,372,48,0.8965517282485962,0.8927790522575378,98,0.14035087823867798,0.7599525451660156,3.0392746531755014e-08,0.010081401380063469,0.005794085843153448,0.041679638784200945,0.24187832894283426,0.012733810505647706,0.012014617878247228,0.08642690958527541,0.1473361776644756,0.009419877888015401,0.005772532030533312,0.04152459187106432,0.22685058331854377
6,5046,40373,373,48,0.8965517282485962,0.8927790522575378,98,0.14035087823867798,0.833892822265625,3.3854346713838596e-08,0.022682863892516444,0.042546624162208564,0.2561623761755839,0.08854877219349615,0.02618836969099501,0.052607126411065894,0.31673409513880524,0.08268250906022051,0.022021340412155005,0.042537035688654586,0.2561046464210417,0.08598571216842132
6,5046,40374,374,48,0.8965517282485962,0.8927790522575378,98,0.14035087823867798,0.8009300231933594,3.278131840898416e-08,0.014464694205653767,0.010701825193732849,0.08046240989873127,0.17976958711352053,0.017096775233160368,0.01661497722822528,0.12492085078893328,0.13686086129886468,0.013803170636425601,0.010686358620641446,0.08034612340355117,0.1717963487435104
6,5046,40375,375,48,0.8965517282485962,0.8927790522575378,98,0.14035087823867798,0.7843132019042969,3.285746212459601e-08,0.011969518783706754,0.008086545152774276,0.04920583283951902,0.24325406345106287,0.013658543713913344,0.014051834470784294,0.08550403231481264,0.159741515623786,0.011307995305288776,0.008060789402637377,0.04904911163015832,0.23054434483041578
6,5046,40368,368,48,0.8965517282485962,0.8927790522575378,99,0.07476635277271271,0.8038482666015625,1.5735988684054644e-09,0.01243092906142316,0.008743540823715897,0.060293279730996366,0.20617437161960364,0.014101197975286526,0.013965331348647358,0.09630144657827557,0.1464276859416106,0.012078528705598597,0.008733147671368893,0.06022161114107624,0.2005680100006494
6,5046,40369,369,48,0.8965517282485962,0.8927790522575378,99,0.07476635277271271,0.8178253173828125,1.5793429180737514e-09,0.011229124166659462,0.009225183210942067,0.06101287075824312,0.18404516993067982,0.012071659881772978,0.014239348024819172,0.09417520290431362,0.12818299838481204,0.010876723717523974,0.009215525528898245,0.06094899745698825,0.17845615467587772
6,5046,40370,370,48,0.8965517282485962,0.8927790522575378,99,0.07476635277271271,0.8231697082519531,1.5456473126987724e-09,0.013753726077414126,0.010303650044000195,0.06195437981029311,0.22199763954588211,0.015025695435668333,0.014995133792697053,0.09016360322135342,0.1666492342678448,0.013401325723085155,0.010290797914871787,0.06187710178881605,0.2165797255473166
6,5046,40371,371,48,0.8965517282485962,0.8927790522575378,99,0.07476635277271271,0.8116035461425781,1.5087790695246712e-09,0.012837608417771509,0.009364811011169849,0.06596677275502856,0.19460719210025193,0.013953930384258207,0.014316999289976349,0.10085053906259185,0.13836247692833695,0.012485208089696363,0.009355203974993882,0.06589909972120936,0.18945946367273434
6,5046,40372,372,48,0.8965517282485962,0.8927790522575378,99,0.07476635277271271,0.806396484375,1.4520629262600522e-09,0.011320844716851979,0.007583046637518076,0.05454849190903377,0.2075372630966748,0.011495912031165198,0.012660311007909297,0.09107168999382872,0.1262292599593155,0.010968444374920885,0.007573031256188912,0.05447644646694236,0.20134287543106918
6,5046,40373,373,48,0.8965517282485962,0.8927790522575378,99,0.07476635277271271,0.8559188842773438,1.6115206732706293e-09,0.024320950480340994,0.04693900394122999,0.2826077749214408,0.08605902823127114,0.026594821199545274,0.0533252490917447,0.3210577287029379,0.08283501321393952,0.02396855017455721,0.04693400308561947,0.2825776660448536,0.08482110603444745
6,5046,40374,374,48,0.8965517282485962,0.8927790522575378,99,0.07476635277271271,0.8317413330078125,1.556962489729747e-09,0.015694638848916958,0.012575309057589286,0.09454832738134479,0.16599594391146943,0.017304385220879657,0.01731808025294423,0.13020717931251113,0.1328988563629605,0.015342238463878157,0.012567613695848502,0.0944904692740129,0.16236810528887524
6,5046,40375,375,48,0.8965517282485962,0.8927790522575378,99,0.07476635277271271,0.8175201416015625,1.5325650963978217e-09,0.012758782696492468,0.009851437443875472,0.05994502904939707,0.21284137982448434,0.013174263595245914,0.014842543131373738,0.0903154168359732,0.14586948781039696,0.01240638236154683,0.009839273680831411,0.059871013746231376,0.20721851168467573
