ordinal,source_batch,id,label,write_query,write_time,successor_time,read_query,read_time,quantized_input_changed_fraction,finite_recurrence_roundoff_rms,state_projection,state_rms,state_relative_norm,state_cosine,read_projection,read_rms,read_relative_norm,read_cosine,feedback_projection,feedback_rms,feedback_relative_norm,feedback_cosine
4,3375,27000,0,32,0.9444444179534912,0.9420035481452942,33,0.9420035481452942,0.1761474609375,3.366261370205339e-08,0.0025844506080595292,0.000430293904201206,0.002584450616137585,0.9999999968743627,0.012507234411156979,0.010379535401722505,0.06234203274155613,0.200622819968138,0.0,0.0,0.0,0.0
4,3375,27001,1,32,0.9444444179534912,0.9420035481452942,33,0.9420035481452942,0.14247512817382812,3.357041007847021e-08,0.0025844510646116,0.00030862728699052717,0.0025844510802269633,0.9999999939579576,0.007769761062914697,0.008561406490956365,0.0716933893615617,0.10837486038957508,0.0,0.0,0.0,0.0
4,3375,27002,2,32,0.9444444179534912,0.9420035481452942,33,0.9420035481452942,0.18035125732421875,3.389441800815915e-08,0.0025844505115106883,0.0004226880253257076,0.0025844505198411535,0.9999999967766978,0.008467183416684726,0.010116865452531088,0.061857768877671485,0.13688148748832563,0.0,0.0,0.0,0.0
4,3375,27003,3,32,0.9444444179534912,0.9420035481452942,33,0.9420035481452942,0.17891311645507812,3.3578903772230155e-08,0.002584450720021494,0.0004321414053036047,0.0025844507279733807,0.9999999969231813,0.004961128823498385,0.009804860428261643,0.0586386269876066,0.08460513280003863,0.0,0.0,0.0,0.0
4,3375,27004,4,32,0.9444444179534912,0.9420035481452942,33,0.9420035481452942,0.16184616088867188,3.359197886287829e-08,0.002584450301315015,0.0003669193807513376,0.0025844503122749176,0.9999999957592908,0.014843149666754532,0.010671034812983494,0.07516299411123753,0.19747948897282355,0.0,0.0,0.0,0.0
4,3375,27005,5,32,0.9444444179534912,0.9420035481452942,33,0.9420035481452942,0.16434860229492188,3.339704751181675e-08,0.002584450639070113,0.00038855143273049776,0.002584450648883924,0.9999999962027478,0.007226282824480904,0.009630866105829831,0.06405972558539073,0.11280539775101546,0.0,0.0,0.0,0.0
4,3375,27006,6,32,0.9444444179534912,0.9420035481452942,33,0.9420035481452942,0.18584442138671875,3.3619564995762065e-08,0.0025844504703820175,0.0004455750011477942,0.0025844504777722053,0.9999999971405188,0.009309551971051808,0.011401571050483233,0.06613206681898476,0.14077213096233193,0.0,0.0,0.0,0.0
4,3375,27007,7,32,0.9444444179534912,0.9420035481452942,33,0.9420035481452942,0.13690948486328125,3.35596359489854e-08,0.002584449260198716,0.0002903540798126881,0.0025844492777797406,0.9999999931973806,0.02645781573246169,0.009884692951243236,0.08798391114530062,0.30071197549706624,0.0,0.0,0.0,0.0
4,3375,27000,0,32,0.9444444179534912,0.9420035481452942,34,0.9395017623901367,0.1775970458984375,3.361990748480577e-08,0.002610803984962554,0.00043551965571652696,0.0026158377601145024,0.9980756546798498,0.010390040416769409,0.010360713236941313,0.062228982208209396,0.16696465293303048,3.321717177518925e-05,2.7566092316581578e-05,0.00016556870449826634,0.20062470063922658
4,3375,27001,1,32,0.9444444179534912,0.9420035481452942,34,0.9395017623901367,0.14338302612304688,3.3590835296198405e-08,0.002598222189814303,0.0003110940520944227,0.0026051078205936197,0.9973568730150495,0.018142292228361685,0.009521936197203346,0.07973688435225672,0.2275269767026986,2.063492226901588e-05,2.2737461422989816e-05,0.00019040395717851284,0.10837444018912723
4,3375,27002,2,32,0.9444444179534912,0.9420035481452942,34,0.9395017623901367,0.1804046630859375,3.375342076166754e-08,0.002600074070098823,0.0004260753796660972,0.00260516189362365,0.9980470221304558,0.010717279137386744,0.012430414418277214,0.07600355127260247,0.14101024173129756,2.2487353860966743e-05,2.6868650473267742e-05,0.00016428356973102954,0.13688133206372236
4,3375,27003,3,32,0.9444444179534912,0.9420035481452942,34,0.9395017623901367,0.18052291870117188,3.35285344397271e-08,0.0025907627029913022,0.00043397316662811917,0.0025954056997268718,0.9982110709181005,0.009586627127668982,0.010404545513755957,0.062225083959189076,0.15406370739421524,1.3175778519844269e-05,2.603996240817302e-05,0.00015573374589023873,0.08460451808004779
4,3375,27004,4,32,0.9444444179534912,0.9420035481452942,34,0.9395017623901367,0.16342926025390625,3.355017113292013e-08,0.0026170082800034515,0.0003725789532666385,0.0026243143388754225,0.9972160122879558,0.01174791852377108,0.010104317726586083,0.07117123944318983,0.16506553230885462,3.9421773901309066e-05,2.8340238870302183e-05,0.00019961861662449464,0.19748545785920316
4,3375,27005,5,32,0.9444444179534912,0.9420035481452942,34,0.9395017623901367,0.16539764404296875,3.364406650143724e-08,0.002596778047264556,0.00039123110478959266,0.002602274493061401,0.9978878301226484,0.008236907323140807,0.00968031895529735,0.06438866131469002,0.1279248109055125,1.9191203963001297e-05,2.5577814162618047e-05,0.0001701308831756677,0.1128025882472233
4,3375,27006,6,32,0.9444444179534912,0.9420035481452942,34,0.9395017623901367,0.18643951416015625,3.361201549271589e-08,0.0026023117353048465,0.00044965486841089524,0.002608114765199029,0.9977750097612214,0.010055174633168486,0.010175284863447686,0.05901928914114046,0.17037098852753454,2.472506014076306e-05,3.0280461263795136e-05,0.0001756345225355682,0.1407756276147585
4,3375,27007,7,32,0.9444444179534912,0.9420035481452942,34,0.9395017623901367,0.14070510864257812,3.345913418749202e-08,0.0026478533232597045,0.0002985290397385491,0.0026572148104352473,0.9964769550663428,0.018757559661336087,0.009704533122938406,0.08638030378959301,0.21715088785779396,7.026785504728246e-05,2.6251812257950417e-05,0.00023366806925612378,0.30071654749824545
4,3375,27000,0,32,0.9444444179534912,0.9420035481452942,35,0.9369369745254517,0.1791839599609375,3.359156490341552e-08,0.0026320411178175312,0.0004401934997112081,0.0026439100122980616,0.9955108553523673,0.009957866989027961,0.010647903485804185,0.06395391720816071,0.15570378522110773,6.149093615204096e-05,4.29025026624597e-05,0.00025768294265212505,0.23863021556321806
4,3375,27001,1,32,0.9444444179534912,0.9420035481452942,35,0.9369369745254517,0.14643478393554688,3.34702348604594e-08,0.002640656328417563,0.00031731245890711585,0.002657180883740654,0.9937811703282208,0.017707852554422747,0.009796285743476341,0.08203429294544694,0.21585914766399616,7.010569279566298e-05,3.6311201127761966e-05,0.00030407072522353913,0.23055719271930708
4,3375,27002,2,32,0.9444444179534912,0.9420035481452942,35,0.9369369745254517,0.18284988403320312,3.376213820935853e-08,0.002622233982482164,0.0004312008943022173,0.0026365009384323275,0.9945886778410756,0.015111805379147658,0.010758650912272074,0.06578185157146434,0.22972605693122572,5.1683896980312955e-05,4.5588487953227145e-05,0.00027874267622959376,0.18541795493755736
4,3375,27003,3,32,0.9444444179534912,0.9420035481452942,35,0.9369369745254517,0.18065261840820312,3.351406361672963e-08,0.0026098610149717536,0.0004381347566888515,0.0026202943688754116,0.9960182512210888,0.007882787240660825,0.010159777330983746,0.06076123138596496,0.1297338296287663,3.931072207794081e-05,3.960873483060986e-05,0.00023688270161281017,0.16595015934171092
4,3375,27004,4,32,0.9444444179534912,0.9420035481452942,35,0.9369369745254517,0.165802001953125,3.357726048633246e-08,0.002641934741775741,0.00037717195236997426,0.002656665799685662,0.9944550579483259,0.008512685437362685,0.009754748749429143,0.06870899923574998,0.12389476679982628,7.138486602574686e-05,4.09386582124801e-05,0.0002883574255050429,0.24755688500381084
4,3375,27005,5,32,0.9444444179534912,0.9420035481452942,35,0.9369369745254517,0.16707611083984375,3.351859151808282e-08,0.002612174738823465,0.00039446964202680796,0.002623815630113291,0.9955633729915225,0.009499249524441969,0.009750274783594387,0.06485397264957549,0.146471359214479,4.162452676744972e-05,3.7640813571194204e-05,0.0002503679483947918,0.16625341635908703
4,3375,27006,6,32,0.9444444179534912,0.9420035481452942,35,0.9369369745254517,0.18759536743164062,3.3315191143332826e-08,0.002622657138502056,0.00045395933643136815,0.002633081795224074,0.9960408914220112,0.011152213430775994,0.01043586112545711,0.060530698989340125,0.18424061867747432,5.210709399883833e-05,4.134309133619053e-05,0.00023980064384482015,0.21729338655386546
4,3375,27007,7,32,0.9444444179534912,0.9420035481452942,35,0.9369369745254517,0.142486572265625,3.353079457318307e-08,0.0026918312625676516,0.00030501822810919765,0.0027149752462752347,0.9914754347247419,0.020117584688972078,0.010710977461188032,0.09533869123430454,0.21101175638682795,0.00012128242174133342,4.201279403250843e-05,0.0003739569812997702,0.3243218546683887
4,3375,27000,0,32,0.9444444179534912,0.9420035481452942,36,0.9343065619468689,0.18172836303710938,3.3522420232708606e-08,0.002652608548703985,0.000444921270889239,0.002672306164357669,0.992628982443552,0.010360065184328412,0.010054030278141751,0.0603869692164153,0.17156127089604262,8.927507321754673e-05,5.593230196060417e-05,0.00033594310970411315,0.2657446175817598
4,3375,27001,1,32,0.9444444179534912,0.9420035481452942,36,0.9343065619468689,0.14826202392578125,3.332155018433868e-08,0.0026829568264220317,0.00032393270331106935,0.0027126189429220165,0.9890651370044505,0.015762396609237082,0.009228048499789138,0.07727586289024038,0.20397567907621264,0.00011962289909224753,4.986335391623272e-05,0.0004175567239992699,0.2864829907336295
4,3375,27002,2,32,0.9444444179534912,0.9420035481452942,36,0.9343065619468689,0.184722900390625,3.3487100812998534e-08,0.0026572982412587263,0.0004383222571963808,0.002680043241339102,0.9915131966046149,0.01031765256426889,0.012276855252018966,0.075064641146732,0.1374502349794831,9.396486218345141e-05,5.902053006897497e-05,0.0003608705013597783,0.26038388238824467
4,3375,27003,3,32,0.9444444179534912,0.9420035481452942,36,0.9343065619468689,0.18337249755859375,3.337309968495087e-08,0.0026246646533227614,0.0004416839493469032,0.0026415205541847667,0.9936188643941076,0.009521077102759493,0.01071184721512432,0.06406292244460554,0.148620711316944,6.1331067124987e-05,5.086199111249317e-05,0.000304183557380962,0.20162518859681644
4,3375,27004,4,32,0.9444444179534912,0.9420035481452942,36,0.9343065619468689,0.16675949096679688,3.345185381747913e-08,0.002658416680643746,0.00038072877263262367,0.002681718783312983,0.9913107583038778,0.006624673142856619,0.009537289543829519,0.06717729352244539,0.09861476691738365,9.508350922197692e-05,5.1868846955623045e-05,0.0003653458082189658,0.26025619312700504
4,3375,27005,5,32,0.9444444179534912,0.9420035481452942,36,0.9343065619468689,0.16891098022460938,3.337962573288172e-08,0.002631509521299098,0.00039838661414115463,0.002649869378136928,0.9930714106177042,0.0104688804985684,0.010091209205689367,0.06712169865490307,0.15596864662786175,6.817601501590198e-05,4.7924315667150626e-05,0.0003187686836022924,0.213873001091164
4,3375,27006,6,32,0.9444444179534912,0.9420035481452942,36,0.9343065619468689,0.18844223022460938,3.340368801824638e-08,0.0026466033554361458,0.0004591228085538728,0.002663031271652497,0.9938311215526369,0.008923350988856542,0.012613955747818447,0.07316421225398503,0.12196333034899194,8.32700167173271e-05,5.2903669912159666e-05,0.0003068549955185495,0.2713660130466848
4,3375,27007,7,32,0.9444444179534912,0.9420035481452942,36,0.9343065619468689,0.14395904541015625,3.337670129376949e-08,0.002740752711205473,0.00031327488999653545,0.0027884680102321516,0.9828883462705724,0.01632071011690993,0.009645633933681527,0.08585604056162338,0.19009390614974495,0.00017742057309588386,6.105141779364158e-05,0.00054342027060889,0.3264886915187912
4,3375,27000,0,32,0.9444444179534912,0.9420035481452942,37,0.9316081404685974,0.181976318359375,3.341925174706006e-08,0.002674867947518717,0.0004500020352970219,0.0027028224802430187,0.9896572812574106,0.008501640596171067,0.009815421818933866,0.05895382834829113,0.14420845658986792,0.00011893789302100754,6.752262966946234e-05,0.00040555745770191377,0.2932701415354747
4,3375,27001,1,32,0.9444444179534912,0.9420035481452942,37,0.9316081404685974,0.15145111083984375,3.316737864374283e-08,0.0027207326804052547,0.00033023104900978484,0.0027653614159010424,0.9838615179776614,0.013027386712118501,0.008969351429355966,0.07510952844310807,0.17344519373445583,0.00016480217359193472,6.227991451767997e-05,0.0005215332510653905,0.31599552522351376
4,3375,27002,2,32,0.9444444179534912,0.9420035481452942,37,0.9316081404685974,0.18843460083007812,3.3399302358823185e-08,0.002679422328607294,0.0004445807401192382,0.002718309618606195,0.9856943117396465,0.013717408674677651,0.013279822045356429,0.08119710266708623,0.16893963237727802,0.00012349236883414807,7.7605346807364e-05,0.00047450404762281893,0.2602556700049724
4,3375,27003,3,32,0.9444444179534912,0.9420035481452942,37,0.9316081404685974,0.18349838256835938,3.325587812946754e-08,0.0026445827752297753,0.0004464493208321364,0.002670020178735721,0.9904729545834404,0.007653071640794142,0.010198662877438688,0.06099378901087599,0.12547296642662256,8.865260889370579e-05,6.324109806047829e-05,0.00037821763875046965,0.23439575474742635
4,3375,27004,4,32,0.9444444179534912,0.9420035481452942,37,0.9316081404685974,0.16754531860351562,3.321574779385554e-08,0.0026698723303164393,0.00038371392121713615,0.0027027451138808387,0.9878372609405266,0.00973547552215746,0.010293326209298886,0.0725025483295437,0.13427770121826738,0.0001139425787881215,6.181831547763171e-05,0.0004354263446463974,0.2616804889944186
4,3375,27005,5,32,0.9444444179534912,0.9420035481452942,37,0.9316081404685974,0.1703948974609375,3.32506520873523e-08,0.0026541460446061257,0.0004031021286628596,0.002681234632615078,0.989896972208459,0.008068359830821454,0.010103855360865726,0.06720581458190339,0.1200544905379963,9.821595884688918e-05,5.903183769051342e-05,0.00039265038904097427,0.250135901015598
4,3375,27006,6,32,0.9444444179534912,0.9420035481452942,37,0.9316081404685974,0.19145965576171875,3.323804487358313e-08,0.002664731076092856,0.0004643540121110046,0.0026933736079544127,0.9893655556076713,0.012248875230782918,0.011041062571175805,0.06404102421294329,0.19126607329161524,0.00010880115703413589,7.009681900376479e-05,0.00040657971586808477,0.2676010454723141
4,3375,27007,7,32,0.9444444179534912,0.9420035481452942,37,0.9316081404685974,0.14687728881835938,3.323121744241577e-08,0.002779974040384894,0.00032029304577484705,0.0028509367988377885,0.9751089682234192,0.01885114100203415,0.011051608416525693,0.09837065629944075,0.1916337829916595,0.00022404531849841511,7.534597958062227e-05,0.000670656539892149,0.33406864046154644
4,3375,27000,0,32,0.9444444179534912,0.9420035481452942,38,0.9288389086723328,0.18363189697265625,3.3328705716160886e-08,0.0026921880043144024,0.0004545078411770577,0.0027298854543385325,0.9861908308408256,0.006213832720126816,0.010119900497660157,0.06078260189388838,0.10223044961080566,0.0001438554626525006,7.89909406238319e-05,0.00047443894317659166,0.3032117508932144
4,3375,27001,1,32,0.9444444179534912,0.9420035481452942,38,0.9288389086723328,0.15253067016601562,3.307687758546841e-08,0.0027513697064599366,0.0003357955054981071,0.0028119582859391793,0.978453243854218,0.01212757646256339,0.009615680391398002,0.08052190011127747,0.15061214956184157,0.00020303671333148996,7.344846249565617e-05,0.0006150588954363408,0.33010938438253096
4,3375,27002,2,32,0.9444444179534912,0.9420035481452942,38,0.9288389086723328,0.19091415405273438,3.335055822578815e-08,0.002712232826091675,0.0004543753758360074,0.0027781971712529797,0.9762564205867524,0.013604598136587596,0.011574709563958641,0.07077149660564067,0.1922327319485183,0.00016390037893181168,0.00010201102156200221,0.0006237281917373709,0.26277532602025483
4,3375,27003,3,32,0.9444444179534912,0.9420035481452942,38,0.9288389086723328,0.18677902221679688,3.317346726152493e-08,0.0026594711475136173,0.0004504140453907149,0.0026937314805130486,0.9872814594746074,0.00976628672086251,0.010819348323508797,0.0647058400507697,0.15093362072418276,0.00011113849509935079,7.397973910248014e-05,0.00044244080347810794,0.2511940450014348
4,3375,27004,4,32,0.9444444179534912,0.9420035481452942,38,0.9288389086723328,0.169708251953125,3.317509911172715e-08,0.002690874636267898,0.0003883409748513938,0.0027353364427593592,0.9837453975326672,0.01005998529758789,0.010958015621567212,0.07718438540117797,0.13033705256962966,0.00014254239591020979,7.261108057678084e-05,0.0005114467638286407,0.2787042679538165
4,3375,27005,5,32,0.9444444179534912,0.9420035481452942,38,0.9288389086723328,0.1721649169921875,3.3136101448261623e-08,0.0026702402420564863,0.0004069276018983362,0.002706679775658916,0.9865371833306144,0.006800613502648208,0.009968788710471091,0.06630741848076968,0.10256188008013772,0.00012190766878544832,6.902547534397189e-05,0.0004591230903168079,0.2655228442144537
4,3375,27006,6,32,0.9444444179534912,0.9420035481452942,38,0.9288389086723328,0.19435882568359375,3.31543136568445e-08,0.002693219687092263,0.0004712912904628035,0.0027336116201960342,0.9852239678799453,0.009863722105295413,0.010534569895166025,0.061103235434107804,0.16142716560291157,0.000144887280784746,8.44952013505028e-05,0.0004900940648313718,0.2956315760212232
4,3375,27007,7,32,0.9444444179534912,0.9420035481452942,38,0.9288389086723328,0.15056228637695312,3.323431851939067e-08,0.002827747090040367,0.0003304780161244641,0.002941593486979581,0.9612977124666837,0.018254809307496258,0.011975470713410681,0.10659397882858401,0.17125553908492516,0.0002794158763306665,9.630995511324097e-05,0.0008572574358038619,0.3259416187724921
4,3375,27000,0,32,0.9444444179534912,0.9420035481452942,39,0.9259962439537048,0.18587112426757812,3.326695132160011e-08,0.002702965874897856,0.0004580185041344788,0.0027509713562180907,0.9825496251672244,0.009715109645420595,0.010993962192748745,0.06603243059087513,0.14712633714202705,0.00016243233837821865,8.938114491244252e-05,0.0005368450558668115,0.30256837909394346
4,3375,27001,1,32,0.9444444179534912,0.9420035481452942,39,0.9259962439537048,0.155487060546875,3.289239422005507e-08,0.0027800646319504235,0.0003408621726567358,0.002854386658164317,0.9739621729238005,0.008713023800046295,0.009377865447505485,0.07853043300987371,0.11095092012227666,0.00023953064613067563,8.240098605650915e-05,0.0006900275069716972,0.3471320254780806
4,3375,27002,2,32,0.9444444179534912,0.9420035481452942,39,0.9259962439537048,0.19295120239257812,3.323789983458183e-08,0.0027455688280963618,0.0004641607707019581,0.0028380282223660785,0.9674212562295688,0.011777764670618683,0.010796759396255918,0.06601485909791724,0.1784108128315352,0.00020503538665993576,0.0001222036852088419,0.0007471926310690485,0.27440766695809177
4,3375,27003,3,32,0.9444444179534912,0.9420035481452942,39,0.9259962439537048,0.18829345703125,3.3199409612617386e-08,0.002681221779617167,0.0004556944867334655,0.002725311514975853,0.9838221300147125,0.005077913694336808,0.010058435065382478,0.06015514715313461,0.08441361936012161,0.000140688133388185,8.495845559545445e-05,0.0005080997555809421,0.2768907716307155
4,3375,27004,4,32,0.9444444179534912,0.9420035481452942,39,0.9259962439537048,0.17123794555664062,3.308734479200213e-08,0.0027134265684475556,0.00039364061694984034,0.0027726652468367803,0.9786347528044333,0.009401259718878414,0.011377285881830165,0.08013757678846674,0.11731400044319068,0.00017289333364263105,8.457541751374359e-05,0.0005957193205673404,0.29022616469443024
4,3375,27005,5,32,0.9444444179534912,0.9420035481452942,39,0.9259962439537048,0.17333602905273438,3.3118560362095606e-08,0.0026828813292266475,0.0004102702062131226,0.0027289131150899505,0.9831318243117515,0.008362542776135386,0.01008546318801589,0.06708347900660488,0.12465875204999474,0.00014234776215703814,7.802986507762459e-05,0.0005190158070323416,0.274264791608106
4,3375,27006,6,32,0.9444444179534912,0.9420035481452942,39,0.9259962439537048,0.1954498291015625,3.301222649513852e-08,0.0027151649427495867,0.0004766179456936766,0.002764507600942027,0.9821513754653356,0.00950350422788251,0.01110088127069521,0.06438798817221926,0.14759747116905378,0.00017463154155403568,9.456870454699051e-05,0.0005485229939273447,0.3183668569729398
4,3375,27007,7,32,0.9444444179534912,0.9420035481452942,39,0.9259962439537048,0.15462493896484375,3.309689651791769e-08,0.0028749613871535086,0.0003425152888056239,0.0030487375667436075,0.9430006106508829,0.018274969698749078,0.011307870652381218,0.10065165318023639,0.18156651303107946,0.00033442917524608893,0.00012001849393676713,0.0010682877615330667,0.31305158337315403
4,3375,27000,0,32,0.9444444179534912,0.9420035481452942,40,0.9230769276618958,0.1875762939453125,3.311030014830875e-08,0.002725072581500184,0.00046453023114134245,0.002790082384077642,0.9766996835116936,0.008925489569914664,0.010731079400548241,0.0644534921312755,0.13847953423122042,0.00019254847446512307,0.0001047206818408813,0.0006289780730415821,0.30612907304384457
4,3375,27001,1,32,0.9444444179534912,0.9420035481452942,40,0.9230769276618958,0.15618133544921875,3.300676099560576e-08,0.00279876884922786,0.00034524072232811125,0.0028910527207745263,0.9680794919845173,0.015707969156558824,0.011848617103433481,0.09922055684306433,0.15831365652788948,0.0002662442960043169,9.218831152003543e-05,0.0007719867663534502,0.3448819430700166
4,3375,27002,2,32,0.9444444179534912,0.9420035481452942,40,0.9230769276618958,0.19583511352539062,3.3095574591608095e-08,0.0027740440231450733,0.0004723862511101843,0.0028883214548289624,0.9604346560896712,0.010437553367891515,0.013099435459798194,0.08009416107213778,0.13031603338089534,0.00024152001143375892,0.0001373642618368825,0.0008398892720899036,0.28756172921792733
4,3375,27003,3,32,0.9444444179534912,0.9420035481452942,40,0.9230769276618958,0.18833541870117188,3.307794590704432e-08,0.0026887776384290933,0.0004582087239084403,0.0027403480794369606,0.9811810618531122,0.006456016821651601,0.010407194475665668,0.06224092625398402,0.10372623304651339,0.0001562534223474762,9.225244459744038e-05,0.0005517219471938205,0.2832104525517166
4,3375,27004,4,32,0.9444444179534912,0.9420035481452942,40,0.9230769276618958,0.17374420166015625,3.312236822606864e-08,0.0027345104480603986,0.0003999343233963351,0.0028169958885098994,0.9707186507492092,0.007805664804353282,0.010588261681154272,0.07457996945343406,0.10466167875312621,0.00020198664257819836,0.0001002605195729632,0.0007061996305253647,0.28601918472816806
4,3375,27005,5,32,0.9444444179534912,0.9420035481452942,40,0.9230769276618958,0.17533493041992188,3.313078452797376e-08,0.002700787242087691,0.0004147931099850057,0.002758997218772025,0.9789017631883506,0.007640904077860336,0.010071607619632309,0.06699131866518505,0.11405812320322728,0.0001682631055494169,8.844994984275909e-05,0.0005883250221430123,0.28600365311083925
4,3375,27006,6,32,0.9444444179534912,0.9420035481452942,40,0.9230769276618958,0.19994735717773438,3.30016613692238e-08,0.002736565934345372,0.00048286153432769023,0.0028007220330502534,0.9770930146055912,0.013569578704779348,0.011715377239901278,0.06795222404073233,0.19969292979498934,0.00020404196309509512,0.0001086135809102272,0.0006299869165749681,0.32388285808283807
4,3375,27007,7,32,0.9444444179534912,0.9420035481452942,40,0.9230769276618958,0.15706634521484375,3.304012000147456e-08,0.0029235120346475735,0.0003546766571586633,0.0031569862253369445,0.9260452298411748,0.018590533428246334,0.01199257724892644,0.10674624454975981,0.1741563228445039,0.000390989249082909,0.0001408823456078685,0.0012539974523280684,0.3117942930083554
4,3375,27000,0,32,0.9444444179534912,0.9420035481452942,41,0.9200779795646667,0.18903350830078125,3.3057148484145435e-08,0.0027452168846614153,0.0004709808810400426,0.002828826567860891,0.9704436870929488,0.009504661141210687,0.010507150288627098,0.06310851901958317,0.15060821088609766,0.0002209204863822954,0.00011946395978585247,0.0007175298126705759,0.3078903238320522
4,3375,27001,1,32,0.9444444179534912,0.9420035481452942,41,0.9200779795646667,0.16054534912109375,3.287309324850888e-08,0.002840709170499033,0.00035484550441415303,0.0029714833582585583,0.9559902674884353,0.015984176653950275,0.01133443819241595,0.09491481234792522,0.16840550235044194,0.00031641232651693195,0.00011075561793072442,0.0009274697619690746,0.34115648778152
4,3375,27002,2,32,0.9444444179534912,0.9420035481452942,41,0.9200779795646667,0.19797515869140625,3.315066422563749e-08,0.002798940870106875,0.00048338669602486544,0.002955581712690123,0.947001687718295,0.011248351604459519,0.012789487074914438,0.07819903697010179,0.14384258477198583,0.0002746445664011559,0.00016164417412970036,0.0009883444640687103,0.2778834469012238
4,3375,27003,3,32,0.9444444179534912,0.9420035481452942,41,0.9200779795646667,0.19044113159179688,3.293941476037422e-08,0.002701017541656754,0.0004622151369085908,0.00276430870174189,0.9771041634947453,0.009028906067747283,0.011050524843090895,0.06608840676849616,0.13661860694228892,0.00017672103432833793,0.00010268501533521927,0.0006141146378894592,0.28776554640625224
4,3375,27004,4,32,0.9444444179534912,0.9420035481452942,41,0.9200779795646667,0.17525863647460938,3.2966280889057576e-08,0.0027509864146152683,0.00040531026438566026,0.0028548621149822716,0.9636144597590667,0.009125915448749286,0.011303360580918216,0.07961687312153129,0.11462288194638114,0.0002266903165317939,0.00011301720987824611,0.0007960532440782177,0.2847677818263121
4,3375,27005,5,32,0.9444444179534912,0.9420035481452942,41,0.9200779795646667,0.17679977416992188,3.2921680059327206e-08,0.0027168369160825716,0.00041892492916226947,0.0027864800224737343,0.9750067806589416,0.009727584418166015,0.010165385661790835,0.06761508350425534,0.14386707690087833,0.00019254048786599388,9.747216238082042e-05,0.0006483362872784943,0.2969762631584551
4,3375,27006,6,32,0.9444444179534912,0.9420035481452942,41,0.9200779795646667,0.20296859741210938,3.2943035984559765e-08,0.0027717610641740434,0.0004924258444484274,0.0028561975103490833,0.970437462441202,0.012201959057585043,0.011168700020040426,0.06478135449370422,0.18835603474099777,0.0002474648006059488,0.00012627413730701312,0.000732422720423526,0.3378715510939522
4,3375,27007,7,32,0.9444444179534912,0.9420035481452942,41,0.9200779795646667,0.16132736206054688,3.2953600192673417e-08,0.002974411850289853,0.00036926299134412265,0.0032868195683896186,0.9049513635904176,0.015058199358603504,0.011066818587372074,0.09850604242896989,0.15286574292598928,0.0004501167689088505,0.00016506383419741358,0.0014692375163258115,0.3063607918442471
4,3375,27000,0,32,0.9444444179534912,0.9420035481452942,42,0.9169960021972656,0.19198226928710938,3.2907814687880604e-08,0.0027678589815550154,0.00047778548987611054,0.0028696967157464345,0.9645127188414646,0.007625447458609883,0.011011730625015509,0.06613915214856228,0.11529400076797996,0.00025201828367762714,0.00013294768487655636,0.0007985163692502957,0.3156081620646549
4,3375,27001,1,32,0.9444444179534912,0.9420035481452942,42,0.9169960021972656,0.16450119018554688,3.275999229872112e-08,0.002884735687819919,0.000365152146293897,0.003057791383706853,0.9434050024442333,0.015769037248692656,0.011033125743749896,0.09239161587027638,0.17067606297559915,0.0003688945464161438,0.00012886356666631723,0.0010791060872167308,0.34185197432034686
4,3375,27002,2,32,0.9444444179534912,0.9420035481452942,42,0.9169960021972656,0.20235443115234375,3.298897144114116e-08,0.0028272437718337424,0.0004964661208912921,0.0030355535225591443,0.9313766833042743,0.012947780800214187,0.012243554504037888,0.07486102966432845,0.17295755693277423,0.0003114031682854695,0.00018778067255755625,0.0011481514207400032,0.2712213412450118
4,3375,27003,3,32,0.9444444179534912,0.9420035481452942,42,0.9169960021972656,0.19209671020507812,3.278827910647737e-08,0.0027222142835247555,0.0004685555241679753,0.0028022278140209756,0.9714464576734727,0.008266397201008018,0.010805066710917592,0.06462042790649243,0.1279223531755272,0.00020637347677287735,0.00011640139271769438,0.0006961463549992561,0.2964512782274036
4,3375,27004,4,32,0.9444444179534912,0.9420035481452942,42,0.9169960021972656,0.17780685424804688,3.277763359049404e-08,0.0027723410386975554,0.00041245956414077717,0.0029052192532365217,0.9542622422073875,0.009842210749471584,0.011631817189603703,0.08193040527441928,0.12012891571213268,0.00025650064005376845,0.00012857808929288948,0.0009056585736743181,0.2832200207779495
4,3375,27005,5,32,0.9444444179534912,0.9420035481452942,42,0.9169960021972656,0.17906570434570312,3.2877738406263955e-08,0.0027403207569675694,0.00042450382657982353,0.002823588070048108,0.9705101059308837,0.010177558179545472,0.010443210586032196,0.06946303655563359,0.14651761115271963,0.0002244800289330175,0.00010775261511042124,0.0007167167396194486,0.3132060638798649
4,3375,27006,6,32,0.9444444179534912,0.9420035481452942,42,0.9169960021972656,0.2042236328125,3.285973158220215e-08,0.0028033492689516987,0.0005011411983055738,0.002906748821311398,0.9644277649304939,0.013963124950491282,0.011220064210390065,0.06507928010880279,0.21455561473862392,0.00028750870533867013,0.00014144470184041202,0.0008204159261810724,0.35044261838868135
4,3375,27007,7,32,0.9444444179534912,0.9420035481452942,42,0.9169960021972656,0.16576766967773438,3.279459761414666e-08,0.003014889160679879,0.0003821643382177753,0.0034016547951978915,0.886300739550642,0.016433480681949234,0.011740816216960305,0.10450531300280959,0.15725019340889806,0.0004990497753079033,0.00018565238518504065,0.0016524967485185564,0.30199743252463
4,3375,27000,0,32,0.9444444179534912,0.9420035481452942,43,0.913827657699585,0.19423675537109375,3.2799881797422414e-08,0.0027846433117591986,0.00048422499159386556,0.002908373940823481,0.9574571112305974,0.010342770312602811,0.011676264064019622,0.07013050280240543,0.1474789128739579,0.00027749523275804,0.0001471752224777509,0.0008839704460115922,0.3139191293216617
4,3375,27001,1,32,0.9444444179534912,0.9420035481452942,43,0.913827657699585,0.16755294799804688,3.261982390065475e-08,0.00292925232866766,0.0003757362619441173,0.003146422980064367,0.9309785579457394,0.015732385984299053,0.012041082178510718,0.10083226323506782,0.15602531847988496,0.0004221038076775009,0.00014613965478698653,0.0012237763950204942,0.34491906315159154
4,3375,27002,2,32,0.9444444179534912,0.9420035481452942,43,0.913827657699585,0.20624923706054688,3.288559738487439e-08,0.002862212159889781,0.0005101698809157192,0.0031193427183652434,0.9175689939545286,0.011594458720615949,0.016865128464769646,0.1031188191204971,0.11243785391944329,0.000355064175016006,0.00021098089396148285,0.0012900050354044004,0.27524247213864395
4,3375,27003,3,32,0.9444444179534912,0.9420035481452942,43,0.913827657699585,0.19477462768554688,3.2696248644404094e-08,0.0027413698466712912,0.0004741638285751716,0.0028357686555834536,0.9667113857379386,0.007179332396644238,0.010454825845717546,0.06252578886491217,0.11482194030618766,0.00023422165957271871,0.00012748841185039172,0.0007624530183203127,0.30719487489040315
4,3375,27004,4,32,0.9444444179534912,0.9420035481452942,43,0.913827657699585,0.1800384521484375,3.285713014593052e-08,0.002796768829593678,0.0004210495370567944,0.002965723983566586,0.9430307220398434,0.008657730825666924,0.010874947721406025,0.07659928449952488,0.11302626235001745,0.00028962104924253653,0.00014599544938483867,0.0010283402963908107,0.2816393077846177
4,3375,27005,5,32,0.9444444179534912,0.9420035481452942,43,0.913827657699585,0.18154525756835938,3.2767881952333533e-08,0.0027660167381947285,0.0004309023554265988,0.002866147897749016,0.9650642035489768,0.009069403180232354,0.010389410297823306,0.06910518382866128,0.131240562252449,0.0002588686296881662,0.00011942189768621858,0.0007943349965207108,0.325893522030433
4,3375,27006,6,32,0.9444444179534912,0.9420035481452942,43,0.913827657699585,0.20703506469726562,3.271811299104733e-08,0.0028419078369444524,0.0005108534645994901,0.002963082482757627,0.9591052066493938,0.013541829687534663,0.012312640251066579,0.07141650428667419,0.18961764962866537,0.00033475989167108214,0.0001556896011123068,0.0009030400335350081,0.3707032681160801
4,3375,27007,7,32,0.9444444179534912,0.9420035481452942,43,0.913827657699585,0.17098617553710938,3.2674326008409777e-08,0.0030612529971078013,0.00039733305827579477,0.0035366719701729493,0.8655744787544153,0.01639300383477788,0.015007395723109688,0.13358122283994409,0.12271937242571765,0.0005541062259373373,0.00020848718562866596,0.0018557499060179918,0.29858884763535865
4,3375,27000,0,32,0.9444444179534912,0.9420035481452942,44,0.9105690717697144,0.1973724365234375,3.256853314453695e-08,0.0028115949862602637,0.0004942319524308118,0.002968478199443461,0.9471502895953186,0.011827618994374919,0.013053133128897632,0.0784003157565783,0.1508618795758167,0.0003133869268212196,0.0001669097062273198,0.0010025005906122036,0.3126052291199565
4,3375,27001,1,32,0.9444444179534912,0.9420035481452942,44,0.9105690717697144,0.17204666137695312,3.257968332552014e-08,0.0029749058395200857,0.00038851323133473137,0.003253417577546646,0.9143941005456232,0.018217708912151128,0.011824286501900086,0.09901681189870531,0.1839860177561355,0.0004766973394207694,0.00016726475139297128,0.001400678376940557,0.3403331894520992
4,3375,27002,2,32,0.9444444179534912,0.9420035481452942,44,0.9105690717697144,0.210357666015625,3.2729396270072023e-08,0.0028933508813657493,0.0005321219776981195,0.0032535648977069947,0.8892863589120007,0.013672151411021287,0.01355577651944781,0.08288437706637494,0.16495450523893596,0.00039514291547504947,0.0002518010248600199,0.001539592443137126,0.25665423160293827
4,3375,27003,3,32,0.9444444179534912,0.9420035481452942,44,0.9105690717697144,0.19649887084960938,3.2695246654137904e-08,0.00275719530578765,0.00047922823292543166,0.002866056666288157,0.9620170243732502,0.006549598391279462,0.010832239807825255,0.0647829384394393,0.10110066861820709,0.00025898713881768057,0.00013780520523546535,0.0008241532947742018,0.31424631856702917
4,3375,27004,4,32,0.9444444179534912,0.9420035481452942,44,0.9105690717697144,0.18256378173828125,3.264966450236701e-08,0.0028176682459986886,0.00042863233911043827,0.003019134558650762,0.9332701776822734,0.010177256390930403,0.011767417321361724,0.08288552463101723,0.12278689718423878,0.0003194604840002694,0.00016049579458002458,0.0011304755981321748,0.28258945573712263
4,3375,27005,5,32,0.9444444179534912,0.9420035481452942,44,0.9105690717697144,0.18334579467773438,3.2611767402508094e-08,0.002788494088391623,0.0004368203706853907,0.002905511588337434,0.959725681213762,0.011365310707824088,0.010568964708669129,0.07029949035935505,0.16166988764395296,0.00029028599998566376,0.00013024893113851928,0.0008663510316557426,0.33506741422224473
4,3375,27006,6,32,0.9444444179534912,0.9420035481452942,44,0.9105690717697144,0.21027374267578125,3.2479897999228516e-08,0.002880062221582994,0.0005224395513885313,0.0030302847886776478,0.9504262544378851,0.010835013755555194,0.011142471825719593,0.06462922416958601,0.16764882906723896,0.000381854295752019,0.00017528531477853826,0.0010167002510438916,0.37558198235906026
4,3375,27007,7,32,0.9444444179534912,0.9420035481452942,44,0.9105690717697144,0.175537109375,3.2492725276212e-08,0.0031087917256984584,0.0004180410828937847,0.0037209946402822686,0.835473314592743,0.019126409823480253,0.014813903875006954,0.13185894682643678,0.14505204450522385,0.0006105849697170966,0.00023974943923740443,0.0021340160451161364,0.2861201400591474
4,3375,27000,0,32,0.9444444179534912,0.9420035481452942,45,0.9072164297103882,0.2010345458984375,3.253247234572871e-08,0.0028447910617816798,0.0005077169593308521,0.0030494724548841153,0.9328797370264444,0.009846496693187342,0.01325017868610398,0.07958381965183914,0.12372485683978847,0.00035578119832748323,0.00019222782427059338,0.001154567410842559,0.30815108324237894
4,3375,27001,1,32,0.9444444179534912,0.9420035481452942,45,0.9072164297103882,0.17716217041015625,3.24391238033939e-08,0.0030310281543498084,0.0004041804762345197,0.003384615400008408,0.8955310415305323,0.02033050190689764,0.013498604132588535,0.11303758125928565,0.1798561299738317,0.0005420178520579396,0.0001911519002887277,0.0016007098400336918,0.3386109327887502
4,3375,27002,2,32,0.9444444179534912,0.9420035481452942,45,0.9072164297103882,0.21409225463867188,3.260128797463247e-08,0.0029330370042403874,0.0005503231203953133,0.003364852537495745,0.8716688091250704,0.012589947279760998,0.012775568790302496,0.07811393610197827,0.1611741503247863,0.00044402723411335137,0.000279316604300835,0.0017078315446227863,0.25999474919607773
4,3375,27003,3,32,0.9444444179534912,0.9420035481452942,45,0.9072164297103882,0.19913101196289062,3.247754514455532e-08,0.0027711587468316253,0.0004845107656397933,0.0028976492083394876,0.956347213753887,0.008145750441869236,0.010783498620528395,0.06449143849186276,0.12630747014422747,0.0002821487758114403,0.00014924283656391076,0.0008925568179041464,0.3161129579111465
4,3375,27004,4,32,0.9444444179534912,0.9420035481452942,45,0.9072164297103882,0.18591690063476562,3.2487807929855995e-08,0.002844765026402954,0.00043881203138448796,0.0030908367097408945,0.9203867086985099,0.008567760247699868,0.010971871122937642,0.07728197865114533,0.11086362431758069,0.0003557554594176073,0.00017885906506095404,0.0012598199789922036,0.28238594827031943
4,3375,27005,5,32,0.9444444179534912,0.9420035481452942,45,0.9072164297103882,0.186767578125,3.2585883432763986e-08,0.002820073057132841,0.0004448337143657947,0.002958812360204397,0.9531098000881774,0.00895029607661174,0.010655526539108558,0.0708752565514281,0.1262823799461985,0.0003310631640214263,0.00014352433625173258,0.000954652415897037,0.3467892172150882
4,3375,27006,6,32,0.9444444179534912,0.9420035481452942,45,0.9072164297103882,0.21471405029296875,3.2429802285458464e-08,0.002909351756426251,0.0005319377636748806,0.0030853768814077223,0.9429485823783192,0.009940492265800167,0.012244524290057675,0.07102141406051722,0.13996471905402913,0.00042034202577383113,0.0001913559522807831,0.0011099141132753683,0.3787158130041228
4,3375,27007,7,32,0.9444444179534912,0.9420035481452942,45,0.9072164297103882,0.182342529296875,3.239905543034928e-08,0.003167766956094797,0.00044143782881688804,0.003929249689229296,0.8062014905232809,0.013123864471518436,0.01346531508529475,0.11985512264789581,0.10949773511202394,0.0006787583918014688,0.00027207745101011523,0.0024217685255770163,0.2802738513746875
4,3375,27000,0,32,0.9444444179534912,0.9420035481452942,46,0.9037656784057617,0.20446395874023438,3.248874942784406e-08,0.0028714227232547,0.000521750662388373,0.0031337623138841674,0.9162860599008518,0.008252114716572632,0.013651989011195345,0.08199719091300214,0.10063899292998962,0.0003918803277883635,0.00021892246950917918,0.0013149019906747125,0.29803006655064757
4,3375,27001,1,32,0.9444444179534912,0.9420035481452942,46,0.9037656784057617,0.18341445922851562,3.2354039887256843e-08,0.003096829002189529,0.0004244942306512098,0.003554723186191589,0.8711871051504767,0.02235498848956484,0.017335572165295687,0.14516842838438349,0.15399345944816803,0.000617286168905239,0.0002210584587361798,0.0018511479592261814,0.3334612805144314
4,3375,27002,2,32,0.9444444179534912,0.9420035481452942,46,0.9037656784057617,0.2186126708984375,3.271547426309825e-08,0.0029697683041280325,0.0005686558244952669,0.0034769445860100357,0.8541316177650065,0.012883275486537213,0.012501335049827476,0.07643718282139382,0.16854723069321892,0.0004902260011170085,0.00030640917632022204,0.0018734842426981208,0.2616653985896373
4,3375,27003,3,32,0.9444444179534912,0.9420035481452942,46,0.9037656784057617,0.20142364501953125,3.2372867167030115e-08,0.002791601353994721,0.0004915124073683007,0.0029395229974283547,0.9496783513641351,0.0073205170287920255,0.010693315719805236,0.06395209359094782,0.1144687627525648,0.0003120588511955919,0.00016255679954942383,0.0009721818686579508,0.3209881414743661
4,3375,27004,4,32,0.9444444179534912,0.9420035481452942,46,0.9037656784057617,0.1883392333984375,3.2489333157049065e-08,0.0028665336744982443,0.00044750305650839494,0.0031520532160739106,0.9094179184159524,0.007791151503067944,0.011289771613479849,0.07952115724228918,0.09797583150518621,0.0003869915741554304,0.00019404955157171317,0.0013668163920079154,0.2831335477232038
4,3375,27005,5,32,0.9444444179534912,0.9420035481452942,46,0.9037656784057617,0.18811798095703125,3.239939742870911e-08,0.002843389876998067,0.0004513521745993159,0.003002169911769348,0.9471115761473665,0.007630549063962998,0.010233746041580477,0.06806978271013328,0.11209891908215346,0.0003638474521337731,0.0001548261815406549,0.0010298266629337237,0.35330941140838296
4,3375,27006,6,32,0.9444444179534912,0.9420035481452942,46,0.9037656784057617,0.21834564208984375,3.247794476430433e-08,0.0029360953052503134,0.0005430978949716713,0.003150108535085987,0.9320616329716933,0.013549876289455,0.012086640458628884,0.07010564692251009,0.1932779581141601,0.00045655304207527957,0.00021192401544554927,0.0012292142098608968,0.371418617205007
4,3375,27007,7,32,0.9444444179534912,0.9420035481452942,46,0.9037656784057617,0.1882476806640625,3.2383740370772166e-08,0.003205636651166119,0.0004622052917044832,0.004114101420934902,0.7791826994964212,0.014848397385681394,0.01331891065352462,0.11855197296184297,0.12524799895536523,0.0007260955492820505,0.0003009742533809195,0.0026789797211818718,0.2710343581704018
4,3375,27000,0,32,0.9444444179534912,0.9420035481452942,47,0.9002123475074768,0.20838546752929688,3.230708295834824e-08,0.002892577864839293,0.000536339608263376,0.003221387097287604,0.8979293010997756,0.008759619742478622,0.012205262794221594,0.07330779878744732,0.11949096668250464,0.00042278422207770973,0.000246335603056737,0.0014795519873293693,0.28575151511968605
4,3375,27001,1,32,0.9444444179534912,0.9420035481452942,47,0.9002123475074768,0.19208145141601562,3.217799488259801e-08,0.003172545570925236,0.00045556237847891456,0.003814888478110275,0.8316221009157186,0.020680488398413358,0.01693091278759677,0.14177980265392418,0.14586343055430231,0.0007027514927797164,0.0002665483883444409,0.0022320815405109996,0.3148413174094135
4,3375,27002,2,32,0.9444444179534912,0.9420035481452942,47,0.9002123475074768,0.22443008422851562,3.241012772216543e-08,0.0030087450272360625,0.0005867970666186388,0.0035878659744269063,0.838589024417684,0.010370348466007961,0.012104875125296708,0.07401309934455487,0.1401150412271028,0.0005389514773825507,0.00033159648999501264,0.002027487578539146,0.2658223325692966
4,3375,27003,3,32,0.9444444179534912,0.9420035481452942,47,0.9002123475074768,0.20318603515625,3.2305544664792874e-08,0.0028094075598354834,0.0004982940100766259,0.0029800808283634477,0.9427286445040177,0.00822180786841412,0.010779737502375345,0.06446894487188248,0.127531292543303,0.0003396138114688365,0.00017564409679464953,0.0010504513297128679,0.323302757455376
4,3375,27004,4,32,0.9444444179534912,0.9420035481452942,47,0.9002123475074768,0.19252777099609375,3.234602418639278e-08,0.002885896807768747,0.0004568342133501194,0.0032177785837666693,0.8968599711390247,0.008141621318391707,0.01133502039159186,0.07983987362756757,0.10197437631690491,0.0004161034587169459,0.00021052294104476627,0.0014828491196351087,0.2806107871712116
4,3375,27005,5,32,0.9444444179534912,0.9420035481452942,47,0.9002123475074768,0.19141006469726562,3.234791924304795e-08,0.0028622117308441204,0.0004570881946728136,0.0030403230610108398,0.9414169722781036,0.009472806819915875,0.010778083407971192,0.07169044381513563,0.13213486087968576,0.00039241805974313525,0.00016505468668543693,0.0010978615858080914,0.35743855583970746
4,3375,27006,6,32,0.9444444179534912,0.9420035481452942,47,0.9002123475074768,0.2228240966796875,3.22176227546585e-08,0.0029778261679050356,0.0005569583373404944,0.003230502692769795,0.9217841466499082,0.013629604309196746,0.013038706168491334,0.07562787476829623,0.18021932192269374,0.0005080326574585046,0.00023302230198416927,0.0013515897394225855,0.3758778589689072
4,3375,27007,7,32,0.9444444179534912,0.9420035481452942,47,0.9002123475074768,0.19470977783203125,3.222127146283753e-08,0.0032514128012809057,0.0004853000810938638,0.004319668746857668,0.7526995683745745,0.021913073382582367,0.015429901578004316,0.13734195853287653,0.1595511933619097,0.0007816204469800107,0.0003313515520577512,0.0029493688532267327,0.26501278269243445
4,3375,27000,0,32,0.9444444179534912,0.9420035481452942,48,0.8965517282485962,0.2111663818359375,3.221540227575424e-08,0.002916436086209138,0.0005511130607664578,0.0033101200727057617,0.881066554128105,0.010324548533978071,0.012339101471785845,0.07411166667708449,0.13931070500632053,0.0004566855814100847,0.00027153514006756084,0.001630906580824963,0.2800194608198092
4,3375,27001,1,32,0.9444444179534912,0.9420035481452942,48,0.8965517282485962,0.20064544677734375,3.219336053062908e-08,0.0032437392168896168,0.0004883271105793083,0.00408926100069545,0.7932335980359195,0.0200203019263289,0.017615930630042357,0.1475161557811757,0.13571599544680965,0.0007839882783382717,0.0003117411341752281,0.0026105264988933916,0.3003180694279894
4,3375,27002,2,32,0.9444444179534912,0.9420035481452942,48,0.8965517282485962,0.2274932861328125,3.228607385878288e-08,0.003038679972115906,0.0006029829098132235,0.003686831424952925,0.8241982401337227,0.012173969144621275,0.013170347389663412,0.08052773941602837,0.15117733631795147,0.0005789295592166936,0.0003543542504244293,0.002166635844513572,0.267202059212063
4,3375,27003,3,32,0.9444444179534912,0.9420035481452942,48,0.8965517282485962,0.20567703247070312,3.2104528605117595e-08,0.002831416500155414,0.000505836570783333,0.0030251896197682833,0.9359467855017591,0.007584876962120728,0.010790884485717593,0.06453561015519024,0.11753010382765736,0.0003716658879774111,0.00018865564449917696,0.0011282677655468764,0.32941283915637076
4,3375,27004,4,32,0.9444444179534912,0.9420035481452942,48,0.8965517282485962,0.19431686401367188,3.2082148222914226e-08,0.0029072681011963115,0.0004670734620502626,0.0032899002292528195,0.88369491431556,0.010737450813440125,0.011464758207240147,0.0807537009034108,0.1329654330800659,0.00044751788681850733,0.00022766510206931505,0.001603592437478508,0.27907208612319556
4,3375,27005,5,32,0.9444444179534912,0.9420035481452942,48,0.8965517282485962,0.19383621215820312,3.2257108465280125e-08,0.0028890931471681606,0.0004652257534783875,0.0030944500500367273,0.9336370277277122,0.009077652586610358,0.01100034612392466,0.07316882472453526,0.12406448539778724,0.0004293426112951207,0.00017871713892967061,0.0011887374148323703,0.3611753158755118
4,3375,27006,6,32,0.9444444179534912,0.9420035481452942,48,0.8965517282485962,0.22814559936523438,3.216896552734086e-08,0.003021140482272688,0.0005736805139033622,0.0033274956503997494,0.9079322107933464,0.01315134900140445,0.012367016438283893,0.07173190026416666,0.1833403123710936,0.0005613901077285364,0.00025918862864021295,0.001503361215051948,0.37342330113866734
4,3375,27007,7,32,0.9444444179534912,0.9420035481452942,48,0.8965517282485962,0.20452880859375,3.2070732011931475e-08,0.00332729897588111,0.0005166464744660211,0.0045986838161962305,0.7235328865538884,0.01636430931735252,0.014359381611306813,0.127813232239225,0.1280329824280152,0.0008675497550561607,0.000369714362935372,0.0032908372387587324,0.2636258471972898
4,3375,27000,0,32,0.9444444179534912,0.9420035481452942,49,0.8927790522575378,0.21601486206054688,3.2108371422955865e-08,0.0029476089898939914,0.0005682727652385294,0.003413185462111899,0.8635947336041231,0.01191238612855706,0.013166869750988006,0.07908344577577892,0.15063059040613397,0.0004982090922415442,0.00029828102906177714,0.0017915489432088084,0.27808846313135693
4,3375,27001,1,32,0.9444444179534912,0.9420035481452942,49,0.8927790522575378,0.20867156982421875,3.189130132801631e-08,0.0033143347099840095,0.0005262114904895673,0.004406505556539933,0.7521458142870208,0.018865228845816658,0.01653347665193482,0.13845166449689766,0.13625859186575093,0.0008649343790176824,0.00036182723502695575,0.00302994851019007,0.28546174171237804
4,3375,27002,2,32,0.9444444179534912,0.9420035481452942,49,0.8927790522575378,0.23329925537109375,3.223148568890527e-08,0.0030771217366048313,0.000623754525156625,0.0038138357611434952,0.8068312138544277,0.011086231493205933,0.012564801844610524,0.07682523921509767,0.14430454895384526,0.0006277219301614686,0.0003825367900505721,0.002338952955061247,0.2683773219136984
4,3375,27003,3,32,0.9444444179534912,0.9420035481452942,49,0.8927790522575378,0.209136962890625,3.207711928256581e-08,0.0028514192492692133,0.0005133977275974644,0.0030704096264438153,0.9286771461082739,0.0065973890345310225,0.010845724241052086,0.06486358299893229,0.10171175765359156,0.00040201924540932084,0.00020193067750395706,0.0012076599929335828,0.3328910850418728
4,3375,27004,4,32,0.9444444179534912,0.9420035481452942,49,0.8927790522575378,0.19861984252929688,3.19827435122525e-08,0.0029402179061164217,0.00047856560936484577,0.00337084684933886,0.8722490334122124,0.007459414956486177,0.01152170123547752,0.08115478744947606,0.09191589542551794,0.0004908182987827037,0.00024420121506808274,0.0017200669674310193,0.2853483661253946
4,3375,27005,5,32,0.9444444179534912,0.9420035481452942,49,0.8927790522575378,0.19701385498046875,3.201729382006212e-08,0.0029151346826569993,0.0004736664955154792,0.003150593662946667,0.9252652022192385,0.009913169606736797,0.010803717171863333,0.07186094684805155,0.13794933189090847,0.0004657347547950406,0.0001928330834160315,0.0012826296484319542,0.36310930077471126
4,3375,27006,6,32,0.9444444179534912,0.9420035481452942,49,0.8927790522575378,0.23129653930664062,3.1879539007106004e-08,0.003063768437906264,0.0005890815581746769,0.0034168256983662148,0.8966709772088262,0.01252806349294424,0.012032809662683825,0.06979341435573527,0.17950208638724877,0.0006143686703453503,0.0002814746733258535,0.0016326260496748219,0.37630703642620256
4,3375,27007,7,32,0.9444444179534912,0.9420035481452942,49,0.8927790522575378,0.2113037109375,3.1947697891302226e-08,0.003382158414374539,0.0005470782331692845,0.004869557698364356,0.6945514611133118,0.01690704108669837,0.016197521320767582,0.14417456199095027,0.11726785122995284,0.0009327597937362182,0.0004073029809708439,0.0036254145135026727,0.25728362653765563
4,3375,27000,0,32,0.9444444179534912,0.9420035481452942,50,0.8888888955116272,0.22084808349609375,3.187643315023834e-08,0.0029866712434782863,0.0005900800700646748,0.00354416547796608,0.8427008451062145,0.013389724844214915,0.013738205017625123,0.08251502537164271,0.16227014151554092,0.0005479442171859827,0.00033052797341710365,0.001985231991920342,0.27601016879440315
4,3375,27001,1,32,0.9444444179534912,0.9420035481452942,50,0.8888888955116272,0.21625137329101562,3.1879305812589456e-08,0.003382095615782709,0.000564565736214976,0.004727684778127573,0.7153809474417218,0.020267921058834792,0.017102371546142334,0.143215601730728,0.1415203428530242,0.0009433681585380561,0.0004102520253172794,0.0034354586735847684,0.27459744044997864
4,3375,27002,2,32,0.9444444179534912,0.9420035481452942,50,0.8888888955116272,0.23703765869140625,3.2009070395108585e-08,0.0031120205543740988,0.0006427806759292691,0.0039301677656213745,0.7918289345294848,0.01134122724765407,0.012661887263346116,0.07741885068712093,0.14649180589735553,0.0006732936194988143,0.00040772544530837145,0.00249296449377223,0.2700775005744345
4,3375,27003,3,32,0.9444444179534912,0.9420035481452942,50,0.8888888955116272,0.21220779418945312,3.1999572401703964e-08,0.002867741134570797,0.0005204997589412149,0.003112883802375997,0.9212490143004732,0.007578119159236808,0.010939794834627415,0.06542617850832544,0.11582701805321699,0.00042901400277674045,0.00021479319781828935,0.0012845851604411805,0.33397085377305696
4,3375,27004,4,32,0.9444444179534912,0.9420035481452942,50,0.8888888955116272,0.2028350830078125,3.2049101379279695e-08,0.0029599098316161086,0.0004895043279053627,0.003447895312927883,0.8584685911193205,0.008792558956946526,0.011373670335079529,0.08011211015623382,0.1097531813829316,0.0005211830946913848,0.0002617274075388098,0.0018435152669217943,0.2827115695991111
4,3375,27005,5,32,0.9444444179534912,0.9420035481452942,50,0.8888888955116272,0.19916534423828125,3.2084796700012155e-08,0.002945627703191739,0.0004824343845960556,0.0032089132950849303,0.9179517900042783,0.007434992602028635,0.010667589499819366,0.07095549335924893,0.10478388987284092,0.0005069006476876336,0.0002059931931826402,0.0013701641454396806,0.3699561467688028
4,3375,27006,6,32,0.9444444179534912,0.9420035481452942,50,0.8888888955116272,0.23589706420898438,3.1965024174740405e-08,0.0031050069430357493,0.0006048432506324435,0.0035082475992763646,0.8850592368897252,0.012904709302001313,0.012640918935642885,0.07332060573089828,0.1760038555786657,0.0006662800467801942,0.0003040737262198352,0.0017637064130224,0.3777726507431666
4,3375,27007,7,32,0.9444444179534912,0.9420035481452942,50,0.8888888955116272,0.22014236450195312,3.188807519781804e-08,0.0034410906833955484,0.0005829662764805262,0.005188998112897195,0.6631512689979124,0.015286648214874172,0.01463446869861991,0.13026178961645046,0.11735327957557598,0.0010023649291983994,0.0004506390512718096,0.0040111500115655755,0.24989465023951335
4,3375,27000,0,32,0.9444444179534912,0.9420035481452942,51,0.8848758339881897,0.22680282592773438,3.173800571310228e-08,0.003033637758165488,0.000616558288685407,0.0037032001465041185,0.8191935726264462,0.011644657592426432,0.013922029383900376,0.08361911955481066,0.13925831382132162,0.0006059209444592434,0.0003677157189649219,0.0022085907031534095,0.2743473218437956
4,3375,27001,1,32,0.9444444179534912,0.9420035481452942,51,0.8848758339881897,0.22577285766601562,3.17494546628822e-08,0.0034583301623468485,0.0006069222537434401,0.0050823791039227234,0.6804549781966504,0.019416495196631467,0.015967723254075663,0.13371403421638378,0.1452091047167912,0.0010306129165861737,0.0004614610700440829,0.003864284239373578,0.2667021504487573
4,3375,27002,2,32,0.9444444179534912,0.9420035481452942,51,0.8848758339881897,0.24332427978515625,3.194819047846817e-08,0.0031491721768371946,0.0006637365007640749,0.004058298417882651,0.7759833931779274,0.010560466241973314,0.01324928336818721,0.08101037937388571,0.13035942213322801,0.0007214554522250537,0.0004349642185633895,0.0026595111132193296,0.27127371216423846
4,3375,27003,3,32,0.9444444179534912,0.9420035481452942,51,0.8848758339881897,0.21437835693359375,3.181299854548154e-08,0.002889006543004716,0.0005279320392792817,0.0031573330546218544,0.9150148220111435,0.005992374971427396,0.01084980529498021,0.0648879900163252,0.09234952369336409,0.00046128962251876514,0.00022651503871192168,0.0013546884179835874,0.34051344677869233
4,3375,27004,4,32,0.9444444179534912,0.9420035481452942,51,0.8848758339881897,0.20710372924804688,3.18662875598905e-08,0.0029862426355847763,0.0005014735796191805,0.00353220248761604,0.8454335916625936,0.008027438896650281,0.011295935511070537,0.07956457355630472,0.1008921249476638,0.0005585261055472101,0.0002793191506878222,0.001967425282200428,0.2838868192862387
4,3375,27005,5,32,0.9444444179534912,0.9420035481452942,51,0.8848758339881897,0.20209121704101562,3.1790927005763864e-08,0.002965896388442977,0.0004899273669749874,0.0032587528826916964,0.9101323405637242,0.008449049411412227,0.010884351586539246,0.0723972868220598,0.11670395096681664,0.0005381795421557983,0.00021851708471154718,0.0014534668355391037,0.3702730113936055
4,3375,27006,6,32,0.9444444179534912,0.9420035481452942,51,0.8848758339881897,0.23912811279296875,3.18171738272615e-08,0.0031492494286588274,0.0006228647173776522,0.0036127767766759773,0.8716977613979158,0.011841657790037164,0.012906860538843188,0.07486313594843746,0.15817742123697828,0.0007215327418654186,0.0003296065081393097,0.0019118031649960402,0.3774095341383709
4,3375,27007,7,32,0.9444444179534912,0.9420035481452942,51,0.8848758339881897,0.228668212890625,3.188167703475521e-08,0.00349456958733926,0.0006159995416067865,0.005483028071950451,0.6373430049020621,0.020575942656536426,0.01668673957758283,0.14852910652264237,0.13853138376887594,0.0010668540387037608,0.0004895753537219559,0.004357723060622131,0.24481914611422118
4,3375,27000,0,32,0.9444444179534912,0.9420035481452942,52,0.8807339668273926,0.23162078857421875,3.1712615102838575e-08,0.0030739432282153975,0.0006438946185816256,0.0038673888416109557,0.794836866451461,0.011857427805596333,0.013126193946436531,0.07883913692755086,0.15040027412391266,0.0006575898887832376,0.0004057793391334321,0.002437210131958828,0.2698125533618725
4,3375,27001,1,32,0.9444444179534912,0.9420035481452942,52,0.8807339668273926,0.23637771606445312,3.1528188101352e-08,0.003533026234440945,0.0006462978451445176,0.005412111094646583,0.652800020667657,0.015857361147835123,0.015145337248062109,0.12682735733719225,0.12503107752750545,0.0011166724666365842,0.000507425544386508,0.004249191667763056,0.26279644552358944
4,3375,27002,2,32,0.9444444179534912,0.9420035481452942,52,0.8807339668273926,0.24774169921875,3.16965324150456e-08,0.0031838626551982155,0.0006860090445779219,0.004194479913427803,0.7590601745417126,0.009554121617431929,0.012532792603861347,0.07662952442324808,0.12467938029553231,0.0007675094051637289,0.00046391139146894977,0.002836503437537151,0.27058292791287214
4,3375,27003,3,32,0.9444444179534912,0.9420035481452942,52,0.8807339668273926,0.21630859375,3.1525679511179454e-08,0.002903532803257253,0.0005355447774596869,0.0032028615471262844,0.906543339615289,0.007339202008879495,0.011386753794406698,0.0680992466170484,0.10777214688072853,0.0004871793584800324,0.0002402894729215191,0.0014370673478512422,0.3390094133086258
4,3375,27004,4,32,0.9444444179534912,0.9420035481452942,52,0.8807339668273926,0.20951080322265625,3.179705095852479e-08,0.003009839791846503,0.000513284807173186,0.003615396596026974,0.8325061198414779,0.009746729591711587,0.011505899309691371,0.0810434842745145,0.12026543131705669,0.0005934867378654282,0.000296588317867682,0.00208906318647064,0.284092286776683
4,3375,27005,5,32,0.9444444179534912,0.9420035481452942,52,0.8807339668273926,0.20527267456054688,3.1509399837092327e-08,0.0029915609847638914,0.0004992610331578935,0.003320835782382377,0.9008458053345043,0.009582747675627178,0.010959511831890133,0.07289721534761515,0.13145560677360885,0.000575207615487526,0.0002333633522479382,0.0015522168143985134,0.37057169472192575
4,3375,27006,6,32,0.9444444179534912,0.9420035481452942,52,0.8807339668273926,0.24660873413085938,3.169150897746091e-08,0.00318993623158337,0.000641899337059044,0.0037231825036648392,0.8567767571005238,0.012421447465472428,0.01249275728918226,0.07246122978521845,0.17142197975787477,0.0007735830201144058,0.00035687740436626884,0.002069981430386793,0.3737149564524623
4,3375,27007,7,32,0.9444444179534912,0.9420035481452942,52,0.8807339668273926,0.24010467529296875,3.164165252666417e-08,0.003574523003206954,0.0006592773622947749,0.00586824508868088,0.6091298078367189,0.022760138980139604,0.019943148327937175,0.17751448619575813,0.12821567111452722,0.0011581709230809878,0.0005388004818201377,0.00479587721655489,0.24149303053111895
4,3375,27000,0,32,0.9444444179534912,0.9420035481452942,53,0.8764568567276001,0.23721694946289062,3.161416559225611e-08,0.003116598365702086,0.0006698180016479782,0.004023091031867588,0.7746775653384377,0.010845558376453759,0.012861575387357414,0.0772497730267932,0.14039599019523463,0.000711979579905754,0.0004398385103433026,0.00264177785917749,0.26950773980951864
4,3375,27001,1,32,0.9444444179534912,0.9420035481452942,53,0.8764568567276001,0.243377685546875,3.140784083650415e-08,0.0035928765866882506,0.0006827331762991044,0.005717221287199936,0.628430562016587,0.01820429225919675,0.01640227917983908,0.13735301423888827,0.132536532671466,0.0011882573765731378,0.0005497048555503387,0.004603239465915032,0.2581350341149232
4,3375,27002,2,32,0.9444444179534912,0.9420035481452942,53,0.8764568567276001,0.2520904541015625,3.169721962108638e-08,0.0032147991840040927,0.0007070716255143623,0.00432326330682636,0.7436047623858532,0.010435841081821561,0.0127981046154534,0.0782517273842873,0.13336243723505387,0.0008101804886286913,0.0004909800828007237,0.0030020101214085853,0.26987933280136417
4,3375,27003,3,32,0.9444444179534912,0.9420035481452942,53,0.8764568567276001,0.21895980834960938,3.148812488065289e-08,0.002925073485762588,0.0005442000355112099,0.0032546248998102057,0.8987436573514705,0.007525435417110797,0.01126649645538472,0.06738003951593496,0.11168642035793223,0.0005204545960477129,0.0002539914878343047,0.0015190131692454495,0.34262678335187974
4,3375,27004,4,32,0.9444444179534912,0.9420035481452942,53,0.8764568567276001,0.21396636962890625,3.1548528459139445e-08,0.003042556328682705,0.0005259993042007632,0.003704953015058462,0.8212132019802943,0.006956163776743936,0.011252003630376503,0.07925513293055739,0.08776925253331999,0.0006379378291569671,0.0003135135395524317,0.0022082784603515196,0.2888846857906762
4,3375,27005,5,32,0.9444444179534912,0.9420035481452942,53,0.8764568567276001,0.20965194702148438,3.156705915098465e-08,0.003023570038907643,0.0005100355218787819,0.0033925023161290348,0.8912506926031057,0.008887916885706082,0.010920973150885442,0.07264087523215149,0.12235420976552623,0.0006189512251808486,0.0002493228917748789,0.0016583717241782426,0.37322827937599556
4,3375,27006,6,32,0.9444444179534912,0.9420035481452942,53,0.8764568567276001,0.2500343322753906,3.150525870632476e-08,0.0032347676924393202,0.0006617703067347461,0.0038384392773614653,0.8427299375341147,0.012825419383357085,0.012689925187999107,0.07360485469457355,0.17424692211643789,0.0008301490353452847,0.00038392938609433427,0.0022268899349520963,0.3727840439330659
4,3375,27007,7,32,0.9444444179534912,0.9420035481452942,53,0.8764568567276001,0.2519683837890625,3.142901743439867e-08,0.0036676927211806,0.0007180734504850736,0.006391590611353474,0.5738309826454817,0.01675412923494883,0.020443185572797812,0.18196533082372662,0.09207319415795134,0.0012630751910597824,0.0006049612451891042,0.005384775906101768,0.2345641142890508
4,3375,27000,0,32,0.9444444179534912,0.9420035481452942,54,0.8720378875732422,0.24120330810546875,3.140466136318958e-08,0.0031555669481816814,0.0006954268619766269,0.004176904121499482,0.7554798617328216,0.012535304584814368,0.013123927959981876,0.07882552685770855,0.15902595370459624,0.0007630718302772635,0.00047300539585801176,0.002840986299889615,0.2685939845281592
4,3375,27001,1,32,0.9444444179534912,0.9420035481452942,54,0.8720378875732422,0.2536888122558594,3.135740181016486e-08,0.003666545460343575,0.0007267811626072082,0.006086080006420365,0.6024477917601544,0.011307083226120887,0.015900640273196265,0.13315227999144408,0.08491843494416651,0.001274049919692485,0.0005997064316429209,0.005021953665186372,0.25369607221280543
4,3375,27002,2,32,0.9444444179534912,0.9420035481452942,54,0.8720378875732422,0.2593345642089844,3.139708668953047e-08,0.0032512065584440557,0.0007304211441045336,0.004466029772500207,0.7279858675514249,0.01140728901491635,0.012751512012204824,0.07796684522422671,0.1463094855526071,0.0008587115299130681,0.0005200920373293758,0.003180009973562408,0.270034225380462
4,3375,27003,3,32,0.9444444179534912,0.9420035481452942,54,0.8720378875732422,0.22354507446289062,3.1356299621986165e-08,0.0029482677279610075,0.0005547494449464077,0.0033177163521910104,0.8886436979502421,0.007572774414452752,0.011036105458358779,0.06600217066866754,0.11473523276178688,0.0005557725074238836,0.0002708485164030844,0.0016198277619259237,0.3431059279803228
4,3375,27004,4,32,0.9444444179534912,0.9420035481452942,54,0.8720378875732422,0.2181243896484375,3.1394712005137975e-08,0.0030622883743702018,0.0005380766345942999,0.0037900214577313678,0.807987080949992,0.008379700761704138,0.011987891628206732,0.08443846765083644,0.09924032250745289,0.0006697935417792273,0.00033098882068958546,0.0023313681584195994,0.2872963411464239
4,3375,27005,5,32,0.9444444179534912,0.9420035481452942,54,0.8720378875732422,0.2130584716796875,3.133289326154159e-08,0.0030531373883099025,0.0005207063531289894,0.0034634793719976156,0.8815231910992899,0.009571300810612346,0.011027165398543034,0.07334721318446955,0.13049303981789132,0.0006606422429387112,0.0002651518718752131,0.0017636582176650765,0.3745863208197683
4,3375,27006,6,32,0.9444444179534912,0.9420035481452942,54,0.8720378875732422,0.256500244140625,3.138501427159684e-08,0.0032831222336273283,0.0006836369848386909,0.003965271677131322,0.8279690525524106,0.013214399538504862,0.012579984893571913,0.07296717249578132,0.1811006112271771,0.000890627243803351,0.0004129729346730802,0.0023953500433674755,0.371815069897372
4,3375,27007,7,32,0.9444444179534912,0.9420035481452942,54,0.8720378875732422,0.26389312744140625,3.1301153643062314e-08,0.0037336729157274634,0.0007767443454415852,0.0069138217857694405,0.5400302512009199,0.020244390892552963,0.021730298376363064,0.1934219556376133,0.10466438944750381,0.0013411790440658407,0.000670882947219973,0.005971546704409818,0.22459491827727276
4,3375,27000,0,32,0.9444444179534912,0.9420035481452942,55,0.8674699068069458,0.24764251708984375,3.1308936398705905e-08,0.003204700148156647,0.0007247949497635394,0.004353296052304474,0.7361548834842505,0.013024946335951783,0.01450406434231667,0.0871149641210614,0.14951445446101952,0.0008247376838273041,0.0005094064667790574,0.003059620050568951,0.26955558866661905
4,3375,27001,1,32,0.9444444179534912,0.9420035481452942,55,0.8674699068069458,0.2625083923339844,3.112157075832124e-08,0.003706568837420222,0.0007671243646299411,0.006423914787862315,0.5769953307013987,0.017048930284107852,0.015629981186260557,0.13088577537863028,0.130258083697699,0.0013266059517538968,0.0006462643946677978,0.005411830979684826,0.24513070654530228
4,3375,27002,2,32,0.9444444179534912,0.9420035481452942,55,0.8674699068069458,0.2630615234375,3.132808479507792e-08,0.0032939302365295737,0.0007551879971342357,0.004617462276740468,0.7133637567808795,0.01231703862674375,0.013873258834851096,0.08482556604245756,0.14520431989311722,0.0009139678606435363,0.0005499362299161135,0.0033624869646851144,0.2718130568958581
4,3375,27003,3,32,0.9444444179534912,0.9420035481452942,55,0.8674699068069458,0.22643280029296875,3.1270701537084127e-08,0.0029724920818623157,0.0005658780029040941,0.003384271441247635,0.8783255520326957,0.009022979312058818,0.01134341980288135,0.06784008476731777,0.13300365621603225,0.0005925295119678229,0.00028809714112309744,0.0017229843217164828,0.34389721630056924
4,3375,27004,4,32,0.9444444179534912,0.9420035481452942,55,0.8674699068069458,0.22205734252929688,3.124659317760342e-08,0.003090142592981337,0.0005533209873095608,0.003897397285235244,0.7928733887838222,0.009024308003272662,0.011731336383572256,0.08263138326964728,0.10921162936149868,0.0007101804078937157,0.00035193810674435125,0.0024789275181222926,0.28648695966377197
4,3375,27005,5,32,0.9444444179534912,0.9420035481452942,55,0.8674699068069458,0.21645736694335938,3.1360196957288626e-08,0.0030872813793160077,0.0005321567751207332,0.003539641877276764,0.8722016199252391,0.007851578370108792,0.011111651861589166,0.07390917506608467,0.10623279671418918,0.0007073188834882573,0.00028118608421741993,0.001870309813828156,0.37818273649567974
4,3375,27006,6,32,0.9444444179534912,0.9420035481452942,55,0.8674699068069458,0.2629356384277344,3.1393847245711894e-08,0.0033351450845851465,0.0007071749080549299,0.004101797731656981,0.8130935025988875,0.016002111145294443,0.012549234550823615,0.07278881253886547,0.2198430031641214,0.0009551827445756997,0.0004433861894306278,0.0025717548025803475,0.37141283594272895
4,3375,27007,7,32,0.9444444179534912,0.9420035481452942,55,0.8674699068069458,0.279144287109375,3.124947151643493e-08,0.0038201598088641853,0.00084879987656688,0.007555189957681954,0.5056338530548699,0.021286699149865782,0.0213791591543181,0.1902964562149784,0.1118607228598001,0.0014401985869605123,0.0007499624384754024,0.006675435329615741,0.2157460174276626
4,3375,27000,0,32,0.9444444179534912,0.9420035481452942,56,0.8627451062202454,0.25350189208984375,3.10560054179324e-08,0.003258187597553294,0.0007620528896085328,0.004577076367684876,0.7118490791538427,0.01353067204691676,0.014608927009393024,0.08774479499221542,0.154204839707212,0.0008911878943135824,0.0005554009349834239,0.0033358740958368367,0.267152736797166
4,3375,27001,1,32,0.9444444179534912,0.9420035481452942,56,0.8627451062202454,0.2723884582519531,3.1146481662632397e-08,0.0037792399188064404,0.0008120756234039241,0.006800337528796262,0.555742991109356,0.01641311006689753,0.015809543867215125,0.13238943686393415,0.12397597916944406,0.001412239797893465,0.0006958675261523304,0.005827208595831174,0.24235271050770196
4,3375,27002,2,32,0.9444444179534912,0.9420035481452942,56,0.8627451062202454,0.2713508605957031,3.122807159128971e-08,0.0033430752382814896,0.000786293568527434,0.004807651743534947,0.6953655166011274,0.011247566908388724,0.013370422819760246,0.08175106493825662,0.13758312404717382,0.0009760756239399528,0.0005871913318321639,0.0035902766387348557,0.27186641090807506
4,3375,27003,3,32,0.9444444179534912,0.9420035481452942,56,0.8627451062202454,0.23096847534179688,3.100259200782741e-08,0.003005446724727574,0.0005795514200058095,0.0034660462315100607,0.8671109742867404,0.008059046447588257,0.01139416171041038,0.06814355015675443,0.11826572623600592,0.0006384469190102054,0.0003077894366813132,0.0018407554192467965,0.3468396248272061
4,3375,27004,4,32,0.9444444179534912,0.9420035481452942,56,0.8627451062202454,0.22687911987304688,3.1186001505267305e-08,0.003122464449864044,0.0005690505379685608,0.00400819067540546,0.7790209355617002,0.00901375556241358,0.011987199922758483,0.08443359552236486,0.10675555750821966,0.0007554650275362209,0.0003725657139369232,0.002624221085720609,0.28788162386431354
4,3375,27005,5,32,0.9444444179534912,0.9420035481452942,56,0.8627451062202454,0.22060775756835938,3.1104229856814876e-08,0.0031132305028618097,0.0005421018752254182,0.0036057917309477347,0.8633972051523725,0.010520729080073078,0.01132481229369683,0.07532701211588173,0.13966741524127063,0.0007462307710886202,0.00029561954122079437,0.0019663139825835513,0.37950743253533864
4,3375,27006,6,32,0.9444444179534912,0.9420035481452942,56,0.8627451062202454,0.2682914733886719,3.1187780633230036e-08,0.0034041380900434602,0.000730616355836235,0.004237764203658337,0.8032863383726654,0.015254833332615146,0.013100920854670763,0.07598873607112219,0.20075124447835635,0.0010371385126089249,0.0004704551940768027,0.002728762044482188,0.38007656794630224
4,3375,27007,7,32,0.9444444179534912,0.9420035481452942,56,0.8627451062202454,0.2927436828613281,3.1055178056275446e-08,0.003915294465853946,0.000925995885930216,0.008242313661179623,0.4750237162527005,0.022894498862149792,0.02771156308939375,0.2466613496828906,0.09281753664116046,0.0015482959968125783,0.0008332105173073271,0.007416428662144478,0.2087657102016653
4,3375,27000,0,32,0.9444444179534912,0.9420035481452942,57,0.8578553795814514,0.26032257080078125,3.0904152869761884e-08,0.0033164080832775614,0.0008014275524146111,0.004813570239793727,0.688970539135558,0.015223439478488072,0.015435681846028344,0.09271048710654702,0.1642040717679826,0.0009628237208567839,0.0006025800636683527,0.0036192435022079374,0.2660289975707378
4,3375,27001,1,32,0.9444444179534912,0.9420035481452942,57,0.8578553795814514,0.28247833251953125,3.090221306741261e-08,0.0038508445451112968,0.0008585533991328853,0.007189543353273303,0.535617403761542,0.01993355532570078,0.016350143974913977,0.13691643298905642,0.14558921007892492,0.0014972597686793332,0.0007467363030394037,0.0062531847519176455,0.23943955409604248
4,3375,27002,2,32,0.9444444179534912,0.9420035481452942,57,0.8578553795814514,0.27727508544921875,3.103699613083955e-08,0.00338787440460532,0.000815358579662675,0.004985364568684844,0.6795640234389223,0.010643978534081678,0.01366410368036499,0.08354672416534846,0.12740150664693967,0.0010342901305199909,0.000621619101832116,0.003800779096202832,0.2721258206122261
4,3375,27003,3,32,0.9444444179534912,0.9420035481452942,57,0.8578553795814514,0.23514556884765625,3.0988607358286616e-08,0.0030340882310052174,0.0005925800725312646,0.003543964963875612,0.856128167725224,0.009437961604502774,0.011576596984813475,0.06923461658073629,0.13631853645779812,0.0006805037670295892,0.0003266805819508297,0.001953735183612934,0.3483091120727894
4,3375,27004,4,32,0.9444444179534912,0.9420035481452942,57,0.8578553795814514,0.23234939575195312,3.0938849216480636e-08,0.0031558536764567133,0.0005855632138689893,0.004124500122728655,0.7651481591832001,0.010110754828625836,0.01216000648494567,0.08565078381231922,0.11804626155880663,0.0008022695938170511,0.0003938467450083998,0.0027741171399589745,0.2891981676840494
4,3375,27005,5,32,0.9444444179534912,0.9420035481452942,57,0.8578553795814514,0.2254791259765625,3.0941988063667195e-08,0.003155212624554286,0.0005572262236519579,0.003706391365416279,0.8512896544048343,0.01045069634416399,0.011160742421317899,0.074235701024446,0.14077722982265028,0.0008016282345425441,0.00031623957903919306,0.0021034682062735072,0.38109833661936077
4,3375,27006,6,32,0.9444444179534912,0.9420035481452942,57,0.8578553795814514,0.2752799987792969,3.092640818651002e-08,0.0034713035047581847,0.0007580862146360885,0.004397096503533186,0.7894535637252671,0.015403260256546062,0.013312966635071002,0.07721865654927576,0.19947589021723958,0.0011177192680886273,0.0005036442688767219,0.002921267279296781,0.3826145166551447
4,3375,27007,7,32,0.9444444179534912,0.9420035481452942,57,0.8578553795814514,0.3099479675292969,3.0867243503461206e-08,0.004022862337475065,0.0010292288318299357,0.009161192819501498,0.4391199286747429,0.02772454170195347,0.02913426029687477,0.2593248148311868,0.10691048490674282,0.001669279204673877,0.0009435142117713415,0.00839824473883906,0.19876524876133006
4,3375,27000,0,32,0.9444444179534912,0.9420035481452942,58,0.8527919054031372,0.2657928466796875,3.072858889751944e-08,0.0033866887748253047,0.0008495568629620853,0.005102646671237973,0.6637121856614162,0.01583568469987787,0.015757862019708344,0.0946455801679287,0.16731562817598847,0.00104699636862007,0.000658934028067274,0.003957719219829269,0.26454538850920206
4,3375,27001,1,32,0.9444444179534912,0.9420035481452942,58,0.8527919054031372,0.2931938171386719,3.065584380634196e-08,0.003945772402865224,0.0009099117039773077,0.00761961882627536,0.5178438046347793,0.015957855209686966,0.016174385139807002,0.13544462498503637,0.11781829815284257,0.0016060795845947934,0.000801686931622874,0.006713342415831723,0.2392369530872223
4,3375,27002,2,32,0.9444444179534912,0.9420035481452942,58,0.8527919054031372,0.2821044921875,3.101341318774526e-08,0.003430703221303729,0.0008477719306532668,0.005183550220508972,0.6618443104361144,0.009618922924708085,0.013312573227086366,0.08139735392469433,0.11817242773772645,0.0010910109020217454,0.0006600992198534052,0.0040360589126751285,0.270315901136987
4,3375,27003,3,32,0.9444444179534912,0.9420035481452942,58,0.8527919054031372,0.23913955688476562,3.0625312767881224e-08,0.0030718868278901005,0.0006094280246268986,0.003644725274098212,0.8428308299999799,0.009007953097970577,0.01156120600950401,0.06914256981813824,0.1302808547854626,0.000732194319391584,0.00035008632120778725,0.002093714780844309,0.3497106320739256
4,3375,27004,4,32,0.9444444179534912,0.9420035481452942,58,0.8527919054031372,0.237579345703125,3.0894124741857923e-08,0.003196904656405023,0.0006063736900354206,0.004271081754684947,0.7484999913425541,0.00909829946279634,0.0124391741913587,0.08761714237462474,0.10384154534388634,0.0008572125275890979,0.00042012064756757466,0.002959181214619448,0.28967895692029655
4,3375,27005,5,32,0.9444444179534912,0.9420035481452942,58,0.8527919054031372,0.23011016845703125,3.075813176685106e-08,0.003198274320455229,0.0005723199691455022,0.0038067874444134607,0.840150485719596,0.010021389116341175,0.011392347264195017,0.07577622111017067,0.1322497871960536,0.0008585818855075377,0.00033616936647338575,0.002236031228122262,0.38397580262264214
4,3375,27006,6,32,0.9444444179534912,0.9420035481452942,58,0.8527919054031372,0.2830314636230469,3.070077482092425e-08,0.003541731529785979,0.0007884576668933407,0.004573258797411194,0.774443714357662,0.014464540665244056,0.013046669656205061,0.07567406506078,0.1911426411892424,0.0012020392480020506,0.000540149360363575,0.003133006270243945,0.3836695953718778
4,3375,27007,7,32,0.9444444179534912,0.9420035481452942,58,0.8527919054031372,0.3292694091796875,3.0716583735942325e-08,0.004162761492866652,0.0011481575998064997,0.01021978090168912,0.40732394685473466,0.025061007124525095,0.030421722700740707,0.2707845514465167,0.09254961921073608,0.0018230703077332612,0.0010684091140093865,0.009509937538525982,0.1917016069083281
4,3375,27000,0,32,0.9444444179534912,0.9420035481452942,59,0.8475452661514282,0.274261474609375,3.04997570091619e-08,0.003463278978986034,0.0009022629974498777,0.005419212628648122,0.6390742006832798,0.016554634877660998,0.015855683745545728,0.0952331214208809,0.17383274464456663,0.001137981026242721,0.0007193701246427606,0.004320713223477599,0.26337805065590486
4,3375,27001,1,32,0.9444444179534912,0.9420035481452942,59,0.8475452661514282,0.30358123779296875,3.057632028995578e-08,0.004019674232865496,0.000960010264447901,0.008039145174669872,0.5000126438232364,0.016011774957097984,0.016589322632984866,0.13891931986029254,0.11525952598386315,0.001694375871790693,0.0008556538591724968,0.007165262547593869,0.23647087047210474
4,3375,27002,2,32,0.9444444179534912,0.9420035481452942,59,0.8475452661514282,0.28980255126953125,3.0731204141461594e-08,0.0034687747337717924,0.0008779584319662319,0.00536812019726751,0.6461805261993713,0.012278487243941384,0.01442598704779964,0.08820512408928179,0.13920378629605487,0.0011434768690698903,0.0006956539575647246,0.004253452013153971,0.268835022831724
4,3375,27003,3,32,0.9444444179534912,0.9420035481452942,59,0.8475452661514282,0.24416351318359375,3.069702683618216e-08,0.0031084069950636623,0.0006270582822376035,0.003750164215049341,0.8288722351383124,0.007967631735056213,0.01134855117233651,0.0678707732673345,0.11739414996308804,0.0007831089422917247,0.00037444174425871313,0.0022393740258542668,0.34969993098539565
4,3375,27004,4,32,0.9444444179534912,0.9420035481452942,59,0.8475452661514282,0.24459075927734375,3.080203716663602e-08,0.003233212263643933,0.0006294848742186847,0.004433868759986144,0.7292079307403851,0.009693938638040422,0.012641529302872724,0.08904246019259322,0.10886871967680414,0.0009079145888418619,0.00044962396624817415,0.0031669921539628143,0.28668040358287616
4,3375,27005,5,32,0.9444444179534912,0.9420035481452942,59,0.8475452661514282,0.23578262329101562,3.0743356084510886e-08,0.00324025205840468,0.0005884666396851222,0.003914187056506464,0.8278224856470472,0.010461571990816251,0.011551260937702914,0.07683323573427805,0.1361594613429637,0.0009149540790813764,0.00035763598868098314,0.0023788165096071258,0.3846257478818683
4,3375,27006,6,32,0.9444444179534912,0.9420035481452942,59,0.8475452661514282,0.2911529541015625,3.06716978439879e-08,0.0036089321769643017,0.000817967356174704,0.0047444226427024875,0.7606683570898324,0.01635989568851577,0.013266168203637409,0.0769472135191103,0.21261193148277802,0.0012836343493316028,0.0005752493378721412,0.003336595235980644,0.38471383507635304
4,3375,27007,7,32,0.9444444179534912,0.9420035481452942,59,0.8475452661514282,0.3458824157714844,3.066395148146108e-08,0.004291334208606502,0.0012820924855582244,0.011411938831668482,0.37603901246805815,0.02554201941733485,0.02949279603775273,0.2625161508618981,0.09729694471549578,0.001966037470098188,0.001208350651514073,0.01075556083325872,0.18279265029292932
4,3375,27000,0,32,0.9444444179534912,0.9420035481452942,60,0.8421052694320679,0.2807159423828125,3.043764805513175e-08,0.0035473061395103673,0.0009584439591701183,0.00575664924979343,0.6162102267456468,0.01655802475912423,0.016876775781552642,0.10136605036973553,0.16334882042585624,0.0012369331687098089,0.0007824414716320007,0.00469953518678096,0.2632032998048624
4,3375,27001,1,32,0.9444444179534912,0.9420035481452942,60,0.8421052694320679,0.3140296936035156,3.046669938151945e-08,0.004096645455896945,0.0010147264130508434,0.00849733929853253,0.48210920053579903,0.013184270380000541,0.01622481511050718,0.13586692656932853,0.0970381145206301,0.0017862720796317877,0.0009142461420582744,0.0076559154975443374,0.2333192000623232
4,3375,27002,2,32,0.9444444179534912,0.9420035481452942,60,0.8421052694320679,0.2969551086425781,3.057318353498668e-08,0.0035253197329570924,0.0009187857065166749,0.005617751283585328,0.6275321841424036,0.010098844957594633,0.013496397196445407,0.08252131278963533,0.12237862700195737,0.0012149468500255913,0.0007424423448813378,0.004539531259969095,0.2676370709767648
4,3375,27003,3,32,0.9444444179534912,0.9420035481452942,60,0.8421052694320679,0.25048828125,3.0511918375340213e-08,0.0031395957833742086,0.0006439971462270046,0.0038514682299647675,0.8151685528515782,0.008662358086911006,0.011547877959435742,0.06906286051863893,0.125427154650989,0.0008292227126863197,0.00039795401129518224,0.002379990719633043,0.34841426306661094
4,3375,27004,4,32,0.9444444179534912,0.9420035481452942,60,0.8421052694320679,0.25125885009765625,3.059752462260766e-08,0.0032746808405440093,0.0006555349661290856,0.0046173563916145546,0.7092111942000104,0.011247592149588053,0.013098660764281346,0.092262332486526,0.12190882071218666,0.0009643081450787471,0.0004820011755610907,0.0033950457622187,0.28403391665877314
4,3375,27005,5,32,0.9444444179534912,0.9420035481452942,60,0.8421052694320679,0.24256515502929688,3.0493067798777856e-08,0.003286602821208452,0.0006064407653682292,0.004033741990221114,0.8147776504238671,0.012448374103917585,0.011765415242740898,0.07825768353190231,0.1590690337625815,0.0009762298230863837,0.0003810017377550217,0.002534233837325341,0.38521694750816987
4,3375,27006,6,32,0.9444444179534912,0.9420035481452942,60,0.8421052694320679,0.2983894348144531,3.051703790216896e-08,0.0036907743494239745,0.0008507844053028369,0.0049347700322099715,0.7479121266713031,0.013250133165245183,0.012750463736128483,0.0739559939623367,0.1791623971951892,0.001380401502584559,0.0006128459090857698,0.003554665092200943,0.3883351783584922
4,3375,27007,7,32,0.9444444179534912,0.9420035481452942,60,0.8421052694320679,0.3634681701660156,3.029653222343461e-08,0.00442773271797383,0.0014173821267838037,0.012616155475643636,0.35095736783855236,0.02363863514544285,0.029249018216514967,0.2603462780829687,0.09079690064902542,0.002117360954421567,0.0013483733734147383,0.012001906752428801,0.1764187139675186
4,3375,27000,0,32,0.9444444179534912,0.9420035481452942,61,0.836461067199707,0.2888832092285156,3.0392203499523884e-08,0.0036345107305085444,0.001023418683086593,0.006146903361273432,0.5912750724871646,0.018059922506614267,0.01841047273838818,0.1105778100678429,0.1633232064872143,0.0013396230021478904,0.0008549615435584374,0.005135108507115475,0.26087530580739215
4,3375,27001,1,32,0.9444444179534912,0.9420035481452942,61,0.836461067199707,0.3241462707519531,3.026064919541427e-08,0.004157555373196543,0.0010700023631703074,0.008960221211502218,0.46400142084209905,0.016348112876094292,0.01678432278654448,0.14055225505026178,0.11631341574881296,0.0018626672393181022,0.0009735948968840879,0.008152903158665846,0.2284667440626036
4,3375,27002,2,32,0.9444444179534912,0.9420035481452942,61,0.836461067199707,0.303314208984375,3.053067444874608e-08,0.0035693788817898124,0.0009557075950102844,0.0058435035836115635,0.6108285604205562,0.010682151592740273,0.01420124777503409,0.08683099590128761,0.12302233185122168,0.0012744912389102486,0.0007848784461691522,0.0047989992303446765,0.26557437868534756
4,3375,27003,3,32,0.9444444179534912,0.9420035481452942,61,0.836461067199707,0.25574493408203125,3.035842694765035e-08,0.00317661263556121,0.0006623249852332977,0.00396107910335172,0.8019563741792678,0.00785257601643237,0.011399573984641208,0.0681759186266677,0.11518108115907005,0.0008817248071425675,0.0004222369453849415,0.002525216439537195,0.34916801321955765
4,3375,27004,4,32,0.9444444179534912,0.9420035481452942,61,0.836461067199707,0.257659912109375,3.036209738749626e-08,0.0033281201753629485,0.0006852386150296064,0.00482657838615586,0.6895402724441483,0.01033564220207972,0.013426753784175259,0.09457330364859359,0.10928710115154597,0.0010332327184527114,0.0005175075211152734,0.0036451398991578375,0.2834548870652198
4,3375,27005,5,32,0.9444444179534912,0.9420035481452942,61,0.836461067199707,0.2487945556640625,3.0325274807452974e-08,0.0033480093387127288,0.0006270581385389035,0.0041708784900012855,0.8027108310009042,0.008402910269356809,0.011261372374178302,0.07490504136155299,0.11218083745254866,0.001053121582355629,0.0004060938638073008,0.0027011341650424953,0.389881256542124
4,3375,27006,6,32,0.9444444179534912,0.9420035481452942,61,0.836461067199707,0.3056907653808594,3.045640395232106e-08,0.0037548458182652014,0.0008805030093067054,0.00510714563703221,0.7352141656268025,0.013565352067331195,0.013203268615593566,0.07658237960797787,0.17713411540319962,0.0014599582116573853,0.0006477410171947906,0.0037570657623282105,0.3885900072062263
4,3375,27007,7,32,0.9444444179534912,0.9420035481452942,61,0.836461067199707,0.381134033203125,3.0144671172097045e-08,0.004556492444997118,0.0015606687829492541,0.013891553759288107,0.3280045215928835,0.024858571275267735,0.029822866598363668,0.2654541175766679,0.09364545369347353,0.002261605914157683,0.0014960605677320003,0.013316474341548949,0.16983518731389805
4,3375,27000,0,32,0.9444444179534912,0.9420035481452942,62,0.8306010961532593,0.29742431640625,3.0015572384326884e-08,0.003735569644212412,0.0011010629706444022,0.006613253976188281,0.5648610589677525,0.016527163256455975,0.017322179052153622,0.10404125154245798,0.15885202274514582,0.0014567591608993433,0.0009403971426176293,0.005648255647878511,0.25791310657946287
4,3375,27001,1,32,0.9444444179534912,0.9420035481452942,62,0.8306010961532593,0.3358497619628906,3.0076403550088564e-08,0.00424295777547958,0.0011306799989272706,0.00946833694814645,0.4481206994128145,0.015963977391763935,0.018136024571998442,0.15187143286381793,0.10511507721191202,0.0019641468887134977,0.0010376542803971953,0.008689337718725357,0.22604103469022716
4,3375,27002,2,32,0.9444444179534912,0.9420035481452942,62,0.8306010961532593,0.31146240234375,3.025384202736225e-08,0.003619208594849578,0.000997825570423667,0.006101026430084199,0.5932130660839687,0.01275896443877031,0.014418165185652317,0.08815729870866638,0.14472953034705482,0.0013403981956032556,0.0008326712102474454,0.005091219559680035,0.26327644681022067
4,3375,27003,3,32,0.9444444179534912,0.9420035481452942,62,0.8306010961532593,0.25992584228515625,3.022798529789636e-08,0.0032093710097394514,0.0006806824192650939,0.004070866971778415,0.7883753097285302,0.009349294340360439,0.011757925793438618,0.07031906571174364,0.13295532649261377,0.0009305604272328822,0.0004467257233127363,0.0026716732223539276,0.3483062297615105
4,3375,27004,4,32,0.9444444179534912,0.9420035481452942,62,0.8306010961532593,0.26515960693359375,3.027302613315994e-08,0.0033772124426021607,0.0007199237158014546,0.005070887965381495,0.6660002085745321,0.010934652818013207,0.013274643313308776,0.09350189130420837,0.11694579291917548,0.0010984022288098745,0.000559211317099763,0.003938886684444733,0.27886108862883346
4,3375,27005,5,32,0.9444444179534912,0.9420035481452942,62,0.8306010961532593,0.2523002624511719,3.0259444815563095e-08,0.003383422508835382,0.0006428352316001954,0.004275819856741889,0.7912921082258829,0.011134880729142841,0.011523004855747549,0.0766452903474054,0.1452780813885948,0.001104611997658038,0.0004266973187319375,0.002838178087580703,0.38919756392017746
4,3375,27006,6,32,0.9444444179534912,0.9420035481452942,62,0.8306010961532593,0.3125801086425781,3.0166640952890446e-08,0.0038235744891140263,0.0009120814441699798,0.005290308742815646,0.7227507268468072,0.016035863416104842,0.013833914639675279,0.08024028998006921,0.19984802422932382,0.0015447641264343206,0.0006843009634845054,0.003969122925347638,0.38919533496156994
4,3375,27007,7,32,0.9444444179534912,0.9420035481452942,62,0.8306010961532593,0.3975181579589844,2.9993854046776386e-08,0.004698722251068569,0.0017097115618179256,0.015218187442045096,0.30875702306615377,0.023552044207982164,0.030033889916662018,0.26733244166607867,0.08810020984060254,0.002419912953093365,0.001648745917041236,0.01467553063930915,0.16489440910651
4,3375,27000,0,32,0.9444444179534912,0.9420035481452942,63,0.8245124816894531,0.3068122863769531,2.986952331295404e-08,0.003829336823101822,0.0011753964799005358,0.007059719245440276,0.5424205538449861,0.019482065427631087,0.019646026763850646,0.11799885027129552,0.165103858070135,0.001567230848187639,0.0010213527138156024,0.006134494643642991,0.25547839540649325
4,3375,27001,1,32,0.9444444179534912,0.9420035481452942,63,0.8245124816894531,0.34848785400390625,3.000388984952535e-08,0.004328876307045473,0.0012034340952090617,0.010077581207006109,0.42955509046515683,0.014648599870937822,0.017529111621332943,0.14678913166405616,0.0997934908727632,0.002066769932572294,0.0011144233025463153,0.009332203047180097,0.221466455682917
4,3375,27002,2,32,0.9444444179534912,0.9420035481452942,63,0.8245124816894531,0.32131195068359375,3.013039624946337e-08,0.003686205710089801,0.0010450681231865342,0.006389882590493599,0.57688160273459,0.010142633555012283,0.014216112171904393,0.08692188160402069,0.11668676940540508,0.0014240998195889085,0.0008848448164727829,0.005410225766745301,0.2632237324257954
4,3375,27003,3,32,0.9444444179534912,0.9420035481452942,63,0.8245124816894531,0.2680397033691406,2.987956622854468e-08,0.00325437874681252,0.0007039539410618414,0.004210043872465349,0.7730035233354459,0.009201704453565855,0.011908812576135287,0.07122145426001987,0.12919849151032045,0.0009922726742555396,0.00047641413752499165,0.0028492267795497085,0.34826033553298213
4,3375,27004,4,32,0.9444444179534912,0.9420035481452942,63,0.8245124816894531,0.27310943603515625,3.0136899159464816e-08,0.00343261199087852,0.0007551169314440932,0.0053187765260002545,0.64537623908404,0.011909675920347305,0.014276349243048901,0.1005575534979669,0.11843641284081262,0.0011705062839601063,0.0006002683688887632,0.004228078032418472,0.27684122075925205
4,3375,27005,5,32,0.9444444179534912,0.9420035481452942,63,0.8245124816894531,0.25937652587890625,3.01607345323294e-08,0.003440243282595457,0.0006637778892693349,0.0044151199870283795,0.7791958752430035,0.009732654081136174,0.011759348366801042,0.07821732969418957,0.12443091728122715,0.0011781372804196496,0.00045217754749377867,0.0030076598812636694,0.39171227031317607
4,3375,27006,6,32,0.9444444179534912,0.9420035481452942,63,0.8245124816894531,0.3236846923828125,2.996026273393958e-08,0.003913095031380212,0.0009543307959985616,0.005535365932374462,0.7069261687820597,0.014367493285523449,0.0139164174483579,0.08071882765109674,0.17799432553240555,0.0016509891763595195,0.0007325478699059065,0.004248967485815836,0.3885624406096194
4,3375,27007,7,32,0.9444444179534912,0.9420035481452942,63,0.8245124816894531,0.41500091552734375,2.97526290385779e-08,0.0048369233572327485,0.0018659943155464203,0.01660926433086857,0.29121839841173774,0.026562588668520126,0.03296368020593504,0.2934105818528551,0.09053043861192851,0.002574818562863927,0.001808401628812052,0.016096630316109573,0.1599600980018183
4,3375,27000,0,32,0.9444444179534912,0.9420035481452942,64,0.8181818127632141,0.3168792724609375,2.9728624771425023e-08,0.0039495196350105765,0.0012703313060605172,0.00762992107160268,0.5176357131281533,0.01834397161538627,0.020235251755087662,0.12153787993631746,0.1509321342860186,0.0017047824217327181,0.0011233463640630758,0.006747093496776976,0.2526691563629697
4,3375,27001,1,32,0.9444444179534912,0.9420035481452942,64,0.8181818127632141,0.3598136901855469,2.968593563579504e-08,0.004408112050365993,0.001275997976399126,0.010685232600879387,0.4125424513457207,0.015580042630126285,0.018073596455663875,0.15134865856777083,0.10294139887040929,0.0021633744445024626,0.001190719033980164,0.009971105029709494,0.21696436233061042
4,3375,27002,2,32,0.9444444179534912,0.9420035481452942,64,0.8181818127632141,0.3296394348144531,2.985993713000699e-08,0.0037357787090064585,0.0010917815386751277,0.006675503435441886,0.5596250148224466,0.012430717738174363,0.01461555548386495,0.08936420647103827,0.1391017525814767,0.001491041580819972,0.0009370955614294027,0.00572970362482081,0.2602301407634505
4,3375,27003,3,32,0.9444444179534912,0.9420035481452942,64,0.8181818127632141,0.2744255065917969,2.980053614544221e-08,0.003300042193215041,0.0007289505880497469,0.004359538000340921,0.7569706223358929,0.010870748272279506,0.011888582947600985,0.07110046960650034,0.15289277739574386,0.00105530488193181,0.0005079652837155745,0.003037920530576315,0.3473773824266599
4,3375,27004,4,32,0.9444444179534912,0.9420035481452942,64,0.8181818127632141,0.28275299072265625,2.992974394809799e-08,0.0034976990797901224,0.0007998602844791385,0.005633932875841631,0.6208272545788212,0.01173686118966102,0.014168729280236611,0.09979951655282734,0.1176043892301652,0.0012529621344119855,0.0006517920799019776,0.004590992825158482,0.2729174673386106
4,3375,27005,5,32,0.9444444179534912,0.9420035481452942,64,0.8181818127632141,0.2642974853515625,2.9805121962490265e-08,0.0034885564834220575,0.0006859898084228207,0.004562862612671973,0.7645543553587708,0.009023217625929924,0.011657875632502783,0.07754238359462631,0.1163649762573875,0.001243819243396676,0.00048007785789547117,0.003193238852919993,0.3895165068091572
4,3375,27006,6,32,0.9444444179534912,0.9420035481452942,64,0.8181818127632141,0.3312950134277344,2.992974950241324e-08,0.0039933646180871024,0.0009964337032022947,0.005779573705157913,0.6909444920692457,0.016809698382979296,0.01403072615969632,0.0813818478000528,0.20655341255311715,0.001748627525533903,0.0007808721934953326,0.004529261085921298,0.38607346592787867
4,3375,27007,7,32,0.9444444179534912,0.9420035481452942,64,0.8181818127632141,0.4293670654296875,2.9762994051189746e-08,0.00500373526233953,0.0020475686712928304,0.018225462432423973,0.2745464089535333,0.028487887459606197,0.032719972159817375,0.2912413301440992,0.09781540087566237,0.002758999225293622,0.001993138085469948,0.01774097436079148,0.15551565371692105
4,3375,27000,0,32,0.9444444179534912,0.9420035481452942,65,0.8115941882133484,0.324554443359375,2.954251553946505e-08,0.004065416779968416,0.0013741692656352692,0.008253597298435654,0.4925630162182682,0.018357811047561092,0.019866031977356476,0.11932025548770023,0.15385326634213795,0.0018387530801182276,0.0012344702303473502,0.007414530664447591,0.24799318572313453
4,3375,27001,1,32,0.9444444179534912,0.9420035481452942,65,0.8115941882133484,0.3734474182128906,2.9440095163697956e-08,0.004498063732338968,0.0013567027776163478,0.011361056222047899,0.39591950294284917,0.01472823961706136,0.01818337166363266,0.15226791835709,0.09672582232668037,0.0022713996403716883,0.0012750257733157998,0.010677091352795322,0.2127358065337732
4,3375,27002,2,32,0.9444444179534912,0.9420035481452942,65,0.8115941882133484,0.3387107849121094,2.974365146956369e-08,0.0038057864417881757,0.0011451867187684784,0.0070020398812002315,0.5435253877953947,0.01260516711185776,0.015086527210466322,0.09224387906812087,0.1366504448772044,0.001579122828047843,0.0009953515917828597,0.006085899729063077,0.2594723702900949
4,3375,27003,3,32,0.9444444179534912,0.9420035481452942,65,0.8115941882133484,0.2821540832519531,2.9551707076737054e-08,0.003360998262441791,0.0007584847096858123,0.004536168800411462,0.7409332435197131,0.009943746800496521,0.012171540525538637,0.07279271642504523,0.13660359564594093,0.0011343344686601576,0.0005435484366652449,0.0032507279691038836,0.3489478293604664
4,3375,27004,4,32,0.9444444179534912,0.9420035481452942,65,0.8115941882133484,0.2904930114746094,2.982502972683327e-08,0.003564037400142884,0.0008459049567704251,0.005958255258153888,0.5981679612107067,0.011629796265837227,0.014129991253543165,0.09952665959722097,0.116851065964661,0.0013373739674122568,0.0007039719516903359,0.004958529382267413,0.26971181661138177
4,3375,27005,5,32,0.9444444179534912,0.9420035481452942,65,0.8115941882133484,0.27143096923828125,2.9708276312930422e-08,0.0035331192910560147,0.0007075895149445796,0.0047065331047444646,0.7506840411882837,0.01048467677442162,0.011586393171734901,0.07706691786074106,0.1360464005238577,0.001306455567793685,0.0005070638067145193,0.0033727359466406907,0.3873577974863226
4,3375,27006,6,32,0.9444444179534912,0.9420035481452942,65,0.8115941882133484,0.3424720764160156,2.958721241004449e-08,0.004096556265828505,0.0010434337696091903,0.0060521862704224,0.6768721388911572,0.016538002496388746,0.014085882085532258,0.08170176646360315,0.2024191545938748,0.001869892686973155,0.0008329851680279588,0.004831529843329219,0.38701875960776116
4,3375,27007,7,32,0.9444444179534912,0.9420035481452942,65,0.8115941882133484,0.4467315673828125,2.9368895046455157e-08,0.005192818847880812,0.0022395429629161446,0.01993423063591615,0.2604975804044698,0.02717575039833877,0.03330326567247134,0.29643324099475665,0.09167578611340507,0.0029661563103410785,0.0021877498433091926,0.019473218720228586,0.15231977583961837
4,3375,27000,0,32,0.9444444179534912,0.9420035481452942,66,0.8047336935997009,0.3332633972167969,2.9340438983513484e-08,0.004186232047435057,0.0014811991256241902,0.008896444861212518,0.4705511148263899,0.01848446578103531,0.0200250743311197,0.12027550283181121,0.1536843774985776,0.0019783905204035354,0.0013478378480177116,0.008095444352690804,0.24438319062077773
4,3375,27001,1,32,0.9444444179534912,0.9420035481452942,66,0.8047336935997009,0.38666534423828125,2.9285117787469225e-08,0.004584540719278728,0.001439636251331957,0.012055542791337734,0.3802848862659969,0.015672029185117935,0.01791908567251023,0.15005478217621115,0.10444205081524215,0.0023766988055399932,0.0013613889241292135,0.011400298106767084,0.20847689975135056
4,3375,27002,2,32,0.9444444179534912,0.9420035481452942,66,0.8047336935997009,0.3485832214355469,2.9465090699940546e-08,0.003880169249348533,0.0012061627224225961,0.007374866776923829,0.5261341481434884,0.011382268814337548,0.014790009742319346,0.09043087591028615,0.12586706365234776,0.0016723278062761152,0.0010615623255276528,0.0064907334480072965,0.2576485107071424
4,3375,27003,3,32,0.9444444179534912,0.9420035481452942,66,0.8047336935997009,0.2884864807128906,2.930278613188089e-08,0.003416643287730616,0.0007902577302455065,0.0047261894860195055,0.7229171191373841,0.008599002533947006,0.011834509066081182,0.07077707712259794,0.12149417415262953,0.001208801665799289,0.0005822260284314434,0.0034820419070177504,0.3471531067340273
4,3375,27004,4,32,0.9444444179534912,0.9420035481452942,66,0.8047336935997009,0.30016326904296875,2.9655747419813407e-08,0.0036322185647460047,0.0008959599445514485,0.006310824884039238,0.5755536925025887,0.011536928473060286,0.014091397542768573,0.09925481915189208,0.11623544903552786,0.001424377301724935,0.0007600783672749181,0.005353723124776397,0.26605359831424336
4,3375,27005,5,32,0.9444444179534912,0.9420035481452942,66,0.8047336935997009,0.2775382995605469,2.943762011836386e-08,0.003591881846475876,0.0007327435060987549,0.004873844928313314,0.7369708924487497,0.009921497117877756,0.01165855492990178,0.07754690194266402,0.12794188896435127,0.001384040293766069,0.0005372137176285376,0.0035732781407022255,0.3873306916696038
4,3375,27006,6,32,0.9444444179534912,0.9420035481452942,66,0.8047336935997009,0.3517417907714844,2.9658524571675594e-08,0.004201724778465663,0.0010938488725504764,0.0063446069325957775,0.6622513928922948,0.015404203848546988,0.013534866753766677,0.07850573474330247,0.1962175616713295,0.0019938833696279464,0.0008887715870044895,0.005155105530487827,0.3867783807403969
4,3375,27007,7,32,0.9444444179534912,0.9420035481452942,66,0.8047336935997009,0.462493896484375,2.9184714760076036e-08,0.005378641440855061,0.0024474938639082963,0.021785207058322625,0.24689420791161373,0.026082970688612366,0.03453341207655493,0.3073828063931425,0.08485500862807613,0.003170801066818726,0.0023983286123211702,0.021347585864784788,0.14853206760251583
4,3375,27000,0,32,0.9444444179534912,0.9420035481452942,67,0.7975830435752869,0.3435211181640625,2.8991186186508503e-08,0.0043132817875454095,0.0015973281202390033,0.009593944055956748,0.44958379602676046,0.017493116950784034,0.02025487366902094,0.12165573395902037,0.14379196427088733,0.002125058695063381,0.0014700076633787978,0.00882922619691543,0.24068459088813351
4,3375,27001,1,32,0.9444444179534912,0.9420035481452942,67,0.7975830435752869,0.3997840881347656,2.915990395548632e-08,0.004683061126639954,0.0015277497468145253,0.012793406966612315,0.3660526972104933,0.014611072783823804,0.018944757081766638,0.15864377509209676,0.09209988085156005,0.0024948376503453945,0.001452595342271029,0.01216406247831302,0.20509904933433
4,3375,27002,2,32,0.9444444179534912,0.9420035481452942,67,0.7975830435752869,0.3574485778808594,2.928944755332577e-08,0.003946830793462671,0.0012670915617958032,0.007747405295066292,0.5094390499973062,0.012485010073148804,0.015341648695264973,0.09380377387115547,0.1330970978875289,0.0017586077831656804,0.0011276386090570863,0.006894745095096722,0.25506494568107163
4,3375,27003,3,32,0.9444444179534912,0.9420035481452942,67,0.7975830435752869,0.29589080810546875,2.9111927417313515e-08,0.0034626926514192548,0.0008200727003356281,0.004904499919151419,0.7060235923132349,0.008167809855504271,0.011950065028255219,0.0714681673233912,0.11428598439561474,0.001274469465743122,0.0006186286097569467,0.0036997499920384622,0.3444744830017349
4,3375,27004,4,32,0.9444444179534912,0.9420035481452942,67,0.7975830435752869,0.31009674072265625,2.9321190794784192e-08,0.0037024579134044082,0.0009497311667193369,0.006689570350246657,0.5534672212943976,0.013209025839516135,0.014972563652454854,0.10546144149678296,0.1252498131264313,0.0015142350812947496,0.000819696595917412,0.005773652836084809,0.26226638911001315
4,3375,27005,5,32,0.9444444179534912,0.9420035481452942,67,0.7975830435752869,0.2856101989746094,2.9263181298965576e-08,0.003648124712863672,0.0007590041873415689,0.005048517903268471,0.722613008958893,0.01031056524085558,0.011851909757207674,0.07883300197164567,0.1307899608410706,0.0014599015953454877,0.0005687227055340663,0.003782860238150319,0.38592533253603006
4,3375,27006,6,32,0.9444444179534912,0.9420035481452942,67,0.7975830435752869,0.36156463623046875,2.936723192508731e-08,0.004301266818415081,0.0011411352491710644,0.006618880171297199,0.649848117369996,0.016492547148161604,0.013979706357280141,0.08108591972421668,0.20339594351590035,0.0021130438427630345,0.0009407375659033915,0.005456521675126113,0.3872510673595368
4,3375,27007,7,32,0.9444444179534912,0.9420035481452942,67,0.7975830435752869,0.47920989990234375,2.9053464187522733e-08,0.005562614587563016,0.0026741872700565728,0.023803011010570516,0.23369373669124263,0.027824097593768148,0.03709700096914986,0.3302013783459297,0.08426402619258214,0.0033743926391034134,0.0026276309205010284,0.02338861172242375,0.144275029195864
4,3375,27000,0,32,0.9444444179534912,0.9420035481452942,68,0.790123462677002,0.3552398681640625,2.884100674843623e-08,0.004436549443882901,0.0017205184541049228,0.010333855384361474,0.4293218047735467,0.018342221287141178,0.021657164254464307,0.1300782347943062,0.14100914973320394,0.0022687921879057187,0.001599142755256225,0.009604843198478949,0.23621334997587584
4,3375,27001,1,32,0.9444444179534912,0.9420035481452942,68,0.790123462677002,0.413726806640625,2.891984888004156e-08,0.004775915135143582,0.0016302438198246966,0.013651694386013859,0.34984046669228835,0.017466235140050756,0.019467147395941475,0.1630182820416741,0.1071427996989054,0.0026081574968034116,0.0015586629670575457,0.01305227489183508,0.1998239784571928
4,3375,27002,2,32,0.9444444179534912,0.9420035481452942,68,0.790123462677002,0.36837005615234375,2.9167243916846833e-08,0.004026686151292116,0.0013348379104047964,0.008161628257131369,0.4933679928112049,0.013334529632970247,0.01644407620588896,0.10054437020274987,0.13262333441525254,0.001858928974596754,0.0012002149335379356,0.007338500082922924,0.2533118421464053
4,3375,27003,3,32,0.9444444179534912,0.9420035481452942,68,0.790123462677002,0.3029212951660156,2.8939748714827107e-08,0.0035066982196044084,0.0008515153197022795,0.0050925446182110735,0.6885945008835787,0.009896151552712125,0.01212109419000853,0.07249101872381992,0.13651555360830284,0.0013389408672396567,0.0006568078410655884,0.003928083451730342,0.34086365111460293
4,3375,27004,4,32,0.9444444179534912,0.9420035481452942,68,0.790123462677002,0.3201332092285156,2.9194639017414394e-08,0.003791370075762248,0.00101656599438489,0.007160331232044122,0.5294964650231542,0.012515338701648704,0.01476286603764355,0.10398440568315921,0.12035784230746077,0.001623613073221778,0.0008926408093732572,0.006287446070060555,0.25823093433008815
4,3375,27005,5,32,0.9444444179534912,0.9420035481452942,68,0.790123462677002,0.2933387756347656,2.9032596557728033e-08,0.0037104369219820963,0.0007883787162954453,0.005243902642637486,0.7075716646249339,0.011845079043886677,0.012042088315492293,0.08009797504074102,0.1478823782731311,0.00154267963671752,0.0006034509351011831,0.004013855128089583,0.38433864389414746
4,3375,27006,6,32,0.9444444179534912,0.9420035481452942,68,0.790123462677002,0.37375640869140625,2.9128110127396994e-08,0.004415289033424061,0.0011962063992771684,0.006938307113644837,0.6363640238324098,0.01643369619144282,0.014404715145887327,0.08355108083950306,0.19669040814697572,0.0022475318908339883,0.0010007980290621726,0.005804887926163714,0.387179204736054
4,3375,27007,7,32,0.9444444179534912,0.9420035481452942,68,0.790123462677002,0.4957389831542969,2.879090512862603e-08,0.005770820569194039,0.0029299793309204864,0.02607982285143739,0.2212752978449001,0.027684031376189664,0.04147489607340672,0.36916913746159713,0.07499010227817188,0.003603064455476431,0.002885879553271434,0.025687289574244015,0.14026643196677047
4,3375,27000,0,32,0.9444444179534912,0.9420035481452942,69,0.7823343873023987,0.36501312255859375,2.8614706456063662e-08,0.0045736322206352325,0.001861300773508083,0.011179428488164129,0.4091114519384799,0.019897361475871286,0.021924013899186825,0.13168099914208256,0.15110275290668335,0.0024272447503541432,0.0017458243529428626,0.010485848813050733,0.23147813721414556
4,3375,27001,1,32,0.9444444179534912,0.9420035481452942,69,0.7823343873023987,0.4293060302734375,2.8799178505320546e-08,0.004901016604000501,0.0017421583914273007,0.014588869249234445,0.3359421844333606,0.016588078628718035,0.020545017394779392,0.17204438699177332,0.09641743574878285,0.002754628757674634,0.0016735558044983646,0.014014389812812172,0.1965571669168435
4,3375,27002,2,32,0.9444444179534912,0.9420035481452942,69,0.7823343873023987,0.3805580139160156,2.8945304967410007e-08,0.004118444106669063,0.0014195423913340856,0.008679538693798906,0.47450034523280427,0.012559840573420262,0.01620819684092718,0.09910212790850573,0.12673633592424888,0.0019720567163909715,0.0012905136123200613,0.00789061524431082,0.249924328500599
4,3375,27003,3,32,0.9444444179534912,0.9420035481452942,69,0.7823343873023987,0.3120841979980469,2.8766569673858997e-08,0.0035696858740841145,0.0008889210205396055,0.005316251926913564,0.6714666504069443,0.009402469487290803,0.011953371121915449,0.07148793963880015,0.13152525495625844,0.0014232983087677069,0.0007003939757341705,0.004188753260481073,0.33979043888687843
4,3375,27004,4,32,0.9444444179534912,0.9420035481452942,69,0.7823343873023987,0.33013153076171875,2.9069932294364066e-08,0.003877371271015714,0.0010823930428285028,0.007623993673526127,0.5085748279775807,0.01170976835359623,0.014636245673878237,0.10309253663551302,0.1135850250246193,0.0017309840549759698,0.0009638166334993414,0.006788783395203776,0.25497706351905364
4,3375,27005,5,32,0.9444444179534912,0.9420035481452942,69,0.7823343873023987,0.3024101257324219,2.8742585108903706e-08,0.0037906283203221463,0.0008237742749821804,0.005479336273579702,0.6918042863329673,0.009586976529799335,0.011914208239773365,0.07924738045574987,0.1209753114193157,0.0016442408228416244,0.0006441551383244196,0.00428459921901554,0.3837560384981391
4,3375,27006,6,32,0.9444444179534912,0.9420035481452942,69,0.7823343873023987,0.3820075988769531,2.9023791331522666e-08,0.004533767387873348,0.0012562926410113594,0.007286822887100354,0.6221871257361479,0.014429994181925265,0.01384394379590852,0.08029846168528582,0.17970449095875357,0.0023873800322219796,0.0010661657315950517,0.006184037540946376,0.38605522951864646
4,3375,27007,7,32,0.9444444179534912,0.9420035481452942,69,0.7823343873023987,0.5128822326660156,2.8716546634985756e-08,0.005986841761533746,0.003235196405818907,0.028796568038197454,0.20790122467345584,0.02871467426644922,0.04525815995181578,0.40284406844418286,0.07127987356832055,0.003840455419027316,0.0031937849953478704,0.028427963987747207,0.1350942832445756
4,3375,27000,0,32,0.9444444179534912,0.9420035481452942,70,0.774193525314331,0.37653350830078125,2.8478062117631037e-08,0.004733088426890582,0.0020130054892453487,0.012090604180476097,0.39146831343081856,0.019153145884435598,0.02376400815437508,0.14273245546084853,0.1341891430550587,0.002609035970471143,0.001902602268795924,0.011427495388257028,0.2283121438099381
4,3375,27001,1,32,0.9444444179534912,0.9420035481452942,70,0.774193525314331,0.4440116882324219,2.8572227699828586e-08,0.005022630210469864,0.0018707169323437137,0.015665421044714616,0.32061890938861537,0.01826416050046127,0.020193405868137723,0.1690999850281284,0.10800805510079246,0.002898577376635764,0.0018054499539721422,0.015118874061133299,0.19171912967297308
4,3375,27002,2,32,0.9444444179534912,0.9420035481452942,70,0.774193525314331,0.3921470642089844,2.8723927214812647e-08,0.004206284714002667,0.001504404415781259,0.00919841240219949,0.4572837713817741,0.011747013963348926,0.016657247409660427,0.10184776749671817,0.1153389441131093,0.002082232334216887,0.0013805598988954051,0.00844118719857919,0.24667529403534205
4,3375,27003,3,32,0.9444444179534912,0.9420035481452942,70,0.774193525314331,0.3201103210449219,2.861243661288254e-08,0.003630381078671526,0.000927635655892091,0.005547787406485719,0.6543835970403945,0.009234702455468079,0.011928794518429138,0.07134095760932606,0.1294446102901886,0.0015063285290942104,0.0007452930459585732,0.004457275168594139,0.33794829175182356
4,3375,27004,4,32,0.9444444179534912,0.9420035481452942,70,0.774193525314331,0.3406028747558594,2.8815233837874528e-08,0.003958873879856372,0.0011496001040927233,0.008097376437106847,0.4889082174461507,0.01141718184109519,0.014690611178611618,0.10347546801787134,0.11033708819875372,0.0018348216737120277,0.001036116857162569,0.007298040592905763,0.25141291698152657
4,3375,27005,5,32,0.9444444179534912,0.9420035481452942,70,0.774193525314331,0.3095283508300781,2.8682222642855718e-08,0.003850943753620833,0.0008535130399168665,0.005677143729319456,0.6783241603929696,0.009209437411113975,0.011883619611628284,0.07904392013312934,0.11651038303266116,0.0017268912704298863,0.0006787461313581186,0.004514681279872308,0.38250568830381076
4,3375,27006,6,32,0.9444444179534912,0.9420035481452942,70,0.774193525314331,0.3941650390625,2.8694039702340593e-08,0.00463674594508625,0.0013151042176698096,0.0076279452727861085,0.6078630324772476,0.01599397531484718,0.014225512490578962,0.08251165899820427,0.19383897389816465,0.00251269360037325,0.001130539194136069,0.006557420306118158,0.3831832463185065
4,3375,27007,7,32,0.9444444179534912,0.9420035481452942,70,0.774193525314331,0.5284500122070312,2.8482876318908075e-08,0.006223344486174231,0.0035912958340765097,0.0319662183863925,0.19468503940470502,0.026290930122067915,0.04912187556019751,0.43723510238477814,0.060129962069996885,0.004099293133378189,0.0035525572826076626,0.03162140552400571,0.1296366516746439
4,3375,27000,0,32,0.9444444179534912,0.9420035481452942,71,0.7656765580177307,0.38867950439453125,2.816261745663105e-08,0.004891724852663101,0.0021893201844800005,0.013149593439408826,0.3720057867342719,0.01865321697567949,0.024058920634936348,0.14450377207642587,0.12908463708348097,0.0027910393605449888,0.0020846455505645948,0.01252089194148998,0.22291058604989894
4,3375,27001,1,32,0.9444444179534912,0.9420035481452942,71,0.7656765580177307,0.4593925476074219,2.829618245050372e-08,0.005168301249829658,0.00200366523287763,0.0167787327751183,0.3080269123478676,0.01883881554314591,0.02150398121617509,0.18007476923137342,0.1046166302117561,0.0030676153859674634,0.0019411218278056603,0.016254993048875992,0.18871834498751655
4,3375,27002,2,32,0.9444444179534912,0.9420035481452942,71,0.7656765580177307,0.40228271484375,2.8488315706486694e-08,0.004289241154829872,0.001595715935407501,0.009756720398229616,0.4396191527235081,0.012713938775704403,0.01675978561885713,0.10247471908319335,0.12406902784854366,0.0021885557397049575,0.0014772667721955487,0.00903248412207301,0.24229832127318157
4,3375,27003,3,32,0.9444444179534912,0.9420035481452942,71,0.7656765580177307,0.32796478271484375,2.8425238067411267e-08,0.0036920350729266324,0.0009650888331099207,0.005771778650873725,0.639670246600281,0.009881890097211382,0.012124809236474854,0.07251323680898025,0.13627705136433216,0.001591349486122047,0.0007880936461369343,0.0047132470355133686,0.33763337124736914
4,3375,27004,4,32,0.9444444179534912,0.9420035481452942,71,0.7656765580177307,0.3521614074707031,2.863210910027076e-08,0.00404092323532745,0.00122106763572778,0.008600768446745375,0.4698328132361917,0.012383558174971892,0.014596475257259354,0.10281240789050232,0.12044809015815172,0.0019402379864143185,0.0011125444174755353,0.007836369289833108,0.24759399597611864
4,3375,27005,5,32,0.9444444179534912,0.9420035481452942,71,0.7656765580177307,0.31986236572265625,2.8550590390296073e-08,0.003909893936523622,0.000886131411354314,0.005894104893597338,0.66335669403693,0.009771056592705073,0.012119318265304102,0.08061167020974801,0.12121143957545122,0.0018092084132039247,0.0007167141178205616,0.004767225419421879,0.3795097261046504
4,3375,27006,6,32,0.9444444179534912,0.9420035481452942,71,0.7656765580177307,0.40435028076171875,2.856564280095003e-08,0.004761688016395783,0.0013812387060382748,0.00801154244412833,0.5943534655908403,0.01636970995509553,0.013896963307109298,0.0806059885902987,0.20308304930417662,0.0026610026333192833,0.0012018085849369964,0.006970801242282697,0.38173554815743055
4,3375,27007,7,32,0.9444444179534912,0.9420035481452942,71,0.7656765580177307,0.54608154296875,2.8188825573289106e-08,0.00644411007005826,0.004000408085417981,0.03560773726290496,0.18097499491413999,0.02958588896677804,0.0524258285817589,0.46664367486256497,0.06340145717284525,0.004343425676928482,0.003964497485045422,0.03528809606737787,0.12308472717358554
4,3375,27000,0,32,0.9444444179534912,0.9420035481452942,72,0.7567567229270935,0.40010833740234375,2.7850442505544478e-08,0.005052040178876664,0.0023779324644382063,0.014282445005256626,0.3537237620741596,0.019537354802297537,0.026508381405772163,0.15921583361525565,0.12270987350108324,0.0029758267811882517,0.002278713917651848,0.01368651410344591,0.21742766336966807
4,3375,27001,1,32,0.9444444179534912,0.9420035481452942,72,0.7567567229270935,0.4757652282714844,2.807133314639669e-08,0.005327556276911386,0.0021616044960443537,0.01810131932694843,0.2943186726163081,0.01967673404253695,0.022104179718098606,0.18510084350294112,0.10630277890778117,0.003251342516376447,0.0021020306521448667,0.017602446765417515,0.18470969176649732
4,3375,27002,2,32,0.9444444179534912,0.9420035481452942,72,0.7567567229270935,0.4150848388671875,2.830100412105893e-08,0.004387385889364253,0.0016982393827050246,0.010383581725705877,0.4225310692651189,0.011619666861427649,0.01768866338528007,0.10815417646656919,0.1074361364585798,0.0023111725719909305,0.0015849305616862867,0.009690775154810443,0.23849202309101952
4,3375,27003,3,32,0.9444444179534912,0.9420035481452942,72,0.7567567229270935,0.33860015869140625,2.8125960044948436e-08,0.003764144473323274,0.0010120099866690762,0.006052393764318164,0.6219265665619371,0.010217177403193174,0.012024583198443049,0.07191382825017484,0.1420752816502761,0.0016879309878634413,0.000841238439246962,0.005031083043717,0.33550052209362574
4,3375,27004,4,32,0.9444444179534912,0.9420035481452942,72,0.7567567229270935,0.3624000549316406,2.8542051227997332e-08,0.004138111972840639,0.0012980795984286247,0.009143213467347837,0.452588358307353,0.01136238668826056,0.014389359319435911,0.10135355649625648,0.11210644284278504,0.0020618988230998356,0.00119396455856821,0.008409863959538326,0.2451762398321872
4,3375,27005,5,32,0.9444444179534912,0.9420035481452942,72,0.7567567229270935,0.32775115966796875,2.8336350417698885e-08,0.0039781742837291766,0.0009245066949776443,0.006149358171044939,0.6469251217892841,0.01113550572828808,0.012144851387500355,0.08078150382421807,0.1378472199839103,0.0019019608620158806,0.0007607689258028855,0.00506025606475049,0.37586257250198307
4,3375,27006,6,32,0.9444444179534912,0.9420035481452942,72,0.7567567229270935,0.4170074462890625,2.828187412553691e-08,0.004896915946664949,0.0014474280737321297,0.00839545792977983,0.5832815776843956,0.015070561497636685,0.014061624983620834,0.08156106898626969,0.1847764096884719,0.002820702662390338,0.0012723089038983312,0.0073797213624720226,0.382223463982585
4,3375,27007,7,32,0.9444444179534912,0.9420035481452942,72,0.7567567229270935,0.5631141662597656,2.7838872294164465e-08,0.0067137029970717604,0.00447510609956934,0.03983303673391087,0.1685461001108212,0.027538283387271396,0.054387729670052155,0.48410660789242216,0.05688475004949929,0.00463749068343552,0.004441746416024082,0.0395361013159511,0.11729762240275556
4,3375,27000,0,32,0.9444444179534912,0.9420035481452942,73,0.7474048137664795,0.41280364990234375,2.7656876298731713e-08,0.00523104785586884,0.002605952826924749,0.015651991170253426,0.334209737212888,0.02157956218417713,0.028492093757902973,0.1711304960370289,0.1261000387651993,0.003180492089080992,0.002512541654593581,0.01509094078230153,0.21075505728649035
4,3375,27001,1,32,0.9444444179534912,0.9420035481452942,73,0.7474048137664795,0.4921913146972656,2.785886694372983e-08,0.005504882157807401,0.0023325597351901563,0.019532901922217752,0.28182613007163354,0.019468289992929978,0.02283073780460744,0.19118505546564754,0.10182955956213885,0.0034543260308024046,0.0022757090748236407,0.01905683335411228,0.18126442975149357
4,3375,27002,2,32,0.9444444179534912,0.9420035481452942,73,0.7474048137664795,0.4264488220214844,2.8009568185234477e-08,0.004476762009016731,0.0018148339178136721,0.0110964782092057,0.4034398954888935,0.012396303530925627,0.018175209375642633,0.11112907512084312,0.11154869702142067,0.0024262063189069904,0.001707335772952343,0.010439199981002425,0.232413051126741
4,3375,27003,3,32,0.9444444179534912,0.9420035481452942,73,0.7474048137664795,0.3477210998535156,2.799903016417771e-08,0.003843889828879547,0.001057707061741754,0.006325688194077475,0.6076635001514065,0.009414656738213628,0.012282022232611002,0.07345345970205269,0.12817172637479635,0.0017933339730602479,0.0008919408463283142,0.005334312198070635,0.3361884168888499
4,3375,27004,4,32,0.9444444179534912,0.9420035481452942,73,0.7474048137664795,0.3725128173828125,2.8256558660396954e-08,0.004227389319603811,0.0013753789107309577,0.009687682476886991,0.4363674521424062,0.013454478313107384,0.015393401297581787,0.108425672988557,0.1240894148245438,0.0021768337982365944,0.0012755288855548499,0.008984374223671727,0.2422910871745687
4,3375,27005,5,32,0.9444444179534912,0.9420035481452942,73,0.7474048137664795,0.338897705078125,2.8014700875233103e-08,0.0040666238874860405,0.000965518475927809,0.006422148115850152,0.6332186387058605,0.007928416034121857,0.01199547540218303,0.07978792915260231,0.09936861525705194,0.0020160680959337316,0.0008064146756619307,0.005363868863223495,0.3758608100501073
4,3375,27006,6,32,0.9444444179534912,0.9420035481452942,73,0.7474048137664795,0.4277458190917969,2.817933857534572e-08,0.005022640617847954,0.0015182415310459824,0.00880619433356381,0.5703531432079268,0.01642244693975477,0.01468583046792776,0.08518162255859626,0.19279330971252398,0.0029720849611511815,0.0013482489737600414,0.007820193447599285,0.3800526139239663
4,3375,27007,7,32,0.9444444179534912,0.9420035481452942,73,0.7474048137664795,0.58135986328125,2.7639448242944012e-08,0.006971049947696453,0.005001125852213831,0.04451515234495015,0.1565994853545022,0.027048290357218226,0.056522209918433784,0.5031056725514199,0.05376264238891833,0.00492049525643045,0.00497026027726199,0.04424041705297835,0.11122171950906584
4,3375,27000,0,32,0.9444444179534912,0.9420035481452942,74,0.73758864402771,0.4267845153808594,2.737908783290685e-08,0.005445763739137991,0.0028710147311501013,0.01724401791058458,0.3158059662994967,0.02227802101582949,0.03135201346001027,0.1883078744847585,0.11830636969795259,0.003422139236104424,0.002783034472091944,0.01671558691839354,0.20472743510661667
4,3375,27001,1,32,0.9444444179534912,0.9420035481452942,74,0.73758864402771,0.50927734375,2.7640740768916345e-08,0.00568827339396003,0.0025244404958738413,0.021139715253791193,0.26907994387199213,0.019661467395476116,0.023132570519267936,0.19371260866115,0.10149812927184704,0.0036646485327764457,0.00247040397748024,0.020687212366908306,0.1771455944754787
4,3375,27002,2,32,0.9444444179534912,0.9420035481452942,74,0.73758864402771,0.4405784606933594,2.7940799617248222e-08,0.004580774984415742,0.0019459772547031097,0.011898330745568519,0.3849930786401976,0.012918011664762799,0.018268275093000802,0.11169810884594185,0.11565112246063,0.0025571505569776274,0.0018440323747969166,0.011275006965185378,0.22679813545778899
4,3375,27003,3,32,0.9444444179534912,0.9420035481452942,74,0.73758864402771,0.3586006164550781,2.7892850579849783e-08,0.0039170548102551005,0.0011093469912106346,0.006634524264100847,0.5904047757350338,0.009481007023674418,0.012251550667075981,0.07327122245571861,0.1293960535379938,0.001893430219778475,0.0009496877760919768,0.00567967159394031,0.3333696655628103
4,3375,27004,4,32,0.9444444179534912,0.9420035481452942,74,0.73758864402771,0.3851661682128906,2.7928910195454394e-08,0.004348574675586313,0.0014733209095515029,0.010377551267459633,0.41903668442688596,0.01347672820153159,0.01569275336764165,0.11053420306773175,0.12192360217473583,0.0023249504122201687,0.001377850988573845,0.009705094918660812,0.23955978088888016
4,3375,27005,5,32,0.9444444179534912,0.9420035481452942,74,0.73758864402771,0.3476448059082031,2.793017759310067e-08,0.004117343340377482,0.0010024919891031977,0.00666807751429849,0.6174708274684243,0.00922034122941491,0.012155671760688942,0.08085347555859539,0.11403766091332497,0.002093718813023461,0.0008490582744787798,0.005647512847903883,0.3707328994923068
4,3375,27006,6,32,0.9444444179534912,0.9420035481452942,74,0.73758864402771,0.4402313232421875,2.8087624145146814e-08,0.005172362614172984,0.0016036408905511544,0.009301532750005568,0.556076375065162,0.01710366780824571,0.014765483020207778,0.08564362800384248,0.19970741790011906,0.003148738218418425,0.0014391491877978795,0.008347438245881321,0.37721012431233414
4,3375,27007,7,32,0.9444444179534912,0.9420035481452942,74,0.73758864402771,0.5971565246582031,2.7465488054522533e-08,0.007234737591202073,0.005589747426179845,0.04975448840905308,0.14540874245801058,0.027855942811323944,0.05860696626304427,0.5216621434391412,0.05339843644332552,0.005211114145896611,0.005561239783630718,0.04950074113522513,0.10527345705109736
4,3375,27000,0,32,0.9444444179534912,0.9420035481452942,75,0.7272727489471436,0.4410057067871094,2.7218686208824382e-08,0.005681178652844724,0.0031887474188894024,0.01915239828171554,0.29663014361331685,0.023141246506511923,0.03306648941563464,0.19860543714275647,0.11651869575895914,0.0036858565819456947,0.0031064474002277403,0.018658084205077335,0.19754742992009222
4,3375,27001,1,32,0.9444444179534912,0.9420035481452942,75,0.7272727489471436,0.5273666381835938,2.7389358127412515e-08,0.005883703005184058,0.00273343700868867,0.022889856236382053,0.25704412227073165,0.020526059801179147,0.02415309884612207,0.20225853330203028,0.1014842709777185,0.0038883805843573055,0.0026820928129842,0.02245989891360043,0.17312547128173958
4,3375,27002,2,32,0.9444444179534912,0.9420035481452942,75,0.7272727489471436,0.45452880859375,2.7704528680726248e-08,0.004697379693576038,0.0020882438557183803,0.012768194495947132,0.36789694071993306,0.013777976775358023,0.01852252918743659,0.11325270014535227,0.12165693848954515,0.002702057700980146,0.0019914408331059143,0.012176309684636944,0.22191105277072395
4,3375,27003,3,32,0.9444444179534912,0.9420035481452942,75,0.7272727489471436,0.3687705993652344,2.7557396938277054e-08,0.003994872745797715,0.001164429493011819,0.006963948869407184,0.573650499265912,0.01027584215722634,0.012174917845629504,0.07281291471491128,0.14112664212742967,0.0019995505894847485,0.0010106872546620518,0.006044483076620773,0.3308058876397114
4,3375,27004,4,32,0.9444444179534912,0.9420035481452942,75,0.7272727489471436,0.3982658386230469,2.794929028501169e-08,0.004476241119529191,0.0015815429430427706,0.011139828985466256,0.40182314516400436,0.013014404941591236,0.01600674904305986,0.1127458775225557,0.1154313153400008,0.0024809192858894027,0.001490461925066905,0.010498286516741851,0.23631659146785763
4,3375,27005,5,32,0.9444444179534912,0.9420035481452942,75,0.7272727489471436,0.35820770263671875,2.7698302868838915e-08,0.004188713838475896,0.001049652101897501,0.006981763100930249,0.599950725615109,0.008787597182956899,0.01221189827025152,0.0812274663018602,0.10818504605695985,0.0021933917441093707,0.0009021854440356995,0.006000888324786971,0.36551117524541415
4,3375,27006,6,32,0.9444444179534912,0.9420035481452942,75,0.7272727489471436,0.4532737731933594,2.7793362086773988e-08,0.00533923339736637,0.0016955975375382223,0.009834905133168571,0.5428861107525698,0.017962766230319293,0.015004148941962447,0.08702795220048251,0.2064022624471187,0.003343911434426243,0.0015362503445286832,0.008910650118761774,0.3752713202581579
4,3375,27007,7,32,0.9444444179534912,0.9420035481452942,75,0.7272727489471436,0.6142959594726562,2.7238905437419285e-08,0.007523145497568709,0.006249118311357101,0.05562356594736319,0.1352510463764206,0.026768732747952644,0.06013805245045033,0.5352903817398149,0.05000787172926254,0.005527824473745715,0.006222764475403934,0.055388989762520775,0.09980005949641177
4,3375,27000,0,32,0.9444444179534912,0.9420035481452942,76,0.7164179682731628,0.4555549621582031,2.706333086831747e-08,0.005941776154923333,0.0035525167325433015,0.02133728590765122,0.2784691633528098,0.022947999137586963,0.03505871123243283,0.21057120949424954,0.1089797565047165,0.0039762348812420086,0.0034756284799488985,0.020875476223964812,0.19047397235792568
4,3375,27001,1,32,0.9444444179534912,0.9420035481452942,76,0.7164179682731628,0.5441474914550781,2.7149951392418955e-08,0.006102245116574072,0.0029667619559771616,0.02484372401633033,0.24562521756250918,0.018694076624394707,0.02453533656904809,0.20545939964652163,0.09098671881917567,0.0041367034915399305,0.0029179932445704128,0.02443533385062111,0.16929187531582596
4,3375,27002,2,32,0.9444444179534912,0.9420035481452942,76,0.7164179682731628,0.46952056884765625,2.7591783486523238e-08,0.0048329107668111035,0.002247594842229357,0.013742517673444648,0.3516757905394568,0.013398899918463833,0.019326077014539755,0.11816584997464717,0.11339062784500432,0.0028673695657228946,0.0021556516544187308,0.013180347454995894,0.2175488601885107
4,3375,27003,3,32,0.9444444179534912,0.9420035481452942,76,0.7164179682731628,0.3802642822265625,2.7324334504784693e-08,0.00408861801984936,0.0012227814874680853,0.0073129268953504405,0.5590946112764922,0.009603788924248981,0.012004987761978015,0.07179663642496328,0.13376377226649294,0.002123076662894463,0.0010741687477290004,0.006424138413869578,0.33048426514453455
4,3375,27004,4,32,0.9444444179534912,0.9420035481452942,76,0.7164179682731628,0.41080474853515625,2.7637080284873013e-08,0.004603675503668382,0.0017057511054636243,0.012014707340210942,0.3831700076672491,0.013001081095829684,0.016031808699863804,0.11292238887968227,0.11513289104857861,0.0026381344632472924,0.0016194704430863274,0.011406976878092315,0.2312737626665979
4,3375,27005,5,32,0.9444444179534912,0.9420035481452942,76,0.7164179682731628,0.3688774108886719,2.7700194295509945e-08,0.004257353303133542,0.001099222463690604,0.007311480463703316,0.5822833452497749,0.009786374141971012,0.012030575730788287,0.08002139906005422,0.1222969637737346,0.002291812008670928,0.0009577750814339655,0.006370642911549287,0.3597457965374453
4,3375,27006,6,32,0.9444444179534912,0.9420035481452942,76,0.7164179682731628,0.4661216735839844,2.762012929516686e-08,0.005527643255357317,0.0017964775304628135,0.01042003523526139,0.5304822038078889,0.01654036442784123,0.014985931972057935,0.08692228905409413,0.19028910314991482,0.003562102086946824,0.0016420343930078577,0.009524225013961062,0.374004402639094
4,3375,27007,7,32,0.9444444179534912,0.9420035481452942,76,0.7164179682731628,0.6307754516601562,2.6924099278404948e-08,0.007810391744056438,0.006973280926438978,0.06206935637245664,0.12583329682345973,0.026708819060067137,0.06164826691798075,0.5487328403145987,0.04867362967515208,0.0058448514891305285,0.00694894808103832,0.061852769077514455,0.09449619760443881
4,3375,27000,0,32,0.9444444179534912,0.9420035481452942,77,0.7049808502197266,0.46967315673828125,2.6751459431345645e-08,0.006213269237907621,0.00397205605573939,0.02385714187526229,0.2604364458405733,0.02456941795056584,0.03605190497045771,0.21653657442998459,0.1134654411858269,0.004279106522750478,0.0039005999155649227,0.02342795878970698,0.18264956674887503
4,3375,27001,1,32,0.9444444179534912,0.9420035481452942,77,0.7049808502197266,0.5616950988769531,2.6965011818070893e-08,0.006303265677661846,0.0032239733361808295,0.02699761726373603,0.23347488839796882,0.021403951593732404,0.02571392115126411,0.2153288905342166,0.09940120687303329,0.004369102621213502,0.0031779929502465795,0.026612576591358048,0.16417435591833257
4,3375,27002,2,32,0.9444444179534912,0.9420035481452942,77,0.7049808502197266,0.4834136962890625,2.733490988524533e-08,0.004969660900869045,0.002427893244630413,0.014844920088211139,0.3347718190019509,0.012614084006847954,0.019827021701377543,0.12122878688967326,0.10405188677114834,0.00303549825954266,0.0023410482362973893,0.014313921778621123,0.21206614836168772
4,3375,27003,3,32,0.9444444179534912,0.9420035481452942,77,0.7049808502197266,0.3905754089355469,2.708197127936967e-08,0.00417666415423621,0.0012803988950115806,0.00765751167487442,0.545433599264438,0.010877382445349361,0.012252747469751381,0.07327838001458178,0.1484391773287681,0.0022425013563892797,0.00113679174629882,0.006798659467060349,0.329844635880683
4,3375,27004,4,32,0.9444444179534912,0.9420035481452942,77,0.7049808502197266,0.4239845275878906,2.7530570074311926e-08,0.004737733586049921,0.0018361976930440693,0.01293352695480076,0.3663141231782359,0.013798167119771247,0.01692263884528725,0.11919708127344222,0.11575927004552883,0.0028035711014563103,0.0017543158347464603,0.012356780112446522,0.22688524647552624
4,3375,27005,5,32,0.9444444179534912,0.9420035481452942,77,0.7049808502197266,0.3809623718261719,2.725598333159735e-08,0.004345619946843494,0.001150314618770195,0.007651320037631522,0.5679568918134925,0.009327573388460709,0.01222077604639157,0.08128651684799913,0.114749330518156,0.0024114572085640563,0.0010138157676361011,0.006743397650352342,0.35760270024088786
4,3375,27006,6,32,0.9444444179534912,0.9420035481452942,77,0.7049808502197266,0.4788055419921875,2.7441609283104414e-08,0.0057034532404326,0.0019011866762511077,0.011027375416291688,0.5172085854632644,0.017236817365794896,0.015073262764436178,0.08742883028173207,0.19715255608762808,0.003769290629020336,0.0017521173549369287,0.01016273472123658,0.370893340465124
4,3375,27007,7,32,0.9444444179534912,0.9420035481452942,77,0.7049808502197266,0.6481132507324219,2.6706265399389736e-08,0.008112091720799975,0.007769036009959478,0.06915239323634657,0.11730746169658593,0.02654056349894676,0.062777565625903,0.5587847577251276,0.04749693532621796,0.006177930015808086,0.0077465517936652645,0.06895226063755373,0.08959720767216407
4,3375,27000,0,32,0.9444444179534912,0.9420035481452942,78,0.6929134130477905,0.4864692687988281,2.640185483571387e-08,0.006527478899161698,0.004442638586520129,0.0266835758538649,0.24462534312904866,0.024340204675410287,0.03748968426996272,0.22517222917711302,0.10809594399967097,0.004626423871344695,0.004375986366054737,0.02628324628710401,0.17602178288055195
4,3375,27001,1,32,0.9444444179534912,0.9420035481452942,78,0.6929134130477905,0.580322265625,2.6805900095426427e-08,0.006561749490762413,0.003519350683341651,0.029471113082554512,0.22265020911770902,0.01827808982678129,0.025987965321295985,0.2176237419006498,0.08398941065504542,0.00466069408690754,0.003475858253589964,0.02910690660506021,0.1601233051023458
4,3375,27002,2,32,0.9444444179534912,0.9420035481452942,78,0.6929134130477905,0.4979667663574219,2.709909356243353e-08,0.005100513852020297,0.0026290969008726886,0.016075143947920898,0.3172919551168299,0.01381358823489873,0.019281782848926846,0.11789502120144972,0.1171685461703693,0.003199458877563997,0.0025475654001937322,0.015576634132908303,0.2054011701285705
4,3375,27003,3,32,0.9444444179534912,0.9420035481452942,78,0.6929134130477905,0.4038963317871094,2.6820788902747583e-08,0.004291362715017056,0.0013503660775356615,0.008075955113964839,0.5313752558624907,0.009962058858910187,0.012343136817534208,0.07381895958601685,0.13495257742425906,0.002390307611008523,0.0012117558290538682,0.007246987203931634,0.32983466697881486
4,3375,27004,4,32,0.9444444179534912,0.9420035481452942,78,0.6929134130477905,0.4373779296875,2.7362559224576304e-08,0.004892824425797178,0.0019922398111343917,0.014032632431324717,0.34867473724139175,0.012850868898192258,0.017151875075107945,0.12081174017898073,0.10637102717959276,0.0029917696138150643,0.0019149151278947812,0.0134879847178789,0.22180997950341283
4,3375,27005,5,32,0.9444444179534912,0.9420035481452942,78,0.6929134130477905,0.3935546875,2.708843805645568e-08,0.004430898378962517,0.001205637299499385,0.008019298961563903,0.5525293919330841,0.010177415785659826,0.012227298615138616,0.08132990172735019,0.1251374410825987,0.002529843331267993,0.0010744604093343504,0.007146775608546837,0.3539838760632908
4,3375,27006,6,32,0.9444444179534912,0.9420035481452942,78,0.6929134130477905,0.4920768737792969,2.730838623057127e-08,0.005900874240713779,0.002016556181455582,0.011696548444576427,0.5044970547230072,0.017425118306513096,0.015060193656036974,0.08735302606614688,0.19947927497460893,0.003999819294147441,0.0018727101282929883,0.010862204058414602,0.36823275208578954
4,3375,27007,7,32,0.9444444179534912,0.9420035481452942,78,0.6929134130477905,0.6646804809570312,2.642681162415192e-08,0.008427538878962453,0.008636208339372202,0.07687111687855301,0.10963205975369054,0.026446289983440813,0.06389528841593535,0.5687336375869867,0.046500309170469815,0.006526484838223164,0.008615409315954706,0.07668598422574323,0.0851066189489193
4,3375,27000,0,32,0.9444444179534912,0.9420035481452942,79,0.6801619529724121,0.504852294921875,2.6021848831554347e-08,0.0068552807071963085,0.004970686150741292,0.02985515890297822,0.2296179608179026,0.025874851331234183,0.038596889394343976,0.23182237443355103,0.11161498709716168,0.004989210308820369,0.004908669285854572,0.029482670417544186,0.16922518340982606
4,3375,27001,1,32,0.9444444179534912,0.9420035481452942,79,0.6801619529724121,0.5993728637695312,2.659322386977711e-08,0.006777361388689102,0.003839042446786615,0.032148218310130705,0.21081608079516448,0.020236199265588773,0.026661432504991693,0.22326336958027623,0.09063824174844175,0.004911290660258074,0.0037983155265346675,0.031807170264554964,0.1544082865406949
4,3375,27002,2,32,0.9444444179534912,0.9420035481452942,79,0.6801619529724121,0.514556884765625,2.6821469071133248e-08,0.005260857594439942,0.0028394473165967568,0.017361294036625122,0.30302220464337026,0.014620749427601488,0.020021279080076955,0.12241653897462008,0.11943442895924973,0.003394787264438712,0.0027623203455180638,0.016889714932049105,0.2009973097886293
4,3375,27003,3,32,0.9444444179534912,0.9420035481452942,79,0.6801619529724121,0.4163017272949219,2.6697798845894317e-08,0.004395718608940887,0.0014244890396808302,0.00851925247247886,0.5159746847673665,0.010409705918358315,0.01248034071693858,0.07463951673084143,0.13946641637427656,0.0025296481277985844,0.0012914541727130275,0.007723628506431857,0.32752068871412165
4,3375,27004,4,32,0.9444444179534912,0.9420035481452942,79,0.6801619529724121,0.4527626037597656,2.712959174494775e-08,0.005039273050113401,0.0021636520980573737,0.015239999939573307,0.3306609626046029,0.012940040241170533,0.017935594185787735,0.1263319803368722,0.1024288561507949,0.0031732028731410377,0.002091051956595281,0.014728630226998577,0.21544453382530723
4,3375,27005,5,32,0.9444444179534912,0.9420035481452942,79,0.6801619529724121,0.4063377380371094,2.6876723363195318e-08,0.00453665007574463,0.0012634657061190934,0.008403944726377982,0.5398238831230249,0.009776586398213246,0.012266818099838511,0.08159276566059695,0.11982173075099707,0.0026705796517949264,0.0011368189214409961,0.007561553379265392,0.3531787078456588
4,3375,27006,6,32,0.9444444179534912,0.9420035481452942,79,0.6801619529724121,0.5074310302734375,2.694171696511264e-08,0.006112950849758023,0.002141640635873305,0.012422070695934808,0.49210401384678315,0.018249850811157813,0.015459936662249651,0.08967163909589755,0.20351864865145236,0.004246880548415466,0.0020029971574390365,0.011617902591448636,0.36554623478607784
4,3375,27007,7,32,0.9444444179534912,0.9420035481452942,79,0.6801619529724121,0.6819686889648438,2.6133511500798146e-08,0.008759131976777502,0.009581011967694274,0.08528083874791989,0.10270926160410389,0.025296674118596964,0.06480058024954323,0.5767916639355647,0.043857558457056585,0.006893062555048627,0.009561753639876375,0.08510941986704065,0.0809905949989682
4,3375,27000,0,32,0.9444444179534912,0.9420035481452942,80,0.6666666865348816,0.5226211547851562,2.5848428136587376e-08,0.007232652191267057,0.005558954547546806,0.03338844302746668,0.21662142751961166,0.024739207517780252,0.038576974378238635,0.2317027599673889,0.10677131131826907,0.005403606881711633,0.0055010273416331145,0.03304051803584337,0.16354485955243303
4,3375,27001,1,32,0.9444444179534912,0.9420035481452942,80,0.6666666865348816,0.616302490234375,2.6294701874923647e-08,0.007044401809522099,0.00419684431319127,0.03514445830288648,0.20044132559424108,0.0201718971159554,0.02715899115048505,0.22742993563916472,0.0886949954906538,0.005215356174952866,0.004158573253118484,0.03482397567961936,0.14976337632825595
4,3375,27002,2,32,0.9444444179534912,0.9420035481452942,80,0.6666666865348816,0.5303840637207031,2.6569724113385842e-08,0.005446569623801924,0.0030815229937120685,0.018841422576059086,0.28907422472030453,0.013992347615504337,0.020042867887826107,0.12254853988798178,0.1141780034939164,0.0036175243834773436,0.003008708300121524,0.01839621012283866,0.19664508935926067
4,3375,27003,3,32,0.9444444179534912,0.9420035481452942,80,0.6666666865348816,0.4298896789550781,2.6481453321041044e-08,0.004515043818967662,0.0015071036157270439,0.009013334498832811,0.5009293530105136,0.010354973650457918,0.012266027781852248,0.07335780381395757,0.1411570836651425,0.0026859984300853586,0.0013795353246169578,0.008250403757229486,0.3255596343065913
4,3375,27004,4,32,0.9444444179534912,0.9420035481452942,80,0.6666666865348816,0.46672821044921875,2.7075003641449882e-08,0.005196034070397413,0.002363375908068188,0.01664678380063351,0.3121344118255247,0.0138340222304109,0.018648168164082497,0.13135109935138659,0.10532094743571603,0.003366988973497077,0.002295617350406656,0.016169516491534017,0.20823065273843866
4,3375,27005,5,32,0.9444444179534912,0.9420035481452942,80,0.6666666865348816,0.4177665710449219,2.6732303030032435e-08,0.004640616602241653,0.001330441981219331,0.008849437557085671,0.5243967848019846,0.009709228771787629,0.012324729803476419,0.08197796547569781,0.11843705458469701,0.002811571269295757,0.0012091286781246127,0.008042521873624885,0.3495882651579957
4,3375,27006,6,32,0.9444444179534912,0.9420035481452942,80,0.6666666865348816,0.521484375,2.6823721424775687e-08,0.006353762061693374,0.0022833210260804282,0.013243853675721633,0.479751756344225,0.01686211078843591,0.0151761447077504,0.08802557221489178,0.19155922948471615,0.004524716847759158,0.0021499144786030506,0.012470061127940238,0.3628464047879559
4,3375,27007,7,32,0.9444444179534912,0.9420035481452942,80,0.6666666865348816,0.69842529296875,2.5994147601861393e-08,0.009087257433859868,0.010605378969189071,0.0943987562881264,0.09626458855160655,0.026720889928501898,0.06603960378292144,0.587820244894569,0.045457587009944754,0.007258213082298505,0.010587573614542793,0.09424027035954612,0.07701816913944455
4,3375,27000,0,32,0.9444444179534912,0.9420035481452942,81,0.6523604989051819,0.5406074523925781,2.5478280053440422e-08,0.007608330954427335,0.0061894078956191605,0.03717510030511592,0.20466201548836982,0.025189964955375278,0.03900829896033351,0.23429340108748511,0.10751461559930725,0.005818535752910404,0.006135358183275827,0.036850464489911645,0.15789585920968005
4,3375,27001,1,32,0.9444444179534912,0.9420035481452942,81,0.6523604989051819,0.6328773498535156,2.6176642904755088e-08,0.0073261083134734785,0.004592189197711313,0.03845508428098216,0.1905107855165092,0.020593966427820656,0.027792474857879505,0.23273474088774285,0.0884868599731483,0.005536312801729832,0.004556304545907509,0.03815458548833731,0.1451021608771536
4,3375,27002,2,32,0.9444444179534912,0.9420035481452942,81,0.6523604989051819,0.5463333129882812,2.6551811673499317e-08,0.0056299567057732265,0.003341691524847618,0.020432176643486143,0.27554365861299845,0.014397644987704586,0.019523226095330894,0.1193712828561305,0.12061230007100633,0.003840161576970261,0.0032731516737982895,0.020013101952316984,0.1918823771607116
4,3375,27003,3,32,0.9444444179534912,0.9420035481452942,81,0.6523604989051819,0.4433479309082031,2.6359101258541247e-08,0.004640364963352879,0.0015896791286775928,0.009507182905716866,0.4880904269299934,0.009885389873198326,0.012363384709982309,0.07394005346810077,0.13369465410872444,0.0028505696922113315,0.0014670487906911498,0.008773783924755944,0.3248962724245143
4,3375,27004,4,32,0.9444444179534912,0.9420035481452942,81,0.6523604989051819,0.48162078857421875,2.689050037704652e-08,0.005381399440608162,0.0025961769706809726,0.018286552127222102,0.2942817980759311,0.01401882584591713,0.01941991720237379,0.13678702655404779,0.10248651644151326,0.0035916044569649,0.0025330678178568946,0.017842033580969214,0.20130017358535857
4,3375,27005,5,32,0.9444444179534912,0.9420035481452942,81,0.6523604989051819,0.4321556091308594,2.6547084938359298e-08,0.004749385419096608,0.0014040812239552922,0.009339249130639386,0.50854039255846,0.009339557243956803,0.012267259545500637,0.08159570193732076,0.11446138733056255,0.0029595902032101074,0.0012882482360006642,0.008568785774532952,0.3453920171520943
4,3375,27006,6,32,0.9444444179534912,0.9420035481452942,81,0.6523604989051819,0.5347099304199219,2.6718675151702557e-08,0.006579263693279156,0.0024273830902767006,0.014079450981858223,0.46729547208600153,0.017963020729418258,0.015298185406949797,0.08873343989719229,0.20243800702678094,0.004789468593178094,0.0022994295526388947,0.013337287304298173,0.359103653082033
4,3375,27007,7,32,0.9444444179534912,0.9420035481452942,81,0.6523604989051819,0.7138900756835938,2.5583492076145628e-08,0.009465662734251866,0.011721924400444634,0.10433715644864175,0.09072187757878165,0.02681915979554278,0.06688922832746245,0.5953827752435122,0.04504523965204353,0.007675868463864551,0.011705395247484686,0.10419003002473474,0.0736718135318926
4,3375,27000,0,32,0.9444444179534912,0.9420035481452942,82,0.6371681094169617,0.5594329833984375,2.5185462354644362e-08,0.008017778335734133,0.006875867055266889,0.04129814220922637,0.19414380179897997,0.025126402217130438,0.039286918776856875,0.2359668599709399,0.10648275872393621,0.006269664396645224,0.006825335859006177,0.04099463946369572,0.15293863975063254
4,3375,27001,1,32,0.9444444179534912,0.9420035481452942,82,0.6371681094169617,0.6521644592285156,2.591317978290371e-08,0.007635094862510156,0.005029514980893615,0.042117259144967195,0.1812818549333952,0.020491848958212548,0.028356300619196372,0.2374562291012588,0.08629737377609151,0.005886980616498609,0.004995891438322406,0.04183569492630534,0.14071669245290844
4,3375,27002,2,32,0.9444444179534912,0.9420035481452942,82,0.6371681094169617,0.5620079040527344,2.6291568481855434e-08,0.005834141873732322,0.0036101621595808573,0.022073692442197854,0.26430294292672596,0.01354243785839442,0.0197101496459214,0.12051419355752056,0.11237214023201934,0.004086028003712184,0.003545335605730353,0.02167732204426821,0.18849320941802344
4,3375,27003,3,32,0.9444444179534912,0.9420035481452942,82,0.6371681094169617,0.455718994140625,2.6081814944530587e-08,0.004762512641876252,0.0016828190669277686,0.010064212568368482,0.47321264426038523,0.010599077620906913,0.012555288968523566,0.07508774978833582,0.14115588296073003,0.0030143986296192597,0.0015658176650183047,0.009364477818058273,0.3218971402555253
4,3375,27004,4,32,0.9444444179534912,0.9420035481452942,82,0.6371681094169617,0.4985847473144531,2.6755792762004906e-08,0.005582550805052883,0.002869595965687702,0.020212418800113735,0.27619409929411665,0.01534815793080781,0.02012560008202308,0.14175760710757998,0.10827043602083436,0.003834437073634691,0.00281118719828756,0.019801008105923144,0.1936485785533153
4,3375,27005,5,32,0.9444444179534912,0.9420035481452942,82,0.6371681094169617,0.44498443603515625,2.6341596242108078e-08,0.004856282371007421,0.0014793222706401593,0.009839715106432832,0.4935389204340447,0.011238677168818679,0.01249146640121232,0.08308701429629536,0.13526394303615966,0.003108168412406971,0.0013688324066280422,0.009104791550149677,0.3413772182797392
4,3375,27006,6,32,0.9444444179534912,0.9420035481452942,82,0.6371681094169617,0.5505714416503906,2.6502014816889188e-08,0.006844372204197489,0.0025877886904032556,0.015009845031830758,0.4559921964339346,0.017170483414928547,0.01544983980779823,0.08961307472347146,0.19160689963951488,0.005096258359494591,0.0024649962871613126,0.014297617271278784,0.35644109523983497
4,3375,27007,7,32,0.9444444179534912,0.9420035481452942,82,0.6371681094169617,0.7312393188476562,2.5350674222694804e-08,0.009869797239599073,0.012933878408939158,0.11512479085686698,0.0857312935479731,0.02685524347478122,0.06738867547195003,0.5998283673725872,0.04477154622148759,0.008121684218089628,0.012918523194933921,0.11498811369437771,0.07063064135199162
4,3375,27000,0,32,0.9444444179534912,0.9420035481452942,83,0.621004581451416,0.5780296325683594,2.4971531350549707e-08,0.008451785137785642,0.007621620613326448,0.045777320798083596,0.18462821743249475,0.025314774523046132,0.03963727026204125,0.23807115683154823,0.10633280763598794,0.006748016975190732,0.007574380253986945,0.04549358362539883,0.1483289826265379
4,3375,27001,1,32,0.9444444179534912,0.9420035481452942,83,0.621004581451416,0.671417236328125,2.5742897014172116e-08,0.007961242001822279,0.005516905922123671,0.04619868064478914,0.1723261766506799,0.020874241058239654,0.028434798060573852,0.2381135682469362,0.08766506340618095,0.0062574735366980995,0.0054855069550605795,0.045935745065970056,0.1362223150557699
4,3375,27002,2,32,0.9444444179534912,0.9420035481452942,83,0.621004581451416,0.5792236328125,2.6020841742669095e-08,0.006029684575992446,0.0039025245189290908,0.023861289928588186,0.2526973434394378,0.012697769171858523,0.019772232272959604,0.12089378670449547,0.1050324381260063,0.004325916482482614,0.003841582276240366,0.023488669458264253,0.18417035031163012
4,3375,27003,3,32,0.9444444179534912,0.9420035481452942,83,0.621004581451416,0.4719696044921875,2.5872728175187502e-08,0.004910572993845206,0.0017885024675749859,0.010696259251202567,0.45909255549253036,0.01060025019123314,0.012402925094154318,0.0741765273940045,0.1429057218455057,0.0032068047629064387,0.0016769228044231867,0.010028949574044706,0.31975479976544785
4,3375,27004,4,32,0.9444444179534912,0.9420035481452942,83,0.621004581451416,0.5163497924804688,2.6765471756420846e-08,0.005830281921362403,0.0031831210530515832,0.02242077859916381,0.26003922636209625,0.014031683466523176,0.021003179686978648,0.14793896738195203,0.09484778564322321,0.004126513962842628,0.0031289505740851138,0.022039220909312995,0.18723501977780482
4,3375,27005,5,32,0.9444444179534912,0.9420035481452942,83,0.621004581451416,0.4607887268066406,2.615226411604824e-08,0.005018189387075608,0.0015741200501056122,0.01047026273028416,0.47928017819084995,0.01148443715567127,0.012438252171649317,0.08273305973960388,0.13881315633457383,0.00331442121059111,0.001468661628552813,0.009768805823801846,0.33928622089257543
4,3375,27006,6,32,0.9444444179534912,0.9420035481452942,83,0.621004581451416,0.5664901733398438,2.637943772081923e-08,0.007106322821489664,0.0027639824978634518,0.016031814775864864,0.44326378022954055,0.017285682949854383,0.015629719395327847,0.09065642294708105,0.1906724574820757,0.005402554752639784,0.0026469071422982686,0.015352747373415536,0.35189498148029996
4,3375,27007,7,32,0.9444444179534912,0.9420035481452942,83,0.621004581451416,0.7454299926757812,2.5150430786768848e-08,0.010300679315663148,0.014241505347715767,0.1267640125261706,0.08125870355781425,0.02556470310268695,0.06858634693390127,0.6104888724595282,0.04187578882427826,0.008596912042231165,0.014227230581100987,0.12663695245423415,0.06788628339218791
4,3375,27000,0,32,0.9444444179534912,0.9420035481452942,84,0.6037735939025879,0.5970916748046875,2.4678697053520956e-08,0.008919681891341904,0.008433376147082698,0.050652923424302616,0.1760941183320202,0.024850154369749397,0.039758146284993995,0.23879716784157262,0.10406385718207496,0.007263188074258525,0.008389204177353239,0.05038761575141044,0.14414629400390344
4,3375,27001,1,32,0.9444444179534912,0.9420035481452942,84,0.6037735939025879,0.6888465881347656,2.560359373962995e-08,0.008319538895909622,0.006042326779761099,0.05059856542599615,0.16442242632506082,0.020822501304193546,0.02902629981631855,0.24306681579188655,0.08566575094323751,0.00666304479146694,0.006012968465409953,0.05035271831384242,0.13232740981205793
4,3375,27002,2,32,0.9444444179534912,0.9420035481452942,84,0.6037735939025879,0.5947685241699219,2.5910072828397116e-08,0.006214703595723462,0.00421937510974922,0.025798616337411946,0.2408929034969674,0.014246111849474255,0.019863352209074137,0.12145092329732332,0.11729932933155585,0.004558209839784786,0.004162425645819451,0.025450409000465142,0.17910163407202917
4,3375,27003,3,32,0.9444444179534912,0.9420035481452942,84,0.6037735939025879,0.4850425720214844,2.5701033588538285e-08,0.005068444453289077,0.0019005695371432892,0.011366483895203438,0.4459113741785987,0.010311016238858094,0.012421855543857545,0.07428974222117894,0.13879461592637712,0.0034119505640722086,0.001794271437115605,0.010730760961397252,0.31795979580072004
4,3375,27004,4,32,0.9444444179534912,0.9420035481452942,84,0.6037735939025879,0.5333023071289062,2.66757167343117e-08,0.006057845785769169,0.0035467133848676342,0.024981794355754733,0.24249041920296258,0.013966957125548523,0.021972298475022644,0.15476509727801552,0.09024616900836943,0.00440135216871173,0.003497136120237819,0.024632589642741506,0.1786800426811267
4,3375,27005,5,32,0.9444444179534912,0.9420035481452942,84,0.6037735939025879,0.4779624938964844,2.603689137597918e-08,0.005197607700454226,0.0016751258978604244,0.011142103333049505,0.46648353054105823,0.01071022604365711,0.012455184052675958,0.08284568218085603,0.12927923051289728,0.003541113865722832,0.0015744390091206315,0.010472384286824413,0.33813826619960863
4,3375,27006,6,32,0.9444444179534912,0.9420035481452942,84,0.6037735939025879,0.5803642272949219,2.6299712354219313e-08,0.007388769097731063,0.0029608339708086175,0.017173604333162194,0.4302398584706744,0.017772216069448753,0.015587828123635138,0.09041344271510704,0.19656608061534658,0.005732275373509088,0.0028496476456258578,0.016528694833077815,0.3468075024313144
4,3375,27007,7,32,0.9444444179534912,0.9420035481452942,84,0.6037735939025879,0.7612495422363281,2.4916915962033198e-08,0.010724209978396943,0.015672925016131593,0.13950511652795888,0.07687323766542753,0.026548324012036658,0.06938631758539587,0.617609432204492,0.04298561943472139,0.009067717013606365,0.01565971813067916,0.13938756169424937,0.06505398977777274
4,3375,27000,0,32,0.9444444179534912,0.9420035481452942,85,0.5853658318519592,0.6168594360351562,2.433058792428665e-08,0.009405367899910314,0.0093057543283045,0.055892640524523036,0.1682756050107113,0.024682699123158063,0.039616892014954726,0.23794876008661558,0.10373115251440407,0.007799377048377013,0.00926450970621395,0.05564491521878774,0.140163337794855
4,3375,27001,1,32,0.9444444179534912,0.9420035481452942,85,0.5853658318519592,0.706146240234375,2.543847071110937e-08,0.008700726711429222,0.006628148790212903,0.055504250670150745,0.15675784478445948,0.021601972313264887,0.029560396578270042,0.2475393527695182,0.08726682069569078,0.007094735561792786,0.006600803509412959,0.05527526074125734,0.1283528194467166
4,3375,27002,2,32,0.9444444179534912,0.9420035481452942,85,0.5853658318519592,0.6109733581542969,2.5830767537074766e-08,0.0064595641696903044,0.004564181879003937,0.027906875811662315,0.23146855324417379,0.013977691217855076,0.01994163993239065,0.12192959961436976,0.11463739126563786,0.004853573380647825,0.004510627796705608,0.027579428929937002,0.17598527485749907
4,3375,27003,3,32,0.9444444179534912,0.9420035481452942,85,0.5853658318519592,0.5021286010742188,2.552133673245222e-08,0.005228279578572378,0.002026957117041944,0.012122353314025704,0.43129245973413416,0.01045727224006925,0.01246795854296811,0.07456546430693775,0.14024283677794092,0.003622288661877918,0.0019264354751594695,0.011521176876517429,0.3144026604834877
4,3375,27004,4,32,0.9444444179534912,0.9420035481452942,85,0.5853658318519592,0.5488319396972656,2.6550539627988857e-08,0.006298977824948498,0.003966397683405185,0.02793790208217468,0.22546352286657406,0.014504663931300999,0.022548295266911936,0.1588222149086497,0.09132641765286863,0.00469298716558734,0.003921287636545006,0.02762016287075501,0.16991163982441262
4,3375,27005,5,32,0.9444444179534912,0.9420035481452942,85,0.5853658318519592,0.4934539794921875,2.6047939042014644e-08,0.005365676159059125,0.0017844503511591163,0.011869275157590578,0.4520643499976235,0.009506761981304152,0.012358556486948996,0.08220296372994677,0.11564986893338508,0.0037596852958404242,0.0016890869686822807,0.011234965424153122,0.33464146562995095
4,3375,27006,6,32,0.9444444179534912,0.9420035481452942,85,0.5853658318519592,0.5962982177734375,2.607501749279837e-08,0.007705337655336095,0.003173679796721083,0.018408165282619116,0.4185825983761364,0.017960606566313275,0.015922729049109095,0.09235595487269649,0.19447155942537964,0.006099346888685067,0.0030681035562272465,0.017795795727588392,0.342740891278573
4,3375,27007,7,32,0.9444444179534912,0.9420035481452942,85,0.5853658318519592,0.7754058837890625,2.46859049602899e-08,0.011206653349414576,0.017230170328460536,0.15336619788548886,0.07307120802317889,0.02544340420524608,0.07024561287421983,0.6252580421018742,0.04069264606292029,0.009600663339505086,0.017217926589684605,0.15325721604560152,0.06264411939107924
4,3375,27000,0,32,0.9444444179534912,0.9420035481452942,86,0.5656565427780151,0.6347312927246094,2.4237628439317065e-08,0.009919756165836116,0.010243206014257147,0.061523205037997145,0.16123601102558957,0.025128440627167428,0.03980185806183207,0.239059711483206,0.10511365746767708,0.008367839043914756,0.010204731803373123,0.061292119500754375,0.1365238975593227
4,3375,27001,1,32,0.9444444179534912,0.9420035481452942,86,0.5656565427780151,0.7230606079101562,2.5358965777826962e-08,0.009135111814674234,0.007281944501590216,0.06097914904674411,0.14980713830020212,0.02021869703631765,0.029503529996530078,0.24706315087551267,0.08183614984536974,0.00758319442644571,0.00725649522238124,0.06076603627313296,0.12479330381795097
4,3375,27002,2,32,0.9444444179534912,0.9420035481452942,86,0.5656565427780151,0.627288818359375,2.5752157106443075e-08,0.00671269945597564,0.004939475497888466,0.03020154168886997,0.22226347002840055,0.013516501127693497,0.02004423644725841,0.12255690770046838,0.11028755034133289,0.005160782403122402,0.004889327912703536,0.029894923225997495,0.17263072944219626
4,3375,27003,3,32,0.9444444179534912,0.9420035481452942,86,0.5656565427780151,0.5204658508300781,2.5534042148842574e-08,0.005404339904940703,0.00216225479683803,0.012931510184324767,0.41792024503771413,0.01159352929265629,0.012602005660791948,0.07536714210728453,0.1538273705025592,0.0038524227233770188,0.002067292981708369,0.012363584664507706,0.3115943173371244
4,3375,27004,4,32,0.9444444179534912,0.9420035481452942,86,0.5656565427780151,0.5652008056640625,2.6461122681510342e-08,0.006575263298906778,0.004448084905598988,0.031330736467942065,0.20986622212454714,0.015133374656257656,0.023632563231849896,0.1664594148702202,0.09091329960553066,0.005023346368631155,0.004407113530296258,0.03104214859482769,0.16182341094353744
4,3375,27005,5,32,0.9444444179534912,0.9420035481452942,86,0.5656565427780151,0.508514404296875,2.595081537245326e-08,0.005505106854037787,0.0018967663922835993,0.012616345534668767,0.43634718460351035,0.01060728444184014,0.012388590035530826,0.08240273193971794,0.12872491229538294,0.0039531897210281775,0.001807193710158705,0.01202055265645662,0.3288692154187099
4,3375,27006,6,32,0.9444444179534912,0.9420035481452942,86,0.5656565427780151,0.6109580993652344,2.6162683857083713e-08,0.008050632763313324,0.0034182714800519765,0.019826860432067057,0.4060467763364391,0.018212040646802336,0.01589233337714767,0.09217965209825771,0.1975711584091188,0.00649871573474598,0.0033186493140016865,0.01924902605181202,0.33761270400141724
4,3375,27007,7,32,0.9444444179534912,0.9420035481452942,86,0.5656565427780151,0.7894058227539062,2.4540852278362443e-08,0.011686005064619132,0.018930607997504872,0.16850183816478573,0.06935238921958138,0.02635660945922808,0.07053232670880057,0.6278100894613935,0.04198181886793148,0.010134088758043043,0.01891931574308165,0.1684013255120707,0.06017820065980806
4,3375,27000,0,32,0.9444444179534912,0.9420035481452942,87,0.5445026159286499,0.6542701721191406,2.3932571471208213e-08,0.010488516774411828,0.011260776496536402,0.06763498267233778,0.15507532285805634,0.024200305444769664,0.039753835920204914,0.23877127873455495,0.1013535027036206,0.008994636990746761,0.01122489561409293,0.06741947330110758,0.13341304151954858
4,3375,27001,1,32,0.9444444179534912,0.9420035481452942,87,0.5445026159286499,0.7379493713378906,2.5287689010681328e-08,0.009549605249394496,0.007984795725524959,0.0668648392676245,0.14281953496025748,0.020362410707324415,0.029807893830865996,0.24961189971785216,0.08157628194144986,0.008055725196662452,0.00796127565304409,0.0666678817097788,0.12083367567805658
4,3375,27002,2,32,0.9444444179534912,0.9420035481452942,87,0.5445026159286499,0.6459236145019531,2.580215374162266e-08,0.006967142059626198,0.0053510270151331096,0.032717900016893904,0.21294588149082647,0.014133513006269824,0.01988006834383304,0.12155313112101099,0.11627436394212952,0.005473262323748319,0.005304373496268068,0.032432645399164274,0.1687578135050727
4,3375,27003,3,32,0.9444444179534912,0.9420035481452942,87,0.5445026159286499,0.535797119140625,2.5507587247700955e-08,0.00563579781831761,0.0023183433085293926,0.013865008022574284,0.40647634744543226,0.011274772424912009,0.012598253947629695,0.07534470473448401,0.1496425324731777,0.004141917956486637,0.002228526883700574,0.013327854855384196,0.3107715383630083
4,3375,27004,4,32,0.9444444179534912,0.9420035481452942,87,0.5445026159286499,0.5834388732910156,2.662082194369534e-08,0.006895311964430598,0.00501326733398649,0.03531168154788671,0.19526999741090664,0.015620787093603197,0.024503049984117366,0.17259081559950876,0.09050763819235152,0.0054014323501340895,0.004976202014427105,0.035050606549576,0.15410381964415476
4,3375,27005,5,32,0.9444444179534912,0.9420035481452942,87,0.5445026159286499,0.525054931640625,2.592031835652455e-08,0.005695914038826819,0.0020217483974842476,0.013447663597684822,0.4235616096023877,0.01051543547258596,0.01249763348550477,0.08312803467007017,0.12649686130943727,0.004202034223864408,0.0019373319837007667,0.012886167648883378,0.3260887440206885
4,3375,27006,6,32,0.9444444179534912,0.9420035481452942,87,0.5445026159286499,0.6265869140625,2.6229390515279528e-08,0.008430639996523232,0.003683266671303615,0.02136390121504058,0.3946208097324428,0.018156122794724058,0.015998636523029894,0.09279623789291921,0.19565580681918415,0.006936760282922887,0.003589440211457555,0.020819683432731936,0.3331827933568466
4,3375,27007,7,32,0.9444444179534912,0.9420035481452942,87,0.5445026159286499,0.8029823303222656,2.431975539997763e-08,0.012234642684832483,0.02077537936245109,0.18492219645587546,0.06616102836390335,0.026305837843928218,0.07124936853851234,0.6341924975891938,0.04147926369978623,0.010740763672699603,0.020764950699696513,0.18482937065524727,0.05811177971673019
4,3375,27000,0,32,0.9444444179534912,0.9420035481452942,88,0.52173912525177,0.6732330322265625,2.383242764217419e-08,0.011061752494195493,0.012359274703834489,0.07423283205146829,0.14901428638107167,0.025302143066240096,0.03987675463373611,0.23950955864467888,0.10564147506019474,0.009630325887068003,0.012326014196873918,0.07403306129741387,0.13008142197956643
4,3375,27001,1,32,0.9444444179534912,0.9420035481452942,88,0.52173912525177,0.7529754638671875,2.5224690435069205e-08,0.010001645257335778,0.008761271550548245,0.0733670633720445,0.13632336906572662,0.02081969256961785,0.02998380194561552,0.25108495779258766,0.08291891618141561,0.00857021840301542,0.008739609614487786,0.07318566588578469,0.11710241751971359
4,3375,27002,2,32,0.9444444179534912,0.9420035481452942,88,0.52173912525177,0.6607284545898438,2.5646069383329094e-08,0.007266739271231428,0.005791194344179553,0.03540922462088425,0.20522164348511399,0.013881206121439914,0.019873346505967955,0.121512031642616,0.11423729760577535,0.005835312716067354,0.005747718545777744,0.035143399607995646,0.1660429207520303
4,3375,27003,3,32,0.9444444179534912,0.9420035481452942,88,0.52173912525177,0.553924560546875,2.5437945313727936e-08,0.005871540846791152,0.0024887243005399496,0.014883983000278968,0.3944872045796547,0.01013370736622579,0.012434117714964674,0.07436307695989043,0.13627337356806332,0.0044401141744220066,0.002404385442232356,0.014379588787934588,0.30877893936352
4,3375,27004,4,32,0.9444444179534912,0.9420035481452942,88,0.52173912525177,0.602264404296875,2.674181461259755e-08,0.007260090211364992,0.00567009644719315,0.039938153453682936,0.18178332205029613,0.014539887412658731,0.025238377991461194,0.17777020594491044,0.0817903502748066,0.005828663772416805,0.00563669754446789,0.03970290339847684,0.14680699076129572
4,3375,27005,5,32,0.9444444179534912,0.9420035481452942,88,0.52173912525177,0.5448799133300781,2.592812096126623e-08,0.00589739959983536,0.002164760988019751,0.014398912135904511,0.4095725804958457,0.010484904921843388,0.012398408984936677,0.08246804270175781,0.12713900534491407,0.004465972972979435,0.0020858793030268776,0.01387423044696504,0.32188977904402316
4,3375,27006,6,32,0.9444444179534912,0.9420035481452942,88,0.52173912525177,0.6416969299316406,2.618955525421432e-08,0.008837223126404337,0.003974596137327213,0.023053687616239667,0.38333230125748513,0.017179466979669537,0.01607330018753355,0.0932293064961883,0.18427110128049623,0.007405796597068964,0.0038866841880536925,0.022543775528001856,0.32850737836127525
4,3375,27007,7,32,0.9444444179534912,0.9420035481452942,88,0.52173912525177,0.8154754638671875,2.4209249113847153e-08,0.012822904124705279,0.022796650187474843,0.20291358106910318,0.06319391761332319,0.02545381252257176,0.07188168640448812,0.6398207754942351,0.0397827227521797,0.01139147826246815,0.022787052801371888,0.20282815448374797,0.05616320027888887
4,3375,27000,0,32,0.9444444179534912,0.9420035481452942,89,0.4971751570701599,0.6913871765136719,2.380915429333371e-08,0.01173220283959135,0.013557764701975117,0.08143125662566564,0.14407493296491236,0.025603166857709057,0.039897552674996284,0.23963447677627336,0.10684258459859508,0.010368169019779936,0.013526911856739468,0.08124594687783898,0.12761460009038317
4,3375,27001,1,32,0.9444444179534912,0.9420035481452942,89,0.4971751570701599,0.7670478820800781,2.5336572975182183e-08,0.01051096917061744,0.009615276762743286,0.08051852011684191,0.13054101286716124,0.02059676173658122,0.03003077768369469,0.25147833356375493,0.08190272873491711,0.00914693511769639,0.009595372191622842,0.08035183883977368,0.11383603971946328
4,3375,27002,2,32,0.9444444179534912,0.9420035481452942,89,0.4971751570701599,0.6750030517578125,2.5785117923500742e-08,0.007578154661138444,0.006269063389926766,0.038331069645345765,0.19770266604231324,0.014116105277012986,0.01997729553125851,0.12214760941239579,0.11556595618137783,0.0062141209019463284,0.006228798232832842,0.038084875525929464,0.16316505741801746
4,3375,27003,3,32,0.9444444179534912,0.9420035481452942,89,0.4971751570701599,0.5712051391601562,2.552942330062511e-08,0.006072208067021516,0.0026668494813617423,0.015949272619823394,0.3807200623979774,0.010265965282751963,0.012644590131717223,0.07562182139867496,0.13575400714868055,0.004708174197222411,0.0025886213612074287,0.015481424087839372,0.30411764257014784
4,3375,27004,4,32,0.9444444179534912,0.9420035481452942,89,0.4971751570701599,0.6194534301757812,2.699494013024905e-08,0.007602829882367429,0.00642048028993995,0.045223591777332865,0.1681164539031185,0.014905840715898745,0.025678630413470568,0.1808711882566434,0.08241136059076702,0.0062387962308590285,0.0063907756123568775,0.04501436253711558,0.1385956810054784
4,3375,27005,5,32,0.9444444179534912,0.9420035481452942,89,0.4971751570701599,0.56060791015625,2.6002129566159606e-08,0.006113383270451999,0.0023192278002236496,0.015426348452960363,0.3962949034305538,0.010591851885130408,0.012424732310062416,0.08264313235262827,0.1281637273855528,0.004749349444199235,0.0022458651710662173,0.014938376775189543,0.31792941868270513
4,3375,27006,6,32,0.9444444179534912,0.9420035481452942,89,0.4971751570701599,0.6569099426269531,2.6490372433087156e-08,0.009229983993615373,0.0042985531805995346,0.024932722420943874,0.37019559427902843,0.018657222686794938,0.016109852507152432,0.09344131942254044,0.19966780009202587,0.007865950251858943,0.004217157295105138,0.024460605191268078,0.3215762729642896
4,3375,27007,7,32,0.9444444179534912,0.9420035481452942,89,0.4971751570701599,0.8280143737792969,2.420108502538578e-08,0.013417578650350915,0.025012303330420472,0.22263516779104742,0.060267112260287116,0.02602689340723407,0.07225251397476304,0.6431215214207124,0.040469635271633206,0.012053545539471501,0.025003535615238128,0.22255712612831133,0.05415933315261379
4,3375,27000,0,32,0.9444444179534912,0.9420035481452942,90,0.47058823704719543,0.70965576171875,2.3729238302479095e-08,0.012473966135369302,0.014859163388917039,0.08924777599874735,0.13976780929022123,0.025354659432181775,0.03992835155003169,0.23981946236585394,0.1057239440955057,0.011182875395429837,0.01483064664038517,0.08907649742009716,0.12554237895872625
4,3375,27001,1,32,0.9444444179534912,0.9420035481452942,90,0.47058823704719543,0.7812461853027344,2.5465356346105422e-08,0.011050316299218646,0.010548358392202037,0.08833216436297954,0.12509957588959394,0.021539917095696873,0.030108345689518246,0.25212788959749566,0.0854325046312164,0.00975922531986511,0.010530181846329012,0.08817995360392966,0.11067396750626322
4,3375,27002,2,32,0.9444444179534912,0.9420035481452942,90,0.47058823704719543,0.6913375854492188,2.600774644737384e-08,0.007927778024488016,0.006797543579653857,0.04156236748022876,0.19074413959357014,0.014194981734721418,0.020041779785711002,0.12254188688172533,0.11583779306762343,0.006636687315512083,0.006760444760423356,0.041335533368777704,0.160556469812605
4,3375,27003,3,32,0.9444444179534912,0.9420035481452942,90,0.47058823704719543,0.5873260498046875,2.5575119511670042e-08,0.006296473031502579,0.0028817201354045603,0.017234321012422876,0.3653450012312028,0.01050830894250347,0.012672644171788818,0.07578960047144094,0.1386510665993445,0.005005382219071666,0.0028100439480915436,0.01680565675529311,0.2978391319039151
4,3375,27004,4,32,0.9444444179534912,0.9420035481452942,90,0.47058823704719543,0.6371040344238281,2.7137876653037588e-08,0.007993365558463372,0.007269259181768332,0.05120209001731776,0.15611404838669332,0.015119308680457499,0.026263182925936514,0.18498856935624672,0.0817310428048183,0.006702274955528271,0.007242906959212364,0.05101647428430729,0.1313747186482837
4,3375,27005,5,32,0.9444444179534912,0.9420035481452942,90,0.47058823704719543,0.5767669677734375,2.6294832478047096e-08,0.006352874585285489,0.0024970885295481577,0.01660938945755376,0.3824869421913804,0.010143475138060076,0.012424244126895722,0.08263988520129731,0.12274309328179997,0.005061783814929775,0.0024294746405119404,0.016159655536447822,0.3132358733460011
4,3375,27006,6,32,0.9444444179534912,0.9420035481452942,90,0.47058823704719543,0.6735191345214844,2.666610124200226e-08,0.009734114828423119,0.004666676292111658,0.027067931867110543,0.35961797436954385,0.017596695525170306,0.015990260674764584,0.09274765580237268,0.1897265798573439,0.008443024142874714,0.004591328544212117,0.026630895402864573,0.31703868815340447
4,3375,27007,7,32,0.9444444179534912,0.9420035481452942,90,0.47058823704719543,0.8383064270019531,2.4204852826284015e-08,0.014091873715852238,0.02743606130903841,0.2442091011120225,0.057704129992223664,0.02627369628974771,0.07273938996975948,0.647455217418539,0.04057994372877749,0.012800783629249357,0.027428073605957688,0.24413800235745564,0.05243257299413402
4,3375,27000,0,32,0.9444444179534912,0.9420035481452942,91,0.4417177736759186,0.7270774841308594,2.3762559429883945e-08,0.013264193431936695,0.016282257620194338,0.09779522862807083,0.13563231681151142,0.024999393891301614,0.0397981796808993,0.23903761822607345,0.10458351315924701,0.012052310731627009,0.016256120225829757,0.09763824103352152,0.12343842539614336
4,3375,27001,1,32,0.9444444179534912,0.9420035481452942,91,0.4417177736759186,0.7943611145019531,2.5781638862156323e-08,0.011693849549064092,0.011575634222655179,0.09693459273408842,0.12063649538553006,0.020279651605701946,0.0299362714366981,0.2506869363593139,0.08089632391787172,0.010481966646217995,0.011559068564053495,0.09679587157730002,0.10828939783704744
4,3375,27002,2,32,0.9444444179534912,0.9420035481452942,91,0.4417177736759186,0.7065887451171875,2.6322605635151848e-08,0.008312269055361787,0.007381224673003802,0.045131181392019444,0.1841801787362838,0.014625913219752172,0.01997391206641481,0.12212692182024691,0.11975994319482965,0.007100386414210516,0.007347302569056267,0.044923770739414004,0.15805410581843637
4,3375,27003,3,32,0.9444444179534912,0.9420035481452942,91,0.4417177736759186,0.6045875549316406,2.579819486429868e-08,0.006554867569583187,0.0031243929760279596,0.01868564225105282,0.3507970173845034,0.009957544605981522,0.012503330643304413,0.0747770095311217,0.13316318302134375,0.005342984826651071,0.0030591995766330975,0.018295748742915736,0.2920342261871036
4,3375,27004,4,32,0.9444444179534912,0.9420035481452942,91,0.4417177736759186,0.653045654296875,2.7656635263376084e-08,0.008430540480705287,0.008240876402040569,0.058045817986122024,0.14523941212648456,0.015417355687210187,0.026404697681051654,0.18598534922734514,0.08289553855322383,0.007218657933958118,0.00821765085414966,0.057882225443322846,0.12471286096327601
4,3375,27005,5,32,0.9444444179534912,0.9420035481452942,91,0.4417177736759186,0.5939064025878906,2.6554744978151033e-08,0.006585427169908045,0.0026922217839564543,0.017907318698041592,0.36775059856550435,0.01027128925630183,0.012353933670621976,0.0821722150577,0.12499710819635926,0.005373544466384353,0.0026306805424865607,0.017497977004633642,0.30709518391533974
4,3375,27006,6,32,0.9444444179534912,0.9420035481452942,91,0.4417177736759186,0.6867942810058594,2.708390529414042e-08,0.01021648228218507,0.005058842832231009,0.02934259943007274,0.3481791825067267,0.018105607045302872,0.0161102158502923,0.09344342690691232,0.19376009254604445,0.009004599657953659,0.004989941057907223,0.028942951283045307,0.3111154619269434
4,3375,27007,7,32,0.9444444179534912,0.9420035481452942,91,0.4417177736759186,0.8487472534179688,2.4313064875455526e-08,0.014839224445505785,0.030106380705483004,0.26797768407815337,0.055374851441652335,0.026148954267500517,0.07292403166741038,0.649098718010815,0.04028501912256872,0.013627342379247353,0.03009914833191995,0.26791330853142875,0.05086474596557318
4,3375,27000,0,32,0.9444444179534912,0.9420035481452942,92,0.41025641560554504,0.744873046875,2.3857918845745617e-08,0.014100033283628683,0.017829111464023835,0.10708601181306934,0.13167016909960075,0.024784505787051415,0.03973546613828252,0.23866094532349774,0.10384818409839432,0.012974467011589254,0.017805405683702372,0.10694362908823954,0.12132061649866005
4,3375,27001,1,32,0.9444444179534912,0.9420035481452942,92,0.41025641560554504,0.8076400756835938,2.6090191761233657e-08,0.01230537319332771,0.012688309874598225,0.10625216092012738,0.11581292170215711,0.02051998131285318,0.0299996235746282,0.25121744843070165,0.08168215002993162,0.011179806702246229,0.012673446474620764,0.1061276945111388,0.10534297153767752
4,3375,27002,2,32,0.9444444179534912,0.9420035481452942,92,0.41025641560554504,0.7219505310058594,2.674013694394545e-08,0.008761958726157513,0.008022025096483197,0.04904924125732936,0.17863596870314943,0.01293179307065459,0.019771953904777338,0.12089208467190818,0.10696972515405358,0.0076363924841579365,0.007991193446931917,0.04886072663676739,0.1562889668204729
4,3375,27003,3,32,0.9444444179534912,0.9420035481452942,92,0.41025641560554504,0.6220855712890625,2.625345301712828e-08,0.006797223346426784,0.0033803837651355064,0.020216612375979104,0.33621969991881934,0.009423037610734472,0.01239584283350918,0.0741341714580646,0.12710788325279646,0.00567165701869701,0.003321838051221487,0.01986647579779469,0.2854888343772881
4,3375,27004,4,32,0.9444444179534912,0.9420035481452942,92,0.41025641560554504,0.67138671875,2.82939066012918e-08,0.008928176831039763,0.009322305973809277,0.06566302531035187,0.13596962352619812,0.015987767507085172,0.026635257736581278,0.1876093326928451,0.0852184018652229,0.007802610677067268,0.00930192555031001,0.06551947281724256,0.11908842274771597
4,3375,27005,5,32,0.9444444179534912,0.9420035481452942,92,0.41025641560554504,0.6112747192382812,2.7079860729029353e-08,0.00684795283416873,0.002918193676891808,0.019410371205716634,0.35279865395628857,0.009796331867179629,0.012358688680070807,0.08220384301276666,0.11917121521506252,0.005722386540965163,0.002862875191755667,0.01904242018877999,0.3005073138936855
4,3375,27006,6,32,0.9444444179534912,0.9420035481452942,92,0.41025641560554504,0.701507568359375,2.757174897964855e-08,0.01077838524932694,0.0055108501499902115,0.031964359011131066,0.3372001060798229,0.018996079096123834,0.015983787089617972,0.09271010733088761,0.2048976065611245,0.009652819028706417,0.005448478593779401,0.031602587821470095,0.30544394285801196
4,3375,27007,7,32,0.9444444179534912,0.9420035481452942,92,0.41025641560554504,0.8594436645507812,2.4460137010004577e-08,0.01564476066327364,0.03303705004999194,0.2940636487586344,0.05320195382637983,0.025690666081301806,0.07340602879654859,0.6533889870957087,0.039319098712538636,0.014519194951961344,0.03303056382647952,0.29400591471307524,0.04938402333208447
4,3375,27000,0,32,0.9444444179534912,0.9420035481452942,93,0.3758389353752136,0.7605934143066406,2.418668071257947e-08,0.014996381971525606,0.019520840194305715,0.1172469490622994,0.12790424050656746,0.025279936776680844,0.039795285004903015,0.23902023209280715,0.1057648407222076,0.01396524235251816,0.019499625243813188,0.11711952687170732,0.11923923128391459
4,3375,27001,1,32,0.9444444179534912,0.9420035481452942,93,0.3758389353752136,0.8188972473144531,2.678828024027298e-08,0.012994517610341186,0.013923585977836243,0.11659638773987074,0.11144871519804077,0.020676558924433572,0.029806551579098554,0.24960065967467865,0.08283855880582497,0.01196337781850849,0.01391040090791144,0.11648597570034468,0.10270230168551606
4,3375,27002,2,32,0.9444444179534912,0.9420035481452942,93,0.3758389353752136,0.7363777160644531,2.7405775720258325e-08,0.009111777224078054,0.008715155478115253,0.053287263315669686,0.17099352935617243,0.014302851899326405,0.02000746536198573,0.12233207745983199,0.11691824578081557,0.008080637637201413,0.008687907592576176,0.05312066098078742,0.15211854461155902
4,3375,27003,3,32,0.9444444179534912,0.9420035481452942,93,0.3758389353752136,0.6395492553710938,2.6870641482907014e-08,0.007017509458856626,0.0036606465064377364,0.021892742542847708,0.3205404460004133,0.01091312837888172,0.012490404242641783,0.07469970232289631,0.14609333155985982,0.005986369791489134,0.003609077619931192,0.021584331350036918,0.27734793792807927
4,3375,27004,4,32,0.9444444179534912,0.9420035481452942,93,0.3758389353752136,0.6881027221679688,2.9150104337696217e-08,0.009520424211812309,0.010545187267370085,0.07427656852125207,0.12817533713997997,0.016158334209771866,0.026893913277327618,0.18943121081682066,0.08529921832889999,0.008489284709041625,0.010527424517775393,0.07415145399706731,0.1144857484436836
4,3375,27005,5,32,0.9444444179534912,0.9420035481452942,93,0.3758389353752136,0.6278533935546875,2.7639745157673654e-08,0.0070953001309161,0.0031823768783849882,0.02116758631035596,0.33519646628037225,0.009226176720225816,0.0123444725763567,0.08210928456985903,0.11236459760377202,0.00606416049679132,0.003133818940586178,0.020844603087850008,0.29092232993038014
4,3375,27006,6,32,0.9444444179534912,0.9420035481452942,93,0.3758389353752136,0.7157859802246094,2.8283877179444043e-08,0.01146778952935389,0.006000576745846416,0.03480490018013284,0.3294877867772158,0.018093807541325155,0.015987112834058178,0.09272939751051011,0.19512482585982907,0.010436649958355663,0.005944372288257147,0.034478899760685314,0.3026967226563329
4,3375,27007,7,32,0.9444444179534912,0.9420035481452942,93,0.3758389353752136,0.8682022094726562,2.4940567917680977e-08,0.016487538062016763,0.036294909157750105,0.32306193810103134,0.051035223025439176,0.026991950772144797,0.07354951253654805,0.6546661396277274,0.04123010056315672,0.015456398984948803,0.03628918139711932,0.3230109551534692,0.04785100547938117
4,3375,27000,0,32,0.9444444179534912,0.9420035481452942,94,0.3380281627178192,0.7770729064941406,2.4698484798052168e-08,0.016030945909825497,0.02139626496426849,0.12851120973373004,0.12474356083831878,0.024657903210771312,0.039538312057840835,0.23747678961109592,0.10383289773772145,0.015103542764889864,0.021377552717641107,0.12839881939574643,0.11762991930897934
4,3375,27001,1,32,0.9444444179534912,0.9420035481452942,94,0.3380281627178192,0.8290863037109375,2.7429066601788095e-08,0.013767358841707864,0.015273376042011138,0.1278995567611618,0.10764195897423535,0.02042477717078476,0.029695209424750128,0.2486682782450048,0.08213664129149954,0.01283995552905832,0.015261852107226524,0.12780305510055692,0.1004667339051926
4,3375,27002,2,32,0.9444444179534912,0.9420035481452942,94,0.3380281627178192,0.7511787414550781,2.8189818350908427e-08,0.009634018823136564,0.009516050886014326,0.058184195400954535,0.16557793326430556,0.01393465196149243,0.0197986249565023,0.12105516005934591,0.1151099379378882,0.008706615710418187,0.009492115147139308,0.0580378445959355,0.15001617946073637
4,3375,27003,3,32,0.9444444179534912,0.9420035481452942,94,0.3380281627178192,0.6572074890136719,2.75382392324784e-08,0.007409423038451885,0.004016296314188758,0.024019730129005896,0.30847236828461977,0.0105969966891542,0.012446297195517332,0.07443591716218148,0.1423640238900448,0.006482019847639814,0.003971202157924116,0.023750041495713227,0.2729266746253806
4,3375,27004,4,32,0.9444444179534912,0.9420035481452942,94,0.3380281627178192,0.7055702209472656,3.00384857940909e-08,0.010188222466512553,0.01192410736225376,0.08398919384653962,0.12130396780719084,0.015453561277547307,0.026980297667625816,0.19003967190171808,0.08131755397651576,0.009260819427008187,0.011908853050392099,0.08388174787033177,0.11040327201245238
4,3375,27005,5,32,0.9444444179534912,0.9420035481452942,94,0.3380281627178192,0.6455078125,2.857654604363693e-08,0.007309674033746106,0.0034953849945700815,0.023249560434851324,0.31440052616172615,0.010823348190694923,0.012312040193870274,0.08189356051146897,0.13216360508808436,0.006382270875868797,0.0034540857331954783,0.02297485831341544,0.277793699042839
4,3375,27006,6,32,0.9444444179534912,0.9420035481452942,94,0.3380281627178192,0.7288055419921875,2.926899766580935e-08,0.012134390914761258,0.006552166794605909,0.03800426540793659,0.31929023714867505,0.017922857386936913,0.015938800346794776,0.09244917256416299,0.1938671476426446,0.01120698781944184,0.006502880968521591,0.03771839484418661,0.2971226073044073
4,3375,27007,7,32,0.9444444179534912,0.9420035481452942,94,0.3380281627178192,0.876708984375,2.5513842330662236e-08,0.017544320297513887,0.039898306285299126,0.3551358704179303,0.04940171286236846,0.0260219147041281,0.07357862443616242,0.6549252654095373,0.03973264749200978,0.016616917643857844,0.0398932948152217,0.3550912631913655,0.046796188378486425
4,3375,27000,0,32,0.9444444179534912,0.9420035481452942,95,0.29629629850387573,0.79156494140625,2.5346660877005555e-08,0.017096001872259833,0.023442969240887575,0.14080421708780633,0.12141683129844517,0.025298977899490576,0.03945695123555034,0.23698811657797803,0.10675209485099334,0.016283092857574517,0.023426921404705696,0.14070782985177302,0.1157227204394222
4,3375,27001,1,32,0.9444444179534912,0.9420035481452942,95,0.29629629850387573,0.8382835388183594,2.839582719992289e-08,0.014589262077099792,0.01676682119970289,0.14040569641165435,0.10390790722853331,0.020769644235752983,0.02953922126243221,0.24736203025074519,0.08396456082891651,0.0137763529240578,0.016757012476269893,0.14032355796524784,0.09817562441988262
4,3375,27002,2,32,0.9444444179534912,0.9420035481452942,95,0.29629629850387573,0.7633895874023438,2.913938581761694e-08,0.01016496099621568,0.010388529777935597,0.06351881192821204,0.1600307166907334,0.013938035815080237,0.019798352799227776,0.12105349600224592,0.11513947366560683,0.009352052028001642,0.010368084026033883,0.06339380002589896,0.14752313355850172
4,3375,27003,3,32,0.9444444179534912,0.9420035481452942,95,0.29629629850387573,0.674957275390625,2.8514572152806435e-08,0.0078029508322323225,0.004425852180022599,0.026469106519718552,0.2947946439529192,0.01127729311316824,0.012386665204234815,0.0740792840291626,0.15223274982961144,0.006990041800018381,0.004387705047702799,0.0262409650301875,0.2663789914729533
4,3375,27004,4,32,0.9444444179534912,0.9420035481452942,95,0.29629629850387573,0.7228012084960938,3.108029515212031e-08,0.010838264351284538,0.013485285364586725,0.09498557939418818,0.11410431373278218,0.015827795739482807,0.026836854949918235,0.18902931214417734,0.08373196495266594,0.010025355444258232,0.013472604458598571,0.09489625957855483,0.10564542257810777
4,3375,27005,5,32,0.9444444179534912,0.9420035481452942,95,0.29629629850387573,0.6651802062988281,2.9383138788931414e-08,0.007743460956299899,0.0038674139568948915,0.025724111838065084,0.3010195650308737,0.0106002236347046,0.012256239358774623,0.08152240114279087,0.13002835399975202,0.0069305519504057524,0.0038323975864054125,0.025491200378191855,0.2718801722783897
4,3375,27006,6,32,0.9444444179534912,0.9420035481452942,95,0.29629629850387573,0.7417678833007812,3.020678293172154e-08,0.01284901614652811,0.007180054999654259,0.04164617971494342,0.3085280867171028,0.018271195100574494,0.015893642975532897,0.09218724810827551,0.19819655619955875,0.012036107188244678,0.007138059634343387,0.04140259571300813,0.29070899978532255
4,3375,27007,7,32,0.9444444179534912,0.9420035481452942,95,0.29629629850387573,0.8845138549804688,2.6214765976360642e-08,0.018590936839920018,0.0438958529386219,0.39071813799872634,0.04758145330837091,0.026451721436816063,0.07346311077997345,0.6538970753269185,0.04045242353101429,0.017778028262611077,0.043891602212605726,0.3906803021749982,0.04550531000318446
4,3375,27000,0,32,0.9444444179534912,0.9420035481452942,96,0.25,0.8051605224609375,2.619318159479385e-08,0.01837771693642196,0.025722012816420788,0.1544927111972581,0.11895523610144348,0.024939494969475534,0.03926842910572477,0.23585580647591475,0.10574043243672408,0.01769182502436389,0.025708678604609222,0.15441262265406555,0.11457499212353466
4,3375,27001,1,32,0.9444444179534912,0.9420035481452942,96,0.25,0.8481025695800781,2.975933999664131e-08,0.015554946901293986,0.018424293020482898,0.1542853986227946,0.10081930655877276,0.019941364441759243,0.029266666392703016,0.24507965031486365,0.08136687161149354,0.01486905486721341,0.018416215491002697,0.15421775722920872,0.09641597137944385
4,3375,27002,2,32,0.9444444179534912,0.9420035481452942,96,0.25,0.7774734497070312,3.0544583435879035e-08,0.010754503829037499,0.01139528477515646,0.06967443574536467,0.1543536551676054,0.01444655934868685,0.01960412186060468,0.1198659055804286,0.12052267305479439,0.010068611938084273,0.011378509470377867,0.06957186613714803,0.14472246465598426
4,3375,27003,3,32,0.9444444179534912,0.9420035481452942,96,0.25,0.6954345703125,2.984603370798593e-08,0.008345817561754707,0.004935471112383584,0.02951691680719617,0.28274692835533594,0.01054589095694976,0.012452316515284417,0.07447191610873699,0.14160896493587763,0.007659925619952965,0.004904277723604125,0.029330362648419393,0.2611602765288603
4,3375,27004,4,32,0.9444444179534912,0.9420035481452942,96,0.25,0.7400398254394531,3.2747154739780714e-08,0.011617878516597813,0.015220294798732477,0.10720637205086381,0.1083692908765324,0.015727218905588126,0.026674447858206017,0.18788537404520905,0.08370645658561926,0.010931986683326586,0.015210050153133075,0.10713421239152855,0.10204010875046124
4,3375,27005,5,32,0.9444444179534912,0.9420035481452942,96,0.25,0.6846733093261719,3.088401094847283e-08,0.008189830097899253,0.004343346833752741,0.0288897803411423,0.28348537099245485,0.011022539836886652,0.0123404468771107,0.08208250762309698,0.1342861001213497,0.0075039381742976405,0.004315247499901828,0.028702877564606738,0.2614350480159062
4,3375,27006,6,32,0.9444444179534912,0.9420035481452942,96,0.25,0.7556953430175781,3.1774889339959796e-08,0.013696231445646308,0.007915345792055908,0.045911056862065105,0.2983209793404491,0.018281978982119005,0.015730611787581186,0.0912416249684939,0.20036884468499816,0.013010339569305343,0.007880877007013589,0.04571112897620667,0.28462083218459605
4,3375,27007,7,32,0.9444444179534912,0.9420035481452942,96,0.25,0.8907546997070312,2.7227504072320475e-08,0.01981918514122331,0.048334075073649875,0.430222869597121,0.04606725151497138,0.026309072147559457,0.07288407733979874,0.6487430834931023,0.0405539154358309,0.01913329362248345,0.04833058655506512,0.4301918182017257,0.044476191347533854
4,3375,27000,0,32,0.9444444179534912,0.9420035481452942,97,0.1983470916748047,0.8221893310546875,2.7729417840691477e-08,0.019733456766804113,0.02825517922407818,0.16970752929978894,0.11627920604480013,0.02548253007958549,0.03907039456439869,0.23466636249971706,0.1085904677949581,0.019189278083808273,0.02824478745302318,0.1696451137767159,0.1131142398186893
4,3375,27001,1,32,0.9444444179534912,0.9420035481452942,97,0.1983470916748047,0.8573989868164062,3.139014609305689e-08,0.016461231864428702,0.02026614314280452,0.1697090884224473,0.09699676085380109,0.020926035118420536,0.029093860589943316,0.24363257106284175,0.08589177968746613,0.0159170530673646,0.020259943123696906,0.16965716933831074,0.09381892394788605
4,3375,27002,2,32,0.9444444179534912,0.9420035481452942,97,0.1983470916748047,0.7934303283691406,3.2405557177117534e-08,0.011517325131939067,0.012534181584345178,0.07663801709661096,0.1502821389209505,0.013026546238930287,0.019754222557927578,0.12078366951501313,0.10785022752857429,0.010973146457780237,0.012521115522952892,0.07655812699532041,0.14333091584713098
4,3375,27003,3,32,0.9444444179534912,0.9420035481452942,97,0.1983470916748047,0.7205390930175781,3.1648361714010915e-08,0.008800378357827456,0.0056085582041215205,0.033542359412052455,0.26236610996021054,0.010468653158946618,0.012411665744083906,0.07422880143855623,0.14103222679153954,0.008256199629678957,0.005585375402005189,0.03340371310537901,0.24716412824026618
4,3375,27004,4,32,0.9444444179534912,0.9420035481452942,97,0.1983470916748047,0.7592430114746094,3.4757503012739875e-08,0.012466915230675439,0.017163202251101545,0.12089152479944398,0.10312480756080906,0.015236429564475943,0.02657441105540496,0.1871807501964803,0.08139955389901223,0.011922736599483808,0.017155407164054382,0.12083661896396591,0.09866824065177814
4,3375,27005,5,32,0.9444444179534912,0.9420035481452942,97,0.1983470916748047,0.7106895446777344,3.266822588500501e-08,0.008775100420974832,0.005027203117695957,0.03343845181137793,0.2624254397444613,0.011601559744290444,0.012315276064340458,0.0819150839105145,0.14162910163119893,0.008230921714666092,0.00500635582154098,0.03329978597839777,0.24717641488764086
4,3375,27006,6,32,0.9444444179534912,0.9420035481452942,97,0.1983470916748047,0.7706336975097656,3.3553622713554494e-08,0.01464369996291777,0.008783199496105612,0.05094483325052922,0.2874422984349576,0.01802564050499773,0.015719390477360682,0.09117653846120354,0.19770042610981342,0.01409952129079458,0.008756692804971973,0.050791087572724075,0.2775983339716146
4,3375,27007,7,32,0.9444444179534912,0.9420035481452942,97,0.1983470916748047,0.8973731994628906,2.868597720978444e-08,0.0211600710144343,0.053197865985958104,0.47351560004091536,0.044687167672207435,0.02601156457938146,0.07240126131540603,0.6444455254000759,0.04036270492099905,0.02061589258325255,0.05319516903086949,0.4734915943729548,0.04354014480564156
4,3375,27000,0,32,0.9444444179534912,0.9420035481452942,98,0.14035087823867798,0.8387107849121094,2.9335945768902533e-08,0.021414472116447317,0.031103376987159894,0.18681450290970603,0.11462960200042757,0.025580946441707546,0.03912995737815049,0.23502411135276088,0.10884392369135125,0.021029409938450573,0.031096093234522466,0.18677075490675316,0.11259476864538925
4,3375,27001,1,32,0.9444444179534912,0.9420035481452942,98,0.14035087823867798,0.8676567077636719,3.3751961457489795e-08,0.017766728683364878,0.022373781561776048,0.18735849473954333,0.09482745208891284,0.02087112396815341,0.02918432205894809,0.24439009721539964,0.08540085791511469,0.017381666459902082,0.022369467932574195,0.18732237232224466,0.09279012562365462
4,3375,27002,2,32,0.9444444179534912,0.9420035481452942,98,0.14035087823867798,0.8127517700195312,3.455377452942407e-08,0.011958616958247818,0.013977331768723697,0.08546190142915601,0.13992921709284648,0.014071996417850572,0.019877883413421758,0.12153977175382072,0.1157810008591546,0.0115735548195947,0.013968658609472943,0.08540887094428007,0.1355076433119597
4,3375,27003,3,32,0.9444444179534912,0.9420035481452942,98,0.14035087823867798,0.7500762939453125,3.388182702772521e-08,0.00928817788311498,0.006580884000238036,0.03935741920673967,0.23599560312441545,0.0108714692056963,0.012651868606876658,0.07566535080870944,0.1436783030740266,0.00890311571556704,0.006565987394348965,0.03926832905369754,0.22672509704684554
4,3375,27004,4,32,0.9444444179534912,0.9420035481452942,98,0.14035087823867798,0.7842178344726562,3.687055353751445e-08,0.013276714378186293,0.019399912529090416,0.1366461207125294,0.09716129743717576,0.014936313917953385,0.026628513832146403,0.1875618310158092,0.07963408032999227,0.012891652292164803,0.01939467722708533,0.1366092450973079,0.09436881290854049
4,3375,27005,5,32,0.9444444179534912,0.9420035481452942,98,0.14035087823867798,0.7450141906738281,3.4749218470708265e-08,0.009601549517240874,0.006044639948617158,0.040205934971571426,0.2388092584845964,0.010663810827937383,0.012472382297913504,0.08296007634420137,0.1285414779959125,0.009216487366546502,0.006031077038525105,0.04011572124737581,0.2297475174311967
4,3375,27006,6,32,0.9444444179534912,0.9420035481452942,98,0.14035087823867798,0.7914390563964844,3.611916549464381e-08,0.015632571516237575,0.00991464904021634,0.05750753382241832,0.2718351923160281,0.018386711760151792,0.015944938314917025,0.09248477436993134,0.19880798634601718,0.015247509389784092,0.009896808899171985,0.05740405638107436,0.2656172812695353
4,3375,27007,7,32,0.9444444179534912,0.9420035481452942,98,0.14035087823867798,0.9029006958007812,3.028149110110321e-08,0.0225786374021083,0.05857641974950493,0.5213902481211682,0.043304679140951534,0.024923764182353078,0.07234999885626633,0.643989236907122,0.03870214400174464,0.022193575422230483,0.05857456231684001,0.5213737150643141,0.042567499628347764
4,3375,27000,0,32,0.9444444179534912,0.9420035481452942,99,0.07476635277271271,0.860137939453125,1.5762128989338725e-09,0.023361423056543613,0.034505874680287214,0.20725073771004318,0.11272057853529918,0.024919015880351832,0.0400411386468135,0.24049688930340551,0.10361471182654075,0.023156296511179012,0.03450204169772601,0.20722771587765088,0.11174324058491626
4,3375,27001,1,32,0.9444444179534912,0.9420035481452942,99,0.07476635277271271,0.8809852600097656,1.5589711542429222e-09,0.019217380459095244,0.02502378937471459,0.20954971322039373,0.09170797785288966,0.019947799306686418,0.03000693065903201,0.2512786381017929,0.07938517757568221,0.0190122538986649,0.02502155482555732,0.20953100106101324,0.09073718830336104
4,3375,27002,2,32,0.9444444179534912,0.9420035481452942,99,0.07476635277271271,0.8384284973144531,1.5866529338305778e-09,0.0129461776028956,0.015995789013405308,0.09780339814242299,0.13236940483441234,0.013802488721831232,0.02065672131458981,0.12630183714943896,0.10928177319780612,0.01274105105945357,0.015991382778171723,0.09777645700319577,0.13030796420693722
4,3375,27003,3,32,0.9444444179534912,0.9420035481452942,99,0.07476635277271271,0.7931861877441406,1.5860355509075622e-09,0.010028033612548885,0.008328733369649736,0.049810549871204146,0.20132348746356976,0.011089752293946384,0.013406056309761221,0.08017582107105142,0.13831791362783424,0.009822907047425234,0.008321896018842237,0.04976965863501392,0.19736737837527843
4,3375,27004,4,32,0.9444444179534912,0.9420035481452942,99,0.07476635277271271,0.8171501159667969,1.5923010147595866e-09,0.014052228964156472,0.022201055840791947,0.1563763832345846,0.08986158058839569,0.015372444702972585,0.027324454953598927,0.19246379407096287,0.07987187812220228,0.013847102419261239,0.02219845782981617,0.1563580837643743,0.08856019519993798
4,3375,27005,5,32,0.9444444179534912,0.9420035481452942,99,0.07476635277271271,0.7884674072265625,1.463388509834502e-09,0.010097933470856978,0.007897667894159195,0.05253135413835105,0.19222678791531247,0.01013102973658292,0.013271453936173041,0.08827510297913599,0.11476655811976123,0.009892806901431246,0.007891797815761478,0.05249230929989204,0.1884620248827878
4,3375,27006,6,32,0.9444444179534912,0.9420035481452942,99,0.07476635277271271,0.821014404296875,1.5641050172985839e-09,0.016919553563935888,0.011758908729913763,0.06820471796402491,0.24807013457427143,0.018331770117956243,0.01686562700424207,0.09782500736522076,0.1873934959137416,0.01671442701888703,0.011750185650173868,0.06815412184094048,0.24524455113508045
4,3375,27007,7,32,0.9444444179534912,0.9420035481452942,99,0.07476635277271271,0.9120712280273438,1.5295507422235257e-09,0.023674491219133644,0.06475512712453779,0.576387084478066,0.04107394467482132,0.0254934863461554,0.07378490778597639,0.6567613989151819,0.0388169682144303,0.02346936470415544,0.06475418463293367,0.5763786953355846,0.04071865406213684
