ordinal,source_batch,id,label,write_query,write_time,successor_time,read_query,read_time,quantized_input_changed_fraction,finite_recurrence_roundoff_rms,state_projection,state_rms,state_relative_norm,state_cosine,read_projection,read_rms,read_relative_norm,read_cosine,feedback_projection,feedback_rms,feedback_relative_norm,feedback_cosine
1,7014,56112,112,4,0.9948186874389648,0.9934640526771545,5,0.9934640526771545,0.047016143798828125,3.5726529040130136e-08,0.0013616904982220155,7.681775915479273e-05,0.0013616906450786765,0.9999998921512301,0.002186466952651162,0.0047457471666570465,0.08412429094324017,0.025990910926386317,0.0,0.0,0.0,0.0
1,7014,56113,113,4,0.9948186874389648,0.9934640526771545,5,0.9934640526771545,0.05965423583984375,3.582331115531123e-08,0.0013616905991957228,0.00010075527058258155,0.0013616906855661662,0.9999999365711726,0.014137686752829032,0.007030981586068532,0.09502254403941718,0.14878244837314025,0.0,0.0,0.0,0.0
1,7014,56114,114,4,0.9948186874389648,0.9934640526771545,5,0.9934640526771545,0.04633331298828125,3.569792255482125e-08,0.0013616918555669187,7.611420707504774e-05,0.0013616920067074049,0.9999998890053805,0.012088527701337944,0.0052844547666946575,0.09453950966762333,0.12786746772685947,0.0,0.0,0.0,0.0
1,7014,56115,115,4,0.9948186874389648,0.9934640526771545,5,0.9934640526771545,0.05249786376953125,3.572441573709533e-08,0.0013616901286419652,8.820650386214675e-05,0.0013616902406899181,0.9999999177140662,0.00115907699546409,0.00580904315168067,0.08967725758355045,0.01292498261762969,0.0,0.0,0.0,0.0
1,7014,56116,116,4,0.9948186874389648,0.9934640526771545,5,0.9934640526771545,0.0574951171875,3.579109751593085e-08,0.0013616909629258222,9.894178239989283e-05,0.0013616910520206638,0.9999999345704436,0.0017382479810611159,0.0068425303002778905,0.09417065325759445,0.018458489146361886,0.0,0.0,0.0,0.0
1,7014,56117,117,4,0.9948186874389648,0.9934640526771545,5,0.9934640526771545,0.07558059692382812,3.5553969765330216e-08,0.0013616899701871352,0.0001398242786300545,0.00136169001488816,0.999999967172393,0.012439411002795416,0.008378373819887716,0.081593469198054,0.15245596400124747,0.0,0.0,0.0,0.0
1,7014,56118,118,4,0.9948186874389648,0.9934640526771545,5,0.9934640526771545,0.0481109619140625,3.553969292341266e-08,0.001361690355791219,7.899539852469107e-05,0.0013616904940135842,0.9999998984920833,0.0054129099739542,0.004400476825064719,0.07585362658743722,0.07135993646545936,0.0,0.0,0.0,0.0
1,7014,56119,119,4,0.9948186874389648,0.9934640526771545,5,0.9934640526771545,0.056949615478515625,3.567744952383511e-08,0.0013616900368731255,9.516121132618144e-05,0.001361690133426314,0.9999999290931274,0.0037624442839541013,0.00561331828334076,0.08032264423376129,0.046841638741428125,0.0,0.0,0.0,0.0
1,7014,56112,112,4,0.9948186874389648,0.9934640526771545,6,0.9920844435691833,0.047069549560546875,3.563828815978221e-08,0.0013628365803968708,7.716418829481824e-05,0.0013678315339088858,0.9963482684905349,0.0036183938881340586,0.00470493010696597,0.08340075762291825,0.04338562371931902,3.03702206194824e-06,6.590576436652356e-06,0.00011682619199268265,0.025996071686890745
1,7014,56113,113,4,0.9948186874389648,0.9934640526771545,6,0.9920844435691833,0.06000518798828125,3.559582845878007e-08,0.0013794299802929897,0.00010252351001118822,0.0013855881466703082,0.9955555578386571,0.00033647404721534645,0.0061810838382525095,0.08353631765946627,0.004027877414790709,1.963032162380707e-05,9.763836930601414e-06,0.00013195662844148396,0.14876343731767983
1,7014,56114,114,4,0.9948186874389648,0.9934640526771545,6,0.9920844435691833,0.0471649169921875,3.567042051013275e-08,0.0013765876222698796,7.729028113691701e-05,0.0013827321082979566,0.9955562715357492,-0.0007217258250525137,0.004999337087751417,0.08943872126940516,-0.008069500712991508,1.6786708885347363e-05,7.3385007666519025e-06,0.00013128663122396182,0.12786304842197466
1,7014,56115,115,4,0.9948186874389648,0.9934640526771545,6,0.9920844435691833,0.05213165283203125,3.5540471583133884e-08,0.001361408342906649,8.855637345988385e-05,0.0013670913618759168,0.9958429852402333,0.0041317995453332805,0.00604800244411233,0.09336619799246737,0.04425369817100861,1.6091543550054702e-06,8.066976574486688e-06,0.00012453416462940363,0.012921388759414657
1,7014,56116,116,4,0.9948186874389648,0.9934640526771545,6,0.9920844435691833,0.05739593505859375,3.555805630281703e-08,0.0013622140748053967,9.943468586101998e-05,0.001368474659676064,0.995425136427335,0.0026549616980249126,0.006721969073379844,0.09251142355801022,0.02869874439193006,2.414053088828875e-06,9.50207031798236e-06,0.00013077270101495298,0.01845991609940705
1,7014,56117,117,4,0.9948186874389648,0.9934640526771545,6,0.9920844435691833,0.07686996459960938,3.5401322023214815e-08,0.0013770726608038515,0.00014187061123125387,0.001381618389970757,0.9967098518665479,0.011249828195718781,0.008562172967980747,0.08338341202597599,0.13491686082855642,1.727363017657876e-05,1.1634846361704663e-05,0.00011330688969551883,0.15244995448199927
1,7014,56118,118,4,0.9948186874389648,0.9934640526771545,6,0.9920844435691833,0.04871368408203125,3.5521235732877526e-08,0.0013673153316163535,7.955558448151135e-05,0.0013713467512960085,0.997060247763124,0.012984400493973572,0.00462896237985806,0.07979216748718679,0.1627277576594048,7.515915292311741e-06,6.111139187908335e-06,0.00010534132740868046,0.07134821135443946
1,7014,56119,119,4,0.9948186874389648,0.9934640526771545,6,0.9920844435691833,0.05609893798828125,3.564391660947856e-08,0.001365024134228645,9.571148041692886e-05,0.001369564097840574,0.9966851032243855,0.006815238955237299,0.005761527151926333,0.08244340910451833,0.08266566156425219,5.225036789873322e-06,7.795239596683477e-06,0.00011154440657669117,0.0468426606965801
1,7014,56112,112,4,0.9948186874389648,0.9934640526771545,7,0.9906790852546692,0.046630859375,3.552875071851483e-08,0.0013660304262668875,7.762455073125896e-05,0.0013759920326001296,0.9927604185945624,0.0047151039114308405,0.005068760700308426,0.08985010892916416,0.05247744234954823,8.157109179937904e-06,9.334900759376217e-06,0.00016547276536883155,0.04929578086010749
1,7014,56113,113,4,0.9948186874389648,0.9934640526771545,7,0.9906790852546692,0.0608062744140625,3.565528983442751e-08,0.0013779511910621918,0.00010277797616236278,0.0013890272142827787,0.9920260574402742,0.016190437635771646,0.008239963902799862,0.11136173850724346,0.1453859992920149,2.0077773233058018e-05,1.3038304628505751e-05,0.0001762105135101471,0.1139419710725821
1,7014,56114,114,4,0.9948186874389648,0.9934640526771545,7,0.9906790852546692,0.046916961669921875,3.5566222525841396e-08,0.001373614533269889,7.747034068208273e-05,0.0013859533944783644,0.991097203370883,0.0034252003181964113,0.005227383114132324,0.09351849117330877,0.03662591510216754,1.5739863028742014e-05,1.035183635217435e-05,0.00018519555490606956,0.08499050118522125
1,7014,56115,115,4,0.9948186874389648,0.9934640526771545,7,0.9906790852546692,0.05278778076171875,3.552590222835098e-08,0.0013653314767347493,8.922978155047402e-05,0.0013774871171185388,0.9911754961387828,0.00017538040840061125,0.006083580767964392,0.09391543930969691,0.0018674289306391282,7.458528405284418e-06,1.1837773963259906e-05,0.00018274594923812362,0.04081364559039131
1,7014,56116,116,4,0.9948186874389648,0.9934640526771545,7,0.9906790852546692,0.05838775634765625,3.562738336989692e-08,0.0013640437042650886,0.00010006024362332728,0.001377083928549078,0.990530552267988,0.0037398051144252446,0.006740183328218803,0.0927620981186644,0.040316090194953975,6.169923828426979e-06,1.3744839309269735e-05,0.00018916401387685888,0.03261679482252606
1,7014,56117,117,4,0.9948186874389648,0.9934640526771545,7,0.9906790852546692,0.0771636962890625,3.5413552767187186e-08,0.001391057511585621,0.0001439196389611406,0.0014015730117814499,0.9924973582485986,0.013594110020952458,0.009062368774265401,0.08825460922849347,0.15403286173707886,3.318472125272637e-05,1.792331699027725e-05,0.00017454766810497168,0.19011838779060242
1,7014,56118,118,4,0.9948186874389648,0.9934640526771545,7,0.9906790852546692,0.049060821533203125,3.546989792301634e-08,0.001383771046772573,8.077114779478232e-05,0.0013923001364230599,0.9938741012606672,0.008854214743527619,0.0045836680855818965,0.07901140289708693,0.1120624924868163,2.5897871843764795e-05,9.052182260646743e-06,0.00015603782960280056,0.165971751271398
1,7014,56119,119,4,0.9948186874389648,0.9934640526771545,7,0.9906790852546692,0.05664825439453125,3.539063608165841e-08,0.0013727460982351036,9.660456513549776e-05,0.0013823435132414635,0.9930571417925961,0.006201630738223829,0.006050811930555379,0.08658287121644302,0.0716265313345958,1.4873241124334444e-05,1.1411266275598625e-05,0.00016328720999695803,0.09108638162542876
1,7014,56112,112,4,0.9948186874389648,0.9934640526771545,8,0.9892473220825195,0.04744720458984375,3.553110545468121e-08,0.001370870119195842,7.827405691125517e-05,0.0013875053401861976,0.9880106976827033,0.004498938830808544,0.004964761836677185,0.08800659928681555,0.051120471274505204,1.4959243918226126e-05,1.2113798508530276e-05,0.00021473219587406496,0.06966465302203377
1,7014,56113,113,4,0.9948186874389648,0.9934640526771545,8,0.9892473220825195,0.061542510986328125,3.5427737423406826e-08,0.0013993575979899253,0.00010529094518799215,0.0014229895717409043,0.9833927287871355,0.00878726989294324,0.007362228854069829,0.09949929564604315,0.08831489545617388,4.3446622290070666e-05,1.9377796755772816e-05,0.0002618876927882698,0.16589791535257925
1,7014,56114,114,4,0.9948186874389648,0.9934640526771545,8,0.9892473220825195,0.048297882080078125,3.5352578983761896e-08,0.0013765786487314668,7.80715497794583e-05,0.0013967090950724583,0.9855872304318694,0.012920311940800474,0.005650442056984712,0.10108706480740284,0.12781370163845424,2.0666421831148576e-05,1.325761297097147e-05,0.00023718023617841044,0.08713382769213111
1,7014,56115,115,4,0.9948186874389648,0.9934640526771545,8,0.9892473220825195,0.0533599853515625,3.5543084725112596e-08,0.0013636098962087854,8.95590951343012e-05,0.0013825709042951046,0.9862856884754231,0.0054020639761856075,0.006207264081459704,0.09582480373917221,0.05637438080112966,7.699388700154439e-06,1.4789821109691762e-05,0.00022831825528524998,0.03372217736393959
1,7014,56116,116,4,0.9948186874389648,0.9934640526771545,8,0.9892473220825195,0.05802154541015625,3.56496621828501e-08,0.001367478882214535,0.00010081559139204275,0.0013874794386447677,0.985584970938547,0.005074320623294369,0.007155410078654045,0.09847667629699221,0.0515281467054281,1.1567543481404497e-05,1.7076795939423342e-05,0.00023502022769220657,0.04921935271271157
1,7014,56117,117,4,0.9948186874389648,0.9934640526771545,8,0.9892473220825195,0.0782470703125,3.535512758510804e-08,0.00140869324048373,0.00014661078459581893,0.0014277809505976184,0.9866312055039683,0.006224156170517541,0.008789341732324846,0.08559571335971125,0.07271574622388938,5.2782891147103115e-05,2.450007807636209e-05,0.00023859598638681403,0.22122287950615815
1,7014,56118,118,4,0.9948186874389648,0.9934640526771545,8,0.9892473220825195,0.049610137939453125,3.5333604323215176e-08,0.001394569015106098,8.170016402972164e-05,0.0014083141397640997,0.9902400151571977,0.008634974106064574,0.004617753013723121,0.07959894500087838,0.1084810119778508,3.865828177732043e-05,1.1605543915422869e-05,0.00020005163747036512,0.1932415163712275
1,7014,56119,119,4,0.9948186874389648,0.9934640526771545,8,0.9892473220825195,0.057643890380859375,3.547686560737236e-08,0.001379725702956152,9.753511179413216e-05,0.0013956589827073995,0.9885836870262253,0.00801125209443274,0.006034611305378388,0.08635105164257031,0.09277538538376366,2.3815287295423997e-05,1.4789819110838951e-05,0.00021163192941459029,0.11253163622947214
1,7014,56112,112,4,0.9948186874389648,0.9934640526771545,9,0.9877883195877075,0.0485687255859375,3.545068455275314e-08,0.0013754837301619403,7.885347475525109e-05,0.001397776244550526,0.9840514428003073,0.011110788585510374,0.005687397513124492,0.10081621845880369,0.11020834500007114,2.1572631289131046e-05,1.4079450653284838e-05,0.00024957583315847963,0.08643718029955454
1,7014,56113,113,4,0.9948186874389648,0.9934640526771545,9,0.9877883195877075,0.062030792236328125,3.548905401300945e-08,0.0014102531035855457,0.00010696069674755179,0.0014455559857132472,0.975578336310314,0.010662780811423408,0.008050219906404964,0.10879738002714526,0.09800586014813054,5.6341904599089464e-05,2.386108086757509e-05,0.0003224785301756227,0.1747152114852592
1,7014,56114,114,4,0.9948186874389648,0.9934640526771545,9,0.9877883195877075,0.048492431640625,3.5380006942168795e-08,0.0013936039192747928,7.960544951094062e-05,0.001424150739460748,0.9785508518588969,0.010282830730602847,0.006005751079120764,0.1074435844894202,0.09570446462176048,3.969147050369636e-05,1.654862973260008e-05,0.0002960569083590876,0.13406703030065606
1,7014,56115,115,4,0.9948186874389648,0.9934640526771545,9,0.9877883195877075,0.053966522216796875,3.5590887026086694e-08,0.001369564688529434,9.045574424275464e-05,0.0013964129486664875,0.9807734093538073,0.005033163355969031,0.006622122951170555,0.10222919853336768,0.04923410755613235,1.565395614063211e-05,1.768151090990824e-05,0.00027295879320081234,0.0573491550027322
1,7014,56116,116,4,0.9948186874389648,0.9934640526771545,9,0.9877883195877075,0.058994293212890625,3.542135032360478e-08,0.001372947298362062,0.00010185790995565318,0.0014018243981451628,0.9794003444216626,0.007860974531598224,0.007266039398690161,0.09999921764939534,0.07861036032461156,1.903573572946223e-05,2.0614407760610707e-05,0.0002837067809924489,0.06709651303670772
1,7014,56117,117,4,0.9948186874389648,0.9934640526771545,9,0.9877883195877075,0.079803466796875,3.52983978941743e-08,0.0014157951561306887,0.00014810754331774805,0.001442357256131367,0.9815842435098763,0.010776223110297037,0.009026419292748174,0.08790451230325252,0.12259010178136566,6.188458158999156e-05,2.8997865590675685e-05,0.0002823980528615057,0.2191395477515602
1,7014,56118,118,4,0.9948186874389648,0.9934640526771545,9,0.9877883195877075,0.050537109375,3.5428453377300205e-08,0.0014052485116795913,8.265348107040844e-05,0.0014247470304935342,0.9863143994010021,0.010697273594071147,0.004844491749163657,0.08350737494034549,0.1280997468991556,5.133755471334487e-05,1.3949215070356592e-05,0.00024045088593759815,0.213505367273498
1,7014,56119,119,4,0.9948186874389648,0.9934640526771545,9,0.9877883195877075,0.05841827392578125,3.5415644793539114e-08,0.001389507706883295,9.8671778573802e-05,0.0014119238864144846,0.9841236629347532,0.008108015826361016,0.006359079792380613,0.09099396792328326,0.08910498147741902,3.559706678599369e-05,1.768845845836185e-05,0.0002531094237095508,0.14063904166145227
1,7014,56112,112,4,0.9948186874389648,0.9934640526771545,10,0.9863013625144958,0.049129486083984375,3.5391802183206755e-08,0.0013901393409932084,8.025336586500994e-05,0.001422591061453038,0.97718830003987,0.0076838001050516,0.005148112671201853,0.09125672163985782,0.08419982623718951,3.82664096752679e-05,1.7179926798026795e-05,0.0003045356420364937,0.12565494606599212
1,7014,56113,113,4,0.9948186874389648,0.9934640526771545,10,0.9863013625144958,0.06331253051757812,3.542260530209208e-08,0.0014241815400211403,0.00010918924930145933,0.001475674501969559,0.9651054742223356,0.005284263716757766,0.008605918497667363,0.11630755385059847,0.045433538423012544,7.230850825702429e-05,2.9088717522576822e-05,0.00039312916809739466,0.18393066229853092
1,7014,56114,114,4,0.9948186874389648,0.9934640526771545,10,0.9863013625144958,0.049407958984375,3.537562962619524e-08,0.0014069861435816997,8.120853119866702e-05,0.0014528300570830642,0.9684450956408431,0.007944333419287426,0.005844670375910876,0.10456183199636139,0.07597737403418753,5.5111864680324644e-05,2.0472520801495598e-05,0.0003662557754173405,0.15047370820985928
1,7014,56115,115,4,0.9948186874389648,0.9934640526771545,10,0.9863013625144958,0.054210662841796875,3.5385085042110104e-08,0.0013750779370350884,9.146703128225783e-05,0.001412024719136155,0.973834181795578,0.0043816668272629675,0.006720997319253907,0.10375557421065221,0.04223066433391795,2.3205371794006117e-05,2.0840995532556704e-05,0.0003217334207837627,0.07212608418943978
1,7014,56116,116,4,0.9948186874389648,0.9934640526771545,10,0.9863013625144958,0.0592803955078125,3.5446845332780815e-08,0.0013827153352908813,0.0001033507964392248,0.0014223703203739124,0.9721204917488672,0.006360198459444651,0.007166536623022504,0.09862980590047161,0.06448556195946278,3.084194134335878e-05,2.4337220692561984e-05,0.0003349421735114173,0.09208139130412449
1,7014,56117,117,4,0.9948186874389648,0.9934640526771545,10,0.9863013625144958,0.08074188232421875,3.5173444305341146e-08,0.001429884327319102,0.00015060409720749255,0.0014666701475448084,0.9749188184628388,0.012596895367167852,0.009310379923358099,0.09066988580713391,0.13893141317022295,7.801191955891195e-05,3.44625362840786e-05,0.0003356161891591834,0.23244385127652692
1,7014,56118,118,4,0.9948186874389648,0.9934640526771545,10,0.9863013625144958,0.051120758056640625,3.529421415927008e-08,0.0014192358297053392,8.388337925749529e-05,0.001445947514334846,0.9815265185183472,0.01250234494360978,0.00508574383749918,0.0876659801437198,0.14261341655124837,6.736303989054395e-05,1.6518060540010617e-05,0.0002847315974973279,0.23658434990228344
1,7014,56119,119,4,0.9948186874389648,0.9934640526771545,10,0.9863013625144958,0.05847930908203125,3.5198079502102494e-08,0.001399621372155889,9.996769050215594e-05,0.0014304674764133597,0.9784363470221553,0.007927046262527136,0.006573053530651447,0.09405578191403872,0.0842802654043318,4.774889868014383e-05,2.0916084763369542e-05,0.0002992944904259831,0.15953818131494252
1,7014,56112,112,4,0.9948186874389648,0.9934640526771545,11,0.9847856163978577,0.050540924072265625,3.53546781194758e-08,0.0013998084929671337,8.125460402131622e-05,0.0014403392572600883,0.9718602654974114,0.010209870285732763,0.005967686597285205,0.10578469225989735,0.0965155739230079,5.001309311884709e-05,1.9347027480583123e-05,0.00034295020604940997,0.14583193780510964
1,7014,56113,113,4,0.9948186874389648,0.9934640526771545,11,0.9847856163978577,0.06456375122070312,3.5466679205470145e-08,0.001430114957295301,0.00011088412498287806,0.001498580464260523,0.954313092557892,0.012585048561797452,0.011345290607201118,0.15332971124527794,0.08207834254422774,8.031945688256039e-05,3.366190157301533e-05,0.00045493498816869156,0.17655150509720222
1,7014,56114,114,4,0.9948186874389648,0.9934640526771545,11,0.9847856163978577,0.0502471923828125,3.528530155871285e-08,0.0014170314792597174,8.26120761875837e-05,0.0014779396399836346,0.9587884653228519,0.018489290544174652,0.0065969528406395455,0.11802025268249099,0.15666201456046916,6.723473356857009e-05,2.3770878868898455e-05,0.0004252637844111534,0.15810124452912794
1,7014,56115,115,4,0.9948186874389648,0.9934640526771545,11,0.9847856163978577,0.05454254150390625,3.537261470244029e-08,0.0013796984598437125,9.249726853998832e-05,0.0014279290341018545,0.9662234094928408,0.0056002958396290875,0.006805931477123498,0.1050667475233706,0.05330226709819281,2.9903425394460896e-05,2.3915635147814894e-05,0.0003691982513168814,0.08099557700449372
1,7014,56116,116,4,0.9948186874389648,0.9934640526771545,11,0.9847856163978577,0.060367584228515625,3.5172159055995826e-08,0.0013903641809240054,0.0001047285386962009,0.0014413315646309912,0.9646386820647792,0.006291619005042055,0.007287721222503848,0.10029761479529736,0.06272949778399964,4.0568318686274895e-05,2.776076667208527e-05,0.0003820588901646158,0.10618341761081762
1,7014,56117,117,4,0.9948186874389648,0.9934640526771545,11,0.9847856163978577,0.08124160766601562,3.529044384649462e-08,0.0014470456964452377,0.00015360738514050247,0.0014959179093089422,0.967329615776656,0.0076994362335087415,0.009320875426629998,0.09077209711225627,0.08482161896058193,9.725081853943767e-05,4.020284530116821e-05,0.00039151865150353964,0.24839383300378584
1,7014,56118,118,4,0.9948186874389648,0.9934640526771545,11,0.9847856163978577,0.052417755126953125,3.516037902159222e-08,0.0014362667698399622,8.538458359944891e-05,0.0014718246631332183,0.9758409447919153,0.013762770696860448,0.005362487865044529,0.09243638093441583,0.1488891122492692,8.647151135767279e-05,1.9317776728404842e-05,0.00033299196444111593,0.2596804745808328
1,7014,56119,119,4,0.9948186874389648,0.9934640526771545,11,0.9847856163978577,0.0593414306640625,3.5227423963206256e-08,0.0014096522616861976,0.00010141610754766711,0.0014511933075841996,0.9713745607281256,0.008181265224653494,0.006966336616958927,0.09968338680478275,0.08207250462582559,5.98573189941112e-05,2.4452192034714223e-05,0.00034989370322522517,0.17107286710896105
1,7014,56112,112,4,0.9948186874389648,0.9934640526771545,12,0.9832402467727661,0.05019378662109375,3.533289342772393e-08,0.001413634304660691,8.286781132003495e-05,0.0014689353698180121,0.9623529623606434,0.01132540252316496,0.005990185469918255,0.10618351285459222,0.10665876668324183,6.595701646993889e-05,2.2828978184271117e-05,0.00040467212754262806,0.16298878025146663
1,7014,56113,113,4,0.9948186874389648,0.9934640526771545,12,0.9832402467727661,0.06533050537109375,3.52604672364601e-08,0.0014476201713586828,0.00011512037881797227,0.0015558327286392263,0.9304471777147991,0.013191482836763082,0.010286076522920908,0.13901460947198963,0.09489278059958917,9.994278275037947e-05,4.282641590687688e-05,0.0005787918716250125,0.1726748208639847
1,7014,56114,114,4,0.9948186874389648,0.9934640526771545,12,0.9832402467727661,0.05126190185546875,3.523360622538031e-08,0.001443821871072227,8.534395332054398e-05,0.0015268132392525712,0.9456440604215801,0.009146283941911486,0.00680167031164695,0.12168267202070049,0.07516504848246211,9.61432390105188e-05,2.8269752583670435e-05,0.0005057491577994725,0.19010064085690326
1,7014,56115,115,4,0.9948186874389648,0.9934640526771545,12,0.9832402467727661,0.055206298828125,3.5256808849684783e-08,0.001386322998678079,9.385957760101854e-05,0.0014489597163303148,0.9567712497826567,0.004183621959101641,0.006909416335089845,0.10666429776039375,0.03922232693548085,3.864607618868587e-05,2.7412783906828584e-05,0.00042318557795247887,0.09132181766606798
1,7014,56116,116,4,0.9948186874389648,0.9934640526771545,12,0.9832402467727661,0.06098175048828125,3.523886084404733e-08,0.0013980562741660587,0.00010602965523226634,0.0014592382437085489,0.9580726657855398,0.005214479158275197,0.00739617173093957,0.10179017014797083,0.05122772808705386,5.03785253814475e-05,3.0599859042268976e-05,0.0004211320358323806,0.119626438016934
1,7014,56117,117,4,0.9948186874389648,0.9934640526771545,12,0.9832402467727661,0.08245468139648438,3.514076255097429e-08,0.0014568562609822092,0.00015583957217457504,0.0015176562427760608,0.9599382389238307,0.015105083691692039,0.010342608770077154,0.10072232968475058,0.14996757659368315,0.00010917949460972168,4.508423258872488e-05,0.00043905643530898526,0.248668475916739
1,7014,56118,118,4,0.9948186874389648,0.9934640526771545,12,0.9832402467727661,0.053073883056640625,3.523259393490447e-08,0.0014556115142862508,8.713644348758662e-05,0.0015020225101100293,0.9691009984794577,0.009378184399696928,0.006159562564797923,0.10617602984996226,0.08832675711221522,0.00010793436686227325,2.2387008142956383e-05,0.000385898125042564,0.2796965309182786
1,7014,56119,119,4,0.9948186874389648,0.9934640526771545,12,0.9832402467727661,0.060382843017578125,3.514359474310687e-08,0.0014202807512231877,0.00010307145648199381,0.0014748801888232813,0.9629804251125951,0.009194336268248227,0.006982657554977002,0.09991692797095494,0.09201980540195298,7.260391940633773e-05,2.8244585966907675e-05,0.0004041601982347614,0.179641438527217
1,7014,56112,112,4,0.9948186874389648,0.9934640526771545,13,0.9816642999649048,0.050933837890625,3.533586971772106e-08,0.001429522175981118,8.448282028369795e-05,0.001497563419135445,0.9545653677935003,0.000940402111104499,0.006103085864831324,0.10818481324750043,0.008692551966171894,8.400495958150021e-05,2.5618185985437382e-05,0.00045411431658611836,0.18498637130188228
1,7014,56113,113,4,0.9948186874389648,0.9934640526771545,13,0.9816642999649048,0.06762313842773438,3.527770006392983e-08,0.0014664441087464974,0.00011959920863183599,0.0016163633669324911,0.9072490374051794,0.01448746120847811,0.010261784787264675,0.13868631071413737,0.10446208521863355,0.00012092679113954655,5.109231990410865e-05,0.0006905041861841727,0.17512825202089757
1,7014,56114,114,4,0.9948186874389648,0.9934640526771545,13,0.9816642999649048,0.05274200439453125,3.5132789151256735e-08,0.001456168736490846,8.772737609947692e-05,0.0015694529496482574,0.9278192995955691,0.008869986103632141,0.006221859873245864,0.1113097959215274,0.07968738088321908,0.0001106501785164323,3.330434422722058e-05,0.0005958185871676141,0.18571118944515985
1,7014,56115,115,4,0.9948186874389648,0.9934640526771545,13,0.9816642999649048,0.056484222412109375,3.522189160482343e-08,0.0013908061507950493,9.485398505065077e-05,0.00146431090768407,0.9498024931021822,0.007499449493886554,0.006933664542523651,0.10703863010518821,0.07006301824413065,4.5289298100279155e-05,2.9819721238411957e-05,0.0004603427367884253,0.09838169364035004
1,7014,56116,116,4,0.9948186874389648,0.9934640526771545,13,0.9816642999649048,0.061969757080078125,3.527585647922501e-08,0.0014041734682028557,0.00010734303671004766,0.0014773137196379823,0.9504910497595258,0.004641713993570772,0.007389093311638288,0.10169275306096053,0.04564449141020167,5.86557905584424e-05,3.362816504630227e-05,0.000462809243261353,0.12673858919736158
1,7014,56117,117,4,0.9948186874389648,0.9934640526771545,13,0.9816642999649048,0.08490371704101562,3.505317924758249e-08,0.0014787316022521707,0.00016006572714169365,0.0015588129937815223,0.9486266846319505,0.019387515789769095,0.01231654696996154,0.11994568605121159,0.16163579056516855,0.000133214904206414,5.245926747670364e-05,0.0005108788073949007,0.26075637172289495
1,7014,56118,118,4,0.9948186874389648,0.9934640526771545,13,0.9816642999649048,0.053150177001953125,3.5015298743068363e-08,0.0014683105320200565,8.877683503669084e-05,0.0015302989112750574,0.9594926332376779,0.011078735059017625,0.005772614277360885,0.09950597292869538,0.11133738742453678,0.00012279345643177015,2.600616406585954e-05,0.00044828366025864144,0.27391909926166685
1,7014,56119,119,4,0.9948186874389648,0.9934640526771545,13,0.9816642999649048,0.062347412109375,3.521177267687503e-08,0.0014327406011952451,0.0001050384428382174,0.001503026382808487,0.9532371604270119,0.004425307788624085,0.006516853767374088,0.09325160275228589,0.047455568140523006,8.722383984159726e-05,3.232502551396801e-05,0.0004625484237926459,0.18857234260233582
1,7014,56112,112,4,0.9948186874389648,0.9934640526771545,14,0.9800570011138916,0.051776885986328125,3.521359241892307e-08,0.0014287192599681054,8.521172963610796e-05,0.001510484247043052,0.9458683615966131,0.0069569393639368985,0.006626902570760992,0.11747011805264398,0.059223055865315136,8.540514044031739e-05,2.807206936601625e-05,0.0004976124618094786,0.17162982641101251
1,7014,56113,113,4,0.9948186874389648,0.9934640526771545,14,0.9800570011138916,0.07025909423828125,3.501045176572438e-08,0.0014877635423699302,0.0001244526532231799,0.00168195686149343,0.8845432224991353,0.013957450904558362,0.010569973358500446,0.1428514278779659,0.09770606504879906,0.00014444932380618418,5.902772441903966e-05,0.0007977498553357903,0.18107094954643682
1,7014,56114,114,4,0.9948186874389648,0.9934640526771545,14,0.9800570011138916,0.05399322509765625,3.5212979720550383e-08,0.001468309858248234,8.944746213672849e-05,0.0016002254886758938,0.9175643486738777,0.008946659985052233,0.007031484236421072,0.12579406983223426,0.07112147652893319,0.00012499440008643172,3.6243089820232806e-05,0.0006483930872186462,0.1927756519160453
1,7014,56115,115,4,0.9948186874389648,0.9934640526771545,14,0.9800570011138916,0.056819915771484375,3.521265303633765e-08,0.0014008082452059492,9.650900170631745e-05,0.0014898602711609702,0.9402279343380119,0.0036556404052555435,0.006765943005246009,0.10444942442913732,0.03499914360692027,5.749449129083858e-05,3.307607801337552e-05,0.0005106128307896825,0.11259899443169322
1,7014,56116,116,4,0.9948186874389648,0.9934640526771545,14,0.9800570011138916,0.06314849853515625,3.535024271533312e-08,0.001409475747947584,0.00010835072346088231,0.0014911820571448353,0.9452070196219404,0.0034932826896195254,0.007927536566266052,0.10910310432069589,0.03201817868858641,6.616117133506833e-05,3.569853913360729e-05,0.0004913028664874264,0.13466473706552565
1,7014,56117,117,4,0.9948186874389648,0.9934640526771545,14,0.9800570011138916,0.087738037109375,3.5019156394478246e-08,0.0015080538787410095,0.00016651277238918495,0.0016215980639070627,0.929980068616707,0.0158722706559139,0.01043899578882783,0.1016610024408954,0.15612939352178695,0.00016474028108971742,6.350622823904503e-05,0.0006184605257654344,0.26637153743293074
1,7014,56118,118,4,0.9948186874389648,0.9934640526771545,14,0.9800570011138916,0.053806304931640625,3.5072036401541835e-08,0.001484045039345071,9.052489738628314e-05,0.0015604312978296853,0.9510479835986015,0.015847651987800103,0.006200646460863495,0.10688421731118564,0.14826933654442934,0.00014073106038945974,2.9143162370906094e-05,0.0005023579589076123,0.2801409988516601
1,7014,56119,119,4,0.9948186874389648,0.9934640526771545,14,0.9800570011138916,0.062160491943359375,3.5149481160999884e-08,0.001437639617655789,0.00010610023458541284,0.001518219877361154,0.94692451277517,0.008851404896404694,0.006925397889896292,0.09909758235841916,0.08932008920652233,9.432595353884965e-05,3.473778350794132e-05,0.0004970732969941603,0.1897626650018132
1,7014,56112,112,4,0.9948186874389648,0.9934640526771545,15,0.9784172773361206,0.0523223876953125,3.508352677751187e-08,0.0014379669997260406,8.705683170571497e-05,0.00154319098380605,0.9318140235497682,0.009896313864673191,0.006118962253113963,0.10846624204261204,0.09123865341241681,9.69003623790636e-05,3.206546694870412e-05,0.0005684004174886908,0.17047904856789023
1,7014,56113,113,4,0.9948186874389648,0.9934640526771545,15,0.9784172773361206,0.07299041748046875,3.5095828660443835e-08,0.0015086267842066626,0.00013042223984293346,0.001762634829502422,0.855892984159706,0.008228146585912035,0.010592257356328965,0.1431525923937755,0.057478152846010266,0.00016756004670451824,6.85783184352168e-05,0.0009268245413373845,0.1807893934948392
1,7014,56114,114,4,0.9948186874389648,0.9934640526771545,15,0.9784172773361206,0.055706024169921875,3.518046054213738e-08,0.0014808219146330924,9.219829917366604e-05,0.0016494382828295426,0.8977734602429648,0.0202861041446285,0.007258575792999607,0.12985676416049333,0.1562190793508175,0.00013975393991640705,4.135407501739686e-05,0.0007398292061355271,0.18890027422194788
1,7014,56115,115,4,0.9948186874389648,0.9934640526771545,15,0.9784172773361206,0.057346343994140625,3.519117115358295e-08,0.0014045823008472494,9.75649268475612e-05,0.0015061611435090896,0.9325577856661609,0.0059420960950251995,0.007091953519791749,0.10948222038614544,0.05427453036728098,6.351602596387785e-05,3.546245639403009e-05,0.0005474526102758894,0.11602104871117314
1,7014,56116,116,4,0.9948186874389648,0.9934640526771545,15,0.9784172773361206,0.06243896484375,3.5106723761598033e-08,0.0014129617944294859,0.00010959483157374736,0.0015083041550487083,0.9367883723583966,0.002164540069686496,0.007973431766451721,0.10973473922667462,0.019725203567625863,7.189469728148675e-05,3.870097139398607e-05,0.0005326239852715205,0.13498208730655709
1,7014,56117,117,4,0.9948186874389648,0.9934640526771545,15,0.9784172773361206,0.08928680419921875,3.499435130207812e-08,0.0015320866766271736,0.00017159686538274294,0.001671109913579518,0.9168078438033098,0.014501341443625774,0.010817297668150361,0.10534512580440539,0.13765555200484983,0.00019102055784339092,7.12756621927439e-05,0.0006941237849629023,0.27519667526390856
1,7014,56118,118,4,0.9948186874389648,0.9934640526771545,15,0.9784172773361206,0.055454254150390625,3.491801089271342e-08,0.0015080766698052706,9.308839427928613e-05,0.0016046198128043198,0.9398342571687899,0.01519083849790116,0.0062465271607247234,0.10767509012183674,0.14108034161580352,0.00016701017254133806,3.324510515048517e-05,0.0005730655772531878,0.2914329165291162
1,7014,56119,119,4,0.9948186874389648,0.9934640526771545,15,0.9784172773361206,0.06298065185546875,3.491023403488154e-08,0.0014500433246592056,0.00010805291956760238,0.001546161428723118,0.9378343669177606,0.0048352313443931335,0.006643925710122508,0.09506991305187568,0.050859742995186606,0.0001089771410439328,3.826882810658011e-05,0.0005476000665008431,0.19900863369191174
1,7014,56112,112,4,0.9948186874389648,0.9934640526771545,16,0.9767442345619202,0.054340362548828125,3.503656866424712e-08,0.0014524310574025982,8.912376486420988e-05,0.0015798299534517798,0.9193591083832616,0.010576884799552475,0.00648647587815951,0.11498087968200287,0.09198820559387316,0.00011365752141502307,3.5644451965394275e-05,0.0006318423932730064,0.17988270908234857
1,7014,56113,113,4,0.9948186874389648,0.9934640526771545,16,0.9767442345619202,0.0760040283203125,3.498863483847455e-08,0.00152011722400108,0.0001358992350186607,0.0018366555062626108,0.8276550604170452,0.01805927193784011,0.013489558326090216,0.18230913200697726,0.09905851527585001,0.0001813435884168685,7.744303626923897e-05,0.001046629725075803,0.17326432077374307
1,7014,56114,114,4,0.9948186874389648,0.9934640526771545,16,0.9767442345619202,0.05684661865234375,3.502881676754777e-08,0.0015129802257979649,9.626643048935718e-05,0.001722217624659259,0.8785069924582314,0.010639228028099757,0.007249172441425509,0.12968853710845185,0.08203676489312788,0.00017420535511675727,4.700901346473111e-05,0.0008409967118886258,0.2071415412856305
1,7014,56115,115,4,0.9948186874389648,0.9934640526771545,16,0.9767442345619202,0.058460235595703125,3.486346875433663e-08,0.001412341016618252,9.936104912055119e-05,0.00153388882869247,0.9207583953930815,0.00909383154961849,0.007282070275343695,0.11241715283774,0.0808936298426299,7.35678430510901e-05,3.905588267284493e-05,0.0006029262236746029,0.12201798522333705
1,7014,56116,116,4,0.9948186874389648,0.9934640526771545,16,0.9767442345619202,0.06330490112304688,3.513955956947223e-08,0.0014142473999871692,0.00011104232320424134,0.0015282253284226838,0.9254181132090292,0.008703212724300045,0.008368200316116962,0.11516776043025176,0.07556987035074726,7.54734062136748e-05,4.2435046486648104e-05,0.0005840143738204196,0.12923210386065317
1,7014,56117,117,4,0.9948186874389648,0.9934640526771545,16,0.9767442345619202,0.09251022338867188,3.4938939863067e-08,0.0015542630921584466,0.0001771546352582621,0.0017252347037710974,0.9008995058823398,0.014562189346917753,0.011114033850490136,0.10823491504921291,0.13454243799513796,0.00021549007450237268,8.001064430423578e-05,0.0007791901127707869,0.27655647956837337
1,7014,56118,118,4,0.9948186874389648,0.9934640526771545,16,0.9767442345619202,0.056980133056640625,3.490559305732981e-08,0.0015314747095622752,9.533664183555276e-05,0.0016433741881569635,0.931908703811283,0.010634300029786874,0.007237029422237483,0.12474896453718398,0.08524559758263246,0.00019270131350429044,3.634024507585327e-05,0.0006264183382079707,0.3076239978152007
1,7014,56119,119,4,0.9948186874389648,0.9934640526771545,16,0.9767442345619202,0.06405258178710938,3.4962536693963834e-08,0.0014558336210112408,0.0001092306243078023,0.0015630135568378263,0.9314273792714736,0.006942904246887425,0.007382817836368899,0.1056429406957481,0.06572047503754183,0.00011706053815689996,4.058511318248651e-05,0.0005807444799662547,0.20156978188359534
1,7014,56112,112,4,0.9948186874389648,0.9934640526771545,17,0.9750366806983948,0.055023193359375,3.497667912323874e-08,0.0014683827189979012,9.15611205929899e-05,0.0016230351254214648,0.9047140730343689,0.0073053666186439015,0.007003276777670557,0.12414182056306126,0.05884694283932254,0.0001319496852224686,3.971068942050315e-05,0.0007039215265907715,0.1874494247413153
1,7014,56113,113,4,0.9948186874389648,0.9934640526771545,17,0.9750366806983948,0.0799713134765625,3.494768376207942e-08,0.0015490312706102885,0.00014642154972142445,0.0019788628353532077,0.7827886010774473,0.009453211864869169,0.013898469277803967,0.18783549535209115,0.050327079273006683,0.0002125981384541349,9.246430858762197e-05,0.0012496397163449958,0.1701275461026093
1,7014,56114,114,4,0.9948186874389648,0.9934640526771545,17,0.9750366806983948,0.059299468994140625,3.475242840676229e-08,0.0015289359147376037,9.957149621327875e-05,0.0017813456344074156,0.8583039053205536,0.006624732471740597,0.007330093521057968,0.13113622462362243,0.05051794415123981,0.00019250154882367472,5.221515112125352e-05,0.000934135119357223,0.20607462971324186
1,7014,56115,115,4,0.9948186874389648,0.9934640526771545,17,0.9750366806983948,0.06093597412109375,3.5025679433660804e-08,0.0014257705538210069,0.00010170567492180853,0.0015700840516278622,0.9080854953865489,0.005951410410487924,0.007317827082824077,0.11296914950071124,0.052681731577083835,8.933788296756707e-05,4.298417061986904e-05,0.0006635692729495453,0.13463233849039286
1,7014,56116,116,4,0.9948186874389648,0.9934640526771545,17,0.9750366806983948,0.06486892700195312,3.498382075359471e-08,0.0014269895745774024,0.0001136653246230708,0.00156432451195085,0.9122081535357528,-0.000278205568013454,0.007891812919864105,0.10861145591421709,-0.00256147535885335,9.055608484478112e-05,4.70342785047877e-05,0.0006473115262807983,0.1398956779977044
1,7014,56117,117,4,0.9948186874389648,0.9934640526771545,17,0.9750366806983948,0.0941009521484375,3.477608909433524e-08,0.0015770052081191333,0.00018287962732142419,0.0017809880007242501,0.8854664980773784,0.012947460295594269,0.012163320468755647,0.11845347741081982,0.10930418066740197,0.0002405726923940723,8.850225502004722e-05,0.0008618863486128529,0.2791234514634761
1,7014,56118,118,4,0.9948186874389648,0.9934640526771545,17,0.9750366806983948,0.058380126953125,3.48301665611078e-08,0.001547387650580203,9.795140410864884e-05,0.0016884463948661607,0.9164564864393347,0.01582703592381115,0.007595390006606526,0.13092623828069141,0.120885134497485,0.00021095475649588963,4.1060026661029954e-05,0.0007077760101532125,0.29805299059263707
1,7014,56119,119,4,0.9948186874389648,0.9934640526771545,17,0.9750366806983948,0.06385040283203125,3.476991903109212e-08,0.0014654264452760033,0.00011122372853827738,0.0015915334792695143,0.9207638195261892,0.011289385981935574,0.007170197174705819,0.10260048828142564,0.1100324781200808,0.00012899386415061282,4.431724658892759e-05,0.0006341486891535684,0.2034126481011696
1,7014,56112,112,4,0.9948186874389648,0.9934640526771545,18,0.9732937812805176,0.05608367919921875,3.493035743346403e-08,0.0014788178370611525,9.314298980208263e-05,0.0016510757312326694,0.8956692955307922,0.004941707778861295,0.0072990020219955,0.12938391956648887,0.03819414186414263,0.0001447736732182881,4.222008255604275e-05,0.0007484036514937305,0.19344330152496708
1,7014,56113,113,4,0.9948186874389648,0.9934640526771545,18,0.9732937812805176,0.08455276489257812,3.496176809354858e-08,0.0015631604640869564,0.00015752332021268123,0.002128901412827398,0.7342568588044291,0.01617608885705573,0.014957146103548126,0.20214333616582816,0.08002286478435126,0.00022911620219418676,0.00010827361743112065,0.0014632998898818886,0.1565750149907276
1,7014,56114,114,4,0.9948186874389648,0.9934640526771545,18,0.9732937812805176,0.0608367919921875,3.483781160451419e-08,0.001538044879803533,0.00010254757363617997,0.0018345880052319744,0.8383598254306995,0.004594549271880908,0.008017738275353091,0.14343826916117777,0.032031544292535595,0.00020399938610418127,5.70517090626012e-05,0.0010206617027875245,0.19986973700202473
1,7014,56115,115,4,0.9948186874389648,0.9934640526771545,18,0.9732937812805176,0.060699462890625,3.4840375721646247e-08,0.0014338601053668256,0.0001038909518475871,0.001603819322075584,0.8940284517280879,0.0031251020654699284,0.007338867188069141,0.11329395668295787,0.027584013807684576,9.981630339655531e-05,4.699120083292573e-05,0.000725427908042898,0.13759644795834447
1,7014,56116,116,4,0.9948186874389648,0.9934640526771545,18,0.9732937812805176,0.065582275390625,3.494774861324915e-08,0.001423941748957291,0.00011440887669788485,0.0015745576832403413,0.9043439717158586,0.004459132780626711,0.008130785799950127,0.11190033170153153,0.03984914711888812,8.989712948978765e-05,4.926515540532558e-05,0.0006780140772146828,0.13258888349205042
1,7014,56117,117,4,0.9948186874389648,0.9934640526771545,18,0.9732937812805176,0.09698486328125,3.470098687613262e-08,0.0015973303263160687,0.00018885481543381457,0.0018391778520822355,0.8685023715937217,0.013208606584793737,0.01133047784155403,0.11034277231335829,0.11970522679349682,0.00026328668007625513,9.743827435111128e-05,0.0009489104935980861,0.2774620808311674
1,7014,56118,118,4,0.9948186874389648,0.9934640526771545,18,0.9732937812805176,0.061126708984375,3.467101928791504e-08,0.0015729121602163938,0.00010217236126778707,0.0017612055345955539,0.8930883586949435,0.009564335561238342,0.007392874017347418,0.12743535017062393,0.07505245246654556,0.00023886813582773097,4.8008897057727686e-05,0.000827557806815181,0.2886422360596225
1,7014,56119,119,4,0.9948186874389648,0.9934640526771545,18,0.9732937812805176,0.06570053100585938,3.4824685400669624e-08,0.0014829859776879025,0.00011358154125264814,0.001625272124090048,0.9124539550681041,0.009587615537716232,0.0077480676838229245,0.1108694096170908,0.08647665366694869,0.00014894226585027379,4.7626585791146284e-05,0.0006815030100687994,0.218549681585761
1,7014,56112,112,4,0.9948186874389648,0.9934640526771545,19,0.9715142250061035,0.05696868896484375,3.4843843329468404e-08,0.0014851478027106731,9.523594292732522e-05,0.0016881759372603948,0.8797352040930049,0.005974012426116084,0.006712652005121986,0.1189901337869596,0.05020594763606182,0.00015354283403355622,4.610229568829178e-05,0.0008172207240372384,0.1878841658285696
1,7014,56113,113,4,0.9948186874389648,0.9934640526771545,19,0.9715142250061035,0.0907745361328125,3.479854442245792e-08,0.0015898799764011058,0.00017233771975774993,0.002329115553051871,0.6826110341832826,0.024339123376827334,0.0164327355124903,0.2220856810402809,0.1095933932472342,0.00025827490927392277,0.0001273830076345813,0.0017215601128602407,0.15002375307407576
1,7014,56114,114,4,0.9948186874389648,0.9934640526771545,19,0.9715142250061035,0.06251144409179688,3.4800515410221354e-08,0.0015436337479357081,0.00010570553282351616,0.001891084261951354,0.8162691525669395,0.004936824188629323,0.007183221627333787,0.12850866938289052,0.0384162734882897,0.00021202745165457823,6.22026802482427e-05,0.0011128131756834114,0.19053283721624334
1,7014,56115,115,4,0.9948186874389648,0.9934640526771545,19,0.9715142250061035,0.061855316162109375,3.479797550315305e-08,0.0014369523546110068,0.00010561094771850658,0.0016303718039097847,0.881364821916731,0.0042314343655660515,0.00779997467806775,0.12041231577835315,0.03514120908823803,0.00010534774629720275,5.0358996126541226e-05,0.0007774183371287703,0.13550972657306015
1,7014,56116,116,4,0.9948186874389648,0.9934640526771545,19,0.9715142250061035,0.06629180908203125,3.4917648657116126e-08,0.0014294910137706504,0.00011566845091668029,0.001591892634172977,0.8979820517313356,0.0035796587568361826,0.008121496256908112,0.1117724839174018,0.03202629691473527,9.788558941805671e-05,5.139236187566764e-05,0.000707289858853203,0.13839529606259024
1,7014,56117,117,4,0.9948186874389648,0.9934640526771545,19,0.9715142250061035,0.09862899780273438,3.471187069425856e-08,0.001618560735214827,0.0001951826138780678,0.0019008016275966575,0.8515148091814867,0.011152698495899574,0.011151584450570004,0.10860060459671347,0.10269462621607801,0.0002869562826449128,0.00010649772641023713,0.001037136698160947,0.2766812544129856
1,7014,56118,118,4,0.9948186874389648,0.9934640526771545,19,0.9715142250061035,0.062397003173828125,3.4725264135487995e-08,0.001587522631791996,0.00010583607298306146,0.0018243591044067881,0.8701810010744555,0.01659285974628982,0.0073781092188288655,0.12718084058950632,0.13046666203320326,0.0002559178026943187,5.4221100011143174e-05,0.0009346412302364195,0.2738139453034655
1,7014,56119,119,4,0.9948186874389648,0.9934640526771545,19,0.9715142250061035,0.06671524047851562,3.482362134798585e-08,0.001497804032086781,0.00011645640419866451,0.0016664093947698546,0.8988211641075395,0.011881871353219286,0.007931560372833662,0.11349506118982401,0.10469064670000475,0.00016619951444196007,5.234941870479157e-05,0.000749083433759376,0.22187049793354188
1,7014,56112,112,4,0.9948186874389648,0.9934640526771545,20,0.9696969985961914,0.057811737060546875,3.474231804228168e-08,0.0014935450943358343,9.705842488173128e-05,0.001720481704252878,0.8680970513338928,0.0034799007077742435,0.008016692563998118,0.142105880059207,0.024488083859192725,0.0001644308566052838,4.906412023053313e-05,0.0008697227602318578,0.18906123206600745
1,7014,56113,113,4,0.9948186874389648,0.9934640526771545,20,0.9696969985961914,0.09848785400390625,3.4831456309616253e-08,0.0016324322804182154,0.0001916554171474958,0.0025901910129271215,0.630236253724561,0.021899476216191573,0.015090889696094553,0.20395085852343386,0.10737623942718208,0.00030331794444562554,0.00015048498276576213,0.0020337794555548403,0.1491400375872499
1,7014,56114,114,4,0.9948186874389648,0.9934640526771545,20,0.9696969985961914,0.06404495239257812,3.485347572820699e-08,0.0015499798509494617,0.00010815003204581483,0.0019348166370140613,0.801099091922992,0.012964266253509098,0.008485764476986771,0.15181131227868447,0.08539723462577159,0.00022086428816690213,6.58980640284767e-05,0.001178924020801976,0.18734395454649977
1,7014,56115,115,4,0.9948186874389648,0.9934640526771545,20,0.9696969985961914,0.062404632568359375,3.4829421488383374e-08,0.0014421798604584333,0.00010736116734386728,0.0016573908657540484,0.8701507231984758,0.004062263782182667,0.007502525705420647,0.11582043938123612,0.03507380738568315,0.00011306598408304275,5.341063525611318e-05,0.0008245280970546351,0.13712811544801817
1,7014,56116,116,4,0.9948186874389648,0.9934640526771545,20,0.9696969985961914,0.06624221801757812,3.475015324279942e-08,0.001433515340127905,0.00011704969324070706,0.0016109020482716412,0.8898836162421814,0.0041036715234973745,0.009184743616056753,0.12640547697574067,0.03246434902725724,0.00010440065004955703,5.393275983095209e-05,0.0007422522082305493,0.14065387598972207
1,7014,56117,117,4,0.9948186874389648,0.9934640526771545,20,0.9696969985961914,0.10157394409179688,3.4718859078588874e-08,0.0016363954777911058,0.00020100729457168614,0.0019575257503178394,0.8359509332254801,0.011516121653787428,0.011819198286817486,0.11510221578703199,0.10005125943965446,0.0003072817563973821,0.00011473752684782117,0.0011173806592988777,0.2750018571022985
1,7014,56118,118,4,0.9948186874389648,0.9934640526771545,20,0.9696969985961914,0.06495285034179688,3.4720013965676836e-08,0.0016155921153874768,0.00011061523155236976,0.0019067402926120302,0.847305803337427,0.009066958977024241,0.008267651848481621,0.1425144140056769,0.06362134693732151,0.000286478016569396,6.105391807042793e-05,0.0010524225639902364,0.2722081665402736
1,7014,56119,119,4,0.9948186874389648,0.9934640526771545,20,0.9696969985961914,0.06914901733398438,3.481565820307971e-08,0.0015172278227620767,0.0001198349872158742,0.0017147545460702814,0.8848075814927108,0.003465112162026331,0.00799781003386475,0.11444304733367053,0.030278048712941368,0.0001881140358590432,5.736461616437321e-05,0.0008208473888701297,0.22917053572890836
1,7014,56112,112,4,0.9948186874389648,0.9934640526771545,21,0.9678407311439514,0.0595550537109375,3.468613751523361e-08,0.0014973468152058907,9.979124896368022e-05,0.0017689244215096651,0.8464730301637194,0.005511009461083585,0.008760938196234592,0.15529856266551603,0.03548654518428007,0.00017077688026011809,5.399834245966925e-05,0.0009571880068633681,0.17841519015657212
1,7014,56113,113,4,0.9948186874389648,0.9934640526771545,21,0.9678407311439514,0.10451889038085938,3.481769103704977e-08,0.0016712293466996664,0.00020940476312141478,0.002830070464868717,0.5905257015489868,0.01985395161702726,0.01535301548875382,0.20749344491367352,0.09568471729450242,0.00034465931371948597,0.00017090704814650158,0.002309780264725251,0.14921736018923135
1,7014,56114,114,4,0.9948186874389648,0.9934640526771545,21,0.9678407311439514,0.0656280517578125,3.465811796589053e-08,0.0015718295761082436,0.00011326522698504872,0.0020263280687056145,0.7757034018249092,0.009036274125755878,0.0078902353399094,0.1411572268341623,0.06401566769494622,0.0002452583186750929,7.27842242327097e-05,0.0013021182268161734,0.18835334121293834
1,7014,56115,115,4,0.9948186874389648,0.9934640526771545,21,0.9678407311439514,0.06367111206054688,3.471314400709104e-08,0.0014471971512726965,0.00010920618985730053,0.0016858734496950428,0.8584257326873969,0.003937576238962201,0.007633238060967394,0.11783831483363777,0.03341507594131168,0.00012062757517598328,5.65584130961552e-05,0.0008731220008708892,0.13815660933485144
1,7014,56116,116,4,0.9948186874389648,0.9934640526771545,21,0.9678407311439514,0.06795883178710938,3.468079521356123e-08,0.0014386260387764093,0.00011928430978747011,0.0016416560662670544,0.8763260882333819,0.0034176740335322892,0.008630748900965393,0.11878109799136269,0.028772877935349692,0.00011205564938817802,5.80354151939407e-05,0.0007987152005256248,0.14029487521263592
1,7014,56117,117,4,0.9948186874389648,0.9934640526771545,21,0.9678407311439514,0.10386276245117188,3.4779445800619846e-08,0.0016553089769262158,0.00020757525402923015,0.0020214883532302464,0.8188565490773705,0.009449287225750854,0.011548775419987977,0.11246868088760698,0.08401705391382498,0.00032873955570402445,0.00012383742013766973,0.0012060007040488967,0.2725865371391159
1,7014,56118,118,4,0.9948186874389648,0.9934640526771545,21,0.9678407311439514,0.066650390625,3.4635741818032604e-08,0.001629855740903906,0.00011535061127353522,0.001988366838870168,0.8196956965094152,0.019356279232050008,0.009303107041882917,0.1603631687453702,0.12070277348275982,0.00030328594447827617,6.837528110458162e-05,0.001178625236968884,0.2573217804653906
1,7014,56119,119,4,0.9948186874389648,0.9934640526771545,21,0.9678407311439514,0.07098770141601562,3.4571355896053784e-08,0.0015209571809231888,0.00012179804297500053,0.0017428444959702001,0.8726866822828666,0.014193977840681419,0.008666438021798754,0.12401064448185779,0.11445773788199233,0.00019438769502233734,6.1003479802779334e-05,0.0008729169731497713,0.22268749606382682
1,7014,56112,112,4,0.9948186874389648,0.9934640526771545,22,0.9659442901611328,0.061279296875,3.464902947463033e-08,0.0015052122632330082,0.00010326589560562426,0.0018305168693934309,0.8222881134833697,0.007294625375915427,0.009478883024911955,0.1680250307068789,0.043413920802317624,0.0001812417354975658,5.9648442227396496e-05,0.0010573430762396059,0.17141242002751278
1,7014,56113,113,4,0.9948186874389648,0.9934640526771545,22,0.9659442901611328,0.11286163330078125,3.470720217609516e-08,0.0017068574816459623,0.00022815824432994628,0.0030835206371122342,0.5535417733556864,0.020777272266512253,0.01517401837802693,0.20507432880182422,0.10131581260271048,0.0003828868517338217,0.00019211557503779917,0.0025964099701041785,0.14746779443250202
1,7014,56114,114,4,0.9948186874389648,0.9934640526771545,22,0.9659442901611328,0.06795120239257812,3.467094958290026e-08,0.0015864554392467118,0.00011723128676571762,0.002097281338916203,0.7564342512419115,0.00778883409908478,0.007475258771353789,0.1337332478151614,0.058241568393299394,0.0002624835913899321,7.806858539440764e-05,0.0013966560618795313,0.1879371726183598
1,7014,56115,115,4,0.9948186874389648,0.9934640526771545,22,0.9659442901611328,0.06428146362304688,3.473916325520058e-08,0.0014520766967638452,0.0001116573598975793,0.0017237134521435639,0.8424118840391258,0.009380165954946935,0.008515077219202132,0.1314517302060814,0.0713582540164464,0.0001281065288621401,6.073445016567605e-05,0.0009375896837892934,0.13663389335129433
1,7014,56116,116,4,0.9948186874389648,0.9934640526771545,22,0.9659442901611328,0.06940078735351562,3.478595025461902e-08,0.0014425031856035134,0.00012121224512272448,0.0016681893692985265,0.8647118919179336,0.006130077223773691,0.008789571244613034,0.1209668981554618,0.05067565852515753,0.00011853220743577323,6.148723941369997e-05,0.0008462210978238677,0.1400723850310389
1,7014,56117,117,4,0.9948186874389648,0.9934640526771545,22,0.9659442901611328,0.10686874389648438,3.450062362498414e-08,0.0016705807386372317,0.00021454247970228676,0.002089339242385017,0.7995737143816984,0.004977540620036771,0.010943432898664777,0.10657350392013684,0.046705235700674703,0.0003466107240993689,0.00013367274275633676,0.0013017827866332575,0.266258493858098
1,7014,56118,118,4,0.9948186874389648,0.9934640526771545,22,0.9659442901611328,0.07010269165039062,3.4466849385954243e-08,0.001664589757941875,0.0001232190274622359,0.00212399939123646,0.7837053837255831,0.01610158960448706,0.009532100444657519,0.164310463721704,0.09799491304314406,0.0003406193679931364,7.904516935219794e-05,0.0013625484232596037,0.24998698187788285
1,7014,56119,119,4,0.9948186874389648,0.9934640526771545,22,0.9659442901611328,0.071868896484375,3.465595972559504e-08,0.0015457894953901155,0.00012677728257170023,0.0018140939193045814,0.8521000367956041,0.008866780091221995,0.008119821552063521,0.11618894651023891,0.0763134562928551,0.00022181941658497984,6.813937806977235e-05,0.0009750266681387523,0.2275008713437709
1,7014,56112,112,4,0.9948186874389648,0.9934640526771545,23,0.964006245136261,0.06385040283203125,3.463109273954339e-08,0.0015168288372389065,0.00010794762515696399,0.0019135063682149407,0.7926959964360693,0.006051522626846541,0.007914521964248522,0.1402947786757267,0.043134339595302086,0.00019551461509729326,6.672458868816897e-05,0.001182776602872741,0.16530138880193027
1,7014,56113,113,4,0.9948186874389648,0.9934640526771545,23,0.964006245136261,0.12105560302734375,3.457297819655332e-08,0.0017451207262654657,0.0002486581154842124,0.0033605729783412848,0.5192926139419308,0.020071728786459284,0.016085960358707276,0.21739907264588337,0.09232665320129349,0.00042380640655604256,0.00021480374287397293,0.0029030367761902977,0.1459872675509852
1,7014,56114,114,4,0.9948186874389648,0.9934640526771545,23,0.964006245136261,0.0691375732421875,3.448237108832731e-08,0.00159889756885494,0.00012015219756839376,0.002149536772496267,0.7438335502388883,0.006139251478281342,0.007854787558272255,0.14052306190272948,0.04368856894486794,0.00027758202984303534,8.179076023657961e-05,0.0014632462022084653,0.18970288760981105
1,7014,56115,115,4,0.9948186874389648,0.9934640526771545,23,0.964006245136261,0.0670013427734375,3.468515712724857e-08,0.0014679812453517692,0.00011594049206642379,0.0017898344184956094,0.8201771237507188,0.0043795387320347415,0.007652102008816534,0.1181295275284205,0.03707403918111057,0.00014666738165078835,6.700766185974212e-05,0.0010344325555455727,0.14178534972097248
1,7014,56116,116,4,0.9948186874389648,0.9934640526771545,23,0.964006245136261,0.07028961181640625,3.449721299098862e-08,0.0014519088669817488,0.00012362400971269196,0.001701381395781997,0.8533706026063694,0.0018795998880262307,0.009324524130252565,0.12832921304366388,0.014646703143006876,0.00013059419329606843,6.514063195577986e-05,0.0008965010888792402,0.14567098123587402
1,7014,56117,117,4,0.9948186874389648,0.9934640526771545,23,0.964006245136261,0.10923004150390625,3.44567728072739e-08,0.001677215614434865,0.0002184662422309719,0.0021275511202395003,0.788331522791358,0.009587265822969837,0.011716435320963574,0.11410145035577385,0.08402404871345875,0.00035590190387067643,0.00013929120210857035,0.0013564986061886963,0.2623680571782088
1,7014,56118,118,4,0.9948186874389648,0.9934640526771545,23,0.964006245136261,0.07434844970703125,3.432226111592997e-08,0.0016935562207290188,0.00013099762928915745,0.00225808376022822,0.749997077414814,0.01715527540328676,0.01166429220196165,0.20106431649741555,0.08532232721417414,0.0003722421369035816,8.929769675990578e-05,0.0015392773134407939,0.24182915817260844
1,7014,56119,119,4,0.9948186874389648,0.9934640526771545,23,0.964006245136261,0.0740966796875,3.453750560804479e-08,0.001560477718511387,0.0001310023165590837,0.0018745511898020206,0.832454043933682,0.010770596108078246,0.008114898414733538,0.11611849987095894,0.09275521230508038,0.00023916394363010572,7.44870552300204e-05,0.0010658574724005643,0.22438642109573212
1,7014,56112,112,4,0.9948186874389648,0.9934640526771545,24,0.9620253443717957,0.064666748046875,3.4501021377511906e-08,0.0015261464669650844,0.0001122624259558737,0.0019899915969940566,0.7669110107150078,0.004298107368267851,0.007951756145833077,0.14095480101038868,0.030492805760841526,0.00020754739407728655,7.298995172712967e-05,0.0012938379815440844,0.16041219769232357
1,7014,56113,113,4,0.9948186874389648,0.9934640526771545,24,0.9620253443717957,0.12889862060546875,3.4544959432477016e-08,0.0017827790435871267,0.00027123400446051255,0.0036656823543536037,0.4863430246403598,0.019806093160381524,0.01733946474334181,0.23433997543939222,0.08451862778958093,0.0004641798737318905,0.00023947147563673,0.003236417072256801,0.143423997392342
1,7014,56114,114,4,0.9948186874389648,0.9934640526771545,24,0.9620253443717957,0.07137298583984375,3.436757478535465e-08,0.0016082270860564994,0.000124320063082452,0.002224100370720824,0.7230910561537643,0.008885433216206998,0.008200123649400426,0.14670116469046737,0.06056825271261376,0.00028962669890798083,8.73871759071305e-05,0.0015633667286863591,0.18525832333104833
1,7014,56115,115,4,0.9948186874389648,0.9934640526771545,24,0.9620253443717957,0.06725692749023438,3.458405042761117e-08,0.0014739638642326356,0.00011843169857921817,0.0018282924850494867,0.8061969713739426,0.007245450880770854,0.00814150687074807,0.12568472805286116,0.05764782239671571,0.00015536514857634727,7.078889143771734e-05,0.0010928053873515335,0.14217092116729235
1,7014,56116,116,4,0.9948186874389648,0.9934640526771545,24,0.9620253443717957,0.07031631469726562,3.4506130111815165e-08,0.0014527872947834215,0.00012475561963954906,0.001716955231975398,0.8461416277650727,0.0011105947796814183,0.009185199842708795,0.1264117558170422,0.008785534007523795,0.0001341877711197599,6.720062105924313e-05,0.0009248517882643468,0.1450911084592135
1,7014,56117,117,4,0.9948186874389648,0.9934640526771545,24,0.9620253443717957,0.1109619140625,3.455895688543309e-08,0.0016934708865505024,0.00022517229514472647,0.0021928585574130647,0.7722663556323055,0.0144570676415679,0.0129568468012308,0.12618129760105382,0.11457377532506181,0.00037487232389914264,0.00014814031623967277,0.0014426764178748124,0.25984504858779217
1,7014,56118,118,4,0.9948186874389648,0.9934640526771545,24,0.9620253443717957,0.07981109619140625,3.432335777267107e-08,0.0017253277875627277,0.00014306923971250382,0.0024661692622688,0.6995982854702678,0.01688864630319976,0.00962583414846789,0.16592620711728132,0.10178407978229978,0.0004067288529588537,0.0001049159130815918,0.0018084977629336885,0.22489873158541868
1,7014,56119,119,4,0.9948186874389648,0.9934640526771545,24,0.9620253443717957,0.07690048217773438,3.447436778773484e-08,0.0015794039719188102,0.00013536260294500903,0.00193694382717899,0.8154103127601231,0.010099047064371596,0.008065724360961422,0.11541485368036403,0.08750214328859636,0.0002608053454642162,8.045100746419597e-05,0.00115119744233502,0.22655135936995677
1,7014,56112,112,4,0.9948186874389648,0.9934640526771545,25,0.9599999785423279,0.06676101684570312,3.4523585353866995e-08,0.0015319804716795937,0.00011566864675306552,0.0020503711113881466,0.7471722866025015,0.002047200858317206,0.007666083548039049,0.13589089771183507,0.015065032999181594,0.00021615750049084825,7.783796282246994e-05,0.0013797750282426226,0.1566614093358114
1,7014,56113,113,4,0.9948186874389648,0.9934640526771545,25,0.9599999785423279,0.13727951049804688,3.43652302095052e-08,0.0018207231064672263,0.00029626523294217107,0.004003975234464686,0.4547288631545816,0.022667655567541446,0.017685517895368052,0.23901682610040778,0.09483707041620186,0.0005049000380305568,0.0002664943687985044,0.0036016269685001765,0.1401866552106622
1,7014,56114,114,4,0.9948186874389648,0.9934640526771545,25,0.9599999785423279,0.07322311401367188,3.435204266842567e-08,0.0016235469054345704,0.00012870004824242726,0.0023024588140526285,0.7051361333916395,0.007807189343208775,0.007883730865329813,0.14104086102831317,0.055354095871844713,0.000307722622588303,9.286456231489435e-05,0.0016613578078254457,0.18522356902218534
1,7014,56115,115,4,0.9948186874389648,0.9934640526771545,25,0.9599999785423279,0.06936264038085938,3.453742553797633e-08,0.001486113930600716,0.00012161884583791936,0.0018774941553095124,0.7915411754534725,0.00690472019088158,0.007868427357045227,0.12146905582394418,0.05684344991443089,0.000170291316558503,7.513738049560248e-05,0.0011599353024099872,0.14681104730987174
1,7014,56116,116,4,0.9948186874389648,0.9934640526771545,25,0.9599999785423279,0.07172393798828125,3.434332055856113e-08,0.0014520682960708275,0.000125895562257993,0.0017326437472386302,0.8380651235345034,0.0029923570507876802,0.009153066171628758,0.12596951461906766,0.023754612850867766,0.00013624487570166932,6.939463847420915e-05,0.0009550470587503974,0.14265776168132993
1,7014,56117,117,4,0.9948186874389648,0.9934640526771545,25,0.9599999785423279,0.11481094360351562,3.43665902731081e-08,0.0017203420760677382,0.0002349921640928144,0.002288490143180084,0.7517367209094257,0.008491526039614393,0.014263634998764554,0.13890755986101105,0.06113076961477757,0.0004045196159012217,0.0001604391025935333,0.0015624491407336518,0.2589009813857227
1,7014,56118,118,4,0.9948186874389648,0.9934640526771545,25,0.9599999785423279,0.08365249633789062,3.429432814061668e-08,0.001757251608985724,0.00015259229488850622,0.0026303238073348166,0.6680742515752327,0.017320748952906667,0.00975497336879946,0.16815225638108575,0.10300634273769374,0.00044142877526469543,0.0001163951730332873,0.002006372568890251,0.220013362477765
1,7014,56119,119,4,0.9948186874389648,0.9934640526771545,25,0.9599999785423279,0.07775497436523438,3.4338063139072735e-08,0.0015973414033683174,0.00013915385831970336,0.0019911940302299504,0.8022027884363687,0.010362235165406183,0.007851824573812137,0.1123540978782462,0.0922283687118857,0.0002815188784335653,8.537972716641681e-05,0.001221723961443037,0.23042756573346548
1,7014,56112,112,4,0.9948186874389648,0.9934640526771545,26,0.9579287767410278,0.06785202026367188,3.4273294598077655e-08,0.001533093410865219,0.00011804514447837096,0.0020924974992990245,0.7326620038393343,0.0035816304486179455,0.00784909656503102,0.13913503182753378,0.025742118297407593,0.0002201092828792153,8.129451912415314e-05,0.001441046802269581,0.15274263301688293
1,7014,56113,113,4,0.9948186874389648,0.9934640526771545,26,0.9579287767410278,0.14697265625,3.4338445913140155e-08,0.0018657006981520564,0.0003233600806116457,0.00437015758388449,0.4269184033619438,0.022211257882540456,0.017500243473531234,0.2365128731753638,0.09391141202733516,0.0005527164765291296,0.00029525752621383644,0.003990356246020494,0.13851306561421506
1,7014,56114,114,4,0.9948186874389648,0.9934640526771545,26,0.9579287767410278,0.07497787475585938,3.417250498946506e-08,0.0016368876792337836,0.00013223648054918395,0.002365725998845401,0.6919176946242596,0.008529364420709612,0.008408130143064931,0.15042242502609587,0.0567027450809273,0.00032390224222583796,9.717325097317265e-05,0.0017384407484594263,0.18631767721325793
1,7014,56115,115,4,0.9948186874389648,0.9934640526771545,26,0.9579287767410278,0.07056808471679688,3.4284312676900515e-08,0.0014978030858777914,0.00012418089756723911,0.0019170458967707746,0.7813078906461295,0.0016126500137545001,0.008015475575890973,0.12373911659889592,0.013032661441910514,0.0001848193130021647,7.842618905449019e-05,0.001210706371685489,0.15265411773200455
1,7014,56116,116,4,0.9948186874389648,0.9934640526771545,26,0.9579287767410278,0.07239151000976562,3.4416410046196595e-08,0.001455389758546408,0.00012806283336331872,0.0017624709203483413,0.8257666788957627,0.007036807950362948,0.009088950290967365,0.12508711671929892,0.056255257415148995,0.00014240518162602874,7.296635663844543e-05,0.0010042030022417235,0.14180915741949768
1,7014,56117,117,4,0.9948186874389648,0.9934640526771545,26,0.9579287767410278,0.11974716186523438,3.42654504473007e-08,0.0017349518653335188,0.0002452385572013532,0.0023882754688847223,0.7264454573758642,0.00830598409332407,0.011821692669481933,0.11512650753379275,0.07214658267025115,0.00042196824840174676,0.0001740146696092437,0.0016946558950459497,0.24899936891926092
1,7014,56118,118,4,0.9948186874389648,0.9934640526771545,26,0.9579287767410278,0.086669921875,3.4125153318329774e-08,0.0017908293403800118,0.0001616087512945687,0.002785745809212377,0.6428545398714388,0.023349757446883033,0.010078998888319656,0.173737676266151,0.1343966256985804,0.00047784535071276066,0.00012685632815450165,0.0021866976985939353,0.21852373605186448
1,7014,56119,119,4,0.9948186874389648,0.9934640526771545,26,0.9579287767410278,0.07979583740234375,3.440112753120376e-08,0.001616251381301062,0.00014308778829428648,0.002047485806651528,0.789383436041635,0.01211343198220849,0.008507537942666612,0.12173689589312617,0.09950501771330668,0.0003032676981007825,9.036229699981604e-05,0.0012930210381268505,0.2345419673450284
1,7014,56112,112,4,0.9948186874389648,0.9934640526771545,27,0.9558101296424866,0.06983566284179688,3.433427437346869e-08,0.0015376259221416605,0.00012107722312550242,0.002146244877175825,0.7164261350107325,0.005432788586222722,0.008369579611337342,0.14836124335564177,0.036618650958590314,0.0002275457279989915,8.54408545628092e-05,0.0015145457723033074,0.1502402450689503
1,7014,56113,113,4,0.9948186874389648,0.9934640526771545,27,0.9558101296424866,0.15546798706054688,3.434545658428115e-08,0.0019107000938300798,0.00035113454486285114,0.00474552483811124,0.40263198676893974,0.024454628728527387,0.01786396306243889,0.24142848278575707,0.10129139878755879,0.0006006198027503929,0.00032447316459113535,0.004385200728311179,0.1369651790105632
1,7014,56114,114,4,0.9948186874389648,0.9934640526771545,27,0.9558101296424866,0.07727813720703125,3.423139689595647e-08,0.0016521297903964553,0.0001366787761479558,0.0024451991831658374,0.675662662481924,0.00507243737390378,0.008516182838431054,0.15235550029860273,0.033293431244439946,0.00034204829068090677,0.00010255909490444188,0.001834794122059598,0.18642325401443396
1,7014,56115,115,4,0.9948186874389648,0.9934640526771545,27,0.9558101296424866,0.07183837890625,3.430070042723314e-08,0.0014980575963965276,0.00012662403596092967,0.001954761910462265,0.766363201768273,0.007672150779309055,0.008244693354530921,0.12727767213052021,0.06027884271360217,0.0001879777579506027,8.225057481389582e-05,0.001269745428185845,0.1480436580261422
1,7014,56116,116,4,0.9948186874389648,0.9934640526771545,27,0.9558101296424866,0.07405853271484375,3.4285588898713115e-08,0.0014677345942360586,0.00013104980840782256,0.0018035793084534891,0.8137898829048962,0.007862740480165581,0.008943568969054197,0.12308629926505109,0.06387989993292546,0.00015765395284018049,7.701749324310837e-05,0.0010599569651407069,0.14873618271780714
1,7014,56117,117,4,0.9948186874389648,0.9934640526771545,27,0.9558101296424866,0.12092208862304688,3.4314707336474616e-08,0.0017494839240743013,0.00025331786758490754,0.002466956484687249,0.7091669167792776,0.008527348497029408,0.012904258774162885,0.12566916485799487,0.06785553565717765,0.0004394042375130602,0.0001842106013796458,0.0017939497989392132,0.24493675228419765
1,7014,56118,118,4,0.9948186874389648,0.9934640526771545,27,0.9558101296424866,0.09057998657226562,3.425070689105107e-08,0.0018385129319134685,0.00017125189965668574,0.002951970471690067,0.6228087135508777,0.013549429037027544,0.009914893155236519,0.1709088885022334,0.07927866804218602,0.0005284328750018525,0.00013744542579183266,0.00236922824926175,0.22304008706907485
1,7014,56119,119,4,0.9948186874389648,0.9934640526771545,27,0.9558101296424866,0.08192825317382812,3.441656368431791e-08,0.0016394659146670718,0.0001476979841391265,0.0021134544729557417,0.775728048863158,0.01096895688728049,0.008493222368111225,0.12153205007039297,0.09025567231793692,0.000329386164093157,9.60078298877485e-05,0.0013738046507385194,0.23976200977052167
1,7014,56112,112,4,0.9948186874389648,0.9934640526771545,28,0.9536424279212952,0.07140731811523438,3.413403683060897e-08,0.001546459137517098,0.0001251311854360826,0.002218106418238158,0.6971979003358416,-0.001888336039322793,0.008295193323736245,0.14704265357818633,-0.012842097128767584,0.00023935008356976495,9.071438445583495e-05,0.0016080256707133344,0.14884717820679266
1,7014,56113,113,4,0.9948186874389648,0.9934640526771545,28,0.9536424279212952,0.16473388671875,3.435798425128131e-08,0.001961828966907105,0.00037924185252830034,0.005125390415594998,0.38276673732753275,0.02456777091980018,0.017059608903149785,0.23055777041242606,0.10655798273835182,0.0006547198187395269,0.00035369415006198117,0.004780117475679768,0.1369673071991648
1,7014,56114,114,4,0.9948186874389648,0.9934640526771545,28,0.9536424279212952,0.07949447631835938,3.432133098878485e-08,0.001659887022049482,0.00014176841121717158,0.0025362533458134938,0.6544642020046618,0.002873414810874107,0.008219317020583702,0.14704453633061682,0.019541119191354952,0.0003527766654323643,0.00010898889960763293,0.0019498240751456516,0.1809274333665266
1,7014,56115,115,4,0.9948186874389648,0.9934640526771545,28,0.9536424279212952,0.0738677978515625,3.407447672974552e-08,0.0015120573734029505,0.00013052864943857413,0.0020150394844888277,0.7503859775663538,0.004615606513582189,0.008265225780070919,0.12759464199386727,0.036173983808850174,0.0002049486741620313,8.729486977018934e-05,0.0013476168652386171,0.15208230131918235
1,7014,56116,116,4,0.9948186874389648,0.9934640526771545,28,0.9536424279212952,0.07480239868164062,3.4197085852738345e-08,0.0014822387777117352,0.00013373136662909056,0.00184048438279928,0.8053525428220847,0.00785011699049938,0.009503407081580132,0.13079109828843646,0.06002026967605506,0.00017512927789256497,8.029025939310744e-05,0.0011049985671183025,0.1584882398076589
1,7014,56117,117,4,0.9948186874389648,0.9934640526771545,28,0.9536424279212952,0.12456512451171875,3.427620773164496e-08,0.0017648558297575505,0.00026320388579796075,0.0025632322704063648,0.6885274698409432,0.013726986149509556,0.01314757090908771,0.1280386797081651,0.10720968211166408,0.000457747282708536,0.0001965802446835346,0.0019144125679208305,0.2391058700610588
1,7014,56118,118,4,0.9948186874389648,0.9934640526771545,28,0.9536424279212952,0.09476470947265625,3.4088711786323024e-08,0.0018650733749460378,0.00017999369826441226,0.0031026580343460333,0.6011211529920187,0.015373478961684464,0.010796178127347527,0.18610011978218574,0.08260864624739526,0.0005579644583408107,0.0001474404270274576,0.0025415180082146143,0.2195398405745604
1,7014,56119,119,4,0.9948186874389648,0.9934640526771545,28,0.9536424279212952,0.0846405029296875,3.4131042699627056e-08,0.0016606238441752362,0.00015282344183834172,0.0021867961746958827,0.7593866604445559,0.011442343126996124,0.008765915178093468,0.1254340927581047,0.09122195469665721,0.00035351523247885875,0.00010245625239451104,0.0014660770501883872,0.24113005004302668
1,7014,56112,112,4,0.9948186874389648,0.9934640526771545,29,0.9514237642288208,0.072967529296875,3.4045841708385034e-08,0.0015384662870404652,0.00012837203469522054,0.0022755545157462586,0.6760841264819936,0.0033295920650442366,0.007993031087190338,0.14168645085465317,0.023499721003385474,0.00023439824875311625,9.550744628919429e-05,0.0016929886731698028,0.13845234316556274
1,7014,56113,113,4,0.9948186874389648,0.9934640526771545,29,0.9514237642288208,0.1739349365234375,3.405473646166801e-08,0.0020144224638430326,0.00040704115694040454,0.005501093380455329,0.3661858333472422,0.016565337953799074,0.01699323962122665,0.22966080063129313,0.07212958375249133,0.0007103543280311206,0.00038239838503731724,0.005168050426246175,0.1374511216886651
1,7014,56114,114,4,0.9948186874389648,0.9934640526771545,29,0.9514237642288208,0.08188629150390625,3.410760349182323e-08,0.0016627092046246424,0.00014507379763368137,0.002595387092789308,0.6406401608623628,-0.0005639992734573283,0.00881031832891004,0.15761761839278832,-0.0035782755710203886,0.00035863986661259457,0.00011318321415754287,0.0020248608496941612,0.17711827786426124
1,7014,56115,115,4,0.9948186874389648,0.9934640526771545,29,0.9514237642288208,0.07606124877929688,3.4169209871840415e-08,0.001519276845721232,0.0001338441599411512,0.0020662227657275885,0.7352918915237302,0.005972720305766061,0.008725533848120226,0.13470065999173692,0.04434069072959592,0.00021520916226795787,9.177789781708732e-05,0.0014168237295050046,0.15189550950219152
1,7014,56116,116,4,0.9948186874389648,0.9934640526771545,29,0.9514237642288208,0.07604598999023438,3.422496775880192e-08,0.0014970537229813147,0.00013738672644640425,0.0018907914485749352,0.7917603626299583,0.006044808477450914,0.009621978667059125,0.132422945452035,0.045647742215796046,0.00019298524119098346,8.508365347771763e-05,0.0011709678843824874,0.1648083126487749
1,7014,56117,117,4,0.9948186874389648,0.9934640526771545,29,0.9514237642288208,0.1296844482421875,3.4149548331784565e-08,0.0017926866795391016,0.0002751906613309268,0.0026799664507208636,0.6689213139429042,0.009034438674459213,0.01316574492573024,0.1282156688350536,0.0704628284245181,0.0004886191469645549,0.0002106217027460933,0.002051156439769044,0.23821642147371874
1,7014,56118,118,4,0.9948186874389648,0.9934640526771545,29,0.9514237642288208,0.09980392456054688,3.397127039955808e-08,0.0018965006463278354,0.00019054033341918224,0.0032844566340403053,0.5774168630124049,0.014606991590342252,0.009255471649486745,0.15954204925973078,0.09155574757951368,0.000592432743880328,0.00015931778996224633,0.002746255151191315,0.21572385348948112
1,7014,56119,119,4,0.9948186874389648,0.9934640526771545,29,0.9514237642288208,0.08707046508789062,3.4009818966232664e-08,0.0016833831614461072,0.00015836642285889434,0.002266112342074042,0.7428507096454906,0.01108059822804442,0.00844179201831401,0.12079611786753897,0.09172975442965012,0.00037931556486623535,0.00010928333727875053,0.0015637678424489851,0.24256513951086048
1,7014,56112,112,4,0.9948186874389648,0.9934640526771545,30,0.9491525292396545,0.07483673095703125,3.4129521443199956e-08,0.0015427421544654037,0.00013040949985649043,0.0023116711283668423,0.6673709488924257,0.006775215992002417,0.008270654077276429,0.14660766481114512,0.046213245403847164,0.0002417872011098251,9.807243703874109e-05,0.0017384563351636024,0.13908154965944025
1,7014,56113,113,4,0.9948186874389648,0.9934640526771545,30,0.9491525292396545,0.18235397338867188,3.423849891559916e-08,0.0020491596904151257,0.00043516493695209017,0.005881181578952459,0.34842653009535485,0.021902681270194638,0.017746210492534584,0.23983707643338412,0.09132316652583201,0.000748204639640022,0.00041163572922733546,0.005563188258977306,0.1344920582963637
1,7014,56114,114,4,0.9948186874389648,0.9934640526771545,30,0.9491525292396545,0.0832061767578125,3.406476455540395e-08,0.0016573928600173268,0.0001502295706145546,0.002687624470359712,0.6166757589446642,0.005608591745949121,0.008411769268100259,0.1504875293957325,0.03726947853067862,0.00035643660905807954,0.00011992990319279805,0.002145559900293076,0.16612754974092844
1,7014,56115,115,4,0.9948186874389648,0.9934640526771545,30,0.9491525292396545,0.07810592651367188,3.4058429747400664e-08,0.001529908751352433,0.00013780105901339864,0.002127307500006311,0.7191761188017691,0.003433503181588216,0.008468835287723199,0.13073786916354507,0.02626249917912547,0.00022895414999122356,9.688985586396131e-05,0.001495739717311566,0.1530708500558803
1,7014,56116,116,4,0.9948186874389648,0.9934640526771545,30,0.9491525292396545,0.07838821411132812,3.418851542095569e-08,0.0015079103808411042,0.00014076246251039295,0.0019372501789598228,0.7783766894014453,0.00540637696684915,0.009268199017154517,0.12755403595821704,0.04238499335779639,0.00020695498325921,8.96406285358738e-05,0.0012336834733931348,0.1677537129438875
1,7014,56117,117,4,0.9948186874389648,0.9934640526771545,30,0.9491525292396545,0.13350677490234375,3.392028449278401e-08,0.0018099741561550347,0.00028639927335911454,0.002789122422981735,0.6489403768157535,0.010167964167472907,0.014089263235183279,0.13720942637751726,0.07410543456028178,0.0005090197078269738,0.00022408492185661705,0.002182269084945324,0.23325249454272828
1,7014,56118,118,4,0.9948186874389648,0.9934640526771545,30,0.9491525292396545,0.10250091552734375,3.395686770587101e-08,0.0019268437788331298,0.0001983625994807897,0.0034192936693190966,0.5635209973692705,0.016914681317646865,0.009694425329201933,0.16710855394409707,0.1012197216625149,0.0006258889611847399,0.00016784218326926405,0.0028931951698529207,0.2163313998676964
1,7014,56119,119,4,0.9948186874389648,0.9934640526771545,30,0.9491525292396545,0.08905792236328125,3.401938413157019e-08,0.0017058164533201227,0.00016346999600441427,0.002339140891213181,0.7292491272021718,0.015568270553495753,0.010090768622229289,0.14439181553164065,0.10781961911188982,0.00040486194056316496,0.00011537711293482133,0.001650965494418156,0.24522737872595515
1,7014,56112,112,4,0.9948186874389648,0.9934640526771545,31,0.9468267560005188,0.07557296752929688,3.408727849159584e-08,0.0015555638548964618,0.00013358425031991837,0.0023679475422335606,0.6569249644057487,0.0024274880780613115,0.008117764968509349,0.14389751456160402,0.016869562239882042,0.0002577967459712241,0.00010176121129663927,0.0018038444622588668,0.14291517443161245
1,7014,56113,113,4,0.9948186874389648,0.9934640526771545,31,0.9468267560005188,0.19157791137695312,3.40547562797396e-08,0.0020978081793569486,0.00046549547326752474,0.006291093721018539,0.33345683157575173,0.016464523697333255,0.016564220605519205,0.22386268015340932,0.07354742508242283,0.0008000409740456928,0.0004428276815877637,0.0059847422952895414,0.1336801042670438
1,7014,56114,114,4,0.9948186874389648,0.9934640526771545,31,0.9468267560005188,0.08516311645507812,3.396177942643933e-08,0.0016670751574716174,0.0001544325463540111,0.0027628161945953745,0.6033970557769106,0.003072049004178196,0.00876449258484531,0.15679779050792528,0.01959242534111423,0.00036930675420759635,0.00012486905555819704,0.0022339219098879786,0.16531766512201648
1,7014,56115,115,4,0.9948186874389648,0.9934640526771545,31,0.9468267560005188,0.07842636108398438,3.401665917879024e-08,0.0015345715370880138,0.00014120209399597295,0.002179811067671278,0.7039929101412525,0.0041060225006963715,0.008491832713463316,0.13109289253279968,0.0313214730514016,0.00023680477981133504,0.00010144913832524144,0.0015661237611205865,0.1512043847938923
1,7014,56116,116,4,0.9948186874389648,0.9934640526771545,31,0.9468267560005188,0.07962417602539062,3.4037794803046954e-08,0.0015174631280249358,0.0001441001408455236,0.001983185138015862,0.7651646328608169,0.005806948303220343,0.009562107288219766,0.13159896271329485,0.044126094792035116,0.00021969557578196977,9.413997605097018e-05,0.001295605960563174,0.16956974764647773
1,7014,56117,117,4,0.9948186874389648,0.9934640526771545,31,0.9468267560005188,0.136505126953125,3.400300855659066e-08,0.0018304545560707491,0.0002993212168290293,0.0029149638116756594,0.6279510396455033,0.009792739697349291,0.013620085731333054,0.1326403034150214,0.07382929204186571,0.000532687950156382,0.00023928335815737335,0.0023302802826816603,0.2285939395854007
1,7014,56118,118,4,0.9948186874389648,0.9934640526771545,31,0.9468267560005188,0.1062469482421875,3.3821979509509436e-08,0.0019635719752812016,0.00020761276852504702,0.0035787443144303667,0.5486762402565621,0.017277364955800484,0.010853369162945341,0.18708595555199953,0.09234987685111583,0.0006658050012076771,0.00017781724517758617,0.0030651412228057855,0.2172183768414458
1,7014,56119,119,4,0.9948186874389648,0.9934640526771545,31,0.9468267560005188,0.09256744384765625,3.408376354115436e-08,0.0017397850432377242,0.0001720387891025214,0.002461754305381163,0.706725703468749,0.0158854530330003,0.01073798043448581,0.15365296223947159,0.10338527029659517,0.00044201837398084555,0.00012557405793031768,0.0017968766193182447,0.24599261253037635
1,7014,56112,112,4,0.9948186874389648,0.9934640526771545,32,0.9444444179534912,0.07660293579101562,3.393994619842226e-08,0.001557758930053561,0.0001347163232538604,0.0023880149477483363,0.6523237769187227,0.0012272580335313268,0.008224508915473615,0.14578968423173355,0.00841800323526727,0.0002632571760181187,0.00010318133757313488,0.0018290179727440891,0.143933618991809
1,7014,56113,113,4,0.9948186874389648,0.9934640526771545,32,0.9444444179534912,0.1996612548828125,3.3908239918516415e-08,0.0021339565434079274,0.0004942374749490586,0.006679537082323331,0.31947671180016524,0.019880314694396724,0.016388163431946812,0.22148329680210224,0.08975988248973919,0.0008394546954070173,0.0004724375935229266,0.006384915318987581,0.13147467953265274
1,7014,56114,114,4,0.9948186874389648,0.9934640526771545,32,0.9444444179534912,0.08775711059570312,3.375043595393794e-08,0.0016706094967745633,0.00015883776267237344,0.0028416260262818095,0.5879061781259479,0.0074670279818251735,0.00860483376592169,0.15394147568992714,0.048505628183436754,0.00037610645255367625,0.00013019708738416967,0.002329241018208402,0.16147167665927875
1,7014,56115,115,4,0.9948186874389648,0.9934640526771545,32,0.9444444179534912,0.08089065551757812,3.3882074062662454e-08,0.0015410424583789876,0.00014412124279076873,0.0022248755045432738,0.6926421074941608,0.003939353077215826,0.008645427138951318,0.13346401054625426,0.029516219849024958,0.000246541056321617,0.00010517161037654769,0.0016235895220516234,0.15184937631900905
1,7014,56116,116,4,0.9948186874389648,0.9934640526771545,32,0.9444444179534912,0.0816192626953125,3.3838725720536323e-08,0.0015282537083396764,0.00014768937789061827,0.002032582185949898,0.751877940731567,0.0041091200065617945,0.009705562739849613,0.13357327528488805,0.03076303997036662,0.00023375151318023011,9.884215491981507e-05,0.0013603199240212816,0.17183569030528525
1,7014,56117,117,4,0.9948186874389648,0.9934640526771545,32,0.9444444179534912,0.14134597778320312,3.393602868666785e-08,0.0018504894680880068,0.0003139151991474744,0.0030570884855533587,0.6053110588171454,0.012143425338509017,0.013324311211031541,0.12975987939353578,0.09358382109527424,0.0005559882170120555,0.00025631221017531077,0.002496117131510926,0.22274123677662114
1,7014,56118,118,4,0.9948186874389648,0.9934640526771545,32,0.9444444179534912,0.11075973510742188,3.371877783637005e-08,0.0020021007238073493,0.0002185948690668095,0.003768049289040316,0.5313361291824461,0.017962830581894344,0.009436111788313748,0.1626558503731101,0.11043458037746619,0.0007075991054600931,0.00018968022754698252,0.003269630479455446,0.2164156194121187
1,7014,56119,119,4,0.9948186874389648,0.9934640526771545,32,0.9444444179534912,0.09788131713867188,3.3900699085352466e-08,0.0017753773086521796,0.00018369308701617277,0.002628519127516879,0.675428719565511,0.010187245108885835,0.009354194137224662,0.13385195170701508,0.07610830457806414,0.0004808759938048769,0.00013956630907323365,0.0019970959109834583,0.24078763126006916
1,7014,56112,112,4,0.9948186874389648,0.9934640526771545,33,0.9420035481452942,0.07790374755859375,3.3740516023122996e-08,0.0015569040726466125,0.0001376694709768758,0.0024403631764940144,0.6379804807919462,0.004161595879291035,0.008621822596724163,0.15283256505608117,0.02722977186023121,0.00026574786110805394,0.00010706749594590065,0.0018979049795991854,0.14002168915968422
1,7014,56113,113,4,0.9948186874389648,0.9934640526771545,33,0.9420035481452942,0.20792770385742188,3.379406905852933e-08,0.0021798210861711516,0.0005230201763405195,0.00706853049342296,0.30838391207329513,0.02346933884604386,0.01613140351066431,0.21801322926900457,0.1076509848725063,0.0008886647764587763,0.0005018556430157482,0.006782495353761711,0.13102327832276428
1,7014,56114,114,4,0.9948186874389648,0.9934640526771545,33,0.9420035481452942,0.09026336669921875,3.3815610348538306e-08,0.0016855888094175712,0.000164846128251968,0.002949116384488431,0.5715572360193448,0.012309107075993376,0.008957750888775592,0.16025520401592153,0.07680940629404118,0.0003944313109050909,0.00013705155463018836,0.0024518682335183963,0.1608697015251458
1,7014,56115,115,4,0.9948186874389648,0.9934640526771545,33,0.9420035481452942,0.08152008056640625,3.394499241330526e-08,0.0015472389347888148,0.00014796230315699277,0.002284171975728237,0.6773740993365992,0.002312017211659699,0.00906936264040945,0.14000852608356326,0.01651340297861421,0.0002560830755372188,0.00011010362754400871,0.001699727667764129,0.150661238499505
1,7014,56116,116,4,0.9948186874389648,0.9934640526771545,33,0.9420035481452942,0.0823211669921875,3.3827050084333696e-08,0.0015349241725564806,0.00015123976019240995,0.0020814444936053493,0.7374321906119052,0.002708783677250085,0.009864891682053343,0.13576604753604746,0.019951848981468446,0.00024376752291118369,0.00010367476165076139,0.0014268289072218064,0.17084565758190726
1,7014,56117,117,4,0.9948186874389648,0.9934640526771545,33,0.9420035481452942,0.14670562744140625,3.375272689673258e-08,0.0018770904629244124,0.00032850994115684744,0.0031992205577424317,0.5867336837348295,0.010268744562300312,0.014352303967662142,0.13977106976616657,0.07346831200104328,0.0005859347519832455,0.00027273984957854004,0.0026560990228013874,0.22059973929935042
1,7014,56118,118,4,0.9948186874389648,0.9934640526771545,33,0.9420035481452942,0.11417770385742188,3.369148310358928e-08,0.0020433510105075615,0.00022679942840401161,0.003909476140042866,0.522666192940407,0.018420561292816332,0.010062358220233885,0.17345083120973487,0.10620047862752752,0.0007521949333416728,0.00019821788450449224,0.003416799131520112,0.2201460795288326
1,7014,56119,119,4,0.9948186874389648,0.9934640526771545,33,0.9420035481452942,0.10078048706054688,3.3716399241339136e-08,0.001797118719153343,0.00019147883080131498,0.0027399276556962235,0.6559000619659391,0.011638789667910583,0.011538348472415805,0.1651056670250737,0.07049297506028708,0.000505962945307567,0.00014879960740939513,0.0021292179286429114,0.23762853886452573
1,7014,56112,112,4,0.9948186874389648,0.9934640526771545,34,0.9395017623901367,0.07886123657226562,3.3665422961275477e-08,0.0015638204338727765,0.0001400693033412569,0.0024829032000027694,0.6298354417808283,0.0018018733858133386,0.00851254304928899,0.15089544870332405,0.01194120433251772,0.0002760932814547716,0.00010990508444348383,0.0019482047768629384,0.1417167664989231
1,7014,56113,113,4,0.9948186874389648,0.9934640526771545,34,0.9395017623901367,0.21602249145507812,3.3678403801198835e-08,0.0022363629756469955,0.0005522423845578683,0.007463463766006699,0.29964143268609367,0.02350672634524275,0.016579225456563935,0.22406546821390255,0.10491008066804035,0.0009486357295074495,0.0005315231003555021,0.007183446094009721,0.13205858540492388
1,7014,56114,114,4,0.9948186874389648,0.9934640526771545,34,0.9395017623901367,0.09253311157226562,3.378568210548133e-08,0.001713805415278104,0.00017062024795665268,0.0030524160567807334,0.5614586555037288,0.007284415881824651,0.009011460604614396,0.1612160770716983,0.04518417774540577,0.00042607697914642486,0.0001431837563695845,0.002561574035009829,0.1663340482543539
1,7014,56115,115,4,0.9948186874389648,0.9934640526771545,34,0.9395017623901367,0.08506393432617188,3.378245644326635e-08,0.0015492714099367595,0.00015192817659389737,0.0023453952519991595,0.6605587730324759,0.0036777158916244004,0.008699212491661066,0.1342943233539287,0.027385490315416306,0.00026154460659301687,0.00011531518539713524,0.0017801812302189347,0.14692021360142696
1,7014,56116,116,4,0.9948186874389648,0.9934640526771545,34,0.9395017623901367,0.08559417724609375,3.366340561435671e-08,0.0015380417100161916,0.00015461550201225003,0.0021279033032054195,0.7227968055218131,0.003360617679554938,0.010270453696429671,0.1413476143182557,0.02377555288615082,0.00025031411783838306,0.0001083856022272874,0.0014916620778496106,0.1678088633849548
1,7014,56117,117,4,0.9948186874389648,0.9934640526771545,34,0.9395017623901367,0.14986801147460938,3.3708404124647095e-08,0.001899376813248763,0.0003446972858099095,0.0033568623192275506,0.5658190990942487,0.010926857844144275,0.01594844756335494,0.15531524290889426,0.07035277181746943,0.000611650160317451,0.00029107001640551675,0.002834608830855304,0.21577938855601952
1,7014,56118,118,4,0.9948186874389648,0.9934640526771545,34,0.9395017623901367,0.11913299560546875,3.3573111932575636e-08,0.0020868468351433714,0.00023724821469851563,0.004089588060951251,0.5102828950106932,0.013606339607428871,0.009545393640441026,0.16453960641446233,0.08269340071931114,0.0007991198177614888,0.00020923542214886943,0.0036067149564664985,0.22156445058923843
1,7014,56119,119,4,0.9948186874389648,0.9934640526771545,34,0.9395017623901367,0.10503768920898438,3.36234354125705e-08,0.0018232579259603754,0.000204266758208233,0.0029229139201026894,0.6237809171938665,0.01619696163386394,0.010271770544662263,0.14698182598309825,0.11019703643990966,0.0005355312097317443,0.00016398263544484243,0.0023464764017463906,0.22822782676747544
1,7014,56112,112,4,0.9948186874389648,0.9934640526771545,35,0.9369369745254517,0.08124542236328125,3.362188312787838e-08,0.0015644696182018684,0.00014319044413885497,0.002538229315640934,0.6163625991400312,0.0030435851893983934,0.008505430315114214,0.1507693666138009,0.020187026434850024,0.0002802578821559397,0.00011386012932108936,0.002018312882982639,0.13885750049901974
1,7014,56113,113,4,0.9948186874389648,0.9934640526771545,35,0.9369369745254517,0.22704315185546875,3.3751060982284476e-08,0.002294431137481075,0.0005831538892243186,0.007881227598486716,0.29112611059749516,0.021393875994600884,0.01594472440916295,0.21549029233246075,0.09927999894117819,0.0010102193065280763,0.0005628797889546148,0.007607226513125503,0.1327973217026001
1,7014,56114,114,4,0.9948186874389648,0.9934640526771545,35,0.9369369745254517,0.09476470947265625,3.352163306271751e-08,0.0017290128681380684,0.00017610227939678707,0.0031504902360885386,0.5488075628143219,0.011978085315561608,0.009891502046016153,0.1769601206921814,0.06768804897232891,0.0004447998521862994,0.00014929732645571037,0.00267094651405983,0.16653266916610962
1,7014,56115,115,4,0.9948186874389648,0.9934640526771545,35,0.9369369745254517,0.08493423461914062,3.3733798594069904e-08,0.001555081740477587,0.00015507929267702462,0.0023940406900314994,0.6495636214341564,0.002231282197250487,0.009000444719519208,0.1389446038536158,0.016058789872841983,0.0002708703533133699,0.0001192063636103714,0.0018402513969951826,0.14719203786811688
1,7014,56116,116,4,0.9948186874389648,0.9934640526771545,35,0.9369369745254517,0.0874786376953125,3.361681366976684e-08,0.0015430157306878826,0.00015858420859204595,0.002182522818911754,0.7069872155825884,0.006858325590309985,0.009988882654687217,0.13747247927673,0.04988871682821897,0.00025880355690059736,0.00011372046203186779,0.001565083343198573,0.1653608787195182
1,7014,56117,117,4,0.9948186874389648,0.9934640526771545,35,0.9369369745254517,0.15546798706054688,3.369411254627929e-08,0.0019240223257723228,0.000365552931404036,0.0035599667059464392,0.5404607640174011,0.01263049761998214,0.016571635480142382,0.16138420869940334,0.07826352851850514,0.0006398110880941493,0.0003145036029379069,0.0030628187033238654,0.2088961672461405
1,7014,56118,118,4,0.9948186874389648,0.9934640526771545,35,0.9369369745254517,0.12189483642578125,3.348359570492171e-08,0.002118296335463077,0.0002456023285674221,0.004233592872037068,0.5003542852347588,0.011175593829993221,0.010430314437009463,0.17979351055503748,0.06215793771139591,0.0008340847331943206,0.00021808336645733636,0.0037592322154639986,0.22187635277310752
1,7014,56119,119,4,0.9948186874389648,0.9934640526771545,35,0.9369369745254517,0.10869979858398438,3.360964689859438e-08,0.0018624975102697193,0.00021552897920636962,0.0030840683968050052,0.6039092752285281,0.009217754333464228,0.00919635620557528,0.13159340170316233,0.07004723803900813,0.0005782862093160168,0.00017647768370358813,0.0025252717711359202,0.22899959359855018
1,7014,56112,112,4,0.9948186874389648,0.9934640526771545,36,0.9343065619468689,0.08400726318359375,3.3521909940801574e-08,0.0015686203380564827,0.0001485680437629144,0.0026335539799064553,0.5956287017561722,0.003066440824574846,0.008928669071558582,0.1582718017489329,0.019374524019377445,0.0002880140275154128,0.00012043972135286321,0.0021349443626909564,0.13490469941445693
1,7014,56113,113,4,0.9948186874389648,0.9934640526771545,36,0.9343065619468689,0.23412322998046875,3.3675202536421856e-08,0.0023480525581942814,0.0006129590296992208,0.008284039103353857,0.2834429592737744,0.015519364895492736,0.015800776312873074,0.21354485780789909,0.07267496419629858,0.001067446154002205,0.0005931037204225614,0.008015697908449292,0.13316945900331614
1,7014,56114,114,4,0.9948186874389648,0.9934640526771545,36,0.9343065619468689,0.09855270385742188,3.350354454732186e-08,0.0017577872348942284,0.0001852811340513758,0.003314701012160329,0.5303003886159269,0.00695094516684354,0.009220439994383486,0.16495474263165852,0.04213849845084417,0.0004771796479670498,0.00015933165249927076,0.0028504617726598427,0.1674043316573864
1,7014,56115,115,4,0.9948186874389648,0.9934640526771545,36,0.9343065619468689,0.08767318725585938,3.348571550525886e-08,0.0015569788110625015,0.00015891409515158268,0.0024532405548480457,0.6346621035534532,0.0007756155448045679,0.00916845448967306,0.14153825913233087,0.005479900272613979,0.00027637284726306216,0.0001241052649218723,0.0019158783158037913,0.14425386256700345
1,7014,56116,116,4,0.9948186874389648,0.9934640526771545,36,0.9343065619468689,0.09026718139648438,3.350237982076088e-08,0.0015579380109577794,0.00016357147118063,0.0022511602608117254,0.6920600181508254,0.006501580969150127,0.010214273216068031,0.140574427747819,0.0462500973563522,0.0002773312620559514,0.00011977962987713623,0.0016484729328892708,0.16823525368407125
1,7014,56117,117,4,0.9948186874389648,0.9934640526771545,36,0.9343065619468689,0.16078567504882812,3.35776131451244e-08,0.001954079636977625,0.00039076059512820776,0.0038054535722343748,0.5134945414221112,0.012320242235904597,0.013849711169359067,0.13487652926354962,0.09134459718955817,0.0006734738230110007,0.00034236600287967863,0.00333415893238317,0.2019921175532023
1,7014,56118,118,4,0.9948186874389648,0.9934640526771545,36,0.9343065619468689,0.12650680541992188,3.3377197191696786e-08,0.0021437240422012296,0.0002564500986331643,0.004420582312632767,0.48494155081675006,0.016524218452037286,0.010631516048509981,0.18326174195683026,0.09016731083965025,0.0008631178670378082,0.0002297990448150518,0.003961182305577607,0.21789400246044752
1,7014,56119,119,4,0.9948186874389648,0.9934640526771545,36,0.9343065619468689,0.11214828491210938,3.348905511444418e-08,0.0018831464305604523,0.0002224808226253594,0.003183544396120691,0.5915251041748187,0.011271409063352434,0.00997001750016778,0.14266395173903176,0.07900670720218571,0.0006025405543805776,0.00018425929923854216,0.0026366212269529933,0.22852753676602328
1,7014,56112,112,4,0.9948186874389648,0.9934640526771545,37,0.9316081404685974,0.08568572998046875,3.3409998168565365e-08,0.0015729449231139225,0.00015342019410196048,0.0027195643998652124,0.5783812007510766,0.005289500174397195,0.009651673550947126,0.17108795841329894,0.030916846652756798,0.000296037132291197,0.00012626439934115716,0.0022381940488901235,0.13226607069123253
1,7014,56113,113,4,0.9948186874389648,0.9934640526771545,37,0.9316081404685974,0.24152755737304688,3.349160555935948e-08,0.0023860933280204374,0.0006427966474095028,0.008687289532643052,0.2746648789653594,0.021148769793069244,0.016353711904350667,0.22101769014986516,0.09568813147367942,0.0011091854382864726,0.000623499966079844,0.008426498101316406,0.13163065189716155
1,7014,56114,114,4,0.9948186874389648,0.9934640526771545,37,0.9316081404685974,0.10114669799804688,3.336421485672302e-08,0.0017727857365812188,0.0001915949229720901,0.0034276554294204002,0.5172006851578392,0.006641098147500062,0.00941628243580581,0.16845838665958487,0.0394227813716403,0.0004958766717118027,0.00016630540145404,0.002975222951596257,0.16666874374767665
1,7014,56115,115,4,0.9948186874389648,0.9934640526771545,37,0.9316081404685974,0.09052658081054688,3.343112944396569e-08,0.0015547215496798214,0.0001635008831815354,0.0025240492166022986,0.6159632464586726,0.004592829808091525,0.009148886186502564,0.14123617293361052,0.03251879254934521,0.0002778141048396156,0.00013005303460966134,0.0020076971679645257,0.13837450651049796
1,7014,56116,116,4,0.9948186874389648,0.9934640526771545,37,0.9316081404685974,0.09160614013671875,3.353149044344646e-08,0.0015722160645056966,0.00016937058627729948,0.0023309708620080642,0.6744897974191224,0.003764775849320019,0.010516052464538284,0.14472767920903296,0.026012825396602136,0.00029530783729926483,0.00012687124267221476,0.001746071595994254,0.16912699225893404
1,7014,56117,117,4,0.9948186874389648,0.9934640526771545,37,0.9316081404685974,0.166290283203125,3.351341840410959e-08,0.0019840181197721,0.0004092306840176971,0.003985326022579406,0.49783081949415814,0.010114214659133102,0.016346567321558623,0.15919236428428835,0.06353454642504694,0.0007071108234806584,0.0003622663212811319,0.003527959788184828,0.200430522436446
1,7014,56118,118,4,0.9948186874389648,0.9934640526771545,37,0.9316081404685974,0.1307373046875,3.327810597050788e-08,0.0021852563109542177,0.0002684201357174581,0.004626916934839632,0.4722920989784223,0.01734540206209136,0.009953884037300935,0.17158099744087904,0.10109162623365676,0.0009083486524045174,0.00024239407952008854,0.004178290382122839,0.21739720539552784
1,7014,56119,119,4,0.9948186874389648,0.9934640526771545,37,0.9316081404685974,0.11568450927734375,3.332492016804117e-08,0.0019102624522602378,0.00023316809862822968,0.0033364718135369133,0.5725396643573664,0.00418737437825955,0.00951364451775527,0.13613357472246174,0.03075930670884413,0.0006333550931482179,0.000196226301620905,0.002807860630525711,0.2255650035698659
1,7014,56112,112,4,0.9948186874389648,0.9934640526771545,38,0.9288389086723328,0.08811569213867188,3.330339542153385e-08,0.0015839922549183447,0.0001604870875303973,0.0028448339049529565,0.5567960407672863,0.005209464985220916,0.010120721517073035,0.1794024189572444,0.029037874826327997,0.00031088013808674763,0.00013445714220880744,0.002383420640282023,0.1304344406659003
1,7014,56113,113,4,0.9948186874389648,0.9934640526771545,38,0.9288389086723328,0.250823974609375,3.3331554113937684e-08,0.0024418644498299938,0.0006749148367317439,0.009121361507086314,0.26770832928098814,0.02044968170963714,0.01568846488759955,0.21202698761814787,0.09644848488092563,0.0011687522375899285,0.0006560056632448464,0.008865807179655284,0.13182694072931228
1,7014,56114,114,4,0.9948186874389648,0.9934640526771545,38,0.9288389086723328,0.10296249389648438,3.35274939407529e-08,0.0017872566091822304,0.0001971649401083273,0.003527303683052723,0.5066920145745546,0.0077923561657926126,0.009861379309321164,0.17642122143337058,0.044169041017186085,0.0005141432232446405,0.00017239365889184992,0.0030841425844273336,0.16670540001642212
1,7014,56115,115,4,0.9948186874389648,0.9934640526771545,38,0.9288389086723328,0.09118270874023438,3.33122720646145e-08,0.0015637526705364686,0.00016833494395239153,0.0025986751578465426,0.6017499593263174,0.004432470769169194,0.009350829868942945,0.1443536838824382,0.030705629741870695,0.0002906408992947367,0.00013575832578279956,0.002095772751630081,0.13867958683434436
1,7014,56116,116,4,0.9948186874389648,0.9934640526771545,38,0.9288389086723328,0.09420394897460938,3.335579776180429e-08,0.0015787347122500704,0.00017489738216520308,0.002407033656960413,0.6558839373453907,0.004745877138546179,0.010407834967603127,0.14323833068837363,0.033132731411616434,0.00030562216103733106,0.00013387791203958328,0.0018425012210787452,0.16587351885628374
1,7014,56117,117,4,0.9948186874389648,0.9934640526771545,38,0.9288389086723328,0.17179107666015625,3.333493524630037e-08,0.002008184106659463,0.0004351591737611648,0.004237832711194077,0.47387054740384627,0.01164211309050014,0.017123863515845054,0.16676212596473872,0.06981269291902542,0.0007350724832574124,0.00039056189874160684,0.0038035185514477157,0.19326117996128223
1,7014,56118,118,4,0.9948186874389648,0.9934640526771545,38,0.9288389086723328,0.13467788696289062,3.323915492928854e-08,0.002230322171102856,0.0002803054167604106,0.004831790566938719,0.46159330380826574,0.015384274983713742,0.010548423513099328,0.18182942668650717,0.08460827966112346,0.0009572101871366745,0.0002547817104396953,0.004391823316719085,0.21795279957932348
1,7014,56119,119,4,0.9948186874389648,0.9934640526771545,38,0.9288389086723328,0.11817169189453125,3.332664539122177e-08,0.0019170315515744541,0.0002379883554424335,0.003405446304855483,0.5629310756834286,0.01249180144918271,0.00997893186127689,0.1427915099888576,0.0874828023749975,0.000643919866384819,0.0002017801585391656,0.00288733242436548,0.22301549380006935
1,7014,56112,112,4,0.9948186874389648,0.9934640526771545,39,0.9259962439537048,0.09189605712890625,3.335575401277336e-08,0.0015950881251190977,0.00016795056857526477,0.0029771334204600286,0.5357798592958671,0.00263751676766196,0.00940334901601119,0.16668609613709792,0.015823255981066497,0.00032587232278264995,0.00014299695665752693,0.002534799508573361,0.12855940743260513
1,7014,56113,113,4,0.9948186874389648,0.9934640526771545,39,0.9259962439537048,0.2584075927734375,3.339559483299638e-08,0.002496976568582731,0.0007056992725054549,0.009537408024663917,0.26180871806317846,0.017545727836380625,0.0163879532304076,0.22148045596334134,0.07922020821234327,0.0012277606729636217,0.0006871163521485416,0.00928626295389676,0.13221256807599024
1,7014,56114,114,4,0.9948186874389648,0.9934640526771545,39,0.9259962439537048,0.10771942138671875,3.3206169716717534e-08,0.0018056348787008408,0.0002054371516908791,0.003675294509241673,0.49128984742868925,0.009003406479214717,0.010396468167244561,0.18599402326252273,0.04840696663949674,0.0005364178109575394,0.00018142983016545728,0.0032458007382379374,0.16526517005130356
1,7014,56115,115,4,0.9948186874389648,0.9934640526771545,39,0.9259962439537048,0.0944366455078125,3.326718096024367e-08,0.0015725322052846014,0.00017299591268195153,0.002670628986116642,0.5888246602053168,0.0022608862075142724,0.009352634624432437,0.14438154484313007,0.01565910802499527,0.00030331674753154457,0.00014119952750484102,0.002179771447396422,0.13915071137106336
1,7014,56116,116,4,0.9948186874389648,0.9934640526771545,39,0.9259962439537048,0.09684371948242188,3.324219344924675e-08,0.0015884288208903254,0.00017981865946973895,0.002474762973206348,0.6418508916158253,0.004563614368616209,0.010412150026709543,0.14329771689743137,0.03184708359228585,0.0003192125848504285,0.00013982733376664993,0.0019243804245248795,0.165878108497825
1,7014,56117,117,4,0.9948186874389648,0.9934640526771545,39,0.9259962439537048,0.1789703369140625,3.33049894053115e-08,0.0020376674418094718,0.00046429051675730943,0.004521530644534288,0.45065877066931814,0.010812128320840076,0.01599491668874896,0.15576778623448534,0.06941183785307199,0.0007684521315409258,0.0004219149124452462,0.004108852404160478,0.18702354233089963
1,7014,56118,118,4,0.9948186874389648,0.9934640526771545,39,0.9259962439537048,0.13922882080078125,3.302138183863752e-08,0.002270577917569943,0.0002922488329942332,0.005037666309771519,0.45072019025272125,0.021349427243419965,0.011032694102929959,0.1901770858035962,0.11226077607198379,0.0010013622479818755,0.00026726993428919814,0.004607090231255462,0.21735242804415353
1,7014,56119,119,4,0.9948186874389648,0.9934640526771545,39,0.9259962439537048,0.12319564819335938,3.331763800536754e-08,0.0019493962683991167,0.00024869123134041947,0.0035585969458200974,0.5477991180453475,0.007787275377220784,0.00959460764464577,0.13729210023429292,0.056720491302351524,0.000680180896365642,0.00021341848873586677,0.003053868759680553,0.22272761205258595
1,7014,56112,112,4,0.9948186874389648,0.9934640526771545,40,0.9230769276618958,0.09415435791015625,3.3165755727306076e-08,0.0015983748293819037,0.0001734352740707139,0.0030743566699577814,0.5199054634750149,0.004771676772960064,0.010458545410168645,0.1853907690467777,0.025738480925962804,0.0003331603721331235,0.00014933990111264494,0.0026472361146631512,0.12585215587220733
1,7014,56113,113,4,0.9948186874389648,0.9934640526771545,40,0.9230769276618958,0.2667655944824219,3.319741662815184e-08,0.0025444190317688727,0.0007396624514059339,0.009996414725688994,0.25453316029697853,0.020336220878656164,0.0163974102686409,0.2216082662585335,0.09176652668240924,0.0012792044815195423,0.0007215362725370869,0.009751442439992188,0.13118105238188404
1,7014,56114,114,4,0.9948186874389648,0.9934640526771545,40,0.9230769276618958,0.11063385009765625,3.309347150303167e-08,0.00182832754501023,0.00021383806300954544,0.003825587788660673,0.4779206872286473,0.005601770200961437,0.00993237424826719,0.17769132913854796,0.03152528729521559,0.0005631118275942663,0.00019045507182755903,0.0034072633600290203,0.1652680665076239
1,7014,56115,115,4,0.9948186874389648,0.9934640526771545,40,0.9230769276618958,0.0960235595703125,3.3187890532510976e-08,0.0015747033209300427,0.00017753190482051943,0.0027406534849516396,0.5745722068026522,0.004256488235425057,0.00957232864380856,0.14777307708875612,0.0288042200871848,0.00030948920844734844,0.00014667823007148738,0.002264349063445058,0.13667910722937787
1,7014,56116,116,4,0.9948186874389648,0.9934640526771545,40,0.9230769276618958,0.09976577758789062,3.3243266866239155e-08,0.0015978086154561752,0.00018545800159038827,0.002552374691114714,0.6260086424686943,0.003708856051208168,0.010393878000791324,0.1430462472595127,0.02592767110121811,0.0003325937275546144,0.0001466282953486528,0.002017978986292447,0.16481525814383016
1,7014,56117,117,4,0.9948186874389648,0.9934640526771545,40,0.9230769276618958,0.18444061279296875,3.320637606010723e-08,0.0020653296309357757,0.0004919233625290164,0.0047906353417938525,0.4311181051326719,0.007315875911727097,0.016769370464992252,0.16330986679756895,0.044797513188811214,0.0008001156643750904,0.0004514001157165255,0.004395996434330492,0.1820100803828217
1,7014,56118,118,4,0.9948186874389648,0.9934640526771545,40,0.9230769276618958,0.14542770385742188,3.307858431757832e-08,0.002330728704677158,0.00030763189545986717,0.005302833272904487,0.43952517168252636,0.016812260268228872,0.01104875810371327,0.19045399050400894,0.08827465480632701,0.0010655143805008995,0.00028315366035308777,0.004880887429505611,0.2183034122155172
1,7014,56119,119,4,0.9948186874389648,0.9934640526771545,40,0.9230769276618958,0.126007080078125,3.3215537067005566e-08,0.0019678023245097384,0.00025716614401676436,0.0036798669970542325,0.5347482194560245,0.006293976338990082,0.010320234864493811,0.1476753163792181,0.04262036807036639,0.0007025882961418755,0.00022278631999781787,0.003187915849069503,0.22039110484894034
1,7014,56112,112,4,0.9948186874389648,0.9934640526771545,41,0.9200779795646667,0.0988006591796875,3.299674408386166e-08,0.0016086820504714982,0.0001848237230055461,0.0032762311394443034,0.49101604313069136,0.005085342482692665,0.009685599461439405,0.17168933751432194,0.029619442630026204,0.0003475780959403067,0.00016219881612235273,0.0028751764303822985,0.12088931039758521
1,7014,56113,113,4,0.9948186874389648,0.9934640526771545,41,0.9200779795646667,0.2758140563964844,3.315787168800586e-08,0.0026022205560790597,0.0007742238043396719,0.010463505649055259,0.2486949062156823,0.014168182763927974,0.015521008405416288,0.20976384117719094,0.06754349407608283,0.0013411164699121847,0.0007564364179294082,0.010223112086957977,0.1311847565109943
1,7014,56114,114,4,0.9948186874389648,0.9934640526771545,41,0.9200779795646667,0.11466598510742188,3.307238277842695e-08,0.0018405864295976658,0.0002230261442488224,0.003989963629404381,0.4613040620303667,0.009612697388341205,0.010246792116974173,0.18331630133542223,0.05243776640874077,0.0005794812184016166,0.0002005118256150746,0.0035871798535738065,0.1615422816963849
1,7014,56115,115,4,0.9948186874389648,0.9934640526771545,41,0.9200779795646667,0.098114013671875,3.295337475230539e-08,0.0015834159202206927,0.0001825387281310875,0.002817946452480592,0.5619041904883741,0.003940743289609134,0.009458443978691323,0.1460149795532644,0.02698862337046454,0.0003223123083471769,0.0001524331024316088,0.002353190057998481,0.1369682432796446
1,7014,56116,116,4,0.9948186874389648,0.9934640526771545,41,0.9200779795646667,0.10132217407226562,3.305949753695092e-08,0.0016046671709263798,0.00019131333307302617,0.002632958973034135,0.6094539213716705,0.006509634040145104,0.011224626250640114,0.15447946011319735,0.042139155816411214,0.000343562785951688,0.00015371786458274765,0.0021155495247908358,0.1623988386590269
1,7014,56117,117,4,0.9948186874389648,0.9934640526771545,41,0.9200779795646667,0.19089126586914062,3.313109200143029e-08,0.002082387496670874,0.0005225930967798537,0.005089315022445978,0.4091685202206361,0.012715981782327893,0.01733523626138376,0.16882059649531853,0.07532245499843684,0.0008212840282598793,0.00048424468828710775,0.004715855953369828,0.17415375625988133
1,7014,56118,118,4,0.9948186874389648,0.9934640526771545,41,0.9200779795646667,0.1501007080078125,3.2935836535828634e-08,0.002377778182336933,0.0003223341302474002,0.005556264405917659,0.4279454699464081,0.0163661484828051,0.010770244080043234,0.18565307924127986,0.08815446826785565,0.0011166743561429795,0.00029844272830549995,0.005144434153516632,0.21706456391897702
1,7014,56119,119,4,0.9948186874389648,0.9934640526771545,41,0.9200779795646667,0.12914276123046875,3.31249545368453e-08,0.0019818573397920813,0.0002660711118345057,0.0038072908354744263,0.5205426707427047,0.00648584649071517,0.01013279166461653,0.14499313576913872,0.04473209339400782,0.0007207538121761686,0.00023269790120531485,0.0033297436184811465,0.21645925175012082
1,7014,56112,112,4,0.9948186874389648,0.9934640526771545,42,0.9169960021972656,0.10181427001953125,3.2830316158301476e-08,0.0016203272706636067,0.00019272820227344157,0.003416347898794476,0.47428637792871453,0.0039876695557232,0.010191227170574604,0.18065221965248188,0.02207373683752253,0.0003634476118676551,0.0001709065419507329,0.0030295317374216795,0.11996824703245118
1,7014,56113,113,4,0.9948186874389648,0.9934640526771545,42,0.9169960021972656,0.2834625244140625,3.3039286750135694e-08,0.0026409618494700514,0.0008064174497513172,0.010898597399967949,0.24232125956665013,0.021844073395428744,0.01656478859878705,0.22387035648773723,0.09757465766408996,0.0013840820897995983,0.0007890574146739566,0.01066397941989346,0.1297903939328332
1,7014,56114,114,4,0.9948186874389648,0.9934640526771545,42,0.9169960021972656,0.11824417114257812,3.291596048266695e-08,0.0018666218391173261,0.00023189475546533188,0.004148624114328168,0.4499375666912182,0.010477271845372133,0.010633132859648987,0.19022798210281158,0.05507744827840067,0.0006097409282606523,0.00020988179255217827,0.003754809650581171,0.1623893046525744
1,7014,56115,115,4,0.9948186874389648,0.9934640526771545,42,0.9169960021972656,0.10099029541015625,3.294798270522555e-08,0.00159131222137253,0.00018831956640594103,0.0029071882965307433,0.5473715697299354,0.0020470198099445517,0.00951729579775939,0.14692350606959792,0.01393255486957189,0.0003344329025247586,0.0001590846792216642,0.0024558739509501085,0.13617673757049945
1,7014,56116,116,4,0.9948186874389648,0.9934640526771545,42,0.9169960021972656,0.10596466064453125,3.2986899491385604e-08,0.0016210982502710258,0.00019960879932341073,0.002747125727376942,0.5901070468365169,0.006151876664841955,0.010822412207992654,0.14894396995337286,0.041303294566190286,0.0003642181610978168,0.00016330771608462973,0.0022475303185827,0.16205261307775992
1,7014,56117,117,4,0.9948186874389648,0.9934640526771545,42,0.9169960021972656,0.19701385498046875,3.2916155203087744e-08,0.002118006758079918,0.0005578217239632676,0.005432391849616974,0.38988475366136444,0.011416396773352504,0.01694301674135545,0.16500093506527577,0.06918989137144028,0.0008611275829033068,0.0005212328681922299,0.0050760683266369245,0.16964460040549423
1,7014,56118,118,4,0.9948186874389648,0.9934640526771545,42,0.9169960021972656,0.1572265625,3.2875918599009276e-08,0.002424633901616765,0.00033692987098389533,0.005807859837868801,0.4174745894877666,0.017928743355040497,0.011769064450260807,0.20287033782536415,0.08837538078372999,0.0011677543735378064,0.0003135696280593749,0.005405185488194812,0.21604334875986012
1,7014,56119,119,4,0.9948186874389648,0.9934640526771545,42,0.9169960021972656,0.13338851928710938,3.277428486971591e-08,0.0019969438783560838,0.0002750788067637513,0.003936184626748533,0.5073298302081043,0.007492218776316354,0.010604333882461976,0.1517405738963523,0.0493751841312659,0.0007400646441479394,0.00024262612362021375,0.003471809511889024,0.21316395430498944
1,7014,56112,112,4,0.9948186874389648,0.9934640526771545,43,0.913827657699585,0.106292724609375,3.2594005266784725e-08,0.0016285059401207986,0.0002026158042724125,0.003591617983373869,0.4534184725823831,0.0027018180426749867,0.010016937265606984,0.17756271358334716,0.015216133996548578,0.00037596898481980954,0.00018183218621958035,0.0032232024166505314,0.11664454670225359
1,7014,56113,113,4,0.9948186874389648,0.9934640526771545,43,0.913827657699585,0.2910919189453125,3.293505872704795e-08,0.0027073117230495855,0.0008441878240065075,0.011409057711535334,0.23729494507791904,0.01778738434787682,0.01651440918055323,0.22318948704878305,0.07969633598373292,0.0014547746789045166,0.0008271103333965003,0.011178258272835691,0.13014323371287345
1,7014,56114,114,4,0.9948186874389648,0.9934640526771545,43,0.913827657699585,0.12252044677734375,3.2834980750253996e-08,0.0018963719917630204,0.0002448247562061497,0.0043799433296506434,0.43296724387397045,0.01654271841957497,0.010880911559932878,0.19466077183517064,0.0849822913143617,0.0006438337867981653,0.00022360255023408891,0.0040002755994414845,0.160947357449086
1,7014,56115,115,4,0.9948186874389648,0.9934640526771545,43,0.913827657699585,0.10268402099609375,3.2897601277548685e-08,0.0015928868669057516,0.00019289750477273504,0.002977860341375483,0.5349098628883288,0.0076908499211240725,0.010092750097933634,0.15580709707706997,0.04936135814994226,0.00034035024698804493,0.0001644653297389382,0.0025389378858883507,0.13405221485714272
1,7014,56116,116,4,0.9948186874389648,0.9934640526771545,43,0.913827657699585,0.10873794555664062,3.298511048033169e-08,0.0016367535365557407,0.000205878181744183,0.0028334084053011927,0.5776624130476359,0.0017874961056437895,0.01130517304175421,0.1555879892104977,0.011488650985941177,0.00038421614882384745,0.0001703564246714829,0.0023445385104528074,0.1638770901441251
1,7014,56117,117,4,0.9948186874389648,0.9934640526771545,43,0.913827657699585,0.20330047607421875,3.2811966413087366e-08,0.0021501337957065543,0.0005925172722991161,0.005770277245435776,0.3726222682640225,0.010183950352573837,0.017480438703415563,0.17023466218826738,0.05982301266772048,0.0008975973234162318,0.0005575175423443754,0.005429429552387793,0.16532074221710458
1,7014,56118,118,4,0.9948186874389648,0.9934640526771545,43,0.913827657699585,0.16291427612304688,3.261835032742092e-08,0.0024782042088901074,0.00035531880280097563,0.006124840752175545,0.4046152886521741,0.022725544263220376,0.011380311310577712,0.19616916959644576,0.11584666596678157,0.0012256673873629594,0.0003326231717403856,0.005733622711023625,0.2137684059689621
1,7014,56119,119,4,0.9948186874389648,0.9934640526771545,43,0.913827657699585,0.13586044311523438,3.2808892000547274e-08,0.0020159304142797763,0.0002874039033129202,0.004112548106475621,0.4901901113583307,0.007816513008564415,0.01044155270069138,0.14941128945329568,0.052315410951645464,0.0007633938831212055,0.0002561235512714036,0.0036649482267406296,0.20829595287356056
1,7014,56112,112,4,0.9948186874389648,0.9934640526771545,44,0.9105690717697144,0.10974884033203125,3.2723045412588444e-08,0.0016323340671929804,0.00021149830076960097,0.0037490713186214258,0.43539690991880287,0.00964551670651897,0.010309215050612757,0.18274370206811538,0.052781664141419916,0.0003842635165959985,0.0001916289281088547,0.0033968618923974616,0.11312309089045425
1,7014,56113,113,4,0.9948186874389648,0.9934640526771545,44,0.9105690717697144,0.3002433776855469,3.2803867775889156e-08,0.002761085359332862,0.0008820008763439695,0.011920094810269993,0.23163283541620783,0.013861696938832083,0.016407638053050753,0.22174649305981492,0.06251145958413405,0.0015130147132182698,0.0008652862811428846,0.011694199842525637,0.12938163650292972
1,7014,56114,114,4,0.9948186874389648,0.9934640526771545,44,0.9105690717697144,0.12846755981445312,3.274804370050508e-08,0.0019485980219059577,0.0002598366754575051,0.004648508308981669,0.41918781088138557,0.013831049956242408,0.011031504104199194,0.19735488994632677,0.07008212444091931,0.0007005262269763643,0.00023913335038247687,0.0042781234182984575,0.16374614719623615
1,7014,56115,115,4,0.9948186874389648,0.9934640526771545,44,0.9105690717697144,0.106903076171875,3.2768375412236996e-08,0.001614630225373617,0.0002011937479682266,0.003105933815541814,0.5198533907239595,0.0063047523107819,0.010077733710916902,0.15557528120459116,0.04052541163329641,0.0003665600137066578,0.0001735033678741975,0.002678462839093614,0.13685461987992373
1,7014,56116,116,4,0.9948186874389648,0.9934640526771545,44,0.9105690717697144,0.11124801635742188,3.2719091262924045e-08,0.001637292698501175,0.00021313431248926913,0.0029332712546274904,0.5581797782657173,0.005801481628184224,0.0113572674571118,0.15630494111425436,0.03711643142454153,0.0003892217223156374,0.00017908890863090212,0.002464719742092596,0.15791723321256004
1,7014,56117,117,4,0.9948186874389648,0.9934640526771545,44,0.9105690717697144,0.21048355102539062,3.279600457147544e-08,0.0021787807327274485,0.0006304005057669792,0.006139206170013672,0.3548961661150071,0.01257574587592915,0.017051708123774902,0.16605943485941055,0.07573039066751037,0.0009307106662726648,0.0005970633760532781,0.005814549843509152,0.16006581615456056
1,7014,56118,118,4,0.9948186874389648,0.9934640526771545,44,0.9105690717697144,0.168243408203125,3.2765460744229025e-08,0.0025504029770447253,0.00037203841544829647,0.0064130466227786285,0.39768976074271756,0.0133364530789492,0.011847384824989562,0.20422039253421395,0.06530421821961234,0.0013023325569284626,0.000349613649317427,0.006026497640924471,0.21610106475187854
1,7014,56119,119,4,0.9948186874389648,0.9934640526771545,44,0.9105690717697144,0.14093399047851562,3.2781753299600675e-08,0.002036613945611605,0.00029734666262104737,0.004254822012621079,0.478660197669937,0.0057394880676343235,0.010811624687260914,0.1547067598003673,0.037099142112733303,0.0007885438181259188,0.0002668230876623787,0.0038180510817041632,0.20653045264495448
1,7014,56112,112,4,0.9948186874389648,0.9934640526771545,45,0.9072164297103882,0.11309432983398438,3.252057609165572e-08,0.001661838457316094,0.0002212818499503292,0.003922496937145649,0.42366851623991125,0.004677298989564387,0.010719266748435373,0.1900123801325008,0.024615759174758927,0.00041836320134530896,0.00020182556252167883,0.0035776099621667376,0.11693929907661933
1,7014,56113,113,4,0.9948186874389648,0.9934640526771545,45,0.9072164297103882,0.30953216552734375,3.274070449165601e-08,0.002801956934961977,0.0009208593688794252,0.012445260859000946,0.22514248328796432,0.01646199893115227,0.01563945238370521,0.21136459179862108,0.07788437406222014,0.00155848158471509,0.0009045974401474184,0.012225483603124641,0.12747811336614664
1,7014,56114,114,4,0.9948186874389648,0.9934640526771545,45,0.9072164297103882,0.13339996337890625,3.2574116502043953e-08,0.0019923471900600035,0.0002753650476411163,0.004926312691266732,0.40442970532341493,0.015467925875416526,0.011041474202726134,0.19753325616719317,0.07830542651676026,0.0007488706948317215,0.0002552955380116443,0.004567266832534423,0.16396473477249532
1,7014,56115,115,4,0.9948186874389648,0.9934640526771545,45,0.9072164297103882,0.110595703125,3.261528672869777e-08,0.0016318989023687874,0.0002093354322040344,0.0032316212816724844,0.5049783870479461,0.004245795502290865,0.009701769802601451,0.1497713284075856,0.028348520023381348,0.0003884239835634513,0.00018242764818292314,0.0028162316528373807,0.13792330725780685
1,7014,56116,116,4,0.9948186874389648,0.9934640526771545,45,0.9072164297103882,0.11528778076171875,3.269103882247508e-08,0.0016526250126038364,0.0002219439231239962,0.0030545139458558516,0.5410435316054134,0.006838228104797944,0.011090943777218368,0.15263964862552218,0.044799815554964234,0.00040914933223049006,0.00018900630826692558,0.0026012084328774993,0.15729202130022404
1,7014,56117,117,4,0.9948186874389648,0.9934640526771545,45,0.9072164297103882,0.2167510986328125,3.2795500646864944e-08,0.0022170616086522646,0.0006683340411370603,0.0065086249637233895,0.34063440757599744,0.011977032971737073,0.01730519855269528,0.1685280718465811,0.07106847447136475,0.0009735868353410078,0.0006362679177618669,0.006196346434958735,0.15712272474763453
1,7014,56118,118,4,0.9948186874389648,0.9934640526771545,45,0.9072164297103882,0.17313385009765625,3.253502751330523e-08,0.002590117439593904,0.00038889655419578313,0.006703640349855523,0.38637476123696374,0.0211786327140669,0.012700601152192034,0.21892778794947537,0.09673798338909151,0.0013466423135359308,0.0003671043524770375,0.006327995255606555,0.21280709911133644
1,7014,56119,119,4,0.9948186874389648,0.9934640526771545,45,0.9072164297103882,0.14489364624023438,3.26493439098739e-08,0.0020502454577788713,0.00030906525359238073,0.004422506823280201,0.46359350922565495,0.009591813686781499,0.010891762123462346,0.1558534702580509,0.06154379283887659,0.0008067706228537349,0.0002795903806476261,0.00400074208202134,0.20165524453056494
1,7014,56112,112,4,0.9948186874389648,0.9934640526771545,46,0.9037656784057617,0.1177978515625,3.2482255514895736e-08,0.0016733075091296152,0.00023266079986284722,0.00412420302460743,0.4057286945248996,0.007392161968197415,0.0104924237329514,0.18599130459626276,0.03974466432311885,0.0004345620357821717,0.00021405882857541023,0.003794459869367985,0.11452540038446986
1,7014,56113,113,4,0.9948186874389648,0.9934640526771545,46,0.9037656784057617,0.319091796875,3.2480618020088e-08,0.0028539163161911277,0.0009577157462625413,0.012943368655209644,0.22049254658619646,0.0187087953523785,0.016421575708249227,0.22193485814635244,0.08429858882303742,0.0016151707476345111,0.0009417590271138484,0.012727716255972013,0.1269018506659945
1,7014,56114,114,4,0.9948186874389648,0.9934640526771545,46,0.9037656784057617,0.140380859375,3.243118707832949e-08,0.0020436033266609615,0.0002911089196157915,0.005207972389848392,0.39239903242276075,0.01446087772876321,0.011485220603387273,0.20547193082473347,0.07037884771277234,0.0008048566176962746,0.00027151378509218926,0.004857413156867921,0.165696553227778
1,7014,56115,115,4,0.9948186874389648,0.9934640526771545,46,0.9037656784057617,0.11314010620117188,3.249947550555341e-08,0.0016418423084838664,0.00021633275527971964,0.0033396426420701946,0.4916221537601738,0.005824166388207166,0.010066508967403512,0.15540199892916717,0.03747806610172269,0.0004030971717352857,0.00019018551602056303,0.0029359939431508704,0.13729496025549937
1,7014,56116,116,4,0.9948186874389648,0.9934640526771545,46,0.9037656784057617,0.11830520629882812,3.2660731975314883e-08,0.001672349401755153,0.00023087742297504265,0.00317746166839871,0.5263161530436141,0.008172330156905187,0.011366011061553606,0.1564252753920693,0.052244307298943846,0.00043360350625675523,0.00019882460428344406,0.002736333205319418,0.15846151536436873
1,7014,56117,117,4,0.9948186874389648,0.9934640526771545,46,0.9037656784057617,0.2232818603515625,3.2503984620054315e-08,0.0022541835749716015,0.0007080731411142935,0.0068956273939866685,0.326900432140136,0.01200958059441106,0.019091046325568822,0.1859196944192683,0.06459552675107243,0.001015438581375087,0.0006772456421550399,0.006595411308997205,0.1539613731125252
1,7014,56118,118,4,0.9948186874389648,0.9934640526771545,46,0.9037656784057617,0.1812591552734375,3.236786084493689e-08,0.0026608225744023453,0.0004124328911796839,0.007109350137177637,0.3742708578225511,0.018613953309195085,0.01153171207104698,0.1987789542189386,0.09364146915016645,0.0014220772286120818,0.0003912535909242645,0.006744269988633923,0.21085710254908238
1,7014,56119,119,4,0.9948186874389648,0.9934640526771545,46,0.9037656784057617,0.14918136596679688,3.238826273597058e-08,0.002078931770921923,0.00032364078710908644,0.004631072476265558,0.4489093577301016,0.011327584782894732,0.011412262251393333,0.16330146171143164,0.06936609546650349,0.0008401867178424537,0.0002950984365804266,0.004222651476174964,0.19897136256282422
1,7014,56112,112,4,0.9948186874389648,0.9934640526771545,47,0.9002123475074768,0.12382125854492188,3.237194701181703e-08,0.0016957944774736874,0.00024523951905474386,0.0043471765197879205,0.39009100959084536,0.006039977917902572,0.010162303895096465,0.1801395185000797,0.03352944411195315,0.00046191935038464267,0.00022730925139388737,0.004029340149576363,0.11463895656295188
1,7014,56113,113,4,0.9948186874389648,0.9934640526771545,47,0.9002123475074768,0.3279457092285156,3.246646613743987e-08,0.0029162519012640854,0.0009984241098839363,0.013493535403285224,0.21612215139362778,0.018026135460596424,0.017072168711714738,0.23072751413140477,0.0781273769123613,0.0016823766888984977,0.000982743807128841,0.01328161872552721,0.12666955163115604
1,7014,56114,114,4,0.9948186874389648,0.9934640526771545,47,0.9002123475074768,0.14544677734375,3.236768226342542e-08,0.0020924238283129997,0.0003080767545497957,0.005511528927959377,0.37964489630061904,0.010046561713334923,0.011487280815066874,0.2055087882510149,0.04888628753464177,0.0008585474709798744,0.00028902381631971664,0.005170669649656605,0.16604183387288965
1,7014,56115,115,4,0.9948186874389648,0.9934640526771545,47,0.9002123475074768,0.1172332763671875,3.2403678950563945e-08,0.0016582847794813804,0.00022521822022097116,0.00347681224255004,0.4769555166617581,0.004362610028764222,0.010205339611351687,0.15754520067388628,0.027691164250662835,0.0004244099885372889,0.00019985051992304717,0.0030851976970011634,0.13756330394963628
1,7014,56116,116,4,0.9948186874389648,0.9934640526771545,47,0.9002123475074768,0.1229248046875,3.25190616505544e-08,0.0016979065531817232,0.0002411201966896172,0.0033184283356317407,0.5116598526327635,0.0069075246000797775,0.011565343961857993,0.15916860404589095,0.043397532079179534,0.00046403100647876094,0.0002098933932213996,0.0028886679469011063,0.160638403239307
1,7014,56117,117,4,0.9948186874389648,0.9934640526771545,47,0.9002123475074768,0.23043060302734375,3.265727868750119e-08,0.0022925403272540876,0.000757719678329617,0.007379114200871925,0.31067961070221656,0.014092680815131835,0.01887095892315495,0.18377635549983384,0.07668386271347391,0.0010586656794174493,0.0007283815540871758,0.007093402511686829,0.1492465255810918
1,7014,56118,118,4,0.9948186874389648,0.9934640526771545,47,0.9002123475074768,0.1865692138671875,3.220305195293078e-08,0.0027235442224727746,0.0004298656355216564,0.007409848681375923,0.36755733343356806,0.018173976426438046,0.01199198869286959,0.20671301509156817,0.08791887834632701,0.0014896692236759583,0.00040900946435917215,0.00705033850048104,0.211290454149729
1,7014,56119,119,4,0.9948186874389648,0.9934640526771545,47,0.9002123475074768,0.15452957153320312,3.228439254417947e-08,0.002115294965804982,0.0003397688170208385,0.004861853262852657,0.4350799687779652,0.007020186910051185,0.010866640729885501,0.15549400075051956,0.04514763834081701,0.0008814202564973739,0.00031206474243467713,0.004465427403051694,0.1973876578745871
1,7014,56112,112,4,0.9948186874389648,0.9934640526771545,48,0.8965517282485962,0.12784957885742188,3.219014929031672e-08,0.0017134595172821835,0.0002577434426368879,0.00456882416944501,0.3750329305166329,0.007513924099531877,0.01086305886144322,0.1925612747796921,0.03902095116543292,0.00048460181457703417,0.00024048994628682796,0.004262984415288241,0.11367665639102925
1,7014,56113,113,4,0.9948186874389648,0.9934640526771545,48,0.8965517282485962,0.33618927001953125,3.246898009447325e-08,0.002977695110864985,0.00104434775805857,0.014114185852686402,0.2109717940477757,0.019419605465419567,0.016946269597649645,0.2290260085927644,0.08479214035446055,0.0017488373194203548,0.0010290105687552266,0.013906906296030253,0.1257531533033744
1,7014,56114,114,4,0.9948186874389648,0.9934640526771545,48,0.8965517282485962,0.15218353271484375,3.2236883019965697e-08,0.002124769519817446,0.00032473442086102623,0.005809536513376868,0.3657382159359898,0.0019752212381431073,0.01349644483484977,0.2414529659681257,0.008180563159467906,0.000895910592985338,0.00030635688438581266,0.005480760250929593,0.16346465672045815
1,7014,56115,115,4,0.9948186874389648,0.9934640526771545,48,0.8965517282485962,0.12020492553710938,3.2229625003271004e-08,0.001669283757883138,0.00023420782673765262,0.003615589531360155,0.46169061598515226,0.0020297575069561555,0.010023087219133316,0.15473167453964565,0.013117918570939316,0.0004404263896320945,0.00020970178537241447,0.00323727686841707,0.1360484158549743
1,7014,56116,116,4,0.9948186874389648,0.9934640526771545,48,0.8965517282485962,0.12694168090820312,3.223275383048667e-08,0.0017190909483653348,0.0002517595185483093,0.0034648525158228246,0.4961512619988355,0.00863851212851701,0.01199206802805378,0.1650414145868632,0.0523414813799385,0.0004902328266653098,0.0002214700413527009,0.003047992125124136,0.16083795710113388
1,7014,56117,117,4,0.9948186874389648,0.9934640526771545,48,0.8965517282485962,0.23797988891601562,3.23775173998597e-08,0.0023405244125834935,0.0008058223594949888,0.007847566041095875,0.2982484505803089,0.013869215838286052,0.018322153940846003,0.17843177391605777,0.07772839743671858,0.001111667186122175,0.0007775725434151254,0.007572452928728933,0.14680410648769435
1,7014,56118,118,4,0.9948186874389648,0.9934640526771545,48,0.8965517282485962,0.19308853149414062,3.221920608432764e-08,0.0027863711555917966,0.0004513422903343261,0.007780054506623866,0.35814288360312974,0.020599456325463793,0.01269470651400922,0.21882617857818173,0.0941361607615154,0.001557513581229219,0.0004309812742139591,0.007429079606599846,0.20965094785706093
1,7014,56119,119,4,0.9948186874389648,0.9934640526771545,48,0.8965517282485962,0.1588287353515625,3.2147251137243995e-08,0.002135238104321088,0.0003526623338593392,0.005046350437904085,0.4231252130813021,0.009237923614782555,0.010657072006667802,0.15249521943297048,0.06057844730564225,0.0009063808182436549,0.00032575483960461954,0.004661323083467747,0.19444711340827325
1,7014,56112,112,4,0.9948186874389648,0.9934640526771545,49,0.8927790522575378,0.13244247436523438,3.20775855597084e-08,0.001737868146644367,0.0002726282070899338,0.004832675194688666,0.35960789348193,0.003634907176018642,0.011462790950291162,0.20319227448500937,0.017889002843397027,0.0005141814214806878,0.00025603864938087936,0.0045386045815002185,0.11329064082307143
1,7014,56113,113,4,0.9948186874389648,0.9934640526771545,49,0.8927790522575378,0.3481178283691406,3.2220735866946936e-08,0.0030468826635740944,0.0010908912189788453,0.014743212968019349,0.20666340981326964,0.020064693873224963,0.017161063176622977,0.23192890800553195,0.08651225949266479,0.001823195850121734,0.001075832831207593,0.01453970136759194,0.12539431203074916
1,7014,56114,114,4,0.9948186874389648,0.9934640526771545,49,0.8927790522575378,0.15774917602539062,3.2190623879616626e-08,0.0021241401854922865,0.0003483424838826363,0.0062318875033658275,0.34085021341367977,0.010814681207929989,0.01232603840298075,0.2205142589366831,0.04904300184522416,0.0009004522413590737,0.00033132827413524574,0.00592750131445603,0.15191093069233821
1,7014,56115,115,4,0.9948186874389648,0.9934640526771545,49,0.8927790522575378,0.12337112426757812,3.211237952916437e-08,0.0016708006925850972,0.00024042811687002193,0.0037116154251054115,0.45015458263369124,0.005513660631842097,0.010494489483530975,0.16200895948761976,0.03403305995717745,0.0004471142993973386,0.00021663533720612312,0.0033443137585769398,0.1336938851059217
1,7014,56116,116,4,0.9948186874389648,0.9934640526771545,49,0.8927790522575378,0.13189315795898438,3.224369293558232e-08,0.0017482084550644096,0.00026534784646102083,0.003651862534056354,0.4787169393045483,0.004477927172880846,0.011963822374260186,0.1646526824143038,0.027196199340459925,0.0005245213127742004,0.00023606415039722188,0.003248844254690781,0.16144858652946523
1,7014,56117,117,4,0.9948186874389648,0.9934640526771545,49,0.8927790522575378,0.24603652954101562,3.229770509407709e-08,0.0023890377906491964,0.0008544315295272689,0.008320950364000792,0.2871111695347891,0.010442082156444992,0.018173189806637197,0.176981074680446,0.05900112300311792,0.0011653515405336723,0.0008271591388358677,0.008055355987613087,0.14466791316555858
1,7014,56118,118,4,0.9948186874389648,0.9934640526771545,49,0.8927790522575378,0.20187759399414062,3.18649832999486e-08,0.002861327633241345,0.00047761179788150524,0.008232877574517261,0.34754891073539623,0.018147795148494305,0.012920335582518911,0.22271548053121581,0.08148421073024922,0.001637641037218511,0.00045780447761576315,0.007891447058038337,0.2075210066258237
1,7014,56119,119,4,0.9948186874389648,0.9934640526771545,49,0.8927790522575378,0.163238525390625,3.206485375208723e-08,0.002165124789659613,0.00036610186899143027,0.005238660751446403,0.41329738503525315,0.009348939729817454,0.010552177019290109,0.15099424579710016,0.06191586759127347,0.00094143847928827,0.00033980106242684547,0.004862314671977195,0.1936194061470412
1,7014,56112,112,4,0.9948186874389648,0.9934640526771545,50,0.8888888955116272,0.13911819458007812,3.1907185406266044e-08,0.0017461346492924626,0.0002891499649739276,0.005125543971367704,0.3406730405683209,0.002393206499711677,0.010785961047406421,0.1911946198123378,0.012517122616005972,0.0005277800133037165,0.00027347903730246513,0.004847757221992008,0.10887096633251872
1,7014,56113,113,4,0.9948186874389648,0.9934640526771545,50,0.8888888955116272,0.3566017150878906,3.214052376117041e-08,0.0031210350250103136,0.0011396868700658898,0.015402678058005935,0.2026293747916179,0.01711827429969764,0.017510018362577883,0.23664497917131122,0.07233736527875133,0.0019026803058515074,0.0011248893996336122,0.015202692711918675,0.12515416458821374
1,7014,56114,114,4,0.9948186874389648,0.9934640526771545,50,0.8888888955116272,0.16309738159179688,3.199273769521342e-08,0.002162010865801304,0.000370781854638308,0.006633330452950979,0.3259314278304178,0.01135044011535198,0.01170496344398921,0.20940315577047597,0.054203768198188215,0.0009436550151152165,0.00035448115144753216,0.006341708979226581,0.14880137486698458
1,7014,56115,115,4,0.9948186874389648,0.9934640526771545,50,0.8888888955116272,0.12707138061523438,3.1786590864029815e-08,0.0016875459943023754,0.0002502474699618115,0.00386320194865559,0.43682572558487354,0.004679952135014441,0.010480633198214859,0.16179505271588487,0.028925186873498064,0.0004691916890501353,0.0002271516993011244,0.0035066603770837184,0.13380015131101294
1,7014,56116,116,4,0.9948186874389648,0.9934640526771545,50,0.8888888955116272,0.13732147216796875,3.214343843559444e-08,0.0017601015139711636,0.00027947110492976333,0.003846234559865772,0.45761679028555885,0.008252239197320732,0.012457145322797904,0.1714420632854229,0.048134273696777134,0.0005417464622685678,0.00025159009632096276,0.00346252083424811,0.15646013069729545
1,7014,56117,117,4,0.9948186874389648,0.9934640526771545,50,0.8888888955116272,0.25311279296875,3.235642169836385e-08,0.0024241276846961547,0.0009014161420968584,0.008778513803027516,0.27614329020706513,0.012303418187856742,0.01761688704795487,0.17156347539672873,0.07171350521668983,0.0012057735230756293,0.0008751684657744505,0.008522898690170021,0.14147458123212486
1,7014,56118,118,4,0.9948186874389648,0.9934640526771545,50,0.8888888955116272,0.209014892578125,3.187923211875878e-08,0.002927937309697554,0.0005053489487989519,0.00871099928085313,0.3361195673765226,0.020204812180973118,0.012932862207011658,0.22293140938039452,0.09063241576020829,0.0017095828027093652,0.00048617084432920753,0.008380414929898968,0.20399739356700033
1,7014,56119,119,4,0.9948186874389648,0.9934640526771545,50,0.8888888955116272,0.16690826416015625,3.2077428926489046e-08,0.0021964273987239193,0.0003778904426205322,0.005407346964812219,0.4061931688528506,0.009522838274381482,0.012260325888288069,0.1754366570371713,0.054280778231905066,0.0009780731758243112,0.00035201139446772937,0.0050370359521523704,0.19417633408123117
1,7014,56112,112,4,0.9948186874389648,0.9934640526771545,51,0.8848758339881897,0.14481353759765625,3.1796201367690627e-08,0.001749056725993986,0.00030529038590397864,0.005411653074651946,0.3232019314369072,0.006219199991595532,0.01308015274453258,0.23186203066063973,0.02682284794054159,0.0005362025943322726,0.00029048462204588884,0.0051492024335419995,0.10413313542296161
1,7014,56113,113,4,0.9948186874389648,0.9934640526771545,51,0.8848758339881897,0.36661529541015625,3.2037044503104674e-08,0.003184227759387629,0.0011907775617498821,0.016093160239066664,0.19786217946539877,0.022170092558018765,0.01732432617675649,0.23413538023565886,0.09468920304015743,0.001971373530898654,0.0011763149027226502,0.01589769981330403,0.12400369575785455
1,7014,56114,114,4,0.9948186874389648,0.9934640526771545,51,0.8848758339881897,0.17113113403320312,3.199087864300618e-08,0.002203493558500361,0.0003914361036845217,0.007002837367777568,0.3146572514505881,0.011695538223306129,0.01300000459944695,0.23257159248565037,0.05028790532114425,0.0009906382178201541,0.00037565682071934994,0.0067205441624622565,0.14740446515527494
1,7014,56115,115,4,0.9948186874389648,0.9934640526771545,51,0.8848758339881897,0.13317489624023438,3.190489127058888e-08,0.0017010563245322798,0.0002613210476411395,0.00403415059751065,0.42166406122318517,0.0033400561448784978,0.010609728395065432,0.16378796323806247,0.02039256169285037,0.0004882025220093047,0.00023905449810638913,0.003690410149043336,0.1322895023296696
1,7014,56116,116,4,0.9948186874389648,0.9934640526771545,51,0.8848758339881897,0.14422225952148438,3.204126454632776e-08,0.001789412219959963,0.00029706128025150743,0.004088320196066314,0.4376888634314146,0.008618808576826252,0.01171440733988815,0.1612200959750262,0.053459889877260386,0.0005765576740706667,0.00027036113896193706,0.0037208582138801628,0.15495287402242192
1,7014,56117,117,4,0.9948186874389648,0.9934640526771545,51,0.8848758339881897,0.2617454528808594,3.217453799291042e-08,0.0024687303703727626,0.0009490734040603341,0.009242627892428764,0.2671026464664946,0.011640853286154506,0.017703775969000607,0.1724096501623102,0.06751857146740656,0.0012558767072664858,0.0009236387326837012,0.00899493029380816,0.13962050468929077
1,7014,56118,118,4,0.9948186874389648,0.9934640526771545,51,0.8848758339881897,0.21837615966796875,3.1944516097919745e-08,0.0030059372409432235,0.0005334736140003322,0.009195800800527265,0.3268815088698822,0.018174630654315963,0.012573054655425806,0.2167291934055537,0.08385871035060218,0.0017930832346942922,0.0005147866202413581,0.008873682015908022,0.2020675556640183
1,7014,56119,119,4,0.9948186874389648,0.9934640526771545,51,0.8848758339881897,0.17395782470703125,3.1888239912470306e-08,0.002229504832025749,0.00039909268525727674,0.005710736173530946,0.39040585386511506,0.011309541517625728,0.011136419369459102,0.1593543437053541,0.07097102755188807,0.0010166511123367802,0.000374228069882111,0.005354940981814127,0.18985290702351737
1,7014,56112,112,4,0.9948186874389648,0.9934640526771545,52,0.8807339668273926,0.1497802734375,3.164239907880123e-08,0.0017699783309008002,0.0003305483026925641,0.005859381170129028,0.3020759837103794,0.003969590000723081,0.0116558166869,0.20661389655120418,0.019212599282930204,0.000562801230214405,0.0003167017345060159,0.0056139334693171205,0.10025078374911063
1,7014,56113,113,4,0.9948186874389648,0.9934640526771545,52,0.8807339668273926,0.3781585693359375,3.189687662032517e-08,0.0032730942958117907,0.001243705974213554,0.016808478910108438,0.1947287623892836,0.020426354705916572,0.017044232743834705,0.2303499641825578,0.08867531097043367,0.002065917105073659,0.0012294381468436271,0.01661565160171496,0.12433560564428471
1,7014,56114,114,4,0.9948186874389648,0.9934640526771545,52,0.8807339668273926,0.1778564453125,3.1699605085645694e-08,0.002247923234978407,0.0004197106906509596,0.0075086730132463584,0.29937689802349277,0.012716854630251595,0.015055553892746496,0.2693456081345192,0.047213892657571824,0.0010407449300845976,0.000404664022973994,0.007239486380544466,0.14375949830937118
1,7014,56115,115,4,0.9948186874389648,0.9934640526771545,52,0.8807339668273926,0.13662338256835938,3.174265522784584e-08,0.0017087268786467888,0.00027217948194476616,0.004201777964802398,0.40666758047676776,0.0032842274294287237,0.010581961778055447,0.16335931535220405,0.020104316808306287,0.0005015501055885136,0.00025077025547040377,0.003871272463797385,0.12955691191431568
1,7014,56116,116,4,0.9948186874389648,0.9934640526771545,52,0.8807339668273926,0.14917755126953125,3.195103320371143e-08,0.001821378985097877,0.00031003788978925707,0.004266911410662614,0.4268612140731164,0.00823222306596143,0.011987017116263765,0.16497190116975888,0.04990075890251354,0.0006142014717689187,0.0002839022692797111,0.003907218672937131,0.1571965951184431
1,7014,56117,117,4,0.9948186874389648,0.9934640526771545,52,0.8807339668273926,0.2690467834472656,3.2125359411108047e-08,0.0025116621149550373,0.0009987019358455636,0.009725939351980835,0.25824365380640585,0.013007789607741856,0.019021720687585026,0.18524456110234236,0.07021954939100977,0.0013044854821245098,0.0009740798230283306,0.009486154920427403,0.13751467196845396
1,7014,56118,118,4,0.9948186874389648,0.9934640526771545,52,0.8807339668273926,0.22606277465820312,3.151715055207003e-08,0.0030769386938856915,0.0005608340168699876,0.009667428277516913,0.31827892646916084,0.01980788261632764,0.01292934577549876,0.22287079456670422,0.08887608021875305,0.0018697617187174733,0.0005426211026833114,0.00935348148340674,0.19990008234201
1,7014,56119,119,4,0.9948186874389648,0.9934640526771545,52,0.8807339668273926,0.17935943603515625,3.180982049006612e-08,0.0022720064789142555,0.0004136226798351242,0.005918650196268372,0.38387240393877714,0.008384165148462111,0.011135333305566621,0.1593388028934408,0.0526184770828804,0.0010648297866434314,0.00038911537738688627,0.005567967901711674,0.1912420842649052
1,7014,56112,112,4,0.9948186874389648,0.9934640526771545,53,0.8764568567276001,0.1573944091796875,3.156492553996383e-08,0.0017806572832851975,0.00035270078429246925,0.006252061551485691,0.28481122084635524,0.0026489516762772686,0.011585119480134432,0.20536070033531503,0.012899019490837504,0.0005793425963929131,0.0003396691137016997,0.006021058927503387,0.09621938655118523
1,7014,56113,113,4,0.9948186874389648,0.9934640526771545,53,0.8764568567276001,0.3880805969238281,3.180240143358935e-08,0.0033563954118003532,0.0012965695727015752,0.017522921631074072,0.19154313889347813,0.018078497475678287,0.017765294591219647,0.24009499484570757,0.07529726926334339,0.002155080639280955,0.0012825144498025073,0.017332968988145462,0.12433418883717379
1,7014,56114,114,4,0.9948186874389648,0.9934640526771545,53,0.8764568567276001,0.18827056884765625,3.16918039036673e-08,0.0022987636014326625,0.00046025761832292015,0.008234062259606281,0.27917734029164115,0.006830101276315066,0.014230036418955934,0.254577004628612,0.026829215334193735,0.0010974477184089277,0.00044619453149298283,0.00798247200251963,0.13748218823223227
1,7014,56115,115,4,0.9948186874389648,0.9934640526771545,53,0.8764568567276001,0.13894271850585938,3.15731881461714e-08,0.001716378384614249,0.0002798476683096472,0.004320155795003772,0.39729548332475134,0.002483819428239531,0.010674454471788523,0.16478717376260296,0.01507289294139962,0.0005150640270855027,0.0002589719042079968,0.0039978856335133196,0.12883410740113327
1,7014,56116,116,4,0.9948186874389648,0.9934640526771545,53,0.8764568567276001,0.15428924560546875,3.177922314489654e-08,0.0018525124479064601,0.00032674148246266446,0.004496795410407512,0.4119628043604012,0.009369560315286508,0.011846421902389501,0.1630369527582198,0.05746893668444207,0.0006511973546553088,0.00030146356843938245,0.004148906899564513,0.1569563671635199
1,7014,56117,117,4,0.9948186874389648,0.9934640526771545,53,0.8764568567276001,0.276885986328125,3.1851546648248006e-08,0.002562635619289869,0.0010557907231590292,0.010281903111697384,0.24923747981776276,0.009838489973795812,0.017978315509488006,0.17508327562018058,0.05619320257143853,0.0013613214030796768,0.0010319836780651114,0.010050056282906296,0.13545410739590477
1,7014,56118,118,4,0.9948186874389648,0.9934640526771545,53,0.8764568567276001,0.23408889770507812,3.15161293497163e-08,0.0031581892249442846,0.000591391200734712,0.010194160562808377,0.30980375534464205,0.01651292450585383,0.012345348249415427,0.2128040831550697,0.07759684053534308,0.001956874662790595,0.0005736404158095856,0.009888179764619616,0.19790039313326271
1,7014,56119,119,4,0.9948186874389648,0.9934640526771545,53,0.8764568567276001,0.18313980102539062,3.146365546391543e-08,0.002301689809499127,0.0004301303518818024,0.006154863395307535,0.373962777346762,0.011828266641208588,0.012326196433211133,0.17637921829564146,0.06706156629735376,0.0011003755309840332,0.00040626593206431684,0.005813380299910314,0.18928325246518093
1,7014,56112,112,4,0.9948186874389648,0.9934640526771545,54,0.8720378875732422,0.1625823974609375,3.140203809043736e-08,0.001785034295786404,0.0003749062336169858,0.006645680851861706,0.26860066493959733,0.006370325508923951,0.011654372785594067,0.20658830159865235,0.030835848204511827,0.00058977648017051,0.00036265839138435914,0.006428572563699324,0.09174299182696367
1,7014,56113,113,4,0.9948186874389648,0.9934640526771545,54,0.8720378875732422,0.39905548095703125,3.166273303619618e-08,0.0034306215351612144,0.0013546026718612798,0.018307229291838457,0.1873916298568795,0.017223718272846085,0.01772390650290062,0.23953564173165665,0.07190461573205548,0.00223536363944141,0.0013408470265693453,0.01812132403884599,0.1233554256107085
1,7014,56114,114,4,0.9948186874389648,0.9934640526771545,54,0.8720378875732422,0.19464111328125,3.1471027603224085e-08,0.0023216104297732517,0.0004972200868874036,0.008895325116129301,0.26099219527835243,0.00514926829795059,0.015697406562648838,0.2808284269626529,0.01833599380818875,0.00112635142322149,0.00048409845815788194,0.008660577653827625,0.1300549995904359
1,7014,56115,115,4,0.9948186874389648,0.9934640526771545,54,0.8720378875732422,0.14275360107421875,3.146214240007488e-08,0.0017202470884800293,0.00028918006400532474,0.004464224900847952,0.3853405970100832,0.004341639537953423,0.011015661653506915,0.170054568671774,0.02553086089873489,0.0005249895976839897,0.00026900625413579245,0.004152791176416382,0.12641849189658155
1,7014,56116,116,4,0.9948186874389648,0.9934640526771545,54,0.8720378875732422,0.15959930419921875,3.166529434406781e-08,0.0018904126180029628,0.00034192338677141405,0.004705737100646162,0.40172508101725096,0.006784706774543713,0.01210029750565905,0.16653092799207278,0.04074142176681247,0.0006951543947461071,0.00031716777077882074,0.004365036741639788,0.15925510732011905
1,7014,56117,117,4,0.9948186874389648,0.9934640526771545,54,0.8720378875732422,0.28766632080078125,3.1799276952598565e-08,0.002599319735222877,0.001109210910067054,0.01080213991047663,0.2406300748522878,0.010865079699287843,0.018157976907220916,0.17683292263249256,0.06144262922051266,0.0014040623848987131,0.0010862295860550053,0.010578334433039396,0.13273000525615772
1,7014,56118,118,4,0.9948186874389648,0.9934640526771545,54,0.8720378875732422,0.24318313598632812,3.114920687551408e-08,0.0032255207588811436,0.0006195558981012347,0.010679652140634597,0.3020248896130694,0.018476426106407116,0.01293130099860722,0.22290449790601496,0.08288942699665704,0.0020302630696803253,0.0006022520194522447,0.010381374930747119,0.19556783983084725
1,7014,56119,119,4,0.9948186874389648,0.9934640526771545,54,0.8720378875732422,0.1917877197265625,3.150572890613502e-08,0.002349721050904373,0.0004534940770243753,0.006489181901381163,0.3620981945974201,0.007150481753104574,0.011934007397532831,0.1707672685014064,0.0418726715948243,0.0011544636407612413,0.00043035018623021677,0.006158009070515451,0.1874735206690119
1,7014,56112,112,4,0.9948186874389648,0.9934640526771545,55,0.8674699068069458,0.17085647583007812,3.122476626464396e-08,0.0018090554155028792,0.000399385829576799,0.0070796122393500345,0.2555302966238396,0.0070536165127911814,0.012308298638819144,0.21817995340819518,0.03232935199868934,0.0006200586859946758,0.00038770775063639234,0.0068726037165734374,0.09022180116385736
1,7014,56113,113,4,0.9948186874389648,0.9934640526771545,55,0.8674699068069458,0.4079475402832031,3.1496725012909724e-08,0.003502872311032962,0.0014138029013212683,0.019107310524045303,0.18332628794747569,0.018163982899922448,0.017598083177312707,0.23783516046165112,0.07637215147106576,0.0023138754957564354,0.0014003477479401093,0.01892546636913361,0.12226253507444543
1,7014,56114,114,4,0.9948186874389648,0.9934640526771545,55,0.8674699068069458,0.20595550537109375,3.125248621345287e-08,0.002336426007905708,0.0005443149914924613,0.009737858430496286,0.23993222170787226,0.011789202285475415,0.016685404241697784,0.2985038202158457,0.039494309576844744,0.001147428094430633,0.0005322935540823765,0.009522793518707797,0.12049280415210915
1,7014,56115,115,4,0.9948186874389648,0.9934640526771545,55,0.8674699068069458,0.14907455444335938,3.129946906978522e-08,0.0017339792067493929,0.0003041717725490817,0.0046956597987462476,0.3692727499578163,0.005376604379943217,0.01093094422225189,0.16874674108191084,0.03186197461042152,0.000544982798914264,0.0002848691671780298,0.004397675316845363,0.12392520130503928
1,7014,56116,116,4,0.9948186874389648,0.9934640526771545,55,0.8674699068069458,0.16547775268554688,3.146359119093143e-08,0.0019160504437446349,0.00035919950872573703,0.004943500562231475,0.38758981001910475,0.003116515722048188,0.012549087227207817,0.17270741817901794,0.01804505999167794,0.0007270533076447179,0.0003353093488460131,0.00461471108471749,0.1575512083632919
1,7014,56117,117,4,0.9948186874389648,0.9934640526771545,55,0.8674699068069458,0.2957954406738281,3.16996944467499e-08,0.0026426183128271568,0.0011664391747945493,0.011359461982239184,0.23263586928315438,0.012380795899607415,0.018830428124013143,0.18338164304340232,0.06751382359834762,0.0014536220453957355,0.0011442142960459735,0.011143023208010954,0.1304513163313432
1,7014,56118,118,4,0.9948186874389648,0.9934640526771545,55,0.8674699068069458,0.2508277893066406,3.112545046524953e-08,0.0033054087715676983,0.0006525159118571978,0.011247803428586183,0.29387149166983434,0.016067750211666253,0.012615732806407895,0.2174648619834674,0.07388665030807502,0.002116412167145967,0.0006356739277669161,0.01095748816890816,0.19314756580356437
1,7014,56119,119,4,0.9948186874389648,0.9934640526771545,55,0.8674699068069458,0.19829559326171875,3.1323980824159706e-08,0.002374867172356078,0.00047392236928764055,0.006781496423548077,0.3501981014263439,0.00810963585771937,0.012035964473537617,0.17222620268786643,0.04708711991064938,0.0011858708461350614,0.00045158118762423266,0.006461809796862845,0.18351992451260202
1,7014,56112,112,4,0.9948186874389648,0.9934640526771545,56,0.8627451062202454,0.1785736083984375,3.10175279605615e-08,0.0018376189751381953,0.0004302778999620594,0.007627212738421566,0.24092929332904467,0.004429568739987202,0.012329197392072814,0.21855040989003532,0.020267949816319082,0.0006550982432993502,0.0004192350561854117,0.007431464551658839,0.08815197041518825
1,7014,56113,113,4,0.9948186874389648,0.9934640526771545,56,0.8627451062202454,0.41724395751953125,3.129854404853526e-08,0.0035827266899958843,0.0014739160533756665,0.01991972975292729,0.17985819759775543,0.01925396055877813,0.017482318622765627,0.23627062180541997,0.08149113254814505,0.0024002058626033077,0.0014607169590124486,0.01974134619295688,0.12158268433890437
1,7014,56114,114,4,0.9948186874389648,0.9934640526771545,56,0.8627451062202454,0.21548080444335938,3.1090828961392945e-08,0.002387911962834528,0.0005997789240714101,0.010730114627540373,0.22254300589721668,0.010231509444767957,0.016899828175348186,0.3023398892983315,0.03384108351866232,0.001205390050879329,0.0005886072389190679,0.010530251882358031,0.11446925148094432
1,7014,56115,115,4,0.9948186874389648,0.9934640526771545,56,0.8627451062202454,0.15419769287109375,3.120444755793783e-08,0.0017538188664412535,0.00031837096465401216,0.0049148602031198595,0.35684003083708526,0.005449289277375687,0.011020414718572843,0.17012794423967717,0.032030536204556134,0.0005712984546770407,0.00029970477182312167,0.004626700356671535,0.12347859395157264
1,7014,56116,116,4,0.9948186874389648,0.9934640526771545,56,0.8627451062202454,0.172607421875,3.130174162629277e-08,0.0019225893656089855,0.00037811697803855917,0.005203853145996666,0.3694549618657162,0.004355940501130653,0.01236579965658116,0.17018491414871662,0.025595338593432555,0.00074006822862218,0.00035545578829420196,0.004891977429241162,0.15128202027231724
1,7014,56117,117,4,0.9948186874389648,0.9934640526771545,56,0.8627451062202454,0.3046455383300781,3.157290141519174e-08,0.0026956593137041395,0.0012284595256074622,0.011963452170847612,0.22532453636358304,0.0144786826499899,0.01894147489007132,0.184463080931075,0.07849095101799741,0.0015131390397773589,0.0012069113761667251,0.011753603779564994,0.12873830598306596
1,7014,56118,118,4,0.9948186874389648,0.9934640526771545,56,0.8627451062202454,0.2601356506347656,3.0907606796490115e-08,0.0033749211714531276,0.0006816756322191006,0.011750446807396236,0.28721641200305736,0.017859863305736426,0.01369234361719453,0.23602304048727227,0.0756699992884785,0.002192400562479529,0.0006652256139496653,0.011466888094836054,0.1911940314013219
1,7014,56119,119,4,0.9948186874389648,0.9934640526771545,56,0.8627451062202454,0.20426559448242188,3.110060174487119e-08,0.002406103799235053,0.000497395995082033,0.007117387530801895,0.33805996776516173,0.010807450043936986,0.012858593210774396,0.18399744245412697,0.058736957969573025,0.0012235834684760558,0.00047585747807570093,0.006809186471910075,0.17969598475878173
1,7014,56112,112,4,0.9948186874389648,0.9934640526771545,57,0.8578553795814514,0.1863555908203125,3.089190924790209e-08,0.0018523085298185048,0.00045956974914126546,0.008146447319633529,0.22737623618510452,0.005506354342884855,0.012027646336267829,0.21320504110785277,0.02582656730006392,0.0006764899204335731,0.00044915640359000786,0.007961857774492724,0.08496634072023151
1,7014,56113,113,4,0.9948186874389648,0.9934640526771545,57,0.8578553795814514,0.42984771728515625,3.112881200863627e-08,0.003671547887831557,0.0015356366391061486,0.020753873179975114,0.17690904516917547,0.02066553152202712,0.018515306327970098,0.25023127843755516,0.08258572489843301,0.0024957291936814822,0.001522654983229745,0.020578428264906027,0.12127890242898874
1,7014,56114,114,4,0.9948186874389648,0.9934640526771545,57,0.8578553795814514,0.22677993774414062,3.097934991049575e-08,0.0024323657548849546,0.0006603347782882714,0.01181346589421173,0.20589772524562383,0.011946114903931796,0.018547925399924774,0.3318245401043215,0.036001300266026395,0.0012565459739751835,0.000649992115327818,0.011628434452349214,0.10805805193504203
1,7014,56115,115,4,0.9948186874389648,0.9934640526771545,57,0.8578553795814514,0.16005706787109375,3.093372731783323e-08,0.0017747636169900053,0.000332999575045567,0.005140689763672069,0.34523842102509333,0.005121135580096842,0.010926118645770007,0.16867224611710244,0.030361459564257186,0.0005989453250839377,0.0003149241783632148,0.004861650348421869,0.12319794352927094
1,7014,56116,116,4,0.9948186874389648,0.9934640526771545,57,0.8578553795814514,0.17815399169921875,3.1297633302311325e-08,0.0019363809739401997,0.0003970206960165125,0.005464016476352528,0.35438783582014727,0.005257224852371854,0.012285712121165027,0.16908270558010835,0.031092623188958113,0.0007605619613871866,0.0003753440969764985,0.005165691236650169,0.14723333752336182
1,7014,56117,117,4,0.9948186874389648,0.9934640526771545,57,0.8578553795814514,0.3138542175292969,3.1521590170518516e-08,0.002762440689129397,0.0012939189931637119,0.012600934475241075,0.2192250657724769,0.010214799131271128,0.019599589102108347,0.19087217926483308,0.05351643791470628,0.0015866225361890287,0.001272912817405949,0.012396364138382689,0.12799095916167802
1,7014,56118,118,4,0.9948186874389648,0.9934640526771545,57,0.8578553795814514,0.2696876525878906,3.0842002459367963e-08,0.0034570184679576024,0.0007199000907727948,0.012409344449834393,0.2785818769019453,0.020592287038597105,0.01380594982894463,0.2379813380778927,0.08652899931110199,0.002281199981848818,0.0007039523484513035,0.012134443765418385,0.18799378248799065
1,7014,56119,119,4,0.9948186874389648,0.9934640526771545,57,0.8578553795814514,0.21250534057617188,3.100492929499154e-08,0.0024537202411362554,0.0005244512218432872,0.007504528833702433,0.32696526264470205,0.012284221543870164,0.012085705508585867,0.17293796198251696,0.07103253330296577,0.0012779020287196257,0.0005036070943605619,0.007206264001450363,0.1773321139029086
1,7014,56112,112,4,0.9948186874389648,0.9934640526771545,58,0.8527919054031372,0.19507598876953125,3.076413986962453e-08,0.0018738764911699,0.0004876235033434869,0.008643735122308495,0.21679013350763587,0.006700684726451123,0.011657354320688259,0.2066411530289779,0.032426671203830665,0.0007049981374673572,0.0004776854304861368,0.008467570378779658,0.0832586097228236
1,7014,56113,113,4,0.9948186874389648,0.9934640526771545,58,0.8527919054031372,0.4411964416503906,3.107222503841453e-08,0.0037718540987272658,0.0016059347015983454,0.021703939775553505,0.17378660914714386,0.018926669966135345,0.017439790335715605,0.23569585909559596,0.08030124092446984,0.0026029756616063344,0.00159318256357861,0.021531596756055624,0.12089097204898488
1,7014,56114,114,4,0.9948186874389648,0.9934640526771545,58,0.8527919054031372,0.23830032348632812,3.08709824242657e-08,0.0024885197666460355,0.0007332755023151576,0.013118383920526193,0.18969712898494118,0.010167536171179749,0.017316335540975107,0.30979125445476974,0.03282060427778872,0.001319640249554024,0.0007237300429663373,0.012947614543886387,0.10192149643326634
1,7014,56115,115,4,0.9948186874389648,0.9934640526771545,58,0.8527919054031372,0.16385269165039062,3.086921994832846e-08,0.0017945152661586754,0.00034544901970244227,0.0053328783954510834,0.33650031616872933,0.005892356142246512,0.011826365083414432,0.18256982435319377,0.03227453476017673,0.000625637228887547,0.00032781836972655873,0.005060704769267003,0.1236265021202106
1,7014,56116,116,4,0.9948186874389648,0.9934640526771545,58,0.8527919054031372,0.1847991943359375,3.112076495552792e-08,0.0019559823870387346,0.0004148858214889002,0.005709886127261537,0.3425606646864645,0.006382985831315687,0.01246611905040436,0.1715655646443897,0.03720435300956773,0.0007871036331173745,0.00039395694742907166,0.005421851488660093,0.14517248116508116
1,7014,56117,117,4,0.9948186874389648,0.9934640526771545,58,0.8527919054031372,0.3249549865722656,3.1490746183318006e-08,0.0028064289054586713,0.0013663486683871634,0.013306296709179802,0.21090983966429672,0.01036249339593987,0.018664468060090304,0.18176542757547318,0.05701025510826102,0.001637551005148985,0.001346156678328846,0.013109655385423158,0.12491182697066201
1,7014,56118,118,4,0.9948186874389648,0.9934640526771545,58,0.8527919054031372,0.2801704406738281,3.075697093396695e-08,0.0035581592898480175,0.0007611555481622717,0.013120489215258598,0.27119105328100285,0.016761653816668946,0.0136190117233886,0.2347589751800716,0.07139941637507975,0.0023892810597169844,0.0007456282671157675,0.012852836270988769,0.1858952381670055
1,7014,56119,119,4,0.9948186874389648,0.9934640526771545,58,0.8527919054031372,0.21997833251953125,3.0831997730187965e-08,0.002511746782529789,0.0005508273922199918,0.007881953316419674,0.3186705987330985,0.011881774483582127,0.013187025617841667,0.18869707964840376,0.06296745294480045,0.0013428688247988005,0.0005304773257738977,0.007590758150784025,0.1769083928276782
1,7014,56112,112,4,0.9948186874389648,0.9934640526771545,59,0.8475452661514282,0.2002716064453125,3.068483805467979e-08,0.001903574046615794,0.000514972979017318,0.009128538709169425,0.2085299857143284,0.00422943950585331,0.01205252081123563,0.21364597221854356,0.019796486036848453,0.0007418869843544934,0.0005053876775406412,0.008958627278601024,0.08281257398961084
1,7014,56113,113,4,0.9948186874389648,0.9934640526771545,59,0.8475452661514282,0.4521636962890625,3.0914060754913926e-08,0.003865090243402874,0.0016715410341674108,0.022590598423353283,0.17109286664169526,0.01793385845032145,0.017907821739398984,0.2420212254934337,0.07410035385845948,0.0027034030889396834,0.0016589976195302543,0.02242107626557583,0.12057418907630005
1,7014,56114,114,4,0.9948186874389648,0.9934640526771545,59,0.8475452661514282,0.24901199340820312,3.070746056435702e-08,0.0025357654113272307,0.0008019498003978639,0.014346975091071528,0.17674564814051286,0.010525804389158152,0.017340303199626258,0.31022003865234515,0.03393012403352229,0.0013740771902282188,0.0007930524388245644,0.014187800258924858,0.09684920601866054
1,7014,56115,115,4,0.9948186874389648,0.9934640526771545,59,0.8475452661514282,0.17107391357421875,3.056446263204771e-08,0.0018197291081931198,0.0003663400751396604,0.005655384617339556,0.32176929268679333,0.0032754373319321276,0.011724814935682575,0.18100214125668201,0.01809612477063008,0.0006580423613257156,0.0003494668213168318,0.005394903314337935,0.12197482011899055
1,7014,56116,116,4,0.9948186874389648,0.9934640526771545,59,0.8475452661514282,0.19182586669921875,3.1031347205833364e-08,0.0019832186844418397,0.0004374465476252981,0.006020379208767365,0.3294175691713432,0.0038063364227645456,0.012952284600925767,0.17825644148012393,0.02135314937939543,0.0008215312259148902,0.0004173215383410722,0.0057434077979087615,0.14303898570706033
1,7014,56117,117,4,0.9948186874389648,0.9934640526771545,59,0.8475452661514282,0.33423614501953125,3.1317815545814644e-08,0.0028529164092820545,0.0014357028034223298,0.013981707546938933,0.20404635125604914,0.01075438561431352,0.017982576769099534,0.175124774240597,0.06140984712727451,0.0016912297994863168,0.0014161856118673059,0.013791637802832109,0.12262719074155379
1,7014,56118,118,4,0.9948186874389648,0.9934640526771545,59,0.8475452661514282,0.29041290283203125,3.050071996868706e-08,0.0036393912912535908,0.0007996376712925042,0.013783828374684693,0.2640334159947666,0.019032611059274538,0.014048843907083913,0.2421682472324946,0.0785925127541688,0.0024777043470850936,0.0007845411395489346,0.013523600511395064,0.1832133642958002
1,7014,56119,119,4,0.9948186874389648,0.9934640526771545,59,0.8475452661514282,0.230072021484375,3.077382836483788e-08,0.0025693930396817576,0.0005852382921287528,0.008374349138573198,0.306817042992254,0.01075183733374828,0.013015112302083921,0.18623712077850735,0.05773197786136035,0.0014077063709349066,0.0005656321379661884,0.00809379883550813,0.17392406205590238
1,7014,56112,112,4,0.9948186874389648,0.9934640526771545,60,0.8421052694320679,0.21038055419921875,3.046766029900147e-08,0.001918502583205343,0.0005466853790405857,0.009690680574797932,0.1979739780294376,0.008908130456607773,0.01233457078014292,0.21864565989925128,0.040742315492164394,0.0007642718116839637,0.0005375966450000735,0.009529571421722598,0.08020001927283013
1,7014,56113,113,4,0.9948186874389648,0.9934640526771545,60,0.8421052694320679,0.4625282287597656,3.074442473127594e-08,0.003955393088133989,0.0017418802275318895,0.02354122089581386,0.16801987907251417,0.020356806406839487,0.017752715674140315,0.2399249928783425,0.08484654375778894,0.002801162214949899,0.0017295809137723142,0.023374997720704203,0.11983582836753792
1,7014,56114,114,4,0.9948186874389648,0.9934640526771545,60,0.8421052694320679,0.2601966857910156,3.0545883829805535e-08,0.0025870487711186665,0.0008736922679039654,0.01563045616902852,0.1655133249562389,0.011586523788515695,0.016662659170310876,0.2980969082464547,0.03886831251177022,0.0014328168501058947,0.0008653560950699122,0.015481321068619876,0.09255132968013736
1,7014,56115,115,4,0.9948186874389648,0.9934640526771545,60,0.8421052694320679,0.17686080932617188,3.0549313948529876e-08,0.001829073046617704,0.000387879337248023,0.005987897546890165,0.30546164697952116,0.0057654124546079955,0.012336747089175664,0.19044886009136297,0.030272759059005054,0.0006748425956135042,0.00037191837507013305,0.005741499770331416,0.11753768572815781
1,7014,56116,116,4,0.9948186874389648,0.9934640526771545,60,0.8421052694320679,0.19940185546875,3.090302753106519e-08,0.00199491993382759,0.00046003571748922105,0.0063312637484450335,0.3150903221047369,0.005601419662774519,0.012219832676993505,0.1681760365524787,0.03330688353466231,0.000840688779360223,0.0004408548550468615,0.0060672862040317185,0.1385609234655165
1,7014,56117,117,4,0.9948186874389648,0.9934640526771545,60,0.8421052694320679,0.3440704345703125,3.110941353930129e-08,0.0029036328899265168,0.0015022757245913697,0.014630033309145534,0.19847069576467719,0.01259468023687146,0.018420519724248654,0.17938971703136197,0.07020848488583982,0.001749402573431789,0.0014833083187517357,0.014445317697570697,0.12110516432089202
1,7014,56118,118,4,0.9948186874389648,0.9934640526771545,60,0.8421052694320679,0.3009033203125,3.041756888653608e-08,0.00373819529021285,0.0008432638634416403,0.01453583889996764,0.25717093563971544,0.01823813480183999,0.013859622485483778,0.23890652546301577,0.07634004456970502,0.0025839646336623954,0.0008285742291585424,0.014282624969315991,0.18091664797007856
1,7014,56119,119,4,0.9948186874389648,0.9934640526771545,60,0.8421052694320679,0.237274169921875,3.062369835322285e-08,0.002621911172117229,0.0006172411222057039,0.0088322871718348,0.2968552902670803,0.009983582785256163,0.012427398679919668,0.17782735140474235,0.05614199787822921,0.0014676807943423368,0.0005982751460396259,0.008560897366511444,0.17144006422546504
1,7014,56112,112,4,0.9948186874389648,0.9934640526771545,61,0.836461067199707,0.2196197509765625,3.008942629786916e-08,0.0019653504622895745,0.0005822842291448704,0.010321714618174322,0.1904093006823706,0.006456833742266303,0.0126882480397742,0.22491503069470137,0.028707880137325188,0.0008188559127591867,0.0005734946630200773,0.010165908589749131,0.08054921068097012
1,7014,56113,113,4,0.9948186874389648,0.9934640526771545,61,0.836461067199707,0.47313690185546875,3.057871322053285e-08,0.0040653232463033874,0.001814106191754284,0.02451734276188597,0.16581418654485,0.020102783294027142,0.01813332186670878,0.24506882212213868,0.08202913418340996,0.0029188286116023795,0.0018019828647942793,0.024353498019034716,0.11985254066257835
1,7014,56114,114,4,0.9948186874389648,0.9934640526771545,61,0.836461067199707,0.271270751953125,3.046129099854929e-08,0.0026473666433803915,0.0009436677974010269,0.016882326520739822,0.15681290372675352,0.010951989511734038,0.018150866347697664,0.32472110753390304,0.03372737175882715,0.0015008709494447703,0.0009357613138076121,0.016740878610762903,0.08965305730607491
1,7014,56115,115,4,0.9948186874389648,0.9934640526771545,61,0.836461067199707,0.183837890625,3.027857641742591e-08,0.0018554562451905982,0.00041585836420131794,0.006419824516876918,0.28901977621239255,0.006480939493585617,0.012723787672445098,0.19642380935148318,0.03299467368535015,0.0007089620045624695,0.0004007509082776806,0.0061866027657346175,0.11459633524382021
1,7014,56116,116,4,0.9948186874389648,0.9934640526771545,61,0.836461067199707,0.20363616943359375,3.0775225214377665e-08,0.0020190908626280084,0.00047821435985561544,0.006581448190728032,0.306785194400301,0.004561669216812289,0.012323043689230592,0.1695964830860292,0.026897192287285487,0.0008725959188782634,0.00045954922108242446,0.006324568318183855,0.13796924548501605
1,7014,56117,117,4,0.9948186874389648,0.9934640526771545,61,0.836461067199707,0.35288238525390625,3.1003498265009e-08,0.002968588254971727,0.0015746827200298504,0.015335174674169097,0.19358033527795948,0.012745093525906347,0.019037555882782196,0.18539877342794886,0.06874421707465851,0.0018220941507399926,0.0015561852271146555,0.015155035347509475,0.12023028049482107
1,7014,56118,118,4,0.9948186874389648,0.9934640526771545,61,0.836461067199707,0.31113433837890625,2.9964563827157697e-08,0.003835381543769943,0.0008881669133460963,0.015309859378995972,0.2505170980885566,0.02017150354756544,0.01378174086579589,0.2375640338347948,0.08490975347553231,0.0026888871160576045,0.0008738801584229316,0.01506359011860235,0.17850240844890225
1,7014,56119,119,4,0.9948186874389648,0.9934640526771545,61,0.836461067199707,0.24447250366210938,3.046050583284311e-08,0.002671254019845973,0.0006478063953563683,0.009269654774608147,0.28817189904020923,0.016423405277249017,0.014259583998148022,0.20404463716299637,0.08048927678569448,0.0015247598568300506,0.0006294110805868784,0.009006430733280772,0.16929679492184646
1,7014,56112,112,4,0.9948186874389648,0.9934640526771545,62,0.8306010961532593,0.22847366333007812,2.995560718381151e-08,0.001996817337827668,0.00062192008927985,0.011024309702296625,0.1811285596785877,0.004208625532234636,0.012276796857248657,0.21762154501748168,0.01933919516974551,0.0008583547694587054,0.0006135469471948766,0.010875885309650028,0.07892274927698058
1,7014,56113,113,4,0.9948186874389648,0.9934640526771545,62,0.8306010961532593,0.4854888916015625,3.05909746559386e-08,0.004177677063038246,0.0018931683154606467,0.02558585418376533,0.1632807344649472,0.01587855660148541,0.01789343790843214,0.24182683041576625,0.06566085563866442,0.003039214408406202,0.0018812505697001587,0.025424787836554233,0.11953745407608088
1,7014,56114,114,4,0.9948186874389648,0.9934640526771545,62,0.8306010961532593,0.2838630676269531,3.011345969311832e-08,0.0027055457085564533,0.0010273155346776609,0.018378794257918597,0.14721018531402053,0.006432365397602437,0.016540979665615643,0.29592004777203307,0.02173683549334149,0.001567082004948213,0.0010198917464990193,0.018245981824986365,0.08588641707415404
1,7014,56115,115,4,0.9948186874389648,0.9934640526771545,62,0.8306010961532593,0.19369125366210938,3.014292761178106e-08,0.0018878600693650856,0.0004493633097930758,0.0069370580022721185,0.2721413124622496,0.007033955801851659,0.01237194731236456,0.19099226446958592,0.036828485286490555,0.000749397810874777,0.000435119470338823,0.0067171683532602664,0.11156454200095296
1,7014,56116,116,4,0.9948186874389648,0.9934640526771545,62,0.8306010961532593,0.21100234985351562,3.054871346509257e-08,0.002036902248732311,0.0004997553850009823,0.006877907588166883,0.2961514417897539,0.006480288527785853,0.012830238163300652,0.17657677149627998,0.036699552681097564,0.0008984392933120827,0.00048178023426211335,0.006630523709221652,0.1355005023302374
1,7014,56117,117,4,0.9948186874389648,0.9934640526771545,62,0.8306010961532593,0.3627281188964844,3.087336388425702e-08,0.003037079070657407,0.0016559719545270913,0.016126816440658446,0.18832477456619487,0.00966239101694251,0.018921955263733886,0.18427298747564327,0.05243520034763456,0.0018986169435817682,0.0016379850105676748,0.015951649136182713,0.11902323874935189
1,7014,56118,118,4,0.9948186874389648,0.9934640526771545,62,0.8306010961532593,0.3228569030761719,2.98996804944636e-08,0.0039498263317792265,0.0009338613961990065,0.016097522256729616,0.24536858957458435,0.017298351284576213,0.014365950046232036,0.247634393657927,0.06985439715806002,0.0028113638822790097,0.0009198868222359069,0.015856634244531105,0.17729890460509543
1,7014,56119,119,4,0.9948186874389648,0.9934640526771545,62,0.8306010961532593,0.258056640625,3.014416157537026e-08,0.002767597799966548,0.0006929596125028818,0.009915765615611567,0.2791108530852313,0.014663338520311818,0.01441074980691602,0.20620771377207017,0.07110955381872769,0.0016291356175227383,0.0006750902002293461,0.009660066869831667,0.16864641202541977
1,7014,56112,112,4,0.9948186874389648,0.9934640526771545,63,0.8245124816894531,0.238006591796875,2.993041219231039e-08,0.0020130293467432586,0.000657726193848164,0.011659017589689359,0.17265857361116596,0.009184144881725356,0.013086885838840075,0.23198138315974703,0.03959000828700538,0.0008829121301254791,0.0006497601135264699,0.011517808874786099,0.07665625812373761
1,7014,56113,113,4,0.9948186874389648,0.9934640526771545,63,0.8245124816894531,0.4966468811035156,3.037081590295212e-08,0.004263449322798681,0.001972135225668389,0.02665307881108335,0.15996085679324143,0.015365014828826839,0.01855977627464142,0.2508322823534777,0.06125612973203409,0.003133332020756402,0.001960497769462234,0.026495800530473537,0.118257684539581
1,7014,56114,114,4,0.9948186874389648,0.9934640526771545,63,0.8245124816894531,0.2959709167480469,2.98999490957686e-08,0.0027328630978329478,0.0011017421482343629,0.019710295020536228,0.13865155721847733,0.011266794460056784,0.01623367963586797,0.29042241454101525,0.038794507227904125,0.001602744753307939,0.0010947724665704432,0.01958560660590561,0.08183278596153701
1,7014,56115,115,4,0.9948186874389648,0.9934640526771545,63,0.8245124816894531,0.20228195190429688,3.011930524560991e-08,0.0019255832815035724,0.0004833597973653484,0.007461879680016517,0.25805606148547683,0.006503271957894935,0.013258513003343322,0.20467864581651024,0.031773084739504145,0.0007954663716507908,0.00046982260603076886,0.00725289893007706,0.10967564546530074
1,7014,56116,116,4,0.9948186874389648,0.9934640526771545,63,0.8245124816894531,0.21936416625976562,3.042413565461331e-08,0.0020694743043687155,0.0005287632009662431,0.007277129054371241,0.2843805969231258,0.0065484983146106065,0.01278560252819,0.17596247141539223,0.0372153122307066,0.0009393567006200639,0.0005115057586584457,0.007039622672322114,0.1334385015142018
1,7014,56117,117,4,0.9948186874389648,0.9934640526771545,63,0.8245124816894531,0.3724822998046875,3.0879344381629866e-08,0.0030856455431523934,0.0017378983741944804,0.016924663486319096,0.18231650783760917,0.01354696110393696,0.019077872952661844,0.18579140446472267,0.07291489691337795,0.0019555287640013615,0.001720528976244224,0.0167555102034614,0.11670959226281173
1,7014,56118,118,4,0.9948186874389648,0.9934640526771545,63,0.8245124816894531,0.3325233459472656,2.9801449292639534e-08,0.004047674674951314,0.0009813694631629734,0.016916446958445942,0.23927451697712535,0.020572523005942728,0.014247188394340235,0.24558722869066796,0.08376870049645403,0.0029175575757742936,0.0009677781352421785,0.016682165185375537,0.1748908216261986
1,7014,56119,119,4,0.9948186874389648,0.9934640526771545,63,0.8245124816894531,0.26529693603515625,2.993129385158644e-08,0.0028548002143903117,0.0007421480058644608,0.010619616995665687,0.2688232744698303,0.014738623387460065,0.013824483803518936,0.19781865880667326,0.07450572901651312,0.0017246833800556192,0.0007249192824398215,0.010373086057566882,0.16626521466073346
1,7014,56112,112,4,0.9948186874389648,0.9934640526771545,64,0.8181818127632141,0.24770736694335938,2.9623692914348104e-08,0.0020680893878732226,0.0007024499890536878,0.012451802672381744,0.1660875491112842,0.006724678145762308,0.012491375982014637,0.22142522778612664,0.03036997280299802,0.0009466493138660685,0.0006947491823105133,0.012315296262703623,0.0768677662049396
1,7014,56113,113,4,0.9948186874389648,0.9934640526771545,64,0.8181818127632141,0.5079460144042969,3.0135300119495194e-08,0.004348688208802942,0.0020587715086809876,0.027823953733340026,0.15629296434575832,0.0200763289192544,0.01905761026997241,0.25756042580920674,0.07794803435418438,0.0032272480513489254,0.0020474436982134045,0.027670860263267667,0.11662984166896365
1,7014,56114,114,4,0.9948186874389648,0.9934640526771545,64,0.8181818127632141,0.3081016540527344,2.9712170022510406e-08,0.0027983870552535893,0.0011744641077380206,0.02101129932411641,0.13318486458577306,0.010431588408295979,0.01594673736853437,0.28528898404453235,0.03656498845629334,0.001676945864506303,0.001167769200237295,0.020891526651185655,0.0802691872406142
1,7014,56115,115,4,0.9948186874389648,0.9934640526771545,64,0.8181818127632141,0.21016693115234375,2.99725532502088e-08,0.0019607303414828155,0.0005269845500764181,0.008135337955973277,0.24101399992156095,0.007329109786884129,0.012809521041738487,0.19774732051173416,0.03706300428201871,0.0008392905700480915,0.000514331369948071,0.007940004152454784,0.10570404674015325
1,7014,56116,116,4,0.9948186874389648,0.9934640526771545,64,0.8181818127632141,0.22927093505859375,3.0161757378300936e-08,0.0021038653745226676,0.0005584371356259901,0.00768551801123389,0.2737441212742533,0.006933638779749956,0.012946577587195661,0.17817789842842677,0.0389141349230537,0.000982424914706149,0.0005418291908369227,0.007456950370110105,0.13174620534475182
1,7014,56117,117,4,0.9948186874389648,0.9934640526771545,64,0.8181818127632141,0.384033203125,3.060346233714641e-08,0.0031659680186099715,0.0018246995291152112,0.017769983534413475,0.1781638127282862,0.011183793657642877,0.018700565292238215,0.18211696338214778,0.061409950231682706,0.002044528377877482,0.0018077379915567916,0.017604802232877432,0.11613469727363769
1,7014,56118,118,4,0.9948186874389648,0.9934640526771545,64,0.8181818127632141,0.34539794921875,2.9536260391712938e-08,0.00417455449647743,0.0010339496058640607,0.01782280203516056,0.2342254875659804,0.01784629299913083,0.014806072494151876,0.25522104509240406,0.06992484884100952,0.0030531145415443077,0.0010206729118533958,0.017593943793239055,0.173532130000185
1,7014,56119,119,4,0.9948186874389648,0.9934640526771545,64,0.8181818127632141,0.2773857116699219,2.98241489244606e-08,0.0029460460594688594,0.0007918331553316479,0.011330576606881422,0.26000848515331787,0.015328502659963697,0.013972081411816804,0.19993067697180178,0.07666908796655367,0.0018246063644945056,0.0007751587563184157,0.01109197766198879,0.1644978397988726
1,7014,56112,112,4,0.9948186874389648,0.9934640526771545,65,0.8115941882133484,0.2564239501953125,2.9458846684896746e-08,0.0021055831002016402,0.0007420575469064215,0.013153896063231653,0.16007296165941726,0.007426362559131919,0.012497612582253908,0.2215357793082792,0.03352218130326356,0.0009931723395787935,0.0007346284925759692,0.01302220680420011,0.07626759077873509
1,7014,56113,113,4,0.9948186874389648,0.9934640526771545,65,0.8115941882133484,0.5203933715820312,2.9972249505759073e-08,0.004475319028306328,0.0021540028838271654,0.029110989892941447,0.15373297317489915,0.018289870757305173,0.019342323293587767,0.26140827486042484,0.06996668627674768,0.003362908185639959,0.0021428931591387515,0.028960843815818677,0.1161191368258099
1,7014,56114,114,4,0.9948186874389648,0.9934640526771545,65,0.8115941882133484,0.3202857971191406,2.9632912053305216e-08,0.002859846202481411,0.0012484003407149079,0.022334027121193978,0.1280488371829524,0.01082922653096006,0.016427459574128063,0.2938891601477697,0.036847995773355645,0.0017474343338285913,0.0012419702250823267,0.022218991605545017,0.0786459783977099
1,7014,56115,115,4,0.9948186874389648,0.9934640526771545,65,0.8115941882133484,0.22075271606445312,2.9684521898606802e-08,0.0020039544997478512,0.0005676939179104826,0.008763789900638672,0.2286630011066115,0.0033049294102442494,0.012779402846898415,0.1972823700808111,0.01675227953156929,0.0008915440417866686,0.0005556625066357696,0.00857805467027394,0.1039331265719477
1,7014,56116,116,4,0.9948186874389648,0.9934640526771545,65,0.8115941882133484,0.23649215698242188,3.009241728206327e-08,0.0021427538892608783,0.0005897333422195277,0.0081162335638239,0.2640084064130033,0.005677152044629085,0.012732143884615955,0.17522674425501292,0.032398890185204546,0.0010303427494197863,0.000573715592682936,0.007895788513326113,0.1304926984405453
1,7014,56117,117,4,0.9948186874389648,0.9934640526771545,65,0.8115941882133484,0.3939018249511719,3.055832239597381e-08,0.003230523553009391,0.001912108347837773,0.01862122136545277,0.17348612583505696,0.013978109164797206,0.019119862057895856,0.186200318752652,0.0750702751662079,0.0021181132240712763,0.0018956324464933952,0.018460769471355894,0.11473591213832035
1,7014,56118,118,4,0.9948186874389648,0.9934640526771545,65,0.8115941882133484,0.35626220703125,2.9364278657001063e-08,0.004284633116661077,0.0010931489685641262,0.018843256529293473,0.22738283640092913,0.022313704984212018,0.014683008363688039,0.253099715752515,0.08816171491093543,0.003172222472354073,0.0010803044423728203,0.018621847820160336,0.1703495003820067
1,7014,56119,119,4,0.9948186874389648,0.9934640526771545,65,0.8115941882133484,0.2887840270996094,2.9517362626914805e-08,0.0030457446960315228,0.0008456757499064208,0.012101026339170297,0.25169308872360935,0.013098183157570572,0.013853443706648809,0.19823305469137634,0.0660746674058107,0.0019333343115280036,0.0008295280856286217,0.011869964598587869,0.1628761649177965
1,7014,56112,112,4,0.9948186874389648,0.9934640526771545,66,0.8047336935997009,0.2671394348144531,2.92841452826186e-08,0.002150560534861901,0.0007854296193523381,0.013922720173139244,0.15446410673475458,0.006966980737960236,0.013190451655251876,0.23381721649971351,0.02979669693385804,0.0010475530820375635,0.0007782501189647302,0.01379545456917331,0.0759346549100584
1,7014,56113,113,4,0.9948186874389648,0.9934640526771545,66,0.8047336935997009,0.5333099365234375,2.9785288505821806e-08,0.0045920962044735,0.0022545573864438035,0.030469967232916808,0.15070893149870682,0.017199479305717746,0.01958594863832273,0.26470083078107554,0.06497705071406751,0.0034890886699489067,0.00224370853952874,0.030323346875411373,0.11506278262371304
1,7014,56114,114,4,0.9948186874389648,0.9934640526771545,66,0.8047336935997009,0.3310966491699219,2.9458880374829983e-08,0.002927213484424235,0.0013300904667020615,0.023795472964989604,0.12301556219248337,0.010640767315664325,0.015583130937328975,0.2787840227503602,0.038168497644474775,0.001824204934026593,0.0013239206547948374,0.023685094313226577,0.07701911210072293
1,7014,56115,115,4,0.9948186874389648,0.9934640526771545,66,0.8047336935997009,0.22977066040039062,2.9539181764796757e-08,0.0020149525592065504,0.0006100471442093586,0.009417618953913966,0.21395562605228738,0.005452247927143916,0.012751888786689196,0.1968576210472568,0.027696402598683605,0.0009119454050059476,0.0005988412789490992,0.009244628112022889,0.09864598055815116
1,7014,56116,116,4,0.9948186874389648,0.9934640526771545,66,0.8047336935997009,0.24518585205078125,2.9972343253861934e-08,0.0021726308955164093,0.0006184578281978225,0.00851155568741826,0.25525661527750815,0.006266901461658633,0.013190973130431615,0.18154140387886514,0.03452050787180356,0.0010696230654488384,0.000603000024635776,0.008298816920400106,0.12888862059596673
1,7014,56117,117,4,0.9948186874389648,0.9934640526771545,66,0.8047336935997009,0.4062614440917969,3.043680986595725e-08,0.003321374739655821,0.002005830368236755,0.01953394082020565,0.1700309615057416,0.012208423433198539,0.018849213966071723,0.18356459048145143,0.06650750779972545,0.0022183677130488133,0.001989705310645878,0.01937690564629935,0.11448513779972308
1,7014,56118,118,4,0.9948186874389648,0.9934640526771545,66,0.8047336935997009,0.3700675964355469,2.9228025172029824e-08,0.004437033819074857,0.001155351978802008,0.01991548667588206,0.2227931403980285,0.022144188609329325,0.015102236545682086,0.26032620034408854,0.08506323443456723,0.003334026483401106,0.0011427995617263912,0.01969911322466871,0.16924754152009172
1,7014,56119,119,4,0.9948186874389648,0.9934640526771545,66,0.8047336935997009,0.29891204833984375,2.9445780185337056e-08,0.003130718681233054,0.000898290601307449,0.012853907928486091,0.24356162333284928,0.011829226159385364,0.01441764016707639,0.20630630998911464,0.057338169443336515,0.0020277116021047014,0.0008826878681279858,0.012630643769393646,0.16053905399645713
1,7014,56112,112,4,0.9948186874389648,0.9934640526771545,67,0.7975830435752869,0.27866363525390625,2.9041704707795032e-08,0.00219335822482646,0.0008379129853781866,0.014853053332111366,0.14767052778869091,0.0068016175111857945,0.013085222853464652,0.2319519046686594,0.029323395817343365,0.0011001518642094943,0.0008310472883195703,0.014731350283759964,0.0746809927819255
1,7014,56113,113,4,0.9948186874389648,0.9934640526771545,67,0.7975830435752869,0.5455398559570312,2.9665652895357253e-08,0.004704121845138007,0.0023628111113994346,0.03193299827930862,0.14731225060648628,0.017021291890210816,0.019289552954034048,0.2606950925184096,0.06529195362206068,0.003610915404347637,0.002352256221930866,0.031790350707688535,0.11358526483554435
1,7014,56114,114,4,0.9948186874389648,0.9934640526771545,67,0.7975830435752869,0.34387969970703125,2.9159219368866242e-08,0.0029957546695801936,0.0014049031928328487,0.025133881326412047,0.11919188408167154,0.009495735675080608,0.01572355398816716,0.28129620744270406,0.03375706967899576,0.0019025472197206454,0.001398936037866816,0.025027128230869455,0.07601939791773506
1,7014,56115,115,4,0.9948186874389648,0.9934640526771545,67,0.7975830435752869,0.2391815185546875,2.9345212909021406e-08,0.0020454949770904204,0.00065317852711745,0.010083460820463812,0.2028564412070908,0.0032341972368486512,0.01264604506970039,0.19522365586156878,0.016566625712316284,0.0009522889105691678,0.0006425657546120323,0.009919625863691522,0.09600048667710336
1,7014,56116,116,4,0.9948186874389648,0.9934640526771545,67,0.7975830435752869,0.2545204162597656,2.979750401911849e-08,0.0022090105131903357,0.0006535402747761967,0.008994379550401518,0.24559898776917005,0.005646089120358256,0.013054608990703822,0.17966468582932218,0.03142570335564957,0.001115803775441494,0.0006386901438130988,0.00879000390683309,0.12694007730464157
1,7014,56117,117,4,0.9948186874389648,0.9934640526771545,67,0.7975830435752869,0.4162101745605469,3.0362228914002413e-08,0.0034003420323398792,0.0021035813660781875,0.020485896796736767,0.16598453394930338,0.011861599246310039,0.018886986674349154,0.18393244304754797,0.06448889086545609,0.0023071360917869647,0.002087885377677771,0.020333040147748102,0.11346734551362608
1,7014,56118,118,4,0.9948186874389648,0.9934640526771545,67,0.7975830435752869,0.3828010559082031,2.8873000596394406e-08,0.004594376017499667,0.0012210665859123183,0.02104824829859832,0.21827830764451897,0.01848430430963131,0.01479347111325695,0.2550038276228232,0.07248637983964497,0.003501169773249817,0.0012088088139922744,0.020836953820527006,0.1680269488240036
1,7014,56119,119,4,0.9948186874389648,0.9934640526771545,67,0.7975830435752869,0.3105354309082031,2.9290305405567075e-08,0.003208010831312211,0.0009588779783209408,0.013720870762814301,0.23380519259801064,0.0130590938321591,0.014345785308748605,0.2052781174066525,0.06361659000549608,0.002114804839390028,0.0009439428515427522,0.013507159582682076,0.15656917551351662
1,7014,56112,112,4,0.9948186874389648,0.9934640526771545,68,0.790123462677002,0.289459228515625,2.884389039377924e-08,0.0022364587894425944,0.0008943808432224837,0.015854016580977688,0.1410657531496461,0.006512525100158278,0.01325373853279562,0.23493905538248935,0.02772006165409855,0.0011534768644765726,0.0008878250637114261,0.015737807207915695,0.07329336604761588
1,7014,56113,113,4,0.9948186874389648,0.9934640526771545,68,0.790123462677002,0.55767822265625,2.9624917299045173e-08,0.0048193206390547425,0.0024731462224099696,0.03342415891125603,0.14418674384149638,0.01922838162572746,0.019713846771265857,0.26642935272660706,0.07217065773326563,0.003736338632991722,0.0024628690530194234,0.03328526468019322,0.11225203311106831
1,7014,56114,114,4,0.9948186874389648,0.9934640526771545,68,0.790123462677002,0.35552978515625,2.9080186561410952e-08,0.003056548810042768,0.001482825032298569,0.02652791208657999,0.11522010477368189,0.008435664450227321,0.015834662769685433,0.28328395645149623,0.029778122827339402,0.0019735658079498898,0.0014770746760947016,0.026425037546077897,0.07468544952901358
1,7014,56115,115,4,0.9948186874389648,0.9934640526771545,68,0.790123462677002,0.24905014038085938,2.9114795078066875e-08,0.002056611967091487,0.0006951904517443265,0.010732021020133715,0.19163324067602902,0.005662669566531827,0.012578350715032584,0.19417862246760256,0.029162167774038083,0.000973630335813974,0.0006852148654782097,0.010578022642814957,0.09204275399006687
1,7014,56116,116,4,0.9948186874389648,0.9934640526771545,68,0.790123462677002,0.2644309997558594,2.9622785960410366e-08,0.0022411560867771373,0.0006912872176689357,0.009513873672413952,0.23556714793002814,0.003958611265640353,0.013262987831463739,0.18253250967492862,0.02168715738741678,0.0011581737926042212,0.0006770831840492614,0.009318389974694231,0.12428904518371209
1,7014,56117,117,4,0.9948186874389648,0.9934640526771545,68,0.790123462677002,0.42809295654296875,3.0180836093285986e-08,0.003479477866862723,0.0022042480567583283,0.021466247483141233,0.16209064344363736,0.011617308674537018,0.018992135655014664,0.18495644487649157,0.06281105090603743,0.0023964963654815284,0.002188974997850137,0.021317509567123746,0.11241915280654777
1,7014,56118,118,4,0.9948186874389648,0.9934640526771545,68,0.790123462677002,0.39714813232421875,2.870369264790561e-08,0.004724285692235505,0.0012898244613607987,0.022233468540983726,0.2124853206564268,0.020149140342747764,0.015169135471633925,0.2614793767724582,0.07705823912943519,0.0036413038798480428,0.0012779501573828111,0.022028784127058026,0.1652975424719614
1,7014,56119,119,4,0.9948186874389648,0.9934640526771545,68,0.790123462677002,0.3227500915527344,2.8988422817776727e-08,0.003300145584550792,0.0010215511229796348,0.014617679467991682,0.22576398612222395,0.012494103435364966,0.014175646261184583,0.202843547069119,0.061594778911589425,0.0022171640271234556,0.0010071667647809544,0.014411849399607251,0.15384313044402734
1,7014,56112,112,4,0.9948186874389648,0.9934640526771545,69,0.7823343873023987,0.3013725280761719,2.8618962401057502e-08,0.0022786130195355165,0.0009532852408837198,0.0168981705387581,0.13484376988084174,0.006731774126678173,0.013412586400704397,0.2377548320739991,0.028313931910258577,0.0012063071932734203,0.000947026941347542,0.01678723436948842,0.0718586020021225
1,7014,56113,113,4,0.9948186874389648,0.9934640526771545,69,0.7823343873023987,0.5712814331054688,2.9446090575123248e-08,0.004961365806676464,0.0025944906458888997,0.03506410856591182,0.14149413772633995,0.017871316515228233,0.019511636503094173,0.26369651466162924,0.06777228943719789,0.003889059927100824,0.0025844579769696797,0.03492851871795966,0.111343397024768
1,7014,56114,114,4,0.9948186874389648,0.9934640526771545,69,0.7823343873023987,0.3680381774902344,2.8701734684664757e-08,0.0031095754169303937,0.001567332612472451,0.028039762513077885,0.11089877867118425,0.010693878130587186,0.015744248649691615,0.2816664373414611,0.03796646214409677,0.002037268524022913,0.001561821935380387,0.027941175859729314,0.07291276982223072
1,7014,56115,115,4,0.9948186874389648,0.9934640526771545,69,0.7823343873023987,0.2586784362792969,2.895418736685711e-08,0.0020921599413634357,0.0007395152895845232,0.011416286878822407,0.18326098175094585,0.0065558590629392005,0.01228241888863019,0.18961016705584,0.03457546166819476,0.0010198543992982468,0.0007299865173534013,0.011269186205008669,0.09049938307390513
1,7014,56116,116,4,0.9948186874389648,0.9934640526771545,69,0.7823343873023987,0.27458953857421875,2.9541942140864443e-08,0.002258084504673841,0.0007319748168864926,0.01007383871891801,0.22415333098725373,0.00721848646926665,0.013206325061342703,0.18175268556841848,0.03971598244444835,0.0011857783046678137,0.0007185334055235407,0.009888850646786004,0.11991062935642637
1,7014,56117,117,4,0.9948186874389648,0.9934640526771545,69,0.7823343873023987,0.4390220642089844,3.005166482405343e-08,0.003559700753686754,0.0023123552170247258,0.02251905778271839,0.15807503084869498,0.01190570750022216,0.01916684310233224,0.1866578474431257,0.06378358940333224,0.0024873953448729565,0.002297523751103306,0.02237462035561901,0.11117039330002704
1,7014,56118,118,4,0.9948186874389648,0.9934640526771545,69,0.7823343873023987,0.4085845947265625,2.8574233104247614e-08,0.004876345691181137,0.0013641484525140286,0.023514635218038586,0.20737492399798688,0.02125118478428186,0.01535065291448152,0.2646083004950971,0.08031186000030872,0.003804039983419781,0.0013526178328044783,0.02331587509350206,0.16315235727437635
1,7014,56119,119,4,0.9948186874389648,0.9934640526771545,69,0.7823343873023987,0.33489990234375,2.880992771812079e-08,0.0033907793244074983,0.0010851715150029507,0.015528042618014224,0.21836489039989007,0.013925418871854037,0.014563763065550541,0.20839722609187303,0.0668215174117286,0.002318473859373069,0.001071306627043942,0.015329645804105138,0.15124118906597325
1,7014,56112,112,4,0.9948186874389648,0.9934640526771545,70,0.774193525314331,0.3145713806152344,2.8479441902246232e-08,0.0023249532036153774,0.0010197861679616313,0.01807698246047245,0.12861401003730427,0.006341881478879973,0.013381569711913942,0.23720502255817905,0.026735865077749377,0.001263805606952933,0.0010138264998114225,0.017971339905193534,0.07032339344868248
1,7014,56113,113,4,0.9948186874389648,0.9934640526771545,70,0.774193525314331,0.5833168029785156,2.912788533694888e-08,0.005095702693924463,0.002717884720088455,0.036731758908370854,0.13872743493269513,0.019122268010369387,0.019666288812202462,0.26578661483799126,0.07194594062618712,0.004034555016935761,0.0027081088635976095,0.036599639837576387,0.11023482839832578
1,7014,56114,114,4,0.9948186874389648,0.9934640526771545,70,0.774193525314331,0.3805084228515625,2.863466923027441e-08,0.0031884972232921224,0.0016536364059812128,0.029583747404801644,0.10777867927491186,0.008997349804623493,0.015454034311769987,0.27647446912204415,0.032543148859983134,0.0021273485672904714,0.0016482987289622615,0.029488255742858356,0.07214223132901597
1,7014,56115,115,4,0.9948186874389648,0.9934640526771545,70,0.774193525314331,0.2680702209472656,2.8814930934531343e-08,0.0021386075626898685,0.0007801503826339995,0.01204359220453257,0.1775722331319895,0.007010731416179689,0.01288067788878935,0.1988458062236138,0.035257124851281546,0.0010774602544126489,0.0007709179311943606,0.011901065990789333,0.09053476850279919
1,7014,56116,116,4,0.9948186874389648,0.9934640526771545,70,0.774193525314331,0.2848625183105469,2.9199593276748272e-08,0.0023097018030978408,0.0007776232620519963,0.010702077647031252,0.2158180756367947,0.006607893648928806,0.013372238490533706,0.1840360771392954,0.03590542545594115,0.0012485538434655016,0.000764698017370941,0.01052419334375242,0.11863653609202199
1,7014,56117,117,4,0.9948186874389648,0.9934640526771545,70,0.774193525314331,0.4504280090332031,2.9936603263060416e-08,0.0036465470627378605,0.0024260255209553033,0.023626045205561417,0.15434436999551188,0.010191001830469377,0.019365025983615416,0.1885878674168319,0.054038480683088766,0.002585399879944418,0.002411611855250506,0.02348567655956906,0.11008411332698084
1,7014,56118,118,4,0.9948186874389648,0.9934640526771545,70,0.774193525314331,0.42254638671875,2.826272148820546e-08,0.0050467399989739285,0.0014453793097481574,0.024914859638473844,0.20255943931470874,0.019284770576226403,0.01598895322987451,0.27561106126381246,0.06997096011965641,0.003985592514623035,0.0014341772510812409,0.024721763115321867,0.1612179720366657
1,7014,56119,119,4,0.9948186874389648,0.9934640526771545,70,0.774193525314331,0.34699249267578125,2.855346092267245e-08,0.0035004014689615777,0.0011560399784197892,0.016542120581723822,0.21160536532594953,0.014198989710988355,0.01465683602214414,0.2097290347659756,0.06770159280441156,0.0024392542312921834,0.0011426487457899615,0.016350501443081814,0.1491852858325807
1,7014,56112,112,4,0.9948186874389648,0.9934640526771545,71,0.7656765580177307,0.32720947265625,2.808065231136628e-08,0.002369144249234428,0.0010882307838893303,0.01929024869265902,0.12281564053324077,0.00596589359780898,0.013325763714569096,0.2362157916126286,0.02525611669347017,0.0013196704183777296,0.0010825551894428826,0.019189641698286596,0.06876993531857138
1,7014,56113,113,4,0.9948186874389648,0.9934640526771545,71,0.7656765580177307,0.595428466796875,2.903573657058473e-08,0.005250010301285973,0.0028494932720136063,0.038510426547900885,0.1363269839339689,0.018989147729503355,0.019838710156197592,0.2681168605586708,0.07082414619481958,0.004200536388498831,0.002839949188405955,0.0383814398489852,0.10944186578268486
1,7014,56114,114,4,0.9948186874389648,0.9934640526771545,71,0.7656765580177307,0.3933525085449219,2.8297817372479742e-08,0.0032524017565979334,0.001738865256693645,0.031108501445023706,0.10455025493097823,0.008051678007982567,0.015415275251431812,0.275781065029981,0.029195905843308154,0.002202926876128156,0.0017337139998185951,0.031016344861111114,0.07102470926192943
1,7014,56115,115,4,0.9948186874389648,0.9934640526771545,71,0.7656765580177307,0.28011322021484375,2.861996041697396e-08,0.002192206050103395,0.0008325708336293317,0.012852834305823247,0.17056207198673445,0.0032309309192589926,0.012652360605898277,0.19532115211897436,0.016541633531277564,0.0011427325099243252,0.0008237038861394326,0.012715950568989335,0.08986607046988149
1,7014,56116,116,4,0.9948186874389648,0.9934640526771545,71,0.7656765580177307,0.2979927062988281,2.906326540972304e-08,0.0023569850071505382,0.0008252951975939241,0.01135816495903847,0.2075145955047011,0.0031267607882012227,0.013426343325650783,0.18478069754195,0.016921468691237986,0.001307510823066491,0.0008129009409472485,0.011187588404191161,0.11687155227990542
1,7014,56117,117,4,0.9948186874389648,0.9934640526771545,71,0.7656765580177307,0.4623832702636719,2.985448594043337e-08,0.0037185427641188615,0.0025491990540762836,0.024825580592352847,0.14978673913730353,0.010084190286820834,0.01891260493209928,0.18418192851687387,0.05475124713930318,0.002669069340621225,0.002535297270891796,0.02469019695557013,0.10810239162628796
1,7014,56118,118,4,0.9948186874389648,0.9934640526771545,71,0.7656765580177307,0.4376335144042969,2.803215530748182e-08,0.005203371956330463,0.0015332028278512955,0.026428725660866202,0.19688319531937368,0.017624367445156885,0.015723812421196522,0.27104067203235566,0.06502480721067931,0.004153898231941771,0.0015223866624340327,0.026242281008324042,0.15829028850899643
1,7014,56119,119,4,0.9948186874389648,0.9934640526771545,71,0.7656765580177307,0.36072540283203125,2.8407951644016547e-08,0.003618097899007578,0.0012336678770583692,0.01765292131851194,0.20495745909281413,0.013055938481019842,0.014395296674510134,0.20598659029503183,0.06338246806415891,0.002568624423876965,0.0012207483210642282,0.017468051541422096,0.14704699134794572
1,7014,56112,112,4,0.9948186874389648,0.9934640526771545,72,0.7567567229270935,0.3404045104980469,2.7906770141926792e-08,0.0024110442096940076,0.0011586912097632236,0.02053924767175452,0.1173871725111755,0.006131749974061273,0.013461102931359175,0.23861484812564102,0.025697269144092167,0.0013737963754285867,0.0011532871969526775,0.02044345480079641,0.06719981474829137
1,7014,56113,113,4,0.9948186874389648,0.9934640526771545,72,0.7567567229270935,0.6091651916503906,2.891058749382094e-08,0.005410066148126727,0.0029885937890900493,0.04039034684750629,0.1339445330477707,0.01868969001421017,0.019760101768578585,0.26705448130437215,0.06998455866729612,0.0043728182364813,0.0029792847510810225,0.040264536750672854,0.10860222392620046
1,7014,56114,114,4,0.9948186874389648,0.9934640526771545,72,0.7567567229270935,0.40447998046875,2.8142602489223557e-08,0.0033083103405759247,0.0018262931622777744,0.032672596832363114,0.10125642468978625,0.010553007076968464,0.01548711853349652,0.277066349692103,0.03808837518051456,0.0022710614692413793,0.001821336036382501,0.03258391327423078,0.06969885569384522
1,7014,56115,115,4,0.9948186874389648,0.9934640526771545,72,0.7567567229270935,0.29056549072265625,2.8411755691048996e-08,0.002204307241519277,0.0008833852271260368,0.013637282851921156,0.16163830181235442,0.005823109338645231,0.012565272644126853,0.1939767294014494,0.030019628419416588,0.0011670596896564689,0.0008750405021642159,0.013508460939202433,0.0863947191992528
1,7014,56116,116,4,0.9948186874389648,0.9934640526771545,72,0.7567567229270935,0.308074951171875,2.895097325543772e-08,0.002365952927030045,0.0008730920835444694,0.01201597190707037,0.196900670651359,0.00394420185684603,0.013297675811333261,0.18300990467080705,0.021551849141393447,0.0013287047413670775,0.0008614272567014106,0.011855434165074114,0.11207558684619218
1,7014,56117,117,4,0.9948186874389648,0.9934640526771545,72,0.7567567229270935,0.47314453125,2.986651206753762e-08,0.0037926990993087896,0.002672930952636219,0.026030553666006196,0.14570182209615265,0.011029949765796049,0.01962030340417804,0.1910739071662393,0.057726091067995505,0.002755451672595607,0.0026595006924394,0.02589976199386931,0.10638907312151538
1,7014,56118,118,4,0.9948186874389648,0.9934640526771545,72,0.7567567229270935,0.4503593444824219,2.7697350134797348e-08,0.005348072394606641,0.0016278719746144904,0.02806059384092895,0.19059013593668095,0.018496168096265878,0.015227695871210112,0.2624888170805998,0.07046459465199406,0.004310824667387297,0.0016174824490809067,0.027881503432872205,0.1546123464169026
1,7014,56119,119,4,0.9948186874389648,0.9934640526771545,72,0.7567567229270935,0.37366485595703125,2.8184000821931476e-08,0.003728045819669247,0.0013117633627394646,0.018770412897644733,0.19861288294500085,0.013256731101261764,0.014959049388410002,0.21405349589145686,0.06193185981874382,0.0026907983360596323,0.0012993100780149447,0.018592215135113076,0.144727151472006
1,7014,56112,112,4,0.9948186874389648,0.9934640526771545,73,0.7474048137664795,0.3552131652832031,2.7563650375650796e-08,0.0024570239890359348,0.001236625775545187,0.021920735108008994,0.11208675151310196,0.006831617254513638,0.01361206210528571,0.2412907878716879,0.028312797661162733,0.0014325943238922842,0.0012314877776158483,0.021829657682791263,0.06562605537427303
1,7014,56113,113,4,0.9948186874389648,0.9934640526771545,73,0.7474048137664795,0.6223030090332031,2.872059398861955e-08,0.005574173113942237,0.0031353522263831575,0.04237376266223012,0.1315477494499392,0.018060892175207136,0.02032063936849909,0.27463005352315517,0.0657644418136646,0.004549743366541866,0.0031262840847026572,0.042251208239118224,0.10768315407201756
1,7014,56114,114,4,0.9948186874389648,0.9934640526771545,73,0.7474048137664795,0.41823577880859375,2.796528027814805e-08,0.003397839685683002,0.0019195297514757982,0.03434061024434585,0.09894523310756986,0.012059854698497137,0.015978626318985036,0.2858594810726121,0.04218805216201233,0.0023734089999440395,0.0019147119916569934,0.03425441996151161,0.06928767156503629
1,7014,56115,115,4,0.9948186874389648,0.9934640526771545,73,0.7474048137664795,0.30242919921875,2.8270122407504094e-08,0.002249027696660889,0.000933335073999254,0.014408384936609996,0.1560915887905227,0.005175891714329946,0.012913230949583273,0.19934834496221918,0.02596405661311555,0.0012245983114249125,0.0009253013253449841,0.014284363728879422,0.08572998662510113
1,7014,56116,116,4,0.9948186874389648,0.9934640526771545,73,0.7474048137664795,0.31938934326171875,2.887542604037556e-08,0.0023854564803691873,0.0009247465914896695,0.012726869563848234,0.18743466084898686,0.006605272443239794,0.01349681407170331,0.18575055458314532,0.035559906984197746,0.0013610264665025352,0.0009137248644686653,0.01257518251416828,0.10823115012200309
1,7014,56117,117,4,0.9948186874389648,0.9934640526771545,73,0.7474048137664795,0.4865379333496094,2.9641933915634662e-08,0.003882135838698051,0.002812417215940091,0.027388951891377886,0.14174094189855282,0.012722521717131088,0.019886493841079253,0.19366622420544333,0.06569303330680364,0.0028577065702422954,0.0027994444233775903,0.027262615304694607,0.10482143911373755
1,7014,56118,118,4,0.9948186874389648,0.9934640526771545,73,0.7474048137664795,0.4648170471191406,2.7613164996715415e-08,0.005510552840148886,0.0017215517395039698,0.029675407459364714,0.18569426039708556,0.019271628137785827,0.015635539462051016,0.2695190587283945,0.07150376759517643,0.004486123278202918,0.0017115124362044533,0.029502354039484847,0.1520598414688827
1,7014,56119,119,4,0.9948186874389648,0.9934640526771545,73,0.7474048137664795,0.3861579895019531,2.7995117440626673e-08,0.0038458008293984075,0.0013978930141578289,0.020002867748706164,0.19226247344694683,0.01025234499974439,0.01462390360385323,0.2092577949779186,0.048993849910471635,0.002821371512393736,0.0013859104748337706,0.019831406022404303,0.14226785076188364
1,7014,56112,112,4,0.9948186874389648,0.9934640526771545,74,0.73758864402771,0.36878204345703125,2.7340487542539126e-08,0.002514478440795891,0.0013216325670715138,0.023427586571305427,0.1073298110815936,0.007167929710331437,0.01376091231510324,0.2439293435970391,0.029385270359979947,0.0015035033452657181,0.0013167327129146474,0.023340730541644237,0.06441543646558905
1,7014,56113,113,4,0.9948186874389648,0.9934640526771545,74,0.73758864402771,0.6345024108886719,2.8553169022998025e-08,0.005738169840471453,0.003297153651870671,0.04456048195466746,0.12877261620080868,0.021760160482270616,0.020089431166662505,0.27150531321878235,0.08014635229158851,0.004727194675285823,0.003288357741267957,0.0444416066891897,0.10636867177971987
1,7014,56114,114,4,0.9948186874389648,0.9934640526771545,74,0.73758864402771,0.43181610107421875,2.7751367487671744e-08,0.0035116040368266526,0.00202360073423449,0.036202452215752946,0.0969990655853592,0.012964537795771827,0.015914361335294034,0.2847097730487614,0.045535977416382635,0.0025006279350762313,0.002018902898476127,0.0361184073882915,0.06923416938607485
1,7014,56115,115,4,0.9948186874389648,0.9934640526771545,74,0.73758864402771,0.31465911865234375,2.8043001218104868e-08,0.002287468052076187,0.000994405183888149,0.015351156376270877,0.1490094945298096,0.005280486307628273,0.012357775041546113,0.19077347966328576,0.027679352061661323,0.001276493233366203,0.0009867739043942366,0.015233348296868052,0.08379597239489678
1,7014,56116,116,4,0.9948186874389648,0.9934640526771545,74,0.73758864402771,0.3316459655761719,2.8699421432285226e-08,0.002440876917452745,0.0009825252890557142,0.013522051675639019,0.1805108408105085,0.006924036752064973,0.013711118013084396,0.188699922911805,0.036693373506576074,0.0014299014767723871,0.0009719544657742899,0.01337657021042112,0.10689597215722843
1,7014,56117,117,4,0.9948186874389648,0.9934640526771545,74,0.73758864402771,0.4994049072265625,2.96458649236696e-08,0.003998242754754238,0.0029641710103221848,0.028866818457585736,0.13850652646840492,0.011267707827831824,0.019568451884163503,0.19056894695652224,0.05912667309014684,0.0029872680536966586,0.002951583584032765,0.02874423479143436,0.10392581592002754
1,7014,56118,118,4,0.9948186874389648,0.9934640526771545,74,0.73758864402771,0.47956085205078125,2.731413471908782e-08,0.005691285936577543,0.0018267739384794505,0.03148918485374464,0.18073779816820962,0.019108861279027976,0.015831764139759237,0.2729014997732694,0.07002109293977461,0.004680310950610385,0.00181708956151292,0.031322249509382186,0.1494244833599342
1,7014,56119,119,4,0.9948186874389648,0.9934640526771545,74,0.73758864402771,0.4011116027832031,2.7693152712227178e-08,0.0039299416818352004,0.0014845329586264816,0.021242624535105007,0.18500264293334756,0.013395187943487546,0.0146175072110019,0.2091662670863145,0.0640408615121476,0.00291896693015442,0.001473099412807889,0.021079018520487457,0.13847736446160291
1,7014,56112,112,4,0.9948186874389648,0.9934640526771545,75,0.7272727489471436,0.3848533630371094,2.712481668401738e-08,0.002579562135659493,0.0014125271904721023,0.025038807202242157,0.10302256472618632,0.008215308541965076,0.013849979152842517,0.24550816444615975,0.03346246574120228,0.0015827264529986583,0.0014078453273338968,0.02495581533542674,0.06342114780565208
1,7014,56113,113,4,0.9948186874389648,0.9934640526771545,75,0.7272727489471436,0.6483154296875,2.832300400448231e-08,0.005962252376908442,0.0034632949105792296,0.04680585336961748,0.12738262306266693,0.017788843662615468,0.01990070764747094,0.2689547463179691,0.06614065714082912,0.00496541664219711,0.0034546741009923894,0.04668934456517912,0.10635010382862205
1,7014,56114,114,4,0.9948186874389648,0.9934640526771545,75,0.7272727489471436,0.4452323913574219,2.7401695716270557e-08,0.0036438136509258034,0.002134577104612582,0.03818783237386522,0.09541818491430104,0.00682322496976558,0.016188967523336775,0.289622509653657,0.02355902853657709,0.002646976978009703,0.0021299827304963846,0.03810563848720118,0.06946418123655801
1,7014,56115,115,4,0.9948186874389648,0.9934640526771545,75,0.7272727489471436,0.32706451416015625,2.778507810341762e-08,0.0023293280359839436,0.0010487572883443603,0.016190218429049313,0.14387255157747253,0.0020995391404930244,0.012658327034043352,0.19541325901156384,0.010744097668258944,0.0013324926197304451,0.0010414293324340447,0.016077092915505808,0.08288144049010884
1,7014,56116,116,4,0.9948186874389648,0.9934640526771545,75,0.7272727489471436,0.3454437255859375,2.8545604731164156e-08,0.002503577663908273,0.0010486658777660756,0.014432314717578878,0.17347027922408456,0.00495410507469804,0.013741461322357394,0.189117524169065,0.026195906997329495,0.0015067416360245729,0.0010385539255404108,0.014293148487396198,0.10541705610581383
1,7014,56117,117,4,0.9948186874389648,0.9934640526771545,75,0.7272727489471436,0.5111656188964844,2.9521776427960365e-08,0.004099912977523204,0.0031171048023398438,0.03035617652593959,0.13506025615642983,0.01154821699179256,0.019752095933984335,0.19235737934741104,0.06003521690184635,0.0031030776822797684,0.0031049370093739048,0.030237679492754223,0.10262287762602124
1,7014,56118,118,4,0.9948186874389648,0.9934640526771545,75,0.7272727489471436,0.4954948425292969,2.698604361532529e-08,0.005878945590023964,0.0019401387688985187,0.033443321611328784,0.17578832803594768,0.016646312260072047,0.01580502117469586,0.2724405154376165,0.0611007222377823,0.004882110019426329,0.0019308124891697894,0.033282559001249,0.14668673821754863
1,7014,56119,119,4,0.9948186874389648,0.9934640526771545,75,0.7272727489471436,0.4162254333496094,2.744326761481189e-08,0.004062323558415348,0.001575796104076852,0.022548536082187525,0.1801590818848957,0.01344590598287406,0.014793620697896793,0.21168632745677454,0.06351806535837633,0.0030654882125749038,0.0015647467201128824,0.022390427154038176,0.13691066237751673
1,7014,56112,112,4,0.9948186874389648,0.9934640526771545,76,0.7164179682731628,0.3993873596191406,2.6888344443585268e-08,0.0026636764295342764,0.0015089747670630643,0.02674846085823829,0.09958241872873548,0.00741965795089686,0.013578406832839927,0.24069420616777945,0.03082607624433169,0.0016817188337084454,0.0015044683823639837,0.026668579565743172,0.06305993274080028
1,7014,56113,113,4,0.9948186874389648,0.9934640526771545,76,0.7164179682731628,0.6606254577636719,2.823768454938969e-08,0.0061387694063383125,0.0036376361323493447,0.049162045918373656,0.12486806217403638,0.020100573281344236,0.020147604622037928,0.27229151777040417,0.07382004935714895,0.005156811741181941,0.0036292795878379827,0.049049108612376206,0.10513568721370728
1,7014,56114,114,4,0.9948186874389648,0.9934640526771545,76,0.7164179682731628,0.4595680236816406,2.7276709810150148e-08,0.003691267706772532,0.002253566381338611,0.04031656435739587,0.09155709980767218,0.0121899166254688,0.01588395788221561,0.2841658517412402,0.04289719032309648,0.0027093091291021153,0.002249205201851881,0.04023854234974306,0.06733119469272762
1,7014,56115,115,4,0.9948186874389648,0.9934640526771545,76,0.7164179682731628,0.3401641845703125,2.7529961477320668e-08,0.002325897937396658,0.0011106633689501307,0.01714589518880372,0.13565333928528098,0.005809265170346068,0.012649003307986946,0.19526932374350564,0.02975001428271846,0.001343940606444225,0.0011038350864220493,0.017040483396338922,0.07886751655959273
1,7014,56116,116,4,0.9948186874389648,0.9934640526771545,76,0.7164179682731628,0.3599662780761719,2.8477416587289246e-08,0.002540151976205536,0.0011178717734983419,0.015384764195240647,0.1651082814120313,0.0057844637243357165,0.013697296379216836,0.1885097020091161,0.030685230853826222,0.0015581940425967566,0.001108327617193234,0.015253412283798163,0.10215380097290334
1,7014,56117,117,4,0.9948186874389648,0.9934640526771545,76,0.7164179682731628,0.5240859985351562,2.9485206459164982e-08,0.004211081301772839,0.0032841242322703534,0.03198270871517702,0.13166743752928342,0.01120943006636661,0.019595900025546703,0.1908362528951971,0.05873847288608507,0.0032291240844523916,0.0032723748844568886,0.031868286743858484,0.10132719434861663
1,7014,56118,118,4,0.9948186874389648,0.9934640526771545,76,0.7164179682731628,0.5110321044921875,2.673565994119306e-08,0.0060396534948342784,0.0020627636951806205,0.0355570801284817,0.16985797126790608,0.01578724690420695,0.01602499265940877,0.27623229426627827,0.057152068139392116,0.0050576959996233095,0.0020538549003156588,0.0354035139523842,0.14285858760872258
1,7014,56119,119,4,0.9948186874389648,0.9934640526771545,76,0.7164179682731628,0.42978668212890625,2.7179993252531855e-08,0.004202375378672363,0.001677584415111504,0.024005055360393483,0.17506209902793904,0.013192028931595214,0.015160609543234543,0.21693768021710286,0.06081022401637715,0.0032204181127961336,0.0016669408094389683,0.023852752834748935,0.13501242959699794
1,7014,56112,112,4,0.9948186874389648,0.9934640526771545,77,0.7049808502197266,0.41416168212890625,2.6529075800331878e-08,0.0027396025315940173,0.0016076215319217675,0.02849709787073817,0.09613619407915702,0.008310435457510597,0.013576909368645168,0.2406676617461798,0.03453075247922257,0.0017733212624663406,0.0016032993682572392,0.02842048212597754,0.06239588950693587
1,7014,56113,113,4,0.9948186874389648,0.9934640526771545,77,0.7049808502197266,0.673065185546875,2.8015529333415792e-08,0.006361660763637641,0.0038263798455737477,0.051712885738174334,0.12301886991662268,0.019903738738883597,0.020590004625195755,0.27827048006300903,0.07152659072703932,0.005395379446693547,0.003818243654990653,0.05160292647878343,0.10455568733900898
1,7014,56114,114,4,0.9948186874389648,0.9934640526771545,77,0.7049808502197266,0.473876953125,2.6994011779817257e-08,0.0038269429938548438,0.0023766862107195688,0.04251919240776664,0.0900050724659532,0.009786870487855604,0.016448924462260917,0.2942731694900277,0.03325777373729364,0.002860660765952471,0.0023724347889876405,0.04244313397909772,0.06739984769647976
1,7014,56115,115,4,0.9948186874389648,0.9934640526771545,77,0.7049808502197266,0.3533172607421875,2.7340298669260416e-08,0.002381508390489225,0.0011759409706722155,0.018153619895130643,0.13118641925118296,0.004925626932852655,0.01284307215874194,0.1982652667695209,0.024843619929549185,0.0014152273749126571,0.0011693771097192058,0.018052290117737724,0.07839600215166555
1,7014,56116,116,4,0.9948186874389648,0.9934640526771545,77,0.7049808502197266,0.37471771240234375,2.8378911788667014e-08,0.002591945881588657,0.0011920089044930263,0.016405080036023954,0.15799653984601095,0.005663557166058314,0.013807310262095094,0.190023773377953,0.029804466385338152,0.0016256642720619081,0.0011829491866240268,0.0162803952319218,0.0998541035953713
1,7014,56117,117,4,0.9948186874389648,0.9934640526771545,77,0.7049808502197266,0.5376815795898438,2.9499566149292985e-08,0.00432280511791404,0.003457314116064623,0.033669332367041206,0.12838998619840825,0.013592857892113364,0.019911350930994224,0.193908296980415,0.07009941350516972,0.003356524226407226,0.003445980232828573,0.03355895643101888,0.10001873071669048
1,7014,56118,118,4,0.9948186874389648,0.9934640526771545,77,0.7049808502197266,0.5267562866210938,2.6532034023991235e-08,0.006195268997433706,0.002190973011220353,0.03776710008098209,0.16403877936483088,0.02021267298104573,0.016362601535089862,0.2820518585104648,0.07166296683095881,0.005228987837744622,0.002182478176483837,0.0376206695809155,0.13899241815720428
1,7014,56119,119,4,0.9948186874389648,0.9934640526771545,77,0.7049808502197266,0.4458656311035156,2.7077145476568716e-08,0.004345888466509997,0.0017903674438890023,0.02561890133149876,0.16963602030687683,0.012623669303679757,0.015054435915617791,0.2154184101369832,0.05860069849950358,0.0033796075235613364,0.001780156610282422,0.025472791470323497,0.1326751929602483
1,7014,56112,112,4,0.9948186874389648,0.9934640526771545,78,0.6929134130477905,0.429290771484375,2.6375728406570445e-08,0.0028349626279146867,0.0017140133291354094,0.030383025247075666,0.09330745061957084,0.009661295003143089,0.014093003663128833,0.2498160771713262,0.0386736318676451,0.0018852215883223172,0.0017098463885700428,0.030309161025457006,0.062199728548701774
1,7014,56113,113,4,0.9948186874389648,0.9934640526771545,78,0.6929134130477905,0.686981201171875,2.7855645324146764e-08,0.006593466151482672,0.004033121138137435,0.05450695984246791,0.12096558257034756,0.021548744105486174,0.020316734568789987,0.27457728080603433,0.07847970539379237,0.005643725040338727,0.004025224959969436,0.05440024431085586,0.10374447967713428
1,7014,56114,114,4,0.9948186874389648,0.9934640526771545,78,0.6929134130477905,0.489715576171875,2.6777727869263756e-08,0.003928962555166963,0.002514313277700694,0.04498135662410017,0.08734646640385893,0.009640045297310454,0.016921748629884156,0.302732048776464,0.031843491088149115,0.0029792205671816635,0.002510233414166924,0.0449083673915261,0.06633998829678724
1,7014,56115,115,4,0.9948186874389648,0.9934640526771545,78,0.6929134130477905,0.3670997619628906,2.7140002660738967e-08,0.0024250584802849627,0.0012473336144294591,0.019255745724913242,0.12593947359553062,0.005137865749402533,0.012866275724132315,0.19862347242508868,0.025867364449286282,0.0014753176942336958,0.0012410871373833116,0.019159315569992626,0.0770026303311347
1,7014,56116,116,4,0.9948186874389648,0.9934640526771545,78,0.6929134130477905,0.389404296875,2.8255083396781464e-08,0.0026445237852325996,0.0012728820353710357,0.017518100400063814,0.15095950615872522,0.004921426178212881,0.014093104560243973,0.19395703118945043,0.025373796185845947,0.0016947824171995175,0.0012643062626324954,0.017400075914159204,0.09740086339625673
1,7014,56117,117,4,0.9948186874389648,0.9934640526771545,78,0.6929134130477905,0.5501708984375,2.9602021287350434e-08,0.004481484218291808,0.003647393076457213,0.03552043165353721,0.1261663783256849,0.012902950853716455,0.01991235759831817,0.19391810049134145,0.06653814585138522,0.003531743546826625,0.0036363760354151627,0.035413141310775886,0.0997297448377433
1,7014,56118,118,4,0.9948186874389648,0.9934640526771545,78,0.6929134130477905,0.5422401428222656,2.6209035080772987e-08,0.006435212221026374,0.002337504736122578,0.04029295425220204,0.1597106079824039,0.019107584251546024,0.01626502619083473,0.28036989448213234,0.06815134088072972,0.005485471284517482,0.0023293402197578934,0.04015221764564471,0.13661689456179985
1,7014,56119,119,4,0.9948186874389648,0.9934640526771545,78,0.6929134130477905,0.4607658386230469,2.6849848333578747e-08,0.00448758324847161,0.0019094447261534845,0.02732281365160344,0.16424308659032474,0.010782145248977594,0.01467932114708391,0.21005078111990122,0.05133113617331862,0.0035378425291408538,0.0018996720861767906,0.027182974033671523,0.1301492075428734
1,7014,56112,112,4,0.9948186874389648,0.9934640526771545,79,0.6801619529724121,0.44759368896484375,2.607773686530878e-08,0.002960585506914659,0.0018396206997529992,0.03260957264190723,0.0907888471715189,0.008091681165696604,0.01397087554816088,0.24765120392479154,0.03267370009698779,0.002028322198405254,0.0018355932571135207,0.03253818119511017,0.06233668029084766
1,7014,56113,113,4,0.9948186874389648,0.9934640526771545,79,0.6801619529724121,0.6989936828613281,2.7719478276814505e-08,0.006868682878095431,0.0042475268704147235,0.05740461757179418,0.1196538391620671,0.021329190328507438,0.020557796209250807,0.2778351886908011,0.076769218575277,0.0059364194971602575,0.004239826251064863,0.05730054498500873,0.10360144914351818
1,7014,56114,114,4,0.9948186874389648,0.9934640526771545,79,0.6801619529724121,0.5031967163085938,2.654820139905104e-08,0.00403406355164167,0.002676502756804968,0.04788294524671526,0.08424844233904773,0.008648518294920242,0.016877172680337366,0.3019345798607147,0.028643682677584943,0.003101799310198733,0.002672616984316038,0.0478134283254808,0.06487297436786639
1,7014,56115,115,4,0.9948186874389648,0.9934640526771545,79,0.6801619529724121,0.3811187744140625,2.689581748260756e-08,0.0024749820388685717,0.001325102900371351,0.02045631113739121,0.12098867788262462,0.004768174077471458,0.012739117641656085,0.19666046615739516,0.024245717355593468,0.0015427189824232408,0.0013191591595385823,0.020364554480786612,0.07575510595523968
1,7014,56116,116,4,0.9948186874389648,0.9934640526771545,79,0.6801619529724121,0.4041328430175781,2.7989369094815202e-08,0.002686424184698459,0.0013655567171121648,0.018793540177019914,0.14294402009384718,0.006607649608781812,0.01383811577908438,0.19044773579119964,0.03469534348271912,0.0017541605573350813,0.0013575303819663613,0.0186830773524835,0.09389034387859582
1,7014,56117,117,4,0.9948186874389648,0.9934640526771545,79,0.6801619529724121,0.5643997192382812,2.9546136543359257e-08,0.004636460940720557,0.00384885910734424,0.03748242484446111,0.12369693156086461,0.012556545607467216,0.020222484338071337,0.19693829475952726,0.06375878100701271,0.0037041979961921945,0.003838193450478687,0.037378556484843305,0.09909954649249807
1,7014,56118,118,4,0.9948186874389648,0.9934640526771545,79,0.6801619529724121,0.5594367980957031,2.5890743454798606e-08,0.006668419673411952,0.0024904387963041803,0.04292916927041096,0.1553353998398515,0.01861884981277141,0.018039699508686096,0.3109609900652811,0.05987519466304339,0.0057361564589585665,0.0024826126979725707,0.042794266176023284,0.13404030426329433
1,7014,56119,119,4,0.9948186874389648,0.9934640526771545,79,0.6801619529724121,0.4760169982910156,2.6648471368130368e-08,0.004603419909989036,0.0020234554543921857,0.028954227140186,0.15898956265352637,0.014172670795557342,0.015170215670955813,0.21707513716154683,0.06528924031041876,0.003671156919298596,0.0020141244978834306,0.028820707702630188,0.12737913854084734
1,7014,56112,112,4,0.9948186874389648,0.9934640526771545,80,0.6666666865348816,0.46321868896484375,2.5807369871269865e-08,0.00306239256884938,0.0019697160711136083,0.03491567545067063,0.08770824362759279,0.006279110702139993,0.013997895629363528,0.24813016858358575,0.02530571247334963,0.00214862657210138,0.0019658655861055667,0.03484742079872353,0.06165812340923908
1,7014,56113,113,4,0.9948186874389648,0.9934640526771545,80,0.6666666865348816,0.7115364074707031,2.7565438994374953e-08,0.007155597667656954,0.004479604168319934,0.06054110356465222,0.11819404084723112,0.020817468685866414,0.020772519343310307,0.28073713605230166,0.07415288543083269,0.006241831605322051,0.004472116851400545,0.060439913724656125,0.10327333744647174
1,7014,56114,114,4,0.9948186874389648,0.9934640526771545,80,0.6666666865348816,0.5196647644042969,2.6292616674672637e-08,0.004125619244941761,0.0028471185141530496,0.050935280965986984,0.0809972806019608,0.009583553281169993,0.01689628268883331,0.3022764601327036,0.03170459676867554,0.003211852341242144,0.0028434372105638336,0.05086942201712142,0.0631391553881055
1,7014,56115,115,4,0.9948186874389648,0.9934640526771545,80,0.6666666865348816,0.39505767822265625,2.6793465891850777e-08,0.002520480837320766,0.001405101600272779,0.021691293186945088,0.1161978133621705,0.006026050380164762,0.012976862080304047,0.20033065222883475,0.030080520944350014,0.0016067150902612732,0.00139945906959545,0.021604186470096636,0.07437054352799642
1,7014,56116,116,4,0.9948186874389648,0.9934640526771545,80,0.6666666865348816,0.4179191589355469,2.8032998389005353e-08,0.0027642267758250824,0.0014596950758924952,0.02008912387981791,0.13759817463229948,0.005505486416379875,0.013807428427056229,0.19002539962892945,0.02897237120474773,0.0018504604696201968,0.0014520492698664085,0.01998389810564367,0.09259757329815482
1,7014,56117,117,4,0.9948186874389648,0.9934640526771545,80,0.6666666865348816,0.5755348205566406,2.9663181462088733e-08,0.004793605522031187,0.004069478422052103,0.03963094383467168,0.1209561281716797,0.012886030409027433,0.02022931181258959,0.19700478467078938,0.065409733223287,0.0038798398777329765,0.004059197894548059,0.03953082608840333,0.09814719958182602
1,7014,56118,118,4,0.9948186874389648,0.9934640526771545,80,0.6666666865348816,0.5772933959960938,2.5694837192220393e-08,0.006905532234779947,0.0026681301851225326,0.04599214103257498,0.15014591797083218,0.018145028202612365,0.01872970228437931,0.3228549767790865,0.056201791849806615,0.005991766339740199,0.0026606871411577727,0.045863840873292025,0.13064248928243155
1,7014,56119,119,4,0.9948186874389648,0.9934640526771545,80,0.6666666865348816,0.49259185791015625,2.63682506621346e-08,0.00479328679786887,0.002165689075840277,0.030989490418870995,0.15467459235631725,0.010505067912239433,0.015235378287531355,0.21800756846231095,0.04818671198589854,0.0038795211127731137,0.002156734799454255,0.030861361009452012,0.125708037036504
1,7014,56112,112,4,0.9948186874389648,0.9934640526771545,81,0.6523604989051819,0.4798927307128906,2.545866663343692e-08,0.003131422177563592,0.002109585422688039,0.03739503425607831,0.08373898406189052,0.006667999185333958,0.014008957530276618,0.24832625458187413,0.026851768841604676,0.0022372649291664587,0.0021059613644793997,0.037330793301718006,0.059930816660772566
1,7014,56113,113,4,0.9948186874389648,0.9934640526771545,81,0.6523604989051819,0.7235565185546875,2.7505074267264826e-08,0.007448770628731188,0.004731353756000064,0.06394345727435899,0.116489957631961,0.019914342614362687,0.020648875291210338,0.27906610730019094,0.07136066363279601,0.006554613306419063,0.004724103712458889,0.06384547414451493,0.10266371100295418
1,7014,56114,114,4,0.9948186874389648,0.9934640526771545,81,0.6523604989051819,0.5340766906738281,2.6062747300429218e-08,0.004242742037913468,0.003027382063047701,0.05416021679680412,0.07833687324094728,0.011078096188351406,0.01646537735547268,0.29456751366090733,0.037608003851721424,0.0033485838937583417,0.003023877284502563,0.0540975159014839,0.061899032477875565
1,7014,56115,115,4,0.9948186874389648,0.9934640526771545,81,0.6523604989051819,0.41069793701171875,2.6569207548319004e-08,0.002595707981269507,0.0014971213157232437,0.023111849982573103,0.11231069703319874,0.005081825915598126,0.012727189343752355,0.1964763227424273,0.025864826075049252,0.0017015509803312654,0.0014917268257067975,0.02302857239999967,0.0738886870960047
1,7014,56116,116,4,0.9948186874389648,0.9934640526771545,81,0.6523604989051819,0.4331016540527344,2.7900750918098845e-08,0.0028230526112485057,0.0015571816086215353,0.02143078698806001,0.13172883538160995,0.005109489334522238,0.013925096187414242,0.19164480785571103,0.026661245831241936,0.0019288950617020067,0.0015499618362650952,0.021331424522810935,0.09042504684294884
1,7014,56117,117,4,0.9948186874389648,0.9934640526771545,81,0.6523604989051819,0.5884437561035156,2.9741611158629092e-08,0.0049672627502525485,0.004304885052055934,0.04192347028755472,0.11848405478320138,0.011897144368912498,0.020277368842088795,0.1974727919285804,0.06024700543665436,0.004073105849990593,0.004294974054257488,0.041826951236128534,0.09737993637156127
1,7014,56118,118,4,0.9948186874389648,0.9934640526771545,81,0.6523604989051819,0.5933113098144531,2.539423446191222e-08,0.0071467243480922045,0.0028714605594822263,0.049497067181194614,0.1443868244138605,0.02097879396488354,0.01868683471721039,0.3221160431221196,0.06512806304692538,0.0062525671865028285,0.0028644307657377747,0.049375890460835334,0.1266319883681354
1,7014,56119,119,4,0.9948186874389648,0.9934640526771545,81,0.6523604989051819,0.50872802734375,2.6248613805013292e-08,0.0049158570437860555,0.002317850118010957,0.03316680811930967,0.14821616316235298,0.012865577831839413,0.015381880103991878,0.22010390661546392,0.058452292054572336,0.0040217001017871165,0.0023094153849569357,0.03304611301026595,0.12169964136289656
1,7014,56112,112,4,0.9948186874389648,0.9934640526771545,82,0.6371681094169617,0.4995918273925781,2.5195602243434998e-08,0.0032137835856786623,0.002257785252591772,0.040022061185821474,0.08030030164506373,0.006506898764700483,0.014074616175236414,0.24949013600192615,0.02608078567342737,0.0023404497798380306,0.0022543639926224175,0.0399614150833328,0.0585677402804034
1,7014,56113,113,4,0.9948186874389648,0.9934640526771545,82,0.6371681094169617,0.7363471984863281,2.736295328184037e-08,0.007739074736799036,0.004999627845512666,0.06756913687162275,0.11453564593407205,0.020137112033607994,0.02081201289187803,0.281270884777442,0.07159330426091437,0.006865740847884007,0.004992639274489942,0.06747468749927689,0.10175283654270478
1,7014,56114,114,4,0.9948186874389648,0.9934640526771545,82,0.6371681094169617,0.5509071350097656,2.5932564221616504e-08,0.004401924802365353,0.0032135593496194844,0.05749095008165996,0.07656726486712905,0.011304593922574102,0.01682386012324767,0.30098081202109717,0.037559184742254295,0.00352859012394937,0.0032101906038861125,0.05743068282914507,0.061440852696229335
1,7014,56115,115,4,0.9948186874389648,0.9934640526771545,82,0.6371681094169617,0.4271430969238281,2.6462137218980804e-08,0.002653604986655177,0.001590251374003075,0.024549547725051604,0.10809180748968765,0.006898459898029958,0.01305875841588399,0.20159492907945972,0.034219411815219286,0.0017802714151036588,0.001585134353652888,0.024470553587803503,0.07275157910571231
1,7014,56116,116,4,0.9948186874389648,0.9934640526771545,82,0.6371681094169617,0.44773101806640625,2.795013021233128e-08,0.0028762978897523147,0.0016655867905351193,0.02292271853228656,0.12547804422503642,0.006962713260222386,0.01402961642744879,0.19308327269996525,0.036060675597941835,0.002002963784399944,0.0016588194271701644,0.02282958236760148,0.0877354544707941
1,7014,56117,117,4,0.9948186874389648,0.9934640526771545,82,0.6371681094169617,0.6024055480957031,2.984362683496101e-08,0.005128646823969715,0.004557157532733728,0.04438024618753194,0.11556147756139627,0.012586537432779567,0.02044787942775948,0.19913332301957076,0.06320658562777345,0.004255313352263767,0.004547666722703534,0.044287819168576895,0.09608315406243795
1,7014,56118,118,4,0.9948186874389648,0.9934640526771545,82,0.6371681094169617,0.6122703552246094,2.509088705433816e-08,0.00746885036540327,0.0030978518996723757,0.053399508862877705,0.13986739811750346,0.02153310137757599,0.018605909179794374,0.32072108168031,0.0671396506421111,0.0065955166447555546,0.003091172676986853,0.05328437514359616,0.1237795625261868
1,7014,56119,119,4,0.9948186874389648,0.9934640526771545,82,0.6371681094169617,0.5275154113769531,2.5939522814758093e-08,0.005100993023761851,0.0024819899924367803,0.03551553450049629,0.14362709432658458,0.011741212263560638,0.01536646515183072,0.2198833294709261,0.05339746442721166,0.00422765951072339,0.002473961479751602,0.03540065211977477,0.11942320995724888
1,7014,56112,112,4,0.9948186874389648,0.9934640526771545,83,0.621004581451416,0.517425537109375,2.4887016301515987e-08,0.0032973256925461062,0.002419103964652275,0.04288163667338921,0.07689365304921551,0.00574412177229539,0.014200627340293379,0.25172384115710744,0.022819140792906988,0.002446146409859334,0.0024158861177768416,0.0428245963218379,0.05712012768260352
1,7014,56113,113,4,0.9948186874389648,0.9934640526771545,83,0.621004581451416,0.7483329772949219,2.7383904695223657e-08,0.008053584701468984,0.0052883215838207915,0.07147078461831056,0.11268359154693937,0.020698014276249208,0.020894844786030035,0.2823903440184565,0.07329575785670782,0.007202405350401756,0.005281595440897427,0.07137988191797962,0.10090245538200546
1,7014,56114,114,4,0.9948186874389648,0.9934640526771545,83,0.621004581451416,0.567138671875,2.5597452613442273e-08,0.004577029124231666,0.003424228857938092,0.061259852058810946,0.07471498820855145,0.009695014448012178,0.017087067901989904,0.3056896297594614,0.03171522192506469,0.003725848988873838,0.0034210030609957286,0.061202142176773465,0.06087775454186337
1,7014,56115,115,4,0.9948186874389648,0.9934640526771545,83,0.621004581451416,0.444976806640625,2.632158593240788e-08,0.0027612883591539537,0.0016992055667862107,0.026231530963236743,0.10526600079209537,0.0058677619639198415,0.013108513949987988,0.20236303145562481,0.028996214979150253,0.0019101093107606476,0.0016942889064800021,0.026155629889476756,0.0730286106215758
1,7014,56116,116,4,0.9948186874389648,0.9934640526771545,83,0.621004581451416,0.4652900695800781,2.7989554585780198e-08,0.002979961201413984,0.001786925189377594,0.024592644098237262,0.12117286736270785,0.007061215611327701,0.013918401010316543,0.19155266515801045,0.03686305072029644,0.0021287816325036113,0.0017804897248835916,0.024504075707770415,0.08687459416510698
1,7014,56117,117,4,0.9948186874389648,0.9934640526771545,83,0.621004581451416,0.6162757873535156,2.9950713981939355e-08,0.005317837001762897,0.004832947978899296,0.04706605369124027,0.11298667690834319,0.013016879869793553,0.020504066932264076,0.19968050956396066,0.06518853491619347,0.004466658048168684,0.004823854405917038,0.04697749519731548,0.09508080474294701
1,7014,56118,118,4,0.9948186874389648,0.9934640526771545,83,0.621004581451416,0.6277122497558594,2.478597348092853e-08,0.007825630266468393,0.0033443754939598913,0.05764898213803876,0.13574620012769967,0.020079236331882556,0.018589283987163297,0.32043450338347657,0.06266252890954425,0.006974451064483949,0.0033380309561819145,0.057539617580830024,0.12121128637475627
1,7014,56119,119,4,0.9948186874389648,0.9934640526771545,83,0.621004581451416,0.5430755615234375,2.58071769535291e-08,0.005269440199490994,0.0026596273845029797,0.038057400884216615,0.13846032774341055,0.012418371940592346,0.015427343532105755,0.2207544563576504,0.056254229905433925,0.004418261205247903,0.0026520455629496656,0.03794891034002672,0.1164265631255222
1,7014,56112,112,4,0.9948186874389648,0.9934640526771545,84,0.6037735939025879,0.5358467102050781,2.4667843619566315e-08,0.0033652165611617445,0.002596238972008281,0.04602157573287904,0.07312258451762538,0.007501590945333548,0.014249181394070989,0.25258452235292816,0.029699329457930194,0.0025376549239880418,0.0025932432268161217,0.04596847241083364,0.05520424740914338
1,7014,56113,113,4,0.9948186874389648,0.9934640526771545,84,0.6037735939025879,0.7602767944335938,2.726023775278903e-08,0.008404430032997977,0.0055998359813907665,0.07568084977061558,0.11105094694987348,0.022238962620054082,0.020907799679764576,0.28256542724763967,0.07870376371474458,0.007576868328010392,0.0055933670204013275,0.07559342284124826,0.10023184614781068
1,7014,56114,114,4,0.9948186874389648,0.9934640526771545,84,0.6037735939025879,0.5828208923339844,2.5447248849494408e-08,0.004719039054630768,0.003658428927815631,0.06544971851578028,0.07210174713727734,0.008574489123790115,0.01704053209874215,0.304857098833327,0.02812625704503605,0.0038914765899649944,0.0036553848121634583,0.0653952589331301,0.05950701401678404
1,7014,56115,115,4,0.9948186874389648,0.9934640526771545,84,0.6037735939025879,0.46050262451171875,2.6225880773305053e-08,0.0028474828494140245,0.00181904192882467,0.02808150797765939,0.10140063887165093,0.005784076427193339,0.013070525590093885,0.20177658514313448,0.02866574643975802,0.0020199214394752856,0.001814390036257284,0.028009694262883352,0.07211508346065583
1,7014,56116,116,4,0.9948186874389648,0.9934640526771545,84,0.6037735939025879,0.48094940185546875,2.809819013038818e-08,0.0030932037840213623,0.001914581115204309,0.02634951493398885,0.11739129892032156,0.006296288216466038,0.013902726675967045,0.19133694637558718,0.03290680830719783,0.0022656418660180026,0.0019084567437650279,0.026265227976690928,0.08626012566990267
1,7014,56117,117,4,0.9948186874389648,0.9934640526771545,84,0.6037735939025879,0.6271209716796875,3.023852461903072e-08,0.005531462402659127,0.005131747374800433,0.04997593570772247,0.1106825179824374,0.012167906457404405,0.02064701830243885,0.20107265301207092,0.06051497443898516,0.004703901084972111,0.0051230380267097315,0.04989111901889356,0.09428333493964654
1,7014,56118,118,4,0.9948186874389648,0.9934640526771545,84,0.6037735939025879,0.6464424133300781,2.4439769067295694e-08,0.008165630919868468,0.003615188094902112,0.06231713941364076,0.13103346842780578,0.02056532259136099,0.01868365578828022,0.3220612460404389,0.06385531585746504,0.007338069371362021,0.0036092111216206708,0.06221411078346343,0.11794863382203138
1,7014,56119,119,4,0.9948186874389648,0.9934640526771545,84,0.6037735939025879,0.5595893859863281,2.5505573661212097e-08,0.005467802119919056,0.0028494577748685744,0.04077374051443923,0.13410106727840534,0.010675660570270744,0.01555155835928173,0.22253188333901802,0.0479736225213482,0.004640240765183426,0.0028422800694080275,0.040671032587858036,0.11409203233676263
1,7014,56112,112,4,0.9948186874389648,0.9934640526771545,85,0.5853658318519592,0.5548591613769531,2.4390198981498662e-08,0.003491326580302633,0.002788605419688387,0.04943151108005812,0.0706295742132617,0.006533061796926759,0.014270557853374582,0.2529634467706524,0.025826109978845737,0.002688995468087849,0.0027857744682730345,0.04938132893335959,0.054453687783831514
1,7014,56113,113,4,0.9948186874389648,0.9934640526771545,85,0.5853658318519592,0.77001953125,2.742266296870642e-08,0.008826215304259805,0.005936140010597255,0.08022594266194484,0.11001697220874812,0.018930484276876103,0.020994443670476225,0.28373640633816405,0.06671855938823121,0.008023884154830175,0.005929902270829654,0.08014164064884502,0.10012128638579117
1,7014,56114,114,4,0.9948186874389648,0.9934640526771545,85,0.5853658318519592,0.6005325317382812,2.5308732339165557e-08,0.004836583025531838,0.003909680528383936,0.06994463883767194,0.06914873113801642,0.010417005990919662,0.017310423930604397,0.30968549505849,0.03363737132393692,0.004034251118232627,0.003906835547153307,0.0698937417929565,0.057719775973407335
1,7014,56115,115,4,0.9948186874389648,0.9934640526771545,85,0.5853658318519592,0.4801368713378906,2.605112655501816e-08,0.002937013273973468,0.0019439823478675526,0.030010279007336403,0.09786690997626106,0.0048205845460511515,0.013047242224249685,0.2014171475659462,0.02393333737621738,0.0021346823742491436,0.0019395856717739763,0.029942405203637595,0.07129294923808621
1,7014,56116,116,4,0.9948186874389648,0.9934640526771545,85,0.5853658318519592,0.4957427978515625,2.8192369043011563e-08,0.0031908579194195137,0.0020514868944188102,0.028233687323089705,0.11301598274802768,0.005713499387784348,0.014118822768235827,0.1943109792672703,0.02940389374460185,0.002388526524683946,0.002045718550771724,0.028154300215452295,0.08483700558726795
1,7014,56117,117,4,0.9948186874389648,0.9934640526771545,85,0.5853658318519592,0.6387825012207031,3.06375123285296e-08,0.005733793869785725,0.005454620637406502,0.05312026301677498,0.10793986219486595,0.010978669516417495,0.020622103491725673,0.20083001811845042,0.05466647675121071,0.0049314630699064535,0.0054463437182678005,0.053039657572172424,0.09297690248463775
1,7014,56118,118,4,0.9948186874389648,0.9934640526771545,85,0.5853658318519592,0.6656112670898438,2.4208166841166325e-08,0.008543671394554728,0.003916789246218061,0.06751601717614884,0.12654288199886474,0.0196359062953087,0.018695569110530462,0.3222666030354442,0.06093062734505277,0.007741340377173393,0.003911171778713022,0.06741918556006868,0.11482399724743139
1,7014,56119,119,4,0.9948186874389648,0.9934640526771545,85,0.5853658318519592,0.5792388916015625,2.5569474660420767e-08,0.005626578260475778,0.0030617188785733982,0.043811047906779206,0.12842829672661485,0.01074388672746511,0.015658059849337387,0.22405584490048763,0.04795182527925977,0.004824247419181449,0.003055023932619473,0.04371524792985338,0.11035617199112223
1,7014,56112,112,4,0.9948186874389648,0.9934640526771545,86,0.5656565427780151,0.5729866027832031,2.4249469283041524e-08,0.0035937415414256293,0.002998854906507559,0.053158445612961604,0.0676043383132589,0.007460136008586734,0.014389370041394876,0.25506954107395735,0.029247459250431117,0.002818424987121002,0.002996215821798346,0.053111664543067795,0.05306602629325551
1,7014,56113,113,4,0.9948186874389648,0.9934640526771545,86,0.5656565427780151,0.7817649841308594,2.7476409030080104e-08,0.009166427467805485,0.006299610328161809,0.08513818341169073,0.107665293062229,0.019484557946716642,0.02115569967220004,0.2859157543193596,0.06814789899598522,0.008391110848318941,0.006293692264624297,0.0850582017695491,0.09865140190775776
1,7014,56114,114,4,0.9948186874389648,0.9934640526771545,86,0.5656565427780151,0.6178627014160156,2.5233633388922144e-08,0.005024475712335085,0.004193976922041164,0.0750307343467152,0.0669655675915033,0.013308231433314725,0.017450740699856665,0.31219577836091517,0.04262783918214836,0.004249158388593373,0.004191297838679928,0.07498280523415543,0.056668437188021316
1,7014,56115,115,4,0.9948186874389648,0.9934640526771545,86,0.5656565427780151,0.4976310729980469,2.590226409434575e-08,0.00300043272538562,0.002081730144270005,0.03213676426437487,0.09336449372134653,0.005048176144940401,0.013142599445483745,0.20288922719554656,0.02488144005829803,0.0022251163860708785,0.0020776428918043025,0.03207366719613054,0.06937517847473713
1,7014,56116,116,4,0.9948186874389648,0.9934640526771545,86,0.5656565427780151,0.5130577087402344,2.8235864073248592e-08,0.0032757954333674996,0.002208573657530067,0.030395601476353628,0.10777202207746792,0.007149226270870296,0.013964367112377144,0.19218527585446235,0.03719965662865997,0.0025004786175118077,0.0022032143150325697,0.030321843266762655,0.08246459806263534
1,7014,56117,117,4,0.9948186874389648,0.9934640526771545,86,0.5656565427780151,0.6505775451660156,3.10188944689204e-08,0.005910388775011012,0.005803229854148482,0.05651522199089912,0.10458047525607857,0.012575055605291914,0.020573174759242932,0.20035352171084755,0.06276433525056961,0.005135072524224461,0.005795444771990836,0.05643940634040541,0.09098381533733857
1,7014,56118,118,4,0.9948186874389648,0.9934640526771545,86,0.5656565427780151,0.6816596984863281,2.3966062398738984e-08,0.00891714890725549,0.004251082608678249,0.07327842995430067,0.12168859121049094,0.01956945734266575,0.01897512464249289,0.3270854673937671,0.05982979769353904,0.008141832427488217,0.004245843981471109,0.07318812863292165,0.11124526039358028
1,7014,56119,119,4,0.9948186874389648,0.9934640526771545,86,0.5656565427780151,0.5972824096679688,2.5470581756836626e-08,0.005798878149444491,0.0032919735513436232,0.0471058306414359,0.12310319275728045,0.013821181703569285,0.01559572995976973,0.223163947934707,0.06193286071284717,0.005023561861858769,0.0032857434921184626,0.04701668286726052,0.10684636932047081
1,7014,56112,112,4,0.9948186874389648,0.9934640526771545,87,0.5445026159286499,0.5950088500976562,2.3955020091203966e-08,0.003738333677186179,0.0032361157518003745,0.05736419018340223,0.0651684206686113,0.007977486185297327,0.014539786396455931,0.25773585867820753,0.030952178040765003,0.0029920117255204637,0.0032336449504348653,0.05732039214578333,0.052198033082377755
1,7014,56113,113,4,0.9948186874389648,0.9934640526771545,87,0.5445026159286499,0.7924156188964844,2.7642276748521033e-08,0.009552295605448402,0.006698666174953598,0.0905313566566747,0.1055136690558379,0.02127911566458296,0.021109462768909862,0.28529087027929295,0.07458743998274889,0.008805973597124383,0.006693064761508522,0.09045565448774533,0.0973512783362525
1,7014,56114,114,4,0.9948186874389648,0.9934640526771545,87,0.5445026159286499,0.6345787048339844,2.501154610791449e-08,0.005334263253569136,0.004506195961886806,0.08061636923982368,0.06616848791218027,0.010534096499673351,0.017453404596716675,0.3122434357852038,0.03373680690254731,0.0045879405550947215,0.004503627972175863,0.08057042760557333,0.05694323204482232
1,7014,56115,115,4,0.9948186874389648,0.9934640526771545,87,0.5445026159286499,0.5147056579589844,2.5947762708305046e-08,0.0030770130664667284,0.0022379112000742054,0.03454781345187693,0.0890653491212353,0.005657410766523495,0.013168273639972868,0.2032855732532936,0.027829868475095217,0.002330691320613021,0.002234124319159682,0.03448935337741326,0.06757712431162506
1,7014,56116,116,4,0.9948186874389648,0.9934640526771545,87,0.5445026159286499,0.5300979614257812,2.8598499552697752e-08,0.003420650967006289,0.002377128089080963,0.03271533996957824,0.1045580137692938,0.004623815140825811,0.014077392248621522,0.1937407897429766,0.02386598685263918,0.0026743287678862213,0.00237207127344622,0.032645745300526115,0.08191967263320901
1,7014,56117,117,4,0.9948186874389648,0.9934640526771545,87,0.5445026159286499,0.6614799499511719,3.141424811817978e-08,0.006159629084402726,0.006177134554307439,0.06015652307047262,0.10239336933065092,0.01193621581226196,0.020785908918406516,0.20242525047781734,0.05896604195418785,0.0054133074198689825,0.00616975855927561,0.06008469134794837,0.09009461975132246
1,7014,56118,118,4,0.9948186874389648,0.9934640526771545,87,0.5445026159286499,0.6999244689941406,2.3721347624672206e-08,0.009315514538313823,0.004628901594718435,0.07979111969771613,0.11674876319075468,0.01953476617044405,0.01900512858251566,0.32760266308712377,0.05962944863256166,0.008569192660605495,0.004624046758511169,0.07970743400922176,0.10750807333245833
1,7014,56119,119,4,0.9948186874389648,0.9934640526771545,87,0.5445026159286499,0.6141281127929688,2.5384218767425248e-08,0.006098888588560922,0.003539451210407952,0.05064706221988076,0.12041939495094532,0.011755357019950629,0.015580646912750934,0.2229481201197678,0.05272687212449087,0.0053525668892959065,0.0035335499340991543,0.05056261909844162,0.10586015884333168
1,7014,56112,112,4,0.9948186874389648,0.9934640526771545,88,0.52173912525177,0.6148490905761719,2.3796374963075316e-08,0.003915556412768856,0.003499904360932766,0.06204017247299344,0.06311324189940523,0.008157311145314068,0.014547007491305216,0.2578638615959141,0.03163417740984967,0.003200435241101105,0.0034975899793231427,0.061999147170750286,0.0516206333014044
1,7014,56113,113,4,0.9948186874389648,0.9934640526771545,88,0.52173912525177,0.8013458251953125,2.7788252268479654e-08,0.010042547412084575,0.007128547350960662,0.09634112908728187,0.10423946145561944,0.0197468194489845,0.021347952876503422,0.2885140243260447,0.06844318745028823,0.009327426266615483,0.007123226069434506,0.09626921285453746,0.09688898444312824
1,7014,56114,114,4,0.9948186874389648,0.9934640526771545,88,0.52173912525177,0.6519279479980469,2.5039459695810786e-08,0.005551647190362981,0.004849266394928938,0.08675393914120241,0.06399302723680377,0.01250419178607103,0.017586404618696264,0.31462282162893923,0.039743435397761005,0.004836525327953009,0.004846872551970681,0.0867111130125881,0.05577745642880718
1,7014,56115,115,4,0.9948186874389648,0.9934640526771545,88,0.52173912525177,0.5353546142578125,2.6100381704478518e-08,0.0031848897144721223,0.0024078091635329796,0.03717061776477054,0.085682991190173,0.005500741521773122,0.013154484266782004,0.2030726994392654,0.027087548138977065,0.0024697687002829026,0.002404283014978541,0.03711618275302463,0.06654155996366946
1,7014,56116,116,4,0.9948186874389648,0.9934640526771545,88,0.52173912525177,0.5449371337890625,2.880081846904906e-08,0.0034709518742798255,0.0025647264008049737,0.03529717078212933,0.09833512990897107,0.006212274629792331,0.01419519625809578,0.19536207310479148,0.03179877512079886,0.002755830426593705,0.0025601390637846563,0.035234037335150147,0.07821500557486315
1,7014,56117,117,4,0.9948186874389648,0.9934640526771545,88,0.52173912525177,0.6739654541015625,3.20900453147821e-08,0.006401126238099173,0.006593367468380405,0.06421004087520622,0.09969042459480625,0.012357306913650803,0.02096391418517361,0.2041587691251444,0.06052792621450451,0.005686005350100793,0.006586452314971284,0.06414269709599364,0.0886461843285343
1,7014,56118,118,4,0.9948186874389648,0.9934640526771545,88,0.52173912525177,0.7169952392578125,2.3526595833725103e-08,0.009742739989106197,0.005044015802261894,0.08694668927390141,0.1120541802162748,0.020444202794737108,0.018836947099993333,0.32470361921498997,0.06296265758959949,0.009027618923075418,0.005039535726909678,0.08686946356033441,0.10392166076639077
1,7014,56119,119,4,0.9948186874389648,0.9934640526771545,88,0.52173912525177,0.631378173828125,2.5386459239482678e-08,0.006335362905149236,0.003811607251731026,0.05454142412487717,0.11615690288254832,0.012557637148778233,0.015639938907689516,0.223796546945928,0.056111844977716804,0.005620241967011421,0.003806125891384791,0.05446298970609242,0.10319378347279237
1,7014,56112,112,4,0.9948186874389648,0.9934640526771545,89,0.4971751570701599,0.6357421875,2.3599956213602127e-08,0.0041152630095162785,0.00378610322166326,0.06711340443884119,0.06131804881491919,0.006974872301441766,0.014663572869946106,0.2599301283990828,0.026833643119403686,0.0034338104179284686,0.00378394053899649,0.06707506818967152,0.051193543452218514
1,7014,56113,113,4,0.9948186874389648,0.9934640526771545,89,0.4971751570701599,0.8105125427246094,2.810455763304921e-08,0.010499432575446749,0.007609929190884023,0.10284692440532514,0.10208795874213926,0.01742851383581194,0.021501832594561145,0.2905936830631528,0.05997554266182832,0.009817979957025803,0.007604947094016828,0.102779592196703,0.09552460510094093
1,7014,56114,114,4,0.9948186874389648,0.9934640526771545,89,0.4971751570701599,0.669281005859375,2.497811495812073e-08,0.0058789796463248455,0.005234442752845074,0.09364478892999321,0.0627795706894042,0.011216787542599554,0.01761784428288013,0.3151852808735126,0.03558791676918751,0.0051975263706119604,0.005232189509288332,0.09360447814100535,0.055526471316708056
1,7014,56115,115,4,0.9948186874389648,0.9934640526771545,89,0.4971751570701599,0.5516395568847656,2.6206658593088517e-08,0.003293921173864014,0.002600910847796216,0.04015163013244104,0.08203704713853316,0.0059266403248539965,0.013138633144420613,0.2028279973177844,0.02922003078090017,0.00261246876206283,0.002597662057055033,0.04010147683928676,0.06514644766158431
1,7014,56116,116,4,0.9948186874389648,0.9934640526771545,89,0.4971751570701599,0.5640945434570312,2.9260246662832518e-08,0.0036000161132804702,0.0027812521808410766,0.03827711727243306,0.09405139074757804,0.00726940199246404,0.014053412921932622,0.193410773102951,0.0375853003213766,0.002918563274168678,0.00277703281298437,0.03821904801881441,0.07636410181467453
1,7014,56117,117,4,0.9948186874389648,0.9934640526771545,89,0.4971751570701599,0.6871299743652344,3.282965367299073e-08,0.006681549167305614,0.0070540803992441125,0.06869673091096747,0.0972615301878783,0.011880383865628568,0.021056752049743326,0.20506287815704288,0.05793532194808188,0.0060000968272993305,0.007047618677945826,0.06863380291693756,0.08742189085108407
1,7014,56118,118,4,0.9948186874389648,0.9934640526771545,89,0.4971751570701599,0.7329063415527344,2.3431751719353468e-08,0.010246574983536155,0.005492109164817713,0.09467074008721713,0.10823381093351876,0.019589280975319024,0.018861393277200954,0.32512501245738484,0.06025153471662428,0.009565122468899994,0.005487971084692233,0.09459940954802666,0.1011118622684841
1,7014,56119,119,4,0.9948186874389648,0.9934640526771545,89,0.4971751570701599,0.6503143310546875,2.534493056774313e-08,0.006628313873848388,0.004110139299514886,0.05881320816706908,0.11270111052298859,0.013155266942927082,0.015424094151325047,0.22070795999965778,0.05960485948466689,0.005946861509108513,0.004105044878263806,0.058740310575114994,0.10123987174878622
1,7014,56112,112,4,0.9948186874389648,0.9934640526771545,90,0.47058823704719543,0.656097412109375,2.3767743616916504e-08,0.004268182071443398,0.004111089029544628,0.07287418344677435,0.05856919240214584,0.008360651028433023,0.014494328066654174,0.25693005305314076,0.032540572537474985,0.0036231707765742543,0.004109118438851773,0.07283925226756183,0.04974200947677485
1,7014,56113,113,4,0.9948186874389648,0.9934640526771545,90,0.47058823704719543,0.819915771484375,2.867354247411553e-08,0.010869970003968894,0.00814266710171725,0.11004678846042695,0.09877589483565673,0.01969021733559697,0.021493970719943703,0.290487431138308,0.06778337106854716,0.010224958662308914,0.008138091511119256,0.10998495011626662,0.0929668891198293
1,7014,56114,114,4,0.9948186874389648,0.9934640526771545,90,0.47058823704719543,0.6849136352539062,2.5186107242323757e-08,0.006164423505299394,0.005657514669606155,0.10121359466882096,0.06090509407822027,0.012357624235716914,0.017727221831514164,0.3171420579248897,0.038965580019801827,0.0055194115741201985,0.005655433286820307,0.10117635848898933,0.05455238413943171
1,7014,56115,115,4,0.9948186874389648,0.9934640526771545,90,0.47058823704719543,0.5715179443359375,2.6482317947919657e-08,0.0034347076240673056,0.002813994856844973,0.043441120168484657,0.07906581623001269,0.006270124295832902,0.013215342887300615,0.2040122060061684,0.030734064488491055,0.002789696497265538,0.0028109999003696606,0.04339488544853591,0.06428629707005389
1,7014,56116,116,4,0.9948186874389648,0.9934640526771545,90,0.47058823704719543,0.5807838439941406,2.9640630646242518e-08,0.0037962414861516386,0.0030130574792329684,0.041467348871005526,0.09154772584957842,0.007447887662589437,0.014213268894680126,0.19561079863738662,0.03807503325210564,0.0031512299589701166,0.0030091288557618848,0.04141328100101596,0.07609225549873265
1,7014,56117,117,4,0.9948186874389648,0.9934640526771545,90,0.47058823704719543,0.69549560546875,3.36033045778993e-08,0.006959561511683901,0.0075597121051595665,0.07362086606046894,0.0945324591260258,0.011050802426770106,0.0209470884360426,0.20399491021016064,0.054171951718723244,0.006314550462689572,0.007553738763947842,0.07356269419530206,0.08583903202246825
1,7014,56118,118,4,0.9948186874389648,0.9934640526771545,90,0.47058823704719543,0.7486724853515625,2.3380017111525394e-08,0.010746184649464993,0.0059919066836663605,0.1032860460804524,0.10404294730281852,0.020020529580646516,0.0189450598600176,0.32656722292300344,0.06130599819984648,0.01010117342974871,0.005988129162027858,0.1032209307015551,0.0978597398908798
1,7014,56119,119,4,0.9948186874389648,0.9934640526771545,90,0.47058823704719543,0.66552734375,2.544840685252578e-08,0.006977348213675449,0.004427216420507574,0.06335035918872887,0.11013904740285738,0.011854854506034952,0.01549241504659048,0.22168558405144617,0.05347598291859978,0.006332337132394572,0.004422478708325414,0.06328256585315069,0.10006448137847275
1,7014,56112,112,4,0.9948186874389648,0.9934640526771545,91,0.4417177736759186,0.6754302978515625,2.362099256285985e-08,0.004519253331546227,0.004454963437618493,0.07896978646498519,0.05722762506835499,0.00850940685668147,0.014550310823963242,0.25792241728964316,0.03299211811870361,0.003913813362496603,0.0044531394049223275,0.07893745320915979,0.049581196293807576
1,7014,56113,113,4,0.9948186874389648,0.9934640526771545,91,0.4417177736759186,0.8272666931152344,2.9108575843289465e-08,0.011411090033829084,0.008725023441831342,0.11791723731564399,0.09677202666547874,0.019842360256567052,0.02133003555510897,0.2882718747142969,0.06883210606734562,0.010805650011975443,0.008720802238734063,0.11786018845947784,0.09168193393556802
1,7014,56114,114,4,0.9948186874389648,0.9934640526771545,91,0.4417177736759186,0.7017173767089844,2.528088480188058e-08,0.006544375131868178,0.006129910120195755,0.10966480415772172,0.059676166680204444,0.011372735513010771,0.01772672376595833,0.31713314747423593,0.03586107476808206,0.005938934570888228,0.006127983657216686,0.1096303395112303,0.054172363210458326
1,7014,56115,115,4,0.9948186874389648,0.9934640526771545,91,0.4417177736759186,0.5919227600097656,2.6790053594537932e-08,0.0036086597915510332,0.003062772566611987,0.047281632655186985,0.07632265615420006,0.004912970899626275,0.013213843412070611,0.20398905781757176,0.024084482531508942,0.0030032199818407564,0.0030600291531643637,0.047239281137393646,0.06357463343072485
1,7014,56116,116,4,0.9948186874389648,0.9934640526771545,91,0.4417177736759186,0.5986671447753906,3.0250391197290635e-08,0.0040202676162255325,0.0032864621902638893,0.045230094392269785,0.08888479385779552,0.006622190660987771,0.014034371490347277,0.1931487144824318,0.03428545035224712,0.003414827431391252,0.0032828444388903915,0.04518030491451592,0.0755822130428807
1,7014,56117,117,4,0.9948186874389648,0.9934640526771545,91,0.4417177736759186,0.70599365234375,3.47453422059883e-08,0.007210558240372489,0.008113773225289611,0.07901663496634666,0.09125367390605131,0.012544194343839651,0.021095709304048346,0.20544226652016798,0.06105946237994899,0.006605118486194286,0.008108336415605991,0.07896368815673988,0.08364754281845829
1,7014,56118,118,4,0.9948186874389648,0.9934640526771545,91,0.4417177736759186,0.7630844116210938,2.3328518188282962e-08,0.011315164054152683,0.006544933550215711,0.11281889788167464,0.10029493521573059,0.020844334392936224,0.019199505368550415,0.3309532509282333,0.06298271533660289,0.010709724154971791,0.006541504214064256,0.11275978438233893,0.09497822484883367
1,7014,56119,119,4,0.9948186874389648,0.9934640526771545,91,0.4417177736759186,0.6831893920898438,2.578061565638724e-08,0.007276581853922765,0.004781165936062394,0.06841512829312779,0.10635925175417216,0.012982887809539857,0.015459883014261103,0.22122007350543832,0.05868765706390879,0.006671142082180127,0.00477685105856508,0.06835338542507101,0.09759782987622513
1,7014,56112,112,4,0.9948186874389648,0.9934640526771545,92,0.41025641560554504,0.695343017578125,2.3803858501168454e-08,0.004803451310181553,0.004850783948717646,0.08598619898501052,0.05586304973218912,0.008228477943617175,0.014499710085539234,0.25702545605432253,0.03201425286792636,0.004241133794141708,0.004849115306545821,0.08595662022014731,0.04934039732227201
1,7014,56113,113,4,0.9948186874389648,0.9934640526771545,92,0.41025641560554504,0.8352584838867188,3.0042073836728036e-08,0.012011607752366073,0.009353615341964428,0.1264125520568416,0.09501910654382671,0.02008957998480939,0.02138660344975486,0.2890363803803133,0.06950536800376331,0.011449290217365017,0.0093497536008882,0.126360361269966,0.09060824219158312
1,7014,56114,114,4,0.9948186874389648,0.9934640526771545,92,0.41025641560554504,0.7171707153320312,2.5687464937883646e-08,0.006888274569270052,0.006654299929985738,0.1190461987728661,0.057862196695692224,0.009913541274811536,0.017778624538395512,0.31806165832241395,0.031168614686534583,0.006325956506376233,0.00665255521636683,0.11901498564354165,0.05315260487719523
1,7014,56115,115,4,0.9948186874389648,0.9934640526771545,92,0.41025641560554504,0.6111183166503906,2.720784652180285e-08,0.0037015604138350023,0.0033429722569696917,0.05160722279988562,0.07172562701520156,0.004989939461705639,0.01324379760544067,0.20445147647145576,0.02440647310464546,0.0031392430466917177,0.0033405572043579373,0.05156994036119699,0.060873505470520055
1,7014,56116,116,4,0.9948186874389648,0.9934640526771545,92,0.41025641560554504,0.6148681640625,3.1198382578859995e-08,0.004205588400792183,0.003585342699972935,0.049343451821482864,0.08523093228271433,0.006155330592715704,0.014235933993038057,0.19592272814662492,0.03141713394328181,0.0036432706960655738,0.003582091637532805,0.04929870891785906,0.07390194948382825
1,7014,56117,117,4,0.9948186874389648,0.9934640526771545,92,0.41025641560554504,0.7161712646484375,3.598083622742828e-08,0.007590446420191542,0.008734998130421421,0.08506648380952178,0.08922957762293118,0.013299785155819092,0.021278732649278397,0.20722465412933688,0.06418051564230472,0.007028129131504304,0.008730035340925502,0.08501815328374475,0.08266621727301225
1,7014,56118,118,4,0.9948186874389648,0.9934640526771545,92,0.41025641560554504,0.7766456604003906,2.3541201030181074e-08,0.011993879544000602,0.00718334350274527,0.12382354853067981,0.096862670197413,0.019863716916582445,0.019020799628105593,0.32787279418601795,0.06058360824324084,0.011431562083713811,0.007180257103666081,0.12377034644087011,0.09236107365325273
1,7014,56119,119,4,0.9948186874389648,0.9934640526771545,92,0.41025641560554504,0.698760986328125,2.6138776523415137e-08,0.007683013259573927,0.00516769205054425,0.0739460456602625,0.10390025850567779,0.01075607040109056,0.01548502913280373,0.22157989680987375,0.04854262753953617,0.007120695938010637,0.005163756979970425,0.07388973756266645,0.09636921408702419
1,7014,56112,112,4,0.9948186874389648,0.9934640526771545,93,0.3758389353752136,0.7121009826660156,2.411934920810346e-08,0.005090786256084793,0.005285361446197514,0.09368962745508089,0.05433671148415603,0.008125752402182485,0.014525011828106409,0.25747396101641706,0.03155951137779082,0.004575642972461523,0.005283862072096891,0.09366304917801636,0.0488521675582549
1,7014,56113,113,4,0.9948186874389648,0.9934640526771545,93,0.3758389353752136,0.8413658142089844,3.097999669761628e-08,0.012689288567119681,0.010053364924429735,0.13586955101245304,0.09339317361810265,0.021550196913201165,0.02136473424042392,0.28874082166190135,0.07463508896720945,0.012174145231562822,0.01004987674063442,0.1358224087899553,0.08963281788345927
1,7014,56114,114,4,0.9948186874389648,0.9934640526771545,93,0.3758389353752136,0.7329673767089844,2.613039570984691e-08,0.00714207322566646,0.007247378339384874,0.12965644041452531,0.05508460052452851,0.012580741524583682,0.017899886186041103,0.3202310432856753,0.039286452042566374,0.0066269294225651055,0.0072458492130096025,0.12962908416603416,0.05112224208941465
1,7014,56115,115,4,0.9948186874389648,0.9934640526771545,93,0.3758389353752136,0.6319160461425781,2.7917237266380808e-08,0.0038096463046517945,0.0036704153424391302,0.05666213410848895,0.06723443026973891,0.006732870511792211,0.01333542389547525,0.20586595975180097,0.03270511802878723,0.0032945031681907645,0.0036683228614034146,0.056629831377053005,0.058176107681749724
1,7014,56116,116,4,0.9948186874389648,0.9934640526771545,93,0.3758389353752136,0.6324043273925781,3.2206612159113816e-08,0.004369157051748769,0.003940982759305357,0.05423796528977452,0.08055532740592107,0.006718135414252262,0.01413974393646066,0.19459890785394596,0.03452298621991488,0.0038540135928782217,0.0039381442432311784,0.054198900075408306,0.07110870492788662
1,7014,56117,117,4,0.9948186874389648,0.9934640526771545,93,0.3758389353752136,0.7274398803710938,3.747840480782333e-08,0.008069417979530846,0.009442817544099103,0.09195964025840277,0.08774956009893163,0.012104587700017832,0.021243618462355056,0.20688269178786872,0.05850942674522772,0.007554274906186654,0.00943832293675251,0.09191586916224792,0.08218684080386608
1,7014,56118,118,4,0.9948186874389648,0.9934640526771545,93,0.3758389353752136,0.7928848266601562,2.3813829703364942e-08,0.012654100565398046,0.007878840573565908,0.13581224366530517,0.09317348880990972,0.02041188838714666,0.019029808560951877,0.32802808649983745,0.06222603864488528,0.012138957329168054,0.007876112299905726,0.13576521479555428,0.08941139560267944
1,7014,56119,119,4,0.9948186874389648,0.9934640526771545,93,0.3758389353752136,0.7155609130859375,2.6712730381788394e-08,0.00794082026577569,0.005619453711318419,0.08041043790121356,0.09875360056527993,0.012027275452958761,0.015317913544290055,0.21918859004896246,0.054871813584238587,0.007425677163046925,0.005616012795535749,0.08036120081179536,0.09240376062121997
1,7014,56112,112,4,0.9948186874389648,0.9934640526771545,94,0.3380281627178192,0.7320098876953125,2.467312040583454e-08,0.005396114504549292,0.005787141017562237,0.10258429654900877,0.052601759587748834,0.007825606689537488,0.014471927439630258,0.2565329739844726,0.030505266313293342,0.00493279659182982,0.005785825047388402,0.10256096933542391,0.04809623606127583
1,7014,56113,113,4,0.9948186874389648,0.9934640526771545,94,0.3380281627178192,0.8484153747558594,3.202934538854294e-08,0.013580728755762068,0.010839205687526724,0.1464900579225141,0.09270751167936318,0.022005223741884038,0.0215140104265832,0.29075826443283137,0.07568219525869231,0.013117410963382679,0.010836081249009926,0.14644783165681757,0.08957053726901
1,7014,56114,114,4,0.9948186874389648,0.9934640526771545,94,0.3380281627178192,0.7485618591308594,2.6957243372223307e-08,0.00768922400460835,0.007927006057003909,0.14181505923461185,0.054220081041518146,0.012015068904726383,0.017889402107619762,0.3200434819047894,0.03754198908603544,0.007225905664297789,0.00792564404040722,0.14179069259947252,0.05096177705196334
1,7014,56115,115,4,0.9948186874389648,0.9934640526771545,94,0.3380281627178192,0.6512565612792969,2.8863116706027375e-08,0.004103734084951864,0.004065051806368485,0.0627543449775742,0.06539362471902731,0.006794877743255861,0.013138467592032445,0.2028254415984052,0.033501111545511796,0.003640416278904579,0.004063199559406989,0.0627257508660248,0.05803702990626771
1,7014,56116,116,4,0.9948186874389648,0.9934640526771545,94,0.3380281627178192,0.6499443054199219,3.338073769551176e-08,0.004605472191668708,0.004348923969208007,0.0598522758651571,0.07694731946441781,0.006895344036767114,0.014036668949513694,0.19318033337501095,0.03569381994688632,0.004142154093749499,0.0043464631464682334,0.05981840867352097,0.06924547452201035
1,7014,56117,117,4,0.9948186874389648,0.9934640526771545,94,0.3380281627178192,0.73724365234375,3.919477818253958e-08,0.008475370835226485,0.010224883675153087,0.09957585435278053,0.08511471872688804,0.013272709748544043,0.021332306137753616,0.20774638386779273,0.06388900495611338,0.008012053094082608,0.010220944220570707,0.09953748965659551,0.0804928185523284
1,7014,56118,118,4,0.9948186874389648,0.9934640526771545,94,0.3380281627178192,0.8049507141113281,2.41936803496534e-08,0.01343456150765856,0.008669282991651673,0.1494375680117109,0.08990083073759432,0.02057934036337752,0.018933538159211165,0.32636861653888494,0.06305551244975668,0.012971243684602134,0.008666907947886769,0.1493966279749754,0.08682420654618038
1,7014,56119,119,4,0.9948186874389648,0.9934640526771545,94,0.3380281627178192,0.7321662902832031,2.7475387035780055e-08,0.008351933482684707,0.006109285689144367,0.08741958965482077,0.09553846587089461,0.012320969411187634,0.01537739796426565,0.22003977034232503,0.05599428408791461,0.00788861571487428,0.006106277342061517,0.08737654231984521,0.0902829924992648
1,7014,56112,112,4,0.9948186874389648,0.9934640526771545,95,0.29629629850387573,0.7479705810546875,2.5270352625155433e-08,0.005696052137295666,0.00636485345210636,0.11282497040255321,0.0504857401422085,0.0074712150299764335,0.014361323102408799,0.25457237407949357,0.02934809818618987,0.005289933883424602,0.0063637379517098485,0.11280519676594593,0.04689441652586654
1,7014,56113,113,4,0.9948186874389648,0.9934640526771545,95,0.29629629850387573,0.8543663024902344,3.3361548314638e-08,0.014620790578718778,0.011740198746127405,0.15866682890990125,0.0921477455569568,0.0198347119358494,0.021497836828393815,0.29053968094951355,0.06826851282767132,0.014214672290883726,0.011737467867869415,0.1586299215454942,0.08960902301655009
1,7014,56114,114,4,0.9948186874389648,0.9934640526771545,95,0.29629629850387573,0.7629318237304688,2.7757926265228104e-08,0.008223278873992863,0.008703035689854784,0.1556983195171398,0.052815463259303946,0.010661791650509199,0.017896765590842485,0.3201752154750546,0.03329986562104736,0.007817160211728874,0.008701866250198533,0.15567739810583647,0.050213841616330315
1,7014,56115,115,4,0.9948186874389648,0.9934640526771545,95,0.29629629850387573,0.6720848083496094,2.989681161818919e-08,0.004435973401162115,0.004512571229116823,0.0696629379247334,0.06367766754188456,0.005053699664654185,0.013259628454491771,0.20469586562317194,0.02468882138517456,0.0040298552626719854,0.004510972454524611,0.06963825679960141,0.05786841095504062
1,7014,56116,116,4,0.9948186874389648,0.9934640526771545,95,0.29629629850387573,0.66741943359375,3.4975017892959374e-08,0.004888172205069134,0.004823726758636693,0.06638677215335206,0.07363171979167113,0.005936966641735369,0.014070364945520773,0.19364407614514131,0.030659169957181938,0.004482053811744993,0.004821643788227568,0.06635810517263946,0.06754342668592378
1,7014,56117,117,4,0.9948186874389648,0.9934640526771545,95,0.29629629850387573,0.7488212585449219,4.101185715150072e-08,0.009067634993439993,0.011112767645810626,0.10822258401281648,0.08378690156174926,0.014282672289877766,0.02127516910770815,0.2071899502923396,0.06893515959497692,0.008661516902545125,0.011109351279928781,0.10818931345813104,0.08005889515046333
1,7014,56118,118,4,0.9948186874389648,0.9934640526771545,95,0.29629629850387573,0.8166236877441406,2.4738006911898163e-08,0.014316631385181668,0.009552396523429799,0.16466031925817967,0.0869464571044215,0.02003626416397015,0.01904513327242865,0.3282922476323989,0.06103179197336851,0.013910513193861523,0.009550376898017155,0.16462550577818935,0.08449792228795981
1,7014,56119,119,4,0.9948186874389648,0.9934640526771545,95,0.29629629850387573,0.7460784912109375,2.8334536747746785e-08,0.008841937417142806,0.006697043771568112,0.09582999522368922,0.09226690866991794,0.01269700227191299,0.015287267272619509,0.21875006341422842,0.05804342213089902,0.008435819313646585,0.006694484766996519,0.0957933776646232,0.08806265651453232
1,7014,56112,112,4,0.9948186874389648,0.9934640526771545,96,0.25,0.7649993896484375,2.627960905485219e-08,0.005973420612290521,0.00703017891975114,0.12461869460373576,0.04793358357094725,0.007027930643505718,0.014349473585610461,0.25436232660674074,0.027629605127693756,0.005630758357561318,0.007029278864686289,0.12460274000449532,0.04518968328752782
1,7014,56113,113,4,0.9948186874389648,0.9934640526771545,96,0.25,0.8594970703125,3.534762220981359e-08,0.015435464785348605,0.012770877027602693,0.17259627406532788,0.0894310428712167,0.020520794910525345,0.02156307439194626,0.29142135574552913,0.07041623582468069,0.015092802486629161,0.01276863452524884,0.1725659670198508,0.08746106052819203
1,7014,56114,114,4,0.9948186874389648,0.9934640526771545,96,0.25,0.7772102355957031,2.9148963399063562e-08,0.008604295765225973,0.009609376278750024,0.17191285794143507,0.05005033287363046,0.009444150547129163,0.01779960813399224,0.3184370572852892,0.02965782508996152,0.00826163317057966,0.009608436661770976,0.17189604808452527,0.04806179817768251
1,7014,56115,115,4,0.9948186874389648,0.9934640526771545,96,0.25,0.694610595703125,3.1233632374361486e-08,0.00453249456948846,0.005087172382312704,0.07853335845312007,0.05771425874004994,0.006104390192075741,0.013237506212387678,0.20435435292448928,0.029871593654436937,0.004189832418440427,0.005085939606081984,0.07851432743739191,0.05336392165852074
1,7014,56116,116,4,0.9948186874389648,0.9934640526771545,96,0.25,0.6873664855957031,3.6822261903055644e-08,0.00505204704222866,0.00541161123150395,0.07447756056354848,0.06783314335219086,0.005175278875446402,0.013971398318251371,0.19228204316440584,0.026915039960447126,0.004709384678475109,0.0054099793427197975,0.07445510161545421,0.06325133639328226
1,7014,56117,117,4,0.9948186874389648,0.9934640526771545,96,0.25,0.7599716186523438,4.3321830020106744e-08,0.009882485525517938,0.012131799430633307,0.11814650723875364,0.08364602353878432,0.013970360515254757,0.021398919785991878,0.20839510625384777,0.06703785307816848,0.00953982341649381,0.012128906942367106,0.1181183385084812,0.08076496450048547
1,7014,56118,118,4,0.9948186874389648,0.9934640526771545,96,0.25,0.8278846740722656,2.574925514542564e-08,0.015210323264297802,0.010594096067951853,0.1826167115783045,0.0832909711977578,0.02077171315089374,0.01895087606454443,0.32666748028689224,0.06358671861873488,0.014867661041374712,0.01059245886169448,0.18258849008390052,0.08142715367514641
1,7014,56119,119,4,0.9948186874389648,0.9934640526771545,96,0.25,0.7616424560546875,2.9649341293983043e-08,0.009444291849259417,0.007381264440561032,0.10562071269218026,0.0894170433860236,0.012751034881305679,0.015167323560471256,0.21703375309069783,0.05875139096902156,0.00910162972182153,0.007379161746914252,0.1055906246221301,0.08619732816614074
1,7014,56112,112,4,0.9948186874389648,0.9934640526771545,97,0.1983470916748047,0.7831077575683594,2.7755322938580903e-08,0.006191292189758637,0.007849586681073766,0.13914371974602754,0.044495663915405666,0.00818153063609498,0.0143565023227237,0.2544869197435248,0.03214912045122175,0.0059194279634134095,0.007848919225110088,0.13913188825612546,0.04254544402154909
1,7014,56113,113,4,0.9948186874389648,0.9934640526771545,97,0.1983470916748047,0.8641166687011719,3.7628916344530974e-08,0.016486151627650696,0.013995538316189106,0.1891473672240204,0.08716035475199081,0.019689916713156258,0.021589932468411656,0.29178433817159666,0.0674810609662563,0.016214287363134773,0.013993799356283206,0.1891238654707846,0.08573369269273697
1,7014,56114,114,4,0.9948186874389648,0.9934640526771545,97,0.1983470916748047,0.7916717529296875,3.070811216180551e-08,0.008777820638878414,0.010667183647556007,0.19083715465412465,0.045996392341876156,0.009407632035886416,0.017777028136978387,0.3180330985156087,0.029580669684368403,0.008505956145152333,0.010666495461450353,0.1908248429247484,0.044574679139165595
1,7014,56115,115,4,0.9948186874389648,0.9934640526771545,97,0.1983470916748047,0.7209358215332031,3.3179641031705864e-08,0.004857264982259568,0.005844806348739255,0.0902293528858045,0.05383242622173062,0.006693734164760758,0.013124811374414236,0.2026146233770582,0.03303677717429097,0.004585400824814989,0.005843884798330821,0.09021512642695484,0.050827405629450456
1,7014,56116,116,4,0.9948186874389648,0.9934640526771545,97,0.1983470916748047,0.7087135314941406,3.918002744282301e-08,0.005077508786996662,0.006172036853252669,0.08494295485650193,0.059775513997297754,0.006491170490433998,0.014051310511184665,0.19338183857363767,0.03356659828199034,0.004805644463668464,0.006170887560485543,0.08492713765936653,0.05658549900672949
1,7014,56117,117,4,0.9948186874389648,0.9934640526771545,97,0.1983470916748047,0.773773193359375,4.6190769198694926e-08,0.01072708731639726,0.013343848081815891,0.12995014078540462,0.08254771600526098,0.01376366633892335,0.021601659645013642,0.2103695047228017,0.06542614794411085,0.010455223190787385,0.013341572668033715,0.12992798148476467,0.08046937288880582
1,7014,56118,118,4,0.9948186874389648,0.9934640526771545,97,0.1983470916748047,0.8398513793945312,2.71482833534608e-08,0.016359370515069454,0.011799719952438652,0.20339876488167855,0.08043003862184735,0.02050836590676948,0.018714492154782117,0.3225927907622802,0.06357354068052365,0.016087506307207292,0.011798461916264505,0.20337707936668076,0.0791018651526712
1,7014,56119,119,4,0.9948186874389648,0.9934640526771545,97,0.1983470916748047,0.7794151306152344,3.147576807096925e-08,0.0101275029862133,0.008211286685058895,0.11749774835730052,0.08619316648874356,0.013461883482956129,0.015227173159663987,0.21789015884231147,0.06178288893120033,0.009855638841190114,0.008209670927610671,0.1174746280024354,0.08389589317095598
1,7014,56112,112,4,0.9948186874389648,0.9934640526771545,98,0.14035087823867798,0.8068351745605469,2.9654492389261773e-08,0.006773233767521217,0.00892100330345039,0.15813591644278602,0.0428317229879386,0.006090919783622955,0.014473499863167857,0.25656084715396893,0.023740644183200852,0.006580861984040932,0.008920545075619226,0.1581277937826372,0.041617364200293584
1,7014,56113,113,4,0.9948186874389648,0.9934640526771545,98,0.14035087823867798,0.8710250854492188,4.032692716002808e-08,0.01742292555805339,0.015495756118530803,0.20942256072960355,0.08319507457722783,0.019635598025101078,0.021794741970882152,0.29455230445481884,0.0666625170746643,0.01723055375532783,0.01549457840664851,0.20940664414984425,0.08228274621027895
1,7014,56114,114,4,0.9948186874389648,0.9934640526771545,98,0.14035087823867798,0.8098487854003906,3.301731501272924e-08,0.0089619763210224,0.011992832257383698,0.2145531622836243,0.04177042289022658,0.010433619239658826,0.01790892772387716,0.3203927974479116,0.032565086739676445,0.008769604339652572,0.011992387898319622,0.2145452126483471,0.04087532055085515
1,7014,56115,115,4,0.9948186874389648,0.9934640526771545,98,0.14035087823867798,0.7526702880859375,3.5327728888955675e-08,0.00539424458417187,0.00689211196308515,0.1063971610590357,0.05069914018832525,0.007202584888250065,0.0133036417954397,0.20537532274033213,0.03507035213454884,0.005201872837138438,0.006891491418938274,0.10638758139232496,0.048895489201465324
1,7014,56116,116,4,0.9948186874389648,0.9934640526771545,98,0.14035087823867798,0.7388229370117188,4.2343581675456545e-08,0.005490862231090008,0.007314732450618808,0.10066935812492095,0.05454353075616493,0.00800471857684241,0.014463661320819785,0.19905683647800354,0.04021323114781319,0.005298490363880752,0.007313983360817795,0.10065904874040758,0.05263799360497808
1,7014,56117,117,4,0.9948186874389648,0.9934640526771545,98,0.14035087823867798,0.7926025390625,4.952462842691222e-08,0.011614974545865027,0.014893666954357326,0.145043176875428,0.08007942735452273,0.013368548418503767,0.022105395970862328,0.21527518156065212,0.062099812535692994,0.011422602820528337,0.014892098117538125,0.14502789863153054,0.07876141713636431
1,7014,56118,118,4,0.9948186874389648,0.9934640526771545,98,0.14035087823867798,0.8503532409667969,2.906518470802147e-08,0.01757252624273895,0.013204696164738797,0.22761717238811502,0.07720211115168257,0.020321820468974582,0.01885047761518246,0.3249368527229694,0.06254083000643915,0.017380154480090892,0.013203839286398343,0.22760240186840736,0.07636191155021096
1,7014,56119,119,4,0.9948186874389648,0.9934640526771545,98,0.14035087823867798,0.8008193969726562,3.371528379385752e-08,0.01110246804366193,0.009336747697818084,0.1336023054060456,0.08310087172462473,0.01299849675736345,0.01532160140187847,0.2192413607022743,0.05928852437207398,0.01091009631111452,0.009335640131575562,0.1335864569105973,0.08167067652985288
1,7014,56112,112,4,0.9948186874389648,0.9934640526771545,99,0.07476635277271271,0.8336524963378906,1.6667546438849218e-09,0.006454395437643224,0.010631047278358955,0.18844857993266953,0.03425016755206808,0.006947245053933595,0.015161759693894869,0.26876111156152466,0.025849145412331107,0.006351916925079689,0.010630850846223389,0.18844509792793082,0.033706989435771495
1,7014,56113,113,4,0.9948186874389648,0.9934640526771545,99,0.07476635277271271,0.8807907104492188,1.7915800220242948e-09,0.018456885717514557,0.017622941451853533,0.238171115898084,0.07749422362958762,0.021240742137572044,0.02260777249429127,0.30554027644284276,0.06951863232193393,0.018354407106474853,0.017622355460998253,0.23816319632936223,0.07706651316978487
1,7014,56114,114,4,0.9948186874389648,0.9934640526771545,99,0.07476635277271271,0.8382072448730469,1.5971553210704041e-09,0.009649659722324533,0.013927789938983304,0.24916977999013706,0.0387272474322789,0.012093525760875514,0.01860277243213265,0.3328057598820622,0.03633809031779122,0.009547181064965998,0.013927569275185028,0.24916583228915157,0.03831657405533316
1,7014,56115,115,4,0.9948186874389648,0.9934640526771545,99,0.07476635277271271,0.7971305847167969,1.4903816001942781e-09,0.006239262981104105,0.008748015256590658,0.13504771733071722,0.04620043273908012,0.006416328265028919,0.01415353518822213,0.21849557451209883,0.029365941526992463,0.006136784471669885,0.008747711074273834,0.1350430215081409,0.04544318101842779
1,7014,56116,116,4,0.9948186874389648,0.9934640526771545,99,0.07476635277271271,0.7855606079101562,1.5646333837652802e-09,0.006665563352904159,0.009432664694116608,0.1298175027692217,0.05134564454497034,0.007487507714623077,0.015352959131577675,0.21129584048741482,0.035436133988018786,0.006563084749517798,0.009432285292332634,0.12981228123387203,0.05055827297028725
1,7014,56117,117,4,0.9948186874389648,0.9934640526771545,99,0.07476635277271271,0.8191146850585938,1.799288635055166e-09,0.012434403850019305,0.01726948588379168,0.16818028114007796,0.07393496886631225,0.011560057215335885,0.023069729154355713,0.22466641804585868,0.05145431754280365,0.012331925312902906,0.017268711058949063,0.16817273544585506,0.07332892148188488
1,7014,56118,118,4,0.9948186874389648,0.9934640526771545,99,0.07476635277271271,0.8680038452148438,1.6349612398960967e-09,0.018857243638679022,0.015177210189447869,0.26161856546818524,0.07207914929482405,0.020473943750358336,0.01955372735656123,0.33705918523394046,0.06074287438910207,0.018754765132212036,0.015176782838892898,0.2616111989734376,0.07168945827168614
1,7014,56119,119,4,0.9948186874389648,0.9934640526771545,99,0.07476635277271271,0.8294715881347656,1.5499928537769886e-09,0.01198846238434824,0.011143899540244216,0.1594613796984072,0.07518097740670676,0.012636640266411156,0.01606274825726423,0.2298466519373709,0.05497857010270664,0.011885983879609553,0.011143363414166068,0.15945370811057522,0.07454190950120185
