seed,ambient_dim,hidden_dim,time,condition,paired_velocity_mse,bayes_velocity_mse,irreducible_velocity_mse,gate_mean,gate_std,x_amplification_mean,epsilon_amplification_mean
20260831,2,128,0.01,Bayes_exact,1.0247446298599243,0.0,1.0247446298599243,,,,
20260831,2,128,0.01,B0_v_ind,1.024833917617798,0.0021177611779421,1.0247446298599243,,,,
20260831,2,128,0.01,B1_x_ind,1.024662971496582,0.0001031941210385,1.0247446298599243,,,,
20260831,2,128,0.01,B2_eps_ind,29.710094451904297,28.71963882446289,1.0247446298599243,,,,
20260831,2,128,0.01,D0_x_shared,1.0250520706176758,0.0003433742676861,1.0247446298599243,,,,
20260831,2,128,0.01,D0_eps_shared,8.34249496459961,7.391378879547119,1.0247446298599243,,,,
20260831,2,128,0.01,D0_fixed_x_eps,1.0250520706176758,0.0003433742676861,1.0247446298599243,1.0,0.0,1.0101009607315063,0.0
20260831,2,128,0.01,D0_safe_schedule,1.0250675678253174,0.0010948261478915,1.0247446298599243,0.9900000095367432,0.0,0.9999999403953552,0.9999990463256836
20260831,2,128,0.01,D3_oracle_bayes_gate,1.0248554944992063,0.0002686143270693,1.0247446298599243,0.9978538155555724,0.0086146211251616,1.0079330205917358,0.2146199345588684
20260831,2,128,0.01,D1_scaled_gate,1.0352678298950195,0.0090264566242694,1.0247446298599243,0.9544512629508972,0.0342315658926963,0.9640921354293824,4.554872989654541
20260831,2,128,0.01,D2_velocity_gate,1.024949073791504,0.0007974127074703,1.0247446298599243,0.99824857711792,0.0018432579236105,1.0083318948745728,0.1751390397548675
20260831,2,128,0.01,D4_safe_velocity_gate,1.0250771045684814,0.0004028196563012,1.0247446298599243,0.9991737604141236,0.0003790348418988,1.009266376495361,0.0826212093234062
20260831,2,128,0.01,S0_xv_switch,1.0268051624298096,0.0024252845905721,1.0247446298599243,1.0,0.0,1.0101009607315063,0.0
20260831,2,128,0.01,S1_xv_consistency_switch,1.0253849029541016,0.0017402993980795,1.0247446298599243,1.0,0.0,1.0101009607315063,0.0
20260831,2,128,0.01,D3_oracle_pair_teacher_only,0.7697355151176453,0.2383054792881012,1.0247446298599243,0.8236103653907776,0.2780859172344208,0.8319295644760132,17.638965606689453
20260831,2,128,0.03,Bayes_exact,1.0319026708602903,0.0,1.0319026708602903,,,,
20260831,2,128,0.03,B0_v_ind,1.0337283611297607,0.0019642710685729,1.0319026708602903,,,,
20260831,2,128,0.03,B1_x_ind,1.0318922996520996,0.0001047324622049,1.0319026708602903,,,,
20260831,2,128,0.03,B2_eps_ind,3.631270885467529,2.573494434356689,1.0319026708602903,,,,
20260831,2,128,0.03,D0_x_shared,1.0322279930114746,0.0002940230187959,1.0319026708602903,,,,
20260831,2,128,0.03,D0_eps_shared,1.804175853729248,0.7489728927612305,1.0319026708602903,,,,
20260831,2,128,0.03,D0_fixed_x_eps,1.0322279930114746,0.0002940230187959,1.0319026708602903,1.0,0.0,1.0309277772903442,0.0
20260831,2,128,0.03,D0_safe_schedule,1.0334374904632568,0.0008055892540141,1.0319026708602903,0.9700000286102296,0.0,1.0,0.9999989867210388
20260831,2,128,0.03,D3_oracle_bayes_gate,1.0322129726409912,0.0001919226924655,1.0319026708602903,0.9933676719665528,0.0146815944463014,1.0240904092788696,0.221076488494873
20260831,2,128,0.03,D1_scaled_gate,1.0347239971160889,0.0016365563496947,1.0319026708602903,0.9375956654548644,0.045029804110527,0.9665934443473816,2.080143928527832
20260831,2,128,0.03,D2_velocity_gate,1.033661127090454,0.0008575754472985,1.0319026708602903,0.9939212799072266,0.0059401993639767,1.0246610641479492,0.2026251554489135
20260831,2,128,0.03,D4_safe_velocity_gate,1.0328090190887451,0.0004488630511332,1.0319026708602903,0.9964956045150756,0.0015819645486772,1.0273149013519287,0.1168133094906807
20260831,2,128,0.03,S0_xv_switch,1.0338902473449707,0.0017433105967938,1.0319026708602903,1.0,0.0,1.0309277772903442,0.0
20260831,2,128,0.03,S1_xv_consistency_switch,1.0343637466430664,0.0013899677433073,1.0319026708602903,1.0,0.0,1.0309277772903442,0.0
20260831,2,128,0.03,D3_oracle_pair_teacher_only,0.8404251337051392,0.104470282793045,1.0319026708602903,0.6543501615524292,0.4338448047637939,0.6745877265930176,11.521660804748535
20260831,2,128,0.1,Bayes_exact,1.2298293113708496,0.0,1.2298293113708496,,,,
20260831,2,128,0.1,B0_v_ind,1.2342026233673096,0.0020091340411454,1.2298293113708496,,,,
20260831,2,128,0.1,B1_x_ind,1.2298617362976074,7.512277079513296e-05,1.2298293113708496,,,,
20260831,2,128,0.1,B2_eps_ind,1.4578146934509275,0.2274294793605804,1.2298293113708496,,,,
20260831,2,128,0.1,D0_x_shared,1.2300467491149902,0.0002812454476952,1.2298293113708496,,,,
20260831,2,128,0.1,D0_eps_shared,1.2825822830200195,0.0433840341866016,1.2298293113708496,,,,
20260831,2,128,0.1,D0_fixed_x_eps,1.2300467491149902,0.0002812454476952,1.2298293113708496,1.0,0.0,1.1111111640930176,0.0
20260831,2,128,0.1,D0_safe_schedule,1.2313947677612305,0.0006860316498205,1.2298293113708496,0.8999999761581421,0.0,1.0,1.000000238418579
20260831,2,128,0.1,D3_oracle_bayes_gate,1.2300539016723633,0.0002115640090778,1.2298293113708496,0.96289724111557,0.0907611325383186,1.0698858499526978,0.3710277676582336
20260831,2,128,0.1,D1_scaled_gate,1.2308037281036377,0.0004240132693666,1.2298293113708496,0.92264324426651,0.0518187135457992,1.025159239768982,0.7735671997070312
20260831,2,128,0.1,D2_velocity_gate,1.2314717769622805,0.0008183261379599,1.2298293113708496,0.9653855562210084,0.0344351902604103,1.072650671005249,0.3461449742317199
20260831,2,128,0.1,D4_safe_velocity_gate,1.230701923370361,0.0002917792589869,1.2298293113708496,0.9831397533416748,0.0073368218727409,1.092377543449402,0.1686025857925415
20260831,2,128,0.1,S0_xv_switch,1.2304681539535522,0.0006074451957829,1.2298293113708496,1.0,0.0,1.1111111640930176,0.0
20260831,2,128,0.1,S1_xv_consistency_switch,1.2303450107574463,0.0006038183928467,1.2298293113708496,1.0,0.0,1.1111111640930176,0.0
20260831,2,128,0.1,D3_oracle_pair_teacher_only,1.1408387422561646,0.0150382202118635,1.2298293113708496,0.5704376697540283,0.4851379990577698,0.6338196396827698,4.295623779296875
20260831,2,128,0.3,Bayes_exact,1.7057660818099976,0.0,1.7057660818099976,,,,
20260831,2,128,0.3,B0_v_ind,1.7065229415893557,0.0015243791276589,1.7057660818099976,,,,
20260831,2,128,0.3,B1_x_ind,1.7061474323272705,0.0002911041083279,1.7057660818099976,,,,
20260831,2,128,0.3,B2_eps_ind,1.727834939956665,0.0245693288743495,1.7057660818099976,,,,
20260831,2,128,0.3,D0_x_shared,1.7066373825073242,0.0007482044165953,1.7057660818099976,,,,
20260831,2,128,0.3,D0_eps_shared,1.7080848217010498,0.0047702956944704,1.7057660818099976,,,,
20260831,2,128,0.3,D0_fixed_x_eps,1.7066373825073242,0.0007482044165953,1.7057660818099976,1.0,0.0,1.4285714626312256,0.0
20260831,2,128,0.3,D0_safe_schedule,1.7059450149536133,0.0008283428614959,1.7057660818099976,0.699999988079071,0.0,1.0,1.0
20260831,2,128,0.3,D3_oracle_bayes_gate,1.7052280902862549,0.000289797259029,1.7057660818099976,0.7902487516403198,0.3073804676532745,1.1289267539978027,0.6991708874702454
20260831,2,128,0.3,D1_scaled_gate,1.706385374069214,0.0006568993558175,1.7057660818099976,0.8586324453353882,0.0655920952558517,1.2266178131103516,0.47122523188591
20260831,2,128,0.3,D2_velocity_gate,1.7081671953201294,0.0013909635599702,1.7057660818099976,0.929358720779419,0.0425135679543018,1.32765531539917,0.2354710549116134
20260831,2,128,0.3,D4_safe_velocity_gate,1.7069370746612549,0.0006252387538552,1.7057660818099976,0.895587146282196,0.0344759114086627,1.2794102430343628,0.3480428457260132
20260831,2,128,0.3,S0_xv_switch,1.7066965103149414,0.0006788266473449,1.7057660818099976,1.0,0.0,1.4285714626312256,0.0
20260831,2,128,0.3,S1_xv_consistency_switch,1.7066199779510498,0.0007034093141555,1.7057660818099976,1.0,0.0,1.4285714626312256,0.0
20260831,2,128,0.3,D3_oracle_pair_teacher_only,1.6628148555755615,0.0027008531615138,1.7057660818099976,0.5028699636459351,0.4960585534572601,0.7183855772018433,1.6571003198623655
20260831,2,128,0.5,Bayes_exact,1.9374258518218996,0.0,1.9374258518218996,,,,
20260831,2,128,0.5,B0_v_ind,1.9403550624847408,0.0030491950456053,1.9374258518218996,,,,
20260831,2,128,0.5,B1_x_ind,1.9380266666412356,0.0020939095411449,1.9374258518218996,,,,
20260831,2,128,0.5,B2_eps_ind,1.9499298334121704,0.01185445766896,1.9374258518218996,,,,
20260831,2,128,0.5,D0_x_shared,1.9375929832458496,0.0014912362676113,1.9374258518218996,,,,
20260831,2,128,0.5,D0_eps_shared,1.94295072555542,0.003638457506895,1.9374258518218996,,,,
20260831,2,128,0.5,D0_fixed_x_eps,1.9375929832458496,0.0014912362676113,1.9374258518218996,1.0,0.0,2.0,0.0
20260831,2,128,0.5,D0_safe_schedule,1.9394505023956297,0.0017435455229133,1.9374258518218996,0.5,0.0,1.0,1.0
20260831,2,128,0.5,D3_oracle_bayes_gate,1.9383327960968015,0.0009249071008525,1.9374258518218996,0.5876911282539368,0.3502788841724396,1.1753822565078735,0.8246177434921265
20260831,2,128,0.5,D1_scaled_gate,1.9379644393920896,0.0011213757097721,1.9374258518218996,0.6202574968338013,0.0778635963797569,1.2405149936676023,0.7594850063323975
20260831,2,128,0.5,D2_velocity_gate,1.9372602701187132,0.0020460337400436,1.9374258518218996,0.7028403282165527,0.1020310148596763,1.4056806564331057,0.5943194031715393
20260831,2,128,0.5,D4_safe_velocity_gate,1.9372732639312744,0.0010940730571746,1.9374258518218996,0.6844429969787598,0.0604859702289104,1.3688859939575195,0.6311140060424805
20260831,2,128,0.5,S0_xv_switch,1.948771953582764,0.0068701915442943,1.9374258518218996,1.0,0.0,2.0,0.0
20260831,2,128,0.5,S1_xv_consistency_switch,1.9480364322662356,0.0073281438089907,1.9374258518218996,1.0,0.0,2.0,0.0
20260831,2,128,0.5,D3_oracle_pair_teacher_only,1.901796102523804,0.0020940285176038,1.9374258518218996,0.5295590162277222,0.4959437847137451,1.0591180324554443,0.9408820271492004
20260831,2,128,0.7,Bayes_exact,1.5407081842422483,0.0,1.5407081842422483,,,,
20260831,2,128,0.7,B0_v_ind,1.5583124160766602,0.0168082769960165,1.5407081842422483,,,,
20260831,2,128,0.7,B1_x_ind,1.5930542945861816,0.0507281422615051,1.5407081842422483,,,,
20260831,2,128,0.7,B2_eps_ind,1.5470486879348757,0.0052925683557987,1.5407081842422483,,,,
20260831,2,128,0.7,D0_x_shared,1.5530166625976562,0.009087773039937,1.5407081842422483,,,,
20260831,2,128,0.7,D0_eps_shared,1.5471066236495972,0.0054419450461864,1.5407081842422483,,,,
20260831,2,128,0.7,D0_fixed_x_eps,1.5471066236495972,0.0054419450461864,1.5407081842422483,0.0,0.0,0.0,1.4285714626312256
20260831,2,128,0.7,D0_safe_schedule,1.5463464260101318,0.0040024388581514,1.5407081842422483,0.3000000119209289,0.0,1.0,1.0
20260831,2,128,0.7,D3_oracle_bayes_gate,1.5442054271697998,0.0023443573154509,1.5407081842422483,0.3821397721767425,0.3408059775829315,1.273799180984497,0.882657527923584
20260831,2,128,0.7,D1_scaled_gate,1.545486569404602,0.0035079908557236,1.5407081842422483,0.2287797927856445,0.0738569721579551,0.7625992894172668,1.101743221282959
20260831,2,128,0.7,D2_velocity_gate,1.5531612634658811,0.0095884362235665,1.5407081842422483,0.2109459042549133,0.1313050985336303,0.7031530141830444,1.1272201538085938
20260831,2,128,0.7,D4_safe_velocity_gate,1.5465497970581057,0.0038359991740435,1.5407081842422483,0.2943776249885559,0.0460376292467117,0.9812586903572084,1.008031964302063
20260831,2,128,0.7,S0_xv_switch,1.5645954608917236,0.0153025770559906,1.5407081842422483,0.0,0.0,0.0,1.4285714626312256
20260831,2,128,0.7,S1_xv_consistency_switch,1.5714266300201416,0.022291824221611,1.5407081842422483,0.0,0.0,0.0,1.4285714626312256
20260831,2,128,0.7,D3_oracle_pair_teacher_only,1.486155986785889,0.0063581941649317,1.5407081842422483,0.430425226688385,0.4856783449649811,1.43475079536438,0.8136782646179199
20260831,2,128,0.9,Bayes_exact,0.6525723338127136,0.0,0.6525723338127136,,,,
20260831,2,128,0.9,B0_v_ind,0.8265592455863953,0.1677878499031067,0.6525723338127136,,,,
20260831,2,128,0.9,B1_x_ind,1.215111255645752,0.5554682016372681,0.6525723338127136,,,,
20260831,2,128,0.9,B2_eps_ind,0.6838086247444153,0.028285888954997,0.6525723338127136,,,,
20260831,2,128,0.9,D0_x_shared,0.7964016795158386,0.1392884105443954,0.6525723338127136,,,,
20260831,2,128,0.9,D0_eps_shared,0.6813100576400757,0.0252988412976264,0.6525723338127136,,,,
20260831,2,128,0.9,D0_fixed_x_eps,0.6813100576400757,0.0252988412976264,0.6525723338127136,0.0,0.0,0.0,1.1111111640930176
20260831,2,128,0.9,D0_safe_schedule,0.681515097618103,0.025393696501851,0.6525723338127136,0.1000000238418579,0.0,1.000000238418579,1.0
20260831,2,128,0.9,D3_oracle_bayes_gate,0.6734203100204468,0.0172947719693183,0.6525723338127136,0.1327567845582962,0.2224415987730026,1.3275678157806396,0.9636036157608032
20260831,2,128,0.9,D1_scaled_gate,0.6798965334892273,0.0259569380432367,0.6525723338127136,0.0152027532458305,0.0173892267048358,0.1520275473594665,1.094219207763672
20260831,2,128,0.9,D2_velocity_gate,0.7061971426010132,0.0500038266181945,0.6525723338127136,0.0003650522849056,0.001618054928258,0.0036505227908492,1.1107056140899658
20260831,2,128,0.9,D4_safe_velocity_gate,0.6773580312728882,0.0218597687780857,0.6525723338127136,0.0399918928742408,0.0295720249414443,0.3999189436435699,1.0666756629943848
20260831,2,128,0.9,S0_xv_switch,0.8754140138626099,0.2200531512498855,0.6525723338127136,0.0,0.0,0.0,1.1111111640930176
20260831,2,128,0.9,S1_xv_consistency_switch,0.9864030480384828,0.3296250700950622,0.6525723338127136,0.0,0.0,0.0,1.1111111640930176
20260831,2,128,0.9,D3_oracle_pair_teacher_only,0.59871906042099,0.0464412868022918,0.6525723338127136,0.3697424530982971,0.4395570755004883,3.6974244117736816,0.7002862095832825
20260831,2,128,0.97,Bayes_exact,0.8278717994689941,0.0,0.8278717994689941,,,,
20260831,2,128,0.97,B0_v_ind,0.9428958296775818,0.1183604151010513,0.8278717994689941,,,,
20260831,2,128,0.97,B1_x_ind,1.3966312408447266,0.5726017355918884,0.8278717994689941,,,,
20260831,2,128,0.97,B2_eps_ind,0.8628775477409363,0.0372332632541656,0.8278717994689941,,,,
20260831,2,128,0.97,D0_x_shared,2.297870635986328,1.482153296470642,0.8278717994689941,,,,
20260831,2,128,0.97,D0_eps_shared,0.8611180186271667,0.0365678444504737,0.8278717994689941,,,,
20260831,2,128,0.97,D0_fixed_x_eps,0.8611180186271667,0.0365678444504737,0.8278717994689941,0.0,0.0,0.0,1.0309277772903442
20260831,2,128,0.97,D0_safe_schedule,0.8556857705116272,0.031400516629219,0.8278717994689941,0.0299999713897705,0.0,0.9999989867210388,1.0
20260831,2,128,0.97,D3_oracle_bayes_gate,0.843337893486023,0.0156575590372085,0.8278717994689941,0.109116718173027,0.157486692070961,3.6372241973876953,0.9184362888336182
20260831,2,128,0.97,D1_scaled_gate,0.8579217791557312,0.0323064848780632,0.8278717994689941,0.0186453592032194,0.0187015123665332,0.6215119361877441,1.011705756187439
20260831,2,128,0.97,D2_velocity_gate,0.8868736028671265,0.0627243518829345,0.8278717994689941,0.000292761658784,0.0008503549033775,0.0097587211057543,1.0306259393692017
20260831,2,128,0.97,D4_safe_velocity_gate,0.8562849760055542,0.0296427905559539,0.8278717994689941,0.014220668002963,0.0107804248109459,0.4740222692489624,1.0162672996520996
20260831,2,128,0.97,S0_xv_switch,0.9704688787460328,0.1470263451337814,0.8278717994689941,0.0,0.0,0.0,1.0309277772903442
20260831,2,128,0.97,S1_xv_consistency_switch,1.0101089477539062,0.1846834123134613,0.8278717994689941,0.0,0.0,0.0,1.0309277772903442
20260831,2,128,0.97,D3_oracle_pair_teacher_only,0.6558499932289124,0.1477795541286468,0.8278717994689941,0.2819927930831909,0.361345887184143,9.39975929260254,0.7402135729789734
20260831,2,128,0.99,Bayes_exact,0.9733789563179016,0.0,0.9733789563179016,,,,
20260831,2,128,0.99,B0_v_ind,0.9986836910247804,0.0257904194295406,0.9733789563179016,,,,
20260831,2,128,0.99,B1_x_ind,3.42664122581482,2.421703338623047,0.9733789563179016,,,,
20260831,2,128,0.99,B2_eps_ind,0.9832377433776855,0.0079829394817352,0.9733789563179016,,,,
20260831,2,128,0.99,D0_x_shared,15.187847137451172,14.031076431274414,0.9733789563179016,,,,
20260831,2,128,0.99,D0_eps_shared,0.9855401515960692,0.0105456570163369,0.9733789563179016,,,,
20260831,2,128,0.99,D0_fixed_x_eps,0.9855401515960692,0.0105456570163369,0.9733789563179016,0.0,0.0,0.0,1.0101009607315063
20260831,2,128,0.99,D0_safe_schedule,0.9908043742179872,0.0139920273795723,0.9733789563179016,0.0099999904632568,0.0,0.9999990463256836,0.9999999403953552
20260831,2,128,0.99,D3_oracle_bayes_gate,0.985358953475952,0.0092735048383474,0.9733789563179016,0.0108075141906738,0.0425400100648403,1.0807514190673828,0.999184250831604
20260831,2,128,0.99,D1_scaled_gate,1.0057106018066406,0.0286373868584632,0.9733789563179016,0.0282310135662555,0.024242378771305,2.823101282119751,0.9815847873687744
20260831,2,128,0.99,D2_velocity_gate,0.9885752201080322,0.0166835188865661,0.9733789563179016,0.000657090335153,0.0018586255609989,0.0657090246677398,1.0094373226165771
20260831,2,128,0.99,D4_safe_velocity_gate,0.9861922860145568,0.0113435126841068,0.9733789563179016,0.004474745132029,0.0028579395730048,0.4474744796752929,1.005581021308899
20260831,2,128,0.99,S0_xv_switch,1.004514217376709,0.0313104689121246,0.9733789563179016,0.0,0.0,0.0,1.0101009607315063
20260831,2,128,0.99,S1_xv_consistency_switch,1.0088281631469729,0.036406435072422,0.9733789563179016,0.0,0.0,0.0,1.0101009607315063
20260831,2,128,0.99,D3_oracle_pair_teacher_only,0.7771085500717163,0.2182744145393371,0.9733789563179016,0.114155426621437,0.20978744328022,11.415542602539062,0.8947924375534058
20260831,512,128,0.01,Bayes_exact,0.9955934286117554,0.0,0.9955934286117554,,,,
20260831,512,128,0.01,B0_v_ind,1.923643946647644,0.9280508756637572,0.9955934286117554,,,,
20260831,512,128,0.01,B1_x_ind,0.9974911212921144,0.0011590188369154,0.9955934286117554,,,,
20260831,512,128,0.01,B2_eps_ind,8756.77734375,8755.939453125,0.9955934286117554,,,,
20260831,512,128,0.01,D0_x_shared,0.9975571632385254,0.0021893940865993,0.9955934286117554,,,,
20260831,512,128,0.01,D0_eps_shared,9182.7509765625,9181.90625,0.9955934286117554,,,,
20260831,512,128,0.01,D0_fixed_x_eps,0.9975571632385254,0.0021893940865993,0.9955934286117554,1.0,0.0,1.0101009607315063,0.0
20260831,512,128,0.01,D0_safe_schedule,1.916831374168396,0.9229646921157836,0.9955934286117554,0.9900000095367432,0.0,0.9999999403953552,0.9999990463256836
20260831,512,128,0.01,D3_oracle_bayes_gate,0.9975560903549194,0.0021889763884246,0.9955934286117554,0.9999977946281432,6.377355930453632e-06,1.0100986957550049,0.0002187953214161
20260831,512,128,0.01,D1_scaled_gate,1.007745385169983,0.0114620476961135,0.9955934286117554,0.9994386434555054,0.0008483825367875,1.0095340013504028,0.056130863726139
20260831,512,128,0.01,D2_velocity_gate,0.9983810186386108,0.0037730957847088,0.9955934286117554,0.999938428401947,6.430042412830517e-05,1.0100388526916504,0.0061558312736451
20260831,512,128,0.01,D4_safe_velocity_gate,0.996579647064209,0.0022234469652175,0.9955934286117554,0.9999057054519652,6.163300713524222e-05,1.0100057125091553,0.009429539553821
20260831,512,128,0.01,S0_xv_switch,0.9961158037185668,0.0014611857477575,0.9955934286117554,1.0,0.0,1.0101009607315063,0.0
20260831,512,128,0.01,S1_xv_consistency_switch,0.9958654642105104,0.0012418462429195,0.9955934286117554,1.0,0.0,1.0101009607315063,0.0
20260831,512,128,0.01,D3_oracle_pair_teacher_only,0.9967643022537231,0.0030365821439772,0.9955934286117554,0.99983811378479,0.0002455575158819,1.009937405586243,0.0161915328353643
20260831,512,128,0.03,Bayes_exact,0.8447785377502441,0.0,0.8447785377502441,,,,
20260831,512,128,0.03,B0_v_ind,1.7727376222610474,0.9279354810714722,0.8447785377502441,,,,
20260831,512,128,0.03,B1_x_ind,0.8472243547439575,0.0019867722876369,0.8447785377502441,,,,
20260831,512,128,0.03,B2_eps_ind,972.8779907226562,971.99072265625,0.8447785377502441,,,,
20260831,512,128,0.03,D0_x_shared,0.847671389579773,0.0036389981396496,0.8447785377502441,,,,
20260831,512,128,0.03,D0_eps_shared,1020.6481323242188,1019.7626953125,0.8447785377502441,,,,
20260831,512,128,0.03,D0_fixed_x_eps,0.847671389579773,0.0036389981396496,0.8447785377502441,1.0,0.0,1.0309277772903442,0.0
20260831,512,128,0.03,D0_safe_schedule,1.7643351554870603,0.9190603494644164,0.8447785377502441,0.9700000286102296,0.0,1.0,0.9999989867210388
20260831,512,128,0.03,D3_oracle_bayes_gate,0.8476688861846924,0.0036331142764538,0.8447785377502441,0.9999520182609558,5.902451084693894e-05,1.0308783054351809,0.001598825212568
20260831,512,128,0.03,D1_scaled_gate,0.8471487760543823,0.0035788919776678,0.8447785377502441,0.9999526739120485,7.672677020309493e-05,1.030879020690918,0.0015771791804581
20260831,512,128,0.03,D2_velocity_gate,0.8480184078216553,0.0036043492145836,0.8447785377502441,0.999974489212036,2.8938975447090343e-05,1.0309014320373535,0.0008505681762471
20260831,512,128,0.03,D4_safe_velocity_gate,0.850399911403656,0.0048571741208434,0.8447785377502441,0.9998956918716432,5.5390195484505966e-05,1.0308202505111694,0.0034764902666211
20260831,512,128,0.03,S0_xv_switch,0.8471033573150635,0.0028864610940217,0.8447785377502441,1.0,0.0,1.0309277772903442,0.0
20260831,512,128,0.03,S1_xv_consistency_switch,0.8467874526977539,0.0027520495932549,0.8447785377502441,1.0,0.0,1.0309277772903442,0.0
20260831,512,128,0.03,D3_oracle_pair_teacher_only,0.8472663760185242,0.0040007731877267,0.8447785377502441,0.999637007713318,0.0005166420014575,1.0305535793304443,0.0120988488197326
20260831,512,128,0.1,Bayes_exact,0.2753848433494568,0.0,0.2753848433494568,,,,
20260831,512,128,0.1,B0_v_ind,1.207611083984375,0.9312689304351808,0.2753848433494568,,,,
20260831,512,128,0.1,B1_x_ind,0.2775834500789642,0.0021352809853851,0.2753848433494568,,,,
20260831,512,128,0.1,B2_eps_ind,87.50672912597656,87.2337646484375,0.2753848433494568,,,,
20260831,512,128,0.1,D0_x_shared,0.2827107608318329,0.0064407400786876,0.2753848433494568,,,,
20260831,512,128,0.1,D0_eps_shared,91.90267181396484,91.62770080566406,0.2753848433494568,,,,
20260831,512,128,0.1,D0_fixed_x_eps,0.2827107608318329,0.0064407400786876,0.2753848433494568,1.0,0.0,1.1111111640930176,0.0
20260831,512,128,0.1,D0_safe_schedule,1.198803186416626,0.9226630926132202,0.2753848433494568,0.8999999761581421,0.0,1.0,1.000000238418579
20260831,512,128,0.1,D3_oracle_bayes_gate,0.2827096581459045,0.0064400052651762,0.2753848433494568,0.99994695186615,7.243963045766577e-05,1.1110522747039795,0.0005303349462337
20260831,512,128,0.1,D1_scaled_gate,0.2821286916732788,0.0059628677554428,0.2753848433494568,0.9999935030937196,1.4562978321919218e-05,1.1111040115356443,6.491420208476484e-05
20260831,512,128,0.1,D2_velocity_gate,0.2814949154853821,0.0053913658484816,0.2753848433494568,0.9999874830245972,2.018449413299095e-05,1.11109721660614,0.0001249938213732
20260831,512,128,0.1,D4_safe_velocity_gate,0.2833944261074066,0.0073132561519742,0.2753848433494568,0.999487042427063,0.0003673342871479,1.1105411052703855,0.0051297452300786
20260831,512,128,0.1,S0_xv_switch,0.2789555788040161,0.0035698362626135,0.2753848433494568,1.0,0.0,1.1111111640930176,0.0
20260831,512,128,0.1,S1_xv_consistency_switch,0.2789151668548584,0.0034587599802762,0.2753848433494568,1.0,0.0,1.1111111640930176,0.0
20260831,512,128,0.1,D3_oracle_pair_teacher_only,0.2827006578445434,0.0064476681873202,0.2753848433494568,0.9998108148574828,0.0002754887100309,1.11090087890625,0.0018919742433354
20260831,512,128,0.3,Bayes_exact,0.022888857871294,0.0,0.022888857871294,,,,
20260831,512,128,0.3,B0_v_ind,0.9632247686386108,0.9402291178703308,0.022888857871294,,,,
20260831,512,128,0.3,B1_x_ind,0.0265002083033323,0.0034704562276601,0.022888857871294,,,,
20260831,512,128,0.3,B2_eps_ind,9.688318252563477,9.665183067321776,0.022888857871294,,,,
20260831,512,128,0.3,D0_x_shared,0.0436962395906448,0.0204394906759262,0.022888857871294,,,,
20260831,512,128,0.3,D0_eps_shared,10.17490005493164,10.151803970336914,0.022888857871294,,,,
20260831,512,128,0.3,D0_fixed_x_eps,0.0436962395906448,0.0204394906759262,0.022888857871294,1.0,0.0,1.4285714626312256,0.0
20260831,512,128,0.3,D0_safe_schedule,0.9545853137969972,0.9313769340515136,0.022888857871294,0.699999988079071,0.0,1.0,1.0
20260831,512,128,0.3,D3_oracle_bayes_gate,0.043690450489521,0.020433722063899,0.022888857871294,0.9996363520622252,0.0006626611575484,1.4280519485473633,0.0012121128384023
20260831,512,128,0.3,D1_scaled_gate,0.0436306409537792,0.0204306282103061,0.022888857871294,0.999975085258484,6.338031380437315e-05,1.4285359382629397,8.302303467644379e-05
20260831,512,128,0.3,D2_velocity_gate,0.043677382171154,0.0206833183765411,0.022888857871294,0.999988317489624,1.16946876005386e-05,1.4285547733306885,3.889886647812091e-05
20260831,512,128,0.3,D4_safe_velocity_gate,0.0456299930810928,0.0223456099629402,0.022888857871294,0.998114287853241,0.0018458232516422,1.4258774518966677,0.0062857614830136
20260831,512,128,0.3,S0_xv_switch,0.0288719311356544,0.0058432049117982,0.022888857871294,1.0,0.0,1.4285714626312256,0.0
20260831,512,128,0.3,S1_xv_consistency_switch,0.0283238217234611,0.0052594901062548,0.022888857871294,1.0,0.0,1.4285714626312256,0.0
20260831,512,128,0.3,D3_oracle_pair_teacher_only,0.0436885356903076,0.0204354189336299,0.022888857871294,0.999560534954071,0.0007549907313659,1.4279437065124512,0.0014649252407252
20260831,512,128,0.5,Bayes_exact,0.0097309052944183,0.0,0.0097309052944183,,,,
20260831,512,128,0.5,B0_v_ind,0.9380700588226318,0.9281778335571288,0.0097309052944183,,,,
20260831,512,128,0.5,B1_x_ind,0.0119893075898289,0.0023745372891426,0.0097309052944183,,,,
20260831,512,128,0.5,B2_eps_ind,3.477543592453003,3.467698574066162,0.0097309052944183,,,,
20260831,512,128,0.5,D0_x_shared,0.0189717337489128,0.0091189360246062,0.0097309052944183,,,,
20260831,512,128,0.5,D0_eps_shared,3.6552071571350098,3.6453819274902335,0.0097309052944183,,,,
20260831,512,128,0.5,D0_fixed_x_eps,0.0189717337489128,0.0091189360246062,0.0097309052944183,1.0,0.0,2.0,0.0
20260831,512,128,0.5,D0_safe_schedule,0.92622709274292,0.9163880348205566,0.0097309052944183,0.5,0.0,1.0,1.0
20260831,512,128,0.5,D3_oracle_bayes_gate,0.0189598314464092,0.0091069564223289,0.0097309052944183,0.9989216327667236,0.0014604361495003,1.9978432655334477,0.0021567093208432
20260831,512,128,0.5,D1_scaled_gate,0.0186849273741245,0.0087155792862176,0.0097309052944183,0.9999892711639404,2.5373119569849223e-05,1.9999785423278809,2.140557626262307e-05
20260831,512,128,0.5,D2_velocity_gate,0.0218803584575653,0.0119627378880977,0.0097309052944183,0.99967360496521,0.0002726280072238,1.99934720993042,0.0006527976365759
20260831,512,128,0.5,D4_safe_velocity_gate,0.0216784253716468,0.0119818914681673,0.0097309052944183,0.996984601020813,0.0019997328054159,1.993969202041626,0.006030817516148
20260831,512,128,0.5,S0_xv_switch,0.0175360590219497,0.0078623201698064,0.0097309052944183,1.0,0.0,2.0,0.0
20260831,512,128,0.5,S1_xv_consistency_switch,0.0168961081653833,0.0071834828704595,0.0097309052944183,1.0,0.0,2.0,0.0
20260831,512,128,0.5,D3_oracle_pair_teacher_only,0.018956359475851,0.0091101173311471,0.0097309052944183,0.9988034963607788,0.0016707113245502,1.9976069927215576,0.0023930603638291
20260831,512,128,0.7,Bayes_exact,0.0062095429748296,0.0,0.0062095429748296,,,,
20260831,512,128,0.7,B0_v_ind,0.928478479385376,0.9223474860191344,0.0062095429748296,,,,
20260831,512,128,0.7,B1_x_ind,0.0087773008272051,0.0025498114991933,0.0062095429748296,,,,
20260831,512,128,0.7,B2_eps_ind,1.768104910850525,1.761935114860535,0.0062095429748296,,,,
20260831,512,128,0.7,D0_x_shared,0.0198868475854396,0.0137633103877305,0.0062095429748296,,,,
20260831,512,128,0.7,D0_eps_shared,1.8602514266967771,1.8540875911712649,0.0062095429748296,,,,
20260831,512,128,0.7,D0_fixed_x_eps,1.8602514266967771,1.8540875911712649,0.0062095429748296,0.0,0.0,0.0,1.4285714626312256
20260831,512,128,0.7,D0_safe_schedule,0.9164489507675172,0.9102972149848938,0.0062095429748296,0.3000000119209289,0.0,1.0,1.0
20260831,512,128,0.7,D3_oracle_bayes_gate,0.0197225213050842,0.0135986134409904,0.0062095429748296,0.9933384656906128,0.006592683494091,3.3111281394958496,0.0095164291560649
20260831,512,128,0.7,D1_scaled_gate,0.0135518535971641,0.0073821116238832,0.0062095429748296,1.0,1.911594864623112e-07,3.3333330154418945,8.473372758999177e-08
20260831,512,128,0.7,D2_velocity_gate,0.0161122698336839,0.0098662199452519,0.0062095429748296,0.9961531758308412,0.003334000473842,3.3205106258392334,0.0054954625666141
20260831,512,128,0.7,D4_safe_velocity_gate,0.0205407813191413,0.0141378063708543,0.0062095429748296,0.988866925239563,0.0065930560231208,3.2962231636047363,0.0159043744206428
20260831,512,128,0.7,S0_xv_switch,0.936917781829834,0.9307382106781006,0.0062095429748296,0.0,0.0,0.0,1.4285714626312256
20260831,512,128,0.7,S1_xv_consistency_switch,0.9369139671325684,0.9307323694229126,0.0062095429748296,0.0,0.0,0.0,1.4285714626312256
20260831,512,128,0.7,D3_oracle_pair_teacher_only,0.0197036564350128,0.0136168301105499,0.0062095429748296,0.9932605028152466,0.0072336979210376,3.310868263244629,0.0096278004348278
20260831,512,128,0.9,Bayes_exact,0.0047052991576492,0.0,0.0047052991576492,,,,
20260831,512,128,0.9,B0_v_ind,0.9577121138572692,0.9530473947525024,0.0047052991576492,,,,
20260831,512,128,0.9,B1_x_ind,0.0229275487363338,0.0180342011153697,0.0047052991576492,,,,
20260831,512,128,0.9,B2_eps_ind,1.0822911262512207,1.0776054859161377,0.0047052991576492,,,,
20260831,512,128,0.9,D0_x_shared,0.1312843561172485,0.1268749684095382,0.0047052991576492,,,,
20260831,512,128,0.9,D0_eps_shared,1.166340470314026,1.1616482734680176,0.0047052991576492,,,,
20260831,512,128,0.9,D0_fixed_x_eps,1.166340470314026,1.1616482734680176,0.0047052991576492,0.0,0.0,0.0,1.1111111640930176
20260831,512,128,0.9,D0_safe_schedule,0.946690320968628,0.9420264959335328,0.0047052991576492,0.1000000238418579,0.0,1.000000238418579,1.0
20260831,512,128,0.9,D3_oracle_bayes_gate,0.1139965504407882,0.1095713749527931,0.0047052991576492,0.9045412540435792,0.0582325868308544,9.04541301727295,0.1060653030872345
20260831,512,128,0.9,D1_scaled_gate,0.0575624518096447,0.052879974246025,0.0047052991576492,1.0,0.0,10.0,0.0
20260831,512,128,0.9,D2_velocity_gate,0.0284686312079429,0.0235902201384305,0.0047052991576492,0.9653728008270264,0.0129956696182489,9.653728485107422,0.0384746342897415
20260831,512,128,0.9,D4_safe_velocity_gate,0.1496764570474624,0.1458315700292587,0.0047052991576492,0.8346657752990723,0.0717213302850723,8.346658706665039,0.1837046593427658
20260831,512,128,0.9,S0_xv_switch,0.9698376655578612,0.965110182762146,0.0047052991576492,0.0,0.0,0.0,1.1111111640930176
20260831,512,128,0.9,S1_xv_consistency_switch,0.9696764945983888,0.9649457931518556,0.0047052991576492,0.0,0.0,0.0,1.1111111640930176
20260831,512,128,0.9,D3_oracle_pair_teacher_only,0.113766886293888,0.1098010241985321,0.0047052991576492,0.9046313762664796,0.0597567036747932,9.046314239501951,0.1059651300311088
20260831,512,128,0.97,Bayes_exact,0.004191905260086,0.0,0.004191905260086,,,,
20260831,512,128,0.97,B0_v_ind,0.9932860732078552,0.9890664219856262,0.004191905260086,,,,
20260831,512,128,0.97,B1_x_ind,0.2375734895467758,0.2330778837203979,0.004191905260086,,,,
20260831,512,128,0.97,B2_eps_ind,1.0100239515304563,1.005831003189087,0.004191905260086,,,,
20260831,512,128,0.97,D0_x_shared,0.9152061343193054,0.9086830019950868,0.004191905260086,,,,
20260831,512,128,0.97,D0_eps_shared,1.052020788192749,1.0478334426879885,0.004191905260086,,,,
20260831,512,128,0.97,D0_fixed_x_eps,1.052020788192749,1.0478334426879885,0.004191905260086,0.0,0.0,0.0,1.0309277772903442
20260831,512,128,0.97,D0_safe_schedule,0.990909218788147,0.9866517782211304,0.004191905260086,0.0299999713897705,0.0,0.9999989867210388,1.0
20260831,512,128,0.97,D3_oracle_bayes_gate,0.4008173942565918,0.3955239653587341,0.004191905260086,0.621573269367218,0.210155501961708,20.719106674194336,0.3901306390762329
20260831,512,128,0.97,D1_scaled_gate,0.3263677954673767,0.3224533200263977,0.004191905260086,0.9999573230743408,4.113461545784958e-05,33.3319091796875,4.3958214519079775e-05
20260831,512,128,0.97,D2_velocity_gate,0.3225894570350647,0.3191352486610412,0.004191905260086,0.6530700922012329,0.067010723054409,21.76900100708008,0.3576597273349762
20260831,512,128,0.97,D4_safe_velocity_gate,0.8166680932044983,0.8124475479125977,0.004191905260086,0.216513842344284,0.1453481316566467,7.217128753662109,0.8077176213264465
20260831,512,128,0.97,S0_xv_switch,0.9935625195503236,0.9893902540206908,0.004191905260086,0.0,0.0,0.0,1.0309277772903442
20260831,512,128,0.97,S1_xv_consistency_switch,0.9937126636505128,0.9895251989364624,0.004191905260086,0.0,0.0,0.0,1.0309277772903442
20260831,512,128,0.97,D3_oracle_pair_teacher_only,0.4000275731086731,0.3963137567043304,0.004191905260086,0.6210565567016602,0.2113610953092575,20.70188331604004,0.3906633555889129
20260831,512,128,0.99,Bayes_exact,0.004060679115355,0.0,0.004060679115355,,,,
20260831,512,128,0.99,B0_v_ind,0.9993605017662048,0.99531751871109,0.004060679115355,,,,
20260831,512,128,0.99,B1_x_ind,3.682373523712158,3.680138111114502,0.004060679115355,,,,
20260831,512,128,0.99,B2_eps_ind,1.0049264430999756,1.0008665323257446,0.004060679115355,,,,
20260831,512,128,0.99,D0_x_shared,8.86751937866211,8.864311218261719,0.004060679115355,,,,
20260831,512,128,0.99,D0_eps_shared,1.0188982486724854,1.014847755432129,0.004060679115355,,,,
20260831,512,128,0.99,D0_fixed_x_eps,1.0188982486724854,1.014847755432129,0.004060679115355,0.0,0.0,0.0,1.0101009607315063
20260831,512,128,0.99,D0_safe_schedule,0.9995115995407104,0.9954694509506226,0.004060679115355,0.0099999904632568,0.0,0.9999990463256836,0.9999999403953552
20260831,512,128,0.99,D3_oracle_bayes_gate,0.7927519083023071,0.7890403270721436,0.004060679115355,0.2219362109899521,0.2071406543254852,22.19362068176269,0.7859230041503906
20260831,512,128,0.99,D1_scaled_gate,5.290798664093018,5.289087295532227,0.004060679115355,0.9991453886032104,0.0009945824276655,99.91453552246094,0.0008632848039269
20260831,512,128,0.99,D2_velocity_gate,0.8313636183738708,0.8274778127670288,0.004060679115355,0.1799063235521316,0.071254476904869,17.990633010864258,0.8283774256706238
20260831,512,128,0.99,D4_safe_velocity_gate,0.9915673732757568,0.9874765872955322,0.004060679115355,0.0217692200094461,0.0115194041281938,2.176922082901001,0.9881118535995485
20260831,512,128,0.99,S0_xv_switch,0.9986717700958252,0.9946717023849488,0.004060679115355,0.0,0.0,0.0,1.0101009607315063
20260831,512,128,0.99,S1_xv_consistency_switch,0.9987797737121582,0.994776964187622,0.004060679115355,0.0,0.0,0.0,1.0101009607315063
20260831,512,128,0.99,D3_oracle_pair_teacher_only,0.7911599278450012,0.7906322479248047,0.004060679115355,0.2221065312623977,0.2079786509275436,22.21065330505371,0.7857509255409241
20260901,2,128,0.01,Bayes_exact,1.0098252296447754,0.0,1.0098252296447754,,,,
20260901,2,128,0.01,B0_v_ind,1.0158833265304563,0.0043643005192279,1.0098252296447754,,,,
20260901,2,128,0.01,B1_x_ind,1.0099706649780271,0.000109872642497,1.0098252296447754,,,,
20260901,2,128,0.01,B2_eps_ind,19.97722816467285,18.97150039672852,1.0098252296447754,,,,
20260901,2,128,0.01,D0_x_shared,1.0106102228164673,0.0008881716639734,1.0098252296447754,,,,
20260901,2,128,0.01,D0_eps_shared,14.67136573791504,13.78548812866211,1.0098252296447754,,,,
20260901,2,128,0.01,D0_fixed_x_eps,1.0106102228164673,0.0008881716639734,1.0098252296447754,1.0,0.0,1.0101009607315063,0.0
20260901,2,128,0.01,D0_safe_schedule,1.0109848976135254,0.0025014041457325,1.0098252296447754,0.9900000095367432,0.0,0.9999999403953552,0.9999990463256836
20260901,2,128,0.01,D3_oracle_bayes_gate,1.009926676750183,0.0007291281945072,1.0098252296447754,0.9979566931724548,0.0070701013319194,1.0080368518829346,0.204332485795021
20260901,2,128,0.01,D1_scaled_gate,1.107384443283081,0.097882367670536,1.0098252296447754,0.92405366897583,0.0511852018535137,0.9333875179290771,7.594632148742676
20260901,2,128,0.01,D2_velocity_gate,1.013179063796997,0.002764041069895,1.0098252296447754,0.9967162013053894,0.0022199116647243,1.006783962249756,0.3283824920654297
20260901,2,128,0.01,D4_safe_velocity_gate,1.0107375383377075,0.0006415087264031,1.0098252296447754,0.997621774673462,0.0003989699762314,1.0076987743377686,0.2378178536891937
20260901,2,128,0.01,S0_xv_switch,1.0123049020767212,0.0023107496090233,1.0098252296447754,1.0,0.0,1.0101009607315063,0.0
20260901,2,128,0.01,S1_xv_consistency_switch,1.012057185173035,0.0020586908794939,1.0098252296447754,1.0,0.0,1.0101009607315063,0.0
20260901,2,128,0.01,D3_oracle_pair_teacher_only,0.7623540759086609,0.2464419901371002,1.0098252296447754,0.8714070320129395,0.2054453641176223,0.8802090883255005,12.859296798706056
20260901,2,128,0.03,Bayes_exact,1.0508596897125244,0.0,1.0508596897125244,,,,
20260901,2,128,0.03,B0_v_ind,1.0568259954452517,0.004128098487854,1.0508596897125244,,,,
20260901,2,128,0.03,B1_x_ind,1.0510538816452026,0.0002304446970811,1.0508596897125244,,,,
20260901,2,128,0.03,B2_eps_ind,2.8519110679626465,1.7733193635940552,1.0508596897125244,,,,
20260901,2,128,0.03,D0_x_shared,1.0527470111846924,0.0010802310425788,1.0508596897125244,,,,
20260901,2,128,0.03,D0_eps_shared,1.9495666027069087,0.8809924125671387,1.0508596897125244,,,,
20260901,2,128,0.03,D0_fixed_x_eps,1.0527470111846924,0.0010802310425788,1.0508596897125244,1.0,0.0,1.0309277772903442,0.0
20260901,2,128,0.03,D0_safe_schedule,1.054612636566162,0.0024387859739363,1.0508596897125244,0.9700000286102296,0.0,1.0,0.9999989867210388
20260901,2,128,0.03,D3_oracle_bayes_gate,1.0525466203689575,0.000930450274609,1.0508596897125244,0.9956287741661072,0.0184705853462219,1.026421308517456,0.1457086205482483
20260901,2,128,0.03,D1_scaled_gate,1.0603852272033691,0.0085339499637484,1.0508596897125244,0.9106845855712892,0.0590385757386684,0.9388500452041626,2.9771804809570312
20260901,2,128,0.03,D2_velocity_gate,1.052559733390808,0.0015696301124989,1.0508596897125244,0.9933915138244628,0.0049620377831161,1.0241148471832275,0.2202836126089096
20260901,2,128,0.03,D4_safe_velocity_gate,1.0525171756744385,0.000955429743044,1.0508596897125244,0.991878092288971,0.0013502117944881,1.022554636001587,0.2707302868366241
20260901,2,128,0.03,S0_xv_switch,1.052667260169983,0.0012396646197885,1.0508596897125244,1.0,0.0,1.0309277772903442,0.0
20260901,2,128,0.03,S1_xv_consistency_switch,1.0527644157409668,0.0012408904731273,1.0508596897125244,1.0,0.0,1.0309277772903442,0.0
20260901,2,128,0.03,D3_oracle_pair_teacher_only,0.8570844531059265,0.1301036775112152,1.0508596897125244,0.6650960445404053,0.4121549725532532,0.685666024684906,11.163463592529297
20260901,2,128,0.1,Bayes_exact,1.1952935457229614,0.0,1.1952935457229614,,,,
20260901,2,128,0.1,B0_v_ind,1.19867742061615,0.0036551207304,1.1952935457229614,,,,
20260901,2,128,0.1,B1_x_ind,1.1953392028808594,7.771111268084496e-05,1.1952935457229614,,,,
20260901,2,128,0.1,B2_eps_ind,1.3226945400238037,0.1130549609661102,1.1952935457229614,,,,
20260901,2,128,0.1,D0_x_shared,1.1955646276474,0.000910104252398,1.1952935457229614,,,,
20260901,2,128,0.1,D0_eps_shared,1.2614951133728027,0.0643054544925689,1.1952935457229614,,,,
20260901,2,128,0.1,D0_fixed_x_eps,1.1955646276474,0.000910104252398,1.1952935457229614,1.0,0.0,1.1111111640930176,0.0
20260901,2,128,0.1,D0_safe_schedule,1.1968082189559937,0.0019001811742782,1.1952935457229614,0.8999999761581421,0.0,1.0,1.000000238418579
20260901,2,128,0.1,D3_oracle_bayes_gate,1.1956430673599243,0.0008299468318,1.1952935457229614,0.9595631957054138,0.1078341826796531,1.0661814212799072,0.4043681025505066
20260901,2,128,0.1,D1_scaled_gate,1.1961984634399414,0.0015459920978173,1.1952935457229614,0.8974734544754028,0.0593009963631629,0.9971928000450134,1.0252654552459717
20260901,2,128,0.1,D2_velocity_gate,1.1985045671463013,0.001984329894185,1.1952935457229614,0.9806022644042968,0.014798573218286,1.0895581245422363,0.1939772367477417
20260901,2,128,0.1,D4_safe_velocity_gate,1.1958974599838257,0.0009550805552862,1.1952935457229614,0.9650004506111144,0.0052718115039169,1.0722228288650513,0.3499954342842102
20260901,2,128,0.1,S0_xv_switch,1.1954667568206787,0.0009225007379427,1.1952935457229614,1.0,0.0,1.1111111640930176,0.0
20260901,2,128,0.1,S1_xv_consistency_switch,1.1960933208465576,0.0007987073622643,1.1952935457229614,1.0,0.0,1.1111111640930176,0.0
20260901,2,128,0.1,D3_oracle_pair_teacher_only,1.100489377975464,0.0234837271273136,1.1952935457229614,0.5339155793190002,0.4831717908382416,0.5932395458221436,4.660844802856445
20260901,2,128,0.3,Bayes_exact,1.6947529315948486,0.0,1.6947529315948486,,,,
20260901,2,128,0.3,B0_v_ind,1.6955175399780271,0.0021652998402714,1.6947529315948486,,,,
20260901,2,128,0.3,B1_x_ind,1.6943762302398682,0.0007766890339553,1.6947529315948486,,,,
20260901,2,128,0.3,B2_eps_ind,1.7044750452041626,0.0091712540015578,1.6947529315948486,,,,
20260901,2,128,0.3,D0_x_shared,1.6942877769470217,0.0014593184459954,1.6947529315948486,,,,
20260901,2,128,0.3,D0_eps_shared,1.6970765590667725,0.0034517333842813,1.6947529315948486,,,,
20260901,2,128,0.3,D0_fixed_x_eps,1.6942877769470217,0.0014593184459954,1.6947529315948486,1.0,0.0,1.4285714626312256,0.0
20260901,2,128,0.3,D0_safe_schedule,1.6944860219955444,0.0014187233755365,1.6947529315948486,0.699999988079071,0.0,1.0,1.0
20260901,2,128,0.3,D3_oracle_bayes_gate,1.6948561668395996,0.0010004817740991,1.6947529315948486,0.702223002910614,0.3444935083389282,1.0031757354736328,0.9925898909568788
20260901,2,128,0.3,D1_scaled_gate,1.6948182582855225,0.0015008808113634,1.6947529315948486,0.8581405282020569,0.0501382499933242,1.2259150743484497,0.4728648960590362
20260901,2,128,0.3,D2_velocity_gate,1.696963667869568,0.0022766864858567,1.6947529315948486,0.9411343336105348,0.0279724560678005,1.344477653503418,0.196218803524971
20260901,2,128,0.3,D4_safe_velocity_gate,1.6948131322860718,0.001179274637252,1.6947529315948486,0.841567873954773,0.0145066371187567,1.202239751815796,0.5281072854995728
20260901,2,128,0.3,S0_xv_switch,1.696745753288269,0.0026346507947891,1.6947529315948486,1.0,0.0,1.4285714626312256,0.0
20260901,2,128,0.3,S1_xv_consistency_switch,1.6970317363739014,0.002628487534821,1.6947529315948486,1.0,0.0,1.4285714626312256,0.0
20260901,2,128,0.3,D3_oracle_pair_teacher_only,1.6623905897140503,0.0023650454822927,1.6947529315948486,0.5269477367401123,0.4957020878791809,0.7527824640274048,1.576840877532959
20260901,2,128,0.5,Bayes_exact,1.9453685283660889,0.0,1.9453685283660889,,,,
20260901,2,128,0.5,B0_v_ind,1.9471148252487185,0.0035204319283366,1.9453685283660889,,,,
20260901,2,128,0.5,B1_x_ind,1.946450471878052,0.0020902003161609,1.9453685283660889,,,,
20260901,2,128,0.5,B2_eps_ind,1.951924204826355,0.0087089389562606,1.9453685283660889,,,,
20260901,2,128,0.5,D0_x_shared,1.947266697883606,0.0015518235741183,1.9453685283660889,,,,
20260901,2,128,0.5,D0_eps_shared,1.9483191967010496,0.0027377742808312,1.9453685283660889,,,,
20260901,2,128,0.5,D0_fixed_x_eps,1.947266697883606,0.0015518235741183,1.9453685283660889,1.0,0.0,2.0,0.0
20260901,2,128,0.5,D0_safe_schedule,1.9472228288650515,0.0015746384160593,1.9453685283660889,0.5,0.0,1.0,1.0
20260901,2,128,0.5,D3_oracle_bayes_gate,1.9469413757324217,0.000937896198593,1.9453685283660889,0.6360233426094055,0.3791669607162475,1.272046685218811,0.7279533743858337
20260901,2,128,0.5,D1_scaled_gate,1.9475282430648804,0.0016600312665104,1.9453685283660889,0.6095629930496216,0.0683745816349983,1.2191259860992432,0.7808740139007568
20260901,2,128,0.5,D2_velocity_gate,1.9487611055374143,0.0019873860292136,1.9453685283660889,0.6374694108963013,0.1418738961219787,1.2749388217926023,0.7250611782073975
20260901,2,128,0.5,D4_safe_velocity_gate,1.946871280670166,0.0016347770579159,1.9453685283660889,0.6116881966590881,0.0380871184170246,1.2233763933181765,0.7766236066818237
20260901,2,128,0.5,S0_xv_switch,1.9527838230133057,0.0065621901303529,1.9453685283660889,1.0,0.0,2.0,0.0
20260901,2,128,0.5,S1_xv_consistency_switch,1.951951503753662,0.0061786109581589,1.9453685283660889,1.0,0.0,2.0,0.0
20260901,2,128,0.5,D3_oracle_pair_teacher_only,1.918806076049805,0.0020276925060898,1.9453685283660889,0.5003126859664917,0.497217059135437,1.0006253719329834,0.9993746280670166
20260901,2,128,0.7,Bayes_exact,1.6126594543457031,0.0,1.6126594543457031,,,,
20260901,2,128,0.7,B0_v_ind,1.6275227069854736,0.0159360710531473,1.6126594543457031,,,,
20260901,2,128,0.7,B1_x_ind,1.6455007791519165,0.0413900539278984,1.6126594543457031,,,,
20260901,2,128,0.7,B2_eps_ind,1.616909384727478,0.0066946325823664,1.6126594543457031,,,,
20260901,2,128,0.7,D0_x_shared,1.6217552423477173,0.0086655598133802,1.6126594543457031,,,,
20260901,2,128,0.7,D0_eps_shared,1.617684006690979,0.0045326631516218,1.6126594543457031,,,,
20260901,2,128,0.7,D0_fixed_x_eps,1.617684006690979,0.0045326631516218,1.6126594543457031,0.0,0.0,0.0,1.4285714626312256
20260901,2,128,0.7,D0_safe_schedule,1.617173433303833,0.0040405192412436,1.6126594543457031,0.3000000119209289,0.0,1.0,1.0
20260901,2,128,0.7,D3_oracle_bayes_gate,1.61561119556427,0.0023181070573627,1.6126594543457031,0.3854562044143677,0.382284939289093,1.2848540544509888,0.8779197335243225
20260901,2,128,0.7,D1_scaled_gate,1.6183253526687622,0.0043380153365433,1.6126594543457031,0.2035882472991943,0.0554180890321731,0.6786274909973145,1.1377310752868652
20260901,2,128,0.7,D2_velocity_gate,1.618808627128601,0.0065262923017144,1.6126594543457031,0.1965725719928741,0.1157292798161506,0.655241847038269,1.1477534770965576
20260901,2,128,0.7,D4_safe_velocity_gate,1.6156517267227173,0.003725909627974,1.6126594543457031,0.229196086525917,0.0797665417194366,0.7639869451522827,1.10114848613739
20260901,2,128,0.7,S0_xv_switch,1.62750506401062,0.0176443643867969,1.6126594543457031,0.0,0.0,0.0,1.4285714626312256
20260901,2,128,0.7,S1_xv_consistency_switch,1.6270490884780884,0.0170275270938873,1.6126594543457031,0.0,0.0,0.0,1.4285714626312256
20260901,2,128,0.7,D3_oracle_pair_teacher_only,1.5639256238937378,0.0057262205518782,1.6126594543457031,0.403694212436676,0.4836133122444153,1.3456473350524902,0.8518654108047485
20260901,2,128,0.9,Bayes_exact,0.6251753568649292,0.0,0.6251753568649292,,,,
20260901,2,128,0.9,B0_v_ind,0.7740417718887329,0.1536566913127899,0.6251753568649292,,,,
20260901,2,128,0.9,B1_x_ind,1.256401300430298,0.6368521451950073,0.6251753568649292,,,,
20260901,2,128,0.9,B2_eps_ind,0.6597504615783691,0.0325072035193443,0.6251753568649292,,,,
20260901,2,128,0.9,D0_x_shared,0.7420210838317871,0.1197592541575431,0.6251753568649292,,,,
20260901,2,128,0.9,D0_eps_shared,0.6610719561576843,0.0360632613301277,0.6251753568649292,,,,
20260901,2,128,0.9,D0_fixed_x_eps,0.6610719561576843,0.0360632613301277,0.6251753568649292,0.0,0.0,0.0,1.1111111640930176
20260901,2,128,0.9,D0_safe_schedule,0.6605144739151001,0.0357804596424102,0.6251753568649292,0.1000000238418579,0.0,1.000000238418579,1.0
20260901,2,128,0.9,D3_oracle_bayes_gate,0.6490964293479919,0.0259624123573303,0.6251753568649292,0.1970618665218353,0.3018041253089905,1.9706186056137085,0.8921535015106201
20260901,2,128,0.9,D1_scaled_gate,0.6634544730186462,0.0378753319382667,0.6251753568649292,0.0029338421300053,0.0046714381314814,0.0293384213000535,1.107851266860962
20260901,2,128,0.9,D2_velocity_gate,0.6795806288719177,0.0567635595798492,0.6251753568649292,0.0001838707103161,0.0005196907441131,0.0018387071322649,1.1109068393707275
20260901,2,128,0.9,D4_safe_velocity_gate,0.6613255739212036,0.0349708721041679,0.6251753568649292,0.0148271890357136,0.0147087108343839,0.1482719033956527,1.0946364402770996
20260901,2,128,0.9,S0_xv_switch,0.8769296407699585,0.2578509449958801,0.6251753568649292,0.0,0.0,0.0,1.1111111640930176
20260901,2,128,0.9,S1_xv_consistency_switch,0.9011861085891724,0.2801539599895477,0.6251753568649292,0.0,0.0,0.0,1.1111111640930176
20260901,2,128,0.9,D3_oracle_pair_teacher_only,0.5668481588363647,0.0548968091607093,0.6251753568649292,0.4109344482421875,0.4574841558933258,4.109344482421875,0.6545172929763794
20260901,2,128,0.97,Bayes_exact,0.7928227186203003,0.0,0.7928227186203003,,,,
20260901,2,128,0.97,B0_v_ind,0.905984103679657,0.1110409200191497,0.7928227186203003,,,,
20260901,2,128,0.97,B1_x_ind,1.493064284324646,0.703588604927063,0.7928227186203003,,,,
20260901,2,128,0.97,B2_eps_ind,0.8333649635314941,0.0358251705765724,0.7928227186203003,,,,
20260901,2,128,0.97,D0_x_shared,2.0658979415893555,1.2781388759613037,0.7928227186203003,,,,
20260901,2,128,0.97,D0_eps_shared,0.8272309303283691,0.0305993072688579,0.7928227186203003,,,,
20260901,2,128,0.97,D0_fixed_x_eps,0.8272309303283691,0.0305993072688579,0.7928227186203003,0.0,0.0,0.0,1.0309277772903442
20260901,2,128,0.97,D0_safe_schedule,0.8226160407066345,0.0262505486607551,0.7928227186203003,0.0299999713897705,0.0,0.9999989867210388,1.0
20260901,2,128,0.97,D3_oracle_bayes_gate,0.8102643489837646,0.0154819209128618,0.7928227186203003,0.0891492739319801,0.1298018544912338,2.97164249420166,0.9390213489532472
20260901,2,128,0.97,D1_scaled_gate,0.8293014764785767,0.0335310511291027,0.7928227186203003,0.0079435538500547,0.0137764066457748,0.2647851407527923,1.0227384567260742
20260901,2,128,0.97,D2_velocity_gate,0.8469697833061218,0.0539356023073196,0.7928227186203003,0.0001337813737336,0.000287721370114,0.0044593792408704,1.030789852142334
20260901,2,128,0.97,D4_safe_velocity_gate,0.8226583003997803,0.0271091163158416,0.7928227186203003,0.0052464446052908,0.0049305725842714,0.1748815029859542,1.0255191326141355
20260901,2,128,0.97,S0_xv_switch,0.9439988732337952,0.1495869010686874,0.7928227186203003,0.0,0.0,0.0,1.0309277772903442
20260901,2,128,0.97,S1_xv_consistency_switch,0.9475052356719972,0.154830127954483,0.7928227186203003,0.0,0.0,0.0,1.0309277772903442
20260901,2,128,0.97,D3_oracle_pair_teacher_only,0.6254938244819641,0.1466827094554901,0.7928227186203003,0.2795260846614837,0.3555507063865661,9.317535400390623,0.7427566051483154
20260901,2,128,0.99,Bayes_exact,0.9668750762939452,0.0,0.9668750762939452,,,,
20260901,2,128,0.99,B0_v_ind,0.9913923740386964,0.0254135653376579,0.9668750762939452,,,,
20260901,2,128,0.99,B1_x_ind,7.266746520996094,6.336379051208496,0.9668750762939452,,,,
20260901,2,128,0.99,B2_eps_ind,0.9786839485168456,0.0134954638779163,0.9668750762939452,,,,
20260901,2,128,0.99,D0_x_shared,11.7373046875,10.74184226989746,0.9668750762939452,,,,
20260901,2,128,0.99,D0_eps_shared,0.9805899262428284,0.0143466629087924,0.9668750762939452,,,,
20260901,2,128,0.99,D0_fixed_x_eps,0.9805899262428284,0.0143466629087924,0.9668750762939452,0.0,0.0,0.0,1.0101009607315063
20260901,2,128,0.99,D0_safe_schedule,0.9851382970809937,0.0186028126627206,0.9668750762939452,0.0099999904632568,0.0,0.9999990463256836,0.9999999403953552
20260901,2,128,0.99,D3_oracle_bayes_gate,0.9788671135902404,0.0129542639479041,0.9668750762939452,0.0099862338975071,0.0359696261584758,0.9986233711242676,1.000013828277588
20260901,2,128,0.99,D1_scaled_gate,0.997999906539917,0.0305745285004377,0.9668750762939452,0.0185460671782493,0.0257448982447385,1.854606866836548,0.9913675785064696
20260901,2,128,0.99,D2_velocity_gate,1.0067427158355713,0.0383443273603916,0.9668750762939452,0.000449885497801,0.000814109982457,0.0449885502457618,1.0096465349197388
20260901,2,128,0.99,D4_safe_velocity_gate,0.9858593940734864,0.0181274451315403,0.9668750762939452,0.0022365488111972,0.0018560015596449,0.2236548960208892,1.0078418254852295
20260901,2,128,0.99,S0_xv_switch,0.9963853359222412,0.0315731540322303,0.9668750762939452,0.0,0.0,0.0,1.0101009607315063
20260901,2,128,0.99,S1_xv_consistency_switch,0.9971622824668884,0.0329473689198493,0.9668750762939452,0.0,0.0,0.0,1.0101009607315063
20260901,2,128,0.99,D3_oracle_pair_teacher_only,0.7754408121109009,0.2246907651424408,0.9668750762939452,0.1222432181239128,0.2196492999792099,12.224323272705078,0.886622965335846
20260901,512,128,0.01,Bayes_exact,0.982069492340088,0.0,0.982069492340088,,,,
20260901,512,128,0.01,B0_v_ind,1.908435583114624,0.926762580871582,0.982069492340088,,,,
20260901,512,128,0.01,B1_x_ind,0.9838637113571168,0.0015101445605978,0.982069492340088,,,,
20260901,512,128,0.01,B2_eps_ind,8756.3154296875,8755.4619140625,0.982069492340088,,,,
20260901,512,128,0.01,D0_x_shared,0.9826860427856444,0.0018791139591485,0.982069492340088,,,,
20260901,512,128,0.01,D0_eps_shared,9198.30859375,9197.4404296875,0.982069492340088,,,,
20260901,512,128,0.01,D0_fixed_x_eps,0.9826860427856444,0.0018791139591485,0.982069492340088,1.0,0.0,1.0101009607315063,0.0
20260901,512,128,0.01,D0_safe_schedule,1.902790069580078,0.9231076240539552,0.982069492340088,0.9900000095367432,0.0,0.9999999403953552,0.9999990463256836
20260901,512,128,0.01,D3_oracle_bayes_gate,0.982683539390564,0.0018782555125653,0.982069492340088,0.9999961853027344,8.915442776924465e-06,1.0100970268249512,0.0003816880052909
20260901,512,128,0.01,D1_scaled_gate,0.998357594013214,0.0173779036849737,0.982069492340088,0.9991133213043212,0.0009285050327889,1.009205341339111,0.0886683166027069
20260901,512,128,0.01,D2_velocity_gate,0.983700394630432,0.0033504948951303,0.982069492340088,0.99995756149292,7.418738823616877e-05,1.0100581645965576,0.0042423149570822
20260901,512,128,0.01,D4_safe_velocity_gate,0.9850648045539856,0.0027367803268134,0.982069492340088,0.9998713731765748,8.361589425476268e-05,1.009971022605896,0.0128599144518375
20260901,512,128,0.01,S0_xv_switch,0.983960509300232,0.0016198866069316,0.982069492340088,1.0,0.0,1.0101009607315063,0.0
20260901,512,128,0.01,S1_xv_consistency_switch,0.9837645292282104,0.0015517378924414,0.982069492340088,1.0,0.0,1.0101009607315063,0.0
20260901,512,128,0.01,D3_oracle_pair_teacher_only,0.9818500280380248,0.0027458756230771,0.982069492340088,0.9998369216918944,0.0002543005393818,1.0099362134933472,0.016307134181261
20260901,512,128,0.03,Bayes_exact,0.8364920020103455,0.0,0.8364920020103455,,,,
20260901,512,128,0.03,B0_v_ind,1.763232946395874,0.9272964000701904,0.8364920020103455,,,,
20260901,512,128,0.03,B1_x_ind,0.8388973474502563,0.0022498497273772,0.8364920020103455,,,,
20260901,512,128,0.03,B2_eps_ind,972.0120239257812,971.15869140625,0.8364920020103455,,,,
20260901,512,128,0.03,D0_x_shared,0.8398435711860657,0.0041500865481793,0.8364920020103455,,,,
20260901,512,128,0.03,D0_eps_shared,1021.2406616210938,1020.3870849609376,0.8364920020103455,,,,
20260901,512,128,0.03,D0_fixed_x_eps,0.8398435711860657,0.0041500865481793,0.8364920020103455,1.0,0.0,1.0309277772903442,0.0
20260901,512,128,0.03,D0_safe_schedule,1.7553313970565796,0.9191017746925354,0.8364920020103455,0.9700000286102296,0.0,1.0,0.9999989867210388
20260901,512,128,0.03,D3_oracle_bayes_gate,0.8398396968841553,0.0041402978822588,0.8364920020103455,0.9999383091926576,7.634119538124651e-05,1.030864119529724,0.0020552952773869
20260901,512,128,0.03,D1_scaled_gate,0.8397072553634644,0.0043650567531585,0.8364920020103455,0.9998726844787598,0.0001424802030669,1.0307965278625488,0.0042445175349712
20260901,512,128,0.03,D2_velocity_gate,0.841363787651062,0.0045892433263361,0.8364920020103455,0.9999927282333374,1.1774024642363656e-05,1.0309202671051023,0.0002440957614453
20260901,512,128,0.03,D4_safe_velocity_gate,0.8447970151901245,0.0063350559212267,0.8364920020103455,0.9998288154602052,0.000107847052277,1.0307512283325195,0.0057061263360083
20260901,512,128,0.03,S0_xv_switch,0.8389421701431274,0.0031815888360142,0.8364920020103455,1.0,0.0,1.0309277772903442,0.0
20260901,512,128,0.03,S1_xv_consistency_switch,0.8387801647186279,0.0031404751352965,0.8364920020103455,1.0,0.0,1.0309277772903442,0.0
20260901,512,128,0.03,D3_oracle_pair_teacher_only,0.8394079208374023,0.0045212628319859,0.8364920020103455,0.9996227025985718,0.0005365670076571,1.03053879737854,0.0125753637403249
20260901,512,128,0.1,Bayes_exact,0.2775025069713592,0.0,0.2775025069713592,,,,
20260901,512,128,0.1,B0_v_ind,1.2034778594970703,0.9272081851959229,0.2775025069713592,,,,
20260901,512,128,0.1,B1_x_ind,0.2794168591499328,0.0024006376042962,0.2775025069713592,,,,
20260901,512,128,0.1,B2_eps_ind,87.14329528808594,86.86289978027344,0.2775025069713592,,,,
20260901,512,128,0.1,D0_x_shared,0.2822901308536529,0.0063263727352023,0.2775025069713592,,,,
20260901,512,128,0.1,D0_eps_shared,91.68180847167967,91.40386199951172,0.2775025069713592,,,,
20260901,512,128,0.1,D0_fixed_x_eps,0.2822901308536529,0.0063263727352023,0.2775025069713592,1.0,0.0,1.1111111640930176,0.0
20260901,512,128,0.1,D0_safe_schedule,1.1961512565612793,0.9199891090393066,0.2775025069713592,0.8999999761581421,0.0,1.0,1.000000238418579
20260901,512,128,0.1,D3_oracle_bayes_gate,0.2822892367839813,0.0063254265114665,0.2775025069713592,0.9999358654022216,7.943771925056353e-05,1.1110398769378662,0.0006416760152205
20260901,512,128,0.1,D1_scaled_gate,0.2827123999595642,0.0062927212566137,0.2775025069713592,0.9999778270721436,3.1441275496035814e-05,1.11108660697937,0.000221399241127
20260901,512,128,0.1,D2_velocity_gate,0.2823416590690613,0.006538925692439,0.2775025069713592,0.999997854232788,4.098208137293113e-06,1.1111087799072266,2.1100568119436502e-05
20260901,512,128,0.1,D4_safe_velocity_gate,0.2850368320941925,0.0077477395534515,0.2775025069713592,0.9993485808372498,0.000407651416026,1.1103873252868652,0.006513993255794
20260901,512,128,0.1,S0_xv_switch,0.2809876203536987,0.0036757476627826,0.2775025069713592,1.0,0.0,1.1111111640930176,0.0
20260901,512,128,0.1,S1_xv_consistency_switch,0.2809142470359802,0.0036384558770805,0.2775025069713592,1.0,0.0,1.1111111640930176,0.0
20260901,512,128,0.1,D3_oracle_pair_teacher_only,0.2822783589363098,0.0063342214561998,0.2775025069713592,0.9997986555099488,0.0002990548091474,1.1108875274658203,0.0020135133527219
20260901,512,128,0.3,Bayes_exact,0.0231792069971561,0.0,0.0231792069971561,,,,
20260901,512,128,0.3,B0_v_ind,0.9607045650482178,0.9373729228973388,0.0231792069971561,,,,
20260901,512,128,0.3,B1_x_ind,0.0265520177781581,0.0031469482928514,0.0231792069971561,,,,
20260901,512,128,0.3,B2_eps_ind,9.674354553222656,9.651161193847656,0.0231792069971561,,,,
20260901,512,128,0.3,D0_x_shared,0.043166946619749,0.0199559535831213,0.0231792069971561,,,,
20260901,512,128,0.3,D0_eps_shared,10.188470840454102,10.165325164794922,0.0231792069971561,,,,
20260901,512,128,0.3,D0_fixed_x_eps,0.043166946619749,0.0199559535831213,0.0231792069971561,1.0,0.0,1.4285714626312256,0.0
20260901,512,128,0.3,D0_safe_schedule,0.9552762508392334,0.9320851564407348,0.0231792069971561,0.699999988079071,0.0,1.0,1.0
20260901,512,128,0.3,D3_oracle_bayes_gate,0.0431603342294693,0.019949410110712,0.0231792069971561,0.9996060132980348,0.0007029964472167,1.4280085563659668,0.001313182990998
20260901,512,128,0.3,D1_scaled_gate,0.042909026145935,0.019516434520483,0.0231792069971561,0.999916672706604,0.0002196143614128,1.428452491760254,0.0002777046174742
20260901,512,128,0.3,D2_velocity_gate,0.0450888872146606,0.0216437876224517,0.0231792069971561,0.999996542930603,5.728427822759841e-06,1.4285666942596436,1.1425678167142904e-05
20260901,512,128,0.3,D4_safe_velocity_gate,0.0455981492996215,0.0223600678145885,0.0231792069971561,0.9981481432914734,0.0015168535755947,1.4259259700775146,0.0061728660948574
20260901,512,128,0.3,S0_xv_switch,0.0272687710821628,0.0041108839213848,0.0231792069971561,1.0,0.0,1.4285714626312256,0.0
20260901,512,128,0.3,S1_xv_consistency_switch,0.0268411226570606,0.0036233798600733,0.0231792069971561,1.0,0.0,1.4285714626312256,0.0
20260901,512,128,0.3,D3_oracle_pair_teacher_only,0.0431583784520626,0.0199511833488941,0.0231792069971561,0.999529242515564,0.0007940778159536,1.42789888381958,0.0015691462904214
20260901,512,128,0.5,Bayes_exact,0.0095114633440971,0.0,0.0095114633440971,,,,
20260901,512,128,0.5,B0_v_ind,0.9353829026222228,0.9258365631103516,0.0095114633440971,,,,
20260901,512,128,0.5,B1_x_ind,0.0133737865835428,0.0039516701363027,0.0095114633440971,,,,
20260901,512,128,0.5,B2_eps_ind,3.473156690597534,3.4636688232421875,0.0095114633440971,,,,
20260901,512,128,0.5,D0_x_shared,0.018376076593995,0.0089539075270295,0.0095114633440971,,,,
20260901,512,128,0.5,D0_eps_shared,3.659577369689941,3.6501235961914062,0.0095114633440971,,,,
20260901,512,128,0.5,D0_fixed_x_eps,0.018376076593995,0.0089539075270295,0.0095114633440971,1.0,0.0,2.0,0.0
20260901,512,128,0.5,D0_safe_schedule,0.927047610282898,0.917609691619873,0.0095114633440971,0.5,0.0,1.0,1.0
20260901,512,128,0.5,D3_oracle_bayes_gate,0.0183664299547672,0.0089440727606415,0.0095114633440971,0.999004065990448,0.0013059299672022,1.998008131980896,0.0019919055048376
20260901,512,128,0.5,D1_scaled_gate,0.018287718296051,0.0089124301448464,0.0095114633440971,0.9999731779098512,5.605594196822494e-05,1.999946355819702,5.354799213819206e-05
20260901,512,128,0.5,D2_velocity_gate,0.0215160921216011,0.0119785591959953,0.0095114633440971,0.9999114274978638,0.0001565022248541,1.9998228549957275,0.0001772007963154
20260901,512,128,0.5,D4_safe_velocity_gate,0.0233485586941242,0.0139363389462232,0.0095114633440971,0.9945372939109802,0.0036445688456296,1.9890745878219604,0.0109254866838455
20260901,512,128,0.5,S0_xv_switch,0.0136183891445398,0.0041714501567184,0.0095114633440971,1.0,0.0,2.0,0.0
20260901,512,128,0.5,S1_xv_consistency_switch,0.0130850803107023,0.0036395457573235,0.0095114633440971,1.0,0.0,2.0,0.0
20260901,512,128,0.5,D3_oracle_pair_teacher_only,0.0183631479740142,0.0089469840750098,0.0095114633440971,0.9988993406295776,0.0015274158213287,1.9977986812591555,0.0022013508714735
20260901,512,128,0.7,Bayes_exact,0.0065433578565716,0.0,0.0065433578565716,,,,
20260901,512,128,0.7,B0_v_ind,0.9294148683547974,0.9228596091270448,0.0065433578565716,,,,
20260901,512,128,0.7,B1_x_ind,0.0096559096127748,0.0032010201830416,0.0065433578565716,,,,
20260901,512,128,0.7,B2_eps_ind,1.7685335874557495,1.7621158361434937,0.0065433578565716,,,,
20260901,512,128,0.7,D0_x_shared,0.0159982591867446,0.009483958594501,0.0065433578565716,,,,
20260901,512,128,0.7,D0_eps_shared,1.8648658990859983,1.858459711074829,0.0065433578565716,,,,
20260901,512,128,0.7,D0_fixed_x_eps,1.8648658990859983,1.858459711074829,0.0065433578565716,0.0,0.0,0.0,1.4285714626312256
20260901,512,128,0.7,D0_safe_schedule,0.91852867603302,0.912090003490448,0.0065433578565716,0.3000000119209289,0.0,1.0,1.0
20260901,512,128,0.7,D3_oracle_bayes_gate,0.0159204676747322,0.0094069931656122,0.0065433578565716,0.995644748210907,0.0047385841608047,3.3188157081604004,0.0062218136154115
20260901,512,128,0.7,D1_scaled_gate,0.0149603309109807,0.0085347238928079,0.0065433578565716,0.9999997615814208,3.809507802543522e-07,3.3333325386047363,3.609290786243946e-07
20260901,512,128,0.7,D2_velocity_gate,0.0175731312483549,0.0111815733835101,0.0065433578565716,0.998734712600708,0.0015712708700448,3.329115629196167,0.0018076065462082
20260901,512,128,0.7,D4_safe_velocity_gate,0.0199134573340415,0.0134425945580005,0.0065433578565716,0.98069167137146,0.0136705031618475,3.268972396850586,0.027583323419094
20260901,512,128,0.7,S0_xv_switch,0.9489375948905944,0.9424465894699096,0.0065433578565716,0.0,0.0,0.0,1.4285714626312256
20260901,512,128,0.7,S1_xv_consistency_switch,0.9478728771209716,0.9414167404174804,0.0065433578565716,0.0,0.0,0.0,1.4285714626312256
20260901,512,128,0.7,D3_oracle_pair_teacher_only,0.0159079860895872,0.0094187334179878,0.0065433578565716,0.9954953789711,0.0053180321119725,3.3183178901672363,0.00643518473953
20260901,512,128,0.9,Bayes_exact,0.0047152303159236,0.0,0.0047152303159236,,,,
20260901,512,128,0.9,B0_v_ind,0.9606059193611144,0.9558900594711304,0.0047152303159236,,,,
20260901,512,128,0.9,B1_x_ind,0.0199737213551998,0.0152805773541331,0.0047152303159236,,,,
20260901,512,128,0.9,B2_eps_ind,1.081781029701233,1.077073574066162,0.0047152303159236,,,,
20260901,512,128,0.9,D0_x_shared,0.0566323772072792,0.0517758317291736,0.0047152303159236,,,,
20260901,512,128,0.9,D0_eps_shared,1.168431520462036,1.1637194156646729,0.0047152303159236,,,,
20260901,512,128,0.9,D0_fixed_x_eps,1.168431520462036,1.1637194156646729,0.0047152303159236,0.0,0.0,0.0,1.1111111640930176
20260901,512,128,0.9,D0_safe_schedule,0.9478513598442078,0.943124771118164,0.0047152303159236,0.1000000238418579,0.0,1.000000238418579,1.0
20260901,512,128,0.9,D3_oracle_bayes_gate,0.0524371415376663,0.047614462673664,0.0047152303159236,0.9588515758514404,0.0386712364852428,9.58851432800293,0.0457205101847648
20260901,512,128,0.9,D1_scaled_gate,0.065535694360733,0.060742363333702,0.0047152303159236,1.0,0.0,10.0,0.0
20260901,512,128,0.9,D2_velocity_gate,0.048996977508068,0.0441705286502838,0.0047152303159236,0.9645142555236816,0.0246161669492721,9.6451416015625,0.039428636431694
20260901,512,128,0.9,D4_safe_velocity_gate,0.2075976580381393,0.2021068334579467,0.0047152303159236,0.7631090879440308,0.1054045185446739,7.631090641021728,0.2632121443748474
20260901,512,128,0.9,S0_xv_switch,0.9764909148216248,0.9717168211936952,0.0047152303159236,0.0,0.0,0.0,1.1111111640930176
20260901,512,128,0.9,S1_xv_consistency_switch,0.9758269786834716,0.9710739850997924,0.0047152303159236,0.0,0.0,0.0,1.1111111640930176
20260901,512,128,0.9,D3_oracle_pair_teacher_only,0.05234045535326,0.04771089553833,0.0047152303159236,0.958790123462677,0.039900105446577,9.58790111541748,0.0457887314260005
20260901,512,128,0.97,Bayes_exact,0.0041066501289606,0.0,0.0041066501289606,,,,
20260901,512,128,0.97,B0_v_ind,0.9947010278701782,0.9906094670295716,0.0041066501289606,,,,
20260901,512,128,0.97,B1_x_ind,0.2526852488517761,0.2485360354185104,0.0041066501289606,,,,
20260901,512,128,0.97,B2_eps_ind,1.0101933479309082,1.006077766418457,0.0041066501289606,,,,
20260901,512,128,0.97,D0_x_shared,0.6559234857559204,0.6518733501434326,0.0041066501289606,,,,
20260901,512,128,0.97,D0_eps_shared,1.0528558492660522,1.0487380027770996,0.0041066501289606,,,,
20260901,512,128,0.97,D0_fixed_x_eps,1.0528558492660522,1.0487380027770996,0.0041066501289606,0.0,0.0,0.0,1.0309277772903442
20260901,512,128,0.97,D0_safe_schedule,0.9913427233695984,0.9872270226478576,0.0041066501289606,0.0299999713897705,0.0,0.9999989867210388,1.0
20260901,512,128,0.97,D3_oracle_bayes_gate,0.3149507939815521,0.3107926845550537,0.0041066501289606,0.7022013068199158,0.2168318629264831,23.406707763671875,0.3070089817047119
20260901,512,128,0.97,D1_scaled_gate,0.5943245887756348,0.5904194116592407,0.0041066501289606,0.9998177886009216,0.0001704267779132,33.32725524902344,0.000187845347682
20260901,512,128,0.97,D2_velocity_gate,0.3018902540206909,0.2981993556022644,0.0041066501289606,0.6735376715660095,0.0959687456488609,22.451255798339844,0.3365590572357178
20260901,512,128,0.97,D4_safe_velocity_gate,0.8336611986160278,0.8298571109771729,0.0041066501289606,0.199029192328453,0.0980056300759315,6.634305953979492,0.8257430195808411
20260901,512,128,0.97,S0_xv_switch,0.995742917060852,0.9916307330131532,0.0041066501289606,0.0,0.0,0.0,1.0309277772903442
20260901,512,128,0.97,S1_xv_consistency_switch,0.9953513145446776,0.9912275075912476,0.0041066501289606,0.0,0.0,0.0,1.0309277772903442
20260901,512,128,0.97,D3_oracle_pair_teacher_only,0.3143568634986877,0.3113866448402405,0.0041066501289606,0.7021570205688477,0.217495784163475,23.40523338317871,0.3070546388626098
20260901,512,128,0.99,Bayes_exact,0.0039116283878684,0.0,0.0039116283878684,,,,
20260901,512,128,0.99,B0_v_ind,1.001968264579773,0.9980133175849916,0.0039116283878684,,,,
20260901,512,128,0.99,B1_x_ind,3.15455961227417,3.15054702758789,0.0039116283878684,,,,
20260901,512,128,0.99,B2_eps_ind,1.0070233345031738,1.0031118392944336,0.0039116283878684,,,,
20260901,512,128,0.99,D0_x_shared,5.385286331176758,5.382131576538086,0.0039116283878684,,,,
20260901,512,128,0.99,D0_eps_shared,1.0206143856048584,1.0166847705841064,0.0039116283878684,,,,
20260901,512,128,0.99,D0_fixed_x_eps,1.0206143856048584,1.0166847705841064,0.0039116283878684,0.0,0.0,0.0,1.0101009607315063
20260901,512,128,0.99,D0_safe_schedule,1.0008134841918943,0.9968915581703186,0.0039116283878684,0.0099999904632568,0.0,0.9999990463256836,0.9999999403953552
20260901,512,128,0.99,D3_oracle_bayes_gate,0.7428172826766968,0.7385988831520081,0.0039116283878684,0.2721218168735504,0.1971852034330368,27.212181091308597,0.7352304458618164
20260901,512,128,0.99,D1_scaled_gate,5.155509948730469,5.152756690979004,0.0039116283878684,0.997715950012207,0.0023288659285753,99.77159118652344,0.0023071423638612
20260901,512,128,0.99,D2_velocity_gate,0.8130617141723633,0.8093521595001221,0.0039116283878684,0.1820093095302581,0.0863998010754585,18.200929641723636,0.8262531757354736
20260901,512,128,0.99,D4_safe_velocity_gate,1.007568359375,1.003390550613403,0.0039116283878684,0.0275695361196994,0.011090887710452,2.756953716278076,0.9822529554367064
20260901,512,128,0.99,S0_xv_switch,1.0010972023010254,0.997117042541504,0.0039116283878684,0.0,0.0,0.0,1.0101009607315063
20260901,512,128,0.99,S1_xv_consistency_switch,1.0008325576782229,0.9968671798706056,0.0039116283878684,0.0,0.0,0.0,1.0101009607315063
20260901,512,128,0.99,D3_oracle_pair_teacher_only,0.7414025068283081,0.740013599395752,0.0039116283878684,0.2719669044017792,0.1977150440216064,27.19668960571289,0.7353869080543518
20260902,2,128,0.01,Bayes_exact,0.9905230402946472,0.0,0.9905230402946472,,,,
20260902,2,128,0.01,B0_v_ind,0.9925912618637084,0.0025688344612717,0.9905230402946472,,,,
20260902,2,128,0.01,B1_x_ind,0.990711510181427,0.000122584431665,0.9905230402946472,,,,
20260902,2,128,0.01,B2_eps_ind,35.1859245300293,34.00615310668945,0.9905230402946472,,,,
20260902,2,128,0.01,D0_x_shared,0.9910287857055664,0.00106270913966,0.9905230402946472,,,,
20260902,2,128,0.01,D0_eps_shared,15.072402954101562,14.045400619506836,0.9905230402946472,,,,
20260902,2,128,0.01,D0_fixed_x_eps,0.9910287857055664,0.00106270913966,0.9905230402946472,1.0,0.0,1.0101009607315063,0.0
20260902,2,128,0.01,D0_safe_schedule,0.9920841455459596,0.0017476390348747,0.9905230402946472,0.9900000095367432,0.0,0.9999999403953552,0.9999990463256836
20260902,2,128,0.01,D3_oracle_bayes_gate,0.9913065433502196,0.0007091581937856,0.9905230402946472,0.9933111667633056,0.0102492664009332,1.0033445358276367,0.6688787341117859
20260902,2,128,0.01,D1_scaled_gate,1.0205025672912598,0.0318092815577983,0.9905230402946472,0.9382297396659852,0.0415435135364532,0.9477067589759828,6.177027702331543
20260902,2,128,0.01,D2_velocity_gate,0.9916142821311952,0.0032425501849502,0.9905230402946472,0.9992384314537048,0.0009411798673681,1.0093317031860352,0.0761546492576599
20260902,2,128,0.01,D4_safe_velocity_gate,0.9906721711158752,0.0004796650027856,0.9905230402946472,0.9982551336288452,0.0007212468190118,1.008338451385498,0.174485757946968
20260902,2,128,0.01,S0_xv_switch,0.9906632900238036,0.0016337749548256,0.9905230402946472,1.0,0.0,1.0101009607315063,0.0
20260902,2,128,0.01,S1_xv_consistency_switch,0.9918613433837892,0.001565630082041,0.9905230402946472,1.0,0.0,1.0101009607315063,0.0
20260902,2,128,0.01,D3_oracle_pair_teacher_only,0.754895806312561,0.2206712067127227,0.9905230402946472,0.851112961769104,0.2444514781236648,0.8597100377082825,14.88870334625244
20260902,2,128,0.03,Bayes_exact,1.0513858795166016,0.0,1.0513858795166016,,,,
20260902,2,128,0.03,B0_v_ind,1.0542072057724,0.0019997176714241,1.0513858795166016,,,,
20260902,2,128,0.03,B1_x_ind,1.0515897274017334,7.332544191740453e-05,1.0513858795166016,,,,
20260902,2,128,0.03,B2_eps_ind,3.882993698120117,2.828850269317627,1.0513858795166016,,,,
20260902,2,128,0.03,D0_x_shared,1.051759958267212,0.0004604129935614,1.0513858795166016,,,,
20260902,2,128,0.03,D0_eps_shared,2.2847485542297363,1.2332286834716797,1.0513858795166016,,,,
20260902,2,128,0.03,D0_fixed_x_eps,1.051759958267212,0.0004604129935614,1.0513858795166016,1.0,0.0,1.0309277772903442,0.0
20260902,2,128,0.03,D0_safe_schedule,1.05273699760437,0.0014307660749182,1.0513858795166016,0.9700000286102296,0.0,1.0,0.9999989867210388
20260902,2,128,0.03,D3_oracle_bayes_gate,1.0513317584991455,0.000346643384546,1.0513858795166016,0.9889439344406128,0.0243193749338388,1.0195297002792358,0.3685363829135895
20260902,2,128,0.03,D1_scaled_gate,1.052907943725586,0.0035371715202927,1.0513858795166016,0.9230834245681764,0.0536397211253643,0.95163232088089,2.5638859272003174
20260902,2,128,0.03,D2_velocity_gate,1.0525683164596558,0.0025846532080322,1.0513858795166016,0.9980502128601074,0.0022525833919644,1.028917670249939,0.0649927929043769
20260902,2,128,0.03,D4_safe_velocity_gate,1.051328420639038,0.0002942563733085,1.0513858795166016,0.994070053100586,0.0025980710051953,1.024814486503601,0.1976644396781921
20260902,2,128,0.03,S0_xv_switch,1.0529780387878418,0.0010238687973469,1.0513858795166016,1.0,0.0,1.0309277772903442,0.0
20260902,2,128,0.03,S1_xv_consistency_switch,1.05316162109375,0.001020192168653,1.0513858795166016,1.0,0.0,1.0309277772903442,0.0
20260902,2,128,0.03,D3_oracle_pair_teacher_only,0.8350965976715088,0.1471065878868103,1.0513858795166016,0.6596789956092834,0.4107139110565185,0.6800813674926758,11.344034194946287
20260902,2,128,0.1,Bayes_exact,1.232559084892273,0.0,1.232559084892273,,,,
20260902,2,128,0.1,B0_v_ind,1.2335565090179443,0.0007718570996075,1.232559084892273,,,,
20260902,2,128,0.1,B1_x_ind,1.2328424453735352,0.0001168710732599,1.232559084892273,,,,
20260902,2,128,0.1,B2_eps_ind,1.4616352319717407,0.2217961996793747,1.232559084892273,,,,
20260902,2,128,0.1,D0_x_shared,1.2324018478393557,0.000463976728497,1.232559084892273,,,,
20260902,2,128,0.1,D0_eps_shared,1.341096043586731,0.1030157208442688,1.232559084892273,,,,
20260902,2,128,0.1,D0_fixed_x_eps,1.2324018478393557,0.000463976728497,1.232559084892273,1.0,0.0,1.1111111640930176,0.0
20260902,2,128,0.1,D0_safe_schedule,1.2341753244400024,0.0016232209745794,1.232559084892273,0.8999999761581421,0.0,1.0,1.000000238418579
20260902,2,128,0.1,D3_oracle_bayes_gate,1.232734441757202,0.0004002408822998,1.232559084892273,0.9696191549301147,0.0801584273576736,1.0773545503616333,0.3038091659545898
20260902,2,128,0.1,D1_scaled_gate,1.233188509941101,0.000742831849493,1.232559084892273,0.9131561517715454,0.0526042617857456,1.0146180391311646,0.8684385418891907
20260902,2,128,0.1,D2_velocity_gate,1.2331173419952393,0.0015762860421091,1.232559084892273,0.9885108470916748,0.0112067675217986,1.0983455181121826,0.1148914396762847
20260902,2,128,0.1,D4_safe_velocity_gate,1.2322847843170166,0.0003178682236466,1.232559084892273,0.977159321308136,0.0087623996660113,1.0857326984405518,0.2284064292907714
20260902,2,128,0.1,S0_xv_switch,1.2327568531036377,0.0007351970416493,1.232559084892273,1.0,0.0,1.1111111640930176,0.0
20260902,2,128,0.1,S1_xv_consistency_switch,1.2332215309143066,0.0007477141916751,1.232559084892273,1.0,0.0,1.1111111640930176,0.0
20260902,2,128,0.1,D3_oracle_pair_teacher_only,1.1172094345092771,0.0364306345582008,1.232559084892273,0.5446990728378296,0.4793086051940918,0.6052212119102478,4.553009986877441
20260902,2,128,0.3,Bayes_exact,1.7621184587478638,0.0,1.7621184587478638,,,,
20260902,2,128,0.3,B0_v_ind,1.76300847530365,0.0013988143764436,1.7621184587478638,,,,
20260902,2,128,0.3,B1_x_ind,1.763171911239624,0.0010842984775081,1.7621184587478638,,,,
20260902,2,128,0.3,B2_eps_ind,1.7866945266723633,0.0239031612873077,1.7621184587478638,,,,
20260902,2,128,0.3,D0_x_shared,1.7622970342636108,0.0006004581227898,1.7621184587478638,,,,
20260902,2,128,0.3,D0_eps_shared,1.770783543586731,0.008466001600027,1.7621184587478638,,,,
20260902,2,128,0.3,D0_fixed_x_eps,1.7622970342636108,0.0006004581227898,1.7621184587478638,1.0,0.0,1.4285714626312256,0.0
20260902,2,128,0.3,D0_safe_schedule,1.7628519535064695,0.0009690736187621,1.7621184587478638,0.699999988079071,0.0,1.0,1.0
20260902,2,128,0.3,D3_oracle_bayes_gate,1.762218952178955,0.0003523597843013,1.7621184587478638,0.8947180509567261,0.1608174592256546,1.278168559074402,0.3509400188922882
20260902,2,128,0.3,D1_scaled_gate,1.7613680362701416,0.0005967286415398,1.7621184587478638,0.8746291399002075,0.0557876266539096,1.2494702339172363,0.4179028272628784
20260902,2,128,0.3,D2_velocity_gate,1.763988018035889,0.0018741593230515,1.7621184587478638,0.9442837238311768,0.0357344076037406,1.3489768505096436,0.1857209354639053
20260902,2,128,0.3,D4_safe_velocity_gate,1.7620842456817627,0.0003125643124803,1.7621184587478638,0.8983433246612549,0.0289946310222148,1.2833476066589355,0.3388556540012359
20260902,2,128,0.3,S0_xv_switch,1.7654227018356323,0.0016148772556334,1.7621184587478638,1.0,0.0,1.4285714626312256,0.0
20260902,2,128,0.3,S1_xv_consistency_switch,1.7631114721298218,0.0009882906451821,1.7621184587478638,1.0,0.0,1.4285714626312256,0.0
20260902,2,128,0.3,D3_oracle_pair_teacher_only,1.7056502103805542,0.004389549139887,1.7621184587478638,0.4931646585464477,0.4951528906822204,0.7045209407806396,1.6894512176513672
20260902,2,128,0.5,Bayes_exact,1.9991674423217771,0.0,1.9991674423217771,,,,
20260902,2,128,0.5,B0_v_ind,2.0014657974243164,0.0032609279733151,1.9991674423217771,,,,
20260902,2,128,0.5,B1_x_ind,2.002868175506592,0.0018708985298871,1.9991674423217771,,,,
20260902,2,128,0.5,B2_eps_ind,2.0086984634399414,0.0081277228891849,1.9991674423217771,,,,
20260902,2,128,0.5,D0_x_shared,2.000401973724365,0.001523194136098,1.9991674423217771,,,,
20260902,2,128,0.5,D0_eps_shared,2.004784107208252,0.0051541421562433,1.9991674423217771,,,,
20260902,2,128,0.5,D0_fixed_x_eps,2.000401973724365,0.001523194136098,1.9991674423217771,1.0,0.0,2.0,0.0
20260902,2,128,0.5,D0_safe_schedule,2.001101016998291,0.0018465426983311,1.9991674423217771,0.5,0.0,1.0,1.0
20260902,2,128,0.5,D3_oracle_bayes_gate,2.000304698944092,0.0009327455190941,1.9991674423217771,0.6781487464904785,0.2979419827461242,1.356297492980957,0.643702507019043
20260902,2,128,0.5,D1_scaled_gate,2.0013434886932373,0.0012189273256808,1.9991674423217771,0.6315439939498901,0.0953508168458938,1.2630879878997805,0.7369118928909302
20260902,2,128,0.5,D2_velocity_gate,2.0000932216644287,0.0012926480267196,1.9991674423217771,0.6923596858978271,0.1208686456084251,1.3847193717956543,0.6152806282043457
20260902,2,128,0.5,D4_safe_velocity_gate,2.0016915798187256,0.0012514053378254,1.9991674423217771,0.7162321209907532,0.0616413615643978,1.4324642419815063,0.5675356388092041
20260902,2,128,0.5,S0_xv_switch,1.998598337173462,0.0026084152050316,1.9991674423217771,1.0,0.0,2.0,0.0
20260902,2,128,0.5,S1_xv_consistency_switch,1.9985742568969729,0.0019082125509157,1.9991674423217771,1.0,0.0,2.0,0.0
20260902,2,128,0.5,D3_oracle_pair_teacher_only,1.9536378383636477,0.0030065458267927,1.9991674423217771,0.502299427986145,0.4945777058601379,1.00459885597229,0.9954010844230652
20260902,2,128,0.7,Bayes_exact,1.6001694202423096,0.0,1.6001694202423096,,,,
20260902,2,128,0.7,B0_v_ind,1.6296875476837158,0.0268034487962722,1.6001694202423096,,,,
20260902,2,128,0.7,B1_x_ind,1.6472713947296145,0.046898815780878,1.6001694202423096,,,,
20260902,2,128,0.7,B2_eps_ind,1.607020616531372,0.0058256140910089,1.6001694202423096,,,,
20260902,2,128,0.7,D0_x_shared,1.6118862628936768,0.008423188701272,1.6001694202423096,,,,
20260902,2,128,0.7,D0_eps_shared,1.6071748733520508,0.0047404784709215,1.6001694202423096,,,,
20260902,2,128,0.7,D0_fixed_x_eps,1.6071748733520508,0.0047404784709215,1.6001694202423096,0.0,0.0,0.0,1.4285714626312256
20260902,2,128,0.7,D0_safe_schedule,1.6067657470703125,0.0040227165445685,1.6001694202423096,0.3000000119209289,0.0,1.0,1.0
20260902,2,128,0.7,D3_oracle_bayes_gate,1.6039996147155762,0.002543285023421,1.6001694202423096,0.3503296971321106,0.3677576184272766,1.1677656173706057,0.9281004667282104
20260902,2,128,0.7,D1_scaled_gate,1.6076500415802002,0.0040489272214472,1.6001694202423096,0.2036602348089218,0.0761133804917335,0.6788674592971802,1.137628197669983
20260902,2,128,0.7,D2_velocity_gate,1.609506130218506,0.0071730958297848,1.6001694202423096,0.0978002101182937,0.1245030909776687,0.3260007202625274,1.288856863975525
20260902,2,128,0.7,D4_safe_velocity_gate,1.6071298122406006,0.0040056146681308,1.6001694202423096,0.2170230746269226,0.061608251184225,0.7234102487564087,1.1185386180877686
20260902,2,128,0.7,S0_xv_switch,1.6210896968841553,0.019033171236515,1.6001694202423096,0.0,0.0,0.0,1.4285714626312256
20260902,2,128,0.7,S1_xv_consistency_switch,1.6210668087005615,0.0203502718359231,1.6001694202423096,0.0,0.0,0.0,1.4285714626312256
20260902,2,128,0.7,D3_oracle_pair_teacher_only,1.5529146194458008,0.0057532442733645,1.6001694202423096,0.4062011837959289,0.4847418963909149,1.35400390625,0.8482840061187744
20260902,2,128,0.9,Bayes_exact,0.6392183303833008,0.0,0.6392183303833008,,,,
20260902,2,128,0.9,B0_v_ind,0.928586721420288,0.2862852811813354,0.6392183303833008,,,,
20260902,2,128,0.9,B1_x_ind,1.199898362159729,0.5529258251190186,0.6392183303833008,,,,
20260902,2,128,0.9,B2_eps_ind,0.6735559105873108,0.0359663181006908,0.6392183303833008,,,,
20260902,2,128,0.9,D0_x_shared,0.7847676873207092,0.1492144912481308,0.6392183303833008,,,,
20260902,2,128,0.9,D0_eps_shared,0.6684452295303345,0.0306201539933681,0.6392183303833008,,,,
20260902,2,128,0.9,D0_fixed_x_eps,0.6684452295303345,0.0306201539933681,0.6392183303833008,0.0,0.0,0.0,1.1111111640930176
20260902,2,128,0.9,D0_safe_schedule,0.6684746742248535,0.030876874923706,0.6392183303833008,0.1000000238418579,0.0,1.000000238418579,1.0
20260902,2,128,0.9,D3_oracle_bayes_gate,0.6603679656982422,0.0211864560842514,0.6392183303833008,0.1829663515090942,0.2749236226081848,1.8296633958816528,0.9078152179718018
20260902,2,128,0.9,D1_scaled_gate,0.6688926219940186,0.031134333461523,0.6392183303833008,0.0140661792829632,0.0136769888922572,0.1406617760658264,1.0954821109771729
20260902,2,128,0.9,D2_velocity_gate,0.6956087350845337,0.0583133175969123,0.6392183303833008,2.155813308490906e-05,9.194226731779054e-05,0.0002155813272111,1.111087203025818
20260902,2,128,0.9,D4_safe_velocity_gate,0.6681634187698364,0.030584018677473,0.6392183303833008,0.0395807847380638,0.0342747792601585,0.3958078622817993,1.0671324729919434
20260902,2,128,0.9,S0_xv_switch,0.8611705303192139,0.2180482000112533,0.6392183303833008,0.0,0.0,0.0,1.1111111640930176
20260902,2,128,0.9,S1_xv_consistency_switch,0.933060884475708,0.2927051782608032,0.6392183303833008,0.0,0.0,0.0,1.1111111640930176
20260902,2,128,0.9,D3_oracle_pair_teacher_only,0.586571216583252,0.0522054657340049,0.6392183303833008,0.3843908309936523,0.4456589818000793,3.843908309936523,0.6840102076530457
20260902,2,128,0.97,Bayes_exact,0.8121129870414734,0.0,0.8121129870414734,,,,
20260902,2,128,0.97,B0_v_ind,0.9711379408836364,0.1555131375789642,0.8121129870414734,,,,
20260902,2,128,0.97,B1_x_ind,1.4019473791122437,0.5716508626937866,0.8121129870414734,,,,
20260902,2,128,0.97,B2_eps_ind,0.8485237956047058,0.033930480480194,0.8121129870414734,,,,
20260902,2,128,0.97,D0_x_shared,2.694594621658325,1.870579957962036,0.8121129870414734,,,,
20260902,2,128,0.97,D0_eps_shared,0.8464400768280029,0.0313807278871536,0.8121129870414734,,,,
20260902,2,128,0.97,D0_fixed_x_eps,0.8464400768280029,0.0313807278871536,0.8121129870414734,0.0,0.0,0.0,1.0309277772903442
20260902,2,128,0.97,D0_safe_schedule,0.843292236328125,0.0279641989618539,0.8121129870414734,0.0299999713897705,0.0,0.9999989867210388,1.0
20260902,2,128,0.97,D3_oracle_bayes_gate,0.8267102837562561,0.0151894260197877,0.8121129870414734,0.0794104412198066,0.1334891319274902,2.647014617919922,0.949061393737793
20260902,2,128,0.97,D1_scaled_gate,0.8483006954193115,0.0319349318742752,0.8121129870414734,0.0197970196604728,0.0155609808862209,0.6599006652832031,1.0105185508728027
20260902,2,128,0.97,D2_velocity_gate,0.8779628872871399,0.0615167319774627,0.8121129870414734,1.597605660208501e-05,3.981210829806514e-05,0.0005325352540239,1.0309113264083862
20260902,2,128,0.97,D4_safe_velocity_gate,0.843363881111145,0.0287012867629528,0.8121129870414734,0.0178831946104764,0.0125297913327813,0.5961064696311951,1.0124914646148682
20260902,2,128,0.97,S0_xv_switch,0.954591989517212,0.1350535750389099,0.8121129870414734,0.0,0.0,0.0,1.0309277772903442
20260902,2,128,0.97,S1_xv_consistency_switch,0.9710812568664552,0.1537381410598755,0.8121129870414734,0.0,0.0,0.0,1.0309277772903442
20260902,2,128,0.97,D3_oracle_pair_teacher_only,0.6470001339912415,0.1523564755916595,0.8121129870414734,0.2535918951034546,0.3458532691001892,8.453062057495117,0.7694928646087646
20260902,2,128,0.99,Bayes_exact,1.0010713338851929,0.0,1.0010713338851929,,,,
20260902,2,128,0.99,B0_v_ind,1.0249654054641724,0.0295965820550918,1.0010713338851929,,,,
20260902,2,128,0.99,B1_x_ind,5.133761405944824,4.076758861541748,1.0010713338851929,,,,
20260902,2,128,0.99,B2_eps_ind,1.0089373588562012,0.0100417397916316,1.0010713338851929,,,,
20260902,2,128,0.99,D0_x_shared,15.64567756652832,14.589521408081056,1.0010713338851929,,,,
20260902,2,128,0.99,D0_eps_shared,1.012512445449829,0.010980537161231,1.0010713338851929,,,,
20260902,2,128,0.99,D0_fixed_x_eps,1.012512445449829,0.010980537161231,1.0010713338851929,0.0,0.0,0.0,1.0101009607315063
20260902,2,128,0.99,D0_safe_schedule,1.0178086757659912,0.0157305262982845,1.0010713338851929,0.0099999904632568,0.0,0.9999990463256836,0.9999999403953552
20260902,2,128,0.99,D3_oracle_bayes_gate,1.0110424757003784,0.0098393643274903,1.0010713338851929,0.0092736352235078,0.0309359785169363,0.9273635149002076,1.0007336139678955
20260902,2,128,0.99,D1_scaled_gate,1.056656837463379,0.0498013906180858,1.0010713338851929,0.0346255376935005,0.023597253486514,3.462553739547729,0.9751256704330444
20260902,2,128,0.99,D2_velocity_gate,1.0201137065887451,0.0207128375768661,1.0010713338851929,3.876198024954647e-05,8.426154818153009e-05,0.003876197617501,1.010061740875244
20260902,2,128,0.99,D4_safe_velocity_gate,1.0146907567977903,0.0135744716972112,1.0010713338851929,0.0059753824025392,0.0036188040394335,0.5975382328033447,1.0040652751922607
20260902,2,128,0.99,S0_xv_switch,1.0288902521133425,0.0326548926532268,1.0010713338851929,0.0,0.0,0.0,1.0101009607315063
20260902,2,128,0.99,S1_xv_consistency_switch,1.0275208950042725,0.0299382712692022,1.0010713338851929,0.0,0.0,0.0,1.0101009607315063
20260902,2,128,0.99,D3_oracle_pair_teacher_only,0.7887325286865234,0.2380304038524627,1.0010713338851929,0.1210069805383682,0.2172042727470398,12.100696563720703,0.8878717422485352
20260902,512,128,0.01,Bayes_exact,0.9904656410217284,0.0,0.9904656410217284,,,,
20260902,512,128,0.01,B0_v_ind,1.916389226913452,0.9256967306137084,0.9904656410217284,,,,
20260902,512,128,0.01,B1_x_ind,0.9907612204551696,0.001219303230755,0.9904656410217284,,,,
20260902,512,128,0.01,B2_eps_ind,8771.83984375,8770.634765625,0.9904656410217284,,,,
20260902,512,128,0.01,D0_x_shared,0.994033932685852,0.0026662598829716,0.9904656410217284,,,,
20260902,512,128,0.01,D0_eps_shared,9190.361328125,9189.154296875,0.9904656410217284,,,,
20260902,512,128,0.01,D0_fixed_x_eps,0.994033932685852,0.0026662598829716,0.9904656410217284,1.0,0.0,1.0101009607315063,0.0
20260902,512,128,0.01,D0_safe_schedule,1.918219804763794,0.9247032403945924,0.9904656410217284,0.9900000095367432,0.0,0.9999999403953552,0.9999990463256836
20260902,512,128,0.01,D3_oracle_bayes_gate,0.9940351247787476,0.0026658456772565,0.9904656410217284,0.999997854232788,6.376681994879618e-06,1.0100986957550049,0.0002148852217942
20260902,512,128,0.01,D1_scaled_gate,1.011557936668396,0.0198955740779638,0.9904656410217284,0.999029278755188,0.0009212250006385,1.0091204643249512,0.0970736742019653
20260902,512,128,0.01,D2_velocity_gate,0.996005654335022,0.0034344324376434,0.9904656410217284,0.9999284744262696,5.542803410207853e-05,1.010028600692749,0.0071484274230897
20260902,512,128,0.01,D4_safe_velocity_gate,0.9948173761367798,0.0041791526600718,0.9904656410217284,0.9998921155929564,7.44007556932047e-05,1.009992003440857,0.010787165723741
20260902,512,128,0.01,S0_xv_switch,0.9929061532020568,0.0016693907091394,0.9904656410217284,1.0,0.0,1.0101009607315063,0.0
20260902,512,128,0.01,S1_xv_consistency_switch,0.992641270160675,0.0016405440401285,0.9904656410217284,1.0,0.0,1.0101009607315063,0.0
20260902,512,128,0.01,D3_oracle_pair_teacher_only,0.9933050870895386,0.0034623816609382,0.9904656410217284,0.9998490810394288,0.0002393635077169,1.009948492050171,0.0150898583233356
20260902,512,128,0.03,Bayes_exact,0.8487745523452759,0.0,0.8487745523452759,,,,
20260902,512,128,0.03,B0_v_ind,1.7717909812927246,0.9228651523590088,0.8487745523452759,,,,
20260902,512,128,0.03,B1_x_ind,0.8496365547180176,0.0029258814174681,0.8487745523452759,,,,
20260902,512,128,0.03,B2_eps_ind,970.3339233398438,969.5211181640624,0.8487745523452759,,,,
20260902,512,128,0.03,D0_x_shared,0.8530928492546082,0.0036046267487108,0.8487745523452759,,,,
20260902,512,128,0.03,D0_eps_shared,1017.622314453125,1016.8037719726562,0.8487745523452759,,,,
20260902,512,128,0.03,D0_fixed_x_eps,0.8530928492546082,0.0036046267487108,0.8487745523452759,1.0,0.0,1.0309277772903442,0.0
20260902,512,128,0.03,D0_safe_schedule,1.7656177282333374,0.9170587062835692,0.8487745523452759,0.9700000286102296,0.0,1.0,0.9999989867210388
20260902,512,128,0.03,D3_oracle_bayes_gate,0.853090763092041,0.0035998071543872,0.8487745523452759,0.9999608993530272,5.6841567129595205e-05,1.0308873653411863,0.001303277676925
20260902,512,128,0.03,D1_scaled_gate,0.8520383834838867,0.0034605010878294,0.8487745523452759,0.9998035430908204,0.0001937165216077,1.0307252407073977,0.0065502328798174
20260902,512,128,0.03,D2_velocity_gate,0.8520404100418091,0.0038114311173558,0.8487745523452759,0.9999637603759766,2.7993739422527145e-05,1.0308904647827148,0.0012079200241714
20260902,512,128,0.03,D4_safe_velocity_gate,0.8529227375984192,0.0053143603727221,0.8487745523452759,0.9998998641967772,5.327065446181223e-05,1.0308245420455933,0.0033365809358656
20260902,512,128,0.03,S0_xv_switch,0.8493959903717041,0.0030833131168037,0.8487745523452759,1.0,0.0,1.0309277772903442,0.0
20260902,512,128,0.03,S1_xv_consistency_switch,0.8496737480163574,0.0030764210969209,0.8487745523452759,1.0,0.0,1.0309277772903442,0.0
20260902,512,128,0.03,D3_oracle_pair_teacher_only,0.8527095913887024,0.0039570410735905,0.8487745523452759,0.9996417760849,0.0005005641723982,1.0305585861206057,0.0119399055838584
20260902,512,128,0.1,Bayes_exact,0.2850939929485321,0.0,0.2850939929485321,,,,
20260902,512,128,0.1,B0_v_ind,1.2123990058898926,0.9273411631584167,0.2850939929485321,,,,
20260902,512,128,0.1,B1_x_ind,0.2876259088516235,0.0025936518795788,0.2850939929485321,,,,
20260902,512,128,0.1,B2_eps_ind,87.34674072265625,87.05858612060547,0.2850939929485321,,,,
20260902,512,128,0.1,D0_x_shared,0.2918649315834045,0.0065841116011142,0.2850939929485321,,,,
20260902,512,128,0.1,D0_eps_shared,91.72297668457033,91.43740844726562,0.2850939929485321,,,,
20260902,512,128,0.1,D0_fixed_x_eps,0.2918649315834045,0.0065841116011142,0.2850939929485321,1.0,0.0,1.1111111640930176,0.0
20260902,512,128,0.1,D0_safe_schedule,1.2063270807266235,0.9210180044174194,0.2850939929485321,0.8999999761581421,0.0,1.0,1.000000238418579
20260902,512,128,0.1,D3_oracle_bayes_gate,0.2918641865253448,0.006583422422409,0.2850939929485321,0.9999499320983888,7.10444146534428e-05,1.111055612564087,0.0005008855368942
20260902,512,128,0.1,D1_scaled_gate,0.2915400266647339,0.0066200103610754,0.2850939929485321,0.9999099969863892,0.0001036623725667,1.1110111474990845,0.0009000799036584
20260902,512,128,0.1,D2_velocity_gate,0.2920721173286438,0.0070908144116401,0.2850939929485321,0.9999874830245972,1.1175834515597671e-05,1.11109721660614,0.0001252742367796
20260902,512,128,0.1,D4_safe_velocity_gate,0.2927247881889343,0.0081722931936383,0.2850939929485321,0.9993048310279846,0.0003914542612619,1.1103386878967283,0.0069518950767815
20260902,512,128,0.1,S0_xv_switch,0.2900401651859283,0.0050039449706673,0.2850939929485321,1.0,0.0,1.1111111640930176,0.0
20260902,512,128,0.1,S1_xv_consistency_switch,0.2900268733501434,0.0049953749403357,0.2850939929485321,1.0,0.0,1.1111111640930176,0.0
20260902,512,128,0.1,D3_oracle_pair_teacher_only,0.2918542325496673,0.0065918895415961,0.2850939929485321,0.9998155236244202,0.0002893962082453,1.1109062433242798,0.0018447317415848
20260902,512,128,0.3,Bayes_exact,0.0241998452693223,0.0,0.0241998452693223,,,,
20260902,512,128,0.3,B0_v_ind,0.960418939590454,0.936439037322998,0.0241998452693223,,,,
20260902,512,128,0.3,B1_x_ind,0.0265810675919055,0.0026325813960283,0.0241998452693223,,,,
20260902,512,128,0.3,B2_eps_ind,9.671539306640623,9.647455215454102,0.0241998452693223,,,,
20260902,512,128,0.3,D0_x_shared,0.0439104214310646,0.0200305115431547,0.0241998452693223,,,,
20260902,512,128,0.3,D0_eps_shared,10.155282974243164,10.131231307983398,0.0241998452693223,,,,
20260902,512,128,0.3,D0_fixed_x_eps,0.0439104214310646,0.0200305115431547,0.0241998452693223,1.0,0.0,1.4285714626312256,0.0
20260902,512,128,0.3,D0_safe_schedule,0.9530853033065796,0.9291536808013916,0.0241998452693223,0.699999988079071,0.0,1.0,1.0
20260902,512,128,0.3,D3_oracle_bayes_gate,0.0439049080014228,0.0200249478220939,0.0241998452693223,0.9996343851089478,0.0006482066237367,1.428049087524414,0.0012188142864033
20260902,512,128,0.3,D1_scaled_gate,0.0444529391825199,0.0203917361795902,0.0241998452693223,0.9998605251312256,0.0002122617443092,1.428372144699097,0.0004648309841286
20260902,512,128,0.3,D2_velocity_gate,0.0455459617078304,0.0215217545628547,0.0241998452693223,0.9999842643737792,1.0624255992297549e-05,1.4285489320755005,5.261613114271313e-05
20260902,512,128,0.3,D4_safe_velocity_gate,0.049986645579338,0.0262195877730846,0.0241998452693223,0.9976118803024292,0.001426427392289,1.4251598119735718,0.0079604107886552
20260902,512,128,0.3,S0_xv_switch,0.0398657992482185,0.015833631157875,0.0241998452693223,1.0,0.0,1.4285714626312256,0.0
20260902,512,128,0.3,S1_xv_consistency_switch,0.0399919599294662,0.0159070063382387,0.0241998452693223,1.0,0.0,1.4285714626312256,0.0
20260902,512,128,0.3,D3_oracle_pair_teacher_only,0.043902963399887,0.02002664655447,0.0241998452693223,0.9995627403259276,0.0007402531919069,1.4279468059539795,0.0014576741959899
20260902,512,128,0.5,Bayes_exact,0.0095650618895888,0.0,0.0095650618895888,,,,
20260902,512,128,0.5,B0_v_ind,0.9339089393615724,0.9244179129600524,0.0095650618895888,,,,
20260902,512,128,0.5,B1_x_ind,0.0143451979383826,0.0046974159777164,0.0095650618895888,,,,
20260902,512,128,0.5,B2_eps_ind,3.4775452613830566,3.467939853668213,0.0095650618895888,,,,
20260902,512,128,0.5,D0_x_shared,0.0182772763073444,0.0087521784007549,0.0095650618895888,,,,
20260902,512,128,0.5,D0_eps_shared,3.65436053276062,3.6447558403015137,0.0095650618895888,,,,
20260902,512,128,0.5,D0_fixed_x_eps,0.0182772763073444,0.0087521784007549,0.0095650618895888,1.0,0.0,2.0,0.0
20260902,512,128,0.5,D0_safe_schedule,0.9257125854492188,0.9161477088928224,0.0095650618895888,0.5,0.0,1.0,1.0
20260902,512,128,0.5,D3_oracle_bayes_gate,0.0182661078870296,0.0087410574778914,0.0095650618895888,0.9990144968032836,0.001446506823413,1.9980289936065676,0.0019709938205778
20260902,512,128,0.5,D1_scaled_gate,0.0180004648864269,0.0085380692034959,0.0095650618895888,0.9999445676803588,7.946342520881444e-05,1.9998891353607176,0.0001108540454879
20260902,512,128,0.5,D2_velocity_gate,0.0207185037434101,0.0111390762031078,0.0095650618895888,0.999776005744934,0.0001518730423413,1.999552011489868,0.0004479429335333
20260902,512,128,0.5,D4_safe_velocity_gate,0.0269294939935207,0.0175267159938812,0.0095650618895888,0.9882993698120116,0.0123721957206726,1.9765987396240237,0.0234013088047504
20260902,512,128,0.5,S0_xv_switch,0.0166539438068866,0.0073047885671257,0.0095650618895888,1.0,0.0,2.0,0.0
20260902,512,128,0.5,S1_xv_consistency_switch,0.0168556608259677,0.0074409390799701,0.0095650618895888,1.0,0.0,2.0,0.0
20260902,512,128,0.5,D3_oracle_pair_teacher_only,0.018263092264533,0.0087437443435192,0.0095650618895888,0.9989027976989746,0.0016494089504703,1.9978055953979488,0.0021944977343082
20260902,512,128,0.7,Bayes_exact,0.0064824586734175,0.0,0.0064824586734175,,,,
20260902,512,128,0.7,B0_v_ind,0.9241375923156738,0.917587399482727,0.0064824586734175,,,,
20260902,512,128,0.7,B1_x_ind,0.0100985458120703,0.003536547999829,0.0064824586734175,,,,
20260902,512,128,0.7,B2_eps_ind,1.76565420627594,1.7591325044631958,0.0064824586734175,,,,
20260902,512,128,0.7,D0_x_shared,0.0158683434128761,0.0092918090522289,0.0064824586734175,,,,
20260902,512,128,0.7,D0_eps_shared,1.8569223880767824,1.850389003753662,0.0064824586734175,,,,
20260902,512,128,0.7,D0_fixed_x_eps,1.8569223880767824,1.850389003753662,0.0064824586734175,0.0,0.0,0.0,1.4285714626312256
20260902,512,128,0.7,D0_safe_schedule,0.914703369140625,0.9081569910049438,0.0064824586734175,0.3000000119209289,0.0,1.0,1.0
20260902,512,128,0.7,D3_oracle_bayes_gate,0.0157995745539665,0.0092236446216702,0.0064824586734175,0.995784878730774,0.0043558659963309,3.3192830085754395,0.0060215778648853
20260902,512,128,0.7,D1_scaled_gate,0.0196079760789871,0.0130438730120658,0.0064824586734175,0.9999980926513672,1.88027297554072e-06,3.333326816558838,2.730438154685544e-06
20260902,512,128,0.7,D2_velocity_gate,0.0168330334126949,0.0103038605302572,0.0064824586734175,0.9982742071151732,0.0009155466686934,3.327580690383911,0.0024653361178934
20260902,512,128,0.7,D4_safe_velocity_gate,0.0264862589538097,0.0201159305870533,0.0064824586734175,0.9715080261230468,0.0173862744122743,3.2383601665496826,0.0407027937471866
20260902,512,128,0.7,S0_xv_switch,0.9310029745101928,0.9245363473892212,0.0064824586734175,0.0,0.0,0.0,1.4285714626312256
20260902,512,128,0.7,S1_xv_consistency_switch,0.9309052228927612,0.9244558215141296,0.0064824586734175,0.0,0.0,0.0,1.4285714626312256
20260902,512,128,0.7,D3_oracle_pair_teacher_only,0.0157867856323719,0.0092356298118829,0.0064824586734175,0.9956431984901428,0.005001924932003,3.31881046295166,0.0062240250408649
20260902,512,128,0.9,Bayes_exact,0.0048154918476939,0.0,0.0048154918476939,,,,
20260902,512,128,0.9,B0_v_ind,0.95609849691391,0.9513230323791504,0.0048154918476939,,,,
20260902,512,128,0.9,B1_x_ind,0.0217412579804658,0.0168244279921054,0.0048154918476939,,,,
20260902,512,128,0.9,B2_eps_ind,1.0839723348617554,1.079198718070984,0.0048154918476939,,,,
20260902,512,128,0.9,D0_x_shared,0.1333242058753967,0.1274972856044769,0.0048154918476939,,,,
20260902,512,128,0.9,D0_eps_shared,1.168034553527832,1.1632634401321411,0.0048154918476939,,,,
20260902,512,128,0.9,D0_fixed_x_eps,1.168034553527832,1.1632634401321411,0.0048154918476939,0.0,0.0,0.0,1.1111111640930176
20260902,512,128,0.9,D0_safe_schedule,0.9482593536376952,0.9433826208114624,0.0048154918476939,0.1000000238418579,0.0,1.000000238418579,1.0
20260902,512,128,0.9,D3_oracle_bayes_gate,0.1166878491640091,0.1109412238001823,0.0048154918476939,0.9037225246429444,0.0532474555075168,9.037225723266602,0.1069750040769577
20260902,512,128,0.9,D1_scaled_gate,0.2810640931129455,0.2746122181415558,0.0048154918476939,1.0,5.3605685224056294e-08,10.0,2.4996957392886543e-08
20260902,512,128,0.9,D2_velocity_gate,0.0341817550361156,0.0295186638832092,0.0048154918476939,0.9765027761459352,0.0077509679831564,9.76502799987793,0.0261080097407102
20260902,512,128,0.9,D4_safe_velocity_gate,0.1657362878322601,0.161444216966629,0.0048154918476939,0.8278467059135437,0.0781712532043457,8.278467178344727,0.1912814825773239
20260902,512,128,0.9,S0_xv_switch,0.9692870378494264,0.9643685221672058,0.0048154918476939,0.0,0.0,0.0,1.1111111640930176
20260902,512,128,0.9,S1_xv_consistency_switch,0.9696840047836304,0.964755117893219,0.0048154918476939,0.0,0.0,0.0,1.1111111640930176
20260902,512,128,0.9,D3_oracle_pair_teacher_only,0.116452470421791,0.1111765876412391,0.0048154918476939,0.9033067226409912,0.0547454617917537,9.03306770324707,0.1074369698762893
20260902,512,128,0.97,Bayes_exact,0.0041677127592265,0.0,0.0041677127592265,,,,
20260902,512,128,0.97,B0_v_ind,0.9933103322982788,0.9891101121902466,0.0041677127592265,,,,
20260902,512,128,0.97,B1_x_ind,0.2363492548465728,0.2316501438617706,0.0041677127592265,,,,
20260902,512,128,0.97,B2_eps_ind,1.0111446380615234,1.006974697113037,0.0041677127592265,,,,
20260902,512,128,0.97,D0_x_shared,0.6394122838973999,0.6347233653068542,0.0041677127592265,,,,
20260902,512,128,0.97,D0_eps_shared,1.053060531616211,1.048888921737671,0.0041677127592265,,,,
20260902,512,128,0.97,D0_fixed_x_eps,1.053060531616211,1.048888921737671,0.0041677127592265,0.0,0.0,0.0,1.0309277772903442
20260902,512,128,0.97,D0_safe_schedule,0.9915807843208312,0.9873937964439392,0.0041677127592265,0.0299999713897705,0.0,0.9999989867210388,1.0
20260902,512,128,0.97,D3_oracle_bayes_gate,0.3283096551895141,0.3237528204917907,0.0041677127592265,0.6897604465484619,0.1925721317529678,22.992015838623047,0.3198345303535461
20260902,512,128,0.97,D1_scaled_gate,0.76210618019104,0.7559065818786621,0.0041677127592265,0.9995198249816896,0.0002599998551886,33.317325592041016,0.0004950713482685
20260902,512,128,0.97,D2_velocity_gate,0.2630269825458526,0.2588727474212646,0.0041677127592265,0.8082506656646729,0.0575302578508853,26.941688537597656,0.1976796686649322
20260902,512,128,0.97,D4_safe_velocity_gate,0.8497974872589111,0.8461074829101562,0.0041677127592265,0.1564042568206787,0.0589281320571899,5.213474750518799,0.8696863055229187
20260902,512,128,0.97,S0_xv_switch,0.9951412081718444,0.9908909797668456,0.0041677127592265,0.0,0.0,0.0,1.0309277772903442
20260902,512,128,0.97,S1_xv_consistency_switch,0.9951992034912108,0.9909489154815674,0.0041677127592265,0.0,0.0,0.0,1.0309277772903442
20260902,512,128,0.97,D3_oracle_pair_teacher_only,0.3276703357696533,0.3243921399116516,0.0041677127592265,0.6895967125892639,0.1934310346841812,22.986555099487305,0.3200033903121948
20260902,512,128,0.99,Bayes_exact,0.0040474352426826,0.0,0.0040474352426826,,,,
20260902,512,128,0.99,B0_v_ind,1.0019481182098389,0.9979282021522522,0.0040474352426826,,,,
20260902,512,128,0.99,B1_x_ind,2.2759037017822266,2.271057605743408,0.0040474352426826,,,,
20260902,512,128,0.99,B2_eps_ind,1.0075618028640747,1.003514051437378,0.0040474352426826,,,,
20260902,512,128,0.99,D0_x_shared,5.765087127685547,5.7590837478637695,0.0040474352426826,,,,
20260902,512,128,0.99,D0_eps_shared,1.0213797092437744,1.017341375350952,0.0040474352426826,,,,
20260902,512,128,0.99,D0_fixed_x_eps,1.0213797092437744,1.017341375350952,0.0040474352426826,0.0,0.0,0.0,1.0101009607315063
20260902,512,128,0.99,D0_safe_schedule,1.0016992092132568,0.9976413249969482,0.0040474352426826,0.0099999904632568,0.0,0.9999990463256836,0.9999999403953552
20260902,512,128,0.99,D3_oracle_bayes_gate,0.7121239304542542,0.70821213722229,0.0040474352426826,0.3026085495948791,0.2145846784114837,30.26085662841797,0.7044358253479004
20260902,512,128,0.99,D1_scaled_gate,4.6226582527160645,4.6171722412109375,0.0040474352426826,0.9960070848464966,0.0032967329025268,99.6007080078125,0.0040333019569516
20260902,512,128,0.99,D2_velocity_gate,0.7511194348335266,0.7468005418777466,0.0040474352426826,0.2782555818557739,0.0857247710227966,27.825557708740234,0.7290347814559937
20260902,512,128,0.99,D4_safe_velocity_gate,1.0026825666427612,0.9983268976211548,0.0040474352426826,0.018395897001028,0.0105542913079261,1.8395897150039675,0.9915192127227784
20260902,512,128,0.99,S0_xv_switch,1.001589059829712,0.9975146055221558,0.0040474352426826,0.0,0.0,0.0,1.0101009607315063
20260902,512,128,0.99,S1_xv_consistency_switch,1.0018748044967651,0.9977869987487792,0.0040474352426826,0.0,0.0,0.0,1.0101009607315063
20260902,512,128,0.99,D3_oracle_pair_teacher_only,0.7107473611831665,0.7095886468887329,0.0040474352426826,0.3026721477508545,0.2157429158687591,30.26721572875977,0.7043715715408325
