D,curvature,scale_mode,hidden,loss_space,condition,kind,strength,swd_2d,mmd_2d,manifold_consistency_rms,swd_delta_vs_x_boot_mean,swd_delta_vs_x_ci_low,swd_delta_vs_x_ci_high,seed,setting_path,mmd_sigma2
512,0.0,unit_rms,1024,v,x,x,0.0,0.0566701168917657,0.0007524490356445,0.0015942497411742,0.0,0.0,0.0,20260807,/data/users/zhoushunyu/eqvae/experiments/prediction_target_toy_v4_main/seed20260807/D512/curv0/scale_unit_rms/loss_v/H1024,
512,0.0,unit_rms,1024,v,v,v,0.0,0.0553468011322847,0.0009304285049438,0.2314094454050064,-0.0007280561842522,-0.0051456998275001,0.004031323610874,20260807,/data/users/zhoushunyu/eqvae/experiments/prediction_target_toy_v4_main/seed20260807/D512/curv0/scale_unit_rms/loss_v/H1024,
512,0.0,unit_rms,1024,v,eps,eps,0.0,0.2548931548235437,0.024263858795166,1.5005488395690918,0.1994789093501165,0.1757981858985651,0.2218942159496676,20260807,/data/users/zhoushunyu/eqvae/experiments/prediction_target_toy_v4_main/seed20260807/D512/curv0/scale_unit_rms/loss_v/H1024,
512,0.0,unit_rms,1024,v,oracle,oracle,0.0,0.0635874913841391,0.001471996307373,0.0007725337636657,-0.0087732121005894,-0.022637142281892,0.0086073295626638,20260807,/data/users/zhoushunyu/eqvae/experiments/prediction_target_toy_v4_main/seed20260807/D512/curv0/scale_unit_rms/loss_v/H1024,
512,0.0,unit_rms,1024,v,xv_gm0p1,xv,-0.1,0.0563198330115219,0.0007530450820922,0.0027057216502726,-0.0001031236508159,-0.0007392397440002,0.0005852610687916,20260807,/data/users/zhoushunyu/eqvae/experiments/prediction_target_toy_v4_main/seed20260807/D512/curv0/scale_unit_rms/loss_v/H1024,
512,0.0,unit_rms,1024,v,xeps_gm0p1,xeps,-0.1,0.0605599620960054,0.001006007194519,0.0034720618277788,0.0051377847790993,-0.0008267722406241,0.0120251831498583,20260807,/data/users/zhoushunyu/eqvae/experiments/prediction_target_toy_v4_main/seed20260807/D512/curv0/scale_unit_rms/loss_v/H1024,
512,0.0,unit_rms,1024,v,xv_tan_gm0p1,xv_tangent,-0.1,0.0561412752055847,0.0007480382919311,0.0015888138441368,-0.0003050039462559,-0.0009717497563527,0.0005295107547092,20260807,/data/users/zhoushunyu/eqvae/experiments/prediction_target_toy_v4_main/seed20260807/D512/curv0/scale_unit_rms/loss_v/H1024,
512,0.0,unit_rms,1024,v,xv_normcomp_gm0p1,xv_normal,-0.1,0.056835855608338,0.0007562637329101,0.0027094725519418,6.199192466131945e-05,1.493267659599118e-05,0.0001268016076162,20260807,/data/users/zhoushunyu/eqvae/experiments/prediction_target_toy_v4_main/seed20260807/D512/curv0/scale_unit_rms/loss_v/H1024,
512,0.0,unit_rms,1024,v,xv_gm0p03,xv,-0.03,0.0565113066978532,0.0007506608963012,0.0017030185554176,-4.638487380555771e-05,-0.0003022635606578,0.0001759034092152,20260807,/data/users/zhoushunyu/eqvae/experiments/prediction_target_toy_v4_main/seed20260807/D512/curv0/scale_unit_rms/loss_v/H1024,
512,0.0,unit_rms,1024,v,xeps_gm0p03,xeps,-0.03,0.0566140640060696,0.000762939453125,0.0017588584451004,0.0010525324826163,-0.0013125269075211,0.002962365055927,20260807,/data/users/zhoushunyu/eqvae/experiments/prediction_target_toy_v4_main/seed20260807/D512/curv0/scale_unit_rms/loss_v/H1024,
512,0.0,unit_rms,1024,v,xv_tan_gm0p03,xv_tangent,-0.03,0.0564715441105298,0.0007494688034057,0.0015921754529699,-7.502945641496714e-05,-0.0002979025016896,0.0001686880507921,20260807,/data/users/zhoushunyu/eqvae/experiments/prediction_target_toy_v4_main/seed20260807/D512/curv0/scale_unit_rms/loss_v/H1024,
512,0.0,unit_rms,1024,v,xv_normcomp_gm0p03,xv_normal,-0.03,0.0567227681824222,0.0007531642913818,0.001704950700514,2.205618889085173e-05,5.520021049217928e-06,4.0311815189864e-05,20260807,/data/users/zhoushunyu/eqvae/experiments/prediction_target_toy_v4_main/seed20260807/D512/curv0/scale_unit_rms/loss_v/H1024,
512,0.0,unit_rms,1024,v,xv_gm0p01,xv,-0.01,0.0566382588650319,0.0007534027099609,0.0016037821769714,-2.3856015701739093e-05,-0.0001183818002459,5.9481230315460905e-05,20260807,/data/users/zhoushunyu/eqvae/experiments/prediction_target_toy_v4_main/seed20260807/D512/curv0/scale_unit_rms/loss_v/H1024,
512,0.0,unit_rms,1024,v,xeps_gm0p01,xeps,-0.01,0.0565428986847535,0.0007517337799072,0.0016113448655232,0.0003234487605757,-0.0005671017039414,0.0011167826712481,20260807,/data/users/zhoushunyu/eqvae/experiments/prediction_target_toy_v4_main/seed20260807/D512/curv0/scale_unit_rms/loss_v/H1024,
512,0.0,unit_rms,1024,v,xv_tan_gm0p01,xv_tangent,-0.01,0.0566222817873264,0.0007534027099609,0.0015934911789372,-3.9341443772789446e-05,-0.0001333332461788,5.75424689090189e-05,20260807,/data/users/zhoushunyu/eqvae/experiments/prediction_target_toy_v4_main/seed20260807/D512/curv0/scale_unit_rms/loss_v/H1024,
512,0.0,unit_rms,1024,v,xv_normcomp_gm0p01,xv_normal,-0.01,0.0566879457554484,0.0007507801055908,0.0016045320080593,7.62920122697637e-06,1.8048259367124677e-06,1.3825271097262978e-05,20260807,/data/users/zhoushunyu/eqvae/experiments/prediction_target_toy_v4_main/seed20260807/D512/curv0/scale_unit_rms/loss_v/H1024,
512,0.0,unit_rms,1024,v,xv_g0p003,xv,0.003,0.056677113443855,0.0007530450820922,0.0015965073835104,7.082578027326064e-06,-2.412862813090805e-05,3.883530839871249e-05,20260807,/data/users/zhoushunyu/eqvae/experiments/prediction_target_toy_v4_main/seed20260807/D512/curv0/scale_unit_rms/loss_v/H1024,
512,0.0,unit_rms,1024,v,xeps_g0p003,xeps,0.003,0.0566927194120033,0.0007531642913818,0.0015957256546244,-6.610368066132474e-05,-0.0002920012783891,0.0001928286514971,20260807,/data/users/zhoushunyu/eqvae/experiments/prediction_target_toy_v4_main/seed20260807/D512/curv0/scale_unit_rms/loss_v/H1024,
512,0.0,unit_rms,1024,v,xv_tan_g0p003,xv_tangent,0.003,0.0566826565519023,0.0007514953613281,0.0015944831538945,1.3699462334097676e-05,-1.707280904615534e-05,5.518435727276875e-05,20260807,/data/users/zhoushunyu/eqvae/experiments/prediction_target_toy_v4_main/seed20260807/D512/curv0/scale_unit_rms/loss_v/H1024,
512,0.0,unit_rms,1024,v,xv_normcomp_g0p003,xv_normal,0.003,0.0566647184413722,0.0007520914077758,0.0015962742036208,-2.3528253843952547e-06,-4.239708169677219e-06,-5.33833110647615e-07,20260807,/data/users/zhoushunyu/eqvae/experiments/prediction_target_toy_v4_main/seed20260807/D512/curv0/scale_unit_rms/loss_v/H1024,
512,0.0,unit_rms,1024,v,xv_g0p01,xv,0.01,0.0566918221926601,0.000751256942749,0.0016102615045383,1.7429377863391464e-05,-6.135370675271444e-05,0.000126960162084,20260807,/data/users/zhoushunyu/eqvae/experiments/prediction_target_toy_v4_main/seed20260807/D512/curv0/scale_unit_rms/loss_v/H1024,
512,0.0,unit_rms,1024,v,xeps_g0p01,xeps,0.01,0.0567005925819852,0.0007503032684326,0.0016085479874163,-1.252826528261322e-05,-0.0007753687200354,0.0006885720254215,20260807,/data/users/zhoushunyu/eqvae/experiments/prediction_target_toy_v4_main/seed20260807/D512/curv0/scale_unit_rms/loss_v/H1024,
512,0.0,unit_rms,1024,v,xv_tan_g0p01,xv_tangent,0.01,0.0567116008488103,0.0007519721984863,0.0015949632506817,3.624461039657592e-05,-6.650792189734841e-05,0.0001330703889589,20260807,/data/users/zhoushunyu/eqvae/experiments/prediction_target_toy_v4_main/seed20260807/D512/curv0/scale_unit_rms/loss_v/H1024,
512,0.0,unit_rms,1024,v,xv_normcomp_g0p01,xv_normal,0.01,0.0566520586165848,0.0007523298263549,0.0016095590544864,-7.243777119297704e-06,-1.4517337150747254e-05,-1.507601337166071e-06,20260807,/data/users/zhoushunyu/eqvae/experiments/prediction_target_toy_v4_main/seed20260807/D512/curv0/scale_unit_rms/loss_v/H1024,
512,0.0,unit_rms,1024,v,xv_g0p03,xv,0.03,0.0566510896419604,0.0007466077804565,0.001704475027509,-4.12230050740639e-05,-0.0002657540950322,0.0002043727001812,20260807,/data/users/zhoushunyu/eqvae/experiments/prediction_target_toy_v4_main/seed20260807/D512/curv0/scale_unit_rms/loss_v/H1024,
512,0.0,unit_rms,1024,v,xeps_g0p03,xeps,0.03,0.0566994839036835,0.0007616281509399,0.0016971288714557,-0.000417347650289,-0.0029116594482042,0.0017110391523926,20260807,/data/users/zhoushunyu/eqvae/experiments/prediction_target_toy_v4_main/seed20260807/D512/curv0/scale_unit_rms/loss_v/H1024,
512,0.0,unit_rms,1024,v,xv_tan_g0p03,xv_tangent,0.03,0.0567119807283568,0.0007506608963012,0.0015962001634761,1.6749352986245094e-05,-0.0003433345134885,0.0002521881589315,20260807,/data/users/zhoushunyu/eqvae/experiments/prediction_target_toy_v4_main/seed20260807/D512/curv0/scale_unit_rms/loss_v/H1024,
512,0.0,unit_rms,1024,v,xv_normcomp_g0p03,xv_normal,0.03,0.0566152648238246,0.0007505416870117,0.0017026362475007,-2.256186987382211e-05,-4.532951388344e-05,-4.269197486784715e-06,20260807,/data/users/zhoushunyu/eqvae/experiments/prediction_target_toy_v4_main/seed20260807/D512/curv0/scale_unit_rms/loss_v/H1024,
512,0.0,unit_rms,1024,v,xv_g0p1,xv,0.1,0.0563703284368242,0.0007340908050537,0.0023253650870174,-0.0004062792903604,-0.0014231249356081,0.0004346495881415,20260807,/data/users/zhoushunyu/eqvae/experiments/prediction_target_toy_v4_main/seed20260807/D512/curv0/scale_unit_rms/loss_v/H1024,
512,0.0,unit_rms,1024,v,xeps_g0p1,xeps,0.1,0.0617835481164159,0.0010288953781127,0.0021376872900873,0.0009261556020612,-0.0062441412708369,0.0067734151262095,20260807,/data/users/zhoushunyu/eqvae/experiments/prediction_target_toy_v4_main/seed20260807/D512/curv0/scale_unit_rms/loss_v/H1024,
512,0.0,unit_rms,1024,v,xv_tan_g0p1,xv_tangent,0.1,0.056572085626324,0.0007405281066894,0.001599752344191,-0.0003058423777056,-0.0012208685749683,0.0006079020789685,20260807,/data/users/zhoushunyu/eqvae/experiments/prediction_target_toy_v4_main/seed20260807/D512/curv0/scale_unit_rms/loss_v/H1024,
512,0.0,unit_rms,1024,v,xv_normcomp_g0p1,xv_normal,0.1,0.0564784388944706,0.0007447004318237,0.0023210674989968,-8.964496351320302e-05,-0.0002122956944849,-1.0301403388216146e-05,20260807,/data/users/zhoushunyu/eqvae/experiments/prediction_target_toy_v4_main/seed20260807/D512/curv0/scale_unit_rms/loss_v/H1024,
512,0.0,unit_rms,1024,v,xv_g0p3,xv,0.3,0.0569711083920987,0.0007393360137939,0.0040377974510192,0.0003839720879144,-0.0018708321802321,0.0024671652122678,20260807,/data/users/zhoushunyu/eqvae/experiments/prediction_target_toy_v4_main/seed20260807/D512/curv0/scale_unit_rms/loss_v/H1024,
512,0.0,unit_rms,1024,v,xeps_g0p3,xeps,0.3,0.088864618574748,0.0030429363250732,0.0025018486194312,0.0235871541723351,0.0084206338199715,0.037357884723534,20260807,/data/users/zhoushunyu/eqvae/experiments/prediction_target_toy_v4_main/seed20260807/D512/curv0/scale_unit_rms/loss_v/H1024,
512,0.0,unit_rms,1024,v,xv_tan_g0p3,xv_tangent,0.3,0.0571182748373721,0.0007433891296386,0.0016124282265082,0.0008829410855275,-0.0008279196442406,0.0027743994162472,20260807,/data/users/zhoushunyu/eqvae/experiments/prediction_target_toy_v4_main/seed20260807/D512/curv0/scale_unit_rms/loss_v/H1024,
512,0.0,unit_rms,1024,v,xv_normcomp_g0p3,xv_normal,0.3,0.0561506760533578,0.0007340908050537,0.0040269643068313,-0.0002208990169533,-0.0005212818887898,-1.6247995352992453e-05,20260807,/data/users/zhoushunyu/eqvae/experiments/prediction_target_toy_v4_main/seed20260807/D512/curv0/scale_unit_rms/loss_v/H1024,
512,0.0,unit_rms,1024,v,xv_rms_etam0p03,xv_norm,-0.03,0.0557040869677493,0.000786542892456,0.0289874561131,-0.0027525658877323,-0.0046844975202039,-0.0004555065958645,20260807,/data/users/zhoushunyu/eqvae/experiments/prediction_target_toy_v4_main/seed20260807/D512/curv0/scale_unit_rms/loss_v/H1024,
512,0.0,unit_rms,1024,v,xv_rms_etam0p01,xv_norm,-0.01,0.0558696333809963,0.0007479190826416,0.0093826903030276,-0.0016058510803143,-0.0024557078338296,-0.0006954333294818,20260807,/data/users/zhoushunyu/eqvae/experiments/prediction_target_toy_v4_main/seed20260807/D512/curv0/scale_unit_rms/loss_v/H1024,
512,0.0,unit_rms,1024,v,xv_rms_eta0p01,xv_norm,0.01,0.0583981056005968,0.0007956027984619,0.0079074455425143,0.0029935139442036,0.0016909429625608,0.0040568505487923,20260807,/data/users/zhoushunyu/eqvae/experiments/prediction_target_toy_v4_main/seed20260807/D512/curv0/scale_unit_rms/loss_v/H1024,
512,0.0,unit_rms,1024,v,xv_rms_eta0p03,xv_norm,0.03,0.06925686805215,0.0013484954833984,0.0050376267172396,0.0157829391443055,0.0114630082963062,0.0195798799163532,20260807,/data/users/zhoushunyu/eqvae/experiments/prediction_target_toy_v4_main/seed20260807/D512/curv0/scale_unit_rms/loss_v/H1024,
512,0.0,unit_rms,128,v,x,x,0.0,0.0668911191918041,0.0006535053253173,0.0022516520693898,0.0,0.0,0.0,20260807,/data/users/zhoushunyu/eqvae/experiments/prediction_target_toy_v4_main/seed20260807/D512/curv0/scale_unit_rms/loss_v/H128,
512,0.0,unit_rms,128,v,v,v,0.0,0.0676732304626412,0.0008652210235595,0.9086453914642334,0.0023709129442607,-0.0027435730789454,0.0071133776784037,20260807,/data/users/zhoushunyu/eqvae/experiments/prediction_target_toy_v4_main/seed20260807/D512/curv0/scale_unit_rms/loss_v/H128,
512,0.0,unit_rms,128,v,eps,eps,0.0,1.4668431148258816,0.1971701383590698,42.87429428100586,1.4066793891754086,1.3611919132359809,1.432278110893608,20260807,/data/users/zhoushunyu/eqvae/experiments/prediction_target_toy_v4_main/seed20260807/D512/curv0/scale_unit_rms/loss_v/H128,
512,0.0,unit_rms,128,v,oracle,oracle,0.0,0.0537739362406641,0.0007495880126953,0.0007693851948715,-0.0056616300995848,-0.0178067151993433,0.0075733657639724,20260807,/data/users/zhoushunyu/eqvae/experiments/prediction_target_toy_v4_main/seed20260807/D512/curv0/scale_unit_rms/loss_v/H128,
512,0.0,unit_rms,128,v,xv_gm0p1,xv,-0.1,0.0659251135068166,0.000638723373413,0.0036896804813295,-0.0008994450023919,-0.0014712246434654,-0.0001758230818974,20260807,/data/users/zhoushunyu/eqvae/experiments/prediction_target_toy_v4_main/seed20260807/D512/curv0/scale_unit_rms/loss_v/H128,
512,0.0,unit_rms,128,v,xeps_gm0p1,xeps,-0.1,0.0693635310868735,0.0007586479187011,0.0049281609244644,0.0005718862567034,-0.0054409601524183,0.0068259531970054,20260807,/data/users/zhoushunyu/eqvae/experiments/prediction_target_toy_v4_main/seed20260807/D512/curv0/scale_unit_rms/loss_v/H128,
512,0.0,unit_rms,128,v,xv_tan_gm0p1,xv_tangent,-0.1,0.0660195380039625,0.0006412267684936,0.0022484362125396,-0.000793660440542,-0.0013068419295553,-0.0001262593318548,20260807,/data/users/zhoushunyu/eqvae/experiments/prediction_target_toy_v4_main/seed20260807/D512/curv0/scale_unit_rms/loss_v/H128,
512,0.0,unit_rms,128,v,xv_normcomp_gm0p1,xv_normal,-0.1,0.0667644579626382,0.0006439685821533,0.0036897421814501,-0.0001062004393994,-0.0001712858039071,-2.268530969365507e-06,20260807,/data/users/zhoushunyu/eqvae/experiments/prediction_target_toy_v4_main/seed20260807/D512/curv0/scale_unit_rms/loss_v/H128,
512,0.0,unit_rms,128,v,xv_gm0p03,xv,-0.03,0.0665758063788134,0.0006482601165771,0.0023472774773836,-0.0002696210082502,-0.0004682666780403,-2.0290180563457524e-05,20260807,/data/users/zhoushunyu/eqvae/experiments/prediction_target_toy_v4_main/seed20260807/D512/curv0/scale_unit_rms/loss_v/H128,
512,0.0,unit_rms,128,v,xeps_gm0p03,xeps,-0.03,0.0655259130043616,0.0005345344543457,0.0024074856191873,-0.0019532654107778,-0.0035919350419831,0.0001018988610003,20260807,/data/users/zhoushunyu/eqvae/experiments/prediction_target_toy_v4_main/seed20260807/D512/curv0/scale_unit_rms/loss_v/H128,
512,0.0,unit_rms,128,v,xv_tan_gm0p03,xv_tangent,-0.03,0.0666098168203515,0.0006492137908935,0.0022504441440105,-0.0002699859565403,-0.0004273775903701,-9.392953390044412e-05,20260807,/data/users/zhoushunyu/eqvae/experiments/prediction_target_toy_v4_main/seed20260807/D512/curv0/scale_unit_rms/loss_v/H128,
512,0.0,unit_rms,128,v,xv_normcomp_gm0p03,xv_normal,-0.03,0.0668541115181276,0.0006515979766845,0.0023483345285058,-3.3045321455290805e-05,-5.450824168780413e-05,-7.227028464790357e-06,20260807,/data/users/zhoushunyu/eqvae/experiments/prediction_target_toy_v4_main/seed20260807/D512/curv0/scale_unit_rms/loss_v/H128,
512,0.0,unit_rms,128,v,xv_gm0p01,xv,-0.01,0.066783600160763,0.0006496906280517,0.002257612068206,-9.19229475782659e-05,-0.0001583210190025,-8.504051904885655e-06,20260807,/data/users/zhoushunyu/eqvae/experiments/prediction_target_toy_v4_main/seed20260807/D512/curv0/scale_unit_rms/loss_v/H128,
512,0.0,unit_rms,128,v,xeps_gm0p01,xeps,-0.01,0.0662446363662722,0.0005993843078613,0.0022680182009935,-0.0008268471688683,-0.0013512786804496,-0.0001532333680092,20260807,/data/users/zhoushunyu/eqvae/experiments/prediction_target_toy_v4_main/seed20260807/D512/curv0/scale_unit_rms/loss_v/H128,
512,0.0,unit_rms,128,v,xv_tan_gm0p01,xv_tangent,-0.01,0.0667955196894755,0.0006512403488159,0.0022512248251587,-9.149477800373632e-05,-0.0001449599478519,-3.2434791342069674e-05,20260807,/data/users/zhoushunyu/eqvae/experiments/prediction_target_toy_v4_main/seed20260807/D512/curv0/scale_unit_rms/loss_v/H128,
512,0.0,unit_rms,128,v,xv_normcomp_gm0p01,xv_normal,-0.01,0.0668788656912031,0.00065279006958,0.0022580397780984,-1.0900928170214651e-05,-1.8030028334388785e-05,-2.221325860900933e-06,20260807,/data/users/zhoushunyu/eqvae/experiments/prediction_target_toy_v4_main/seed20260807/D512/curv0/scale_unit_rms/loss_v/H128,
512,0.0,unit_rms,128,v,xv_g0p003,xv,0.003,0.0669238465577513,0.0006513595581054,0.0022540327627211,2.7957985321097476e-05,2.88948166266359e-06,4.79110782338081e-05,20260807,/data/users/zhoushunyu/eqvae/experiments/prediction_target_toy_v4_main/seed20260807/D512/curv0/scale_unit_rms/loss_v/H128,
512,0.0,unit_rms,128,v,xeps_g0p003,xeps,0.003,0.0671212445332972,0.0006716251373291,0.0022515337914228,0.0002814655709344,8.206479886573962e-05,0.0004337766436586,20260807,/data/users/zhoushunyu/eqvae/experiments/prediction_target_toy_v4_main/seed20260807/D512/curv0/scale_unit_rms/loss_v/H128,
512,0.0,unit_rms,128,v,xv_tan_g0p003,xv_tangent,0.003,0.0669201582877614,0.0006507635116577,0.0022517850156873,2.7710804340331655e-05,9.95206416235482e-06,4.394769551979496e-05,20260807,/data/users/zhoushunyu/eqvae/experiments/prediction_target_toy_v4_main/seed20260807/D512/curv0/scale_unit_rms/loss_v/H128,
512,0.0,unit_rms,128,v,xv_normcomp_g0p003,xv_normal,0.003,0.0668947795122192,0.0006532669067382,0.0022539005149155,3.2491156729557573e-06,6.284328225780386e-07,5.383717064795512e-06,20260807,/data/users/zhoushunyu/eqvae/experiments/prediction_target_toy_v4_main/seed20260807/D512/curv0/scale_unit_rms/loss_v/H128,
512,0.0,unit_rms,128,v,xv_g0p01,xv,0.01,0.0670010530882952,0.0006545782089233,0.002265966264531,0.0001024290938949,2.9738377830034436e-05,0.0001634256604103,20260807,/data/users/zhoushunyu/eqvae/experiments/prediction_target_toy_v4_main/seed20260807/D512/curv0/scale_unit_rms/loss_v/H128,
512,0.0,unit_rms,128,v,xeps_g0p01,xeps,0.01,0.0677215931989748,0.0007213354110717,0.0022577322088181,0.0009768805616515,0.000408345817983,0.0015265842562924,20260807,/data/users/zhoushunyu/eqvae/experiments/prediction_target_toy_v4_main/seed20260807/D512/curv0/scale_unit_rms/loss_v/H128,
512,0.0,unit_rms,128,v,xv_tan_g0p01,xv_tangent,0.01,0.0669885327600085,0.0006524324417114,0.0022521042264997,8.832483819617182e-05,2.137233831525885e-05,0.0001409996214951,20260807,/data/users/zhoushunyu/eqvae/experiments/prediction_target_toy_v4_main/seed20260807/D512/curv0/scale_unit_rms/loss_v/H128,
512,0.0,unit_rms,128,v,xv_normcomp_g0p01,xv_normal,0.01,0.066903296189069,0.0006544589996337,0.002265530405566,9.970286304026784e-06,1.613156448598136e-07,1.6487607392851384e-05,20260807,/data/users/zhoushunyu/eqvae/experiments/prediction_target_toy_v4_main/seed20260807/D512/curv0/scale_unit_rms/loss_v/H128,
512,0.0,unit_rms,128,v,xv_g0p03,xv,0.03,0.0672282074615651,0.0006604194641113,0.0023369037080556,0.0003128675619498,9.479758678460712e-05,0.0004977418328287,20260807,/data/users/zhoushunyu/eqvae/experiments/prediction_target_toy_v4_main/seed20260807/D512/curv0/scale_unit_rms/loss_v/H128,
512,0.0,unit_rms,128,v,xeps_g0p03,xeps,0.03,0.0699072924946398,0.0009013414382934,0.0023057989310473,0.0034237117486172,0.0018135391663369,0.0050187921262911,20260807,/data/users/zhoushunyu/eqvae/experiments/prediction_target_toy_v4_main/seed20260807/D512/curv0/scale_unit_rms/loss_v/H128,
512,0.0,unit_rms,128,v,xv_tan_g0p03,xv_tangent,0.03,0.0671887271136389,0.0006566047668457,0.0022530874703079,0.0002680010138976,6.76482052140057e-05,0.000425397988307,20260807,/data/users/zhoushunyu/eqvae/experiments/prediction_target_toy_v4_main/seed20260807/D512/curv0/scale_unit_rms/loss_v/H128,
512,0.0,unit_rms,128,v,xv_normcomp_g0p03,xv_normal,0.03,0.0669274178041061,0.0006558895111083,0.0023356997407972,2.9613563444984696e-05,4.696757758002394e-07,4.916586576686752e-05,20260807,/data/users/zhoushunyu/eqvae/experiments/prediction_target_toy_v4_main/seed20260807/D512/curv0/scale_unit_rms/loss_v/H128,
512,0.0,unit_rms,128,v,xv_g0p1,xv,0.1,0.0680992913796868,0.0006794929504394,0.0027124979533255,0.0010927987609667,0.0002148516313299,0.0018011437640573,20260807,/data/users/zhoushunyu/eqvae/experiments/prediction_target_toy_v4_main/seed20260807/D512/curv0/scale_unit_rms/loss_v/H128,
512,0.0,unit_rms,128,v,xeps_g0p1,xeps,0.1,0.0822303978152563,0.0020147562026977,0.0024893770460039,0.0166622692637524,0.011675578415937,0.0212212397951689,20260807,/data/users/zhoushunyu/eqvae/experiments/prediction_target_toy_v4_main/seed20260807/D512/curv0/scale_unit_rms/loss_v/H128,
512,0.0,unit_rms,128,v,xv_tan_g0p1,xv_tangent,0.1,0.0679440746388747,0.0006688833236694,0.0022570514120161,0.000891528224856,0.0002592831138519,0.0015572640813259,20260807,/data/users/zhoushunyu/eqvae/experiments/prediction_target_toy_v4_main/seed20260807/D512/curv0/scale_unit_rms/loss_v/H128,
512,0.0,unit_rms,128,v,xv_normcomp_g0p1,xv_normal,0.1,0.0670097719572096,0.0006604194641113,0.0027097777929157,0.0001042537280239,2.664050589937378e-05,0.0001611172042509,20260807,/data/users/zhoushunyu/eqvae/experiments/prediction_target_toy_v4_main/seed20260807/D512/curv0/scale_unit_rms/loss_v/H128,
512,0.0,unit_rms,128,v,xv_g0p3,xv,0.3,0.0712964801301818,0.0007737874984741,0.0032014327589422,0.004011682447925,0.0013266918618745,0.006131804211598,20260807,/data/users/zhoushunyu/eqvae/experiments/prediction_target_toy_v4_main/seed20260807/D512/curv0/scale_unit_rms/loss_v/H128,
512,0.0,unit_rms,128,v,xeps_g0p3,xeps,0.3,0.1407427596642211,0.0100457668304443,0.002460821531713,0.0759549719782982,0.0657814978752897,0.0849517243941644,20260807,/data/users/zhoushunyu/eqvae/experiments/prediction_target_toy_v4_main/seed20260807/D512/curv0/scale_unit_rms/loss_v/H128,
512,0.0,unit_rms,128,v,xv_tan_g0p3,xv_tangent,0.3,0.0706234327456964,0.0007263422012329,0.0022652151528745,0.003258708621974,0.0013332714632084,0.00528895735057,20260807,/data/users/zhoushunyu/eqvae/experiments/prediction_target_toy_v4_main/seed20260807/D512/curv0/scale_unit_rms/loss_v/H128,
512,0.0,unit_rms,128,v,xv_normcomp_g0p3,xv_normal,0.3,0.0672324096014227,0.0006742477416992,0.0031999414786696,0.000294221566529,6.522866739845957e-05,0.0004603079172646,20260807,/data/users/zhoushunyu/eqvae/experiments/prediction_target_toy_v4_main/seed20260807/D512/curv0/scale_unit_rms/loss_v/H128,
512,0.0,unit_rms,128,v,xv_rms_etam0p03,xv_norm,-0.03,0.0681543065148474,0.0007592439651489,0.029097756370902,0.0014603856074136,0.0002359768597308,0.0024296502522523,20260807,/data/users/zhoushunyu/eqvae/experiments/prediction_target_toy_v4_main/seed20260807/D512/curv0/scale_unit_rms/loss_v/H128,
512,0.0,unit_rms,128,v,xv_rms_etam0p01,xv_norm,-0.01,0.0673339973937241,0.0006908178329467,0.0096871824935078,0.0005536608486018,2.3527182366142952e-05,0.0009806268725553,20260807,/data/users/zhoushunyu/eqvae/experiments/prediction_target_toy_v4_main/seed20260807/D512/curv0/scale_unit_rms/loss_v/H128,
512,0.0,unit_rms,128,v,xv_rms_eta0p01,xv_norm,0.01,0.0664892441167101,0.0006188154220581,0.0086463717743754,-0.0006998046583023,-0.0016196965289128,0.0004184788536772,20260807,/data/users/zhoushunyu/eqvae/experiments/prediction_target_toy_v4_main/seed20260807/D512/curv0/scale_unit_rms/loss_v/H128,
512,0.0,unit_rms,128,v,xv_rms_eta0p03,xv_norm,0.03,0.0674203113445027,0.0006757974624633,0.008538894355297,-0.0013063468613236,-0.0061181878324672,0.0044159148369956,20260807,/data/users/zhoushunyu/eqvae/experiments/prediction_target_toy_v4_main/seed20260807/D512/curv0/scale_unit_rms/loss_v/H128,
512,0.0,unit_rms,256,v,x,x,0.0,0.0564715309284023,0.0007733106613159,0.0018903750460594,0.0,0.0,0.0,20260807,/data/users/zhoushunyu/eqvae/experiments/prediction_target_toy_v4_main/seed20260807/D512/curv0/scale_unit_rms/loss_v/H256,
512,0.0,unit_rms,256,v,v,v,0.0,0.073313935012972,0.0013861656188964,0.8217647075653076,0.0285616465251769,0.0168172079750673,0.0417747362651623,20260807,/data/users/zhoushunyu/eqvae/experiments/prediction_target_toy_v4_main/seed20260807/D512/curv0/scale_unit_rms/loss_v/H256,
512,0.0,unit_rms,256,v,eps,eps,0.0,1.423454690567803,0.1828051805496215,36.50162506103516,1.3765189774893485,1.33911349378221,1.4128400671449426,20260807,/data/users/zhoushunyu/eqvae/experiments/prediction_target_toy_v4_main/seed20260807/D512/curv0/scale_unit_rms/loss_v/H256,
512,0.0,unit_rms,256,v,oracle,oracle,0.0,0.0605881826754524,0.0010919570922851,0.0007715570973232,-0.0049356207784423,-0.0168370598167333,0.0103514499555563,20260807,/data/users/zhoushunyu/eqvae/experiments/prediction_target_toy_v4_main/seed20260807/D512/curv0/scale_unit_rms/loss_v/H256,
512,0.0,unit_rms,256,v,xv_gm0p1,xv,-0.1,0.0536855509809576,0.0006070137023925,0.0033811358734965,-0.0011572507637983,-0.0028438825107154,0.0005929945297276,20260807,/data/users/zhoushunyu/eqvae/experiments/prediction_target_toy_v4_main/seed20260807/D512/curv0/scale_unit_rms/loss_v/H256,
512,0.0,unit_rms,256,v,xeps_gm0p1,xeps,-0.1,0.0638427158675064,0.0010656118392944,0.0044684368185698,0.009079514239112,-0.0002442152791926,0.018209648356358,20260807,/data/users/zhoushunyu/eqvae/experiments/prediction_target_toy_v4_main/seed20260807/D512/curv0/scale_unit_rms/loss_v/H256,
512,0.0,unit_rms,256,v,xv_tan_gm0p1,xv_tangent,-0.1,0.0536599870591492,0.0006051063537597,0.0019207290606573,-0.001188320684184,-0.0026954499817296,0.0005661060279042,20260807,/data/users/zhoushunyu/eqvae/experiments/prediction_target_toy_v4_main/seed20260807/D512/curv0/scale_unit_rms/loss_v/H256,
512,0.0,unit_rms,256,v,xv_normcomp_gm0p1,xv_normal,-0.1,0.0564976005527773,0.0007740259170532,0.0033622977789491,1.0468232011694584e-05,-7.206367442053226e-05,8.753526038437374e-05,20260807,/data/users/zhoushunyu/eqvae/experiments/prediction_target_toy_v4_main/seed20260807/D512/curv0/scale_unit_rms/loss_v/H256,
512,0.0,unit_rms,256,v,xv_gm0p03,xv,-0.03,0.0555670134483155,0.0007178783416748,0.0020061989780515,-0.0004623064469405,-0.0009452292963559,0.0003118091836617,20260807,/data/users/zhoushunyu/eqvae/experiments/prediction_target_toy_v4_main/seed20260807/D512/curv0/scale_unit_rms/loss_v/H256,
512,0.0,unit_rms,256,v,xeps_gm0p03,xeps,-0.03,0.0552439155900814,0.0006804466247558,0.0020643724128603,-0.0001768687611374,-0.0030919064507089,0.0031351059475858,20260807,/data/users/zhoushunyu/eqvae/experiments/prediction_target_toy_v4_main/seed20260807/D512/curv0/scale_unit_rms/loss_v/H256,
512,0.0,unit_rms,256,v,xv_tan_gm0p03,xv_tangent,-0.03,0.0555589770939235,0.0007195472717285,0.0018988986266776,-0.0004735972771482,-0.0009000277186928,6.361429789705563e-05,20260807,/data/users/zhoushunyu/eqvae/experiments/prediction_target_toy_v4_main/seed20260807/D512/curv0/scale_unit_rms/loss_v/H256,
512,0.0,unit_rms,256,v,xv_normcomp_gm0p03,xv_normal,-0.03,0.0564798166578106,0.0007734298706054,0.0019980696961283,1.2366287759544431e-06,-2.401702365505496e-05,2.474344085069756e-05,20260807,/data/users/zhoushunyu/eqvae/experiments/prediction_target_toy_v4_main/seed20260807/D512/curv0/scale_unit_rms/loss_v/H256,
512,0.0,unit_rms,256,v,xv_gm0p01,xv,-0.01,0.056164132573773,0.0007547140121459,0.0019010764081031,-0.0001615810882967,-0.0003216633273775,9.610027380512657e-05,20260807,/data/users/zhoushunyu/eqvae/experiments/prediction_target_toy_v4_main/seed20260807/D512/curv0/scale_unit_rms/loss_v/H256,
512,0.0,unit_rms,256,v,xeps_gm0p01,xeps,-0.01,0.0557037828443241,0.0007237195968627,0.0019113620510324,-0.0003922476362981,-0.0013502588860536,0.0007497332712539,20260807,/data/users/zhoushunyu/eqvae/experiments/prediction_target_toy_v4_main/seed20260807/D512/curv0/scale_unit_rms/loss_v/H256,
512,0.0,unit_rms,256,v,xv_tan_gm0p01,xv_tangent,-0.01,0.0561613509953601,0.0007545948028564,0.0018931595841422,-0.0001652804725092,-0.0003063680348593,1.2690533594300136e-05,20260807,/data/users/zhoushunyu/eqvae/experiments/prediction_target_toy_v4_main/seed20260807/D512/curv0/scale_unit_rms/loss_v/H256,
512,0.0,unit_rms,256,v,xv_normcomp_gm0p01,xv_normal,-0.01,0.0564743403876429,0.0007736682891845,0.0018983067711815,4.475546024363536e-07,-8.012976595678235e-06,8.34487353106593e-06,20260807,/data/users/zhoushunyu/eqvae/experiments/prediction_target_toy_v4_main/seed20260807/D512/curv0/scale_unit_rms/loss_v/H256,
512,0.0,unit_rms,256,v,xv_g0p003,xv,0.003,0.0565648117203409,0.0007761716842651,0.0018917970592156,4.9878946704021016e-05,-2.7338964817454244e-05,9.768895531121063e-05,20260807,/data/users/zhoushunyu/eqvae/experiments/prediction_target_toy_v4_main/seed20260807/D512/curv0/scale_unit_rms/loss_v/H256,
512,0.0,unit_rms,256,v,xeps_g0p003,xeps,0.003,0.0567729397345045,0.0007929801940917,0.0018893190426751,0.0001847139332965,-0.0001614332111478,0.0004645117802086,20260807,/data/users/zhoushunyu/eqvae/experiments/prediction_target_toy_v4_main/seed20260807/D512/curv0/scale_unit_rms/loss_v/H256,
512,0.0,unit_rms,256,v,xv_tan_g0p003,xv_tangent,0.003,0.0565656593534396,0.0007764101028442,0.001889550127089,5.097500395026239e-05,-2.177428006397071e-06,9.309679435344944e-05,20260807,/data/users/zhoushunyu/eqvae/experiments/prediction_target_toy_v4_main/seed20260807/D512/curv0/scale_unit_rms/loss_v/H256,
512,0.0,unit_rms,256,v,xv_normcomp_g0p003,xv_normal,0.003,0.0564706794237461,0.0007742643356323,0.001892621978186,-1.4136264585358496e-07,-2.5206789513733745e-06,2.403658740973181e-06,20260807,/data/users/zhoushunyu/eqvae/experiments/prediction_target_toy_v4_main/seed20260807/D512/curv0/scale_unit_rms/loss_v/H256,
512,0.0,unit_rms,256,v,xv_g0p01,xv,0.01,0.0567842409970485,0.0007909536361694,0.0019023386994376,0.0001586691517124,-1.2056908923793046e-05,0.000320252684488,20260807,/data/users/zhoushunyu/eqvae/experiments/prediction_target_toy_v4_main/seed20260807/D512/curv0/scale_unit_rms/loss_v/H256,
512,0.0,unit_rms,256,v,xeps_g0p01,xeps,0.01,0.0576009669675429,0.0008388757705688,0.0018941855523735,0.0007643066860763,-0.0003299421342581,0.001766187536771,20260807,/data/users/zhoushunyu/eqvae/experiments/prediction_target_toy_v4_main/seed20260807/D512/curv0/scale_unit_rms/loss_v/H256,
512,0.0,unit_rms,256,v,xv_tan_g0p01,xv_tangent,0.01,0.0567870907645561,0.0007904767990112,0.0018876420799642,0.0001624161162269,-1.6946008451601544e-05,0.0003036445988038,20260807,/data/users/zhoushunyu/eqvae/experiments/prediction_target_toy_v4_main/seed20260807/D512/curv0/scale_unit_rms/loss_v/H256,
512,0.0,unit_rms,256,v,xv_normcomp_g0p01,xv_normal,0.01,0.0564686734923289,0.0007734298706054,0.0019050631672143,-1.259796963924975e-06,-8.632779817579866e-06,6.953005634283137e-06,20260807,/data/users/zhoushunyu/eqvae/experiments/prediction_target_toy_v4_main/seed20260807/D512/curv0/scale_unit_rms/loss_v/H256,
512,0.0,unit_rms,256,v,xv_g0p03,xv,0.03,0.0574212949314096,0.0008293390274047,0.0019754078239202,0.0004966797068579,-1.226701313000542e-05,0.0009781685148747,20260807,/data/users/zhoushunyu/eqvae/experiments/prediction_target_toy_v4_main/seed20260807/D512/curv0/scale_unit_rms/loss_v/H256,
512,0.0,unit_rms,256,v,xeps_g0p03,xeps,0.03,0.0608846442098066,0.0010321140289306,0.00194447778631,0.0033294882021255,0.0001528201605692,0.0062716779980448,20260807,/data/users/zhoushunyu/eqvae/experiments/prediction_target_toy_v4_main/seed20260807/D512/curv0/scale_unit_rms/loss_v/H256,
512,0.0,unit_rms,256,v,xv_tan_g0p03,xv_tangent,0.03,0.0574292457212651,0.0008304119110107,0.0018823508871719,0.0005076077622363,-3.16358988711466e-05,0.000926447187907,20260807,/data/users/zhoushunyu/eqvae/experiments/prediction_target_toy_v4_main/seed20260807/D512/curv0/scale_unit_rms/loss_v/H256,
512,0.0,unit_rms,256,v,xv_normcomp_g0p03,xv_normal,0.03,0.0564628154107286,0.000772476196289,0.0019832190591841,-3.88462926575614e-06,-2.598445499226096e-05,2.077679463777341e-05,20260807,/data/users/zhoushunyu/eqvae/experiments/prediction_target_toy_v4_main/seed20260807/D512/curv0/scale_unit_rms/loss_v/H256,
512,0.0,unit_rms,256,v,xv_g0p1,xv,0.1,0.0597589758314787,0.0009729862213134,0.0024018979165703,0.0020171523786705,0.0002021450572763,0.0031536191595894,20260807,/data/users/zhoushunyu/eqvae/experiments/prediction_target_toy_v4_main/seed20260807/D512/curv0/scale_unit_rms/loss_v/H256,
512,0.0,unit_rms,256,v,xeps_g0p1,xeps,0.1,0.0806661653099086,0.0023599863052368,0.0021676186006516,0.0212543655909309,0.0149531450711357,0.0291965190626691,20260807,/data/users/zhoushunyu/eqvae/experiments/prediction_target_toy_v4_main/seed20260807/D512/curv0/scale_unit_rms/loss_v/H256,
512,0.0,unit_rms,256,v,xv_tan_g0p1,xv_tangent,0.1,0.0597881849134847,0.0009722709655761,0.0018652403960004,0.0018587070295032,0.0002351178087639,0.0032429012632816,20260807,/data/users/zhoushunyu/eqvae/experiments/prediction_target_toy_v4_main/seed20260807/D512/curv0/scale_unit_rms/loss_v/H256,
512,0.0,unit_rms,256,v,xv_normcomp_g0p1,xv_normal,0.1,0.0564408460043358,0.0007727146148681,0.0024231998249888,-3.4175678766240613e-06,-8.193826993680014e-05,5.679656286538092e-05,20260807,/data/users/zhoushunyu/eqvae/experiments/prediction_target_toy_v4_main/seed20260807/D512/curv0/scale_unit_rms/loss_v/H256,
512,0.0,unit_rms,256,v,xv_g0p3,xv,0.3,0.0676739444681304,0.0015008449554443,0.0031419661827385,0.0075319010842565,0.0027371013103644,0.0106255086159382,20260807,/data/users/zhoushunyu/eqvae/experiments/prediction_target_toy_v4_main/seed20260807/D512/curv0/scale_unit_rms/loss_v/H256,
512,0.0,unit_rms,256,v,xeps_g0p3,xeps,0.3,0.1682796974805484,0.0133954286575317,0.0021601300686597,0.1076763617853899,0.0938063107806077,0.1186278266611358,20260807,/data/users/zhoushunyu/eqvae/experiments/prediction_target_toy_v4_main/seed20260807/D512/curv0/scale_unit_rms/loss_v/H256,
512,0.0,unit_rms,256,v,xv_tan_g0p3,xv_tangent,0.3,0.0676516135289498,0.001491904258728,0.0018285533878952,0.0069881464148607,0.0023020385072757,0.0107955920684234,20260807,/data/users/zhoushunyu/eqvae/experiments/prediction_target_toy_v4_main/seed20260807/D512/curv0/scale_unit_rms/loss_v/H256,
512,0.0,unit_rms,256,v,xv_normcomp_g0p3,xv_normal,0.3,0.0563677854032078,0.0007685422897338,0.0031850717496126,-1.578511070426086e-05,-0.0002418666475926,0.0001748817738662,20260807,/data/users/zhoushunyu/eqvae/experiments/prediction_target_toy_v4_main/seed20260807/D512/curv0/scale_unit_rms/loss_v/H256,
512,0.0,unit_rms,256,v,xv_rms_etam0p03,xv_norm,-0.03,0.0557895173386523,0.0007301568984985,0.0291372667998075,0.0010362421266625,-0.0005972627333305,0.0029084930222496,20260807,/data/users/zhoushunyu/eqvae/experiments/prediction_target_toy_v4_main/seed20260807/D512/curv0/scale_unit_rms/loss_v/H256,
512,0.0,unit_rms,256,v,xv_rms_etam0p01,xv_norm,-0.01,0.0561207188527636,0.000750184059143,0.0095700491219758,0.0003175106982262,-0.0004162204877349,0.0011006490263303,20260807,/data/users/zhoushunyu/eqvae/experiments/prediction_target_toy_v4_main/seed20260807/D512/curv0/scale_unit_rms/loss_v/H256,
512,0.0,unit_rms,256,v,xv_rms_eta0p01,xv_norm,0.01,0.0573806933659339,0.0008330345153808,0.0081275785341858,-1.0446583981547976e-05,-0.0013957706543657,0.0017538031028997,20260807,/data/users/zhoushunyu/eqvae/experiments/prediction_target_toy_v4_main/seed20260807/D512/curv0/scale_unit_rms/loss_v/H256,
512,0.0,unit_rms,256,v,xv_rms_eta0p03,xv_norm,0.03,0.0668536021594148,0.0015380382537841,0.0047199018299579,0.0067957087489301,0.0015733398886578,0.0141445080252324,20260807,/data/users/zhoushunyu/eqvae/experiments/prediction_target_toy_v4_main/seed20260807/D512/curv0/scale_unit_rms/loss_v/H256,
512,0.0,unit_rms,512,v,x,x,0.0,0.0474103006702835,0.0006026029586791,0.0013536819024011,0.0,0.0,0.0,20260807,/data/users/zhoushunyu/eqvae/experiments/prediction_target_toy_v4_main/seed20260807/D512/curv0/scale_unit_rms/loss_v/H512,
512,0.0,unit_rms,512,v,v,v,0.0,0.034153101888063,0.0002058744430541,0.639187753200531,-0.0020659392513941,-0.0151533521293803,0.0102922270367751,20260807,/data/users/zhoushunyu/eqvae/experiments/prediction_target_toy_v4_main/seed20260807/D512/curv0/scale_unit_rms/loss_v/H512,
512,0.0,unit_rms,512,v,eps,eps,0.0,1.4858152248340046,0.1999313235282898,21.275012969970703,1.4513951298203234,1.4106256068183454,1.4897655122263138,20260807,/data/users/zhoushunyu/eqvae/experiments/prediction_target_toy_v4_main/seed20260807/D512/curv0/scale_unit_rms/loss_v/H512,
512,0.0,unit_rms,512,v,oracle,oracle,0.0,0.0495965700296481,0.0006817579269409,0.0007818728336133,-0.0078297920171639,-0.0154291956875699,0.0016295866070492,20260807,/data/users/zhoushunyu/eqvae/experiments/prediction_target_toy_v4_main/seed20260807/D512/curv0/scale_unit_rms/loss_v/H512,
512,0.0,unit_rms,512,v,xv_gm0p1,xv,-0.1,0.0453077710402025,0.0005323886871337,0.0028818873688578,-0.0013609407424616,-0.0024831647009708,7.737074430010576e-05,20260807,/data/users/zhoushunyu/eqvae/experiments/prediction_target_toy_v4_main/seed20260807/D512/curv0/scale_unit_rms/loss_v/H512,
512,0.0,unit_rms,512,v,xeps_gm0p1,xeps,-0.1,0.0379529233667136,0.0001293420791625,0.0036847251467406,-0.007948921511266,-0.02582061878884,0.0097752219742237,20260807,/data/users/zhoushunyu/eqvae/experiments/prediction_target_toy_v4_main/seed20260807/D512/curv0/scale_unit_rms/loss_v/H512,
512,0.0,unit_rms,512,v,xv_tan_gm0p1,xv_tangent,-0.1,0.0453897347170389,0.0005388259887695,0.0013544919202104,-0.0014011646348622,-0.0026144200548415,8.23176027973111e-05,20260807,/data/users/zhoushunyu/eqvae/experiments/prediction_target_toy_v4_main/seed20260807/D512/curv0/scale_unit_rms/loss_v/H512,
512,0.0,unit_rms,512,v,xv_normcomp_gm0p1,xv_normal,-0.1,0.0474472768679397,0.0005970001220703,0.0028812445234507,9.49466148493299e-05,-5.843800511481628e-05,0.0003114218557747,20260807,/data/users/zhoushunyu/eqvae/experiments/prediction_target_toy_v4_main/seed20260807/D512/curv0/scale_unit_rms/loss_v/H512,
512,0.0,unit_rms,512,v,xv_gm0p03,xv,-0.03,0.046662026014359,0.0005778074264526,0.0014955803053453,-0.0004225382892549,-0.000767879025558,-1.333619598976625e-05,20260807,/data/users/zhoushunyu/eqvae/experiments/prediction_target_toy_v4_main/seed20260807/D512/curv0/scale_unit_rms/loss_v/H512,
512,0.0,unit_rms,512,v,xeps_gm0p03,xeps,-0.03,0.0374684097403592,0.000166893005371,0.0015576314181089,-0.0085281565112712,-0.0126169724468065,-0.0025336932173616,20260807,/data/users/zhoushunyu/eqvae/experiments/prediction_target_toy_v4_main/seed20260807/D512/curv0/scale_unit_rms/loss_v/H512,
512,0.0,unit_rms,512,v,xv_tan_gm0p03,xv_tangent,-0.03,0.046680008719155,0.0005794763565063,0.0013538579223677,-0.0004505053454669,-0.0008441197726426,-2.5649528872346766e-05,20260807,/data/users/zhoushunyu/eqvae/experiments/prediction_target_toy_v4_main/seed20260807/D512/curv0/scale_unit_rms/loss_v/H512,
512,0.0,unit_rms,512,v,xv_normcomp_gm0p03,xv_normal,-0.03,0.0474384248782628,0.0006015300750732,0.0014953559730201,5.458911573874015e-05,-2.331124831344931e-05,0.0001831042220205,20260807,/data/users/zhoushunyu/eqvae/experiments/prediction_target_toy_v4_main/seed20260807/D512/curv0/scale_unit_rms/loss_v/H512,
512,0.0,unit_rms,512,v,xv_gm0p01,xv,-0.01,0.0471613128087735,0.0005960464477539,0.0013671029591932,-0.0001163685932377,-0.0002595069704343,4.718455889359799e-05,20260807,/data/users/zhoushunyu/eqvae/experiments/prediction_target_toy_v4_main/seed20260807/D512/curv0/scale_unit_rms/loss_v/H512,
512,0.0,unit_rms,512,v,xeps_gm0p01,xeps,-0.01,0.0435573524563153,0.0004316568374633,0.001378996297717,-0.0032030044615132,-0.0045904000565172,-0.0013774968796194,20260807,/data/users/zhoushunyu/eqvae/experiments/prediction_target_toy_v4_main/seed20260807/D512/curv0/scale_unit_rms/loss_v/H512,
512,0.0,unit_rms,512,v,xv_tan_gm0p01,xv_tangent,-0.01,0.0471542830013463,0.0005961656570434,0.0013537449995055,-0.0001525533858584,-0.0003297655514467,2.9474020370685847e-06,20260807,/data/users/zhoushunyu/eqvae/experiments/prediction_target_toy_v4_main/seed20260807/D512/curv0/scale_unit_rms/loss_v/H512,
512,0.0,unit_rms,512,v,xv_normcomp_gm0p01,xv_normal,-0.01,0.047426298910432,0.0006039142608642,0.0013670918997377,2.0424482145969813e-05,-6.352073245193684e-06,6.130827625947846e-05,20260807,/data/users/zhoushunyu/eqvae/experiments/prediction_target_toy_v4_main/seed20260807/D512/curv0/scale_unit_rms/loss_v/H512,
512,0.0,unit_rms,512,v,xv_g0p003,xv,0.003,0.0474875021671277,0.0006057024002075,0.0013557474594563,4.129559382672746e-05,-1.923977683120255e-06,8.425872501654652e-05,20260807,/data/users/zhoushunyu/eqvae/experiments/prediction_target_toy_v4_main/seed20260807/D512/curv0/scale_unit_rms/loss_v/H512,
512,0.0,unit_rms,512,v,xeps_g0p003,xeps,0.003,0.0486717422641036,0.0006594657897949,0.0013536617625504,0.0011249447052485,0.0004783267684493,0.0016193942425813,20260807,/data/users/zhoushunyu/eqvae/experiments/prediction_target_toy_v4_main/seed20260807/D512/curv0/scale_unit_rms/loss_v/H512,
512,0.0,unit_rms,512,v,xv_tan_g0p003,xv_tangent,0.003,0.0474921516774482,0.0006064176559448,0.001353669562377,4.708775459151972e-05,1.9176850126909063e-06,0.000107240838521,20260807,/data/users/zhoushunyu/eqvae/experiments/prediction_target_toy_v4_main/seed20260807/D512/curv0/scale_unit_rms/loss_v/H512,
512,0.0,unit_rms,512,v,xv_normcomp_g0p003,xv_normal,0.003,0.0474051829735702,0.0006024837493896,0.0013557609636336,-6.53025110468615e-06,-1.9823669100731303e-05,1.92914918349784e-06,20260807,/data/users/zhoushunyu/eqvae/experiments/prediction_target_toy_v4_main/seed20260807/D512/curv0/scale_unit_rms/loss_v/H512,
512,0.0,unit_rms,512,v,xv_g0p01,xv,0.01,0.0476621080820144,0.0006103515625,0.0013703436125069,0.0001341051620137,-2.63014924652194e-05,0.0002565525362381,20260807,/data/users/zhoushunyu/eqvae/experiments/prediction_target_toy_v4_main/seed20260807/D512/curv0/scale_unit_rms/loss_v/H512,
512,0.0,unit_rms,512,v,xeps_g0p01,xeps,0.01,0.0521352822042404,0.000821828842163,0.0013625575229525,0.004517761149468,0.003045064143477,0.0058917312422421,20260807,/data/users/zhoushunyu/eqvae/experiments/prediction_target_toy_v4_main/seed20260807/D512/curv0/scale_unit_rms/loss_v/H512,
512,0.0,unit_rms,512,v,xv_tan_g0p01,xv_tangent,0.01,0.0476655619865601,0.0006115436553955,0.0013536541955545,0.0001515697928897,-2.462284966020696e-05,0.000311797141224,20260807,/data/users/zhoushunyu/eqvae/experiments/prediction_target_toy_v4_main/seed20260807/D512/curv0/scale_unit_rms/loss_v/H512,
512,0.0,unit_rms,512,v,xv_normcomp_g0p01,xv_normal,0.01,0.0473942856860149,0.000603437423706,0.0013703826116397,-2.245805607034357e-05,-5.4257265206899416e-05,4.725214161020034e-06,20260807,/data/users/zhoushunyu/eqvae/experiments/prediction_target_toy_v4_main/seed20260807/D512/curv0/scale_unit_rms/loss_v/H512,
512,0.0,unit_rms,512,v,xv_g0p03,xv,0.03,0.0481240490758436,0.0006288290023803,0.0014705063076689,0.0003903391481594,-4.0495533009469485e-05,0.0007457299263091,20260807,/data/users/zhoushunyu/eqvae/experiments/prediction_target_toy_v4_main/seed20260807/D512/curv0/scale_unit_rms/loss_v/H512,
512,0.0,unit_rms,512,v,xeps_g0p03,xeps,0.03,0.0623963117115326,0.0013688802719116,0.0014434049371629,0.0136894139550544,0.0101094799434255,0.0163570585616645,20260807,/data/users/zhoushunyu/eqvae/experiments/prediction_target_toy_v4_main/seed20260807/D512/curv0/scale_unit_rms/loss_v/H512,
512,0.0,unit_rms,512,v,xv_tan_g0p03,xv_tangent,0.03,0.0481440940962836,0.0006277561187744,0.0013537743361666,0.0004299483322635,-7.354776909746161e-05,0.0007918523250638,20260807,/data/users/zhoushunyu/eqvae/experiments/prediction_target_toy_v4_main/seed20260807/D512/curv0/scale_unit_rms/loss_v/H512,
512,0.0,unit_rms,512,v,xv_normcomp_g0p03,xv_normal,0.03,0.0473751270438152,0.0006041526794433,0.001470580114983,-6.593663915829613e-05,-0.0001728990228851,2.411973510783037e-05,20260807,/data/users/zhoushunyu/eqvae/experiments/prediction_target_toy_v4_main/seed20260807/D512/curv0/scale_unit_rms/loss_v/H512,
512,0.0,unit_rms,512,v,xv_g0p1,xv,0.1,0.0497851471352484,0.0006718635559082,0.0020597225520759,0.0015690939498426,-0.0004583671938475,0.0031352479998867,20260807,/data/users/zhoushunyu/eqvae/experiments/prediction_target_toy_v4_main/seed20260807/D512/curv0/scale_unit_rms/loss_v/H512,
512,0.0,unit_rms,512,v,xeps_g0p1,xeps,0.1,0.1009791745439739,0.0043888092041015,0.001830740366131,0.0500426453988102,0.0432822160610261,0.055416478467597,20260807,/data/users/zhoushunyu/eqvae/experiments/prediction_target_toy_v4_main/seed20260807/D512/curv0/scale_unit_rms/loss_v/H512,
512,0.0,unit_rms,512,v,xv_tan_g0p1,xv_tangent,0.1,0.0499913554552444,0.0006810426712036,0.0013553245225921,0.002109587030789,-0.0002595762037685,0.0040769180720533,20260807,/data/users/zhoushunyu/eqvae/experiments/prediction_target_toy_v4_main/seed20260807/D512/curv0/scale_unit_rms/loss_v/H512,
512,0.0,unit_rms,512,v,xv_normcomp_g0p1,xv_normal,0.1,0.0473482204701323,0.0006085634231567,0.0020582964643836,-0.0001279428303147,-0.0003924015826249,7.416711387161245e-05,20260807,/data/users/zhoushunyu/eqvae/experiments/prediction_target_toy_v4_main/seed20260807/D512/curv0/scale_unit_rms/loss_v/H512,
512,0.0,unit_rms,512,v,xv_g0p3,xv,0.3,0.0539979157303243,0.0008182525634765,0.0033232893329113,0.0042704407722122,-0.0009846899825629,0.008516191341889,20260807,/data/users/zhoushunyu/eqvae/experiments/prediction_target_toy_v4_main/seed20260807/D512/curv0/scale_unit_rms/loss_v/H512,
512,0.0,unit_rms,512,v,xeps_g0p3,xeps,0.3,0.2156308928547375,0.0251010656356811,0.0020169168710708,0.1642259264571101,0.1567263426382576,0.1715846871012964,20260807,/data/users/zhoushunyu/eqvae/experiments/prediction_target_toy_v4_main/seed20260807/D512/curv0/scale_unit_rms/loss_v/H512,
512,0.0,unit_rms,512,v,xv_tan_g0p3,xv_tangent,0.3,0.0550735079627011,0.0008493661880493,0.0013598488876596,0.0050317512118421,-0.0008378759542111,0.0090931249883869,20260807,/data/users/zhoushunyu/eqvae/experiments/prediction_target_toy_v4_main/seed20260807/D512/curv0/scale_unit_rms/loss_v/H512,
512,0.0,unit_rms,512,v,xv_normcomp_g0p3,xv_normal,0.3,0.0471123840333592,0.0006031990051269,0.0033214648719877,-0.0001985502478042,-0.0006625930469623,0.0001265506404394,20260807,/data/users/zhoushunyu/eqvae/experiments/prediction_target_toy_v4_main/seed20260807/D512/curv0/scale_unit_rms/loss_v/H512,
512,0.0,unit_rms,512,v,xv_rms_etam0p03,xv_norm,-0.03,0.0434345913304112,0.0004485845565795,0.0295490864664316,-0.0024649006079381,-0.0044378829337873,0.0005895009482333,20260807,/data/users/zhoushunyu/eqvae/experiments/prediction_target_toy_v4_main/seed20260807/D512/curv0/scale_unit_rms/loss_v/H512,
512,0.0,unit_rms,512,v,xv_rms_etam0p01,xv_norm,-0.01,0.0457064808396707,0.0005334615707397,0.0097085637971758,-0.0010917610700226,-0.0018232529591642,9.7558291944651e-05,20260807,/data/users/zhoushunyu/eqvae/experiments/prediction_target_toy_v4_main/seed20260807/D512/curv0/scale_unit_rms/loss_v/H512,
512,0.0,unit_rms,512,v,xv_rms_eta0p01,xv_norm,0.01,0.0499222050851007,0.0007145404815673,0.008573604747653,0.001941489125744,0.0012798918485641,0.0025217639689667,20260807,/data/users/zhoushunyu/eqvae/experiments/prediction_target_toy_v4_main/seed20260807/D512/curv0/scale_unit_rms/loss_v/H512,
512,0.0,unit_rms,512,v,xv_rms_eta0p03,xv_norm,0.03,0.060087871586443,0.001271367073059,0.0057770628482103,0.0113928653402563,0.009314944100307,0.0131592209443702,20260807,/data/users/zhoushunyu/eqvae/experiments/prediction_target_toy_v4_main/seed20260807/D512/curv0/scale_unit_rms/loss_v/H512,
512,0.0,unit_rms,64,v,x,x,0.0,0.0887984722327157,0.0020258426666259,0.0034261450637131,0.0,0.0,0.0,20260807,/data/users/zhoushunyu/eqvae/experiments/prediction_target_toy_v4_main/seed20260807/D512/curv0/scale_unit_rms/loss_v/H64,
512,0.0,unit_rms,64,v,v,v,0.0,0.0768189156145516,0.0008974075317382,0.9455199241638184,-0.0091806236143926,-0.0151110063703829,-0.0016478250466607,20260807,/data/users/zhoushunyu/eqvae/experiments/prediction_target_toy_v4_main/seed20260807/D512/curv0/scale_unit_rms/loss_v/H64,
512,0.0,unit_rms,64,v,eps,eps,0.0,1.4813758333448552,0.1905516386032104,45.89305877685547,1.4008036140585305,1.3614188279791042,1.438300448598282,20260807,/data/users/zhoushunyu/eqvae/experiments/prediction_target_toy_v4_main/seed20260807/D512/curv0/scale_unit_rms/loss_v/H64,
512,0.0,unit_rms,64,v,oracle,oracle,0.0,0.0553969484595099,0.000919222831726,0.0007719341083429,-0.032192815427207,-0.0500458915215681,-0.0130002307412021,20260807,/data/users/zhoushunyu/eqvae/experiments/prediction_target_toy_v4_main/seed20260807/D512/curv0/scale_unit_rms/loss_v/H64,
512,0.0,unit_rms,64,v,xv_gm0p1,xv,-0.1,0.0864512773608589,0.0018520355224609,0.0045574498362839,-0.0019165780624276,-0.0022991686395497,-0.0012829743773734,20260807,/data/users/zhoushunyu/eqvae/experiments/prediction_target_toy_v4_main/seed20260807/D512/curv0/scale_unit_rms/loss_v/H64,
512,0.0,unit_rms,64,v,xeps_gm0p1,xeps,-0.1,0.0779936312156242,0.0009957551956176,0.0057634725235402,-0.0106259748041866,-0.016821501252117,-0.003828723449006,20260807,/data/users/zhoushunyu/eqvae/experiments/prediction_target_toy_v4_main/seed20260807/D512/curv0/scale_unit_rms/loss_v/H64,
512,0.0,unit_rms,64,v,xv_tan_gm0p1,xv_tangent,-0.1,0.086576729668228,0.0018612146377563,0.0034395414404571,-0.0018621593624082,-0.0023351918124563,-0.0012014277572453,20260807,/data/users/zhoushunyu/eqvae/experiments/prediction_target_toy_v4_main/seed20260807/D512/curv0/scale_unit_rms/loss_v/H64,
512,0.0,unit_rms,64,v,xv_normcomp_gm0p1,xv_normal,-0.1,0.0886447429814361,0.0020114183425903,0.0045471242628991,-9.10428310318355e-05,-0.0001631119014588,2.8228837144174404e-06,20260807,/data/users/zhoushunyu/eqvae/experiments/prediction_target_toy_v4_main/seed20260807/D512/curv0/scale_unit_rms/loss_v/H64,
512,0.0,unit_rms,64,v,xv_gm0p03,xv,-0.03,0.0880754525417331,0.0019726753234863,0.0034884547349065,-0.0005991317407682,-0.0007293605208705,-0.0004444623742309,20260807,/data/users/zhoushunyu/eqvae/experiments/prediction_target_toy_v4_main/seed20260807/D512/curv0/scale_unit_rms/loss_v/H64,
512,0.0,unit_rms,64,v,xeps_gm0p03,xeps,-0.03,0.0832570660975445,0.0014835596084594,0.0035416353493928,-0.0053057510043954,-0.0066022124823904,-0.0035614027275638,20260807,/data/users/zhoushunyu/eqvae/experiments/prediction_target_toy_v4_main/seed20260807/D512/curv0/scale_unit_rms/loss_v/H64,
512,0.0,unit_rms,64,v,xv_tan_gm0p03,xv_tangent,-0.03,0.0881157079283039,0.00197434425354,0.0034300626721233,-0.0005797233063425,-0.0007249409960246,-0.0004410880896314,20260807,/data/users/zhoushunyu/eqvae/experiments/prediction_target_toy_v4_main/seed20260807/D512/curv0/scale_unit_rms/loss_v/H64,
512,0.0,unit_rms,64,v,xv_normcomp_gm0p03,xv_normal,-0.03,0.0887557020695672,0.002022385597229,0.0034846316557377,-2.2791041735085862e-05,-4.359807968517503e-05,4.415173869010481e-06,20260807,/data/users/zhoushunyu/eqvae/experiments/prediction_target_toy_v4_main/seed20260807/D512/curv0/scale_unit_rms/loss_v/H64,
512,0.0,unit_rms,64,v,xv_gm0p01,xv,-0.01,0.0885556949030202,0.0020073652267456,0.0034287970047444,-0.0002013557463408,-0.0002445873685334,-0.0001499717027655,20260807,/data/users/zhoushunyu/eqvae/experiments/prediction_target_toy_v4_main/seed20260807/D512/curv0/scale_unit_rms/loss_v/H64,
512,0.0,unit_rms,64,v,xeps_gm0p01,xeps,-0.01,0.0867732201511261,0.0018216371536254,0.003438469255343,-0.0019461663887438,-0.0023600486448633,-0.0013952299931935,20260807,/data/users/zhoushunyu/eqvae/experiments/prediction_target_toy_v4_main/seed20260807/D512/curv0/scale_unit_rms/loss_v/H64,
512,0.0,unit_rms,64,v,xv_tan_gm0p01,xv_tangent,-0.01,0.0885693863882717,0.0020052194595336,0.0034274416975677,-0.0001946511931709,-0.000242678479298,-0.0001485889240577,20260807,/data/users/zhoushunyu/eqvae/experiments/prediction_target_toy_v4_main/seed20260807/D512/curv0/scale_unit_rms/loss_v/H64,
512,0.0,unit_rms,64,v,xv_normcomp_gm0p01,xv_normal,-0.01,0.0887845045920145,0.00202476978302,0.003427505493164,-7.360362335095405e-06,-1.4229436341518104e-05,1.676199994383314e-06,20260807,/data/users/zhoushunyu/eqvae/experiments/prediction_target_toy_v4_main/seed20260807/D512/curv0/scale_unit_rms/loss_v/H64,
512,0.0,unit_rms,64,v,xv_g0p003,xv,0.003,0.088871645087207,0.0020300149917602,0.0034281753469258,6.072781586423423e-05,4.535500358577929e-05,7.366264768899101e-05,20260807,/data/users/zhoushunyu/eqvae/experiments/prediction_target_toy_v4_main/seed20260807/D512/curv0/scale_unit_rms/loss_v/H64,
512,0.0,unit_rms,64,v,xeps_g0p003,xeps,0.003,0.0894379013993214,0.0020887851715087,0.0034258281812071,0.0006156971944407,0.0004565144740477,0.0007360059362323,20260807,/data/users/zhoushunyu/eqvae/experiments/prediction_target_toy_v4_main/seed20260807/D512/curv0/scale_unit_rms/loss_v/H64,
512,0.0,unit_rms,64,v,xv_tan_g0p003,xv_tangent,0.003,0.0888674872844526,0.0020301342010498,0.003425758332014,5.866806977000885e-05,4.488220739283927e-05,7.29922771920098e-05,20260807,/data/users/zhoushunyu/eqvae/experiments/prediction_target_toy_v4_main/seed20260807/D512/curv0/scale_unit_rms/loss_v/H64,
512,0.0,unit_rms,64,v,xv_normcomp_g0p003,xv_normal,0.003,0.08880260561217,0.0020250082015991,0.0034285627771168,2.1649182954384948e-06,-5.379011297108882e-07,4.213146922119741e-06,20260807,/data/users/zhoushunyu/eqvae/experiments/prediction_target_toy_v4_main/seed20260807/D512/curv0/scale_unit_rms/loss_v/H64,
512,0.0,unit_rms,64,v,xv_g0p01,xv,0.01,0.0890429892602267,0.0020428895950317,0.0034372210502624,0.0002007612971851,0.0001400379055051,0.0002383258264928,20260807,/data/users/zhoushunyu/eqvae/experiments/prediction_target_toy_v4_main/seed20260807/D512/curv0/scale_unit_rms/loss_v/H64,
512,0.0,unit_rms,64,v,xeps_g0p01,xeps,0.01,0.0909840856199873,0.0022491216659545,0.003429617267102,0.0021565217361815,0.0016728512987045,0.0025653866191759,20260807,/data/users/zhoushunyu/eqvae/experiments/prediction_target_toy_v4_main/seed20260807/D512/curv0/scale_unit_rms/loss_v/H64,
512,0.0,unit_rms,64,v,xv_tan_g0p01,xv_tangent,0.01,0.0890290298767425,0.002042531967163,0.003424857975915,0.0001941448086586,0.0001303851809739,0.0002390473743479,20260807,/data/users/zhoushunyu/eqvae/experiments/prediction_target_toy_v4_main/seed20260807/D512/curv0/scale_unit_rms/loss_v/H64,
512,0.0,unit_rms,64,v,xv_normcomp_g0p01,xv_normal,0.01,0.0888121586768344,0.0020264387130737,0.0034385093022137,7.71844812688105e-06,-1.1734983522786872e-06,1.457017835913183e-05,20260807,/data/users/zhoushunyu/eqvae/experiments/prediction_target_toy_v4_main/seed20260807/D512/curv0/scale_unit_rms/loss_v/H64,
512,0.0,unit_rms,64,v,xv_g0p03,xv,0.03,0.0895372492963558,0.0020796060562133,0.0034882109612226,0.0006071671079797,0.0004266458759124,0.0007194939941506,20260807,/data/users/zhoushunyu/eqvae/experiments/prediction_target_toy_v4_main/seed20260807/D512/curv0/scale_unit_rms/loss_v/H64,
512,0.0,unit_rms,64,v,xeps_g0p03,xeps,0.03,0.0957869794480146,0.0027694702148437,0.0034618959762156,0.0068957483695974,0.0055518008090525,0.008037908700119,20260807,/data/users/zhoushunyu/eqvae/experiments/prediction_target_toy_v4_main/seed20260807/D512/curv0/scale_unit_rms/loss_v/H64,
512,0.0,unit_rms,64,v,xv_tan_g0p03,xv_tangent,0.03,0.0894945015050258,0.0020760297775268,0.0034223112743347,0.0005865740039208,0.0003966489068449,0.0007200177093284,20260807,/data/users/zhoushunyu/eqvae/experiments/prediction_target_toy_v4_main/seed20260807/D512/curv0/scale_unit_rms/loss_v/H64,
512,0.0,unit_rms,64,v,xv_normcomp_g0p03,xv_normal,0.03,0.0888387238971486,0.0020283460617065,0.0034920263569802,2.249933832036158e-05,-3.917572575616243e-06,4.287883736538258e-05,20260807,/data/users/zhoushunyu/eqvae/experiments/prediction_target_toy_v4_main/seed20260807/D512/curv0/scale_unit_rms/loss_v/H64,
512,0.0,unit_rms,64,v,xv_g0p1,xv,0.1,0.0913203065472346,0.0022120475769042,0.0037584570236504,0.0021170407715658,0.0015144837557661,0.0025972644352183,20260807,/data/users/zhoushunyu/eqvae/experiments/prediction_target_toy_v4_main/seed20260807/D512/curv0/scale_unit_rms/loss_v/H64,
512,0.0,unit_rms,64,v,xeps_g0p1,xeps,0.1,0.1160599244316416,0.0053204298019409,0.0035921102389693,0.0267500091528308,0.0226800692012183,0.0292117398288414,20260807,/data/users/zhoushunyu/eqvae/experiments/prediction_target_toy_v4_main/seed20260807/D512/curv0/scale_unit_rms/loss_v/H64,
512,0.0,unit_rms,64,v,xv_tan_g0p1,xv_tangent,0.1,0.0911672478267423,0.0021970272064208,0.0034136762842535,0.0019902645542004,0.0014881492542881,0.0023840649536617,20260807,/data/users/zhoushunyu/eqvae/experiments/prediction_target_toy_v4_main/seed20260807/D512/curv0/scale_unit_rms/loss_v/H64,
512,0.0,unit_rms,64,v,xv_normcomp_g0p1,xv_normal,0.1,0.0889240325774606,0.0020332336425781,0.003770365845412,6.854417742976237e-05,6.49458386739292e-06,0.0001256367152097,20260807,/data/users/zhoushunyu/eqvae/experiments/prediction_target_toy_v4_main/seed20260807/D512/curv0/scale_unit_rms/loss_v/H64,
512,0.0,unit_rms,64,v,xv_g0p3,xv,0.3,0.0968376364890147,0.0026322603225708,0.0040658735670149,0.0068019696463754,0.0051307208365549,0.00818266475296,20260807,/data/users/zhoushunyu/eqvae/experiments/prediction_target_toy_v4_main/seed20260807/D512/curv0/scale_unit_rms/loss_v/H64,
512,0.0,unit_rms,64,v,xeps_g0p3,xeps,0.3,0.1891234795686412,0.019834280014038,0.0036516082473099,0.0984278235519284,0.0918557243019845,0.1030564416325435,20260807,/data/users/zhoushunyu/eqvae/experiments/prediction_target_toy_v4_main/seed20260807/D512/curv0/scale_unit_rms/loss_v/H64,
512,0.0,unit_rms,64,v,xv_tan_g0p3,xv_tangent,0.3,0.0962716587080199,0.0025767087936401,0.0033911550417542,0.0063448462316063,0.0049119188452884,0.0074623519433062,20260807,/data/users/zhoushunyu/eqvae/experiments/prediction_target_toy_v4_main/seed20260807/D512/curv0/scale_unit_rms/loss_v/H64,
512,0.0,unit_rms,64,v,xv_normcomp_g0p3,xv_normal,0.3,0.0891168417682384,0.0020505189895629,0.0040981513448059,0.0001603654149475,-1.6465455514510716e-05,0.0003245239113167,20260807,/data/users/zhoushunyu/eqvae/experiments/prediction_target_toy_v4_main/seed20260807/D512/curv0/scale_unit_rms/loss_v/H64,
512,0.0,unit_rms,64,v,xv_rms_etam0p03,xv_norm,-0.03,0.085741369580042,0.0018643140792846,0.0290755424648523,-0.0027730807252595,-0.0037497497477766,-0.0018147883321381,20260807,/data/users/zhoushunyu/eqvae/experiments/prediction_target_toy_v4_main/seed20260807/D512/curv0/scale_unit_rms/loss_v/H64,
512,0.0,unit_rms,64,v,xv_rms_etam0p01,xv_norm,-0.01,0.0872465837488416,0.0019396543502807,0.0098914047703146,-0.001440149171275,-0.001875217177693,-0.0009965387567831,20260807,/data/users/zhoushunyu/eqvae/experiments/prediction_target_toy_v4_main/seed20260807/D512/curv0/scale_unit_rms/loss_v/H64,
512,0.0,unit_rms,64,v,xv_rms_eta0p01,xv_norm,0.01,0.091901335824253,0.0022108554840087,0.0085059152916073,0.0029867439756879,0.0023479124716929,0.0036022769793883,20260807,/data/users/zhoushunyu/eqvae/experiments/prediction_target_toy_v4_main/seed20260807/D512/curv0/scale_unit_rms/loss_v/H64,
512,0.0,unit_rms,64,v,xv_rms_eta0p03,xv_norm,0.03,0.106917144541615,0.0032906532287597,0.0058122589252889,0.0177972536168964,0.01554407784977,0.0199977583302106,20260807,/data/users/zhoushunyu/eqvae/experiments/prediction_target_toy_v4_main/seed20260807/D512/curv0/scale_unit_rms/loss_v/H64,
512,0.25,unit_rms,1024,v,x,x,0.0,0.0649935268657691,0.0013864040374755,0.0042334217578172,0.0,0.0,0.0,20260807,/data/users/zhoushunyu/eqvae/experiments/prediction_target_toy_v4_main/seed20260807/D512/curv0p25/scale_unit_rms/loss_v/H1024,1.503563404083252
512,0.25,unit_rms,1024,v,v,v,0.0,0.0561661045802553,0.0012224912643432,0.2667954564094543,-0.004201379783354,-0.018548580184315,0.0130544189249514,20260807,/data/users/zhoushunyu/eqvae/experiments/prediction_target_toy_v4_main/seed20260807/D512/curv0p25/scale_unit_rms/loss_v/H1024,1.503563404083252
512,0.25,unit_rms,1024,v,eps,eps,0.0,0.4526388607473393,0.0873539447784423,1.5368998050689695,0.3666426983557357,0.3273171733277448,0.399330878766495,20260807,/data/users/zhoushunyu/eqvae/experiments/prediction_target_toy_v4_main/seed20260807/D512/curv0p25/scale_unit_rms/loss_v/H1024,1.503563404083252
512,0.25,unit_rms,1024,v,oracle,oracle,0.0,0.0743036599159197,0.0022426843643188,0.0035176039673388,0.0062864998054792,-0.0091140534608781,0.0200259375197902,20260807,/data/users/zhoushunyu/eqvae/experiments/prediction_target_toy_v4_main/seed20260807/D512/curv0p25/scale_unit_rms/loss_v/H1024,1.503563404083252
512,0.25,unit_rms,1024,v,xv_gm0p1,xv,-0.1,0.0638821732629074,0.0013459920883178,0.0047954814508557,-0.0007136188876761,-0.0032147331257407,0.0015460168097539,20260807,/data/users/zhoushunyu/eqvae/experiments/prediction_target_toy_v4_main/seed20260807/D512/curv0p25/scale_unit_rms/loss_v/H1024,1.503563404083252
512,0.25,unit_rms,1024,v,xeps_gm0p1,xeps,-0.1,0.0848496654031036,0.0031085014343261,0.005483956541866,0.0125471201755221,-0.0111594653662364,0.0269102345580953,20260807,/data/users/zhoushunyu/eqvae/experiments/prediction_target_toy_v4_main/seed20260807/D512/curv0p25/scale_unit_rms/loss_v/H1024,1.503563404083252
512,0.25,unit_rms,1024,v,xv_tan_gm0p1,xv_tangent,-0.1,0.0637240686585947,0.0013350248336791,0.0042423293925821,-0.0007447328941843,-0.0029648931905719,0.0014020988982224,20260807,/data/users/zhoushunyu/eqvae/experiments/prediction_target_toy_v4_main/seed20260807/D512/curv0p25/scale_unit_rms/loss_v/H1024,1.503563404083252
512,0.25,unit_rms,1024,v,xv_normcomp_gm0p1,xv_normal,-0.1,0.0651604238813991,0.0013974905014038,0.0047981552779674,6.508944928134044e-05,-0.0004518349407688,0.00069779763884,20260807,/data/users/zhoushunyu/eqvae/experiments/prediction_target_toy_v4_main/seed20260807/D512/curv0p25/scale_unit_rms/loss_v/H1024,1.503563404083252
512,0.25,unit_rms,1024,v,xv_gm0p03,xv,-0.03,0.0644139682502443,0.0013577938079833,0.0042789443396031,-0.0002101168333214,-0.0010683716952468,0.0005949613289081,20260807,/data/users/zhoushunyu/eqvae/experiments/prediction_target_toy_v4_main/seed20260807/D512/curv0p25/scale_unit_rms/loss_v/H1024,1.503563404083252
512,0.25,unit_rms,1024,v,xeps_gm0p03,xeps,-0.03,0.0694624215497241,0.0017298460006713,0.0043531372211873,0.0014746749305237,-0.0057443711119172,0.0071832580873481,20260807,/data/users/zhoushunyu/eqvae/experiments/prediction_target_toy_v4_main/seed20260807/D512/curv0p25/scale_unit_rms/loss_v/H1024,1.503563404083252
512,0.25,unit_rms,1024,v,xv_tan_gm0p03,xv_tangent,-0.03,0.0644448382917243,0.0013612508773803,0.0042424090206623,-0.0002037417271665,-0.000940573386909,0.0005173418386859,20260807,/data/users/zhoushunyu/eqvae/experiments/prediction_target_toy_v4_main/seed20260807/D512/curv0p25/scale_unit_rms/loss_v/H1024,1.503563404083252
512,0.25,unit_rms,1024,v,xv_normcomp_gm0p03,xv_normal,-0.03,0.0650316058216439,0.0013896226882934,0.0042759724892675,2.200476205366356e-05,-0.0002142129774114,0.0002610279526493,20260807,/data/users/zhoushunyu/eqvae/experiments/prediction_target_toy_v4_main/seed20260807/D512/curv0p25/scale_unit_rms/loss_v/H1024,1.503563404083252
512,0.25,unit_rms,1024,v,xv_gm0p01,xv,-0.01,0.0647981552744432,0.0013790130615234,0.0042360909283161,-6.783860760221336e-05,-0.0004022746282952,0.0003969423558008,20260807,/data/users/zhoushunyu/eqvae/experiments/prediction_target_toy_v4_main/seed20260807/D512/curv0p25/scale_unit_rms/loss_v/H1024,1.503563404083252
512,0.25,unit_rms,1024,v,xeps_gm0p01,xeps,-0.01,0.0662844046067631,0.0014805793762207,0.0042697875760495,0.0001880884376912,-0.0022022735836111,0.0023900959568117,20260807,/data/users/zhoushunyu/eqvae/experiments/prediction_target_toy_v4_main/seed20260807/D512/curv0p25/scale_unit_rms/loss_v/H1024,1.503563404083252
512,0.25,unit_rms,1024,v,xv_tan_gm0p01,xv_tangent,-0.01,0.0647988438116199,0.0013774633407592,0.0042328727431595,-6.807649373945377e-05,-0.00039804027584,0.0003186014118817,20260807,/data/users/zhoushunyu/eqvae/experiments/prediction_target_toy_v4_main/seed20260807/D512/curv0p25/scale_unit_rms/loss_v/H1024,1.503563404083252
512,0.25,unit_rms,1024,v,xv_normcomp_gm0p01,xv_normal,-0.01,0.0650008476016298,0.001387596130371,0.0042373687028884,-1.4766416725278678e-07,-9.03285701397234e-05,6.684569954001072e-05,20260807,/data/users/zhoushunyu/eqvae/experiments/prediction_target_toy_v4_main/seed20260807/D512/curv0p25/scale_unit_rms/loss_v/H1024,1.503563404083252
512,0.25,unit_rms,1024,v,xv_g0p003,xv,0.003,0.065064454621483,0.0013887882232666,0.0042307418771088,2.8474239478674737e-05,-5.020332469779596e-05,0.0001189623522506,20260807,/data/users/zhoushunyu/eqvae/experiments/prediction_target_toy_v4_main/seed20260807/D512/curv0p25/scale_unit_rms/loss_v/H1024,1.503563404083252
512,0.25,unit_rms,1024,v,xeps_g0p003,xeps,0.003,0.0646036808765706,0.0013601779937744,0.0042264624498784,-2.449818673453105e-05,-0.0006856836003713,0.0007610400456711,20260807,/data/users/zhoushunyu/eqvae/experiments/prediction_target_toy_v4_main/seed20260807/D512/curv0p25/scale_unit_rms/loss_v/H1024,1.503563404083252
512,0.25,unit_rms,1024,v,xv_tan_g0p003,xv_tangent,0.003,0.065064252809518,0.0013890266418457,0.0042294175364077,2.6725943073397304e-05,-5.413699965591528e-05,0.0001086077544201,20260807,/data/users/zhoushunyu/eqvae/experiments/prediction_target_toy_v4_main/seed20260807/D512/curv0p25/scale_unit_rms/loss_v/H1024,1.503563404083252
512,0.25,unit_rms,1024,v,xv_normcomp_g0p003,xv_normal,0.003,0.0649917673935923,0.001386284828186,0.0042339130304753,1.6116064981212126e-06,-1.93554425627622e-05,3.179419744111241e-05,20260807,/data/users/zhoushunyu/eqvae/experiments/prediction_target_toy_v4_main/seed20260807/D512/curv0p25/scale_unit_rms/loss_v/H1024,1.503563404083252
512,0.25,unit_rms,1024,v,xv_g0p01,xv,0.01,0.0652117794606524,0.0013960599899291,0.0042355889454483,8.379310787194193e-05,-0.0001354146192039,0.0004072101567358,20260807,/data/users/zhoushunyu/eqvae/experiments/prediction_target_toy_v4_main/seed20260807/D512/curv0p25/scale_unit_rms/loss_v/H1024,1.503563404083252
512,0.25,unit_rms,1024,v,xeps_g0p01,xeps,0.01,0.0638724321998883,0.0013045072555541,0.0042447242885828,-6.398999190903635e-05,-0.0023364837878236,0.0025202836377897,20260807,/data/users/zhoushunyu/eqvae/experiments/prediction_target_toy_v4_main/seed20260807/D512/curv0p25/scale_unit_rms/loss_v/H1024,1.503563404083252
512,0.25,unit_rms,1024,v,xv_tan_g0p01,xv_tangent,0.01,0.0652110981601772,0.0013946294784545,0.0042270487174391,8.15972354579695e-05,-0.0001548901077121,0.0003379795448958,20260807,/data/users/zhoushunyu/eqvae/experiments/prediction_target_toy_v4_main/seed20260807/D512/curv0p25/scale_unit_rms/loss_v/H1024,1.503563404083252
512,0.25,unit_rms,1024,v,xv_normcomp_g0p01,xv_normal,0.01,0.0649890320226495,0.0013859272003173,0.0042382292449474,6.460769661131571e-06,-5.397748148791501e-05,0.0001081677454014,20260807,/data/users/zhoushunyu/eqvae/experiments/prediction_target_toy_v4_main/seed20260807/D512/curv0p25/scale_unit_rms/loss_v/H1024,1.503563404083252
512,0.25,unit_rms,1024,v,xv_g0p03,xv,0.03,0.0654665427918353,0.0014046430587768,0.0042853127233684,0.0001746267913235,-0.0004894112222395,0.0009076379878942,20260807,/data/users/zhoushunyu/eqvae/experiments/prediction_target_toy_v4_main/seed20260807/D512/curv0p25/scale_unit_rms/loss_v/H1024,1.503563404083252
512,0.25,unit_rms,1024,v,xeps_g0p03,xeps,0.03,0.0623746549593962,0.0011918544769287,0.0042479550465941,0.000683453525154,-0.0061671688586729,0.0076758656291615,20260807,/data/users/zhoushunyu/eqvae/experiments/prediction_target_toy_v4_main/seed20260807/D512/curv0p25/scale_unit_rms/loss_v/H1024,1.503563404083252
512,0.25,unit_rms,1024,v,xv_tan_g0p03,xv_tangent,0.03,0.0654816363870368,0.0014067888259887,0.0042354851029813,0.0001782443986811,-0.0003985320138278,0.0008482337315449,20260807,/data/users/zhoushunyu/eqvae/experiments/prediction_target_toy_v4_main/seed20260807/D512/curv0p25/scale_unit_rms/loss_v/H1024,1.503563404083252
512,0.25,unit_rms,1024,v,xv_normcomp_g0p03,xv_normal,0.03,0.0649925854307367,0.0013861656188964,0.0042749610729515,2.884633100886776e-05,-0.0001525628059106,0.0002940641496559,20260807,/data/users/zhoushunyu/eqvae/experiments/prediction_target_toy_v4_main/seed20260807/D512/curv0p25/scale_unit_rms/loss_v/H1024,1.503563404083252
512,0.25,unit_rms,1024,v,xv_g0p1,xv,0.1,0.0661865619266036,0.0014278888702392,0.0046263020485639,0.0006076665456523,-0.0012686069474861,0.0028949192500302,20260807,/data/users/zhoushunyu/eqvae/experiments/prediction_target_toy_v4_main/seed20260807/D512/curv0p25/scale_unit_rms/loss_v/H1024,1.503563404083252
512,0.25,unit_rms,1024,v,xeps_g0p1,xeps,0.1,0.0657093450951608,0.0013937950134277,0.0043968893587589,0.0100224507939953,-0.0080219185117477,0.0271016117890292,20260807,/data/users/zhoushunyu/eqvae/experiments/prediction_target_toy_v4_main/seed20260807/D512/curv0p25/scale_unit_rms/loss_v/H1024,1.503563404083252
512,0.25,unit_rms,1024,v,xv_tan_g0p1,xv_tangent,0.1,0.0663125012732702,0.0014362335205078,0.0042620892636477,0.000650495198357,-0.0012653684961459,0.0027865672874284,20260807,/data/users/zhoushunyu/eqvae/experiments/prediction_target_toy_v4_main/seed20260807/D512/curv0p25/scale_unit_rms/loss_v/H1024,1.503563404083252
512,0.25,unit_rms,1024,v,xv_normcomp_g0p1,xv_normal,0.1,0.0650152402697332,0.001382827758789,0.0045851683244109,8.372469098212806e-06,-0.0004987784558409,0.0005535924624943,20260807,/data/users/zhoushunyu/eqvae/experiments/prediction_target_toy_v4_main/seed20260807/D512/curv0p25/scale_unit_rms/loss_v/H1024,1.503563404083252
512,0.25,unit_rms,1024,v,xv_g0p3,xv,0.3,0.0672288612690173,0.0014632940292358,0.0057472670450806,0.0017935330870071,-0.0033128571090473,0.006324916224157,20260807,/data/users/zhoushunyu/eqvae/experiments/prediction_target_toy_v4_main/seed20260807/D512/curv0p25/scale_unit_rms/loss_v/H1024,1.503563404083252
512,0.25,unit_rms,1024,v,xeps_g0p3,xeps,0.3,0.1150086245714458,0.0066719055175781,0.0045340880751609,0.0653084357542102,0.0330931589264632,0.0921851653306171,20260807,/data/users/zhoushunyu/eqvae/experiments/prediction_target_toy_v4_main/seed20260807/D512/curv0p25/scale_unit_rms/loss_v/H1024,1.503563404083252
512,0.25,unit_rms,1024,v,xv_tan_g0p3,xv_tangent,0.3,0.0675440271065579,0.0014897584915161,0.0042760549113154,0.0019212460231752,-0.0029613395559287,0.0066101620070242,20260807,/data/users/zhoushunyu/eqvae/experiments/prediction_target_toy_v4_main/seed20260807/D512/curv0p25/scale_unit_rms/loss_v/H1024,1.503563404083252
512,0.25,unit_rms,1024,v,xv_normcomp_g0p3,xv_normal,0.3,0.0650608600136609,0.001379370689392,0.0057381675578653,-6.617919909009229e-05,-0.0010780741497279,0.0010695872977465,20260807,/data/users/zhoushunyu/eqvae/experiments/prediction_target_toy_v4_main/seed20260807/D512/curv0p25/scale_unit_rms/loss_v/H1024,1.503563404083252
512,0.25,unit_rms,1024,v,xv_rms_etam0p03,xv_norm,-0.03,0.0616781248713016,0.0012675523757934,0.0300617311149835,-0.0019906197747905,-0.0055803752308831,0.0016684537428694,20260807,/data/users/zhoushunyu/eqvae/experiments/prediction_target_toy_v4_main/seed20260807/D512/curv0p25/scale_unit_rms/loss_v/H1024,1.503563404083252
512,0.25,unit_rms,1024,v,xv_rms_etam0p01,xv_norm,-0.01,0.0634340563070784,0.0013288259506225,0.0107643334195017,-0.0008636501502114,-0.0021180707088028,0.0009365154951813,20260807,/data/users/zhoushunyu/eqvae/experiments/prediction_target_toy_v4_main/seed20260807/D512/curv0p25/scale_unit_rms/loss_v/H1024,1.503563404083252
512,0.25,unit_rms,1024,v,xv_rms_eta0p01,xv_norm,0.01,0.0671372453421032,0.0014642477035522,0.0103850280866026,0.001322079484908,-0.0006502207345868,0.0027326369037902,20260807,/data/users/zhoushunyu/eqvae/experiments/prediction_target_toy_v4_main/seed20260807/D512/curv0p25/scale_unit_rms/loss_v/H1024,1.503563404083252
512,0.25,unit_rms,1024,v,xv_rms_eta0p03,xv_norm,0.03,0.0747418941977972,0.0017220973968505,0.0126194087788462,0.0077450438873516,0.001793233332709,0.0120905898280464,20260807,/data/users/zhoushunyu/eqvae/experiments/prediction_target_toy_v4_main/seed20260807/D512/curv0p25/scale_unit_rms/loss_v/H1024,1.503563404083252
512,0.25,unit_rms,128,v,x,x,0.0,0.0449364370157316,0.0006052255630493,0.0080743487924337,0.0,0.0,0.0,20260807,/data/users/zhoushunyu/eqvae/experiments/prediction_target_toy_v4_main/seed20260807/D512/curv0p25/scale_unit_rms/loss_v/H128,1.4056800603866575
512,0.25,unit_rms,128,v,v,v,0.0,0.0692360555686725,0.0019077062606811,0.9184240102767944,0.01451462788948,-0.0066763658293392,0.0273062101418783,20260807,/data/users/zhoushunyu/eqvae/experiments/prediction_target_toy_v4_main/seed20260807/D512/curv0p25/scale_unit_rms/loss_v/H128,1.4056800603866575
512,0.25,unit_rms,128,v,eps,eps,0.0,1.4557822748015532,0.2769679725170135,42.95125579833984,1.4162575087907283,1.3456161896523409,1.494148368955501,20260807,/data/users/zhoushunyu/eqvae/experiments/prediction_target_toy_v4_main/seed20260807/D512/curv0p25/scale_unit_rms/loss_v/H128,1.4056800603866575
512,0.25,unit_rms,128,v,oracle,oracle,0.0,0.062668676823807,0.0016663074493408,0.0035058420617133,0.012649296825257,-0.0005049294710928,0.0217994248516776,20260807,/data/users/zhoushunyu/eqvae/experiments/prediction_target_toy_v4_main/seed20260807/D512/curv0p25/scale_unit_rms/loss_v/H128,1.4056800603866575
512,0.25,unit_rms,128,v,xv_gm0p1,xv,-0.1,0.047060318166047,0.0007003545761108,0.0087769944220781,0.0013298295843126,-0.0011741434247585,0.0030497260383925,20260807,/data/users/zhoushunyu/eqvae/experiments/prediction_target_toy_v4_main/seed20260807/D512/curv0p25/scale_unit_rms/loss_v/H128,1.4056800603866575
512,0.25,unit_rms,128,v,xeps_gm0p1,xeps,-0.1,0.0401690126682136,0.0002461671829223,0.0113437455147504,-0.0001704976862231,-0.0190900368787217,0.0202389040277936,20260807,/data/users/zhoushunyu/eqvae/experiments/prediction_target_toy_v4_main/seed20260807/D512/curv0p25/scale_unit_rms/loss_v/H128,1.4056800603866575
512,0.25,unit_rms,128,v,xv_tan_gm0p1,xv_tangent,-0.1,0.0469771180269685,0.0006976127624511,0.0079391933977603,0.0012218903623555,-0.0010068199130191,0.0028814328044281,20260807,/data/users/zhoushunyu/eqvae/experiments/prediction_target_toy_v4_main/seed20260807/D512/curv0p25/scale_unit_rms/loss_v/H128,1.4056800603866575
512,0.25,unit_rms,128,v,xv_normcomp_gm0p1,xv_normal,-0.1,0.0448972656787471,0.0006005764007568,0.0089112734422087,5.693926432916878e-05,-0.0003821712850958,0.000452543471696,20260807,/data/users/zhoushunyu/eqvae/experiments/prediction_target_toy_v4_main/seed20260807/D512/curv0p25/scale_unit_rms/loss_v/H128,1.4056800603866575
512,0.25,unit_rms,128,v,xv_gm0p03,xv,-0.03,0.0455047233671561,0.0006306171417236,0.0081037608906626,0.0003713659336829,-0.0003430712497084,0.0009023330594491,20260807,/data/users/zhoushunyu/eqvae/experiments/prediction_target_toy_v4_main/seed20260807/D512/curv0p25/scale_unit_rms/loss_v/H128,1.4056800603866575
512,0.25,unit_rms,128,v,xeps_gm0p03,xeps,-0.03,0.0384935461476578,0.000329852104187,0.0085910325869917,-0.003629173466026,-0.0092484086191991,0.0035526375961262,20260807,/data/users/zhoushunyu/eqvae/experiments/prediction_target_toy_v4_main/seed20260807/D512/curv0p25/scale_unit_rms/loss_v/H128,1.4056800603866575
512,0.25,unit_rms,128,v,xv_tan_gm0p03,xv_tangent,-0.03,0.0455094548927442,0.0006295442581176,0.0080511858686804,0.000345068215304,-0.0002877852714707,0.0008853081747538,20260807,/data/users/zhoushunyu/eqvae/experiments/prediction_target_toy_v4_main/seed20260807/D512/curv0p25/scale_unit_rms/loss_v/H128,1.4056800603866575
512,0.25,unit_rms,128,v,xv_normcomp_gm0p03,xv_normal,-0.03,0.0449246938325598,0.0006030797958374,0.0081403758376836,4.956463392952887e-06,-0.0001898026462776,0.0001446973682388,20260807,/data/users/zhoushunyu/eqvae/experiments/prediction_target_toy_v4_main/seed20260807/D512/curv0p25/scale_unit_rms/loss_v/H128,1.4056800603866575
512,0.25,unit_rms,128,v,xv_gm0p01,xv,-0.01,0.045132220394008,0.0006108283996582,0.0080803232267498,0.0001118299411471,-0.0001286990967648,0.0003052636110689,20260807,/data/users/zhoushunyu/eqvae/experiments/prediction_target_toy_v4_main/seed20260807/D512/curv0p25/scale_unit_rms/loss_v/H128,1.4056800603866575
512,0.25,unit_rms,128,v,xeps_gm0p01,xeps,-0.01,0.0423369926741828,0.0004979372024536,0.008219338953495,-0.0015532738912779,-0.0035653161656322,0.0009134888981106,20260807,/data/users/zhoushunyu/eqvae/experiments/prediction_target_toy_v4_main/seed20260807/D512/curv0p25/scale_unit_rms/loss_v/H128,1.4056800603866575
512,0.25,unit_rms,128,v,xv_tan_gm0p01,xv_tangent,-0.01,0.0451354924210177,0.0006128549575805,0.0080716516822576,0.0001104499407524,-9.25237563851055e-05,0.0002943898459214,20260807,/data/users/zhoushunyu/eqvae/experiments/prediction_target_toy_v4_main/seed20260807/D512/curv0p25/scale_unit_rms/loss_v/H128,1.4056800603866575
512,0.25,unit_rms,128,v,xv_normcomp_gm0p01,xv_normal,-0.01,0.0449332059739096,0.0006039142608642,0.0080856056883931,3.641463549757598e-06,-5.522864921287153e-05,4.664619666129871e-05,20260807,/data/users/zhoushunyu/eqvae/experiments/prediction_target_toy_v4_main/seed20260807/D512/curv0p25/scale_unit_rms/loss_v/H128,1.4056800603866575
512,0.25,unit_rms,128,v,xv_g0p003,xv,0.003,0.0448777273994442,0.0006014108657836,0.0080752559006214,-3.701285909426317e-05,-9.018525309941911e-05,3.0445829138564136e-05,20260807,/data/users/zhoushunyu/eqvae/experiments/prediction_target_toy_v4_main/seed20260807/D512/curv0p25/scale_unit_rms/loss_v/H128,1.4056800603866575
512,0.25,unit_rms,128,v,xeps_g0p003,xeps,0.003,0.0457959048261275,0.0006381273269653,0.0080255614593625,0.0005414296509242,-0.0002726725206963,0.0011653572477509,20260807,/data/users/zhoushunyu/eqvae/experiments/prediction_target_toy_v4_main/seed20260807/D512/curv0p25/scale_unit_rms/loss_v/H128,1.4056800603866575
512,0.25,unit_rms,128,v,xv_tan_g0p003,xv_tangent,0.003,0.0448765387929696,0.0006003379821777,0.0080761034041643,-3.481942487076749e-05,-8.764757706686034e-05,2.602372001920536e-05,20260807,/data/users/zhoushunyu/eqvae/experiments/prediction_target_toy_v4_main/seed20260807/D512/curv0p25/scale_unit_rms/loss_v/H128,1.4056800603866575
512,0.25,unit_rms,128,v,xv_normcomp_g0p003,xv_normal,0.003,0.0449374857010815,0.0006054639816284,0.0080733485519886,-1.9508089942786576e-06,-1.4006979416798792e-05,1.143297508655342e-05,20260807,/data/users/zhoushunyu/eqvae/experiments/prediction_target_toy_v4_main/seed20260807/D512/curv0p25/scale_unit_rms/loss_v/H128,1.4056800603866575
512,0.25,unit_rms,128,v,xv_g0p01,xv,0.01,0.0447432752392286,0.0005948543548583,0.0080827418714761,-0.0001237961279485,-0.0002947634897388,0.0001078067840944,20260807,/data/users/zhoushunyu/eqvae/experiments/prediction_target_toy_v4_main/seed20260807/D512/curv0p25/scale_unit_rms/loss_v/H128,1.4056800603866575
512,0.25,unit_rms,128,v,xeps_g0p01,xeps,0.01,0.0479427916123563,0.0007245540618896,0.0079210475087165,0.0019564136628417,-0.0006615534171039,0.0038163146292629,20260807,/data/users/zhoushunyu/eqvae/experiments/prediction_target_toy_v4_main/seed20260807/D512/curv0p25/scale_unit_rms/loss_v/H128,1.4056800603866575
512,0.25,unit_rms,128,v,xv_tan_g0p01,xv_tangent,0.01,0.0447376645019229,0.0005955696105957,0.0080817183479666,-0.0001160671112447,-0.0002895607575883,8.781396968216385e-05,20260807,/data/users/zhoushunyu/eqvae/experiments/prediction_target_toy_v4_main/seed20260807/D512/curv0p25/scale_unit_rms/loss_v/H128,1.4056800603866575
512,0.25,unit_rms,128,v,xv_normcomp_g0p01,xv_normal,0.01,0.0449395871894549,0.0006041526794433,0.008074558340013,-7.137864371753872e-06,-4.901339460148622e-05,3.4423930367481175e-05,20260807,/data/users/zhoushunyu/eqvae/experiments/prediction_target_toy_v4_main/seed20260807/D512/curv0p25/scale_unit_rms/loss_v/H128,1.4056800603866575
512,0.25,unit_rms,128,v,xv_g0p03,xv,0.03,0.0443876160955865,0.0005797147750854,0.0081232357770204,-0.0003684029956861,-0.0008137742025545,0.0003622268013887,20260807,/data/users/zhoushunyu/eqvae/experiments/prediction_target_toy_v4_main/seed20260807/D512/curv0p25/scale_unit_rms/loss_v/H128,1.4056800603866575
512,0.25,unit_rms,128,v,xeps_g0p03,xeps,0.03,0.0554168552123051,0.0010371208190917,0.0076647885143756,0.0069371899284184,5.10410038771482e-05,0.0128077591298538,20260807,/data/users/zhoushunyu/eqvae/experiments/prediction_target_toy_v4_main/seed20260807/D512/curv0p25/scale_unit_rms/loss_v/H128,1.4056800603866575
512,0.25,unit_rms,128,v,xv_tan_g0p03,xv_tangent,0.03,0.0443550907184759,0.0005778074264526,0.008100276812911,-0.0003457034481824,-0.0008578502185881,0.0003398071674634,20260807,/data/users/zhoushunyu/eqvae/experiments/prediction_target_toy_v4_main/seed20260807/D512/curv0p25/scale_unit_rms/loss_v/H128,1.4056800603866575
512,0.25,unit_rms,128,v,xv_normcomp_g0p03,xv_normal,0.03,0.0449360475626734,0.0006037950515747,0.0080971661955118,-2.3965902822211256e-05,-0.0001388996503655,8.729072601772688e-05,20260807,/data/users/zhoushunyu/eqvae/experiments/prediction_target_toy_v4_main/seed20260807/D512/curv0p25/scale_unit_rms/loss_v/H128,1.4056800603866575
512,0.25,unit_rms,128,v,xv_g0p1,xv,0.1,0.0433149531626354,0.000528335571289,0.0083428062498569,-0.0011639105759703,-0.00284545583896,0.0011559021547959,20260807,/data/users/zhoushunyu/eqvae/experiments/prediction_target_toy_v4_main/seed20260807/D512/curv0p25/scale_unit_rms/loss_v/H128,1.4056800603866575
512,0.25,unit_rms,128,v,xeps_g0p1,xeps,0.1,0.0877878580041365,0.0027892589569091,0.0067991269752383,0.0330317179292647,0.0179082807179755,0.0474287149378094,20260807,/data/users/zhoushunyu/eqvae/experiments/prediction_target_toy_v4_main/seed20260807/D512/curv0p25/scale_unit_rms/loss_v/H128,1.4056800603866575
512,0.25,unit_rms,128,v,xv_tan_g0p1,xv_tangent,0.1,0.0432204930784758,0.0005221366882324,0.0081611741334199,-0.0010846874604831,-0.0027428572838233,0.0010539739348432,20260807,/data/users/zhoushunyu/eqvae/experiments/prediction_target_toy_v4_main/seed20260807/D512/curv0p25/scale_unit_rms/loss_v/H128,1.4056800603866575
512,0.25,unit_rms,128,v,xv_normcomp_g0p1,xv_normal,0.1,0.0448756531949504,0.0006031990051269,0.008258793503046,-8.242078740428899e-05,-0.0004362501559491,0.0002528468877704,20260807,/data/users/zhoushunyu/eqvae/experiments/prediction_target_toy_v4_main/seed20260807/D512/curv0p25/scale_unit_rms/loss_v/H128,1.4056800603866575
512,0.25,unit_rms,128,v,xv_g0p3,xv,0.3,0.0403898850323944,0.0003994703292846,0.0087498379871249,-0.002828265084104,-0.0074321246544554,0.0040720779227129,20260807,/data/users/zhoushunyu/eqvae/experiments/prediction_target_toy_v4_main/seed20260807/D512/curv0p25/scale_unit_rms/loss_v/H128,1.4056800603866575
512,0.25,unit_rms,128,v,xeps_g0p3,xeps,0.3,0.1962405719072116,0.0143262147903442,0.0050071612931787,0.1321942156098509,0.1072707741015607,0.1515155793980359,20260807,/data/users/zhoushunyu/eqvae/experiments/prediction_target_toy_v4_main/seed20260807/D512/curv0p25/scale_unit_rms/loss_v/H128,1.4056800603866575
512,0.25,unit_rms,128,v,xv_tan_g0p3,xv_tangent,0.3,0.0401540563622238,0.0003875494003295,0.008359981700778,-0.0026400239116521,-0.0073207803728429,0.0039347026502252,20260807,/data/users/zhoushunyu/eqvae/experiments/prediction_target_toy_v4_main/seed20260807/D512/curv0p25/scale_unit_rms/loss_v/H128,1.4056800603866575
512,0.25,unit_rms,128,v,xv_normcomp_g0p3,xv_normal,0.3,0.0448092886161856,0.0006011724472045,0.008510653860867,-0.0002842209240477,-0.0013949275922754,0.0006285384706778,20260807,/data/users/zhoushunyu/eqvae/experiments/prediction_target_toy_v4_main/seed20260807/D512/curv0p25/scale_unit_rms/loss_v/H128,1.4056800603866575
512,0.25,unit_rms,128,v,xv_rms_etam0p03,xv_norm,-0.03,0.0469022647050757,0.0006800889968872,0.0317388214170932,0.0012306225563977,-0.0013118867063777,0.0027473670016414,20260807,/data/users/zhoushunyu/eqvae/experiments/prediction_target_toy_v4_main/seed20260807/D512/curv0p25/scale_unit_rms/loss_v/H128,1.4056800603866575
512,0.25,unit_rms,128,v,xv_rms_etam0p01,xv_norm,-0.01,0.0457874690784328,0.000637412071228,0.0136649291962385,0.000516673661731,-0.0005547697841623,0.0011526826093369,20260807,/data/users/zhoushunyu/eqvae/experiments/prediction_target_toy_v4_main/seed20260807/D512/curv0p25/scale_unit_rms/loss_v/H128,1.4056800603866575
512,0.25,unit_rms,128,v,xv_rms_eta0p01,xv_norm,0.01,0.0435657028313518,0.0005526542663574,0.0134628014639019,-0.000837671455512,-0.0018333944313811,0.0010557921886093,20260807,/data/users/zhoushunyu/eqvae/experiments/prediction_target_toy_v4_main/seed20260807/D512/curv0p25/scale_unit_rms/loss_v/H128,1.4056800603866575
512,0.25,unit_rms,128,v,xv_rms_eta0p03,xv_norm,0.03,0.0396162794882739,0.0003881454467773,0.0187467280775308,-0.0027481351568675,-0.0095151839970704,0.0077919329158198,20260807,/data/users/zhoushunyu/eqvae/experiments/prediction_target_toy_v4_main/seed20260807/D512/curv0p25/scale_unit_rms/loss_v/H128,1.4056800603866575
512,0.25,unit_rms,256,v,x,x,0.0,0.056802744096272,0.0012423992156982,0.0043865931220352,0.0,0.0,0.0,20260807,/data/users/zhoushunyu/eqvae/experiments/prediction_target_toy_v4_main/seed20260807/D512/curv0p25/scale_unit_rms/loss_v/H256,1.447718620300293
512,0.25,unit_rms,256,v,v,v,0.0,0.0634896852342009,0.0015326738357543,0.837307870388031,0.0057988632314379,-0.0031094074197354,0.0137365394186606,20260807,/data/users/zhoushunyu/eqvae/experiments/prediction_target_toy_v4_main/seed20260807/D512/curv0p25/scale_unit_rms/loss_v/H256,1.447718620300293
512,0.25,unit_rms,256,v,eps,eps,0.0,1.5073856534392989,0.2849167585372925,36.60167694091797,1.4436646126894797,1.3697109680994248,1.49967427879403,20260807,/data/users/zhoushunyu/eqvae/experiments/prediction_target_toy_v4_main/seed20260807/D512/curv0p25/scale_unit_rms/loss_v/H256,1.447718620300293
512,0.25,unit_rms,256,v,oracle,oracle,0.0,0.0676193417757038,0.0022644996643066,0.0034917329903692,0.0130199847671945,0.0035289882829911,0.0217914977916647,20260807,/data/users/zhoushunyu/eqvae/experiments/prediction_target_toy_v4_main/seed20260807/D512/curv0p25/scale_unit_rms/loss_v/H256,1.447718620300293
512,0.25,unit_rms,256,v,xv_gm0p1,xv,-0.1,0.0573179113785665,0.0012578964233398,0.0053365225903689,0.0004400183419123,-0.0014010449977974,0.0022632067226101,20260807,/data/users/zhoushunyu/eqvae/experiments/prediction_target_toy_v4_main/seed20260807/D512/curv0p25/scale_unit_rms/loss_v/H256,1.447718620300293
512,0.25,unit_rms,256,v,xeps_gm0p1,xeps,-0.1,0.0615719747932844,0.0015190839767456,0.00700543820858,0.0069311953200466,-0.0124414787145688,0.021694282602358,20260807,/data/users/zhoushunyu/eqvae/experiments/prediction_target_toy_v4_main/seed20260807/D512/curv0p25/scale_unit_rms/loss_v/H256,1.447718620300293
512,0.25,unit_rms,256,v,xv_tan_gm0p1,xv_tangent,-0.1,0.0570878300105848,0.0012577772140502,0.0043021733872592,0.0002324176940996,-0.0011959860048823,0.0017300639035115,20260807,/data/users/zhoushunyu/eqvae/experiments/prediction_target_toy_v4_main/seed20260807/D512/curv0p25/scale_unit_rms/loss_v/H256,1.447718620300293
512,0.25,unit_rms,256,v,xv_normcomp_gm0p1,xv_normal,-0.1,0.0570241238012411,0.001244306564331,0.0054059652611613,0.0001953003934175,-0.0003995626599426,0.0006823706170731,20260807,/data/users/zhoushunyu/eqvae/experiments/prediction_target_toy_v4_main/seed20260807/D512/curv0p25/scale_unit_rms/loss_v/H256,1.447718620300293
512,0.25,unit_rms,256,v,xv_gm0p03,xv,-0.03,0.0569300142871726,0.0012458562850952,0.0044320370070636,0.0001143956437214,-0.0006385801848842,0.0006790585736798,20260807,/data/users/zhoushunyu/eqvae/experiments/prediction_target_toy_v4_main/seed20260807/D512/curv0p25/scale_unit_rms/loss_v/H256,1.447718620300293
512,0.25,unit_rms,256,v,xeps_gm0p03,xeps,-0.03,0.0553991230273404,0.0012215375900268,0.004693784750998,9.15939058405869e-05,-0.0056761893624391,0.0059035904085933,20260807,/data/users/zhoushunyu/eqvae/experiments/prediction_target_toy_v4_main/seed20260807/D512/curv0p25/scale_unit_rms/loss_v/H256,1.447718620300293
512,0.25,unit_rms,256,v,xv_tan_gm0p03,xv_tangent,-0.03,0.0568466580691278,0.0012456178665161,0.0043735336512327,5.239062376710051e-05,-0.0005209570044103,0.0005149482198144,20260807,/data/users/zhoushunyu/eqvae/experiments/prediction_target_toy_v4_main/seed20260807/D512/curv0p25/scale_unit_rms/loss_v/H256,1.447718620300293
512,0.25,unit_rms,256,v,xv_normcomp_gm0p03,xv_normal,-0.03,0.0568921641687118,0.0012446641921997,0.0044499519281089,6.042451717787275e-05,-8.140105049667997e-05,0.0002009886055001,20260807,/data/users/zhoushunyu/eqvae/experiments/prediction_target_toy_v4_main/seed20260807/D512/curv0p25/scale_unit_rms/loss_v/H256,1.447718620300293
512,0.25,unit_rms,256,v,xv_gm0p01,xv,-0.01,0.0568750093969126,0.0012458562850952,0.0043887184001505,4.0124885781857785e-05,-0.0001709355810431,0.0002035324297623,20260807,/data/users/zhoushunyu/eqvae/experiments/prediction_target_toy_v4_main/seed20260807/D512/curv0p25/scale_unit_rms/loss_v/H256,1.447718620300293
512,0.25,unit_rms,256,v,xeps_gm0p01,xeps,-0.01,0.0557853647128862,0.0012179613113403,0.0044478289783,-0.0003010768167434,-0.0020903388786402,0.0015711120763873,20260807,/data/users/zhoushunyu/eqvae/experiments/prediction_target_toy_v4_main/seed20260807/D512/curv0p25/scale_unit_rms/loss_v/H256,1.447718620300293
512,0.25,unit_rms,256,v,xv_tan_gm0p01,xv_tangent,-0.01,0.0568449496210032,0.0012457370758056,0.0043834736570715,1.999948933805427e-05,-0.0001369616988807,0.0001584896442987,20260807,/data/users/zhoushunyu/eqvae/experiments/prediction_target_toy_v4_main/seed20260807/D512/curv0p25/scale_unit_rms/loss_v/H256,1.447718620300293
512,0.25,unit_rms,256,v,xv_normcomp_gm0p01,xv_normal,-0.01,0.0568351779205258,0.0012437105178833,0.0043915160931646,1.995037277290161e-05,-2.4089078025170237e-05,6.845865282372324e-05,20260807,/data/users/zhoushunyu/eqvae/experiments/prediction_target_toy_v4_main/seed20260807/D512/curv0p25/scale_unit_rms/loss_v/H256,1.447718620300293
512,0.25,unit_rms,256,v,xv_g0p003,xv,0.003,0.0567753947191576,0.0012423992156982,0.0043882625177502,-1.2111313114136767e-05,-5.730884777431812e-05,4.150388019291488e-05,20260807,/data/users/zhoushunyu/eqvae/experiments/prediction_target_toy_v4_main/seed20260807/D512/curv0p25/scale_unit_rms/loss_v/H256,1.447718620300293
512,0.25,unit_rms,256,v,xeps_g0p003,xeps,0.003,0.0571129436600827,0.0012540817260742,0.0043607512488961,0.0001162556406818,-0.0005394010952099,0.0007647924198957,20260807,/data/users/zhoushunyu/eqvae/experiments/prediction_target_toy_v4_main/seed20260807/D512/curv0p25/scale_unit_rms/loss_v/H256,1.447718620300293
512,0.25,unit_rms,256,v,xv_tan_g0p003,xv_tangent,0.003,0.0567857045769114,0.0012427568435668,0.0043872124515473,-6.236989756961825e-06,-4.432778854068301e-05,3.605317540634823e-05,20260807,/data/users/zhoushunyu/eqvae/experiments/prediction_target_toy_v4_main/seed20260807/D512/curv0p25/scale_unit_rms/loss_v/H256,1.447718620300293
512,0.25,unit_rms,256,v,xv_normcomp_g0p003,xv_normal,0.003,0.0567924248657461,0.0012429952621459,0.0043876194395124,-5.949878412111718e-06,-2.125098768705341e-05,6.816860736985964e-06,20260807,/data/users/zhoushunyu/eqvae/experiments/prediction_target_toy_v4_main/seed20260807/D512/curv0p25/scale_unit_rms/loss_v/H256,1.447718620300293
512,0.25,unit_rms,256,v,xv_g0p01,xv,0.01,0.0567064110341434,0.0012385845184326,0.0043946118094027,-3.999163668943168e-05,-0.0001859221391135,0.0001352193588159,20260807,/data/users/zhoushunyu/eqvae/experiments/prediction_target_toy_v4_main/seed20260807/D512/curv0p25/scale_unit_rms/loss_v/H256,1.447718620300293
512,0.25,unit_rms,256,v,xeps_g0p01,xeps,0.01,0.0577082744976473,0.0012702941894531,0.0043190973810851,0.000454290805892,-0.001643673937383,0.0025227453479288,20260807,/data/users/zhoushunyu/eqvae/experiments/prediction_target_toy_v4_main/seed20260807/D512/curv0p25/scale_unit_rms/loss_v/H256,1.447718620300293
512,0.25,unit_rms,256,v,xv_tan_g0p01,xv_tangent,0.01,0.0567407715305511,0.0012407302856445,0.0043872678652405,-2.089951554996645e-05,-0.0001437133110768,0.0001193346921125,20260807,/data/users/zhoushunyu/eqvae/experiments/prediction_target_toy_v4_main/seed20260807/D512/curv0p25/scale_unit_rms/loss_v/H256,1.447718620300293
512,0.25,unit_rms,256,v,xv_normcomp_g0p01,xv_normal,0.01,0.0567672722655232,0.0012439489364624,0.0043938443996012,-1.975604946155996e-05,-7.181989917230507e-05,2.2304564309633807e-05,20260807,/data/users/zhoushunyu/eqvae/experiments/prediction_target_toy_v4_main/seed20260807/D512/curv0p25/scale_unit_rms/loss_v/H256,1.447718620300293
512,0.25,unit_rms,256,v,xv_g0p03,xv,0.03,0.0565965446454038,0.0012389421463012,0.0044394256547093,-9.062794625603922e-05,-0.0005367499660974,0.0004050641621744,20260807,/data/users/zhoushunyu/eqvae/experiments/prediction_target_toy_v4_main/seed20260807/D512/curv0p25/scale_unit_rms/loss_v/H256,1.447718620300293
512,0.25,unit_rms,256,v,xeps_g0p03,xeps,0.03,0.0604766707393975,0.0013693571090698,0.0042281770147383,0.0020964652983537,-0.002728313629716,0.007331073764833,20260807,/data/users/zhoushunyu/eqvae/experiments/prediction_target_toy_v4_main/seed20260807/D512/curv0p25/scale_unit_rms/loss_v/H256,1.447718620300293
512,0.25,unit_rms,256,v,xv_tan_g0p03,xv_tangent,0.03,0.0566688389780208,0.0012388229370117,0.0043910192325711,-3.937938988351514e-05,-0.0004380686260705,0.0003639679944678,20260807,/data/users/zhoushunyu/eqvae/experiments/prediction_target_toy_v4_main/seed20260807/D512/curv0p25/scale_unit_rms/loss_v/H256,1.447718620300293
512,0.25,unit_rms,256,v,xv_normcomp_g0p03,xv_normal,0.03,0.0566921845928638,0.0012425184249877,0.0044351164251565,-5.819786265406184e-05,-0.0002117865206984,6.733119541769659e-05,20260807,/data/users/zhoushunyu/eqvae/experiments/prediction_target_toy_v4_main/seed20260807/D512/curv0p25/scale_unit_rms/loss_v/H256,1.447718620300293
512,0.25,unit_rms,256,v,xv_g0p1,xv,0.1,0.0561823357340919,0.0012340545654296,0.0047079571522772,-0.0003651781090272,-0.0017016338308643,0.0011323625731499,20260807,/data/users/zhoushunyu/eqvae/experiments/prediction_target_toy_v4_main/seed20260807/D512/curv0p25/scale_unit_rms/loss_v/H256,1.447718620300293
512,0.25,unit_rms,256,v,xeps_g0p1,xeps,0.1,0.0775213376449407,0.0021467208862304,0.0040982016362249,0.0166760875347181,0.0016206917053735,0.0306499142429759,20260807,/data/users/zhoushunyu/eqvae/experiments/prediction_target_toy_v4_main/seed20260807/D512/curv0p25/scale_unit_rms/loss_v/H256,1.447718620300293
512,0.25,unit_rms,256,v,xv_tan_g0p1,xv_tangent,0.1,0.0564129244778033,0.0012315511703491,0.0043950583785772,-0.0001947956312609,-0.001242085392965,0.0011140584027235,20260807,/data/users/zhoushunyu/eqvae/experiments/prediction_target_toy_v4_main/seed20260807/D512/curv0p25/scale_unit_rms/loss_v/H256,1.447718620300293
512,0.25,unit_rms,256,v,xv_normcomp_g0p1,xv_normal,0.1,0.0565270257340501,0.0012437105178833,0.0047004604712128,-0.0001729028867421,-0.0007159130295016,0.000274089111941,20260807,/data/users/zhoushunyu/eqvae/experiments/prediction_target_toy_v4_main/seed20260807/D512/curv0p25/scale_unit_rms/loss_v/H256,1.447718620300293
512,0.25,unit_rms,256,v,xv_g0p3,xv,0.3,0.055482971547223,0.0012159347534179,0.0053058415651321,-0.0009225275398989,-0.0047070944024896,0.0032033921520265,20260807,/data/users/zhoushunyu/eqvae/experiments/prediction_target_toy_v4_main/seed20260807/D512/curv0p25/scale_unit_rms/loss_v/H256,1.447718620300293
512,0.25,unit_rms,256,v,xeps_g0p3,xeps,0.3,0.1556853377169612,0.0085246562957763,0.0034920889884233,0.0921014220200564,0.06707648108621,0.1139628026889844,20260807,/data/users/zhoushunyu/eqvae/experiments/prediction_target_toy_v4_main/seed20260807/D512/curv0p25/scale_unit_rms/loss_v/H256,1.447718620300293
512,0.25,unit_rms,256,v,xv_tan_g0p3,xv_tangent,0.3,0.0561745783523717,0.0012068748474121,0.0044903252273797,-0.0003854546497488,-0.0033598513084751,0.0031205408416044,20260807,/data/users/zhoushunyu/eqvae/experiments/prediction_target_toy_v4_main/seed20260807/D512/curv0p25/scale_unit_rms/loss_v/H256,1.447718620300293
512,0.25,unit_rms,256,v,xv_normcomp_g0p3,xv_normal,0.3,0.0561882336879854,0.0012487173080444,0.0052002379670739,-0.0005389521782294,-0.001872704974013,0.0007616111754063,20260807,/data/users/zhoushunyu/eqvae/experiments/prediction_target_toy_v4_main/seed20260807/D512/curv0p25/scale_unit_rms/loss_v/H256,1.447718620300293
512,0.25,unit_rms,256,v,xv_rms_etam0p03,xv_norm,-0.03,0.0563538891558719,0.0012228488922119,0.0303412806242704,4.327148132733591e-06,-0.0018067653538807,0.001785533930073,20260807,/data/users/zhoushunyu/eqvae/experiments/prediction_target_toy_v4_main/seed20260807/D512/curv0p25/scale_unit_rms/loss_v/H256,1.447718620300293
512,0.25,unit_rms,256,v,xv_rms_etam0p01,xv_norm,-0.01,0.0565908774524932,0.0012329816818237,0.0111583173274993,-4.861072170099813e-05,-0.0008138105930078,0.0007165664622208,20260807,/data/users/zhoushunyu/eqvae/experiments/prediction_target_toy_v4_main/seed20260807/D512/curv0p25/scale_unit_rms/loss_v/H256,1.447718620300293
512,0.25,unit_rms,256,v,xv_rms_eta0p01,xv_norm,0.01,0.0572865120902309,0.001270055770874,0.0106258932501077,0.0002002902119578,-0.0011470962900733,0.0014520549050278,20260807,/data/users/zhoushunyu/eqvae/experiments/prediction_target_toy_v4_main/seed20260807/D512/curv0p25/scale_unit_rms/loss_v/H256,1.447718620300293
512,0.25,unit_rms,256,v,xv_rms_eta0p03,xv_norm,0.03,0.0632459770775062,0.0016109943389892,0.0100305574014782,0.0039815941766585,-0.0049213392612142,0.0105788714937661,20260807,/data/users/zhoushunyu/eqvae/experiments/prediction_target_toy_v4_main/seed20260807/D512/curv0p25/scale_unit_rms/loss_v/H256,1.447718620300293
512,0.25,unit_rms,512,v,x,x,0.0,0.0693845153226146,0.0016907453536987,0.0037885424681007,0.0,0.0,0.0,20260807,/data/users/zhoushunyu/eqvae/experiments/prediction_target_toy_v4_main/seed20260807/D512/curv0p25/scale_unit_rms/loss_v/H512,1.4167685508728027
512,0.25,unit_rms,512,v,v,v,0.0,0.0583146944948037,0.0012825727462768,0.6612715721130371,-0.0094556970541012,-0.0172451846938849,-0.0005074280094677,20260807,/data/users/zhoushunyu/eqvae/experiments/prediction_target_toy_v4_main/seed20260807/D512/curv0p25/scale_unit_rms/loss_v/H512,1.4167685508728027
512,0.25,unit_rms,512,v,eps,eps,0.0,1.4893922775512944,0.2825618982315063,21.63486862182617,1.411410401572036,1.3248768992627846,1.4841321137424153,20260807,/data/users/zhoushunyu/eqvae/experiments/prediction_target_toy_v4_main/seed20260807/D512/curv0p25/scale_unit_rms/loss_v/H512,1.4167685508728027
512,0.25,unit_rms,512,v,oracle,oracle,0.0,0.0675969983098337,0.0020766258239746,0.0035060802474617,9.357393301412824e-05,-0.0119190285530591,0.0150297541246346,20260807,/data/users/zhoushunyu/eqvae/experiments/prediction_target_toy_v4_main/seed20260807/D512/curv0p25/scale_unit_rms/loss_v/H512,1.4167685508728027
512,0.25,unit_rms,512,v,xv_gm0p1,xv,-0.1,0.0679340419000183,0.0016380548477172,0.0046658925712108,-0.0009343100406478,-0.0021371729643882,0.0006566026293679,20260807,/data/users/zhoushunyu/eqvae/experiments/prediction_target_toy_v4_main/seed20260807/D512/curv0p25/scale_unit_rms/loss_v/H512,1.4167685508728027
512,0.25,unit_rms,512,v,xeps_gm0p1,xeps,-0.1,0.0559872958181375,0.0011931657791137,0.0055945161730051,-0.0059912149980084,-0.0217580802673483,0.0148762587724992,20260807,/data/users/zhoushunyu/eqvae/experiments/prediction_target_toy_v4_main/seed20260807/D512/curv0p25/scale_unit_rms/loss_v/H512,1.4167685508728027
512,0.25,unit_rms,512,v,xv_tan_gm0p1,xv_tangent,-0.1,0.067762543267308,0.0016303062438964,0.0037958808243274,-0.0011245698371496,-0.0024224601543676,0.000441191784999,20260807,/data/users/zhoushunyu/eqvae/experiments/prediction_target_toy_v4_main/seed20260807/D512/curv0p25/scale_unit_rms/loss_v/H512,1.4167685508728027
512,0.25,unit_rms,512,v,xv_normcomp_gm0p1,xv_normal,-0.1,0.0695720229345286,0.0017014741897583,0.0046800854615867,0.0002074228112712,-0.0002527702327518,0.0007159645988431,20260807,/data/users/zhoushunyu/eqvae/experiments/prediction_target_toy_v4_main/seed20260807/D512/curv0p25/scale_unit_rms/loss_v/H512,1.4167685508728027
512,0.25,unit_rms,512,v,xv_gm0p03,xv,-0.03,0.0689223893414155,0.0016744136810302,0.0038446472026407,-0.0002234342122004,-0.0006439857959248,0.000367683618443,20260807,/data/users/zhoushunyu/eqvae/experiments/prediction_target_toy_v4_main/seed20260807/D512/curv0p25/scale_unit_rms/loss_v/H512,1.4167685508728027
512,0.25,unit_rms,512,v,xeps_gm0p03,xeps,-0.03,0.0625268995684717,0.001383900642395,0.0039983498863875,-0.0044603106778145,-0.0093830811903079,0.0012021181931386,20260807,/data/users/zhoushunyu/eqvae/experiments/prediction_target_toy_v4_main/seed20260807/D512/curv0p25/scale_unit_rms/loss_v/H512,1.4167685508728027
512,0.25,unit_rms,512,v,xv_tan_gm0p03,xv_tangent,-0.03,0.0688276263790467,0.0016688108444213,0.0037892749533057,-0.000299232834952,-0.0007980238432892,0.0001891939088117,20260807,/data/users/zhoushunyu/eqvae/experiments/prediction_target_toy_v4_main/seed20260807/D512/curv0p25/scale_unit_rms/loss_v/H512,1.4167685508728027
512,0.25,unit_rms,512,v,xv_normcomp_gm0p03,xv_normal,-0.03,0.0694891914612663,0.0016944408416748,0.0038431689608842,7.023792712889942e-05,-9.618717181835226e-05,0.0003300853176062,20260807,/data/users/zhoushunyu/eqvae/experiments/prediction_target_toy_v4_main/seed20260807/D512/curv0p25/scale_unit_rms/loss_v/H512,1.4167685508728027
512,0.25,unit_rms,512,v,xv_gm0p01,xv,-0.01,0.0692858302420913,0.0016863346099853,0.0037906339857727,-5.731852882089088e-05,-0.0002385242678969,0.0001859760712114,20260807,/data/users/zhoushunyu/eqvae/experiments/prediction_target_toy_v4_main/seed20260807/D512/curv0p25/scale_unit_rms/loss_v/H512,1.4167685508728027
512,0.25,unit_rms,512,v,xeps_gm0p01,xeps,-0.01,0.0667883082141577,0.0015729665756225,0.0038497406058013,-0.0016269025921577,-0.0037729020307012,0.0004395161136746,20260807,/data/users/zhoushunyu/eqvae/experiments/prediction_target_toy_v4_main/seed20260807/D512/curv0p25/scale_unit_rms/loss_v/H512,1.4167685508728027
512,0.25,unit_rms,512,v,xv_tan_gm0p01,xv_tangent,-0.01,0.0692613272066983,0.0016851425170898,0.0037864255718886,-8.132867273919327e-05,-0.0002566395989499,0.0001617942950843,20260807,/data/users/zhoushunyu/eqvae/experiments/prediction_target_toy_v4_main/seed20260807/D512/curv0p25/scale_unit_rms/loss_v/H512,1.4167685508728027
512,0.25,unit_rms,512,v,xv_normcomp_gm0p01,xv_normal,-0.01,0.0694234531235248,0.001691460609436,0.0037906756624579,2.289531544613546e-05,-4.11032333576429e-05,0.0001012850080628,20260807,/data/users/zhoushunyu/eqvae/experiments/prediction_target_toy_v4_main/seed20260807/D512/curv0p25/scale_unit_rms/loss_v/H512,1.4167685508728027
512,0.25,unit_rms,512,v,xv_g0p003,xv,0.003,0.0693809875043196,0.0016888380050659,0.0037884258199483,1.3119781562266827e-05,-8.890626975973024e-05,7.137434010362034e-05,20260807,/data/users/zhoushunyu/eqvae/experiments/prediction_target_toy_v4_main/seed20260807/D512/curv0p25/scale_unit_rms/loss_v/H512,1.4167685508728027
512,0.25,unit_rms,512,v,xeps_g0p003,xeps,0.003,0.0700910213424666,0.0017279386520385,0.003780553350225,0.000528534088699,-7.510652489035145e-05,0.0012252475637193,20260807,/data/users/zhoushunyu/eqvae/experiments/prediction_target_toy_v4_main/seed20260807/D512/curv0p25/scale_unit_rms/loss_v/H512,1.4167685508728027
512,0.25,unit_rms,512,v,xv_tan_g0p003,xv_tangent,0.003,0.0693932463591429,0.0016889572143554,0.0037877990398555,2.020465797081136e-05,-7.363419756303106e-05,6.827578670869114e-05,20260807,/data/users/zhoushunyu/eqvae/experiments/prediction_target_toy_v4_main/seed20260807/D512/curv0p25/scale_unit_rms/loss_v/H512,1.4167685508728027
512,0.25,unit_rms,512,v,xv_normcomp_g0p003,xv_normal,0.003,0.0693713501425549,0.0016909837722778,0.0037902544718235,-7.012709035794026e-06,-3.518651198510525e-05,1.5100238398059116e-05,20260807,/data/users/zhoushunyu/eqvae/experiments/prediction_target_toy_v4_main/seed20260807/D512/curv0p25/scale_unit_rms/loss_v/H512,1.4167685508728027
512,0.25,unit_rms,512,v,xv_g0p01,xv,0.01,0.0694233997576861,0.0016899108886718,0.0037889194209128,6.927688766497662e-05,-0.0001188870291149,0.0002586821081203,20260807,/data/users/zhoushunyu/eqvae/experiments/prediction_target_toy_v4_main/seed20260807/D512/curv0p25/scale_unit_rms/loss_v/H512,1.4167685508728027
512,0.25,unit_rms,512,v,xeps_g0p01,xeps,0.01,0.0717239176795263,0.0018069744110107,0.0037464103661477,0.0019327205180115,0.0001030922726206,0.0038724934871685,20260807,/data/users/zhoushunyu/eqvae/experiments/prediction_target_toy_v4_main/seed20260807/D512/curv0p25/scale_unit_rms/loss_v/H512,1.4167685508728027
512,0.25,unit_rms,512,v,xv_tan_g0p01,xv_tangent,0.01,0.069463413174976,0.0016924142837524,0.0037860292941331,8.828737686283058e-05,-6.892864779152463e-05,0.0002286533175298,20260807,/data/users/zhoushunyu/eqvae/experiments/prediction_target_toy_v4_main/seed20260807/D512/curv0p25/scale_unit_rms/loss_v/H512,1.4167685508728027
512,0.25,unit_rms,512,v,xv_normcomp_g0p01,xv_normal,0.01,0.0693378838537139,0.0016877651214599,0.003793949028477,-2.3619541574331807e-05,-0.0001249627197497,5.908857471980067e-05,20260807,/data/users/zhoushunyu/eqvae/experiments/prediction_target_toy_v4_main/seed20260807/D512/curv0p25/scale_unit_rms/loss_v/H512,1.4167685508728027
512,0.25,unit_rms,512,v,xv_g0p03,xv,0.03,0.0695775919767035,0.001697301864624,0.0038326468784362,0.0002503998914215,-0.0002524932186763,0.0007438439153138,20260807,/data/users/zhoushunyu/eqvae/experiments/prediction_target_toy_v4_main/seed20260807/D512/curv0p25/scale_unit_rms/loss_v/H512,1.4167685508728027
512,0.25,unit_rms,512,v,xeps_g0p03,xeps,0.03,0.0778301904774852,0.0021291971206665,0.003721984103322,0.0063755897049517,0.0017425256703944,0.0106532611413234,20260807,/data/users/zhoushunyu/eqvae/experiments/prediction_target_toy_v4_main/seed20260807/D512/curv0p25/scale_unit_rms/loss_v/H512,1.4167685508728027
512,0.25,unit_rms,512,v,xv_tan_g0p03,xv_tangent,0.03,0.0696647360088812,0.0017017126083374,0.0037870451342314,0.0003003472813538,-0.0001147578833733,0.0007120747730102,20260807,/data/users/zhoushunyu/eqvae/experiments/prediction_target_toy_v4_main/seed20260807/D512/curv0p25/scale_unit_rms/loss_v/H512,1.4167685508728027
512,0.25,unit_rms,512,v,xv_normcomp_g0p03,xv_normal,0.03,0.0692719515674712,0.0016865730285644,0.0038287923671305,-5.637962088414602e-05,-0.000274093272542,0.0001707294540885,20260807,/data/users/zhoushunyu/eqvae/experiments/prediction_target_toy_v4_main/seed20260807/D512/curv0p25/scale_unit_rms/loss_v/H512,1.4167685508728027
512,0.25,unit_rms,512,v,xv_g0p1,xv,0.1,0.0703541765936065,0.0017211437225341,0.0041399803012609,0.0009090325391253,-0.000563037252994,0.0021032015179944,20260807,/data/users/zhoushunyu/eqvae/experiments/prediction_target_toy_v4_main/seed20260807/D512/curv0p25/scale_unit_rms/loss_v/H512,1.4167685508728027
512,0.25,unit_rms,512,v,xeps_g0p1,xeps,0.1,0.1008360950071607,0.0036667585372924,0.0037637411151081,0.0258535825565429,0.0140874470008398,0.0376913544455464,20260807,/data/users/zhoushunyu/eqvae/experiments/prediction_target_toy_v4_main/seed20260807/D512/curv0p25/scale_unit_rms/loss_v/H512,1.4167685508728027
512,0.25,unit_rms,512,v,xv_tan_g0p1,xv_tangent,0.1,0.0705309839506338,0.0017356872558593,0.0038044496905058,0.0010731591556721,-0.0002265896075442,0.0022919192364307,20260807,/data/users/zhoushunyu/eqvae/experiments/prediction_target_toy_v4_main/seed20260807/D512/curv0p25/scale_unit_rms/loss_v/H512,1.4167685508728027
512,0.25,unit_rms,512,v,xv_normcomp_g0p1,xv_normal,0.1,0.0691418826416518,0.0016798973083496,0.0041300635784864,-0.0001480184206298,-0.0005747811129022,0.0003498663797042,20260807,/data/users/zhoushunyu/eqvae/experiments/prediction_target_toy_v4_main/seed20260807/D512/curv0p25/scale_unit_rms/loss_v/H512,1.4167685508728027
512,0.25,unit_rms,512,v,xv_g0p3,xv,0.3,0.0721605237861902,0.0017822980880737,0.005007904022932,0.0024576461348255,-0.000630711487949,0.005075431794955,20260807,/data/users/zhoushunyu/eqvae/experiments/prediction_target_toy_v4_main/seed20260807/D512/curv0p25/scale_unit_rms/loss_v/H512,1.4167685508728027
512,0.25,unit_rms,512,v,xeps_g0p3,xeps,0.3,0.1837702207498495,0.0126878023147583,0.0035749073140323,0.1041392592350345,0.0855902315376417,0.1259563009431415,20260807,/data/users/zhoushunyu/eqvae/experiments/prediction_target_toy_v4_main/seed20260807/D512/curv0p25/scale_unit_rms/loss_v/H512,1.4167685508728027
512,0.25,unit_rms,512,v,xv_tan_g0p3,xv_tangent,0.3,0.0729627008401169,0.0018298625946044,0.0038484535180032,0.0031725028419593,0.0003507768658651,0.0057334897304465,20260807,/data/users/zhoushunyu/eqvae/experiments/prediction_target_toy_v4_main/seed20260807/D512/curv0p25/scale_unit_rms/loss_v/H512,1.4167685508728027
512,0.25,unit_rms,512,v,xv_normcomp_g0p3,xv_normal,0.3,0.0686233781669778,0.0016545057296752,0.0049652932211756,-0.0005531328250782,-0.001508832272557,0.0003671864512392,20260807,/data/users/zhoushunyu/eqvae/experiments/prediction_target_toy_v4_main/seed20260807/D512/curv0p25/scale_unit_rms/loss_v/H512,1.4167685508728027
512,0.25,unit_rms,512,v,xv_rms_etam0p03,xv_norm,-0.03,0.0668378178259409,0.001621127128601,0.0299966484308242,-0.0021518105623585,-0.0033673187177089,-0.0007773604269948,20260807,/data/users/zhoushunyu/eqvae/experiments/prediction_target_toy_v4_main/seed20260807/D512/curv0p25/scale_unit_rms/loss_v/H512,1.4167685508728027
512,0.25,unit_rms,512,v,xv_rms_etam0p01,xv_norm,-0.01,0.068332489759781,0.0016665458679199,0.0106043750420212,-0.0009780865096613,-0.0015241181339534,-0.0004258097532306,20260807,/data/users/zhoushunyu/eqvae/experiments/prediction_target_toy_v4_main/seed20260807/D512/curv0p25/scale_unit_rms/loss_v/H512,1.4167685508728027
512,0.25,unit_rms,512,v,xv_rms_eta0p01,xv_norm,0.01,0.0706447442056425,0.0017005205154418,0.0099394703283905,0.0014657660846894,0.0006109861105778,0.0023589467664201,20260807,/data/users/zhoushunyu/eqvae/experiments/prediction_target_toy_v4_main/seed20260807/D512/curv0p25/scale_unit_rms/loss_v/H512,1.4167685508728027
512,0.25,unit_rms,512,v,xv_rms_eta0p03,xv_norm,0.03,0.0757095100595213,0.0016372203826904,0.009902742691338,0.0074059323191037,0.0023896477058608,0.0118902119918351,20260807,/data/users/zhoushunyu/eqvae/experiments/prediction_target_toy_v4_main/seed20260807/D512/curv0p25/scale_unit_rms/loss_v/H512,1.4167685508728027
512,0.25,unit_rms,64,v,x,x,0.0,0.0528515291526685,1.704692840576172e-05,0.0336500108242034,0.0,0.0,0.0,20260807,/data/users/zhoushunyu/eqvae/experiments/prediction_target_toy_v4_main/seed20260807/D512/curv0p25/scale_unit_rms/loss_v/H64,1.5304696559906006
512,0.25,unit_rms,64,v,v,v,0.0,0.0347613924578961,0.0002046823501586,0.9581274390220642,-0.007651340899128,-0.02550257107338,0.0075852585850038,20260807,/data/users/zhoushunyu/eqvae/experiments/prediction_target_toy_v4_main/seed20260807/D512/curv0p25/scale_unit_rms/loss_v/H64,1.5304696559906006
512,0.25,unit_rms,64,v,eps,eps,0.0,1.4837500933679575,0.286804586648941,45.9716911315918,1.3987210467735858,1.3243641747560957,1.4655451504048356,20260807,/data/users/zhoushunyu/eqvae/experiments/prediction_target_toy_v4_main/seed20260807/D512/curv0p25/scale_unit_rms/loss_v/H64,1.5304696559906006
512,0.25,unit_rms,64,v,oracle,oracle,0.0,0.0437649612773057,0.0004140138626098,0.0035156295634806,0.0022695038578234,-0.0189617241306532,0.0185696787096641,20260807,/data/users/zhoushunyu/eqvae/experiments/prediction_target_toy_v4_main/seed20260807/D512/curv0p25/scale_unit_rms/loss_v/H64,1.5304696559906006
512,0.25,unit_rms,64,v,xv_gm0p1,xv,-0.1,0.0485413594135434,2.026557922363281e-05,0.0314673706889152,-0.0030721094856003,-0.004579629619163,-0.0012274427774483,20260807,/data/users/zhoushunyu/eqvae/experiments/prediction_target_toy_v4_main/seed20260807/D512/curv0p25/scale_unit_rms/loss_v/H64,1.5304696559906006
512,0.25,unit_rms,64,v,xeps_gm0p1,xeps,-0.1,0.0529986991967933,2.157688140869141e-05,0.037539392709732,-0.0035318941314246,-0.0120290078333932,0.0075238246198953,20260807,/data/users/zhoushunyu/eqvae/experiments/prediction_target_toy_v4_main/seed20260807/D512/curv0p25/scale_unit_rms/loss_v/H64,1.5304696559906006
512,0.25,unit_rms,64,v,xv_tan_gm0p1,xv_tangent,-0.1,0.0485330406206262,8.225440979003906e-06,0.0313781611621379,-0.0030302645223441,-0.0044704968398638,-0.0012942745675969,20260807,/data/users/zhoushunyu/eqvae/experiments/prediction_target_toy_v4_main/seed20260807/D512/curv0p25/scale_unit_rms/loss_v/H64,1.5304696559906006
512,0.25,unit_rms,64,v,xv_normcomp_gm0p1,xv_normal,-0.1,0.0528045891486015,3.1113624572753906e-05,0.0336861237883567,-0.000101633210599,-0.0004248065686644,0.0003161185621209,20260807,/data/users/zhoushunyu/eqvae/experiments/prediction_target_toy_v4_main/seed20260807/D512/curv0p25/scale_unit_rms/loss_v/H64,1.5304696559906006
512,0.25,unit_rms,64,v,xv_gm0p03,xv,-0.03,0.0515297136408688,1.621246337890625e-05,0.0329160317778587,-0.0009725897384179,-0.0014008985036631,-0.0004079944467035,20260807,/data/users/zhoushunyu/eqvae/experiments/prediction_target_toy_v4_main/seed20260807/D512/curv0p25/scale_unit_rms/loss_v/H64,1.5304696559906006
512,0.25,unit_rms,64,v,xeps_gm0p03,xeps,-0.03,0.0517619358020229,-3.886222839355469e-05,0.0344643555581569,-0.0019415538258395,-0.0043263441851131,0.0014060335571686,20260807,/data/users/zhoushunyu/eqvae/experiments/prediction_target_toy_v4_main/seed20260807/D512/curv0p25/scale_unit_rms/loss_v/H64,1.5304696559906006
512,0.25,unit_rms,64,v,xv_tan_gm0p03,xv_tangent,-0.03,0.0515410131410416,1.4185905456542969e-05,0.0329735204577446,-0.0009466661917039,-0.001362071483964,-0.0004481402366112,20260807,/data/users/zhoushunyu/eqvae/experiments/prediction_target_toy_v4_main/seed20260807/D512/curv0p25/scale_unit_rms/loss_v/H64,1.5304696559906006
512,0.25,unit_rms,64,v,xv_normcomp_gm0p03,xv_normal,-0.03,0.0528346966132591,2.181529998779297e-05,0.0335891135036945,-3.195265175978415e-05,-0.0001280066951319,9.197074188722645e-05,20260807,/data/users/zhoushunyu/eqvae/experiments/prediction_target_toy_v4_main/seed20260807/D512/curv0p25/scale_unit_rms/loss_v/H64,1.5304696559906006
512,0.25,unit_rms,64,v,xv_gm0p01,xv,-0.01,0.0524087056844056,1.5735626220703125e-05,0.0334015376865863,-0.0003289344115662,-0.0004732795485244,-0.0001407971126661,20260807,/data/users/zhoushunyu/eqvae/experiments/prediction_target_toy_v4_main/seed20260807/D512/curv0p25/scale_unit_rms/loss_v/H64,1.5304696559906006
512,0.25,unit_rms,64,v,xeps_gm0p01,xeps,-0.01,0.0523777414624894,-6.794929504394531e-06,0.0339008085429668,-0.0007306387696793,-0.0015116539174743,0.0003805528572486,20260807,/data/users/zhoushunyu/eqvae/experiments/prediction_target_toy_v4_main/seed20260807/D512/curv0p25/scale_unit_rms/loss_v/H64,1.5304696559906006
512,0.25,unit_rms,64,v,xv_tan_gm0p01,xv_tangent,-0.01,0.052413944986706,1.7404556274414062e-05,0.0334253348410129,-0.0003188471398259,-0.0004568886050599,-0.0001553691011869,20260807,/data/users/zhoushunyu/eqvae/experiments/prediction_target_toy_v4_main/seed20260807/D512/curv0p25/scale_unit_rms/loss_v/H64,1.5304696559906006
512,0.25,unit_rms,64,v,xv_normcomp_gm0p01,xv_normal,-0.01,0.052845645867212,1.9431114196777344e-05,0.0336258672177791,-1.0783283915207428e-05,-4.272541054373344e-05,3.0415336120485184e-05,20260807,/data/users/zhoushunyu/eqvae/experiments/prediction_target_toy_v4_main/seed20260807/D512/curv0p25/scale_unit_rms/loss_v/H64,1.5304696559906006
512,0.25,unit_rms,64,v,xv_g0p003,xv,0.003,0.0529848143120711,1.704692840576172e-05,0.0337251015007495,9.958860717139877e-05,4.321103512768404e-05,0.0001430719943995,20260807,/data/users/zhoushunyu/eqvae/experiments/prediction_target_toy_v4_main/seed20260807/D512/curv0p25/scale_unit_rms/loss_v/H64,1.5304696559906006
512,0.25,unit_rms,64,v,xeps_g0p003,xeps,0.003,0.0530152425188617,2.6345252990722656e-05,0.0335780680179595,0.0002352177834746,-9.580734311431302e-05,0.0004667327229324,20260807,/data/users/zhoushunyu/eqvae/experiments/prediction_target_toy_v4_main/seed20260807/D512/curv0p25/scale_unit_rms/loss_v/H64,1.5304696559906006
512,0.25,unit_rms,64,v,xv_tan_g0p003,xv_tangent,0.003,0.0529829402237736,1.704692840576172e-05,0.0337172336876392,9.626380870397024e-05,4.776330932449724e-05,0.0001373974793871,20260807,/data/users/zhoushunyu/eqvae/experiments/prediction_target_toy_v4_main/seed20260807/D512/curv0p25/scale_unit_rms/loss_v/H64,1.5304696559906006
512,0.25,unit_rms,64,v,xv_normcomp_g0p003,xv_normal,0.003,0.0528533459091079,1.621246337890625e-05,0.0336578525602817,3.2618570229955845e-06,-9.081154514662195e-06,1.2829678516116172e-05,20260807,/data/users/zhoushunyu/eqvae/experiments/prediction_target_toy_v4_main/seed20260807/D512/curv0p25/scale_unit_rms/loss_v/H64,1.5304696559906006
512,0.25,unit_rms,64,v,xv_g0p01,xv,0.01,0.0532965412650828,1.537799835205078e-05,0.033901110291481,0.0003335990769557,0.0001459466046344,0.0004789531907751,20260807,/data/users/zhoushunyu/eqvae/experiments/prediction_target_toy_v4_main/seed20260807/D512/curv0p25/scale_unit_rms/loss_v/H64,1.5304696559906006
512,0.25,unit_rms,64,v,xeps_g0p01,xeps,0.01,0.0534355537674299,4.673004150390625e-05,0.0334155149757862,0.0008126477048665,-0.0002847219870982,0.0015792973782824,20260807,/data/users/zhoushunyu/eqvae/experiments/prediction_target_toy_v4_main/seed20260807/D512/curv0p25/scale_unit_rms/loss_v/H64,1.5304696559906006
512,0.25,unit_rms,64,v,xv_tan_g0p01,xv_tangent,0.01,0.0532897497074906,1.6570091247558594e-05,0.033873725682497,0.0003219772997239,0.0001613660928766,0.0004588183041979,20260807,/data/users/zhoushunyu/eqvae/experiments/prediction_target_toy_v4_main/seed20260807/D512/curv0p25/scale_unit_rms/loss_v/H64,1.5304696559906006
512,0.25,unit_rms,64,v,xv_normcomp_g0p01,xv_normal,0.01,0.0528576752475092,1.52587890625e-05,0.0336770601570606,1.0917156929389216e-05,-3.0126149041346734e-05,4.280239489591088e-05,20260807,/data/users/zhoushunyu/eqvae/experiments/prediction_target_toy_v4_main/seed20260807/D512/curv0p25/scale_unit_rms/loss_v/H64,1.5304696559906006
512,0.25,unit_rms,64,v,xv_g0p03,xv,0.03,0.0541932609760876,1.8358230590820312e-05,0.0344086438417434,0.001014376261179,0.000455725784012,0.0014491164347953,20260807,/data/users/zhoushunyu/eqvae/experiments/prediction_target_toy_v4_main/seed20260807/D512/curv0p25/scale_unit_rms/loss_v/H64,1.5304696559906006
512,0.25,unit_rms,64,v,xeps_g0p03,xeps,0.03,0.0549235145257449,0.0001273155212402,0.032988853752613,0.0026836551286921,-0.0005362038395377,0.0049094539999372,20260807,/data/users/zhoushunyu/eqvae/experiments/prediction_target_toy_v4_main/seed20260807/D512/curv0p25/scale_unit_rms/loss_v/H64,1.5304696559906006
512,0.25,unit_rms,64,v,xv_tan_g0p03,xv_tangent,0.03,0.0541681422559629,2.086162567138672e-05,0.0343180932104587,0.0009748632511456,0.0005007855877195,0.0013830647101972,20260807,/data/users/zhoushunyu/eqvae/experiments/prediction_target_toy_v4_main/seed20260807/D512/curv0p25/scale_unit_rms/loss_v/H64,1.5304696559906006
512,0.25,unit_rms,64,v,xv_normcomp_g0p03,xv_normal,0.03,0.0528707505392354,1.33514404296875e-05,0.0337375551462173,3.315620133034429e-05,-8.960091097560616e-05,0.0001285942050774,20260807,/data/users/zhoushunyu/eqvae/experiments/prediction_target_toy_v4_main/seed20260807/D512/curv0p25/scale_unit_rms/loss_v/H64,1.5304696559906006
512,0.25,unit_rms,64,v,xv_g0p1,xv,0.1,0.0573883510716225,1.931190490722656e-05,0.0362061858177185,0.0035478961718018,0.0017377384942545,0.0050327864632179,20260807,/data/users/zhoushunyu/eqvae/experiments/prediction_target_toy_v4_main/seed20260807/D512/curv0p25/scale_unit_rms/loss_v/H64,1.5304696559906006
512,0.25,unit_rms,64,v,xeps_g0p1,xeps,0.1,0.0632958854106306,0.0006285905838012,0.0318057686090469,0.0118167888309502,0.0009206336219858,0.0184381455349628,20260807,/data/users/zhoushunyu/eqvae/experiments/prediction_target_toy_v4_main/seed20260807/D512/curv0p25/scale_unit_rms/loss_v/H64,1.5304696559906006
512,0.25,unit_rms,64,v,xv_tan_g0p1,xv_tangent,0.1,0.0572492683074224,3.266334533691406e-05,0.0358441807329654,0.0033566581839519,0.0018495130986606,0.0046898964329364,20260807,/data/users/zhoushunyu/eqvae/experiments/prediction_target_toy_v4_main/seed20260807/D512/curv0p25/scale_unit_rms/loss_v/H64,1.5304696559906006
512,0.25,unit_rms,64,v,xv_normcomp_g0p1,xv_normal,0.1,0.0529245492745846,5.245208740234375e-06,0.0339771546423435,0.000115564203284,-0.0002884136967558,0.0004245970599753,20260807,/data/users/zhoushunyu/eqvae/experiments/prediction_target_toy_v4_main/seed20260807/D512/curv0p25/scale_unit_rms/loss_v/H64,1.5304696559906006
512,0.25,unit_rms,64,v,xv_g0p3,xv,0.3,0.0670427735616198,4.947185516357422e-05,0.0410565473139286,0.0118790026391691,0.0066593093152019,0.0155909658810271,20260807,/data/users/zhoushunyu/eqvae/experiments/prediction_target_toy_v4_main/seed20260807/D512/curv0p25/scale_unit_rms/loss_v/H64,1.5304696559906006
512,0.25,unit_rms,64,v,xeps_g0p3,xeps,0.3,0.1113197544643185,0.0045763254165649,0.0291468519717454,0.0582650946673637,0.0313039347501626,0.0720867177642106,20260807,/data/users/zhoushunyu/eqvae/experiments/prediction_target_toy_v4_main/seed20260807/D512/curv0p25/scale_unit_rms/loss_v/H64,1.5304696559906006
512,0.25,unit_rms,64,v,xv_tan_g0p3,xv_tangent,0.3,0.0661742943798721,9.1552734375e-05,0.0398386754095554,0.0108149123734109,0.0067276338894251,0.014511186124298,20260807,/data/users/zhoushunyu/eqvae/experiments/prediction_target_toy_v4_main/seed20260807/D512/curv0p25/scale_unit_rms/loss_v/H64,1.5304696559906006
512,0.25,unit_rms,64,v,xv_normcomp_g0p3,xv_normal,0.3,0.0531461275383941,-1.621246337890625e-05,0.0346080139279365,0.0003934728444725,-0.0007657369260571,0.001245470457733,20260807,/data/users/zhoushunyu/eqvae/experiments/prediction_target_toy_v4_main/seed20260807/D512/curv0p25/scale_unit_rms/loss_v/H64,1.5304696559906006
512,0.25,unit_rms,64,v,xv_rms_etam0p03,xv_norm,-0.03,0.0500042580913841,2.6226043701171875e-06,0.0472051911056041,-0.0020075083370989,-0.0032960590248393,-0.0005228004866765,20260807,/data/users/zhoushunyu/eqvae/experiments/prediction_target_toy_v4_main/seed20260807/D512/curv0p25/scale_unit_rms/loss_v/H64,1.5304696559906006
512,0.25,unit_rms,64,v,xv_rms_etam0p01,xv_norm,-0.01,0.0518104248677101,9.5367431640625e-06,0.0357882939279079,-0.0007241910190749,-0.0013045929330849,-0.0001129759277714,20260807,/data/users/zhoushunyu/eqvae/experiments/prediction_target_toy_v4_main/seed20260807/D512/curv0p25/scale_unit_rms/loss_v/H64,1.5304696559906006
512,0.25,unit_rms,64,v,xv_rms_eta0p01,xv_norm,0.01,0.054082126573797,2.694129943847656e-05,0.0360582284629344,0.0007887327804967,-0.000165192429489,0.0017369298836784,20260807,/data/users/zhoushunyu/eqvae/experiments/prediction_target_toy_v4_main/seed20260807/D512/curv0p25/scale_unit_rms/loss_v/H64,1.5304696559906006
512,0.25,unit_rms,64,v,xv_rms_eta0p03,xv_norm,0.03,0.0584818177375692,9.834766387939452e-05,0.0389487743377685,0.003248767835968,-0.0016916083975438,0.0080068260889235,20260807,/data/users/zhoushunyu/eqvae/experiments/prediction_target_toy_v4_main/seed20260807/D512/curv0p25/scale_unit_rms/loss_v/H64,1.5304696559906006
512,0.5,unit_rms,1024,v,x,x,0.0,0.0703729757389369,0.0013785362243652,0.0052536888979375,0.0,0.0,0.0,20260807,/data/users/zhoushunyu/eqvae/experiments/prediction_target_toy_v4_main/seed20260807/D512/curv0p5/scale_unit_rms/loss_v/H1024,1.571611404418945
512,0.5,unit_rms,1024,v,v,v,0.0,0.062445187333759,0.0010989904403686,0.2889341711997986,-0.0066206270404911,-0.0185227159300604,0.0047358890249815,20260807,/data/users/zhoushunyu/eqvae/experiments/prediction_target_toy_v4_main/seed20260807/D512/curv0p5/scale_unit_rms/loss_v/H1024,1.571611404418945
512,0.5,unit_rms,1024,v,eps,eps,0.0,0.3696180295135127,0.0570203065872192,1.6338882446289062,0.2845068863668937,0.2216136052990575,0.3322197357627423,20260807,/data/users/zhoushunyu/eqvae/experiments/prediction_target_toy_v4_main/seed20260807/D512/curv0p5/scale_unit_rms/loss_v/H1024,1.571611404418945
512,0.5,unit_rms,1024,v,oracle,oracle,0.0,,,,,,,20260807,/data/users/zhoushunyu/eqvae/experiments/prediction_target_toy_v4_main/seed20260807/D512/curv0p5/scale_unit_rms/loss_v/H1024,1.571611404418945
512,0.5,unit_rms,1024,v,xv_gm0p1,xv,-0.1,0.0692321673423239,0.0013277530670166,0.0056789740920066,-0.0008587764412044,-0.003324512083849,0.0010355025542321,20260807,/data/users/zhoushunyu/eqvae/experiments/prediction_target_toy_v4_main/seed20260807/D512/curv0p5/scale_unit_rms/loss_v/H1024,1.571611404418945
512,0.5,unit_rms,1024,v,xeps_gm0p1,xeps,-0.1,0.0542854446080623,0.000770092010498,0.0062325457111001,-0.006299761864588,-0.0218333452363844,0.0166635532625535,20260807,/data/users/zhoushunyu/eqvae/experiments/prediction_target_toy_v4_main/seed20260807/D512/curv0p5/scale_unit_rms/loss_v/H1024,1.571611404418945
512,0.5,unit_rms,1024,v,xv_tan_gm0p1,xv_tangent,-0.1,0.0697669401759336,0.001346468925476,0.0052332603372633,-0.0005183165396764,-0.0024215782417474,0.0012994172808738,20260807,/data/users/zhoushunyu/eqvae/experiments/prediction_target_toy_v4_main/seed20260807/D512/curv0p5/scale_unit_rms/loss_v/H1024,1.571611404418945
512,0.5,unit_rms,1024,v,xv_normcomp_gm0p1,xv_normal,-0.1,0.0706259250382053,0.0013771057128906,0.0056719542481005,-5.353658417260959e-05,-0.0012888656504213,0.0008537399909645,20260807,/data/users/zhoushunyu/eqvae/experiments/prediction_target_toy_v4_main/seed20260807/D512/curv0p5/scale_unit_rms/loss_v/H1024,1.571611404418945
512,0.5,unit_rms,1024,v,xv_gm0p03,xv,-0.03,0.0704052144913574,0.0013729333877563,0.0052708792500197,1.779466609793369e-05,-0.0011888464002913,0.0010171920599228,20260807,/data/users/zhoushunyu/eqvae/experiments/prediction_target_toy_v4_main/seed20260807/D512/curv0p5/scale_unit_rms/loss_v/H1024,1.571611404418945
512,0.5,unit_rms,1024,v,xeps_gm0p03,xeps,-0.03,0.0629156194141125,0.0010199546813964,0.0053220274858176,-0.0038342286114881,-0.008111860627913,0.0022991933116985,20260807,/data/users/zhoushunyu/eqvae/experiments/prediction_target_toy_v4_main/seed20260807/D512/curv0p5/scale_unit_rms/loss_v/H1024,1.571611404418945
512,0.5,unit_rms,1024,v,xv_tan_gm0p03,xv_tangent,-0.03,0.0704013825557885,0.0013753175735473,0.0052698487415909,-2.835839719415728e-05,-0.0009991494549268,0.0009401323322544,20260807,/data/users/zhoushunyu/eqvae/experiments/prediction_target_toy_v4_main/seed20260807/D512/curv0p5/scale_unit_rms/loss_v/H1024,1.571611404418945
512,0.5,unit_rms,1024,v,xv_normcomp_gm0p03,xv_normal,-0.03,0.0705811938780684,0.0013827085494995,0.0052808914333581,7.570866569609806e-05,-0.000326983898893,0.0006208976443016,20260807,/data/users/zhoushunyu/eqvae/experiments/prediction_target_toy_v4_main/seed20260807/D512/curv0p5/scale_unit_rms/loss_v/H1024,1.571611404418945
512,0.5,unit_rms,1024,v,xv_gm0p01,xv,-0.01,0.0702903213823676,0.0013730525970458,0.0052559971809387,-8.39321441961048e-06,-0.0006755585795308,0.0006529264148554,20260807,/data/users/zhoushunyu/eqvae/experiments/prediction_target_toy_v4_main/seed20260807/D512/curv0p5/scale_unit_rms/loss_v/H1024,1.571611404418945
512,0.5,unit_rms,1024,v,xeps_gm0p01,xeps,-0.01,0.0677799505505125,0.0012425184249877,0.0052550565451383,-0.0015849525150521,-0.0036467174205164,0.0009579116579544,20260807,/data/users/zhoushunyu/eqvae/experiments/prediction_target_toy_v4_main/seed20260807/D512/curv0p5/scale_unit_rms/loss_v/H1024,1.571611404418945
512,0.5,unit_rms,1024,v,xv_tan_gm0p01,xv_tangent,-0.01,0.0703168604793641,0.0013757944107055,0.0052575995214283,1.2951478170814685e-06,-0.0004570210987217,0.0005322089667707,20260807,/data/users/zhoushunyu/eqvae/experiments/prediction_target_toy_v4_main/seed20260807/D512/curv0p5/scale_unit_rms/loss_v/H1024,1.571611404418945
512,0.5,unit_rms,1024,v,xv_normcomp_gm0p01,xv_normal,-0.01,0.0704135771816238,0.0013785362243652,0.0052524823695421,1.6267334126154193e-05,-3.819429943848311e-05,0.0001281589304886,20260807,/data/users/zhoushunyu/eqvae/experiments/prediction_target_toy_v4_main/seed20260807/D512/curv0p5/scale_unit_rms/loss_v/H1024,1.571611404418945
512,0.5,unit_rms,1024,v,xv_g0p003,xv,0.003,0.0704614725784433,0.0013809204101562,0.0052529112435877,-3.0302646412614796e-05,-0.0005924917778544,0.0004495492556895,20260807,/data/users/zhoushunyu/eqvae/experiments/prediction_target_toy_v4_main/seed20260807/D512/curv0p5/scale_unit_rms/loss_v/H1024,1.571611404418945
512,0.5,unit_rms,1024,v,xeps_g0p003,xeps,0.003,0.0715268485503945,0.0014406442642211,0.0052594086155295,0.000552890921921,-0.0002338432646565,0.0016512086554069,20260807,/data/users/zhoushunyu/eqvae/experiments/prediction_target_toy_v4_main/seed20260807/D512/curv0p5/scale_unit_rms/loss_v/H1024,1.571611404418945
512,0.5,unit_rms,1024,v,xv_tan_g0p003,xv_tangent,0.003,0.070463075277321,0.0013809204101562,0.0052529121749103,-2.969764695263666e-05,-0.000584829159745,0.0004305494202528,20260807,/data/users/zhoushunyu/eqvae/experiments/prediction_target_toy_v4_main/seed20260807/D512/curv0p5/scale_unit_rms/loss_v/H1024,1.571611404418945
512,0.5,unit_rms,1024,v,xv_normcomp_g0p003,xv_normal,0.003,0.0703661607837884,0.0013781785964965,0.0052600814960896,-7.267750809519552e-05,-0.0005796018397318,1.3637132532752664e-05,20260807,/data/users/zhoushunyu/eqvae/experiments/prediction_target_toy_v4_main/seed20260807/D512/curv0p5/scale_unit_rms/loss_v/H1024,1.571611404418945
512,0.5,unit_rms,1024,v,xv_g0p01,xv,0.01,0.0706701158837504,0.0013903379440307,0.0052714827470481,-4.720391438690096e-05,-0.0009238480648414,0.0007656613791351,20260807,/data/users/zhoushunyu/eqvae/experiments/prediction_target_toy_v4_main/seed20260807/D512/curv0p5/scale_unit_rms/loss_v/H1024,1.571611404418945
512,0.5,unit_rms,1024,v,xeps_g0p01,xeps,0.01,0.073162899539162,0.0015317201614379,0.005235516000539,0.0016657789362704,-0.0004008517140387,0.0036948912226443,20260807,/data/users/zhoushunyu/eqvae/experiments/prediction_target_toy_v4_main/seed20260807/D512/curv0p5/scale_unit_rms/loss_v/H1024,1.571611404418945
512,0.5,unit_rms,1024,v,xv_tan_g0p01,xv_tangent,0.01,0.0705983961562779,0.001387596130371,0.0052482802420854,-8.296720923249915e-06,-0.000641891384672,0.0005378966852644,20260807,/data/users/zhoushunyu/eqvae/experiments/prediction_target_toy_v4_main/seed20260807/D512/curv0p5/scale_unit_rms/loss_v/H1024,1.571611404418945
512,0.5,unit_rms,1024,v,xv_normcomp_g0p01,xv_normal,0.01,0.0704938093238556,0.0013871192932128,0.0052658142521977,-4.739850839388896e-05,-0.0005963191458367,0.000360890712087,20260807,/data/users/zhoushunyu/eqvae/experiments/prediction_target_toy_v4_main/seed20260807/D512/curv0p5/scale_unit_rms/loss_v/H1024,1.571611404418945
512,0.5,unit_rms,1024,v,xv_g0p03,xv,0.03,0.0707768237074797,0.0013998746871948,0.0053086844272911,4.0844510707704687e-05,-0.0013685881337316,0.0015715085392243,20260807,/data/users/zhoushunyu/eqvae/experiments/prediction_target_toy_v4_main/seed20260807/D512/curv0p5/scale_unit_rms/loss_v/H1024,1.571611404418945
512,0.5,unit_rms,1024,v,xeps_g0p03,xeps,0.03,0.0772730844636111,0.0018085241317749,0.0052460767328739,0.0044994838998968,-0.00158777581489,0.0086272830541046,20260807,/data/users/zhoushunyu/eqvae/experiments/prediction_target_toy_v4_main/seed20260807/D512/curv0p5/scale_unit_rms/loss_v/H1024,1.571611404418945
512,0.5,unit_rms,1024,v,xv_tan_g0p03,xv_tangent,0.03,0.0708941908962595,0.0014015436172485,0.005238739773631,2.0431612436801056e-05,-0.000938206146071,0.0012034193545172,20260807,/data/users/zhoushunyu/eqvae/experiments/prediction_target_toy_v4_main/seed20260807/D512/curv0p5/scale_unit_rms/loss_v/H1024,1.571611404418945
512,0.5,unit_rms,1024,v,xv_normcomp_g0p03,xv_normal,0.03,0.0703604535047932,0.0013800859451293,0.0053087524138391,-0.0002405257464836,-0.0013984920962777,0.000462485603213,20260807,/data/users/zhoushunyu/eqvae/experiments/prediction_target_toy_v4_main/seed20260807/D512/curv0p5/scale_unit_rms/loss_v/H1024,1.571611404418945
512,0.5,unit_rms,1024,v,xv_g0p1,xv,0.1,0.0717948348943879,0.0014567375183105,0.0055522941984236,0.0006584580635233,-0.0015404499948911,0.0027279884473219,20260807,/data/users/zhoushunyu/eqvae/experiments/prediction_target_toy_v4_main/seed20260807/D512/curv0p5/scale_unit_rms/loss_v/H1024,1.571611404418945
512,0.5,unit_rms,1024,v,xeps_g0p1,xeps,0.1,0.0949843802232123,0.0031492710113525,0.0054150456562638,0.0177502378814898,0.0042037968513795,0.0269324691583414,20260807,/data/users/zhoushunyu/eqvae/experiments/prediction_target_toy_v4_main/seed20260807/D512/curv0p5/scale_unit_rms/loss_v/H1024,1.571611404418945
512,0.5,unit_rms,1024,v,xv_tan_g0p1,xv_tangent,0.1,0.0710738268619969,0.0014159679412841,0.0052434210665524,0.0003110937122599,-0.0014217240547069,0.0021074179959065,20260807,/data/users/zhoushunyu/eqvae/experiments/prediction_target_toy_v4_main/seed20260807/D512/curv0p5/scale_unit_rms/loss_v/H1024,1.571611404418945
512,0.5,unit_rms,1024,v,xv_normcomp_g0p1,xv_normal,0.1,0.0708365762797068,0.0014055967330932,0.0055536283180117,-0.0001035127888418,-0.0015205143514291,0.0012082846771393,20260807,/data/users/zhoushunyu/eqvae/experiments/prediction_target_toy_v4_main/seed20260807/D512/curv0p5/scale_unit_rms/loss_v/H1024,1.571611404418945
512,0.5,unit_rms,1024,v,xv_g0p3,xv,0.3,0.0730821706940996,0.0015215873718261,0.0064891842193901,0.0021576223067393,-0.0014547205841375,0.0060466544420285,20260807,/data/users/zhoushunyu/eqvae/experiments/prediction_target_toy_v4_main/seed20260807/D512/curv0p5/scale_unit_rms/loss_v/H1024,1.571611404418945
512,0.5,unit_rms,1024,v,xeps_g0p3,xeps,0.3,0.1499711654470905,0.009881854057312,0.0056190425530076,0.0666762657436054,0.0406732652510418,0.0847787307629087,20260807,/data/users/zhoushunyu/eqvae/experiments/prediction_target_toy_v4_main/seed20260807/D512/curv0p5/scale_unit_rms/loss_v/H1024,1.571611404418945
512,0.5,unit_rms,1024,v,xv_tan_g0p3,xv_tangent,0.3,0.072720992134054,0.0015112161636352,0.0052869315259158,0.0022068581492476,-0.0010480970663315,0.0060273977452992,20260807,/data/users/zhoushunyu/eqvae/experiments/prediction_target_toy_v4_main/seed20260807/D512/curv0p5/scale_unit_rms/loss_v/H1024,1.571611404418945
512,0.5,unit_rms,1024,v,xv_normcomp_g0p3,xv_normal,0.3,0.0714076430657242,0.0014352798461914,0.0064584976062178,0.0002460229480066,-0.0020581525921171,0.0019890472707472,20260807,/data/users/zhoushunyu/eqvae/experiments/prediction_target_toy_v4_main/seed20260807/D512/curv0p5/scale_unit_rms/loss_v/H1024,1.571611404418945
512,0.5,unit_rms,1024,v,xv_rms_etam0p03,xv_norm,-0.03,0.0700662606529537,0.00138521194458,0.0302651338279247,-0.0003207227644222,-0.0030819278495805,0.0017434421785167,20260807,/data/users/zhoushunyu/eqvae/experiments/prediction_target_toy_v4_main/seed20260807/D512/curv0p5/scale_unit_rms/loss_v/H1024,1.571611404418945
512,0.5,unit_rms,1024,v,xv_rms_etam0p01,xv_norm,-0.01,0.0707097176104517,0.001400351524353,0.0111525449901819,0.0001475278529879,-0.0010241206252051,0.0011022949295694,20260807,/data/users/zhoushunyu/eqvae/experiments/prediction_target_toy_v4_main/seed20260807/D512/curv0p5/scale_unit_rms/loss_v/H1024,1.571611404418945
512,0.5,unit_rms,1024,v,xv_rms_eta0p01,xv_norm,0.01,0.0703135201274501,0.0013571977615356,0.0108208069577813,-0.0002066810775814,-0.0015089159702515,0.001072359154372,20260807,/data/users/zhoushunyu/eqvae/experiments/prediction_target_toy_v4_main/seed20260807/D512/curv0p5/scale_unit_rms/loss_v/H1024,1.571611404418945
512,0.5,unit_rms,1024,v,xv_rms_eta0p03,xv_norm,0.03,0.0703205485062891,0.0012389421463012,0.0101105393841862,0.0008634982256287,-0.0036599980321213,0.0056285837988276,20260807,/data/users/zhoushunyu/eqvae/experiments/prediction_target_toy_v4_main/seed20260807/D512/curv0p5/scale_unit_rms/loss_v/H1024,1.571611404418945
512,0.5,unit_rms,128,v,x,x,0.0,0.044401949117653,0.0005342960357666,0.0085783824324607,0.0,0.0,0.0,20260807,/data/users/zhoushunyu/eqvae/experiments/prediction_target_toy_v4_main/seed20260807/D512/curv0p5/scale_unit_rms/loss_v/H128,1.4733824729919434
512,0.5,unit_rms,128,v,v,v,0.0,0.0579158661318097,0.0011587142944335,0.9416679739952089,0.0122554061476225,-0.0028368726556894,0.0242076799780666,20260807,/data/users/zhoushunyu/eqvae/experiments/prediction_target_toy_v4_main/seed20260807/D512/curv0p5/scale_unit_rms/loss_v/H128,1.4733824729919434
512,0.5,unit_rms,128,v,eps,eps,0.0,1.463962427356697,0.2771497964859009,42.88835906982422,1.412240347198639,1.3455649462833,1.482387268942714,20260807,/data/users/zhoushunyu/eqvae/experiments/prediction_target_toy_v4_main/seed20260807/D512/curv0p5/scale_unit_rms/loss_v/H128,1.4733824729919434
512,0.5,unit_rms,128,v,oracle,oracle,0.0,0.0840825675007247,0.0022722482681274,0.0051189018413424,0.0341914476996582,0.0090325077409279,0.0521867837824132,20260807,/data/users/zhoushunyu/eqvae/experiments/prediction_target_toy_v4_main/seed20260807/D512/curv0p5/scale_unit_rms/loss_v/H128,1.4733824729919434
512,0.5,unit_rms,128,v,xv_gm0p1,xv,-0.1,0.0451437514570473,0.0005741119384765,0.0094473017379641,0.0004718295735653,-0.0013138443978551,0.0026477149908881,20260807,/data/users/zhoushunyu/eqvae/experiments/prediction_target_toy_v4_main/seed20260807/D512/curv0p5/scale_unit_rms/loss_v/H128,1.4733824729919434
512,0.5,unit_rms,128,v,xeps_gm0p1,xeps,-0.1,0.042178975095779,0.0004340410232543,0.0124419294297695,-0.0004162965871046,-0.0106116657012323,0.0094042970686765,20260807,/data/users/zhoushunyu/eqvae/experiments/prediction_target_toy_v4_main/seed20260807/D512/curv0p5/scale_unit_rms/loss_v/H128,1.4733824729919434
512,0.5,unit_rms,128,v,xv_tan_gm0p1,xv_tangent,-0.1,0.0450510071393744,0.0005635023117065,0.0083762658759951,0.0004655548447844,-0.0014628392008321,0.002148365835426,20260807,/data/users/zhoushunyu/eqvae/experiments/prediction_target_toy_v4_main/seed20260807/D512/curv0p5/scale_unit_rms/loss_v/H128,1.4733824729919434
512,0.5,unit_rms,128,v,xv_normcomp_gm0p1,xv_normal,-0.1,0.0442013443452564,0.0005258321762084,0.0096463086083531,-0.0001302681811991,-0.001002139661516,0.0005205596299837,20260807,/data/users/zhoushunyu/eqvae/experiments/prediction_target_toy_v4_main/seed20260807/D512/curv0p5/scale_unit_rms/loss_v/H128,1.4733824729919434
512,0.5,unit_rms,128,v,xv_gm0p03,xv,-0.03,0.0444924945701127,0.0005403757095336,0.0086591048166155,0.0001055369159718,-0.0004027619327865,0.0006578401968569,20260807,/data/users/zhoushunyu/eqvae/experiments/prediction_target_toy_v4_main/seed20260807/D512/curv0p5/scale_unit_rms/loss_v/H128,1.4733824729919434
512,0.5,unit_rms,128,v,xeps_gm0p03,xeps,-0.03,0.0422794668186243,0.0004675388336181,0.0092344461008906,-0.0010294188351332,-0.0048168367708772,0.002197739195297,20260807,/data/users/zhoushunyu/eqvae/experiments/prediction_target_toy_v4_main/seed20260807/D512/curv0p5/scale_unit_rms/loss_v/H128,1.4733824729919434
512,0.5,unit_rms,128,v,xv_tan_gm0p03,xv_tangent,-0.03,0.0445419223057722,0.0005394220352172,0.0085189417004585,0.0001018663284128,-0.0003939015155795,0.000574515162599,20260807,/data/users/zhoushunyu/eqvae/experiments/prediction_target_toy_v4_main/seed20260807/D512/curv0p5/scale_unit_rms/loss_v/H128,1.4733824729919434
512,0.5,unit_rms,128,v,xv_normcomp_gm0p03,xv_normal,-0.03,0.0443331374629838,0.0005296468734741,0.0087052518501877,-3.194898560403385e-05,-0.00027974155153,0.0002682527373771,20260807,/data/users/zhoushunyu/eqvae/experiments/prediction_target_toy_v4_main/seed20260807/D512/curv0p5/scale_unit_rms/loss_v/H128,1.4733824729919434
512,0.5,unit_rms,128,v,xv_gm0p01,xv,-0.01,0.0444396158016323,0.000535249710083,0.0085847806185483,2.6162493586765825e-05,-0.0002269588218063,0.0002164123951256,20260807,/data/users/zhoushunyu/eqvae/experiments/prediction_target_toy_v4_main/seed20260807/D512/curv0p5/scale_unit_rms/loss_v/H128,1.4733824729919434
512,0.5,unit_rms,128,v,xeps_gm0p01,xeps,-0.01,0.0436045912946118,0.0005073547363281,0.0087709603831171,-0.0004562764781801,-0.0019706580654586,0.000774213889141,20260807,/data/users/zhoushunyu/eqvae/experiments/prediction_target_toy_v4_main/seed20260807/D512/curv0p5/scale_unit_rms/loss_v/H128,1.4733824729919434
512,0.5,unit_rms,128,v,xv_tan_gm0p01,xv_tangent,-0.01,0.0444625227498814,0.0005340576171875,0.0085492003709077,3.501720109499319e-05,-0.0001966537385776,0.0001746407797049,20260807,/data/users/zhoushunyu/eqvae/experiments/prediction_target_toy_v4_main/seed20260807/D512/curv0p5/scale_unit_rms/loss_v/H128,1.4733824729919434
512,0.5,unit_rms,128,v,xv_normcomp_gm0p01,xv_normal,-0.01,0.0443826450218184,0.0005332231521606,0.0086053246632218,-5.886619253217054e-06,-0.0002116004721081,0.0001657746276416,20260807,/data/users/zhoushunyu/eqvae/experiments/prediction_target_toy_v4_main/seed20260807/D512/curv0p5/scale_unit_rms/loss_v/H128,1.4733824729919434
512,0.5,unit_rms,128,v,xv_g0p003,xv,0.003,0.0444066249014079,0.00053071975708,0.0085774473845958,-3.373936478934941e-07,-8.568050112849542e-05,0.0001426531309056,20260807,/data/users/zhoushunyu/eqvae/experiments/prediction_target_toy_v4_main/seed20260807/D512/curv0p5/scale_unit_rms/loss_v/H128,1.4733824729919434
512,0.5,unit_rms,128,v,xeps_g0p003,xeps,0.003,0.044673592653299,0.0005404949188232,0.0085062840953469,0.000158335409283,-0.0003142791757927,0.0006461140344069,20260807,/data/users/zhoushunyu/eqvae/experiments/prediction_target_toy_v4_main/seed20260807/D512/curv0p5/scale_unit_rms/loss_v/H128,1.4733824729919434
512,0.5,unit_rms,128,v,xv_tan_g0p003,xv_tangent,0.003,0.0443968553266545,0.0005315542221069,0.0085872011259198,-3.3057798457068742e-06,-0.0001067671186895,0.0001395927651702,20260807,/data/users/zhoushunyu/eqvae/experiments/prediction_target_toy_v4_main/seed20260807/D512/curv0p5/scale_unit_rms/loss_v/H128,1.4733824729919434
512,0.5,unit_rms,128,v,xv_normcomp_g0p003,xv_normal,0.003,0.0444094633564502,0.0005322694778442,0.0085706366226077,2.8555282331121923e-06,-4.6337023903217886e-05,5.411654113131583e-05,20260807,/data/users/zhoushunyu/eqvae/experiments/prediction_target_toy_v4_main/seed20260807/D512/curv0p5/scale_unit_rms/loss_v/H128,1.4733824729919434
512,0.5,unit_rms,128,v,xv_g0p01,xv,0.01,0.0443818678442448,0.0005291700363159,0.0085667269304394,-2.2166421339177013e-05,-0.0002142396041578,0.0002738989025687,20260807,/data/users/zhoushunyu/eqvae/experiments/prediction_target_toy_v4_main/seed20260807/D512/curv0p5/scale_unit_rms/loss_v/H128,1.4733824729919434
512,0.5,unit_rms,128,v,xeps_g0p01,xeps,0.01,0.0453250111563006,0.0005626678466796,0.0084166964516043,0.0005273328788314,-0.001005312391136,0.0019818593156286,20260807,/data/users/zhoushunyu/eqvae/experiments/prediction_target_toy_v4_main/seed20260807/D512/curv0p5/scale_unit_rms/loss_v/H128,1.4733824729919434
512,0.5,unit_rms,128,v,xv_tan_g0p01,xv_tangent,0.01,0.0443654925459199,0.0005273818969726,0.0085908658802509,-2.9177529401407527e-05,-0.000254818667099,0.0002934295341062,20260807,/data/users/zhoushunyu/eqvae/experiments/prediction_target_toy_v4_main/seed20260807/D512/curv0p5/scale_unit_rms/loss_v/H128,1.4733824729919434
512,0.5,unit_rms,128,v,xv_normcomp_g0p01,xv_normal,0.01,0.0444303421181607,0.0005329847335815,0.0085485260933637,1.087246236569049e-05,-0.0001162536430676,0.0001643970026556,20260807,/data/users/zhoushunyu/eqvae/experiments/prediction_target_toy_v4_main/seed20260807/D512/curv0p5/scale_unit_rms/loss_v/H128,1.4733824729919434
512,0.5,unit_rms,128,v,xv_g0p03,xv,0.03,0.0442500722006343,0.0005202293395996,0.0086149629205465,-0.0001594894491711,-0.0008111349443593,0.000654586565377,20260807,/data/users/zhoushunyu/eqvae/experiments/prediction_target_toy_v4_main/seed20260807/D512/curv0p5/scale_unit_rms/loss_v/H128,1.4733824729919434
512,0.5,unit_rms,128,v,xeps_g0p03,xeps,0.03,0.0480545164671892,0.0006464719772338,0.008108040317893,0.0021057387911976,-0.0024515912414464,0.0064396353783302,20260807,/data/users/zhoushunyu/eqvae/experiments/prediction_target_toy_v4_main/seed20260807/D512/curv0p5/scale_unit_rms/loss_v/H128,1.4733824729919434
512,0.5,unit_rms,128,v,xv_tan_g0p03,xv_tangent,0.03,0.0442346801855216,0.0005226135253906,0.0086464760825037,-0.0001657185034585,-0.0007510131758035,0.0004899912460493,20260807,/data/users/zhoushunyu/eqvae/experiments/prediction_target_toy_v4_main/seed20260807/D512/curv0p5/scale_unit_rms/loss_v/H128,1.4733824729919434
512,0.5,unit_rms,128,v,xv_normcomp_g0p03,xv_normal,0.03,0.0444690458736741,0.000531792640686,0.0085181016474962,1.4714250970217988e-05,-0.0002525453131589,0.0002584687933961,20260807,/data/users/zhoushunyu/eqvae/experiments/prediction_target_toy_v4_main/seed20260807/D512/curv0p5/scale_unit_rms/loss_v/H128,1.4733824729919434
512,0.5,unit_rms,128,v,xv_g0p1,xv,0.1,0.0435382596141353,0.0004926919937133,0.0087611125782132,-0.0007041837419437,-0.0025245810545501,0.0016169248376463,20260807,/data/users/zhoushunyu/eqvae/experiments/prediction_target_toy_v4_main/seed20260807/D512/curv0p5/scale_unit_rms/loss_v/H128,1.4733824729919434
512,0.5,unit_rms,128,v,xeps_g0p1,xeps,0.1,0.0613601708509529,0.001139760017395,0.0072771175764501,0.0136424929568933,0.000844937970219,0.0258710587786537,20260807,/data/users/zhoushunyu/eqvae/experiments/prediction_target_toy_v4_main/seed20260807/D512/curv0p5/scale_unit_rms/loss_v/H128,1.4733824729919434
512,0.5,unit_rms,128,v,xv_tan_g0p1,xv_tangent,0.1,0.0437803206981918,0.0005000829696655,0.0087904948741197,-0.0006658113460987,-0.0024734134193137,0.0013274422773342,20260807,/data/users/zhoushunyu/eqvae/experiments/prediction_target_toy_v4_main/seed20260807/D512/curv0p5/scale_unit_rms/loss_v/H128,1.4733824729919434
512,0.5,unit_rms,128,v,xv_normcomp_g0p1,xv_normal,0.1,0.0445591297476888,0.0005325078964233,0.0085613140836358,1.2526658840220222e-05,-0.0007031501440447,0.0006249717326043,20260807,/data/users/zhoushunyu/eqvae/experiments/prediction_target_toy_v4_main/seed20260807/D512/curv0p5/scale_unit_rms/loss_v/H128,1.4733824729919434
512,0.5,unit_rms,128,v,xv_g0p3,xv,0.3,0.0424579191167787,0.0004233121871948,0.0092811780050396,-0.0008333625145513,-0.0050430851912842,0.0041879413836467,20260807,/data/users/zhoushunyu/eqvae/experiments/prediction_target_toy_v4_main/seed20260807/D512/curv0p5/scale_unit_rms/loss_v/H128,1.4733824729919434
512,0.5,unit_rms,128,v,xeps_g0p3,xeps,0.3,0.1304614740791941,0.0056343078613281,0.0058404095470905,0.0764926231374665,0.0548763378904636,0.0969333443579149,20260807,/data/users/zhoushunyu/eqvae/experiments/prediction_target_toy_v4_main/seed20260807/D512/curv0p5/scale_unit_rms/loss_v/H128,1.4733824729919434
512,0.5,unit_rms,128,v,xv_tan_g0p3,xv_tangent,0.3,0.0421122612590444,0.000413179397583,0.0091628618538379,-0.0011476251174176,-0.0047366872030347,0.003830673409493,20260807,/data/users/zhoushunyu/eqvae/experiments/prediction_target_toy_v4_main/seed20260807/D512/curv0p5/scale_unit_rms/loss_v/H128,1.4733824729919434
512,0.5,unit_rms,128,v,xv_normcomp_g0p3,xv_normal,0.3,0.0445055136021244,0.0005282163619995,0.0086758313700556,-0.0001673449935412,-0.002117748705989,0.0016491543219822,20260807,/data/users/zhoushunyu/eqvae/experiments/prediction_target_toy_v4_main/seed20260807/D512/curv0p5/scale_unit_rms/loss_v/H128,1.4733824729919434
512,0.5,unit_rms,128,v,xv_rms_etam0p03,xv_norm,-0.03,0.0444906013046534,0.0005545616149902,0.0326980389654636,0.0001457980686472,-0.0008411611661918,0.0011208237503467,20260807,/data/users/zhoushunyu/eqvae/experiments/prediction_target_toy_v4_main/seed20260807/D512/curv0p5/scale_unit_rms/loss_v/H128,1.4733824729919434
512,0.5,unit_rms,128,v,xv_rms_etam0p01,xv_norm,-0.01,0.0443599691942068,0.0005409717559814,0.0142836542800068,-5.977912442773903e-06,-0.0004256039192079,0.0003796570697915,20260807,/data/users/zhoushunyu/eqvae/experiments/prediction_target_toy_v4_main/seed20260807/D512/curv0p5/scale_unit_rms/loss_v/H128,1.4733824729919434
512,0.5,unit_rms,128,v,xv_rms_eta0p01,xv_norm,0.01,0.0446783447942844,0.0005221366882324,0.0133812865242362,0.0001281316912617,-0.0003428230619578,0.0006030279978818,20260807,/data/users/zhoushunyu/eqvae/experiments/prediction_target_toy_v4_main/seed20260807/D512/curv0p5/scale_unit_rms/loss_v/H128,1.4733824729919434
512,0.5,unit_rms,128,v,xv_rms_eta0p03,xv_norm,0.03,0.048450855744928,0.0005048513412475,0.0192846562713384,0.0025429602909002,0.0002579277993775,0.0050784319310359,20260807,/data/users/zhoushunyu/eqvae/experiments/prediction_target_toy_v4_main/seed20260807/D512/curv0p5/scale_unit_rms/loss_v/H128,1.4733824729919434
512,0.5,unit_rms,256,v,x,x,0.0,0.0425754009512691,0.0003163814544677,0.0059968745335936,0.0,0.0,0.0,20260807,/data/users/zhoushunyu/eqvae/experiments/prediction_target_toy_v4_main/seed20260807/D512/curv0p5/scale_unit_rms/loss_v/H256,1.402996301651001
512,0.5,unit_rms,256,v,v,v,0.0,0.0477156683056225,0.0006259679794311,0.8571088910102844,0.0032018109853452,-0.0062882836906189,0.0122658479866052,20260807,/data/users/zhoushunyu/eqvae/experiments/prediction_target_toy_v4_main/seed20260807/D512/curv0p5/scale_unit_rms/loss_v/H256,1.402996301651001
512,0.5,unit_rms,256,v,eps,eps,0.0,1.4753791461419166,0.275826096534729,36.67803955078125,1.4277962545170508,1.3556349244380288,1.499256538202651,20260807,/data/users/zhoushunyu/eqvae/experiments/prediction_target_toy_v4_main/seed20260807/D512/curv0p5/scale_unit_rms/loss_v/H256,1.402996301651001
512,0.5,unit_rms,256,v,oracle,oracle,0.0,0.0787558420149447,0.0019060373306274,0.0050710886716842,0.0241764611228406,0.0056512018378268,0.0441265136654029,20260807,/data/users/zhoushunyu/eqvae/experiments/prediction_target_toy_v4_main/seed20260807/D512/curv0p5/scale_unit_rms/loss_v/H256,1.402996301651001
512,0.5,unit_rms,256,v,xv_gm0p1,xv,-0.1,0.042185342673048,0.0003274679183959,0.0066355406306684,0.0003118887984899,-0.0016219054045003,0.0026074257320654,20260807,/data/users/zhoushunyu/eqvae/experiments/prediction_target_toy_v4_main/seed20260807/D512/curv0p5/scale_unit_rms/loss_v/H256,1.402996301651001
512,0.5,unit_rms,256,v,xeps_gm0p1,xeps,-0.1,0.0332877899752097,0.0001541376113891,0.0083017041906714,-0.0038672104777088,-0.0226212910940068,0.0151533546692363,20260807,/data/users/zhoushunyu/eqvae/experiments/prediction_target_toy_v4_main/seed20260807/D512/curv0p5/scale_unit_rms/loss_v/H256,1.402996301651001
512,0.5,unit_rms,256,v,xv_tan_gm0p1,xv_tangent,-0.1,0.0429777941329185,0.0003374814987182,0.0059302160516381,0.0006357297454004,-0.0004981131180441,0.002294935535959,20260807,/data/users/zhoushunyu/eqvae/experiments/prediction_target_toy_v4_main/seed20260807/D512/curv0p5/scale_unit_rms/loss_v/H256,1.402996301651001
512,0.5,unit_rms,256,v,xv_normcomp_gm0p1,xv_normal,-0.1,0.0423004776834132,0.0003135204315185,0.0067470706999301,-0.000142745205832,-0.0010355950961661,0.0008095829787844,20260807,/data/users/zhoushunyu/eqvae/experiments/prediction_target_toy_v4_main/seed20260807/D512/curv0p5/scale_unit_rms/loss_v/H256,1.402996301651001
512,0.5,unit_rms,256,v,xv_gm0p03,xv,-0.03,0.0428326981259475,0.0003286600112915,0.006006509065628,0.0001791434869639,-0.0005058916174588,0.0009392238001283,20260807,/data/users/zhoushunyu/eqvae/experiments/prediction_target_toy_v4_main/seed20260807/D512/curv0p5/scale_unit_rms/loss_v/H256,1.402996301651001
512,0.5,unit_rms,256,v,xeps_gm0p03,xeps,-0.03,0.0367696548057281,0.0001654624938964,0.0063143935985863,-0.0032122224735441,-0.0080821685466366,0.0029213197751982,20260807,/data/users/zhoushunyu/eqvae/experiments/prediction_target_toy_v4_main/seed20260807/D512/curv0p5/scale_unit_rms/loss_v/H256,1.402996301651001
512,0.5,unit_rms,256,v,xv_tan_gm0p03,xv_tangent,-0.03,0.042822176153656,0.0003265142440795,0.0059665441513061,0.0002146719446905,-0.0002988138331613,0.0008411410938214,20260807,/data/users/zhoushunyu/eqvae/experiments/prediction_target_toy_v4_main/seed20260807/D512/curv0p5/scale_unit_rms/loss_v/H256,1.402996301651001
512,0.5,unit_rms,256,v,xv_normcomp_gm0p03,xv_normal,-0.03,0.0425020505729396,0.0003174543380737,0.0060206050984561,-2.7514642808079485e-05,-0.0003887669593448,0.0003336102805628,20260807,/data/users/zhoushunyu/eqvae/experiments/prediction_target_toy_v4_main/seed20260807/D512/curv0p5/scale_unit_rms/loss_v/H256,1.402996301651001
512,0.5,unit_rms,256,v,xv_gm0p01,xv,-0.01,0.0426895927154207,0.0003226995468139,0.0059697441756725,8.119457581073457e-05,-0.0001772749889006,0.0004711811706823,20260807,/data/users/zhoushunyu/eqvae/experiments/prediction_target_toy_v4_main/seed20260807/D512/curv0p5/scale_unit_rms/loss_v/H256,1.402996301651001
512,0.5,unit_rms,256,v,xeps_gm0p01,xeps,-0.01,0.0403944818772933,0.0002526044845581,0.0060620140284299,-0.0011882423560821,-0.0034442350411911,0.001253587353444,20260807,/data/users/zhoushunyu/eqvae/experiments/prediction_target_toy_v4_main/seed20260807/D512/curv0p5/scale_unit_rms/loss_v/H256,1.402996301651001
512,0.5,unit_rms,256,v,xv_tan_gm0p01,xv_tangent,-0.01,0.0427549453317822,0.0003222227096557,0.005958039779216,0.000123916027116,-0.0001150742300137,0.0005080398715449,20260807,/data/users/zhoushunyu/eqvae/experiments/prediction_target_toy_v4_main/seed20260807/D512/curv0p5/scale_unit_rms/loss_v/H256,1.402996301651001
512,0.5,unit_rms,256,v,xv_normcomp_gm0p01,xv_normal,-0.01,0.0425433135429499,0.0003160238265991,0.0059926197864115,-1.697489972471933e-05,-0.000259176699202,0.0001980472332875,20260807,/data/users/zhoushunyu/eqvae/experiments/prediction_target_toy_v4_main/seed20260807/D512/curv0p5/scale_unit_rms/loss_v/H256,1.402996301651001
512,0.5,unit_rms,256,v,xv_g0p003,xv,0.003,0.0425523394261405,0.0003178119659423,0.005989683791995,-1.1327197496937558e-05,-0.0001307969264945,9.961857671085796e-05,20260807,/data/users/zhoushunyu/eqvae/experiments/prediction_target_toy_v4_main/seed20260807/D512/curv0p5/scale_unit_rms/loss_v/H256,1.402996301651001
512,0.5,unit_rms,256,v,xeps_g0p003,xeps,0.003,0.0431793179738145,0.0003365278244018,0.0059714256785809,0.0004851292096339,-0.0001805146911387,0.0012299708543388,20260807,/data/users/zhoushunyu/eqvae/experiments/prediction_target_toy_v4_main/seed20260807/D512/curv0p5/scale_unit_rms/loss_v/H256,1.402996301651001
512,0.5,unit_rms,256,v,xv_tan_g0p003,xv_tangent,0.003,0.0425516538343904,0.0003167390823364,0.0059916321188211,-1.7739018735126353e-05,-0.0001393007856898,6.599014239666888e-05,20260807,/data/users/zhoushunyu/eqvae/experiments/prediction_target_toy_v4_main/seed20260807/D512/curv0p5/scale_unit_rms/loss_v/H256,1.402996301651001
512,0.5,unit_rms,256,v,xv_normcomp_g0p003,xv_normal,0.003,0.0425754076294256,0.0003166198730468,0.0059979348443448,3.238421846773094e-06,-6.459115550187912e-05,5.212170459216316e-05,20260807,/data/users/zhoushunyu/eqvae/experiments/prediction_target_toy_v4_main/seed20260807/D512/curv0p5/scale_unit_rms/loss_v/H256,1.402996301651001
512,0.5,unit_rms,256,v,xv_g0p01,xv,0.01,0.0424504162470888,0.0003129243850708,0.0059965616092085,-2.1317144070644235e-05,-0.0004093570271218,0.0002330735588454,20260807,/data/users/zhoushunyu/eqvae/experiments/prediction_target_toy_v4_main/seed20260807/D512/curv0p5/scale_unit_rms/loss_v/H256,1.402996301651001
512,0.5,unit_rms,256,v,xeps_g0p01,xeps,0.01,0.0446363525675811,0.0003818273544311,0.0059123751707375,0.0016129291798236,-0.0005207268996562,0.00387413323497,20260807,/data/users/zhoushunyu/eqvae/experiments/prediction_target_toy_v4_main/seed20260807/D512/curv0p5/scale_unit_rms/loss_v/H256,1.402996301651001
512,0.5,unit_rms,256,v,xv_tan_g0p01,xv_tangent,0.01,0.0425001486078615,0.0003150701522827,0.0059851384721696,-4.1487319886610274e-05,-0.0002941367690482,0.000118754586174,20260807,/data/users/zhoushunyu/eqvae/experiments/prediction_target_toy_v4_main/seed20260807/D512/curv0p5/scale_unit_rms/loss_v/H256,1.402996301651001
512,0.5,unit_rms,256,v,xv_normcomp_g0p01,xv_normal,0.01,0.0425696456259511,0.0003172159194946,0.0059920442290604,2.106432969366877e-05,-0.0001397849642201,0.0001912908693094,20260807,/data/users/zhoushunyu/eqvae/experiments/prediction_target_toy_v4_main/seed20260807/D512/curv0p5/scale_unit_rms/loss_v/H256,1.402996301651001
512,0.5,unit_rms,256,v,xv_g0p03,xv,0.03,0.0422537623697476,0.0003070831298828,0.0060620461590588,1.989038350373798e-05,-0.0009281816124328,0.0007720785572557,20260807,/data/users/zhoushunyu/eqvae/experiments/prediction_target_toy_v4_main/seed20260807/D512/curv0p5/scale_unit_rms/loss_v/H256,1.402996301651001
512,0.5,unit_rms,256,v,xeps_g0p03,xeps,0.03,0.0503820061647134,0.0005632638931274,0.0058369915932416,0.0054128588283603,-0.0009895659562729,0.011375506440168,20260807,/data/users/zhoushunyu/eqvae/experiments/prediction_target_toy_v4_main/seed20260807/D512/curv0p5/scale_unit_rms/loss_v/H256,1.402996301651001
512,0.5,unit_rms,256,v,xv_tan_g0p03,xv_tangent,0.03,0.0422439805485865,0.0003076791763305,0.0060298684984445,-9.936761384899704e-05,-0.0009045445595675,0.0003407352997329,20260807,/data/users/zhoushunyu/eqvae/experiments/prediction_target_toy_v4_main/seed20260807/D512/curv0p5/scale_unit_rms/loss_v/H256,1.402996301651001
512,0.5,unit_rms,256,v,xv_normcomp_g0p03,xv_normal,0.03,0.0424231550133849,0.0003122091293334,0.0060356687754392,8.722679393897512e-05,-0.0003998268048054,0.0007325618791684,20260807,/data/users/zhoushunyu/eqvae/experiments/prediction_target_toy_v4_main/seed20260807/D512/curv0p5/scale_unit_rms/loss_v/H256,1.402996301651001
512,0.5,unit_rms,256,v,xv_g0p1,xv,0.1,0.0423833714921545,0.0002980232238769,0.0062215742655098,0.0002622865070055,-0.0014532106270648,0.0018057096450214,20260807,/data/users/zhoushunyu/eqvae/experiments/prediction_target_toy_v4_main/seed20260807/D512/curv0p5/scale_unit_rms/loss_v/H256,1.402996301651001
512,0.5,unit_rms,256,v,xeps_g0p1,xeps,0.1,0.0786708807294853,0.0018442869186401,0.0056266705505549,0.0273911862284495,0.0088810983518795,0.0429972103059988,20260807,/data/users/zhoushunyu/eqvae/experiments/prediction_target_toy_v4_main/seed20260807/D512/curv0p5/scale_unit_rms/loss_v/H256,1.402996301651001
512,0.5,unit_rms,256,v,xv_tan_g0p1,xv_tangent,0.1,0.0422715363925678,0.0002989768981933,0.0060185925103724,-8.975207319826452e-05,-0.0019493541539392,0.0012849821177498,20260807,/data/users/zhoushunyu/eqvae/experiments/prediction_target_toy_v4_main/seed20260807/D512/curv0p5/scale_unit_rms/loss_v/H256,1.402996301651001
512,0.5,unit_rms,256,v,xv_normcomp_g0p1,xv_normal,0.1,0.0425118575771458,0.0003132820129394,0.0062044323422014,0.0003801071061369,-0.000745741027196,0.0016228563736892,20260807,/data/users/zhoushunyu/eqvae/experiments/prediction_target_toy_v4_main/seed20260807/D512/curv0p5/scale_unit_rms/loss_v/H256,1.402996301651001
512,0.5,unit_rms,256,v,xv_g0p3,xv,0.3,0.0409361886145172,0.0002259016036987,0.006707320921123,8.2357568885787e-05,-0.0034439226545412,0.0045805072227472,20260807,/data/users/zhoushunyu/eqvae/experiments/prediction_target_toy_v4_main/seed20260807/D512/curv0p5/scale_unit_rms/loss_v/H256,1.402996301651001
512,0.5,unit_rms,256,v,xeps_g0p3,xeps,0.3,0.1719672879920916,0.011110782623291,0.0050916369073092,0.116893478144357,0.0865329966241557,0.1377173549344621,20260807,/data/users/zhoushunyu/eqvae/experiments/prediction_target_toy_v4_main/seed20260807/D512/curv0p5/scale_unit_rms/loss_v/H256,1.402996301651001
512,0.5,unit_rms,256,v,xv_tan_g0p3,xv_tangent,0.3,0.0406065357491012,0.000229001045227,0.0061556622385978,-0.0007453822166058,-0.0042026006293828,0.0024829360111471,20260807,/data/users/zhoushunyu/eqvae/experiments/prediction_target_toy_v4_main/seed20260807/D512/curv0p5/scale_unit_rms/loss_v/H256,1.402996301651001
512,0.5,unit_rms,256,v,xv_normcomp_g0p3,xv_normal,0.3,0.0429111228779272,0.0003126859664916,0.0065455944277346,0.0007959535282357,-0.0013081488228223,0.0030489126631233,20260807,/data/users/zhoushunyu/eqvae/experiments/prediction_target_toy_v4_main/seed20260807/D512/curv0p5/scale_unit_rms/loss_v/H256,1.402996301651001
512,0.5,unit_rms,256,v,xv_rms_etam0p03,xv_norm,-0.03,0.0436902731210761,0.0003609657287597,0.0307665430009365,0.0005618747977434,-0.0004418628012259,0.0016934294973929,20260807,/data/users/zhoushunyu/eqvae/experiments/prediction_target_toy_v4_main/seed20260807/D512/curv0p5/scale_unit_rms/loss_v/H256,1.402996301651001
512,0.5,unit_rms,256,v,xv_rms_etam0p01,xv_norm,-0.01,0.0430873096789006,0.000339388847351,0.0117842303588986,0.0002287234453517,-0.0002252784440527,0.0007292258385719,20260807,/data/users/zhoushunyu/eqvae/experiments/prediction_target_toy_v4_main/seed20260807/D512/curv0p5/scale_unit_rms/loss_v/H256,1.402996301651001
512,0.5,unit_rms,256,v,xv_rms_eta0p01,xv_norm,0.01,0.041765036607119,0.0002849102020263,0.0116145554929971,-0.0001535043352863,-0.0008505211494832,0.0006326652773986,20260807,/data/users/zhoushunyu/eqvae/experiments/prediction_target_toy_v4_main/seed20260807/D512/curv0p5/scale_unit_rms/loss_v/H256,1.402996301651001
512,0.5,unit_rms,256,v,xv_rms_eta0p03,xv_norm,0.03,0.0415791323749841,0.0002180337905883,0.0147945564240217,0.0017482869956815,-0.0024655940570564,0.0064177872889142,20260807,/data/users/zhoushunyu/eqvae/experiments/prediction_target_toy_v4_main/seed20260807/D512/curv0p5/scale_unit_rms/loss_v/H256,1.402996301651001
512,0.5,unit_rms,512,v,x,x,0.0,0.0352589038349778,0.000180959701538,0.0064268200658261,0.0,0.0,0.0,20260807,/data/users/zhoushunyu/eqvae/experiments/prediction_target_toy_v4_main/seed20260807/D512/curv0p5/scale_unit_rms/loss_v/H512,1.435103416442871
512,0.5,unit_rms,512,v,v,v,0.0,0.0318741561657643,0.0001138448715209,0.6914451718330383,-0.0046594383805904,-0.0147525451075601,0.0054653592030456,20260807,/data/users/zhoushunyu/eqvae/experiments/prediction_target_toy_v4_main/seed20260807/D512/curv0p5/scale_unit_rms/loss_v/H512,1.435103416442871
512,0.5,unit_rms,512,v,eps,eps,0.0,1.558487624091358,0.290981650352478,21.559724807739254,1.4936885886637865,1.4112387260837462,1.575485887500048,20260807,/data/users/zhoushunyu/eqvae/experiments/prediction_target_toy_v4_main/seed20260807/D512/curv0p5/scale_unit_rms/loss_v/H512,1.435103416442871
512,0.5,unit_rms,512,v,oracle,oracle,0.0,0.0461560483653646,0.0004562139511108,0.0051087494939565,0.0229257309407017,-0.0084878156973025,0.0455748320714007,20260807,/data/users/zhoushunyu/eqvae/experiments/prediction_target_toy_v4_main/seed20260807/D512/curv0p5/scale_unit_rms/loss_v/H512,1.435103416442871
512,0.5,unit_rms,512,v,xv_gm0p1,xv,-0.1,0.0350733399057479,0.0001814365386962,0.0070550991222262,-0.0005706203680003,-0.0023532269432657,0.001189561409146,20260807,/data/users/zhoushunyu/eqvae/experiments/prediction_target_toy_v4_main/seed20260807/D512/curv0p5/scale_unit_rms/loss_v/H512,1.435103416442871
512,0.5,unit_rms,512,v,xeps_gm0p1,xeps,-0.1,0.0343988093259518,0.0001510381698608,0.0080089550465345,-0.00824182431497,-0.0284258727626631,0.0157739269589958,20260807,/data/users/zhoushunyu/eqvae/experiments/prediction_target_toy_v4_main/seed20260807/D512/curv0p5/scale_unit_rms/loss_v/H512,1.435103416442871
512,0.5,unit_rms,512,v,xv_tan_gm0p1,xv_tangent,-0.1,0.0349058527191253,0.000179648399353,0.0064314594492316,-0.0005480201139201,-0.0021968153743255,0.0009293129215851,20260807,/data/users/zhoushunyu/eqvae/experiments/prediction_target_toy_v4_main/seed20260807/D512/curv0p5/scale_unit_rms/loss_v/H512,1.435103416442871
512,0.5,unit_rms,512,v,xv_normcomp_gm0p1,xv_normal,-0.1,0.0355458424248051,0.0001888275146484,0.0070004728622734,0.0001239443725196,-0.0006240211683517,0.0012392624173964,20260807,/data/users/zhoushunyu/eqvae/experiments/prediction_target_toy_v4_main/seed20260807/D512/curv0p5/scale_unit_rms/loss_v/H512,1.435103416442871
512,0.5,unit_rms,512,v,xv_gm0p03,xv,-0.03,0.0352779802164626,0.0001840591430664,0.006394546944648,-2.72335610186962e-05,-0.0009357969034944,0.0007829270268058,20260807,/data/users/zhoushunyu/eqvae/experiments/prediction_target_toy_v4_main/seed20260807/D512/curv0p5/scale_unit_rms/loss_v/H512,1.435103416442871
512,0.5,unit_rms,512,v,xeps_gm0p03,xeps,-0.03,0.0308040077211884,5.519390106201172e-05,0.0066963713616132,-0.0049750533967021,-0.0099635742363746,0.0022237806522515,20260807,/data/users/zhoushunyu/eqvae/experiments/prediction_target_toy_v4_main/seed20260807/D512/curv0p5/scale_unit_rms/loss_v/H512,1.435103416442871
512,0.5,unit_rms,512,v,xv_tan_gm0p03,xv_tangent,-0.03,0.0350469273394795,0.0001767873764038,0.0063803349621593,-9.094723761136252e-05,-0.0006461040832574,0.0006290006722436,20260807,/data/users/zhoushunyu/eqvae/experiments/prediction_target_toy_v4_main/seed20260807/D512/curv0p5/scale_unit_rms/loss_v/H512,1.435103416442871
512,0.5,unit_rms,512,v,xv_normcomp_gm0p03,xv_normal,-0.03,0.0352330978114864,0.0001834630966186,0.0064518353901803,3.5563580305839926e-05,-0.0002610873446796,0.0005374484845416,20260807,/data/users/zhoushunyu/eqvae/experiments/prediction_target_toy_v4_main/seed20260807/D512/curv0p5/scale_unit_rms/loss_v/H512,1.435103416442871
512,0.5,unit_rms,512,v,xv_gm0p01,xv,-0.01,0.0351896485395729,0.0001795291900634,0.006402769125998,1.4484454206660571e-05,-0.000345241751226,0.0005809343343885,20260807,/data/users/zhoushunyu/eqvae/experiments/prediction_target_toy_v4_main/seed20260807/D512/curv0p5/scale_unit_rms/loss_v/H512,1.435103416442871
512,0.5,unit_rms,512,v,xeps_gm0p01,xeps,-0.01,0.0338365689708112,0.0001388788223266,0.0064153433777391,-0.0017394826736598,-0.0035751442774494,0.0005698152121003,20260807,/data/users/zhoushunyu/eqvae/experiments/prediction_target_toy_v4_main/seed20260807/D512/curv0p5/scale_unit_rms/loss_v/H512,1.435103416442871
512,0.5,unit_rms,512,v,xv_tan_gm0p01,xv_tangent,-0.01,0.0351616678401625,0.0001778602600097,0.0064064818434417,-1.2556261309592636e-05,-0.0003319441169414,0.0004427347345465,20260807,/data/users/zhoushunyu/eqvae/experiments/prediction_target_toy_v4_main/seed20260807/D512/curv0p5/scale_unit_rms/loss_v/H512,1.435103416442871
512,0.5,unit_rms,512,v,xv_normcomp_gm0p01,xv_normal,-0.01,0.0352209194978997,0.0001814365386962,0.0064159012399613,2.6914681716247343e-05,-0.0001410288970548,0.0004408133217532,20260807,/data/users/zhoushunyu/eqvae/experiments/prediction_target_toy_v4_main/seed20260807/D512/curv0p5/scale_unit_rms/loss_v/H512,1.435103416442871
512,0.5,unit_rms,512,v,xv_g0p003,xv,0.003,0.0353398027616877,0.0001829862594604,0.0064265141263604,4.648105037601144e-05,-0.000169794228191,0.0003065266308028,20260807,/data/users/zhoushunyu/eqvae/experiments/prediction_target_toy_v4_main/seed20260807/D512/curv0p5/scale_unit_rms/loss_v/H512,1.435103416442871
512,0.5,unit_rms,512,v,xeps_g0p003,xeps,0.003,0.0360568185793778,0.0002018213272094,0.0064348797313869,0.0006707223883881,-0.0003356718008993,0.0017859088640724,20260807,/data/users/zhoushunyu/eqvae/experiments/prediction_target_toy_v4_main/seed20260807/D512/curv0p5/scale_unit_rms/loss_v/H512,1.435103416442871
512,0.5,unit_rms,512,v,xv_tan_g0p003,xv_tangent,0.003,0.0353207267383859,0.0001835823059082,0.0064321286045014,3.379384220242164e-05,-7.794264798190211e-05,0.0002149289974987,20260807,/data/users/zhoushunyu/eqvae/experiments/prediction_target_toy_v4_main/seed20260807/D512/curv0p5/scale_unit_rms/loss_v/H512,1.435103416442871
512,0.5,unit_rms,512,v,xv_normcomp_g0p003,xv_normal,0.003,0.0352837900175235,0.0001822710037231,0.0064302440732717,7.666593270500115e-06,-4.180552148611815e-05,6.673662751855538e-05,20260807,/data/users/zhoushunyu/eqvae/experiments/prediction_target_toy_v4_main/seed20260807/D512/curv0p5/scale_unit_rms/loss_v/H512,1.435103416442871
512,0.5,unit_rms,512,v,xv_g0p01,xv,0.01,0.0353630489141128,0.000182032585144,0.006435555871576,6.519238776952457e-05,-0.0004110732419187,0.0005378341502703,20260807,/data/users/zhoushunyu/eqvae/experiments/prediction_target_toy_v4_main/seed20260807/D512/curv0p5/scale_unit_rms/loss_v/H512,1.435103416442871
512,0.5,unit_rms,512,v,xeps_g0p01,xeps,0.01,0.0380404942350533,0.0002590417861938,0.0063734645955264,0.002394066308338,-0.0003230352941163,0.0055638867395529,20260807,/data/users/zhoushunyu/eqvae/experiments/prediction_target_toy_v4_main/seed20260807/D512/curv0p5/scale_unit_rms/loss_v/H512,1.435103416442871
512,0.5,unit_rms,512,v,xv_tan_g0p01,xv_tangent,0.01,0.0354070866536005,0.0001847743988037,0.0064348205924034,7.46995560305255e-05,-0.0003316458612974,0.0004458100394152,20260807,/data/users/zhoushunyu/eqvae/experiments/prediction_target_toy_v4_main/seed20260807/D512/curv0p5/scale_unit_rms/loss_v/H512,1.435103416442871
512,0.5,unit_rms,512,v,xv_normcomp_g0p01,xv_normal,0.01,0.0353103570040971,0.0001826286315917,0.0064307432621717,3.623592788372172e-05,-0.000165005394102,0.000311707962571,20260807,/data/users/zhoushunyu/eqvae/experiments/prediction_target_toy_v4_main/seed20260807/D512/curv0p5/scale_unit_rms/loss_v/H512,1.435103416442871
512,0.5,unit_rms,512,v,xv_g0p03,xv,0.03,0.0355681915835161,0.0001863241195678,0.0063871135935187,0.000273913394837,-0.0007279946525983,0.0013492808489356,20260807,/data/users/zhoushunyu/eqvae/experiments/prediction_target_toy_v4_main/seed20260807/D512/curv0p5/scale_unit_rms/loss_v/H512,1.435103416442871
512,0.5,unit_rms,512,v,xeps_g0p03,xeps,0.03,0.0442530653998866,0.0004546642303466,0.0063452837057411,0.0070458055500588,0.0018181854718007,0.0114560175220071,20260807,/data/users/zhoushunyu/eqvae/experiments/prediction_target_toy_v4_main/seed20260807/D512/curv0p5/scale_unit_rms/loss_v/H512,1.435103416442871
512,0.5,unit_rms,512,v,xv_tan_g0p03,xv_tangent,0.03,0.0355705587504862,0.0001863241195678,0.0063692652620375,0.0002426070369268,-0.0007345775010322,0.0010821931602819,20260807,/data/users/zhoushunyu/eqvae/experiments/prediction_target_toy_v4_main/seed20260807/D512/curv0p5/scale_unit_rms/loss_v/H512,1.435103416442871
512,0.5,unit_rms,512,v,xv_normcomp_g0p03,xv_normal,0.03,0.0352637392820412,0.0001819133758544,0.0064583709463477,5.750421774162642e-05,-0.0004599562633796,0.0008073258285782,20260807,/data/users/zhoushunyu/eqvae/experiments/prediction_target_toy_v4_main/seed20260807/D512/curv0p5/scale_unit_rms/loss_v/H512,1.435103416442871
512,0.5,unit_rms,512,v,xv_g0p1,xv,0.1,0.0370156145201272,0.0002139806747436,0.0066133313812315,0.0008883627413151,-0.0006141809427614,0.0031933877712815,20260807,/data/users/zhoushunyu/eqvae/experiments/prediction_target_toy_v4_main/seed20260807/D512/curv0p5/scale_unit_rms/loss_v/H512,1.435103416442871
512,0.5,unit_rms,512,v,xeps_g0p1,xeps,0.1,0.0645326921673668,0.0013078451156616,0.0062446068041026,0.0268297632443641,0.0101791726241416,0.0411574678859888,20260807,/data/users/zhoushunyu/eqvae/experiments/prediction_target_toy_v4_main/seed20260807/D512/curv0p5/scale_unit_rms/loss_v/H512,1.435103416442871
512,0.5,unit_rms,512,v,xv_tan_g0p1,xv_tangent,0.1,0.0365284498276554,0.0002058744430541,0.00636090291664,0.0007271403661391,-0.0009908169807538,0.0027928908450251,20260807,/data/users/zhoushunyu/eqvae/experiments/prediction_target_toy_v4_main/seed20260807/D512/curv0p5/scale_unit_rms/loss_v/H512,1.435103416442871
512,0.5,unit_rms,512,v,xv_normcomp_g0p1,xv_normal,0.1,0.0354554322799595,0.0001852512359619,0.0066232830286026,6.866289507855412e-05,-0.0008798340230914,0.0012257631408116,20260807,/data/users/zhoushunyu/eqvae/experiments/prediction_target_toy_v4_main/seed20260807/D512/curv0p5/scale_unit_rms/loss_v/H512,1.435103416442871
512,0.5,unit_rms,512,v,xv_g0p3,xv,0.3,0.0384571909799823,0.0002487897872924,0.0070738974027335,0.0022590033044071,-0.0015868917548792,0.0066043511750525,20260807,/data/users/zhoushunyu/eqvae/experiments/prediction_target_toy_v4_main/seed20260807/D512/curv0p5/scale_unit_rms/loss_v/H512,1.435103416442871
512,0.5,unit_rms,512,v,xeps_g0p3,xeps,0.3,0.1421185392700062,0.0075621604919433,0.0058832438662648,0.1003997532425546,0.07265016987765,0.1211762890153359,20260807,/data/users/zhoushunyu/eqvae/experiments/prediction_target_toy_v4_main/seed20260807/D512/curv0p5/scale_unit_rms/loss_v/H512,1.435103416442871
512,0.5,unit_rms,512,v,xv_tan_g0p3,xv_tangent,0.3,0.0381490445830885,0.000247836112976,0.0064089675433933,0.0022578368294514,-0.0009833518005212,0.0055497275312169,20260807,/data/users/zhoushunyu/eqvae/experiments/prediction_target_toy_v4_main/seed20260807/D512/curv0p5/scale_unit_rms/loss_v/H512,1.435103416442871
512,0.5,unit_rms,512,v,xv_normcomp_g0p3,xv_normal,0.3,0.0360434614605938,0.0001907348632812,0.00712022325024,0.0003519499195436,-0.0015475137774952,0.0021689577388199,20260807,/data/users/zhoushunyu/eqvae/experiments/prediction_target_toy_v4_main/seed20260807/D512/curv0p5/scale_unit_rms/loss_v/H512,1.435103416442871
512,0.5,unit_rms,512,v,xv_rms_etam0p03,xv_norm,-0.03,0.033599866681722,0.0001584291458129,0.0303860530257225,-0.0011430931608163,-0.0025324296721814,0.0005153302660066,20260807,/data/users/zhoushunyu/eqvae/experiments/prediction_target_toy_v4_main/seed20260807/D512/curv0p5/scale_unit_rms/loss_v/H512,1.435103416442871
512,0.5,unit_rms,512,v,xv_rms_etam0p01,xv_norm,-0.01,0.0344774819002006,0.0001685619354248,0.0118502676486969,-0.000540606318351,-0.0010702243389958,0.0002951279050809,20260807,/data/users/zhoushunyu/eqvae/experiments/prediction_target_toy_v4_main/seed20260807/D512/curv0p5/scale_unit_rms/loss_v/H512,1.435103416442871
512,0.5,unit_rms,512,v,xv_rms_eta0p01,xv_norm,0.01,0.0368047095702388,0.0002037286758422,0.011043032631278,0.0011359588444095,1.0811139326254517e-05,0.0020632208873814,20260807,/data/users/zhoushunyu/eqvae/experiments/prediction_target_toy_v4_main/seed20260807/D512/curv0p5/scale_unit_rms/loss_v/H512,1.435103416442871
512,0.5,unit_rms,512,v,xv_rms_eta0p03,xv_norm,0.03,0.0438141832747618,0.0003083944320678,0.0124286189675331,0.0064808488546919,0.0018845229609422,0.0096279875170179,20260807,/data/users/zhoushunyu/eqvae/experiments/prediction_target_toy_v4_main/seed20260807/D512/curv0p5/scale_unit_rms/loss_v/H512,1.435103416442871
512,0.5,unit_rms,64,v,x,x,0.0,0.030647308062646,-0.0001106262207031,0.0289795044809579,0.0,0.0,0.0,20260807,/data/users/zhoushunyu/eqvae/experiments/prediction_target_toy_v4_main/seed20260807/D512/curv0p5/scale_unit_rms/loss_v/H64,1.521430253982544
512,0.5,unit_rms,64,v,v,v,0.0,0.0384825080550064,0.0002734661102294,0.969264030456543,-0.0027106461872176,-0.0224816899135626,0.0143515094033918,20260807,/data/users/zhoushunyu/eqvae/experiments/prediction_target_toy_v4_main/seed20260807/D512/curv0p5/scale_unit_rms/loss_v/H64,1.521430253982544
512,0.5,unit_rms,64,v,eps,eps,0.0,1.4595866720748014,0.2774525284767151,45.978965759277344,1.4052225629430808,1.328190214636249,1.4613341710809158,20260807,/data/users/zhoushunyu/eqvae/experiments/prediction_target_toy_v4_main/seed20260807/D512/curv0p5/scale_unit_rms/loss_v/H64,1.521430253982544
512,0.5,unit_rms,64,v,oracle,oracle,0.0,,,,,,,20260807,/data/users/zhoushunyu/eqvae/experiments/prediction_target_toy_v4_main/seed20260807/D512/curv0p5/scale_unit_rms/loss_v/H64,1.521430253982544
512,0.5,unit_rms,64,v,xv_gm0p1,xv,-0.1,0.0285871567119968,-0.0001261234283447,0.0286675039678812,-0.0014381976777549,-0.0036149351353218,0.0010230410610162,20260807,/data/users/zhoushunyu/eqvae/experiments/prediction_target_toy_v4_main/seed20260807/D512/curv0p5/scale_unit_rms/loss_v/H64,1.521430253982544
512,0.5,unit_rms,64,v,xeps_gm0p1,xeps,-0.1,0.0310365480334601,-0.0001277923583984,0.0353543758392334,-4.112374291597304e-06,-0.0035383991492114,0.0028589461947993,20260807,/data/users/zhoushunyu/eqvae/experiments/prediction_target_toy_v4_main/seed20260807/D512/curv0p5/scale_unit_rms/loss_v/H64,1.521430253982544
512,0.5,unit_rms,64,v,xv_tan_gm0p1,xv_tangent,-0.1,0.0287352400207441,-0.0001232624053955,0.027871461585164,-0.0013087918520579,-0.0027399697132822,0.0008682908846346,20260807,/data/users/zhoushunyu/eqvae/experiments/prediction_target_toy_v4_main/seed20260807/D512/curv0p5/scale_unit_rms/loss_v/H64,1.521430253982544
512,0.5,unit_rms,64,v,xv_normcomp_gm0p1,xv_normal,-0.1,0.0303926313817535,-0.0001149177551269,0.029798399657011,-0.0001742138310558,-0.0009525304864292,0.0006206212743623,20260807,/data/users/zhoushunyu/eqvae/experiments/prediction_target_toy_v4_main/seed20260807/D512/curv0p5/scale_unit_rms/loss_v/H64,1.521430253982544
512,0.5,unit_rms,64,v,xv_gm0p03,xv,-0.03,0.0300300165455973,-0.0001146793365478,0.0287921745330095,-0.0004707339230695,-0.0010852038457081,0.0001697822804602,20260807,/data/users/zhoushunyu/eqvae/experiments/prediction_target_toy_v4_main/seed20260807/D512/curv0p5/scale_unit_rms/loss_v/H64,1.521430253982544
512,0.5,unit_rms,64,v,xeps_gm0p03,xeps,-0.03,0.0308981035305002,-0.0001131296157836,0.0305344723165035,8.888533303853238e-05,-0.0008764775041406,0.0010427290714945,20260807,/data/users/zhoushunyu/eqvae/experiments/prediction_target_toy_v4_main/seed20260807/D512/curv0p5/scale_unit_rms/loss_v/H64,1.521430253982544
512,0.5,unit_rms,64,v,xv_tan_gm0p03,xv_tangent,-0.03,0.0301104871751004,-0.0001136064529418,0.0286647845059633,-0.0003963025317321,-0.0008871463211385,0.0001898527028596,20260807,/data/users/zhoushunyu/eqvae/experiments/prediction_target_toy_v4_main/seed20260807/D512/curv0p5/scale_unit_rms/loss_v/H64,1.521430253982544
512,0.5,unit_rms,64,v,xv_normcomp_gm0p03,xv_normal,-0.03,0.0305462220563393,-0.0001111030578613,0.0291330981999635,-7.809814425324947e-05,-0.0003441533053032,0.0001769423043308,20260807,/data/users/zhoushunyu/eqvae/experiments/prediction_target_toy_v4_main/seed20260807/D512/curv0p5/scale_unit_rms/loss_v/H64,1.521430253982544
512,0.5,unit_rms,64,v,xv_gm0p01,xv,-0.01,0.0304193180979639,-0.000111699104309,0.028926583006978,-0.0001555328667491,-0.000443602194606,0.0001105174097574,20260807,/data/users/zhoushunyu/eqvae/experiments/prediction_target_toy_v4_main/seed20260807/D512/curv0p5/scale_unit_rms/loss_v/H64,1.521430253982544
512,0.5,unit_rms,64,v,xeps_gm0p01,xeps,-0.01,0.0307098547269561,-0.0001114606857299,0.0294555835425853,2.397443743816459e-05,-0.000334360359317,0.000312021456321,20260807,/data/users/zhoushunyu/eqvae/experiments/prediction_target_toy_v4_main/seed20260807/D512/curv0p5/scale_unit_rms/loss_v/H64,1.521430253982544
512,0.5,unit_rms,64,v,xv_tan_gm0p01,xv_tangent,-0.01,0.0304545498819541,-0.0001097917556762,0.0288907289505004,-0.0001315140349921,-0.0003762875258149,0.0001058260115609,20260807,/data/users/zhoushunyu/eqvae/experiments/prediction_target_toy_v4_main/seed20260807/D512/curv0p5/scale_unit_rms/loss_v/H64,1.521430253982544
512,0.5,unit_rms,64,v,xv_normcomp_gm0p01,xv_normal,-0.01,0.0306195689559083,-0.0001096725463867,0.0290240719914436,-2.9863497705054435e-05,-0.0001814334450968,0.0001114950871435,20260807,/data/users/zhoushunyu/eqvae/experiments/prediction_target_toy_v4_main/seed20260807/D512/curv0p5/scale_unit_rms/loss_v/H64,1.521430253982544
512,0.5,unit_rms,64,v,xv_g0p003,xv,0.003,0.0307152751215736,-0.0001090764999389,0.0289957020431756,5.67434116437171e-05,-2.7764733521824272e-05,0.0001800360819133,20260807,/data/users/zhoushunyu/eqvae/experiments/prediction_target_toy_v4_main/seed20260807/D512/curv0p5/scale_unit_rms/loss_v/H64,1.521430253982544
512,0.5,unit_rms,64,v,xeps_g0p003,xeps,0.003,0.0306252322936199,-0.0001106262207031,0.0288501512259244,-1.4285205007122936e-05,-0.0001590437344598,0.0001745630207672,20260807,/data/users/zhoushunyu/eqvae/experiments/prediction_target_toy_v4_main/seed20260807/D512/curv0p5/scale_unit_rms/loss_v/H64,1.521430253982544
512,0.5,unit_rms,64,v,xv_tan_g0p003,xv_tangent,0.003,0.0307034690420454,-0.000109314918518,0.0290082078427076,4.864040808974873e-05,-1.994830397116128e-05,0.000149150318046,20260807,/data/users/zhoushunyu/eqvae/experiments/prediction_target_toy_v4_main/seed20260807/D512/curv0p5/scale_unit_rms/loss_v/H64,1.521430253982544
512,0.5,unit_rms,64,v,xv_normcomp_g0p003,xv_normal,0.003,0.0306590885951744,-0.0001096725463867,0.0289674550294876,1.1411060102344205e-05,-1.9833485193952728e-05,5.748553865005144e-05,20260807,/data/users/zhoushunyu/eqvae/experiments/prediction_target_toy_v4_main/seed20260807/D512/curv0p5/scale_unit_rms/loss_v/H64,1.521430253982544
512,0.5,unit_rms,64,v,xv_g0p01,xv,0.01,0.0308759778740108,-0.0001077651977539,0.0290337726473808,0.0001792416733439,-6.301542404965194e-05,0.0005750453882235,20260807,/data/users/zhoushunyu/eqvae/experiments/prediction_target_toy_v4_main/seed20260807/D512/curv0p5/scale_unit_rms/loss_v/H64,1.521430253982544
512,0.5,unit_rms,64,v,xeps_g0p01,xeps,0.01,0.030556960879424,-0.0001087188720703,0.0285639092326164,-1.5799368169656172e-05,-0.0004903668868964,0.0006697308789823,20260807,/data/users/zhoushunyu/eqvae/experiments/prediction_target_toy_v4_main/seed20260807/D512/curv0p5/scale_unit_rms/loss_v/H64,1.521430253982544
512,0.5,unit_rms,64,v,xv_tan_g0p01,xv_tangent,0.01,0.0308454906453196,-0.0001072883605957,0.029076674953103,0.0001568023624415,-3.875121665972703e-05,0.00048034175469,20260807,/data/users/zhoushunyu/eqvae/experiments/prediction_target_toy_v4_main/seed20260807/D512/curv0p5/scale_unit_rms/loss_v/H64,1.521430253982544
512,0.5,unit_rms,64,v,xv_normcomp_g0p01,xv_normal,0.01,0.0306838240417239,-0.000110387802124,0.0289413575083017,3.182748859995227e-05,-5.981531268188667e-05,0.0001405856490545,20260807,/data/users/zhoushunyu/eqvae/experiments/prediction_target_toy_v4_main/seed20260807/D512/curv0p5/scale_unit_rms/loss_v/H64,1.521430253982544
512,0.5,unit_rms,64,v,xv_g0p03,xv,0.03,0.0312401912597517,-0.000104546546936,0.0291808061301708,0.0004607973849054,-0.0001286747446524,0.0011714178415786,20260807,/data/users/zhoushunyu/eqvae/experiments/prediction_target_toy_v4_main/seed20260807/D512/curv0p5/scale_unit_rms/loss_v/H64,1.521430253982544
512,0.5,unit_rms,64,v,xeps_g0p03,xeps,0.03,0.0302581408813543,-0.0001078844070434,0.0278008598834276,-0.0001059075221905,-0.0012572062150964,0.0011406482820145,20260807,/data/users/zhoushunyu/eqvae/experiments/prediction_target_toy_v4_main/seed20260807/D512/curv0p5/scale_unit_rms/loss_v/H64,1.521430253982544
512,0.5,unit_rms,64,v,xv_tan_g0p03,xv_tangent,0.03,0.0311505899008946,-0.0001051425933837,0.0292619988322258,0.0004029736464075,-9.353618872338618e-05,0.0010477164590423,20260807,/data/users/zhoushunyu/eqvae/experiments/prediction_target_toy_v4_main/seed20260807/D512/curv0p5/scale_unit_rms/loss_v/H64,1.521430253982544
512,0.5,unit_rms,64,v,xv_normcomp_g0p03,xv_normal,0.03,0.030744656914377,-0.0001077651977539,0.0288838520646095,8.443693635695672e-05,-0.000155288682473,0.0003320282638579,20260807,/data/users/zhoushunyu/eqvae/experiments/prediction_target_toy_v4_main/seed20260807/D512/curv0p5/scale_unit_rms/loss_v/H64,1.521430253982544
512,0.5,unit_rms,64,v,xv_g0p1,xv,0.1,0.0328339503657326,-8.702278137207031e-05,0.0298473201692104,0.0015319125155243,-0.0006512327535662,0.0033381788965512,20260807,/data/users/zhoushunyu/eqvae/experiments/prediction_target_toy_v4_main/seed20260807/D512/curv0p5/scale_unit_rms/loss_v/H64,1.521430253982544
512,0.5,unit_rms,64,v,xeps_g0p1,xeps,0.1,0.0301394553180502,-0.0001015663146972,0.0255687516182661,-0.0005364697394882,-0.0034732475792335,0.0031304509686624,20260807,/data/users/zhoushunyu/eqvae/experiments/prediction_target_toy_v4_main/seed20260807/D512/curv0p5/scale_unit_rms/loss_v/H64,1.521430253982544
512,0.5,unit_rms,64,v,xv_tan_g0p1,xv_tangent,0.1,0.032553816458825,-9.5367431640625e-05,0.0300324577838182,0.0012464910095943,-0.0003369945432834,0.0028108913987018,20260807,/data/users/zhoushunyu/eqvae/experiments/prediction_target_toy_v4_main/seed20260807/D512/curv0p5/scale_unit_rms/loss_v/H64,1.521430253982544
512,0.5,unit_rms,64,v,xv_normcomp_g0p1,xv_normal,0.1,0.0309262036489701,-0.000101089477539,0.0287513062357902,0.000225568586317,-0.0005055907063485,0.0009432071847531,20260807,/data/users/zhoushunyu/eqvae/experiments/prediction_target_toy_v4_main/seed20260807/D512/curv0p5/scale_unit_rms/loss_v/H64,1.521430253982544
512,0.5,unit_rms,64,v,xv_g0p3,xv,0.3,0.0368129188993056,-4.935264587402344e-05,0.031554490327835,0.0044954898048124,-0.0012129908617562,0.0100163558625076,20260807,/data/users/zhoushunyu/eqvae/experiments/prediction_target_toy_v4_main/seed20260807/D512/curv0p5/scale_unit_rms/loss_v/H64,1.521430253982544
512,0.5,unit_rms,64,v,xeps_g0p3,xeps,0.3,0.0352121723206403,2.1696090698242188e-05,0.0215421412140131,0.0002775238961734,-0.0100710672811814,0.0134247970395192,20260807,/data/users/zhoushunyu/eqvae/experiments/prediction_target_toy_v4_main/seed20260807/D512/curv0p5/scale_unit_rms/loss_v/H64,1.521430253982544
512,0.5,unit_rms,64,v,xv_tan_g0p3,xv_tangent,0.3,0.0352333285308647,-8.237361907958984e-05,0.0317408666014671,0.0032174377983103,-0.0009474000042769,0.0076933055851684,20260807,/data/users/zhoushunyu/eqvae/experiments/prediction_target_toy_v4_main/seed20260807/D512/curv0p5/scale_unit_rms/loss_v/H64,1.521430253982544
512,0.5,unit_rms,64,v,xv_normcomp_g0p3,xv_normal,0.3,0.0314781306902982,-9.03606414794922e-05,0.0287155397236347,0.0006681810578045,-0.0011737502610524,0.0027049985438059,20260807,/data/users/zhoushunyu/eqvae/experiments/prediction_target_toy_v4_main/seed20260807/D512/curv0p5/scale_unit_rms/loss_v/H64,1.521430253982544
512,0.5,unit_rms,64,v,xv_rms_etam0p03,xv_norm,-0.03,0.0299239805402427,-0.0001231431961059,0.045812252908945,-0.0006566950708724,-0.0018276397050965,0.000999607349435,20260807,/data/users/zhoushunyu/eqvae/experiments/prediction_target_toy_v4_main/seed20260807/D512/curv0p5/scale_unit_rms/loss_v/H64,1.521430253982544
512,0.5,unit_rms,64,v,xv_rms_etam0p01,xv_norm,-0.01,0.0302790014915974,-0.0001189708709716,0.0321780890226364,-0.0002858284544598,-0.0007901274537032,0.0003603479668841,20260807,/data/users/zhoushunyu/eqvae/experiments/prediction_target_toy_v4_main/seed20260807/D512/curv0p5/scale_unit_rms/loss_v/H64,1.521430253982544
512,0.5,unit_rms,64,v,xv_rms_eta0p01,xv_norm,0.01,0.0313729360475564,-9.083747863769533e-05,0.0310369618237018,0.0005097715565259,-0.0004512337374415,0.0011773932826019,20260807,/data/users/zhoushunyu/eqvae/experiments/prediction_target_toy_v4_main/seed20260807/D512/curv0p5/scale_unit_rms/loss_v/H64,1.521430253982544
512,0.5,unit_rms,64,v,xv_rms_eta0p03,xv_norm,0.03,0.0364218729069275,4.57763671875e-05,0.0371945351362228,0.0035367880054562,-0.0008535752980559,0.0068856874235764,20260807,/data/users/zhoushunyu/eqvae/experiments/prediction_target_toy_v4_main/seed20260807/D512/curv0p5/scale_unit_rms/loss_v/H64,1.521430253982544
512,1.0,unit_rms,1024,v,x,x,0.0,0.0417396557350576,0.0004886388778686,0.0114282304421067,0.0,0.0,0.0,20260807,/data/users/zhoushunyu/eqvae/experiments/prediction_target_toy_v4_main/seed20260807/D512/curv1/scale_unit_rms/loss_v/H1024,1.4571882486343384
512,1.0,unit_rms,1024,v,v,v,0.0,0.0342409692137877,0.0002361536026,0.4534256756305694,-0.0063783935422259,-0.0206290430439356,0.005714471417413,20260807,/data/users/zhoushunyu/eqvae/experiments/prediction_target_toy_v4_main/seed20260807/D512/curv1/scale_unit_rms/loss_v/H1024,1.4571882486343384
512,1.0,unit_rms,1024,v,eps,eps,0.0,0.2867797066705602,0.0348463058471679,2.137411832809448,0.2148969024366884,0.1813630927920391,0.2435378744076444,20260807,/data/users/zhoushunyu/eqvae/experiments/prediction_target_toy_v4_main/seed20260807/D512/curv1/scale_unit_rms/loss_v/H1024,1.4571882486343384
512,1.0,unit_rms,1024,v,oracle,oracle,0.0,0.0349962152984949,0.0002155303955078,0.0083835087716579,-0.0115099335798668,-0.0374280959644913,0.0188667489498929,20260807,/data/users/zhoushunyu/eqvae/experiments/prediction_target_toy_v4_main/seed20260807/D512/curv1/scale_unit_rms/loss_v/H1024,1.4571882486343384
512,1.0,unit_rms,1024,v,xv_gm0p1,xv,-0.1,0.0399919543036991,0.0004216432571411,0.0115182707086205,-0.0011178503585979,-0.0039298186722931,0.0016903038155386,20260807,/data/users/zhoushunyu/eqvae/experiments/prediction_target_toy_v4_main/seed20260807/D512/curv1/scale_unit_rms/loss_v/H1024,1.4571882486343384
512,1.0,unit_rms,1024,v,xeps_gm0p1,xeps,-0.1,0.0523572818335321,0.0010367631912231,0.0119668580591678,0.0072912151603866,-0.0009032268407719,0.0145201572839975,20260807,/data/users/zhoushunyu/eqvae/experiments/prediction_target_toy_v4_main/seed20260807/D512/curv1/scale_unit_rms/loss_v/H1024,1.4571882486343384
512,1.0,unit_rms,1024,v,xv_tan_gm0p1,xv_tangent,-0.1,0.0408907591926185,0.0004539489746093,0.0113479429855942,-0.001008741226426,-0.0027499890395553,0.0008634047384996,20260807,/data/users/zhoushunyu/eqvae/experiments/prediction_target_toy_v4_main/seed20260807/D512/curv1/scale_unit_rms/loss_v/H1024,1.4571882486343384
512,1.0,unit_rms,1024,v,xv_normcomp_gm0p1,xv_normal,-0.1,0.0413598815084614,0.000481367111206,0.0116330087184906,-0.0001832090432931,-0.0023339791710698,0.0016453944209297,20260807,/data/users/zhoushunyu/eqvae/experiments/prediction_target_toy_v4_main/seed20260807/D512/curv1/scale_unit_rms/loss_v/H1024,1.4571882486343384
512,1.0,unit_rms,1024,v,xv_gm0p03,xv,-0.03,0.0415913943819805,0.0004887580871582,0.0114748841151595,-0.000410642560828,-0.0022345191101817,0.0012289705741617,20260807,/data/users/zhoushunyu/eqvae/experiments/prediction_target_toy_v4_main/seed20260807/D512/curv1/scale_unit_rms/loss_v/H1024,1.4571882486343384
512,1.0,unit_rms,1024,v,xeps_gm0p03,xeps,-0.03,0.0436791778771585,0.0005760192871093,0.011432908475399,0.0014187376828438,-0.0013527166103383,0.0041321658905722,20260807,/data/users/zhoushunyu/eqvae/experiments/prediction_target_toy_v4_main/seed20260807/D512/curv1/scale_unit_rms/loss_v/H1024,1.4571882486343384
512,1.0,unit_rms,1024,v,xv_tan_gm0p03,xv_tangent,-0.03,0.041435526592055,0.0004777908325195,0.0113949021324515,-0.0003145129616643,-0.0011850002512846,0.0004474154781007,20260807,/data/users/zhoushunyu/eqvae/experiments/prediction_target_toy_v4_main/seed20260807/D512/curv1/scale_unit_rms/loss_v/H1024,1.4571882486343384
512,1.0,unit_rms,1024,v,xv_normcomp_gm0p03,xv_normal,-0.03,0.0416937685942966,0.0004866123199462,0.011449771001935,-0.0002419967695368,-0.0014637567892168,0.0006674433438949,20260807,/data/users/zhoushunyu/eqvae/experiments/prediction_target_toy_v4_main/seed20260807/D512/curv1/scale_unit_rms/loss_v/H1024,1.4571882486343384
512,1.0,unit_rms,1024,v,xv_gm0p01,xv,-0.01,0.0416451287286993,0.0004823207855224,0.0114107187837362,-9.80812300597312e-05,-0.0009026903764211,0.0006192923379139,20260807,/data/users/zhoushunyu/eqvae/experiments/prediction_target_toy_v4_main/seed20260807/D512/curv1/scale_unit_rms/loss_v/H1024,1.4571882486343384
512,1.0,unit_rms,1024,v,xeps_gm0p01,xeps,-0.01,0.0421785766631017,0.0005102157592773,0.0114610865712165,0.0005254658158175,-0.0003821621736523,0.0017691552169073,20260807,/data/users/zhoushunyu/eqvae/experiments/prediction_target_toy_v4_main/seed20260807/D512/curv1/scale_unit_rms/loss_v/H1024,1.4571882486343384
512,1.0,unit_rms,1024,v,xv_tan_gm0p01,xv_tangent,-0.01,0.0416610012182472,0.000483751296997,0.0114310607314109,-0.000100609524365,-0.0009189465127389,0.0006130234673703,20260807,/data/users/zhoushunyu/eqvae/experiments/prediction_target_toy_v4_main/seed20260807/D512/curv1/scale_unit_rms/loss_v/H1024,1.4571882486343384
512,1.0,unit_rms,1024,v,xv_normcomp_gm0p01,xv_normal,-0.01,0.0417418003668895,0.0004875659942626,0.0114167658612132,-2.5838511420498143e-05,-0.0008358322313847,0.0006478339455408,20260807,/data/users/zhoushunyu/eqvae/experiments/prediction_target_toy_v4_main/seed20260807/D512/curv1/scale_unit_rms/loss_v/H1024,1.4571882486343384
512,1.0,unit_rms,1024,v,xv_g0p003,xv,0.003,0.0417597782314695,0.0004885196685791,0.0114445127546787,1.3469070973878283e-05,-0.000109806128073,9.951891174625016e-05,20260807,/data/users/zhoushunyu/eqvae/experiments/prediction_target_toy_v4_main/seed20260807/D512/curv1/scale_unit_rms/loss_v/H1024,1.4571882486343384
512,1.0,unit_rms,1024,v,xeps_g0p003,xeps,0.003,0.0417303020549799,0.0004900693893432,0.0114354090765118,-0.0002754779026065,-0.0013507564897424,0.000353196823912,20260807,/data/users/zhoushunyu/eqvae/experiments/prediction_target_toy_v4_main/seed20260807/D512/curv1/scale_unit_rms/loss_v/H1024,1.4571882486343384
512,1.0,unit_rms,1024,v,xv_tan_g0p003,xv_tangent,0.003,0.0417620249830637,0.0004889965057373,0.0114376964047551,1.6718652764780503e-05,-6.495165523380253e-05,5.1871967038602494e-05,20260807,/data/users/zhoushunyu/eqvae/experiments/prediction_target_toy_v4_main/seed20260807/D512/curv1/scale_unit_rms/loss_v/H1024,1.4571882486343384
512,1.0,unit_rms,1024,v,xv_normcomp_g0p003,xv_normal,0.003,0.0417384733735718,0.000487208366394,0.0114324474707245,5.072117982596324e-07,-3.530940197685028e-05,4.746708832234663e-05,20260807,/data/users/zhoushunyu/eqvae/experiments/prediction_target_toy_v4_main/seed20260807/D512/curv1/scale_unit_rms/loss_v/H1024,1.4571882486343384
512,1.0,unit_rms,1024,v,xv_g0p01,xv,0.01,0.0418839103138443,0.0004987716674804,0.0114452252164483,-5.345636358039189e-05,-0.0010961549292144,0.000471002963286,20260807,/data/users/zhoushunyu/eqvae/experiments/prediction_target_toy_v4_main/seed20260807/D512/curv1/scale_unit_rms/loss_v/H1024,1.4571882486343384
512,1.0,unit_rms,1024,v,xeps_g0p01,xeps,0.01,0.040898070909658,0.0004574060440063,0.0114365657791495,-0.0008687077095349,-0.0024792434095935,0.000277412019038,20260807,/data/users/zhoushunyu/eqvae/experiments/prediction_target_toy_v4_main/seed20260807/D512/curv1/scale_unit_rms/loss_v/H1024,1.4571882486343384
512,1.0,unit_rms,1024,v,xv_tan_g0p01,xv_tangent,0.01,0.041766325328189,0.0004891157150268,0.011443187482655,4.906580631142292e-05,-0.0003252497860641,0.0002191597354264,20260807,/data/users/zhoushunyu/eqvae/experiments/prediction_target_toy_v4_main/seed20260807/D512/curv1/scale_unit_rms/loss_v/H1024,1.4571882486343384
512,1.0,unit_rms,1024,v,xv_normcomp_g0p01,xv_normal,0.01,0.0418420617787323,0.0004960298538208,0.0114467004314064,-9.473853353564631e-05,-0.0010926389946547,0.0004051565304883,20260807,/data/users/zhoushunyu/eqvae/experiments/prediction_target_toy_v4_main/seed20260807/D512/curv1/scale_unit_rms/loss_v/H1024,1.4571882486343384
512,1.0,unit_rms,1024,v,xv_g0p03,xv,0.03,0.0424397092426179,0.0005210638046264,0.0115265175700187,-7.618572796401976e-06,-0.0013625986140057,0.0009224691260217,20260807,/data/users/zhoushunyu/eqvae/experiments/prediction_target_toy_v4_main/seed20260807/D512/curv1/scale_unit_rms/loss_v/H1024,1.4571882486343384
512,1.0,unit_rms,1024,v,xeps_g0p03,xeps,0.03,0.0397932559415999,0.0004082918167114,0.011419297195971,-0.0019045440465146,-0.0044819823290564,0.0008979377405153,20260807,/data/users/zhoushunyu/eqvae/experiments/prediction_target_toy_v4_main/seed20260807/D512/curv1/scale_unit_rms/loss_v/H1024,1.4571882486343384
512,1.0,unit_rms,1024,v,xv_tan_g0p03,xv_tangent,0.03,0.0420605228755494,0.0005093812942504,0.0114709557965397,-5.1134311654400246e-05,-0.0011485490568807,0.0006979612554509,20260807,/data/users/zhoushunyu/eqvae/experiments/prediction_target_toy_v4_main/seed20260807/D512/curv1/scale_unit_rms/loss_v/H1024,1.4571882486343384
512,1.0,unit_rms,1024,v,xv_normcomp_g0p03,xv_normal,0.03,0.0419138618483542,0.0005004405975341,0.0114813223481178,-0.0001934448065096,-0.0013931639672016,0.0005191114673571,20260807,/data/users/zhoushunyu/eqvae/experiments/prediction_target_toy_v4_main/seed20260807/D512/curv1/scale_unit_rms/loss_v/H1024,1.4571882486343384
512,1.0,unit_rms,1024,v,xv_g0p1,xv,0.1,0.0432376036950352,0.0005526542663574,0.0117238368839025,0.0006385833275179,-0.0020768406632284,0.0026501299467847,20260807,/data/users/zhoushunyu/eqvae/experiments/prediction_target_toy_v4_main/seed20260807/D512/curv1/scale_unit_rms/loss_v/H1024,1.4571882486343384
512,1.0,unit_rms,1024,v,xeps_g0p1,xeps,0.1,0.0338815359730805,0.000205636024475,0.0115112038329243,-0.00469017626802,-0.0115742737052164,0.0042965627831052,20260807,/data/users/zhoushunyu/eqvae/experiments/prediction_target_toy_v4_main/seed20260807/D512/curv1/scale_unit_rms/loss_v/H1024,1.4571882486343384
512,1.0,unit_rms,1024,v,xv_tan_g0p1,xv_tangent,0.1,0.0429425245203531,0.0005384683609008,0.0114842606708407,0.0004614980858886,-0.0010685479137172,0.0016283776573272,20260807,/data/users/zhoushunyu/eqvae/experiments/prediction_target_toy_v4_main/seed20260807/D512/curv1/scale_unit_rms/loss_v/H1024,1.4571882486343384
512,1.0,unit_rms,1024,v,xv_normcomp_g0p1,xv_normal,0.1,0.0422995189301231,0.0005089044570922,0.0116685638204216,-0.0001559006640384,-0.0019147957296775,0.0011774008397611,20260807,/data/users/zhoushunyu/eqvae/experiments/prediction_target_toy_v4_main/seed20260807/D512/curv1/scale_unit_rms/loss_v/H1024,1.4571882486343384
512,1.0,unit_rms,1024,v,xv_g0p3,xv,0.3,0.0457441962354941,0.0006927251815795,0.0123565094545483,0.0032586188448764,-0.0019068605569384,0.0089171730056609,20260807,/data/users/zhoushunyu/eqvae/experiments/prediction_target_toy_v4_main/seed20260807/D512/curv1/scale_unit_rms/loss_v/H1024,1.4571882486343384
512,1.0,unit_rms,1024,v,xeps_g0p3,xeps,0.3,0.0391017586059841,0.0003947019577026,0.011744569055736,-0.0055582173456888,-0.0239346043350287,0.0178159491949874,20260807,/data/users/zhoushunyu/eqvae/experiments/prediction_target_toy_v4_main/seed20260807/D512/curv1/scale_unit_rms/loss_v/H1024,1.4571882486343384
512,1.0,unit_rms,1024,v,xv_tan_g0p3,xv_tangent,0.3,0.0452805512821912,0.0006506443023681,0.0115248635411262,0.0024073592282604,-0.0008788246027268,0.005673681002434,20260807,/data/users/zhoushunyu/eqvae/experiments/prediction_target_toy_v4_main/seed20260807/D512/curv1/scale_unit_rms/loss_v/H1024,1.4571882486343384
512,1.0,unit_rms,1024,v,xv_normcomp_g0p3,xv_normal,0.3,0.0431145392053269,0.000557541847229,0.0121815167367458,0.000348794055614,-0.0035983875938845,0.0039608438166851,20260807,/data/users/zhoushunyu/eqvae/experiments/prediction_target_toy_v4_main/seed20260807/D512/curv1/scale_unit_rms/loss_v/H1024,1.4571882486343384
512,1.0,unit_rms,1024,v,xv_rms_etam0p03,xv_norm,-0.03,0.0396105790644193,0.0004148483276367,0.0318804010748863,-0.0018107181758803,-0.0039200425824583,0.0003368878076965,20260807,/data/users/zhoushunyu/eqvae/experiments/prediction_target_toy_v4_main/seed20260807/D512/curv1/scale_unit_rms/loss_v/H1024,1.4571882486343384
512,1.0,unit_rms,1024,v,xv_rms_etam0p01,xv_norm,-0.01,0.0409130917646817,0.0004583597183227,0.015081325545907,-0.0007425396830516,-0.0017246357807253,0.0002652240349554,20260807,/data/users/zhoushunyu/eqvae/experiments/prediction_target_toy_v4_main/seed20260807/D512/curv1/scale_unit_rms/loss_v/H1024,1.4571882486343384
512,1.0,unit_rms,1024,v,xv_rms_eta0p01,xv_norm,0.01,0.0429783788555206,0.0005363225936889,0.0150439571589231,0.0006422320214227,-0.0007793529539501,0.0015206011032165,20260807,/data/users/zhoushunyu/eqvae/experiments/prediction_target_toy_v4_main/seed20260807/D512/curv1/scale_unit_rms/loss_v/H1024,1.4571882486343384
512,1.0,unit_rms,1024,v,xv_rms_eta0p03,xv_norm,0.03,0.047627318913541,0.0006929636001586,0.0156058557331562,0.0041844387038133,0.0013002562682095,0.0064239414988398,20260807,/data/users/zhoushunyu/eqvae/experiments/prediction_target_toy_v4_main/seed20260807/D512/curv1/scale_unit_rms/loss_v/H1024,1.4571882486343384
512,1.0,unit_rms,128,v,x,x,0.0,0.0325044655059846,0.0001746416091918,0.028976384550333,0.0,0.0,0.0,20260807,/data/users/zhoushunyu/eqvae/experiments/prediction_target_toy_v4_main/seed20260807/D512/curv1/scale_unit_rms/loss_v/H128,1.5031542778015137
512,1.0,unit_rms,128,v,v,v,0.0,0.038643186894579,0.0003752708435058,0.9697877764701844,0.0049492749334631,-0.0078583744130238,0.0191488364266001,20260807,/data/users/zhoushunyu/eqvae/experiments/prediction_target_toy_v4_main/seed20260807/D512/curv1/scale_unit_rms/loss_v/H128,1.5031542778015137
512,1.0,unit_rms,128,v,eps,eps,0.0,1.4427452124438371,0.274073988199234,43.01154708862305,1.3801724007277552,1.3094912167356545,1.4580216096386651,20260807,/data/users/zhoushunyu/eqvae/experiments/prediction_target_toy_v4_main/seed20260807/D512/curv1/scale_unit_rms/loss_v/H128,1.5031542778015137
512,1.0,unit_rms,128,v,oracle,oracle,0.0,0.0456432519370493,0.0007433891296386,0.0084506096318364,0.0065143665633032,-0.014709154442746,0.0258065519421799,20260807,/data/users/zhoushunyu/eqvae/experiments/prediction_target_toy_v4_main/seed20260807/D512/curv1/scale_unit_rms/loss_v/H128,1.5031542778015137
512,1.0,unit_rms,128,v,xv_gm0p1,xv,-0.1,0.0330042754614298,0.0001962184906005,0.0295114610344171,-7.400305474247697e-05,-0.0025762924507349,0.0021747708110648,20260807,/data/users/zhoushunyu/eqvae/experiments/prediction_target_toy_v4_main/seed20260807/D512/curv1/scale_unit_rms/loss_v/H128,1.5031542778015137
512,1.0,unit_rms,128,v,xeps_gm0p1,xeps,-0.1,0.0281725030479319,-2.7418136596679688e-05,0.0397775620222091,-0.0020828604727604,-0.0129347554316759,0.0111168432793676,20260807,/data/users/zhoushunyu/eqvae/experiments/prediction_target_toy_v4_main/seed20260807/D512/curv1/scale_unit_rms/loss_v/H128,1.5031542778015137
512,1.0,unit_rms,128,v,xv_tan_gm0p1,xv_tangent,-0.1,0.032605110313002,0.0001853704452514,0.0280481688678264,-4.247178566188562e-05,-0.0016023791332671,0.0014311992371212,20260807,/data/users/zhoushunyu/eqvae/experiments/prediction_target_toy_v4_main/seed20260807/D512/curv1/scale_unit_rms/loss_v/H128,1.5031542778015137
512,1.0,unit_rms,128,v,xv_normcomp_gm0p1,xv_normal,-0.1,0.0325548249784661,0.0001806020736694,0.0304613523185253,-2.026371560365416e-05,-0.0013447671539947,0.0012012704845403,20260807,/data/users/zhoushunyu/eqvae/experiments/prediction_target_toy_v4_main/seed20260807/D512/curv1/scale_unit_rms/loss_v/H128,1.5031542778015137
512,1.0,unit_rms,128,v,xv_gm0p03,xv,-0.03,0.0324989577868482,0.000177264213562,0.0288575179874897,-9.975693009725737e-06,-0.0010109322436846,0.0010597996999729,20260807,/data/users/zhoushunyu/eqvae/experiments/prediction_target_toy_v4_main/seed20260807/D512/curv1/scale_unit_rms/loss_v/H128,1.5031542778015137
512,1.0,unit_rms,128,v,xeps_gm0p03,xeps,-0.03,0.0297148660422127,7.963180541992188e-05,0.0315047279000282,-0.0014205585042736,-0.0058235077807857,0.0036004595891136,20260807,/data/users/zhoushunyu/eqvae/experiments/prediction_target_toy_v4_main/seed20260807/D512/curv1/scale_unit_rms/loss_v/H128,1.5031542778015137
512,1.0,unit_rms,128,v,xv_tan_gm0p03,xv_tangent,-0.03,0.0323606810590923,0.0001724958419799,0.0285959430038929,-8.668478829450693e-05,-0.0007492879148431,0.0005849092895552,20260807,/data/users/zhoushunyu/eqvae/experiments/prediction_target_toy_v4_main/seed20260807/D512/curv1/scale_unit_rms/loss_v/H128,1.5031542778015137
512,1.0,unit_rms,128,v,xv_normcomp_gm0p03,xv_normal,-0.03,0.0323973443508811,0.0001704692840576,0.0292537342756986,-5.79271215160361e-06,-0.0006831149409411,0.000522519322215,20260807,/data/users/zhoushunyu/eqvae/experiments/prediction_target_toy_v4_main/seed20260807/D512/curv1/scale_unit_rms/loss_v/H128,1.5031542778015137
512,1.0,unit_rms,128,v,xv_gm0p01,xv,-0.01,0.0322918276740955,0.0001666545867919,0.0289353560656309,-2.583734412753797e-05,-0.0005507856564635,0.0004525794493965,20260807,/data/users/zhoushunyu/eqvae/experiments/prediction_target_toy_v4_main/seed20260807/D512/curv1/scale_unit_rms/loss_v/H128,1.5031542778015137
512,1.0,unit_rms,128,v,xeps_gm0p01,xeps,-0.01,0.0314248319416149,0.0001370906829833,0.0297412741929292,-0.0004873702179436,-0.002096916850284,0.0012957629269136,20260807,/data/users/zhoushunyu/eqvae/experiments/prediction_target_toy_v4_main/seed20260807/D512/curv1/scale_unit_rms/loss_v/H128,1.5031542778015137
512,1.0,unit_rms,128,v,xv_tan_gm0p01,xv_tangent,-0.01,0.0323134820998662,0.0001684427261352,0.0288482382893562,-2.4303507300497235e-05,-0.0004757162815521,0.0002179368374965,20260807,/data/users/zhoushunyu/eqvae/experiments/prediction_target_toy_v4_main/seed20260807/D512/curv1/scale_unit_rms/loss_v/H128,1.5031542778015137
512,1.0,unit_rms,128,v,xv_normcomp_gm0p01,xv_normal,-0.01,0.0324228044419188,0.0001716613769531,0.0290905516594648,-1.3782384812762031e-05,-0.0003107080360464,0.0002075751825244,20260807,/data/users/zhoushunyu/eqvae/experiments/prediction_target_toy_v4_main/seed20260807/D512/curv1/scale_unit_rms/loss_v/H128,1.5031542778015137
512,1.0,unit_rms,128,v,xv_g0p003,xv,0.003,0.0325506552957165,0.0001763105392456,0.0290007404983043,-1.5092985795067542e-05,-0.000390011112892,0.0005763862665152,20260807,/data/users/zhoushunyu/eqvae/experiments/prediction_target_toy_v4_main/seed20260807/D512/curv1/scale_unit_rms/loss_v/H128,1.5031542778015137
512,1.0,unit_rms,128,v,xeps_g0p003,xeps,0.003,0.0326868635337137,0.0001773834228515,0.0287500359117984,0.0001046306604407,-0.0003391790902025,0.0005160789237272,20260807,/data/users/zhoushunyu/eqvae/experiments/prediction_target_toy_v4_main/seed20260807/D512/curv1/scale_unit_rms/loss_v/H128,1.5031542778015137
512,1.0,unit_rms,128,v,xv_tan_g0p003,xv_tangent,0.003,0.0324965539578385,0.0001733303070068,0.0290087182074785,-2.7076432965600465e-05,-0.0002931043423006,0.0001226476880751,20260807,/data/users/zhoushunyu/eqvae/experiments/prediction_target_toy_v4_main/seed20260807/D512/curv1/scale_unit_rms/loss_v/H128,1.5031542778015137
512,1.0,unit_rms,128,v,xv_normcomp_g0p003,xv_normal,0.003,0.0326043900818294,0.0001757144927978,0.0289749838411808,-1.0212733667712068e-06,-0.0003014177521617,0.0004882263503204,20260807,/data/users/zhoushunyu/eqvae/experiments/prediction_target_toy_v4_main/seed20260807/D512/curv1/scale_unit_rms/loss_v/H128,1.5031542778015137
512,1.0,unit_rms,128,v,xv_g0p01,xv,0.01,0.0327833681713852,0.0001821517944335,0.028982238844037,-4.4861944122414826e-05,-0.0007691102519934,0.0008131807160624,20260807,/data/users/zhoushunyu/eqvae/experiments/prediction_target_toy_v4_main/seed20260807/D512/curv1/scale_unit_rms/loss_v/H128,1.5031542778015137
512,1.0,unit_rms,128,v,xeps_g0p01,xeps,0.01,0.03368949439957,0.0002082586288452,0.0283080749213695,0.0004889650700827,-0.0008803348858183,0.00190339922244,20260807,/data/users/zhoushunyu/eqvae/experiments/prediction_target_toy_v4_main/seed20260807/D512/curv1/scale_unit_rms/loss_v/H128,1.5031542778015137
512,1.0,unit_rms,128,v,xv_tan_g0p01,xv_tangent,0.01,0.0325796906550592,0.00017511844635,0.0290703978389501,-4.565665014657286e-05,-0.0005359773555399,0.0006401767871314,20260807,/data/users/zhoushunyu/eqvae/experiments/prediction_target_toy_v4_main/seed20260807/D512/curv1/scale_unit_rms/loss_v/H128,1.5031542778015137
512,1.0,unit_rms,128,v,xv_normcomp_g0p01,xv_normal,0.01,0.0326115116836183,0.0001758337020874,0.0289024282246828,-4.5455043696096645e-05,-0.0005609868348874,0.0007493089843627,20260807,/data/users/zhoushunyu/eqvae/experiments/prediction_target_toy_v4_main/seed20260807/D512/curv1/scale_unit_rms/loss_v/H128,1.5031542778015137
512,1.0,unit_rms,128,v,xv_g0p03,xv,0.03,0.0329885147533609,0.000186800956726,0.0289795007556676,-9.999236289116586e-06,-0.0010828875788119,0.0012312980095483,20260807,/data/users/zhoushunyu/eqvae/experiments/prediction_target_toy_v4_main/seed20260807/D512/curv1/scale_unit_rms/loss_v/H128,1.5031542778015137
512,1.0,unit_rms,128,v,xeps_g0p03,xeps,0.03,0.0359816640674781,0.0002890825271606,0.0270767379552125,0.0017266349073963,-0.0020794207839734,0.0057472188787024,20260807,/data/users/zhoushunyu/eqvae/experiments/prediction_target_toy_v4_main/seed20260807/D512/curv1/scale_unit_rms/loss_v/H128,1.5031542778015137
512,1.0,unit_rms,128,v,xv_tan_g0p03,xv_tangent,0.03,0.0327664595318214,0.0001786947250366,0.0292559508234262,-7.507613196116157e-05,-0.0008955081276206,0.0009269268813283,20260807,/data/users/zhoushunyu/eqvae/experiments/prediction_target_toy_v4_main/seed20260807/D512/curv1/scale_unit_rms/loss_v/H128,1.5031542778015137
512,1.0,unit_rms,128,v,xv_normcomp_g0p03,xv_normal,0.03,0.0327835532535817,0.0001810789108276,0.0287764519453048,-5.037011091512053e-05,-0.000745411505005,0.0007921887715884,20260807,/data/users/zhoushunyu/eqvae/experiments/prediction_target_toy_v4_main/seed20260807/D512/curv1/scale_unit_rms/loss_v/H128,1.5031542778015137
512,1.0,unit_rms,128,v,xv_g0p1,xv,0.1,0.0331868549562676,0.0001860857009887,0.0290974229574203,7.377437170201388e-05,-0.0034318672962351,0.0027244541802718,20260807,/data/users/zhoushunyu/eqvae/experiments/prediction_target_toy_v4_main/seed20260807/D512/curv1/scale_unit_rms/loss_v/H128,1.5031542778015137
512,1.0,unit_rms,128,v,xeps_g0p1,xeps,0.1,0.0469237013815773,0.0006698369979858,0.0242302250117063,0.0088342592260703,-0.0039549405707508,0.01955219909558,20260807,/data/users/zhoushunyu/eqvae/experiments/prediction_target_toy_v4_main/seed20260807/D512/curv1/scale_unit_rms/loss_v/H128,1.5031542778015137
512,1.0,unit_rms,128,v,xv_tan_g0p1,xv_tangent,0.1,0.0332844109529756,0.000186800956726,0.029799809679389,5.6908070636683234e-05,-0.0018025769008015,0.0019497572284383,20260807,/data/users/zhoushunyu/eqvae/experiments/prediction_target_toy_v4_main/seed20260807/D512/curv1/scale_unit_rms/loss_v/H128,1.5031542778015137
512,1.0,unit_rms,128,v,xv_normcomp_g0p1,xv_normal,0.1,0.0330010180661844,0.0001920461654663,0.0284199304878711,9.32740706951374e-05,-0.0017342020418601,0.0018818972190284,20260807,/data/users/zhoushunyu/eqvae/experiments/prediction_target_toy_v4_main/seed20260807/D512/curv1/scale_unit_rms/loss_v/H128,1.5031542778015137
512,1.0,unit_rms,128,v,xv_g0p3,xv,0.3,0.0353375323136143,0.00020432472229,0.0298770740628242,0.0012982337380725,-0.00506190875069,0.0077350766122101,20260807,/data/users/zhoushunyu/eqvae/experiments/prediction_target_toy_v4_main/seed20260807/D512/curv1/scale_unit_rms/loss_v/H128,1.5031542778015137
512,1.0,unit_rms,128,v,xeps_g0p3,xeps,0.3,0.1032213950458001,0.0038855075836181,0.0196271836757659,0.0551148536003553,0.0232618373960012,0.0796239853902914,20260807,/data/users/zhoushunyu/eqvae/experiments/prediction_target_toy_v4_main/seed20260807/D512/curv1/scale_unit_rms/loss_v/H128,1.5031542778015137
512,1.0,unit_rms,128,v,xv_tan_g0p3,xv_tangent,0.3,0.0341275156069391,0.0001775026321411,0.0314319096505641,0.000611004207367,-0.0035530674282033,0.0045955198362748,20260807,/data/users/zhoushunyu/eqvae/experiments/prediction_target_toy_v4_main/seed20260807/D512/curv1/scale_unit_rms/loss_v/H128,1.5031542778015137
512,1.0,unit_rms,128,v,xv_normcomp_g0p3,xv_normal,0.3,0.0342497010938343,0.0002194643020629,0.0278006456792354,0.0001267716772831,-0.0047722606256915,0.0038363648379262,20260807,/data/users/zhoushunyu/eqvae/experiments/prediction_target_toy_v4_main/seed20260807/D512/curv1/scale_unit_rms/loss_v/H128,1.5031542778015137
512,1.0,unit_rms,128,v,xv_rms_etam0p03,xv_norm,-0.03,0.0326847744005155,0.0001879930496215,0.04921405762434,2.3371203988195032e-05,-0.0011959497245874,0.0011449293187122,20260807,/data/users/zhoushunyu/eqvae/experiments/prediction_target_toy_v4_main/seed20260807/D512/curv1/scale_unit_rms/loss_v/H128,1.5031542778015137
512,1.0,unit_rms,128,v,xv_rms_etam0p01,xv_norm,-0.01,0.0323009028166045,0.0001693964004516,0.0335237495601177,-3.776648501136185e-05,-0.0005594709106003,0.0005498857841315,20260807,/data/users/zhoushunyu/eqvae/experiments/prediction_target_toy_v4_main/seed20260807/D512/curv1/scale_unit_rms/loss_v/H128,1.5031542778015137
512,1.0,unit_rms,128,v,xv_rms_eta0p01,xv_norm,0.01,0.0328414588977054,0.0001800060272216,0.0297358762472867,1.4101878911340837e-05,-0.0008884790974758,0.0009627102215208,20260807,/data/users/zhoushunyu/eqvae/experiments/prediction_target_toy_v4_main/seed20260807/D512/curv1/scale_unit_rms/loss_v/H128,1.5031542778015137
512,1.0,unit_rms,128,v,xv_rms_eta0p03,xv_norm,0.03,0.0340700805987908,0.000196099281311,0.0331060588359832,0.0007257699865491,-0.0015989799692115,0.0026933230201509,20260807,/data/users/zhoushunyu/eqvae/experiments/prediction_target_toy_v4_main/seed20260807/D512/curv1/scale_unit_rms/loss_v/H128,1.5031542778015137
512,1.0,unit_rms,256,v,x,x,0.0,0.0523530952144281,0.0008654594421386,0.0099644549190998,0.0,0.0,0.0,20260807,/data/users/zhoushunyu/eqvae/experiments/prediction_target_toy_v4_main/seed20260807/D512/curv1/scale_unit_rms/loss_v/H256,1.4589862823486328
512,1.0,unit_rms,256,v,v,v,0.0,0.0613410811099,0.0013980865478515,0.9249650835990906,0.0074367778923648,-0.0061780960481139,0.0202039331658081,20260807,/data/users/zhoushunyu/eqvae/experiments/prediction_target_toy_v4_main/seed20260807/D512/curv1/scale_unit_rms/loss_v/H256,1.4589862823486328
512,1.0,unit_rms,256,v,eps,eps,0.0,1.3927768249062176,0.261856198310852,36.56426239013672,1.3577831472167394,1.2759776861628342,1.4244039253940466,20260807,/data/users/zhoushunyu/eqvae/experiments/prediction_target_toy_v4_main/seed20260807/D512/curv1/scale_unit_rms/loss_v/H256,1.4589862823486328
512,1.0,unit_rms,256,v,oracle,oracle,0.0,0.0479077348560976,0.0006096363067626,0.0084810899570584,0.0003649956432342,-0.0207620680749062,0.0186326685258092,20260807,/data/users/zhoushunyu/eqvae/experiments/prediction_target_toy_v4_main/seed20260807/D512/curv1/scale_unit_rms/loss_v/H256,1.4589862823486328
512,1.0,unit_rms,256,v,xv_gm0p1,xv,-0.1,0.0532122376516325,0.0008907318115234,0.0105104548856616,0.0003997102134774,-0.0022164095661355,0.0032747016799992,20260807,/data/users/zhoushunyu/eqvae/experiments/prediction_target_toy_v4_main/seed20260807/D512/curv1/scale_unit_rms/loss_v/H256,1.4589862823486328
512,1.0,unit_rms,256,v,xeps_gm0p1,xeps,-0.1,0.0426058253138836,0.0003154277801513,0.0124377654865384,-0.0041258103049233,-0.0158034280218369,0.0085221116631616,20260807,/data/users/zhoushunyu/eqvae/experiments/prediction_target_toy_v4_main/seed20260807/D512/curv1/scale_unit_rms/loss_v/H256,1.4589862823486328
512,1.0,unit_rms,256,v,xv_tan_gm0p1,xv_tangent,-0.1,0.0531121766986093,0.0008857250213623,0.0099580129608511,-6.452285652321268e-05,-0.002083038393458,0.0016353477059256,20260807,/data/users/zhoushunyu/eqvae/experiments/prediction_target_toy_v4_main/seed20260807/D512/curv1/scale_unit_rms/loss_v/H256,1.4589862823486328
512,1.0,unit_rms,256,v,xv_normcomp_gm0p1,xv_normal,-0.1,0.052316553915615,0.0008476972579956,0.0105967782437801,0.0001309072864771,-0.0022416517756547,0.0023372398067745,20260807,/data/users/zhoushunyu/eqvae/experiments/prediction_target_toy_v4_main/seed20260807/D512/curv1/scale_unit_rms/loss_v/H256,1.4589862823486328
512,1.0,unit_rms,256,v,xv_gm0p03,xv,-0.03,0.0527297785374325,0.000872254371643,0.0100429728627204,1.6115569598330188e-06,-0.0014013938363519,0.001129170698899,20260807,/data/users/zhoushunyu/eqvae/experiments/prediction_target_toy_v4_main/seed20260807/D512/curv1/scale_unit_rms/loss_v/H256,1.4589862823486328
512,1.0,unit_rms,256,v,xeps_gm0p03,xeps,-0.03,0.0481529371576607,0.0006027221679687,0.0102959666401147,-0.0024642010325434,-0.0070863502753026,0.0022013459221609,20260807,/data/users/zhoushunyu/eqvae/experiments/prediction_target_toy_v4_main/seed20260807/D512/curv1/scale_unit_rms/loss_v/H256,1.4589862823486328
512,1.0,unit_rms,256,v,xv_tan_gm0p03,xv_tangent,-0.03,0.0526532919598749,0.0008786916732788,0.0099760266020894,-2.783443905793208e-05,-0.0007163159671273,0.0007677898343882,20260807,/data/users/zhoushunyu/eqvae/experiments/prediction_target_toy_v4_main/seed20260807/D512/curv1/scale_unit_rms/loss_v/H256,1.4589862823486328
512,1.0,unit_rms,256,v,xv_normcomp_gm0p03,xv_normal,-0.03,0.052784105925344,0.0008875131607055,0.0100077148526906,0.000105028773853,-0.000601437595565,0.0010124462388514,20260807,/data/users/zhoushunyu/eqvae/experiments/prediction_target_toy_v4_main/seed20260807/D512/curv1/scale_unit_rms/loss_v/H256,1.4589862823486328
512,1.0,unit_rms,256,v,xv_gm0p01,xv,-0.01,0.0525833852089794,0.0008760690689086,0.0099525805562734,3.7963208836455584e-05,-0.00060188799492,0.0006919344012502,20260807,/data/users/zhoushunyu/eqvae/experiments/prediction_target_toy_v4_main/seed20260807/D512/curv1/scale_unit_rms/loss_v/H256,1.4589862823486328
512,1.0,unit_rms,256,v,xeps_gm0p01,xeps,-0.01,0.0503225890657243,0.0007480382919311,0.0100843850523233,-0.0008725330594867,-0.0028999036512598,0.0011779354703462,20260807,/data/users/zhoushunyu/eqvae/experiments/prediction_target_toy_v4_main/seed20260807/D512/curv1/scale_unit_rms/loss_v/H256,1.4589862823486328
512,1.0,unit_rms,256,v,xv_tan_gm0p01,xv_tangent,-0.01,0.0524399722382455,0.0008715391159057,0.0099817886948585,-4.593017482764916e-06,-0.0005692863893161,0.0005543446138349,20260807,/data/users/zhoushunyu/eqvae/experiments/prediction_target_toy_v4_main/seed20260807/D512/curv1/scale_unit_rms/loss_v/H256,1.4589862823486328
512,1.0,unit_rms,256,v,xv_normcomp_gm0p01,xv_normal,-0.01,0.0524581681855289,0.0008702278137207,0.0099803414195775,-2.8565405640582632e-05,-0.000512450959824,0.0005343626155696,20260807,/data/users/zhoushunyu/eqvae/experiments/prediction_target_toy_v4_main/seed20260807/D512/curv1/scale_unit_rms/loss_v/H256,1.4589862823486328
512,1.0,unit_rms,256,v,xv_g0p003,xv,0.003,0.0522276054781941,0.0008593797683715,0.0099824275821447,-6.054729818466415e-06,-0.000372079137133,0.000300088666158,20260807,/data/users/zhoushunyu/eqvae/experiments/prediction_target_toy_v4_main/seed20260807/D512/curv1/scale_unit_rms/loss_v/H256,1.4589862823486328
512,1.0,unit_rms,256,v,xeps_g0p003,xeps,0.003,0.0530682971434646,0.0009052753448486,0.0099498974159359,0.0002655456068733,-0.0005632416701539,0.0012459195265542,20260807,/data/users/zhoushunyu/eqvae/experiments/prediction_target_toy_v4_main/seed20260807/D512/curv1/scale_unit_rms/loss_v/H256,1.4589862823486328
512,1.0,unit_rms,256,v,xv_tan_g0p003,xv_tangent,0.003,0.0522861830201605,0.0008611679077148,0.0099864536896348,3.694433872209746e-06,-0.0002507872424499,0.0002845467869701,20260807,/data/users/zhoushunyu/eqvae/experiments/prediction_target_toy_v4_main/seed20260807/D512/curv1/scale_unit_rms/loss_v/H256,1.4589862823486328
512,1.0,unit_rms,256,v,xv_normcomp_g0p003,xv_normal,0.003,0.052312746673433,0.0008634328842163,0.0099714118987321,8.14721467055607e-06,-5.615434270039143e-05,0.0002917268093492,20260807,/data/users/zhoushunyu/eqvae/experiments/prediction_target_toy_v4_main/seed20260807/D512/curv1/scale_unit_rms/loss_v/H256,1.4589862823486328
512,1.0,unit_rms,256,v,xv_g0p01,xv,0.01,0.051947580619158,0.0008406639099121,0.0099572446197271,-0.0001261379157855,-0.000825017623373,0.0004378281612034,20260807,/data/users/zhoushunyu/eqvae/experiments/prediction_target_toy_v4_main/seed20260807/D512/curv1/scale_unit_rms/loss_v/H256,1.4589862823486328
512,1.0,unit_rms,256,v,xeps_g0p01,xeps,0.01,0.0545071872577037,0.0009703636169433,0.0098845744505524,0.001152742790178,-0.001003003747029,0.0037365797379207,20260807,/data/users/zhoushunyu/eqvae/experiments/prediction_target_toy_v4_main/seed20260807/D512/curv1/scale_unit_rms/loss_v/H256,1.4589862823486328
512,1.0,unit_rms,256,v,xv_tan_g0p01,xv_tangent,0.01,0.0521209125821762,0.0008518695831298,0.0099770426750183,-2.5263268774708e-05,-0.0004892605166058,0.0003955771680256,20260807,/data/users/zhoushunyu/eqvae/experiments/prediction_target_toy_v4_main/seed20260807/D512/curv1/scale_unit_rms/loss_v/H256,1.4589862823486328
512,1.0,unit_rms,256,v,xv_normcomp_g0p01,xv_normal,0.01,0.0521708061402543,0.0008538961410522,0.0099919755011796,-4.434008384329446e-05,-0.0005014381770042,0.0003997825406235,20260807,/data/users/zhoushunyu/eqvae/experiments/prediction_target_toy_v4_main/seed20260807/D512/curv1/scale_unit_rms/loss_v/H256,1.4589862823486328
512,1.0,unit_rms,256,v,xv_g0p03,xv,0.03,0.0519187632926404,0.0008363723754882,0.0100638438016176,-0.0001428343777156,-0.0010597062489045,0.0010591782187629,20260807,/data/users/zhoushunyu/eqvae/experiments/prediction_target_toy_v4_main/seed20260807/D512/curv1/scale_unit_rms/loss_v/H256,1.4589862823486328
512,1.0,unit_rms,256,v,xeps_g0p03,xeps,0.03,0.0587319193254351,0.0012048482894897,0.0097326152026653,0.00358727547547,-0.0032417964924696,0.008599378827067,20260807,/data/users/zhoushunyu/eqvae/experiments/prediction_target_toy_v4_main/seed20260807/D512/curv1/scale_unit_rms/loss_v/H256,1.4589862823486328
512,1.0,unit_rms,256,v,xv_tan_g0p03,xv_tangent,0.03,0.0521002461691717,0.0008461475372314,0.0100428322330117,-7.292997297967223e-05,-0.0009068051384976,0.0010127294859832,20260807,/data/users/zhoushunyu/eqvae/experiments/prediction_target_toy_v4_main/seed20260807/D512/curv1/scale_unit_rms/loss_v/H256,1.4589862823486328
512,1.0,unit_rms,256,v,xv_normcomp_g0p03,xv_normal,0.03,0.0518539494305366,0.0008348226547241,0.009976121596992,-0.0001524311505754,-0.0009409555811358,0.000455562608224,20260807,/data/users/zhoushunyu/eqvae/experiments/prediction_target_toy_v4_main/seed20260807/D512/curv1/scale_unit_rms/loss_v/H256,1.4589862823486328
512,1.0,unit_rms,256,v,xv_g0p1,xv,0.1,0.0510600527342303,0.0007966756820678,0.0101458402350544,-0.0006060212247863,-0.0028953642717048,0.0015993848305898,20260807,/data/users/zhoushunyu/eqvae/experiments/prediction_target_toy_v4_main/seed20260807/D512/curv1/scale_unit_rms/loss_v/H256,1.4589862823486328
512,1.0,unit_rms,256,v,xeps_g0p1,xeps,0.1,0.0742648515402686,0.0021286010742187,0.0093332566320896,0.015414588102309,-0.0028127299716902,0.0281320426312583,20260807,/data/users/zhoushunyu/eqvae/experiments/prediction_target_toy_v4_main/seed20260807/D512/curv1/scale_unit_rms/loss_v/H256,1.4589862823486328
512,1.0,unit_rms,256,v,xv_tan_g0p1,xv_tangent,0.1,0.0519569845477973,0.0008412599563598,0.0100132646039128,-0.0002337434346103,-0.0016751168176488,0.0012192703550758,20260807,/data/users/zhoushunyu/eqvae/experiments/prediction_target_toy_v4_main/seed20260807/D512/curv1/scale_unit_rms/loss_v/H256,1.4589862823486328
512,1.0,unit_rms,256,v,xv_normcomp_g0p1,xv_normal,0.1,0.0518454031791246,0.0008273124694824,0.0101138791069388,-0.000301311242452,-0.0016995209006028,0.0010086446142199,20260807,/data/users/zhoushunyu/eqvae/experiments/prediction_target_toy_v4_main/seed20260807/D512/curv1/scale_unit_rms/loss_v/H256,1.4589862823486328
512,1.0,unit_rms,256,v,xv_g0p3,xv,0.3,0.0521058670180451,0.0008307695388793,0.0104422681033611,-0.0012536075633661,-0.0052826778735053,0.0033061402728481,20260807,/data/users/zhoushunyu/eqvae/experiments/prediction_target_toy_v4_main/seed20260807/D512/curv1/scale_unit_rms/loss_v/H256,1.4589862823486328
512,1.0,unit_rms,256,v,xeps_g0p3,xeps,0.3,0.1459899603674001,0.0081570148468017,0.0084202056750655,0.0787298142644524,0.0531564014664826,0.1006016627180971,20260807,/data/users/zhoushunyu/eqvae/experiments/prediction_target_toy_v4_main/seed20260807/D512/curv1/scale_unit_rms/loss_v/H256,1.4589862823486328
512,1.0,unit_rms,256,v,xv_tan_g0p3,xv_tangent,0.3,0.0519197104513813,0.0008189678192138,0.0100659430027008,-0.0004073425555396,-0.0034191337764175,0.0024823486899094,20260807,/data/users/zhoushunyu/eqvae/experiments/prediction_target_toy_v4_main/seed20260807/D512/curv1/scale_unit_rms/loss_v/H256,1.4589862823486328
512,1.0,unit_rms,256,v,xv_normcomp_g0p3,xv_normal,0.3,0.0505369304991806,0.0007665157318115,0.0103139486163854,-0.0008927906132803,-0.0039985860996494,0.0027700396901463,20260807,/data/users/zhoushunyu/eqvae/experiments/prediction_target_toy_v4_main/seed20260807/D512/curv1/scale_unit_rms/loss_v/H256,1.4589862823486328
512,1.0,unit_rms,256,v,xv_rms_etam0p03,xv_norm,-0.03,0.0522766893511163,0.0008620023727416,0.0324071459472179,-0.000290377597395,-0.0017678820443551,0.0010278867803922,20260807,/data/users/zhoushunyu/eqvae/experiments/prediction_target_toy_v4_main/seed20260807/D512/curv1/scale_unit_rms/loss_v/H256,1.4589862823486328
512,1.0,unit_rms,256,v,xv_rms_etam0p01,xv_norm,-0.01,0.0524021965350611,0.0008742809295654,0.0145912365987896,-0.0001274861231286,-0.0007431634136618,0.0006541739495823,20260807,/data/users/zhoushunyu/eqvae/experiments/prediction_target_toy_v4_main/seed20260807/D512/curv1/scale_unit_rms/loss_v/H256,1.4589862823486328
512,1.0,unit_rms,256,v,xv_rms_eta0p01,xv_norm,0.01,0.0523041502990514,0.0008449554443359,0.0141491089016199,0.0001660151433828,-0.0005491814185443,0.0008003661950529,20260807,/data/users/zhoushunyu/eqvae/experiments/prediction_target_toy_v4_main/seed20260807/D512/curv1/scale_unit_rms/loss_v/H256,1.4589862823486328
512,1.0,unit_rms,256,v,xv_rms_eta0p03,xv_norm,0.03,0.0547808147028662,0.0008975267410278,0.0174157861620187,0.0021044271769649,0.0009541967165667,0.0037061390619424,20260807,/data/users/zhoushunyu/eqvae/experiments/prediction_target_toy_v4_main/seed20260807/D512/curv1/scale_unit_rms/loss_v/H256,1.4589862823486328
512,1.0,unit_rms,512,v,x,x,0.0,0.0457528137072146,0.0006531476974487,0.0111933257430791,0.0,0.0,0.0,20260807,/data/users/zhoushunyu/eqvae/experiments/prediction_target_toy_v4_main/seed20260807/D512/curv1/scale_unit_rms/loss_v/H512,1.5579954385757446
512,1.0,unit_rms,512,v,v,v,0.0,0.0481556228349575,0.0007544755935668,0.7779282331466675,0.001320514276117,-0.0087198402806554,0.0135312844691589,20260807,/data/users/zhoushunyu/eqvae/experiments/prediction_target_toy_v4_main/seed20260807/D512/curv1/scale_unit_rms/loss_v/H512,1.5579954385757446
512,1.0,unit_rms,512,v,eps,eps,0.0,1.367001133247865,0.2552791535854339,21.639049530029297,1.3012571338961731,1.220525765174865,1.3661250804700067,20260807,/data/users/zhoushunyu/eqvae/experiments/prediction_target_toy_v4_main/seed20260807/D512/curv1/scale_unit_rms/loss_v/H512,1.5579954385757446
512,1.0,unit_rms,512,v,oracle,oracle,0.0,0.0354289288274856,9.262561798095704e-05,,,,,20260807,/data/users/zhoushunyu/eqvae/experiments/prediction_target_toy_v4_main/seed20260807/D512/curv1/scale_unit_rms/loss_v/H512,1.5579954385757446
512,1.0,unit_rms,512,v,xv_gm0p1,xv,-0.1,0.0456957072670674,0.0006389617919921,0.0114355040714144,6.982330960507085e-06,-0.0029314380504994,0.0032640548511201,20260807,/data/users/zhoushunyu/eqvae/experiments/prediction_target_toy_v4_main/seed20260807/D512/curv1/scale_unit_rms/loss_v/H512,1.5579954385757446
512,1.0,unit_rms,512,v,xeps_gm0p1,xeps,-0.1,0.0356097707063211,0.0002208948135375,0.0126780066639184,0.0009411712569265,-0.0153815094721179,0.0158006797090947,20260807,/data/users/zhoushunyu/eqvae/experiments/prediction_target_toy_v4_main/seed20260807/D512/curv1/scale_unit_rms/loss_v/H512,1.5579954385757446
512,1.0,unit_rms,512,v,xv_tan_gm0p1,xv_tangent,-0.1,0.0458211448619686,0.0006529092788696,0.0111146382987499,-0.0001993972168768,-0.0020713849718265,0.0017816164449914,20260807,/data/users/zhoushunyu/eqvae/experiments/prediction_target_toy_v4_main/seed20260807/D512/curv1/scale_unit_rms/loss_v/H512,1.5579954385757446
512,1.0,unit_rms,512,v,xv_normcomp_gm0p1,xv_normal,-0.1,0.0453346625119168,0.0006238222122192,0.01143554225564,-0.0002955568004928,-0.0022670107802537,0.0018365551818743,20260807,/data/users/zhoushunyu/eqvae/experiments/prediction_target_toy_v4_main/seed20260807/D512/curv1/scale_unit_rms/loss_v/H512,1.5579954385757446
512,1.0,unit_rms,512,v,xv_gm0p03,xv,-0.03,0.0456581035264235,0.0006468296051025,0.0111933350563049,-0.0002906063499129,-0.0015507120141929,0.0015546491889666,20260807,/data/users/zhoushunyu/eqvae/experiments/prediction_target_toy_v4_main/seed20260807/D512/curv1/scale_unit_rms/loss_v/H512,1.5579954385757446
512,1.0,unit_rms,512,v,xeps_gm0p03,xeps,-0.03,0.0403592485548848,0.0004520416259765,0.011426730081439,-0.0009914928437216,-0.007460245476747,0.0047455173262995,20260807,/data/users/zhoushunyu/eqvae/experiments/prediction_target_toy_v4_main/seed20260807/D512/curv1/scale_unit_rms/loss_v/H512,1.5579954385757446
512,1.0,unit_rms,512,v,xv_tan_gm0p03,xv_tangent,-0.03,0.0457167159207695,0.000653862953186,0.0111736599355936,-0.0001180477532556,-0.0007843544019242,0.0007336074275128,20260807,/data/users/zhoushunyu/eqvae/experiments/prediction_target_toy_v4_main/seed20260807/D512/curv1/scale_unit_rms/loss_v/H512,1.5579954385757446
512,1.0,unit_rms,512,v,xv_normcomp_gm0p03,xv_normal,-0.03,0.0455219073518946,0.0006389617919921,0.0111588332802057,-0.0002866627888883,-0.0014215579033152,0.0005558700789644,20260807,/data/users/zhoushunyu/eqvae/experiments/prediction_target_toy_v4_main/seed20260807/D512/curv1/scale_unit_rms/loss_v/H512,1.5579954385757446
512,1.0,unit_rms,512,v,xv_gm0p01,xv,-0.01,0.04547326159825,0.0006378889083862,0.0111475139856338,-0.0002386575319333,-0.0011960309190424,0.0005767343074868,20260807,/data/users/zhoushunyu/eqvae/experiments/prediction_target_toy_v4_main/seed20260807/D512/curv1/scale_unit_rms/loss_v/H512,1.5579954385757446
512,1.0,unit_rms,512,v,xeps_gm0p01,xeps,-0.01,0.0439598378043107,0.0005772113800048,0.0112885860726237,-0.0006152641428063,-0.0031417843507272,0.0018159540788563,20260807,/data/users/zhoushunyu/eqvae/experiments/prediction_target_toy_v4_main/seed20260807/D512/curv1/scale_unit_rms/loss_v/H512,1.5579954385757446
512,1.0,unit_rms,512,v,xv_tan_gm0p01,xv_tangent,-0.01,0.0457823894006989,0.0006535053253173,0.0111650098115205,-7.940602665369549e-05,-0.0007086491222684,0.0004257136949372,20260807,/data/users/zhoushunyu/eqvae/experiments/prediction_target_toy_v4_main/seed20260807/D512/curv1/scale_unit_rms/loss_v/H512,1.5579954385757446
512,1.0,unit_rms,512,v,xv_normcomp_gm0p01,xv_normal,-0.01,0.0458205961326628,0.0006530284881591,0.0111741181463003,-0.0001475789684641,-0.0009501625263544,0.0005036287670532,20260807,/data/users/zhoushunyu/eqvae/experiments/prediction_target_toy_v4_main/seed20260807/D512/curv1/scale_unit_rms/loss_v/H512,1.5579954385757446
512,1.0,unit_rms,512,v,xv_g0p003,xv,0.003,0.0457893626492942,0.0006539821624755,0.0111917043104767,2.972968850822183e-06,-7.762239272810119e-05,0.0001267398152632,20260807,/data/users/zhoushunyu/eqvae/experiments/prediction_target_toy_v4_main/seed20260807/D512/curv1/scale_unit_rms/loss_v/H512,1.5579954385757446
512,1.0,unit_rms,512,v,xeps_g0p003,xeps,0.003,0.045878206950629,0.0006550550460815,0.0111652538180351,-0.0001115481035812,-0.0011518018354299,0.0007688582125985,20260807,/data/users/zhoushunyu/eqvae/experiments/prediction_target_toy_v4_main/seed20260807/D512/curv1/scale_unit_rms/loss_v/H512,1.5579954385757446
512,1.0,unit_rms,512,v,xv_tan_g0p003,xv_tangent,0.003,0.0457876709215252,0.00065279006958,0.0111987721174955,1.254315720895377e-06,-4.615833005993751e-05,4.475891106171069e-05,20260807,/data/users/zhoushunyu/eqvae/experiments/prediction_target_toy_v4_main/seed20260807/D512/curv1/scale_unit_rms/loss_v/H512,1.5579954385757446
512,1.0,unit_rms,512,v,xv_normcomp_g0p003,xv_normal,0.003,0.045759788338714,0.0006523132324218,0.0111909126862883,-1.3141716200889414e-06,-5.3482922992388256e-05,5.250556448579167e-05,20260807,/data/users/zhoushunyu/eqvae/experiments/prediction_target_toy_v4_main/seed20260807/D512/curv1/scale_unit_rms/loss_v/H512,1.5579954385757446
512,1.0,unit_rms,512,v,xv_g0p01,xv,0.01,0.0459057789383805,0.0006555318832397,0.0112212486565113,-3.876184733200943e-05,-0.0010890340165325,0.0007419080531158,20260807,/data/users/zhoushunyu/eqvae/experiments/prediction_target_toy_v4_main/seed20260807/D512/curv1/scale_unit_rms/loss_v/H512,1.5579954385757446
512,1.0,unit_rms,512,v,xeps_g0p01,xeps,0.01,0.0465495766784825,0.0006873607635498,0.0110978344455361,0.0003390453441778,-0.0018528844712483,0.0028197204623286,20260807,/data/users/zhoushunyu/eqvae/experiments/prediction_target_toy_v4_main/seed20260807/D512/curv1/scale_unit_rms/loss_v/H512,1.5579954385757446
512,1.0,unit_rms,512,v,xv_tan_g0p01,xv_tangent,0.01,0.0459109319163797,0.000655174255371,0.0111735491082072,1.77506594055437e-05,-0.0001398533078177,0.0003631610090751,20260807,/data/users/zhoushunyu/eqvae/experiments/prediction_target_toy_v4_main/seed20260807/D512/curv1/scale_unit_rms/loss_v/H512,1.5579954385757446
512,1.0,unit_rms,512,v,xv_normcomp_g0p01,xv_normal,0.01,0.0458572902231065,0.0006558895111083,0.0111891152337193,8.864791720543454e-06,-0.0001121900245383,0.0002670954182376,20260807,/data/users/zhoushunyu/eqvae/experiments/prediction_target_toy_v4_main/seed20260807/D512/curv1/scale_unit_rms/loss_v/H512,1.5579954385757446
512,1.0,unit_rms,512,v,xv_g0p03,xv,0.03,0.0457222540789088,0.0006451606750488,0.011226586997509,0.0001746937070253,-0.0017013509496741,0.0015128517353355,20260807,/data/users/zhoushunyu/eqvae/experiments/prediction_target_toy_v4_main/seed20260807/D512/curv1/scale_unit_rms/loss_v/H512,1.5579954385757446
512,1.0,unit_rms,512,v,xeps_g0p03,xeps,0.03,0.0493125587707414,0.0007905960083007,0.011001949198544,0.0018920458695546,-0.0034051439135706,0.0071999143071219,20260807,/data/users/zhoushunyu/eqvae/experiments/prediction_target_toy_v4_main/seed20260807/D512/curv1/scale_unit_rms/loss_v/H512,1.5579954385757446
512,1.0,unit_rms,512,v,xv_tan_g0p03,xv_tangent,0.03,0.0457465196050523,0.0006477832794189,0.0112085416913032,9.491391033080607e-05,-0.0010822902552352,0.0009686099843501,20260807,/data/users/zhoushunyu/eqvae/experiments/prediction_target_toy_v4_main/seed20260807/D512/curv1/scale_unit_rms/loss_v/H512,1.5579954385757446
512,1.0,unit_rms,512,v,xv_normcomp_g0p03,xv_normal,0.03,0.0460231627342539,0.0006598234176635,0.011236535385251,5.113043017151556e-05,-0.0010787442099569,0.0009131284832418,20260807,/data/users/zhoushunyu/eqvae/experiments/prediction_target_toy_v4_main/seed20260807/D512/curv1/scale_unit_rms/loss_v/H512,1.5579954385757446
512,1.0,unit_rms,512,v,xv_g0p1,xv,0.1,0.0455020113271786,0.0006275177001953,0.0113824438303709,-0.0004655231601104,-0.0041122857706606,0.0024563375961476,20260807,/data/users/zhoushunyu/eqvae/experiments/prediction_target_toy_v4_main/seed20260807/D512/curv1/scale_unit_rms/loss_v/H512,1.5579954385757446
512,1.0,unit_rms,512,v,xeps_g0p1,xeps,0.1,0.0677918003417756,0.0016005039215087,0.0107580153271555,0.0098465126676673,-0.003754116700684,0.0216848620210033,20260807,/data/users/zhoushunyu/eqvae/experiments/prediction_target_toy_v4_main/seed20260807/D512/curv1/scale_unit_rms/loss_v/H512,1.5579954385757446
512,1.0,unit_rms,512,v,xv_tan_g0p1,xv_tangent,0.1,0.0453222922237809,0.0006228685379028,0.0111798793077468,-4.967296928253137e-05,-0.0024290009233268,0.0018818546291943,20260807,/data/users/zhoushunyu/eqvae/experiments/prediction_target_toy_v4_main/seed20260807/D512/curv1/scale_unit_rms/loss_v/H512,1.5579954385757446
512,1.0,unit_rms,512,v,xv_normcomp_g0p1,xv_normal,0.1,0.0456714991059905,0.0006470680236816,0.0113582806661725,-0.000257504854478,-0.002063847778792,0.0015807026445391,20260807,/data/users/zhoushunyu/eqvae/experiments/prediction_target_toy_v4_main/seed20260807/D512/curv1/scale_unit_rms/loss_v/H512,1.5579954385757446
512,1.0,unit_rms,512,v,xv_g0p3,xv,0.3,0.0456611551486367,0.0006378889083862,0.0117169702425599,-0.001289475016311,-0.0077517621101519,0.0048840310720587,20260807,/data/users/zhoushunyu/eqvae/experiments/prediction_target_toy_v4_main/seed20260807/D512/curv1/scale_unit_rms/loss_v/H512,1.5579954385757446
512,1.0,unit_rms,512,v,xeps_g0p3,xeps,0.3,0.1356229348548471,0.006507396697998,0.0098653407767415,0.0623420970716573,0.0381934529723822,0.0860310567100406,20260807,/data/users/zhoushunyu/eqvae/experiments/prediction_target_toy_v4_main/seed20260807/D512/curv1/scale_unit_rms/loss_v/H512,1.5579954385757446
512,1.0,unit_rms,512,v,xv_tan_g0p3,xv_tangent,0.3,0.0449202626978776,0.0006000995635986,0.0112167308107018,-0.0002476871284698,-0.0050460170688699,0.0035080735833085,20260807,/data/users/zhoushunyu/eqvae/experiments/prediction_target_toy_v4_main/seed20260807/D512/curv1/scale_unit_rms/loss_v/H512,1.5579954385757446
512,1.0,unit_rms,512,v,xv_normcomp_g0p3,xv_normal,0.3,0.0458174045672224,0.0006710290908813,0.0116909379139542,-0.0007879938322546,-0.0054739730590124,0.0030941827649079,20260807,/data/users/zhoushunyu/eqvae/experiments/prediction_target_toy_v4_main/seed20260807/D512/curv1/scale_unit_rms/loss_v/H512,1.5579954385757446
512,1.0,unit_rms,512,v,xv_rms_etam0p03,xv_norm,-0.03,0.0454146147178727,0.0006477832794189,0.0320257805287838,-0.0006849798120725,-0.0023163091805343,0.0016905614273975,20260807,/data/users/zhoushunyu/eqvae/experiments/prediction_target_toy_v4_main/seed20260807/D512/curv1/scale_unit_rms/loss_v/H512,1.5579954385757446
512,1.0,unit_rms,512,v,xv_rms_etam0p01,xv_norm,-0.01,0.0452666487412211,0.0006378889083862,0.0150451837107539,-0.0004231852633441,-0.0014898090826627,0.0005999863880071,20260807,/data/users/zhoushunyu/eqvae/experiments/prediction_target_toy_v4_main/seed20260807/D512/curv1/scale_unit_rms/loss_v/H512,1.5579954385757446
512,1.0,unit_rms,512,v,xv_rms_eta0p01,xv_norm,0.01,0.046309689100873,0.0006555318832397,0.0150389689952135,0.0002830656658823,-0.0009154273009936,0.0011229130515192,20260807,/data/users/zhoushunyu/eqvae/experiments/prediction_target_toy_v4_main/seed20260807/D512/curv1/scale_unit_rms/loss_v/H512,1.5579954385757446
512,1.0,unit_rms,512,v,xv_rms_eta0p03,xv_norm,0.03,0.0474672440229203,0.0006108283996582,0.0154395056888461,0.0013647991203876,-0.0012426191689186,0.0037802336814027,20260807,/data/users/zhoushunyu/eqvae/experiments/prediction_target_toy_v4_main/seed20260807/D512/curv1/scale_unit_rms/loss_v/H512,1.5579954385757446
512,1.0,unit_rms,64,v,x,x,0.0,0.041596017517527,0.0002143383026123,0.0559271834790706,0.0,0.0,0.0,20260807,/data/users/zhoushunyu/eqvae/experiments/prediction_target_toy_v4_main/seed20260807/D512/curv1/scale_unit_rms/loss_v/H64,1.496829867362976
512,1.0,unit_rms,64,v,v,v,0.0,0.0435711290742136,0.0005856752395629,0.982488751411438,-0.0028315200696624,-0.0279760851077199,0.0205666371340436,20260807,/data/users/zhoushunyu/eqvae/experiments/prediction_target_toy_v4_main/seed20260807/D512/curv1/scale_unit_rms/loss_v/H64,1.496829867362976
512,1.0,unit_rms,64,v,eps,eps,0.0,1.439458177715502,0.2759499847888946,46.04166793823242,1.4007486978363444,1.327589968786211,1.4645899157037248,20260807,/data/users/zhoushunyu/eqvae/experiments/prediction_target_toy_v4_main/seed20260807/D512/curv1/scale_unit_rms/loss_v/H64,1.496829867362976
512,1.0,unit_rms,64,v,oracle,oracle,0.0,,,,,,,20260807,/data/users/zhoushunyu/eqvae/experiments/prediction_target_toy_v4_main/seed20260807/D512/curv1/scale_unit_rms/loss_v/H64,1.496829867362976
512,1.0,unit_rms,64,v,xv_gm0p1,xv,-0.1,0.0398353848149373,0.0002111196517944,0.055416714400053,-0.0013408347210444,-0.0039583440201913,0.001351559259573,20260807,/data/users/zhoushunyu/eqvae/experiments/prediction_target_toy_v4_main/seed20260807/D512/curv1/scale_unit_rms/loss_v/H64,1.496829867362976
512,1.0,unit_rms,64,v,xeps_gm0p1,xeps,-0.1,0.0438221924917678,0.0002471208572387,0.0722049549221992,0.0010780478211731,-0.0023651647941072,0.0047953042840186,20260807,/data/users/zhoushunyu/eqvae/experiments/prediction_target_toy_v4_main/seed20260807/D512/curv1/scale_unit_rms/loss_v/H64,1.496829867362976
512,1.0,unit_rms,64,v,xv_tan_gm0p1,xv_tangent,-0.1,0.0399402987646529,0.0002094507217407,0.0531953163444995,-0.001114505035174,-0.0031614639978998,0.0008313154973997,20260807,/data/users/zhoushunyu/eqvae/experiments/prediction_target_toy_v4_main/seed20260807/D512/curv1/scale_unit_rms/loss_v/H64,1.496829867362976
512,1.0,unit_rms,64,v,xv_normcomp_gm0p1,xv_normal,-0.1,0.0408848392064428,0.0002025365829467,0.0579294525086879,-0.000470634568486,-0.0024566259519108,0.0017744887908249,20260807,/data/users/zhoushunyu/eqvae/experiments/prediction_target_toy_v4_main/seed20260807/D512/curv1/scale_unit_rms/loss_v/H64,1.496829867362976
512,1.0,unit_rms,64,v,xv_gm0p03,xv,-0.03,0.0411706231626197,0.0002214908599853,0.0554312840104103,-0.0004333007145306,-0.0018198667634943,0.0009996608381142,20260807,/data/users/zhoushunyu/eqvae/experiments/prediction_target_toy_v4_main/seed20260807/D512/curv1/scale_unit_rms/loss_v/H64,1.496829867362976
512,1.0,unit_rms,64,v,xeps_gm0p03,xeps,-0.03,0.0418370579649901,0.0002211332321166,0.0599054843187332,0.0002827823452046,-0.0009734437324338,0.0015492793459218,20260807,/data/users/zhoushunyu/eqvae/experiments/prediction_target_toy_v4_main/seed20260807/D512/curv1/scale_unit_rms/loss_v/H64,1.496829867362976
512,1.0,unit_rms,64,v,xv_tan_gm0p03,xv_tangent,-0.03,0.0409809782283653,0.0002099275588989,0.0549640357494354,-0.0003005695687991,-0.001127495508282,0.0006135319285414,20260807,/data/users/zhoushunyu/eqvae/experiments/prediction_target_toy_v4_main/seed20260807/D512/curv1/scale_unit_rms/loss_v/H64,1.496829867362976
512,1.0,unit_rms,64,v,xv_normcomp_gm0p03,xv_normal,-0.03,0.0415452286183668,0.0002186298370361,0.0564099848270416,-3.442636217586476e-05,-0.0010597970097748,0.0009928919668265,20260807,/data/users/zhoushunyu/eqvae/experiments/prediction_target_toy_v4_main/seed20260807/D512/curv1/scale_unit_rms/loss_v/H64,1.496829867362976
512,1.0,unit_rms,64,v,xv_gm0p01,xv,-0.01,0.0413879435300064,0.000216007232666,0.0557606182992458,-5.964436366765545e-05,-0.000760552640187,0.0007393819977326,20260807,/data/users/zhoushunyu/eqvae/experiments/prediction_target_toy_v4_main/seed20260807/D512/curv1/scale_unit_rms/loss_v/H64,1.496829867362976
512,1.0,unit_rms,64,v,xeps_gm0p01,xeps,-0.01,0.0416725846432235,0.0002146959304809,0.0571505352854728,7.327359595246614e-05,-0.0007662153625544,0.0008204315139547,20260807,/data/users/zhoushunyu/eqvae/experiments/prediction_target_toy_v4_main/seed20260807/D512/curv1/scale_unit_rms/loss_v/H64,1.496829867362976
512,1.0,unit_rms,64,v,xv_tan_gm0p01,xv_tangent,-0.01,0.0414681102858094,0.0002166032791137,0.0556383542716503,-9.275792543470058e-05,-0.0004543334328066,0.0002309068744785,20260807,/data/users/zhoushunyu/eqvae/experiments/prediction_target_toy_v4_main/seed20260807/D512/curv1/scale_unit_rms/loss_v/H64,1.496829867362976
512,1.0,unit_rms,64,v,xv_normcomp_gm0p01,xv_normal,-0.01,0.041625355397227,0.0002167224884033,0.0561077184975147,8.677933752892136e-05,-0.0005422110353421,0.0008814630239926,20260807,/data/users/zhoushunyu/eqvae/experiments/prediction_target_toy_v4_main/seed20260807/D512/curv1/scale_unit_rms/loss_v/H64,1.496829867362976
512,1.0,unit_rms,64,v,xv_g0p003,xv,0.003,0.0415989042432016,0.0002131462097167,0.055908016860485,3.958954930049212e-05,-0.0002316198198227,0.0003818842650653,20260807,/data/users/zhoushunyu/eqvae/experiments/prediction_target_toy_v4_main/seed20260807/D512/curv1/scale_unit_rms/loss_v/H64,1.496829867362976
512,1.0,unit_rms,64,v,xeps_g0p003,xeps,0.003,0.0415294098015076,0.0002130270004272,0.0555331222712993,-2.276685782661228e-05,-0.0003883631076078,0.0003114160110216,20260807,/data/users/zhoushunyu/eqvae/experiments/prediction_target_toy_v4_main/seed20260807/D512/curv1/scale_unit_rms/loss_v/H64,1.496829867362976
512,1.0,unit_rms,64,v,xv_tan_g0p003,xv_tangent,0.003,0.0416139388458257,0.0002135038375854,0.0559791624546051,3.740921413140169e-05,-7.442030110674201e-05,0.0003850685876478,20260807,/data/users/zhoushunyu/eqvae/experiments/prediction_target_toy_v4_main/seed20260807/D512/curv1/scale_unit_rms/loss_v/H64,1.496829867362976
512,1.0,unit_rms,64,v,xv_normcomp_g0p003,xv_normal,0.003,0.0415760628384462,0.0002146959304809,0.0558494627475738,2.13699444259742e-05,-0.000154057188504,0.0003782245573339,20260807,/data/users/zhoushunyu/eqvae/experiments/prediction_target_toy_v4_main/seed20260807/D512/curv1/scale_unit_rms/loss_v/H64,1.496829867362976
512,1.0,unit_rms,64,v,xv_g0p01,xv,0.01,0.0417545411899586,0.0002123117446899,0.0560147799551487,0.0001351688689833,-0.0004626838881224,0.0006605478714647,20260807,/data/users/zhoushunyu/eqvae/experiments/prediction_target_toy_v4_main/seed20260807/D512/curv1/scale_unit_rms/loss_v/H64,1.496829867362976
512,1.0,unit_rms,64,v,xeps_g0p01,xeps,0.01,0.041307661372201,0.0002092123031616,0.0545943342149257,-0.0001472792519253,-0.0011335043091345,0.0005860027106618,20260807,/data/users/zhoushunyu/eqvae/experiments/prediction_target_toy_v4_main/seed20260807/D512/curv1/scale_unit_rms/loss_v/H64,1.496829867362976
512,1.0,unit_rms,64,v,xv_tan_g0p01,xv_tangent,0.01,0.0417486743078778,0.0002133846282958,0.0562067665159702,0.0001009126551415,-0.0002545894823385,0.0005548718733041,20260807,/data/users/zhoushunyu/eqvae/experiments/prediction_target_toy_v4_main/seed20260807/D512/curv1/scale_unit_rms/loss_v/H64,1.496829867362976
512,1.0,unit_rms,64,v,xv_normcomp_g0p01,xv_normal,0.01,0.0415513079983403,0.000210165977478,0.0557563714683055,2.9624777447836496e-05,-0.0003343407371209,0.0003861082521236,20260807,/data/users/zhoushunyu/eqvae/experiments/prediction_target_toy_v4_main/seed20260807/D512/curv1/scale_unit_rms/loss_v/H64,1.496829867362976
512,1.0,unit_rms,64,v,xv_g0p03,xv,0.03,0.0417724966538021,0.0001999139785766,0.0561886951327323,0.0003606150126922,-0.0007438967287792,0.001707111525233,20260807,/data/users/zhoushunyu/eqvae/experiments/prediction_target_toy_v4_main/seed20260807/D512/curv1/scale_unit_rms/loss_v/H64,1.496829867362976
512,1.0,unit_rms,64,v,xeps_g0p03,xeps,0.03,0.0414108905748442,0.000211477279663,0.0524586960673332,-5.2703469426045866e-05,-0.0015290960597697,0.0013850326775574,20260807,/data/users/zhoushunyu/eqvae/experiments/prediction_target_toy_v4_main/seed20260807/D512/curv1/scale_unit_rms/loss_v/H64,1.496829867362976
512,1.0,unit_rms,64,v,xv_tan_g0p03,xv_tangent,0.03,0.0419470915946124,0.0002095699310302,0.0568032748997211,0.0002927661485755,-0.000406638851962,0.0011115279584258,20260807,/data/users/zhoushunyu/eqvae/experiments/prediction_target_toy_v4_main/seed20260807/D512/curv1/scale_unit_rms/loss_v/H64,1.496829867362976
512,1.0,unit_rms,64,v,xv_normcomp_g0p03,xv_normal,0.03,0.0414886233360278,0.0002080202102661,0.055488958954811,0.0001478892127625,-0.0007357683505907,0.0009101556346248,20260807,/data/users/zhoushunyu/eqvae/experiments/prediction_target_toy_v4_main/seed20260807/D512/curv1/scale_unit_rms/loss_v/H64,1.496829867362976
512,1.0,unit_rms,64,v,xv_g0p1,xv,0.1,0.0430247043629566,0.0001933574676513,0.057413961738348,0.0015842193255147,-0.0017299836976713,0.0043217027169757,20260807,/data/users/zhoushunyu/eqvae/experiments/prediction_target_toy_v4_main/seed20260807/D512/curv1/scale_unit_rms/loss_v/H64,1.496829867362976
512,1.0,unit_rms,64,v,xeps_g0p1,xeps,0.1,0.0406063859694386,0.0002015829086303,0.045966550707817,-0.000527749745309,-0.0044541479257181,0.003524929889605,20260807,/data/users/zhoushunyu/eqvae/experiments/prediction_target_toy_v4_main/seed20260807/D512/curv1/scale_unit_rms/loss_v/H64,1.496829867362976
512,1.0,unit_rms,64,v,xv_tan_g0p1,xv_tangent,0.1,0.0432658743238542,0.0002095699310302,0.0586389154195785,0.0012078159753006,-0.0013828880405018,0.0030372883411214,20260807,/data/users/zhoushunyu/eqvae/experiments/prediction_target_toy_v4_main/seed20260807/D512/curv1/scale_unit_rms/loss_v/H64,1.496829867362976
512,1.0,unit_rms,64,v,xv_normcomp_g0p1,xv_normal,0.1,0.0411308290543281,0.0001869201660156,0.054549291729927,0.0003367298656997,-0.0013308670713459,0.001972622812195,20260807,/data/users/zhoushunyu/eqvae/experiments/prediction_target_toy_v4_main/seed20260807/D512/curv1/scale_unit_rms/loss_v/H64,1.496829867362976
512,1.0,unit_rms,64,v,xv_g0p3,xv,0.3,0.0487561791393606,0.0002601146697998,0.0615542829036712,0.0061304455359154,-0.0015465409391667,0.0121948770887552,20260807,/data/users/zhoushunyu/eqvae/experiments/prediction_target_toy_v4_main/seed20260807/D512/curv1/scale_unit_rms/loss_v/H64,1.496829867362976
512,1.0,unit_rms,64,v,xeps_g0p3,xeps,0.3,0.0435323680502329,0.0002834796905517,0.0361391082406044,0.001403108493955,-0.0101702089540369,0.0125854334258491,20260807,/data/users/zhoushunyu/eqvae/experiments/prediction_target_toy_v4_main/seed20260807/D512/curv1/scale_unit_rms/loss_v/H64,1.496829867362976
512,1.0,unit_rms,64,v,xv_tan_g0p3,xv_tangent,0.3,0.0470161640065945,0.0002046823501586,0.0638103038072586,0.0035426875895313,-0.002511941472048,0.0074599907106333,20260807,/data/users/zhoushunyu/eqvae/experiments/prediction_target_toy_v4_main/seed20260807/D512/curv1/scale_unit_rms/loss_v/H64,1.496829867362976
512,1.0,unit_rms,64,v,xv_normcomp_g0p3,xv_normal,0.3,0.0422418107291453,0.0002151727676391,0.0531833246350288,0.002198916871476,-0.0031330203229015,0.0072997974828337,20260807,/data/users/zhoushunyu/eqvae/experiments/prediction_target_toy_v4_main/seed20260807/D512/curv1/scale_unit_rms/loss_v/H64,1.496829867362976
512,1.0,unit_rms,64,v,xv_rms_etam0p03,xv_norm,-0.03,0.0407981619649132,0.0002186298370361,0.0734606087207794,-0.0009528225797185,-0.0025885391638914,0.0007900076230083,20260807,/data/users/zhoushunyu/eqvae/experiments/prediction_target_toy_v4_main/seed20260807/D512/curv1/scale_unit_rms/loss_v/H64,1.496829867362976
512,1.0,unit_rms,64,v,xv_rms_etam0p01,xv_norm,-0.01,0.041194666084748,0.00021493434906,0.0602534301578998,-0.0003123045653107,-0.0012007060046023,0.0006113919789657,20260807,/data/users/zhoushunyu/eqvae/experiments/prediction_target_toy_v4_main/seed20260807/D512/curv1/scale_unit_rms/loss_v/H64,1.496829867362976
512,1.0,unit_rms,64,v,xv_rms_eta0p01,xv_norm,0.01,0.0420773237144836,0.0002166032791137,0.0544958040118217,0.0005354489417418,-0.0002197889712987,0.0012127307720079,20260807,/data/users/zhoushunyu/eqvae/experiments/prediction_target_toy_v4_main/seed20260807/D512/curv1/scale_unit_rms/loss_v/H64,1.496829867362976
512,1.0,unit_rms,64,v,xv_rms_eta0p03,xv_norm,0.03,0.0437473025549103,0.0002487897872924,0.0592619739472866,0.0024307085305023,7.092739829334689e-05,0.0044209878729402,20260807,/data/users/zhoushunyu/eqvae/experiments/prediction_target_toy_v4_main/seed20260807/D512/curv1/scale_unit_rms/loss_v/H64,1.496829867362976
512,0.0,unit_rms,1024,v,x,x,0.0,0.0729516214124652,0.0022765398025512,0.0017246878705918,0.0,0.0,0.0,20260808,/data/users/zhoushunyu/eqvae/experiments/prediction_target_toy_v4_main/seed20260808/D512/curv0/scale_unit_rms/loss_v/H1024,1.360523343086243
512,0.0,unit_rms,1024,v,v,v,0.0,0.045744612560777,0.0006293058395385,0.2370772212743759,-0.0285003091241259,-0.0469190871266763,0.014957412193785,20260808,/data/users/zhoushunyu/eqvae/experiments/prediction_target_toy_v4_main/seed20260808/D512/curv0/scale_unit_rms/loss_v/H1024,1.360523343086243
512,0.0,unit_rms,1024,v,eps,eps,0.0,0.281013009855188,0.0264780521392822,1.5100128650665283,0.1872591394178052,0.1504361728352377,0.2262221198877076,20260808,/data/users/zhoushunyu/eqvae/experiments/prediction_target_toy_v4_main/seed20260808/D512/curv0/scale_unit_rms/loss_v/H1024,1.360523343086243
512,0.0,unit_rms,1024,v,oracle,oracle,0.0,0.0823265771008797,0.0022362470626831,0.0023460960946977,0.0025518285706883,-0.0115151540880272,0.0217445455534059,20260808,/data/users/zhoushunyu/eqvae/experiments/prediction_target_toy_v4_main/seed20260808/D512/curv0/scale_unit_rms/loss_v/H1024,1.360523343086243
512,0.0,unit_rms,1024,v,xv_gm0p1,xv,-0.1,0.0688211063800924,0.0020004510879516,0.0027954170946031,-0.0040916457319002,-0.0059950075434524,-0.0008802884812246,20260808,/data/users/zhoushunyu/eqvae/experiments/prediction_target_toy_v4_main/seed20260808/D512/curv0/scale_unit_rms/loss_v/H1024,1.360523343086243
512,0.0,unit_rms,1024,v,xeps_gm0p1,xeps,-0.1,0.0821355765700866,0.0029988288879394,0.003541026962921,0.0080860123395198,-0.0008266891975986,0.0162148434120115,20260808,/data/users/zhoushunyu/eqvae/experiments/prediction_target_toy_v4_main/seed20260808/D512/curv0/scale_unit_rms/loss_v/H1024,1.360523343086243
512,0.0,unit_rms,1024,v,xv_tan_gm0p1,xv_tangent,-0.1,0.0687141837883013,0.0019947290420532,0.0017213454702869,-0.0041856720133837,-0.006097493601667,-0.0008901712152413,20260808,/data/users/zhoushunyu/eqvae/experiments/prediction_target_toy_v4_main/seed20260808/D512/curv0/scale_unit_rms/loss_v/H1024,1.360523343086243
512,0.0,unit_rms,1024,v,xv_normcomp_gm0p1,xv_normal,-0.1,0.0730625583061122,0.0022828578948974,0.0027974543627351,0.0001048891936431,-1.7475088559218406e-06,0.0002843700716366,20260808,/data/users/zhoushunyu/eqvae/experiments/prediction_target_toy_v4_main/seed20260808/D512/curv0/scale_unit_rms/loss_v/H1024,1.360523343086243
512,0.0,unit_rms,1024,v,xv_gm0p03,xv,-0.03,0.0716927173901718,0.0021910667419433,0.0018300204537808,-0.0012435275529369,-0.0019505092733484,-0.0002926225416906,20260808,/data/users/zhoushunyu/eqvae/experiments/prediction_target_toy_v4_main/seed20260808/D512/curv0/scale_unit_rms/loss_v/H1024,1.360523343086243
512,0.0,unit_rms,1024,v,xeps_gm0p03,xeps,-0.03,0.0752641171814964,0.0024546384811401,0.0018795036012306,0.0023312387572075,-0.0007848544814806,0.0049589539392794,20260808,/data/users/zhoushunyu/eqvae/experiments/prediction_target_toy_v4_main/seed20260808/D512/curv0/scale_unit_rms/loss_v/H1024,1.360523343086243
512,0.0,unit_rms,1024,v,xv_tan_gm0p03,xv_tangent,-0.03,0.0716696738806956,0.0021893978118896,0.0017243158072233,-0.0012849945535418,-0.0020130295414812,-0.0003216952571222,20260808,/data/users/zhoushunyu/eqvae/experiments/prediction_target_toy_v4_main/seed20260808/D512/curv0/scale_unit_rms/loss_v/H1024,1.360523343086243
512,0.0,unit_rms,1024,v,xv_normcomp_gm0p03,xv_normal,-0.03,0.0729828907619641,0.0022777318954467,0.001830369932577,2.9630446587176964e-05,7.102640218456525e-07,7.603988192327178e-05,20260808,/data/users/zhoushunyu/eqvae/experiments/prediction_target_toy_v4_main/seed20260808/D512/curv0/scale_unit_rms/loss_v/H1024,1.360523343086243
512,0.0,unit_rms,1024,v,xv_gm0p01,xv,-0.01,0.0725203268126019,0.0022487640380859,0.0017349404515698,-0.0004329245805591,-0.0007570697113994,-9.066934096619223e-05,20260808,/data/users/zhoushunyu/eqvae/experiments/prediction_target_toy_v4_main/seed20260808/D512/curv0/scale_unit_rms/loss_v/H1024,1.360523343086243
512,0.0,unit_rms,1024,v,xeps_gm0p01,xeps,-0.01,0.0737134364186198,0.0023367404937744,0.0017408210551366,0.0006902516659853,-0.0003484428593918,0.0015777403688486,20260808,/data/users/zhoushunyu/eqvae/experiments/prediction_target_toy_v4_main/seed20260808/D512/curv0/scale_unit_rms/loss_v/H1024,1.360523343086243
512,0.0,unit_rms,1024,v,xv_tan_gm0p01,xv_tangent,-0.01,0.0725111535589833,0.0022493600845336,0.0017247081268578,-0.0004431105055558,-0.000773444920181,-9.424419255006683e-05,20260808,/data/users/zhoushunyu/eqvae/experiments/prediction_target_toy_v4_main/seed20260808/D512/curv0/scale_unit_rms/loss_v/H1024,1.360523343086243
512,0.0,unit_rms,1024,v,xv_normcomp_gm0p01,xv_normal,-0.01,0.072961845948068,0.002277135848999,0.0017349155386909,9.83914134037707e-06,3.608304940155155e-07,2.4848999915557143e-05,20260808,/data/users/zhoushunyu/eqvae/experiments/prediction_target_toy_v4_main/seed20260808/D512/curv0/scale_unit_rms/loss_v/H1024,1.360523343086243
512,0.0,unit_rms,1024,v,xv_g0p003,xv,0.003,0.0730735895811628,0.0022858381271362,0.0017264205962419,0.0001214664807692,1.177378191908711e-05,0.0001959043550727,20260808,/data/users/zhoushunyu/eqvae/experiments/prediction_target_toy_v4_main/seed20260808/D512/curv0/scale_unit_rms/loss_v/H1024,1.360523343086243
512,0.0,unit_rms,1024,v,xeps_g0p003,xeps,0.003,0.0727576413641413,0.0022617578506469,0.0017258757725358,-0.0002063522072092,-0.0005673500246802,0.0001289398536363,20260808,/data/users/zhoushunyu/eqvae/experiments/prediction_target_toy_v4_main/seed20260808/D512/curv0/scale_unit_rms/loss_v/H1024,1.360523343086243
512,0.0,unit_rms,1024,v,xv_tan_g0p003,xv_tangent,0.003,0.0730767142589599,0.0022864341735839,0.001724709989503,0.000124368630968,1.3253255768472945e-05,0.0002006160609416,20260808,/data/users/zhoushunyu/eqvae/experiments/prediction_target_toy_v4_main/seed20260808/D512/curv0/scale_unit_rms/loss_v/H1024,1.360523343086243
512,0.0,unit_rms,1024,v,xv_normcomp_g0p003,xv_normal,0.003,0.0729486167853627,0.0022765398025512,0.0017263991758227,-2.9502524680635744e-06,-7.431798525974961e-06,-1.351853671647393e-07,20260808,/data/users/zhoushunyu/eqvae/experiments/prediction_target_toy_v4_main/seed20260808/D512/curv0/scale_unit_rms/loss_v/H1024,1.360523343086243
512,0.0,unit_rms,1024,v,xv_g0p01,xv,0.01,0.0733438946070686,0.002305269241333,0.0017385213868692,0.0003921093606968,2.1913609902056774e-05,0.0006501406581164,20260808,/data/users/zhoushunyu/eqvae/experiments/prediction_target_toy_v4_main/seed20260808/D512/curv0/scale_unit_rms/loss_v/H1024,1.360523343086243
512,0.0,unit_rms,1024,v,xeps_g0p01,xeps,0.01,0.0723703818777385,0.0022310018539428,0.0017373557202517,-0.0006135934684682,-0.0018045391316442,0.0005821520901596,20260808,/data/users/zhoushunyu/eqvae/experiments/prediction_target_toy_v4_main/seed20260808/D512/curv0/scale_unit_rms/loss_v/H1024,1.360523343086243
512,0.0,unit_rms,1024,v,xv_tan_g0p01,xv_tangent,0.01,0.0733560276659915,0.0023070573806762,0.0017247932264581,0.0004025282449583,2.565816226669966e-05,0.0006755626983026,20260808,/data/users/zhoushunyu/eqvae/experiments/prediction_target_toy_v4_main/seed20260808/D512/curv0/scale_unit_rms/loss_v/H1024,1.360523343086243
512,0.0,unit_rms,1024,v,xv_normcomp_g0p01,xv_normal,0.01,0.0729416647470088,0.0022765398025512,0.0017384132370352,-9.810363894642362e-06,-2.4715160823550464e-05,-4.384129995864406e-07,20260808,/data/users/zhoushunyu/eqvae/experiments/prediction_target_toy_v4_main/seed20260808/D512/curv0/scale_unit_rms/loss_v/H1024,1.360523343086243
512,0.0,unit_rms,1024,v,xv_g0p03,xv,0.03,0.0741436680782067,0.0023630857467651,0.0018251289147883,0.0012044384631516,0.0001504463348995,0.0018863082941426,20260808,/data/users/zhoushunyu/eqvae/experiments/prediction_target_toy_v4_main/seed20260808/D512/curv0/scale_unit_rms/loss_v/H1024,1.360523343086243
512,0.0,unit_rms,1024,v,xeps_g0p03,xeps,0.03,0.0712811986469165,0.0021394491195678,0.0018199291080236,-0.001360253205592,-0.004175011999363,0.0017166326466008,20260808,/data/users/zhoushunyu/eqvae/experiments/prediction_target_toy_v4_main/seed20260808/D512/curv0/scale_unit_rms/loss_v/H1024,1.360523343086243
512,0.0,unit_rms,1024,v,xv_tan_g0p03,xv_tangent,0.03,0.0741579929436697,0.0023638010025024,0.0017250602832064,0.0012343619310711,0.0001762114026195,0.0019191166964437,20260808,/data/users/zhoushunyu/eqvae/experiments/prediction_target_toy_v4_main/seed20260808/D512/curv0/scale_unit_rms/loss_v/H1024,1.360523343086243
512,0.0,unit_rms,1024,v,xv_normcomp_g0p03,xv_normal,0.03,0.0729223442066055,0.0022758245468139,0.0018247781554237,-2.9468771576650136e-05,-7.45350266471715e-05,-1.6625698026514415e-06,20260808,/data/users/zhoushunyu/eqvae/experiments/prediction_target_toy_v4_main/seed20260808/D512/curv0/scale_unit_rms/loss_v/H1024,1.360523343086243
512,0.0,unit_rms,1024,v,xv_g0p1,xv,0.1,0.0771663410840816,0.0025783777236938,0.0024145327042788,0.0040151868837276,0.0008573478178315,0.0057994670682597,20260808,/data/users/zhoushunyu/eqvae/experiments/prediction_target_toy_v4_main/seed20260808/D512/curv0/scale_unit_rms/loss_v/H1024,1.360523343086243
512,0.0,unit_rms,1024,v,xeps_g0p1,xeps,0.1,0.070135517289735,0.0019780397415161,0.0022326381877064,-0.002964502703479,-0.012106418773561,0.0064831354868124,20260808,/data/users/zhoushunyu/eqvae/experiments/prediction_target_toy_v4_main/seed20260808/D512/curv0/scale_unit_rms/loss_v/H1024,1.360523343086243
512,0.0,unit_rms,1024,v,xv_tan_g0p1,xv_tangent,0.1,0.0772903748668662,0.0025863647460937,0.0017265353817492,0.0041180564866196,0.0009198868566887,0.0058822832520497,20260808,/data/users/zhoushunyu/eqvae/experiments/prediction_target_toy_v4_main/seed20260808/D512/curv0/scale_unit_rms/loss_v/H1024,1.360523343086243
512,0.0,unit_rms,1024,v,xv_normcomp_g0p1,xv_normal,0.1,0.0728609632473722,0.0022728443145751,0.0024131168611347,-9.99766368801966e-05,-0.0002526638429561,-8.458646274669715e-06,20260808,/data/users/zhoushunyu/eqvae/experiments/prediction_target_toy_v4_main/seed20260808/D512/curv0/scale_unit_rms/loss_v/H1024,1.360523343086243
512,0.0,unit_rms,1024,v,xv_g0p3,xv,0.3,0.0849803766495036,0.0031968355178833,0.0040871175006031,0.0123135428261213,0.0036205440302661,0.0153683850354755,20260808,/data/users/zhoushunyu/eqvae/experiments/prediction_target_toy_v4_main/seed20260808/D512/curv0/scale_unit_rms/loss_v/H1024,1.360523343086243
512,0.0,unit_rms,1024,v,xeps_g0p3,xeps,0.3,0.0847227591275563,0.0029151439666748,0.0025559570640325,0.005641406945173,-0.0261615317166506,0.036029741031218,20260808,/data/users/zhoushunyu/eqvae/experiments/prediction_target_toy_v4_main/seed20260808/D512/curv0/scale_unit_rms/loss_v/H1024,1.360523343086243
512,0.0,unit_rms,1024,v,xv_tan_g0p3,xv_tangent,0.3,0.0853722430739477,0.0032265186309814,0.0017342398641631,0.0125458951714355,0.0036807228481274,0.0155316930008671,20260808,/data/users/zhoushunyu/eqvae/experiments/prediction_target_toy_v4_main/seed20260808/D512/curv0/scale_unit_rms/loss_v/H1024,1.360523343086243
512,0.0,unit_rms,1024,v,xv_normcomp_g0p3,xv_normal,0.3,0.0727005454283807,0.0022621154785156,0.0040831924416124,-0.0003307692877362,-0.0007410337156794,-3.230485666678675e-06,20260808,/data/users/zhoushunyu/eqvae/experiments/prediction_target_toy_v4_main/seed20260808/D512/curv0/scale_unit_rms/loss_v/H1024,1.360523343086243
512,0.0,unit_rms,1024,v,xv_rms_etam0p03,xv_norm,-0.03,0.060514713262483,0.001471996307373,0.0293706655502319,-0.0116560897718347,-0.0147845965368082,-0.0027914231739429,20260808,/data/users/zhoushunyu/eqvae/experiments/prediction_target_toy_v4_main/seed20260808/D512/curv0/scale_unit_rms/loss_v/H1024,1.360523343086243
512,0.0,unit_rms,1024,v,xv_rms_etam0p01,xv_norm,-0.01,0.0675766945807289,0.0019153356552124,0.0096519151702523,-0.0050341476381303,-0.006195124370284,-0.001911359026799,20260808,/data/users/zhoushunyu/eqvae/experiments/prediction_target_toy_v4_main/seed20260808/D512/curv0/scale_unit_rms/loss_v/H1024,1.360523343086243
512,0.0,unit_rms,1024,v,xv_rms_eta0p01,xv_norm,0.01,0.080361034311632,0.0028207302093505,0.0084648448973894,0.0069530529108823,0.0040184050248178,0.00837725918733,20260808,/data/users/zhoushunyu/eqvae/experiments/prediction_target_toy_v4_main/seed20260808/D512/curv0/scale_unit_rms/loss_v/H1024,1.360523343086243
512,0.0,unit_rms,1024,v,xv_rms_eta0p03,xv_norm,0.03,0.104550170523551,0.0048731565475463,0.0065471129491925,0.0298206501991189,0.0228692706007949,0.0344120600179056,20260808,/data/users/zhoushunyu/eqvae/experiments/prediction_target_toy_v4_main/seed20260808/D512/curv0/scale_unit_rms/loss_v/H1024,1.360523343086243
512,0.0,unit_rms,128,v,x,x,0.0,0.0637830655807284,0.0005347728729248,0.0022626901045441,0.0,0.0,0.0,20260808,/data/users/zhoushunyu/eqvae/experiments/prediction_target_toy_v4_main/seed20260808/D512/curv0/scale_unit_rms/loss_v/H128,1.4315941333770752
512,0.0,unit_rms,128,v,v,v,0.0,0.0894814762334963,0.0022059679031372,0.9063116908073424,0.0227970444080077,0.0110811753585215,0.0322965854054905,20260808,/data/users/zhoushunyu/eqvae/experiments/prediction_target_toy_v4_main/seed20260808/D512/curv0/scale_unit_rms/loss_v/H128,1.4315941333770752
512,0.0,unit_rms,128,v,eps,eps,0.0,1.4841996515840965,0.2807595133781433,42.89735412597656,1.395138956050638,1.312751532653757,1.4654000434242374,20260808,/data/users/zhoushunyu/eqvae/experiments/prediction_target_toy_v4_main/seed20260808/D512/curv0/scale_unit_rms/loss_v/H128,1.4315941333770752
512,0.0,unit_rms,128,v,oracle,oracle,0.0,0.0756208585252899,0.001605749130249,0.0023177252151072,0.0054736272924383,-0.0326054654182291,0.0367661959590799,20260808,/data/users/zhoushunyu/eqvae/experiments/prediction_target_toy_v4_main/seed20260808/D512/curv0/scale_unit_rms/loss_v/H128,1.4315941333770752
512,0.0,unit_rms,128,v,xv_gm0p1,xv,-0.1,0.0649720406054618,0.0006020069122314,0.0037084445357322,0.0011175429190971,-9.882699224285604e-05,0.0022110413822401,20260808,/data/users/zhoushunyu/eqvae/experiments/prediction_target_toy_v4_main/seed20260808/D512/curv0/scale_unit_rms/loss_v/H128,1.4315941333770752
512,0.0,unit_rms,128,v,xeps_gm0p1,xeps,-0.1,0.0685615989514405,0.0008468627929687,0.0049489857628941,0.0003800656649504,-0.0120925261450227,0.016257802143621,20260808,/data/users/zhoushunyu/eqvae/experiments/prediction_target_toy_v4_main/seed20260808/D512/curv0/scale_unit_rms/loss_v/H128,1.4315941333770752
512,0.0,unit_rms,128,v,xv_tan_gm0p1,xv_tangent,-0.1,0.0649994919783608,0.0006033182144165,0.0022832094691693,0.0011690164339652,-6.538256305746656e-05,0.0022724555799439,20260808,/data/users/zhoushunyu/eqvae/experiments/prediction_target_toy_v4_main/seed20260808/D512/curv0/scale_unit_rms/loss_v/H128,1.4315941333770752
512,0.0,unit_rms,128,v,xv_normcomp_gm0p1,xv_normal,-0.1,0.0637454059381434,0.0005301237106323,0.0036933943629264,-6.198716528548392e-05,-0.0001620549337274,4.767259201174155e-05,20260808,/data/users/zhoushunyu/eqvae/experiments/prediction_target_toy_v4_main/seed20260808/D512/curv0/scale_unit_rms/loss_v/H128,1.4315941333770752
512,0.0,unit_rms,128,v,xv_gm0p03,xv,-0.03,0.0641079443747843,0.0005526542663574,0.0023639996070414,0.0003093568699378,-5.9957842198946754e-05,0.0006446638118871,20260808,/data/users/zhoushunyu/eqvae/experiments/prediction_target_toy_v4_main/seed20260808/D512/curv0/scale_unit_rms/loss_v/H128,1.4315941333770752
512,0.0,unit_rms,128,v,xeps_gm0p03,xeps,-0.03,0.062167314013988,0.0004111528396606,0.0024242086801677,-0.0022456060191354,-0.0058254140531405,0.0026797357237814,20260808,/data/users/zhoushunyu/eqvae/experiments/prediction_target_toy_v4_main/seed20260808/D512/curv0/scale_unit_rms/loss_v/H128,1.4315941333770752
512,0.0,unit_rms,128,v,xv_tan_gm0p03,xv_tangent,-0.03,0.0641184507617847,0.0005532503128051,0.0022687118034809,0.0003270010158832,-4.69828701063376e-05,0.0006631551859873,20260808,/data/users/zhoushunyu/eqvae/experiments/prediction_target_toy_v4_main/seed20260808/D512/curv0/scale_unit_rms/loss_v/H128,1.4315941333770752
512,0.0,unit_rms,128,v,xv_normcomp_gm0p03,xv_normal,-0.03,0.0637714773074158,0.0005328655242919,0.002358105732128,-1.849958279185007e-05,-4.604115620637228e-05,1.4028929684782558e-05,20260808,/data/users/zhoushunyu/eqvae/experiments/prediction_target_toy_v4_main/seed20260808/D512/curv0/scale_unit_rms/loss_v/H128,1.4315941333770752
512,0.0,unit_rms,128,v,xv_gm0p01,xv,-0.01,0.0638882615836649,0.0005404949188232,0.0022707127500325,0.0001006170428714,-2.309331025569655e-05,0.0002131135141576,20260808,/data/users/zhoushunyu/eqvae/experiments/prediction_target_toy_v4_main/seed20260808/D512/curv0/scale_unit_rms/loss_v/H128,1.4315941333770752
512,0.0,unit_rms,128,v,xeps_gm0p01,xeps,-0.01,0.0629563439336502,0.0004732608795166,0.0022810527589172,-0.0009588700960902,-0.0020989911717806,0.0006528392520703,20260808,/data/users/zhoushunyu/eqvae/experiments/prediction_target_toy_v4_main/seed20260808/D512/curv0/scale_unit_rms/loss_v/H128,1.4315941333770752
512,0.0,unit_rms,128,v,xv_tan_gm0p01,xv_tangent,-0.01,0.0638920260587046,0.0005409717559814,0.0022646868601441,0.0001066827013761,-1.857349298239885e-05,0.0002193284046891,20260808,/data/users/zhoushunyu/eqvae/experiments/prediction_target_toy_v4_main/seed20260808/D512/curv0/scale_unit_rms/loss_v/H128,1.4315941333770752
512,0.0,unit_rms,128,v,xv_normcomp_gm0p01,xv_normal,-0.01,0.0637791764173643,0.0005320310592651,0.0022687213495373,-6.156079091287556e-06,-1.5127663123026131e-05,4.64434060672563e-06,20260808,/data/users/zhoushunyu/eqvae/experiments/prediction_target_toy_v4_main/seed20260808/D512/curv0/scale_unit_rms/loss_v/H128,1.4315941333770752
512,0.0,unit_rms,128,v,xv_g0p003,xv,0.003,0.0637521283808026,0.0005316734313964,0.0022644388955086,-2.9697730304519343e-05,-6.360765197267123e-05,7.64358774564229e-06,20260808,/data/users/zhoushunyu/eqvae/experiments/prediction_target_toy_v4_main/seed20260808/D512/curv0/scale_unit_rms/loss_v/H128,1.4315941333770752
512,0.0,unit_rms,128,v,xeps_g0p003,xeps,0.003,0.0640855153395978,0.0005558729171752,0.0022620011586695,0.0003276778346973,-0.0001469932923991,0.0006593486873436,20260808,/data/users/zhoushunyu/eqvae/experiments/prediction_target_toy_v4_main/seed20260808/D512/curv0/scale_unit_rms/loss_v/H128,1.4315941333770752
512,0.0,unit_rms,128,v,xv_tan_g0p003,xv_tangent,0.003,0.0637509429016251,0.0005303621292114,0.0022620933596044,-3.155369736168076e-05,-6.549751914026735e-05,6.303486054072184e-06,20260808,/data/users/zhoushunyu/eqvae/experiments/prediction_target_toy_v4_main/seed20260808/D512/curv0/scale_unit_rms/loss_v/H128,1.4315941333770752
512,0.0,unit_rms,128,v,xv_normcomp_g0p003,xv_normal,0.003,0.0637842394184461,0.0005350112915039,0.0022650356404483,1.8468554972003725e-06,-1.3847036301051565e-06,4.500270814375428e-06,20260808,/data/users/zhoushunyu/eqvae/experiments/prediction_target_toy_v4_main/seed20260808/D512/curv0/scale_unit_rms/loss_v/H128,1.4315941333770752
512,0.0,unit_rms,128,v,xv_g0p01,xv,0.01,0.0636810268611071,0.0005289316177368,0.0022748948540538,-9.811707276865304e-05,-0.000211305340408,2.665192395337632e-05,20260808,/data/users/zhoushunyu/eqvae/experiments/prediction_target_toy_v4_main/seed20260808/D512/curv0/scale_unit_rms/loss_v/H128,1.4315941333770752
512,0.0,unit_rms,128,v,xeps_g0p01,xeps,0.01,0.0648863430336871,0.0006153583526611,0.0022668591700494,0.0011639125652306,-0.0004029263204673,0.0022488981397605,20260808,/data/users/zhoushunyu/eqvae/experiments/prediction_target_toy_v4_main/seed20260808/D512/curv0/scale_unit_rms/loss_v/H128,1.4315941333770752
512,0.0,unit_rms,128,v,xv_tan_g0p01,xv_tangent,0.01,0.0636769879873254,0.0005272626876831,0.0022607073187828,-0.0001043714819796,-0.0002176200720642,2.214301736507545e-05,20260808,/data/users/zhoushunyu/eqvae/experiments/prediction_target_toy_v4_main/seed20260808/D512/curv0/scale_unit_rms/loss_v/H128,1.4315941333770752
512,0.0,unit_rms,128,v,xv_normcomp_g0p01,xv_normal,0.01,0.063786981506337,0.0005340576171875,0.0022768781054764,6.150362119989802e-06,-4.597376499263991e-06,1.4923514350795304e-05,20260808,/data/users/zhoushunyu/eqvae/experiments/prediction_target_toy_v4_main/seed20260808/D512/curv0/scale_unit_rms/loss_v/H128,1.4315941333770752
512,0.0,unit_rms,128,v,xv_g0p03,xv,0.03,0.0634865370266158,0.0005158185958862,0.0023417407646775,-0.0002868019110598,-0.0006278360312654,8.999431649555777e-05,20260808,/data/users/zhoushunyu/eqvae/experiments/prediction_target_toy_v4_main/seed20260808/D512/curv0/scale_unit_rms/loss_v/H128,1.4315941333770752
512,0.0,unit_rms,128,v,xeps_g0p03,xeps,0.03,0.0678630241432407,0.0008367300033569,0.0023105579894036,0.0040932747264958,-0.0004645468712285,0.0071728333432247,20260808,/data/users/zhoushunyu/eqvae/experiments/prediction_target_toy_v4_main/seed20260808/D512/curv0/scale_unit_rms/loss_v/H128,1.4315941333770752
512,0.0,unit_rms,128,v,xv_tan_g0p03,xv_tangent,0.03,0.0634735662772557,0.0005154609680175,0.0022568018175661,-0.0003061986902731,-0.0006472453338715,7.652037410072526e-05,20260808,/data/users/zhoushunyu/eqvae/experiments/prediction_target_toy_v4_main/seed20260808/D512/curv0/scale_unit_rms/loss_v/H128,1.4315941333770752
512,0.0,unit_rms,128,v,xv_normcomp_g0p03,xv_normal,0.03,0.0637948837183703,0.000535249710083,0.0023475941270589,1.8439190204739e-05,-1.3629842886273696e-05,4.417945402472241e-05,20260808,/data/users/zhoushunyu/eqvae/experiments/prediction_target_toy_v4_main/seed20260808/D512/curv0/scale_unit_rms/loss_v/H128,1.4315941333770752
512,0.0,unit_rms,128,v,xv_g0p1,xv,0.1,0.0629101876641674,0.0004832744598388,0.002706381957978,-0.0008722533740999,-0.0020161214790329,0.0004302125749233,20260808,/data/users/zhoushunyu/eqvae/experiments/prediction_target_toy_v4_main/seed20260808/D512/curv0/scale_unit_rms/loss_v/H128,1.4315941333770752
512,0.0,unit_rms,128,v,xeps_g0p1,xeps,0.1,0.0847461643055751,0.0022253990173339,0.0024788309819996,0.0196763850539587,0.0065428154534278,0.0284989221257209,20260808,/data/users/zhoushunyu/eqvae/experiments/prediction_target_toy_v4_main/seed20260808/D512/curv0/scale_unit_rms/loss_v/H128,1.4315941333770752
512,0.0,unit_rms,128,v,xv_tan_g0p1,xv_tangent,0.1,0.06285623140914,0.0004787445068359,0.0022438692394644,-0.0009476787643201,-0.0020848877642576,0.0003664529146473,20260808,/data/users/zhoushunyu/eqvae/experiments/prediction_target_toy_v4_main/seed20260808/D512/curv0/scale_unit_rms/loss_v/H128,1.4315941333770752
512,0.0,unit_rms,128,v,xv_normcomp_g0p1,xv_normal,0.1,0.0638232356851019,0.000536561012268,0.0027239867486059,6.129694604229408e-05,-4.405292552065662e-05,0.0001418826089986,20260808,/data/users/zhoushunyu/eqvae/experiments/prediction_target_toy_v4_main/seed20260808/D512/curv0/scale_unit_rms/loss_v/H128,1.4315941333770752
512,0.0,unit_rms,128,v,xv_g0p3,xv,0.3,0.0622000875116177,0.0004454851150512,0.0031818605493754,-0.0019175308455303,-0.0053468956072545,0.0019147521838504,20260808,/data/users/zhoushunyu/eqvae/experiments/prediction_target_toy_v4_main/seed20260808/D512/curv0/scale_unit_rms/loss_v/H128,1.4315941333770752
512,0.0,unit_rms,128,v,xeps_g0p3,xeps,0.3,0.1619147894270458,0.0116797685623168,0.0024125589989125,0.0921058404650561,0.0687376070013838,0.1093011269531669,20260808,/data/users/zhoushunyu/eqvae/experiments/prediction_target_toy_v4_main/seed20260808/D512/curv0/scale_unit_rms/loss_v/H128,1.4315941333770752
512,0.0,unit_rms,128,v,xv_tan_g0p3,xv_tangent,0.3,0.0619165418000594,0.0004258155822753,0.0022088561672717,-0.0022429461311483,-0.0056973416504965,0.0016387530075357,20260808,/data/users/zhoushunyu/eqvae/experiments/prediction_target_toy_v4_main/seed20260808/D512/curv0/scale_unit_rms/loss_v/H128,1.4315941333770752
512,0.0,unit_rms,128,v,xv_normcomp_g0p3,xv_normal,0.3,0.0639093844757733,0.0005438327789306,0.0032274627592414,0.0001827505406865,-0.000129025614924,0.0004147120540531,20260808,/data/users/zhoushunyu/eqvae/experiments/prediction_target_toy_v4_main/seed20260808/D512/curv0/scale_unit_rms/loss_v/H128,1.4315941333770752
512,0.0,unit_rms,128,v,xv_rms_etam0p03,xv_norm,-0.03,0.0656982493191307,0.0006309747695922,0.0290754046291112,0.001788422543252,-0.0005996731668184,0.004164531081065,20260808,/data/users/zhoushunyu/eqvae/experiments/prediction_target_toy_v4_main/seed20260808/D512/curv0/scale_unit_rms/loss_v/H128,1.4315941333770752
512,0.0,unit_rms,128,v,xv_rms_etam0p01,xv_norm,-0.01,0.0644704461858143,0.0005639791488647,0.0096492497250437,0.0006436807043858,-0.0003961529395497,0.0016938345789991,20260808,/data/users/zhoushunyu/eqvae/experiments/prediction_target_toy_v4_main/seed20260808/D512/curv0/scale_unit_rms/loss_v/H128,1.4315941333770752
512,0.0,unit_rms,128,v,xv_rms_eta0p01,xv_norm,0.01,0.063116651309669,0.000515341758728,0.0083805220201611,-0.0006584375222357,-0.0023754412420919,0.00098627351564,20260808,/data/users/zhoushunyu/eqvae/experiments/prediction_target_toy_v4_main/seed20260808/D512/curv0/scale_unit_rms/loss_v/H128,1.4315941333770752
512,0.0,unit_rms,128,v,xv_rms_eta0p03,xv_norm,0.03,0.0660587383814169,0.0008504390716552,0.0070514511317014,0.0010584841491042,-0.0068618575721615,0.0086315824275817,20260808,/data/users/zhoushunyu/eqvae/experiments/prediction_target_toy_v4_main/seed20260808/D512/curv0/scale_unit_rms/loss_v/H128,1.4315941333770752
512,0.0,unit_rms,256,v,x,x,0.0,0.068804322964829,0.0014572143554687,0.0015655921306461,0.0,0.0,0.0,20260808,/data/users/zhoushunyu/eqvae/experiments/prediction_target_toy_v4_main/seed20260808/D512/curv0/scale_unit_rms/loss_v/H256,1.368803858757019
512,0.0,unit_rms,256,v,v,v,0.0,0.0701735742582652,0.0014568567276,0.8197059631347656,0.003908294686791,-0.0003679787338125,0.0083772104009309,20260808,/data/users/zhoushunyu/eqvae/experiments/prediction_target_toy_v4_main/seed20260808/D512/curv0/scale_unit_rms/loss_v/H256,1.368803858757019
512,0.0,unit_rms,256,v,eps,eps,0.0,1.4716993171953547,0.2798740863800049,36.52127456665039,1.394692385462125,1.3153732085175038,1.460392492470726,20260808,/data/users/zhoushunyu/eqvae/experiments/prediction_target_toy_v4_main/seed20260808/D512/curv0/scale_unit_rms/loss_v/H256,1.368803858757019
512,0.0,unit_rms,256,v,oracle,oracle,0.0,0.0969926405831328,0.0033507347106933,0.0023045421112328,0.0235437288414177,-0.0070233522291799,0.0541417422560455,20260808,/data/users/zhoushunyu/eqvae/experiments/prediction_target_toy_v4_main/seed20260808/D512/curv0/scale_unit_rms/loss_v/H256,1.368803858757019
512,0.0,unit_rms,256,v,xv_gm0p1,xv,-0.1,0.0682139969329114,0.0014244318008422,0.0031928939279168,-0.0002477906201288,-0.000768468749718,0.0003670907901089,20260808,/data/users/zhoushunyu/eqvae/experiments/prediction_target_toy_v4_main/seed20260808/D512/curv0/scale_unit_rms/loss_v/H256,1.368803858757019
512,0.0,unit_rms,256,v,xeps_gm0p1,xeps,-0.1,0.0618202878059794,0.00103759765625,0.004312811885029,-0.0047342291566052,-0.0205035066871129,0.0151634368048747,20260808,/data/users/zhoushunyu/eqvae/experiments/prediction_target_toy_v4_main/seed20260808/D512/curv0/scale_unit_rms/loss_v/H256,1.368803858757019
512,0.0,unit_rms,256,v,xv_tan_gm0p1,xv_tangent,-0.1,0.0684190709317346,0.001442551612854,0.0015786475269123,-8.63151020444132e-05,-0.0006362527409553,0.0004318452177729,20260808,/data/users/zhoushunyu/eqvae/experiments/prediction_target_toy_v4_main/seed20260808/D512/curv0/scale_unit_rms/loss_v/H256,1.368803858757019
512,0.0,unit_rms,256,v,xv_normcomp_gm0p1,xv_normal,-0.1,0.0685744823013148,0.0014394521713256,0.0031853921245783,-0.0001840846048369,-0.0003083200338844,-1.735916630346089e-05,20260808,/data/users/zhoushunyu/eqvae/experiments/prediction_target_toy_v4_main/seed20260808/D512/curv0/scale_unit_rms/loss_v/H256,1.368803858757019
512,0.0,unit_rms,256,v,xv_gm0p03,xv,-0.03,0.0686079116064448,0.0014469623565673,0.0016985893016681,-8.278736643052863e-05,-0.000239180087515,0.0001050167406845,20260808,/data/users/zhoushunyu/eqvae/experiments/prediction_target_toy_v4_main/seed20260808/D512/curv0/scale_unit_rms/loss_v/H256,1.368803858757019
512,0.0,unit_rms,256,v,xeps_gm0p03,xeps,-0.03,0.0635859739804184,0.0011111497879028,0.0017609068891033,-0.0045812377026456,-0.0087854233114397,0.0007596829666727,20260808,/data/users/zhoushunyu/eqvae/experiments/prediction_target_toy_v4_main/seed20260808/D512/curv0/scale_unit_rms/loss_v/H256,1.368803858757019
512,0.0,unit_rms,256,v,xv_tan_gm0p03,xv_tangent,-0.03,0.0686670458302224,0.0014517307281494,0.0015692344168201,-3.589075529624411e-05,-0.0001948846851328,0.0001269936846974,20260808,/data/users/zhoushunyu/eqvae/experiments/prediction_target_toy_v4_main/seed20260808/D512/curv0/scale_unit_rms/loss_v/H256,1.368803858757019
512,0.0,unit_rms,256,v,xv_normcomp_gm0p03,xv_normal,-0.03,0.0687432450818031,0.0014532804489135,0.0016951429424807,-4.895390870696181e-05,-8.625315278647724e-05,-1.1803022329281997e-06,20260808,/data/users/zhoushunyu/eqvae/experiments/prediction_target_toy_v4_main/seed20260808/D512/curv0/scale_unit_rms/loss_v/H256,1.368803858757019
512,0.0,unit_rms,256,v,xv_gm0p01,xv,-0.01,0.068737389449074,0.0014538764953613,0.0015770155005156,-2.850684754816673e-05,-8.183900166920197e-05,3.530895787112072e-05,20260808,/data/users/zhoushunyu/eqvae/experiments/prediction_target_toy_v4_main/seed20260808/D512/curv0/scale_unit_rms/loss_v/H256,1.368803858757019
512,0.0,unit_rms,256,v,xeps_gm0p01,xeps,-0.01,0.0667610363900201,0.0013210773468017,0.0015873115044087,-0.0018251292393192,-0.0031528717683264,-4.215337873428338e-05,20260808,/data/users/zhoushunyu/eqvae/experiments/prediction_target_toy_v4_main/seed20260808/D512/curv0/scale_unit_rms/loss_v/H256,1.368803858757019
512,0.0,unit_rms,256,v,xv_tan_gm0p01,xv_tangent,-0.01,0.0687568729059704,0.0014557838439941,0.0015667820116505,-1.2959237730172656e-05,-6.481969167766166e-05,4.302487864090138e-05,20260808,/data/users/zhoushunyu/eqvae/experiments/prediction_target_toy_v4_main/seed20260808/D512/curv0/scale_unit_rms/loss_v/H256,1.368803858757019
512,0.0,unit_rms,256,v,xv_normcomp_gm0p01,xv_normal,-0.01,0.068784646266601,0.0014543533325195,0.0015758333029225,-1.5779131839229952e-05,-2.8205882622674497e-05,5.1820823764026145e-09,20260808,/data/users/zhoushunyu/eqvae/experiments/prediction_target_toy_v4_main/seed20260808/D512/curv0/scale_unit_rms/loss_v/H256,1.368803858757019
512,0.0,unit_rms,256,v,xv_g0p003,xv,0.003,0.0688246226695548,0.0014604330062866,0.0015677284682169,8.738554954695055e-06,-1.066029967998136e-05,2.5176862578531877e-05,20260808,/data/users/zhoushunyu/eqvae/experiments/prediction_target_toy_v4_main/seed20260808/D512/curv0/scale_unit_rms/loss_v/H256,1.368803858757019
512,0.0,unit_rms,256,v,xeps_g0p003,xeps,0.003,0.0694762976028158,0.0015031099319458,0.0015655788592994,0.0006031034877631,7.685406527465632e-05,0.0010072024013523,20260808,/data/users/zhoushunyu/eqvae/experiments/prediction_target_toy_v4_main/seed20260808/D512/curv0/scale_unit_rms/loss_v/H256,1.368803858757019
512,0.0,unit_rms,256,v,xv_tan_g0p003,xv_tangent,0.003,0.0688188315984842,0.001457929611206,0.0015652396250516,4.088023094902249e-06,-1.2954224876222071e-05,1.986476901862862e-05,20260808,/data/users/zhoushunyu/eqvae/experiments/prediction_target_toy_v4_main/seed20260808/D512/curv0/scale_unit_rms/loss_v/H256,1.368803858757019
512,0.0,unit_rms,256,v,xv_normcomp_g0p003,xv_normal,0.003,0.0688100960866632,0.0014586448669433,0.0015680808573961,4.6292727632519375e-06,-7.626489527366719e-08,8.35654355530804e-06,20260808,/data/users/zhoushunyu/eqvae/experiments/prediction_target_toy_v4_main/seed20260808/D512/curv0/scale_unit_rms/loss_v/H256,1.368803858757019
512,0.0,unit_rms,256,v,xv_g0p01,xv,0.01,0.0688723191655908,0.0014605522155761,0.0015813624486327,2.946722168210486e-05,-3.5186797314716574e-05,8.49984290174618e-05,20260808,/data/users/zhoushunyu/eqvae/experiments/prediction_target_toy_v4_main/seed20260808/D512/curv0/scale_unit_rms/loss_v/H256,1.368803858757019
512,0.0,unit_rms,256,v,xeps_g0p01,xeps,0.01,0.0711185223162635,0.0016171932220458,0.001574732363224,0.0021015934317825,0.0003674714549494,0.0034541173156938,20260808,/data/users/zhoushunyu/eqvae/experiments/prediction_target_toy_v4_main/seed20260808/D512/curv0/scale_unit_rms/loss_v/H256,1.368803858757019
512,0.0,unit_rms,256,v,xv_tan_g0p01,xv_tangent,0.01,0.0688531220177623,0.0014612674713134,0.0015644263476133,1.3979618377579634e-05,-4.319924970690291e-05,6.70989806779265e-05,20260808,/data/users/zhoushunyu/eqvae/experiments/prediction_target_toy_v4_main/seed20260808/D512/curv0/scale_unit_rms/loss_v/H256,1.368803858757019
512,0.0,unit_rms,256,v,xv_normcomp_g0p01,xv_normal,0.01,0.0688233422356183,0.0014566183090209,0.0015825246227905,1.52532377129367e-05,-3.861217112351503e-07,2.7669416537928053e-05,20260808,/data/users/zhoushunyu/eqvae/experiments/prediction_target_toy_v4_main/seed20260808/D512/curv0/scale_unit_rms/loss_v/H256,1.368803858757019
512,0.0,unit_rms,256,v,xv_g0p03,xv,0.03,0.0690107910524333,0.0014674663543701,0.0016706199385225,9.12252440158416e-05,-0.0001047055103034,0.0002615267072769,20260808,/data/users/zhoushunyu/eqvae/experiments/prediction_target_toy_v4_main/seed20260808/D512/curv0/scale_unit_rms/loss_v/H256,1.368803858757019
512,0.0,unit_rms,256,v,xeps_g0p03,xeps,0.03,0.0764845767590911,0.002007246017456,0.0016427405644208,0.0070491833841528,0.0021219662303476,0.0111703450048142,20260808,/data/users/zhoushunyu/eqvae/experiments/prediction_target_toy_v4_main/seed20260808/D512/curv0/scale_unit_rms/loss_v/H256,1.368803858757019
512,0.0,unit_rms,256,v,xv_tan_g0p03,xv_tangent,0.03,0.0689540599105848,0.0014619827270507,0.0015621728962287,4.492155758069716e-05,-0.0001298111434947,0.0002095016834575,20260808,/data/users/zhoushunyu/eqvae/experiments/prediction_target_toy_v4_main/seed20260808/D512/curv0/scale_unit_rms/loss_v/H256,1.368803858757019
512,0.0,unit_rms,256,v,xv_normcomp_g0p03,xv_normal,0.03,0.0688594943213025,0.0014629364013671,0.001673940801993,4.421423851137113e-05,-2.413642127854949e-06,8.141317486211811e-05,20260808,/data/users/zhoushunyu/eqvae/experiments/prediction_target_toy_v4_main/seed20260808/D512/curv0/scale_unit_rms/loss_v/H256,1.368803858757019
512,0.0,unit_rms,256,v,xv_g0p1,xv,0.1,0.069522892206433,0.0014944076538085,0.0021615226287394,0.0003208848727286,-0.0003744982857471,0.0009205329973481,20260808,/data/users/zhoushunyu/eqvae/experiments/prediction_target_toy_v4_main/seed20260808/D512/curv0/scale_unit_rms/loss_v/H256,1.368803858757019
512,0.0,unit_rms,256,v,xeps_g0p1,xeps,0.1,0.1015378605798388,0.0041276216506958,0.0019191978499293,0.031606299698227,0.020322233597534,0.0423936080928069,20260808,/data/users/zhoushunyu/eqvae/experiments/prediction_target_toy_v4_main/seed20260808/D512/curv0/scale_unit_rms/loss_v/H256,1.368803858757019
512,0.0,unit_rms,256,v,xv_tan_g0p1,xv_tangent,0.1,0.0693381077346521,0.0014780759811401,0.0015551219694316,0.0001726578120767,-0.0004453069035814,0.0007204444620593,20260808,/data/users/zhoushunyu/eqvae/experiments/prediction_target_toy_v4_main/seed20260808/D512/curv0/scale_unit_rms/loss_v/H256,1.368803858757019
512,0.0,unit_rms,256,v,xv_normcomp_g0p1,xv_normal,0.1,0.0689679867046393,0.0014711618423461,0.0021702968515455,0.0001310207477981,-1.730309064742596e-05,0.0002545720793579,20260808,/data/users/zhoushunyu/eqvae/experiments/prediction_target_toy_v4_main/seed20260808/D512/curv0/scale_unit_rms/loss_v/H256,1.368803858757019
512,0.0,unit_rms,256,v,xv_g0p3,xv,0.3,0.0711036073602021,0.0015561580657958,0.0029708556830883,0.0010310833481785,-0.0011149942520425,0.0028429153844267,20260808,/data/users/zhoushunyu/eqvae/experiments/prediction_target_toy_v4_main/seed20260808/D512/curv0/scale_unit_rms/loss_v/H256,1.368803858757019
512,0.0,unit_rms,256,v,xeps_g0p3,xeps,0.3,0.1972336863503077,0.0163443088531494,0.00193432578817,0.1246330879127057,0.1043128725644005,0.1451144540213255,20260808,/data/users/zhoushunyu/eqvae/experiments/prediction_target_toy_v4_main/seed20260808/D512/curv0/scale_unit_rms/loss_v/H256,1.368803858757019
512,0.0,unit_rms,256,v,xv_tan_g0p3,xv_tangent,0.3,0.0705244554031662,0.0015127658843994,0.0015400941483676,0.0006523208655947,-0.0012036592194837,0.0022977349806499,20260808,/data/users/zhoushunyu/eqvae/experiments/prediction_target_toy_v4_main/seed20260808/D512/curv0/scale_unit_rms/loss_v/H256,1.368803858757019
512,0.0,unit_rms,256,v,xv_normcomp_g0p3,xv_normal,0.3,0.0691611767910648,0.0014876127243041,0.0029886164702475,0.0002777082864647,-0.0001240637075219,0.0006517314851937,20260808,/data/users/zhoushunyu/eqvae/experiments/prediction_target_toy_v4_main/seed20260808/D512/curv0/scale_unit_rms/loss_v/H256,1.368803858757019
512,0.0,unit_rms,256,v,xv_rms_etam0p03,xv_norm,-0.03,0.0688850477206159,0.0014599561691284,0.0296735223382711,-6.966446555188341e-05,-0.0010375572151983,0.000801668697568,20260808,/data/users/zhoushunyu/eqvae/experiments/prediction_target_toy_v4_main/seed20260808/D512/curv0/scale_unit_rms/loss_v/H256,1.368803858757019
512,0.0,unit_rms,256,v,xv_rms_etam0p01,xv_norm,-0.01,0.0688852840965089,0.0014618635177612,0.0098631652072072,-2.4656059605549577e-05,-0.000538253031346,0.0004213758431263,20260808,/data/users/zhoushunyu/eqvae/experiments/prediction_target_toy_v4_main/seed20260808/D512/curv0/scale_unit_rms/loss_v/H256,1.368803858757019
512,0.0,unit_rms,256,v,xv_rms_eta0p01,xv_norm,0.01,0.0686465655912332,0.0014501810073852,0.0091509809717535,0.0001174365348198,-0.0008784246286199,0.0011358868590806,20260808,/data/users/zhoushunyu/eqvae/experiments/prediction_target_toy_v4_main/seed20260808/D512/curv0/scale_unit_rms/loss_v/H256,1.368803858757019
512,0.0,unit_rms,256,v,xv_rms_eta0p03,xv_norm,0.03,0.0703667396759623,0.0015575885772705,0.0077812764793634,0.0032742660797372,-0.003410342664346,0.0093231435616232,20260808,/data/users/zhoushunyu/eqvae/experiments/prediction_target_toy_v4_main/seed20260808/D512/curv0/scale_unit_rms/loss_v/H256,1.368803858757019
512,0.0,unit_rms,512,v,x,x,0.0,0.0526596605717616,0.0008336305618286,0.0010580773232504,0.0,0.0,0.0,20260808,/data/users/zhoushunyu/eqvae/experiments/prediction_target_toy_v4_main/seed20260808/D512/curv0/scale_unit_rms/loss_v/H512,1.4116270542144775
512,0.0,unit_rms,512,v,v,v,0.0,0.0463380829324978,0.0005815029144287,0.636396586894989,-0.0031877829923149,-0.0162519144443258,0.0114555944623245,20260808,/data/users/zhoushunyu/eqvae/experiments/prediction_target_toy_v4_main/seed20260808/D512/curv0/scale_unit_rms/loss_v/H512,1.4116270542144775
512,0.0,unit_rms,512,v,eps,eps,0.0,1.6329911383213829,0.3042087852954864,21.52350616455078,1.60525890918992,1.5311501329451611,1.692712786784854,20260808,/data/users/zhoushunyu/eqvae/experiments/prediction_target_toy_v4_main/seed20260808/D512/curv0/scale_unit_rms/loss_v/H512,1.4116270542144775
512,0.0,unit_rms,512,v,oracle,oracle,0.0,0.083280245189077,0.002315878868103,0.0023257785942405,0.0239541508310792,-0.0027400674873277,0.0459355803122771,20260808,/data/users/zhoushunyu/eqvae/experiments/prediction_target_toy_v4_main/seed20260808/D512/curv0/scale_unit_rms/loss_v/H512,1.4116270542144775
512,0.0,unit_rms,512,v,xv_gm0p1,xv,-0.1,0.0511269212508287,0.0007548332214355,0.0027476539835333,-0.0009786749011991,-0.0025305789737859,0.0006312049199828,20260808,/data/users/zhoushunyu/eqvae/experiments/prediction_target_toy_v4_main/seed20260808/D512/curv0/scale_unit_rms/loss_v/H512,1.4116270542144775
512,0.0,unit_rms,512,v,xeps_gm0p1,xeps,-0.1,0.0448085747350958,0.0005286931991577,0.0035848196130245,0.0051319219009784,-0.03616336350304,0.0437299803140945,20260808,/data/users/zhoushunyu/eqvae/experiments/prediction_target_toy_v4_main/seed20260808/D512/curv0/scale_unit_rms/loss_v/H512,1.4116270542144775
512,0.0,unit_rms,512,v,xv_tan_gm0p1,xv_tangent,-0.1,0.0510566526898886,0.0007599592208862,0.0010656471131369,-0.0010530947908998,-0.002598060123423,0.0005464776737864,20260808,/data/users/zhoushunyu/eqvae/experiments/prediction_target_toy_v4_main/seed20260808/D512/curv0/scale_unit_rms/loss_v/H512,1.4116270542144775
512,0.0,unit_rms,512,v,xv_normcomp_gm0p1,xv_normal,-0.1,0.0527653657824386,0.0008267164230346,0.0027432788629084,0.0001568183218082,-0.0002736718170947,0.0006487379786122,20260808,/data/users/zhoushunyu/eqvae/experiments/prediction_target_toy_v4_main/seed20260808/D512/curv0/scale_unit_rms/loss_v/H512,1.4116270542144775
512,0.0,unit_rms,512,v,xv_gm0p03,xv,-0.03,0.0522955540675667,0.0008111000061035,0.001234418945387,-0.0003066275609909,-0.0007801921461743,0.0003906546278328,20260808,/data/users/zhoushunyu/eqvae/experiments/prediction_target_toy_v4_main/seed20260808/D512/curv0/scale_unit_rms/loss_v/H512,1.4116270542144775
512,0.0,unit_rms,512,v,xeps_gm0p03,xeps,-0.03,0.039433142758441,0.0002979040145874,0.0013009648537263,-0.0063548384173622,-0.0170818495125987,0.007674603137505,20260808,/data/users/zhoushunyu/eqvae/experiments/prediction_target_toy_v4_main/seed20260808/D512/curv0/scale_unit_rms/loss_v/H512,1.4116270542144775
512,0.0,unit_rms,512,v,xv_tan_gm0p03,xv_tangent,-0.03,0.0522373240976292,0.0008100271224975,0.0010602989932522,-0.0003397862223817,-0.000862630492541,0.0003152664162812,20260808,/data/users/zhoushunyu/eqvae/experiments/prediction_target_toy_v4_main/seed20260808/D512/curv0/scale_unit_rms/loss_v/H512,1.4116270542144775
512,0.0,unit_rms,512,v,xv_normcomp_gm0p03,xv_normal,-0.03,0.052724119213026,0.0008323192596435,0.0012325831921771,5.9773517027231634e-05,-8.161214768695157e-05,0.0002608000472563,20260808,/data/users/zhoushunyu/eqvae/experiments/prediction_target_toy_v4_main/seed20260808/D512/curv0/scale_unit_rms/loss_v/H512,1.4116270542144775
512,0.0,unit_rms,512,v,xv_gm0p01,xv,-0.01,0.0525501097287943,0.0008262395858764,0.0010757922427728,-0.0001155400068391,-0.0003259264381151,0.0001365432964597,20260808,/data/users/zhoushunyu/eqvae/experiments/prediction_target_toy_v4_main/seed20260808/D512/curv0/scale_unit_rms/loss_v/H512,1.4116270542144775
512,0.0,unit_rms,512,v,xeps_gm0p01,xeps,-0.01,0.0481820786267542,0.000622272491455,0.0010861296905204,-0.0027282683420222,-0.0062384401584819,0.0017807343165837,20260808,/data/users/zhoushunyu/eqvae/experiments/prediction_target_toy_v4_main/seed20260808/D512/curv0/scale_unit_rms/loss_v/H512,1.4116270542144775
512,0.0,unit_rms,512,v,xv_tan_gm0p01,xv_tangent,-0.01,0.0525310511568234,0.0008265972137451,0.0010589206358417,-0.0001395884556074,-0.0004098134189854,0.0001078252364041,20260808,/data/users/zhoushunyu/eqvae/experiments/prediction_target_toy_v4_main/seed20260808/D512/curv0/scale_unit_rms/loss_v/H512,1.4116270542144775
512,0.0,unit_rms,512,v,xv_normcomp_gm0p01,xv_normal,-0.01,0.0526827361541137,0.0008312463760375,0.001074953819625,2.217323508650934e-05,-1.9861176699075e-05,0.0001009805707748,20260808,/data/users/zhoushunyu/eqvae/experiments/prediction_target_toy_v4_main/seed20260808/D512/curv0/scale_unit_rms/loss_v/H512,1.4116270542144775
512,0.0,unit_rms,512,v,xv_g0p003,xv,0.003,0.0527011447397819,0.0008341073989868,0.0010605507995933,3.236454874549585e-05,-3.870454743072037e-05,0.0001015084853017,20260808,/data/users/zhoushunyu/eqvae/experiments/prediction_target_toy_v4_main/seed20260808/D512/curv0/scale_unit_rms/loss_v/H512,1.4116270542144775
512,0.0,unit_rms,512,v,xeps_g0p003,xeps,0.003,0.0542987459354961,0.0009052753448486,0.0010583765106275,0.0010159839064023,-0.0003730767676967,0.0020213106786385,20260808,/data/users/zhoushunyu/eqvae/experiments/prediction_target_toy_v4_main/seed20260808/D512/curv0/scale_unit_rms/loss_v/H512,1.4116270542144775
512,0.0,unit_rms,512,v,xv_tan_g0p003,xv_tangent,0.003,0.0527082620588515,0.0008331537246704,0.0010578145738691,3.848522704104247e-05,-2.3981571435599363e-05,0.0001106987926089,20260808,/data/users/zhoushunyu/eqvae/experiments/prediction_target_toy_v4_main/seed20260808/D512/curv0/scale_unit_rms/loss_v/H512,1.4116270542144775
512,0.0,unit_rms,512,v,xv_normcomp_g0p003,xv_normal,0.003,0.0526531875225151,0.0008325576782226,0.0010608172742649,-6.965623712999538e-06,-3.17863925064471e-05,5.108580951594656e-06,20260808,/data/users/zhoushunyu/eqvae/experiments/prediction_target_toy_v4_main/seed20260808/D512/curv0/scale_unit_rms/loss_v/H512,1.4116270542144775
512,0.0,unit_rms,512,v,xv_g0p01,xv,0.01,0.0528259823274139,0.0008386373519897,0.0010787848150357,0.0001111167629362,-8.752499752736706e-05,0.0004272804047764,20260808,/data/users/zhoushunyu/eqvae/experiments/prediction_target_toy_v4_main/seed20260808/D512/curv0/scale_unit_rms/loss_v/H512,1.4116270542144775
512,0.0,unit_rms,512,v,xeps_g0p01,xeps,0.01,0.0578424705809652,0.001083493232727,0.0010722036240622,0.0035058384955478,-0.0007963602217013,0.0065011328830985,20260808,/data/users/zhoushunyu/eqvae/experiments/prediction_target_toy_v4_main/seed20260808/D512/curv0/scale_unit_rms/loss_v/H512,1.4116270542144775
512,0.0,unit_rms,512,v,xv_tan_g0p01,xv_tangent,0.01,0.0528482188762216,0.0008400678634643,0.0010572496103122,0.0001294727481397,-6.167078365196012e-05,0.0004642744333605,20260808,/data/users/zhoushunyu/eqvae/experiments/prediction_target_toy_v4_main/seed20260808/D512/curv0/scale_unit_rms/loss_v/H512,1.4116270542144775
512,0.0,unit_rms,512,v,xv_normcomp_g0p01,xv_normal,0.01,0.0526393428322604,0.0008312463760375,0.0010796363931149,-2.360398255482246e-05,-0.0001092067670082,1.5457929431230178e-05,20260808,/data/users/zhoushunyu/eqvae/experiments/prediction_target_toy_v4_main/seed20260808/D512/curv0/scale_unit_rms/loss_v/H512,1.4116270542144775
512,0.0,unit_rms,512,v,xv_g0p03,xv,0.03,0.0531030174674886,0.0008548498153686,0.0012021595612168,0.0003039689866707,-0.0002251304198619,0.0009302687727151,20260808,/data/users/zhoushunyu/eqvae/experiments/prediction_target_toy_v4_main/seed20260808/D512/curv0/scale_unit_rms/loss_v/H512,1.4116270542144775
512,0.0,unit_rms,512,v,xeps_g0p03,xeps,0.03,0.0697368265712564,0.0017334222793579,0.0011821859516203,0.0116386392633103,-0.0003384701107728,0.0186809317988335,20260808,/data/users/zhoushunyu/eqvae/experiments/prediction_target_toy_v4_main/seed20260808/D512/curv0/scale_unit_rms/loss_v/H512,1.4116270542144775
512,0.0,unit_rms,512,v,xv_tan_g0p03,xv_tangent,0.03,0.0531359816971678,0.0008547306060791,0.0010558357462286,0.000348239974386,-0.0001427834327553,0.0009485130640942,20260808,/data/users/zhoushunyu/eqvae/experiments/prediction_target_toy_v4_main/seed20260808/D512/curv0/scale_unit_rms/loss_v/H512,1.4116270542144775
512,0.0,unit_rms,512,v,xv_normcomp_g0p03,xv_normal,0.03,0.0526103214182073,0.0008316040039062,0.0012042575981467,-7.005958115077662e-05,-0.000337871336231,3.743603446081926e-05,20260808,/data/users/zhoushunyu/eqvae/experiments/prediction_target_toy_v4_main/seed20260808/D512/curv0/scale_unit_rms/loss_v/H512,1.4116270542144775
512,0.0,unit_rms,512,v,xv_g0p1,xv,0.1,0.0541905798718359,0.0009129047393798,0.0018716424237936,0.0011058050161322,-0.0007185830421641,0.0024738599981279,20260808,/data/users/zhoushunyu/eqvae/experiments/prediction_target_toy_v4_main/seed20260808/D512/curv0/scale_unit_rms/loss_v/H512,1.4116270542144775
512,0.0,unit_rms,512,v,xeps_g0p1,xeps,0.1,0.1165136290987284,0.0055607557296752,0.0016451377887278,0.0522216712687799,0.0267628887149562,0.0663047274495544,20260808,/data/users/zhoushunyu/eqvae/experiments/prediction_target_toy_v4_main/seed20260808/D512/curv0/scale_unit_rms/loss_v/H512,1.4116270542144775
512,0.0,unit_rms,512,v,xv_tan_g0p1,xv_tangent,0.1,0.0544120510462112,0.0009126663208007,0.0010521281510591,0.0011921790231689,-0.0004475975547156,0.0026368714424654,20260808,/data/users/zhoushunyu/eqvae/experiments/prediction_target_toy_v4_main/seed20260808/D512/curv0/scale_unit_rms/loss_v/H512,1.4116270542144775
512,0.0,unit_rms,512,v,xv_normcomp_g0p1,xv_normal,0.1,0.052541785237733,0.0008348226547241,0.0018756057834252,-0.0001545148566958,-0.0007348745048677,0.000153595674827,20260808,/data/users/zhoushunyu/eqvae/experiments/prediction_target_toy_v4_main/seed20260808/D512/curv0/scale_unit_rms/loss_v/H512,1.4116270542144775
512,0.0,unit_rms,512,v,xv_g0p3,xv,0.3,0.0576057336357783,0.0011110305786132,0.003217288525775,0.003515864121413,-0.0016501409778537,0.0072757471091585,20260808,/data/users/zhoushunyu/eqvae/experiments/prediction_target_toy_v4_main/seed20260808/D512/curv0/scale_unit_rms/loss_v/H512,1.4116270542144775
512,0.0,unit_rms,512,v,xeps_g0p3,xeps,0.3,0.2586037755615318,0.0299415588378906,0.0018822322599589,0.1896632598341103,0.1645888876962765,0.208413778968329,20260808,/data/users/zhoushunyu/eqvae/experiments/prediction_target_toy_v4_main/seed20260808/D512/curv0/scale_unit_rms/loss_v/H512,1.4116270542144775
512,0.0,unit_rms,512,v,xv_tan_g0p3,xv_tangent,0.3,0.0582366559959947,0.0011143684387207,0.0010460970224812,0.003870518246694,-0.0013700920673084,0.0078437185362113,20260808,/data/users/zhoushunyu/eqvae/experiments/prediction_target_toy_v4_main/seed20260808/D512/curv0/scale_unit_rms/loss_v/H512,1.4116270542144775
512,0.0,unit_rms,512,v,xv_normcomp_g0p3,xv_normal,0.3,0.0522776819024719,0.0008317232131958,0.0032230140641331,-0.0003344315509791,-0.0013173858483566,0.0004104323107286,20260808,/data/users/zhoushunyu/eqvae/experiments/prediction_target_toy_v4_main/seed20260808/D512/curv0/scale_unit_rms/loss_v/H512,1.4116270542144775
512,0.0,unit_rms,512,v,xv_rms_etam0p03,xv_norm,-0.03,0.0530742888114984,0.000844120979309,0.0297945737838745,0.0001513831560353,-0.0020059901686902,0.0022626115690619,20260808,/data/users/zhoushunyu/eqvae/experiments/prediction_target_toy_v4_main/seed20260808/D512/curv0/scale_unit_rms/loss_v/H512,1.4116270542144775
512,0.0,unit_rms,512,v,xv_rms_etam0p01,xv_norm,-0.01,0.0529735309181267,0.0008420944213867,0.0098773557692766,9.942718729006302e-05,-0.0008091848375475,0.0009820829381647,20260808,/data/users/zhoushunyu/eqvae/experiments/prediction_target_toy_v4_main/seed20260808/D512/curv0/scale_unit_rms/loss_v/H512,1.4116270542144775
512,0.0,unit_rms,512,v,xv_rms_eta0p01,xv_norm,0.01,0.0521098302047814,0.0008068084716796,0.0092283058911561,-0.0002276884743067,-0.0016771246895807,0.0014535687892753,20260808,/data/users/zhoushunyu/eqvae/experiments/prediction_target_toy_v4_main/seed20260808/D512/curv0/scale_unit_rms/loss_v/H512,1.4116270542144775
512,0.0,unit_rms,512,v,xv_rms_eta0p03,xv_norm,0.03,0.0535078641583058,0.0008896589279174,0.0099125020205974,0.0020016717813925,-0.0080682273267825,0.0116831913801404,20260808,/data/users/zhoushunyu/eqvae/experiments/prediction_target_toy_v4_main/seed20260808/D512/curv0/scale_unit_rms/loss_v/H512,1.4116270542144775
512,0.0,unit_rms,64,v,x,x,0.0,0.0712821923687207,0.0005685091018676,0.0036671445704996,0.0,0.0,0.0,20260808,/data/users/zhoushunyu/eqvae/experiments/prediction_target_toy_v4_main/seed20260808/D512/curv0/scale_unit_rms/loss_v/H64,1.3786773681640625
512,0.0,unit_rms,64,v,v,v,0.0,0.0846364166636472,0.0016297101974487,0.949159860610962,0.0101165875148332,0.0007050984081524,0.0167848210676768,20260808,/data/users/zhoushunyu/eqvae/experiments/prediction_target_toy_v4_main/seed20260808/D512/curv0/scale_unit_rms/loss_v/H64,1.3786773681640625
512,0.0,unit_rms,64,v,eps,eps,0.0,1.459781060135389,0.278675377368927,45.9723014831543,1.3878960504203672,1.3195865485865776,1.4475831215024593,20260808,/data/users/zhoushunyu/eqvae/experiments/prediction_target_toy_v4_main/seed20260808/D512/curv0/scale_unit_rms/loss_v/H64,1.3786773681640625
512,0.0,unit_rms,64,v,oracle,oracle,0.0,0.0808328147582005,0.0021933317184448,0.0022999721113592,0.0109923489721377,-0.0235271322099684,0.0355304006606245,20260808,/data/users/zhoushunyu/eqvae/experiments/prediction_target_toy_v4_main/seed20260808/D512/curv0/scale_unit_rms/loss_v/H64,1.3786773681640625
512,0.0,unit_rms,64,v,xv_gm0p1,xv,-0.1,0.0721127699324451,0.0006450414657592,0.0047364807687699,0.0005386682538174,-0.0004478543871469,0.0013603287365482,20260808,/data/users/zhoushunyu/eqvae/experiments/prediction_target_toy_v4_main/seed20260808/D512/curv0/scale_unit_rms/loss_v/H64,1.3786773681640625
512,0.0,unit_rms,64,v,xeps_gm0p1,xeps,-0.1,0.0709456554091093,0.0005608797073364,0.0059675383381545,8.225337776328945e-05,-0.0121053242997551,0.0140463859450187,20260808,/data/users/zhoushunyu/eqvae/experiments/prediction_target_toy_v4_main/seed20260808/D512/curv0/scale_unit_rms/loss_v/H64,1.3786773681640625
512,0.0,unit_rms,64,v,xv_tan_gm0p1,xv_tangent,-0.1,0.0722046911420256,0.0006529092788696,0.0036581754684448,0.0005756172490122,-0.0005527868905692,0.0015442659729166,20260808,/data/users/zhoushunyu/eqvae/experiments/prediction_target_toy_v4_main/seed20260808/D512/curv0/scale_unit_rms/loss_v/H64,1.3786773681640625
512,0.0,unit_rms,64,v,xv_normcomp_gm0p1,xv_normal,-0.1,0.0711922990931754,0.0005615949630737,0.0047434736043214,-3.06483423734312e-05,-0.0002411347392087,0.0001772174597821,20260808,/data/users/zhoushunyu/eqvae/experiments/prediction_target_toy_v4_main/seed20260808/D512/curv0/scale_unit_rms/loss_v/H64,1.3786773681640625
512,0.0,unit_rms,64,v,xv_gm0p03,xv,-0.03,0.0715183105928176,0.0005906820297241,0.0037151877768337,0.0001493038515922,-0.0001494874556038,0.0004020698350817,20260808,/data/users/zhoushunyu/eqvae/experiments/prediction_target_toy_v4_main/seed20260808/D512/curv0/scale_unit_rms/loss_v/H64,1.3786773681640625
512,0.0,unit_rms,64,v,xeps_gm0p03,xeps,-0.03,0.0676889239995069,0.0002897977828979,0.0037776010576635,-0.0030199381023845,-0.0065075524335193,0.0009556260740751,20260808,/data/users/zhoushunyu/eqvae/experiments/prediction_target_toy_v4_main/seed20260808/D512/curv0/scale_unit_rms/loss_v/H64,1.3786773681640625
512,0.0,unit_rms,64,v,xv_tan_gm0p03,xv_tangent,-0.03,0.0715437167981885,0.0005942583084106,0.0036643913481384,0.0001579184076737,-0.0001841596471093,0.0004541490241352,20260808,/data/users/zhoushunyu/eqvae/experiments/prediction_target_toy_v4_main/seed20260808/D512/curv0/scale_unit_rms/loss_v/H64,1.3786773681640625
512,0.0,unit_rms,64,v,xv_normcomp_gm0p03,xv_normal,-0.03,0.071257043038636,0.0005676746368408,0.0037178816273808,-7.98107438193002e-06,-6.887362026279515e-05,5.2778605374619664e-05,20260808,/data/users/zhoushunyu/eqvae/experiments/prediction_target_toy_v4_main/seed20260808/D512/curv0/scale_unit_rms/loss_v/H64,1.3786773681640625
512,0.0,unit_rms,64,v,xv_gm0p01,xv,-0.01,0.0713596040382758,0.0005770921707153,0.00366569054313,4.852954067101636e-05,-5.134450771348033e-05,0.00013340933239,20260808,/data/users/zhoushunyu/eqvae/experiments/prediction_target_toy_v4_main/seed20260808/D512/curv0/scale_unit_rms/loss_v/H64,1.3786773681640625
512,0.0,unit_rms,64,v,xeps_gm0p01,xeps,-0.01,0.0697928027866758,0.0004507303237915,0.0036782065872102,-0.0012701977979265,-0.0023804246053622,-1.291701182195288e-05,20260808,/data/users/zhoushunyu/eqvae/experiments/prediction_target_toy_v4_main/seed20260808/D512/curv0/scale_unit_rms/loss_v/H64,1.3786773681640625
512,0.0,unit_rms,64,v,xv_tan_gm0p01,xv_tangent,-0.01,0.071367857040549,0.0005755424499511,0.0036662211641669,5.115868900673268e-05,-6.318702058558147e-05,0.0001504969907469,20260808,/data/users/zhoushunyu/eqvae/experiments/prediction_target_toy_v4_main/seed20260808/D512/curv0/scale_unit_rms/loss_v/H64,1.3786773681640625
512,0.0,unit_rms,64,v,xv_normcomp_gm0p01,xv_normal,-0.01,0.0712739617998169,0.0005682706832885,0.0036666113883256,-2.5566758993768318e-06,-2.266113158456637e-05,1.7552239485203367e-05,20260808,/data/users/zhoushunyu/eqvae/experiments/prediction_target_toy_v4_main/seed20260808/D512/curv0/scale_unit_rms/loss_v/H64,1.3786773681640625
512,0.0,unit_rms,64,v,xv_g0p003,xv,0.003,0.0712592254448306,0.0005660057067871,0.0036702821962535,-1.4315905280081476e-05,-3.99383415392765e-05,1.5670721558125306e-05,20260808,/data/users/zhoushunyu/eqvae/experiments/prediction_target_toy_v4_main/seed20260808/D512/curv0/scale_unit_rms/loss_v/H64,1.3786773681640625
512,0.0,unit_rms,64,v,xeps_g0p003,xeps,0.003,0.0717814449852316,0.0006088018417358,0.0036671531852334,0.0004294863955168,6.768924856920059e-05,0.0007511595880847,20260808,/data/users/zhoushunyu/eqvae/experiments/prediction_target_toy_v4_main/seed20260808/D512/curv0/scale_unit_rms/loss_v/H64,1.3786773681640625
512,0.0,unit_rms,64,v,xv_tan_g0p003,xv_tangent,0.003,0.071256789107152,0.000565767288208,0.0036674232687801,-1.50568763439253e-05,-4.501535892079654e-05,1.928563146859594e-05,20260808,/data/users/zhoushunyu/eqvae/experiments/prediction_target_toy_v4_main/seed20260808/D512/curv0/scale_unit_rms/loss_v/H64,1.3786773681640625
512,0.0,unit_rms,64,v,xv_normcomp_g0p003,xv_normal,0.003,0.0712846293604954,0.0005673170089721,0.0036700046621263,7.470722218153037e-07,-5.264240577385754e-06,6.743514833341956e-06,20260808,/data/users/zhoushunyu/eqvae/experiments/prediction_target_toy_v4_main/seed20260808/D512/curv0/scale_unit_rms/loss_v/H64,1.3786773681640625
512,0.0,unit_rms,64,v,xv_g0p01,xv,0.01,0.0712061031977594,0.000561237335205,0.0036817106883972,-4.728175229350873e-05,-0.0001329222674361,5.277496278769002e-05,20260808,/data/users/zhoushunyu/eqvae/experiments/prediction_target_toy_v4_main/seed20260808/D512/curv0/scale_unit_rms/loss_v/H64,1.3786773681640625
512,0.0,unit_rms,64,v,xeps_g0p01,xeps,0.01,0.0730354089513753,0.0007095336914062,0.0036716528702527,0.0015150513703701,0.0003292793767412,0.00256572840668,20260808,/data/users/zhoushunyu/eqvae/experiments/prediction_target_toy_v4_main/seed20260808/D512/curv0/scale_unit_rms/loss_v/H64,1.3786773681640625
512,0.0,unit_rms,64,v,xv_tan_g0p01,xv_tangent,0.01,0.071198063224032,0.0005601644515991,0.0036680730991065,-4.966928712736185e-05,-0.0001498027104214,6.493549651426194e-05,20260808,/data/users/zhoushunyu/eqvae/experiments/prediction_target_toy_v4_main/seed20260808/D512/curv0/scale_unit_rms/loss_v/H64,1.3786773681640625
512,0.0,unit_rms,64,v,xv_normcomp_g0p01,xv_normal,0.01,0.071290265014914,0.0005689859390258,0.0036807840224355,2.457309411828396e-06,-1.7525403904723736e-05,2.2373474246744835e-05,20260808,/data/users/zhoushunyu/eqvae/experiments/prediction_target_toy_v4_main/seed20260808/D512/curv0/scale_unit_rms/loss_v/H64,1.3786773681640625
512,0.0,unit_rms,64,v,xv_g0p03,xv,0.03,0.0710579671637987,0.0005474090576171,0.0037383055314421,-0.0001380489110373,-0.0003971036420907,0.000162764803675,20260808,/data/users/zhoushunyu/eqvae/experiments/prediction_target_toy_v4_main/seed20260808/D512/curv0/scale_unit_rms/loss_v/H64,1.3786773681640625
512,0.0,unit_rms,64,v,xeps_g0p03,xeps,0.03,0.0772468762606386,0.001068115234375,0.0037060980685055,0.0052184930437382,0.0017691805952219,0.0081803523930581,20260808,/data/users/zhoushunyu/eqvae/experiments/prediction_target_toy_v4_main/seed20260808/D512/curv0/scale_unit_rms/loss_v/H64,1.3786773681640625
512,0.0,unit_rms,64,v,xv_tan_g0p03,xv_tangent,0.03,0.0710345285110245,0.000544786453247,0.0036699445918202,-0.0001444807334854,-0.0004473155886367,0.0001999927872163,20260808,/data/users/zhoushunyu/eqvae/experiments/prediction_target_toy_v4_main/seed20260808/D512/curv0/scale_unit_rms/loss_v/H64,1.3786773681640625
512,0.0,unit_rms,64,v,xv_normcomp_g0p03,xv_normal,0.03,0.0713059671681548,0.0005699396133422,0.0037355478852987,7.093046509594886e-06,-5.241233678431497e-05,6.627988563453722e-05,20260808,/data/users/zhoushunyu/eqvae/experiments/prediction_target_toy_v4_main/seed20260808/D512/curv0/scale_unit_rms/loss_v/H64,1.3786773681640625
512,0.0,unit_rms,64,v,xv_g0p1,xv,0.1,0.0705831291534838,0.0004955530166625,0.0040231402963399,-0.0004151610742589,-0.0013021633297452,0.0006039716986451,20260808,/data/users/zhoushunyu/eqvae/experiments/prediction_target_toy_v4_main/seed20260808/D512/curv0/scale_unit_rms/loss_v/H64,1.3786773681640625
512,0.0,unit_rms,64,v,xeps_g0p1,xeps,0.1,0.0973679896739347,0.0030441284179687,0.0038526870775967,0.0236410738562371,0.0138825156648786,0.0314435960405725,20260808,/data/users/zhoushunyu/eqvae/experiments/prediction_target_toy_v4_main/seed20260808/D512/curv0/scale_unit_rms/loss_v/H64,1.3786773681640625
512,0.0,unit_rms,64,v,xv_tan_g0p1,xv_tangent,0.1,0.070513286063153,0.0004904270172119,0.0036766231060028,-0.0004277605529527,-0.0014644887682062,0.0007380514396568,20260808,/data/users/zhoushunyu/eqvae/experiments/prediction_target_toy_v4_main/seed20260808/D512/curv0/scale_unit_rms/loss_v/H64,1.3786773681640625
512,0.0,unit_rms,64,v,xv_normcomp_g0p1,xv_normal,0.1,0.0713566941907886,0.0005743503570556,0.0040144249796867,2.0672070651941293e-05,-0.0001729263293835,0.0002118186078449,20260808,/data/users/zhoushunyu/eqvae/experiments/prediction_target_toy_v4_main/seed20260808/D512/curv0/scale_unit_rms/loss_v/H64,1.3786773681640625
512,0.0,unit_rms,64,v,xv_g0p3,xv,0.3,0.0696356483077651,0.0003710985183715,0.0043846722692251,-0.0008348423105427,-0.0036481578858745,0.0023899693650012,20260808,/data/users/zhoushunyu/eqvae/experiments/prediction_target_toy_v4_main/seed20260808/D512/curv0/scale_unit_rms/loss_v/H64,1.3786773681640625
512,0.0,unit_rms,64,v,xeps_g0p3,xeps,0.3,0.1744934553512161,0.0143616199493408,0.004002695903182,0.0979005686991384,0.0821976720258517,0.1117348066109493,20260808,/data/users/zhoushunyu/eqvae/experiments/prediction_target_toy_v4_main/seed20260808/D512/curv0/scale_unit_rms/loss_v/H64,1.3786773681640625
512,0.0,unit_rms,64,v,xv_tan_g0p3,xv_tangent,0.3,0.0695027605107978,0.0003610849380493,0.0036958551499992,-0.0007953103665649,-0.0041208579132442,0.0028690604083754,20260808,/data/users/zhoushunyu/eqvae/experiments/prediction_target_toy_v4_main/seed20260808/D512/curv0/scale_unit_rms/loss_v/H64,1.3786773681640625
512,0.0,unit_rms,64,v,xv_normcomp_g0p3,xv_normal,0.3,0.0714737969490048,0.0005834102630615,0.0043605216778814,4.274056105785392e-05,-0.0004968485480303,0.0005701380113643,20260808,/data/users/zhoushunyu/eqvae/experiments/prediction_target_toy_v4_main/seed20260808/D512/curv0/scale_unit_rms/loss_v/H64,1.3786773681640625
512,0.0,unit_rms,64,v,xv_rms_etam0p03,xv_norm,-0.03,0.072221045003238,0.0006215572357177,0.0297384019941091,0.0007024819687738,-0.0008506368868797,0.0021866309905882,20260808,/data/users/zhoushunyu/eqvae/experiments/prediction_target_toy_v4_main/seed20260808/D512/curv0/scale_unit_rms/loss_v/H64,1.3786773681640625
512,0.0,unit_rms,64,v,xv_rms_etam0p01,xv_norm,-0.01,0.0716214399259595,0.0005873441696166,0.0103856977075338,0.0002569404184784,-0.0004047224960352,0.0008848112675546,20260808,/data/users/zhoushunyu/eqvae/experiments/prediction_target_toy_v4_main/seed20260808/D512/curv0/scale_unit_rms/loss_v/H64,1.3786773681640625
512,0.0,unit_rms,64,v,xv_rms_eta0p01,xv_norm,0.01,0.0709058581517159,0.0005477666854858,0.0099810743704438,-0.0003007082986429,-0.0011783131662812,0.0006624969825435,20260808,/data/users/zhoushunyu/eqvae/experiments/prediction_target_toy_v4_main/seed20260808/D512/curv0/scale_unit_rms/loss_v/H64,1.3786773681640625
512,0.0,unit_rms,64,v,xv_rms_eta0p03,xv_norm,0.03,0.0709746536570491,0.000524878501892,0.0133848702535033,-0.0002080793480224,-0.0040280648366932,0.0039024926372914,20260808,/data/users/zhoushunyu/eqvae/experiments/prediction_target_toy_v4_main/seed20260808/D512/curv0/scale_unit_rms/loss_v/H64,1.3786773681640625
512,0.25,unit_rms,1024,v,x,x,0.0,0.0599179635748651,0.0013995170593261,0.0080680828541517,0.0,0.0,0.0,20260808,/data/users/zhoushunyu/eqvae/experiments/prediction_target_toy_v4_main/seed20260808/D512/curv0p25/scale_unit_rms/loss_v/H1024,1.3950562477111816
512,0.25,unit_rms,1024,v,v,v,0.0,0.0422412672158367,0.0004208087921142,0.2669761776924133,-0.0187509684910055,-0.0326151401553904,0.0065148872012425,20260808,/data/users/zhoushunyu/eqvae/experiments/prediction_target_toy_v4_main/seed20260808/D512/curv0p25/scale_unit_rms/loss_v/H1024,1.3950562477111816
512,0.25,unit_rms,1024,v,eps,eps,0.0,0.1789377625330082,0.0047571659088134,1.544459581375122,0.0946186950710234,0.0477111747464677,0.1347285728734836,20260808,/data/users/zhoushunyu/eqvae/experiments/prediction_target_toy_v4_main/seed20260808/D512/curv0p25/scale_unit_rms/loss_v/H1024,1.3950562477111816
512,0.25,unit_rms,1024,v,oracle,oracle,0.0,0.0416041215074939,0.0003851652145385,0.0063029304146766,-0.0187016760117653,-0.0412976066409566,0.0049831209458378,20260808,/data/users/zhoushunyu/eqvae/experiments/prediction_target_toy_v4_main/seed20260808/D512/curv0p25/scale_unit_rms/loss_v/H1024,1.3950562477111816
512,0.25,unit_rms,1024,v,xv_gm0p1,xv,-0.1,0.0576877278192988,0.0012488365173339,0.0082758897915482,-0.0021822942778484,-0.0039429360733907,-0.0005381906484757,20260808,/data/users/zhoushunyu/eqvae/experiments/prediction_target_toy_v4_main/seed20260808/D512/curv0p25/scale_unit_rms/loss_v/H1024,1.3950562477111816
512,0.25,unit_rms,1024,v,xeps_gm0p1,xeps,-0.1,0.0551924804557795,0.0011184215545654,0.0087734498083591,-0.0034175365405589,-0.0081771892212124,0.0024360028016865,20260808,/data/users/zhoushunyu/eqvae/experiments/prediction_target_toy_v4_main/seed20260808/D512/curv0p25/scale_unit_rms/loss_v/H1024,1.3950562477111816
512,0.25,unit_rms,1024,v,xv_tan_gm0p1,xv_tangent,-0.1,0.0577929634836136,0.0012584924697875,0.0080883204936981,-0.0021201209328057,-0.00382080086703,-0.0004047365877755,20260808,/data/users/zhoushunyu/eqvae/experiments/prediction_target_toy_v4_main/seed20260808/D512/curv0p25/scale_unit_rms/loss_v/H1024,1.3950562477111816
512,0.25,unit_rms,1024,v,xv_normcomp_gm0p1,xv_normal,-0.1,0.0600856306677058,0.001402735710144,0.0082599008455872,-2.026114116913079e-05,-0.0004132959111748,0.0003856323052036,20260808,/data/users/zhoushunyu/eqvae/experiments/prediction_target_toy_v4_main/seed20260808/D512/curv0p25/scale_unit_rms/loss_v/H1024,1.3950562477111816
512,0.25,unit_rms,1024,v,xv_gm0p03,xv,-0.03,0.0593266445048877,0.001358151435852,0.0080786449834704,-0.0006601868715594,-0.001120165327503,-4.058483530833794e-05,20260808,/data/users/zhoushunyu/eqvae/experiments/prediction_target_toy_v4_main/seed20260808/D512/curv0p25/scale_unit_rms/loss_v/H1024,1.3950562477111816
512,0.25,unit_rms,1024,v,xeps_gm0p03,xeps,-0.03,0.0587979029587795,0.0013232231140136,0.0081435516476631,-0.001054631749516,-0.0022013982616198,0.0005555737689916,20260808,/data/users/zhoushunyu/eqvae/experiments/prediction_target_toy_v4_main/seed20260808/D512/curv0p25/scale_unit_rms/loss_v/H1024,1.3950562477111816
512,0.25,unit_rms,1024,v,xv_tan_gm0p03,xv_tangent,-0.03,0.0593227140639118,0.0013585090637207,0.0080831134691834,-0.0006617327195205,-0.0010980521051705,-6.976876272728843e-05,20260808,/data/users/zhoushunyu/eqvae/experiments/prediction_target_toy_v4_main/seed20260808/D512/curv0p25/scale_unit_rms/loss_v/H1024,1.3950562477111816
512,0.25,unit_rms,1024,v,xv_normcomp_gm0p03,xv_normal,-0.03,0.0599345481825663,0.0013998746871948,0.0080616436898708,-1.1397926091575167e-05,-8.567972491680953e-05,8.487881562410022e-05,20260808,/data/users/zhoushunyu/eqvae/experiments/prediction_target_toy_v4_main/seed20260808/D512/curv0p25/scale_unit_rms/loss_v/H1024,1.3950562477111816
512,0.25,unit_rms,1024,v,xv_gm0p01,xv,-0.01,0.0597023289340621,0.0013846158981323,0.0080623682588338,-0.0002221016960632,-0.0003448586360511,-8.423396603486314e-05,20260808,/data/users/zhoushunyu/eqvae/experiments/prediction_target_toy_v4_main/seed20260808/D512/curv0p25/scale_unit_rms/loss_v/H1024,1.3950562477111816
512,0.25,unit_rms,1024,v,xeps_gm0p01,xeps,-0.01,0.0595042024330519,0.0013710260391235,0.0080644013360142,-0.0003802055012549,-0.0008148205692831,0.0001585029413566,20260808,/data/users/zhoushunyu/eqvae/experiments/prediction_target_toy_v4_main/seed20260808/D512/curv0p25/scale_unit_rms/loss_v/H1024,1.3950562477111816
512,0.25,unit_rms,1024,v,xv_tan_gm0p01,xv_tangent,-0.01,0.0596964113151574,0.0013843774795532,0.0080706626176834,-0.0002243064642574,-0.0003455000605559,-5.882951970636497e-05,20260808,/data/users/zhoushunyu/eqvae/experiments/prediction_target_toy_v4_main/seed20260808/D512/curv0p25/scale_unit_rms/loss_v/H1024,1.3950562477111816
512,0.25,unit_rms,1024,v,xv_normcomp_gm0p01,xv_normal,-0.01,0.0599184918722933,0.0013993978500366,0.0080609815195202,-4.7520708467505e-06,-2.9463811685413387e-05,2.3371636140747128e-05,20260808,/data/users/zhoushunyu/eqvae/experiments/prediction_target_toy_v4_main/seed20260808/D512/curv0p25/scale_unit_rms/loss_v/H1024,1.3950562477111816
512,0.25,unit_rms,1024,v,xv_g0p003,xv,0.003,0.0599918165974489,0.0014034509658813,0.0080720912665128,6.900807229257171e-05,2.2123113334689484e-05,0.0001091360718198,20260808,/data/users/zhoushunyu/eqvae/experiments/prediction_target_toy_v4_main/seed20260808/D512/curv0p25/scale_unit_rms/loss_v/H1024,1.3950562477111816
512,0.25,unit_rms,1024,v,xeps_g0p003,xeps,0.003,0.0601418872549131,0.0014141798019409,0.0080717420205473,0.0001446930919249,-9.367513259212512e-05,0.0005300264114807,20260808,/data/users/zhoushunyu/eqvae/experiments/prediction_target_toy_v4_main/seed20260808/D512/curv0p25/scale_unit_rms/loss_v/H1024,1.3950562477111816
512,0.25,unit_rms,1024,v,xv_tan_g0p003,xv_tangent,0.003,0.0599904532332566,0.0014032125473022,0.0080689406022429,6.741981291097057e-05,1.5365173413344793e-05,0.0001050390490249,20260808,/data/users/zhoushunyu/eqvae/experiments/prediction_target_toy_v4_main/seed20260808/D512/curv0p25/scale_unit_rms/loss_v/H1024,1.3950562477111816
512,0.25,unit_rms,1024,v,xv_normcomp_g0p003,xv_normal,0.003,0.0599184492060347,0.0013993978500366,0.0080712856724858,1.130108331970081e-06,-1.172301730030835e-05,8.815030805946886e-06,20260808,/data/users/zhoushunyu/eqvae/experiments/prediction_target_toy_v4_main/seed20260808/D512/curv0p25/scale_unit_rms/loss_v/H1024,1.3950562477111816
512,0.25,unit_rms,1024,v,xv_g0p01,xv,0.01,0.0601959714193658,0.0014173984527587,0.0080846725031733,0.0002350205493611,1.6978986745332452e-05,0.0004869899715441,20260808,/data/users/zhoushunyu/eqvae/experiments/prediction_target_toy_v4_main/seed20260808/D512/curv0p25/scale_unit_rms/loss_v/H1024,1.3950562477111816
512,0.25,unit_rms,1024,v,xeps_g0p01,xeps,0.01,0.0604734591082864,0.0014355182647705,0.008071094751358,0.0003832142917362,-0.0003192871682296,0.0011273478589941,20260808,/data/users/zhoushunyu/eqvae/experiments/prediction_target_toy_v4_main/seed20260808/D512/curv0p25/scale_unit_rms/loss_v/H1024,1.3950562477111816
512,0.25,unit_rms,1024,v,xv_tan_g0p01,xv_tangent,0.01,0.0601803143729814,0.0014148950576782,0.0080725708976387,0.0002264866935363,1.7636097440060925e-05,0.0004074744449426,20260808,/data/users/zhoushunyu/eqvae/experiments/prediction_target_toy_v4_main/seed20260808/D512/curv0p25/scale_unit_rms/loss_v/H1024,1.3950562477111816
512,0.25,unit_rms,1024,v,xv_normcomp_g0p01,xv_normal,0.01,0.059920552397222,0.0013995170593261,0.0080813197419047,-1.2064636144525078e-07,-0.0001047138272299,4.294386872826357e-05,20260808,/data/users/zhoushunyu/eqvae/experiments/prediction_target_toy_v4_main/seed20260808/D512/curv0p25/scale_unit_rms/loss_v/H1024,1.3950562477111816
512,0.25,unit_rms,1024,v,xv_g0p03,xv,0.03,0.0607169187816677,0.0014559030532836,0.0081424685195088,0.0006773665420155,5.877149870890768e-05,0.0014596012741863,20260808,/data/users/zhoushunyu/eqvae/experiments/prediction_target_toy_v4_main/seed20260808/D512/curv0p25/scale_unit_rms/loss_v/H1024,1.3950562477111816
512,0.25,unit_rms,1024,v,xeps_g0p03,xeps,0.03,0.0616395471733396,0.0015097856521606,0.0080777769908308,0.0011661213565134,-0.0005409731073027,0.0026629787816602,20260808,/data/users/zhoushunyu/eqvae/experiments/prediction_target_toy_v4_main/seed20260808/D512/curv0p25/scale_unit_rms/loss_v/H1024,1.3950562477111816
512,0.25,unit_rms,1024,v,xv_tan_g0p03,xv_tangent,0.03,0.0607757427412368,0.0014559030532836,0.0080792596563696,0.0006974150983085,1.6718222963341483e-05,0.0014456810730372,20260808,/data/users/zhoushunyu/eqvae/experiments/prediction_target_toy_v4_main/seed20260808/D512/curv0p25/scale_unit_rms/loss_v/H1024,1.3950562477111816
512,0.25,unit_rms,1024,v,xv_normcomp_g0p03,xv_normal,0.03,0.0599350662089011,0.0014005899429321,0.0081130200996994,3.8758387669660805e-06,-0.0002614885288912,0.0001230422479745,20260808,/data/users/zhoushunyu/eqvae/experiments/prediction_target_toy_v4_main/seed20260808/D512/curv0p25/scale_unit_rms/loss_v/H1024,1.3950562477111816
512,0.25,unit_rms,1024,v,xv_g0p1,xv,0.1,0.0626792485438209,0.0015811920166015,0.0082985237240791,0.0024334726199746,0.000847318644523,0.0042418432418386,20260808,/data/users/zhoushunyu/eqvae/experiments/prediction_target_toy_v4_main/seed20260808/D512/curv0p25/scale_unit_rms/loss_v/H1024,1.3950562477111816
512,0.25,unit_rms,1024,v,xeps_g0p1,xeps,0.1,0.0659885661189014,0.0018047094345092,0.0081579843536019,0.0043591061971165,-0.0005385771218323,0.0085186911376873,20260808,/data/users/zhoushunyu/eqvae/experiments/prediction_target_toy_v4_main/seed20260808/D512/curv0p25/scale_unit_rms/loss_v/H1024,1.3950562477111816
512,0.25,unit_rms,1024,v,xv_tan_g0p1,xv_tangent,0.1,0.0627201776720489,0.0015788078308105,0.008060423657298,0.0024063327891453,0.0007783571217076,0.0039873330877148,20260808,/data/users/zhoushunyu/eqvae/experiments/prediction_target_toy_v4_main/seed20260808/D512/curv0p25/scale_unit_rms/loss_v/H1024,1.3950562477111816
512,0.25,unit_rms,1024,v,xv_normcomp_g0p1,xv_normal,0.1,0.0599248965704517,0.001402735710144,0.0083160335198044,-1.7222157809991327e-05,-0.000502564685323,0.0004386857877176,20260808,/data/users/zhoushunyu/eqvae/experiments/prediction_target_toy_v4_main/seed20260808/D512/curv0p25/scale_unit_rms/loss_v/H1024,1.3950562477111816
512,0.25,unit_rms,1024,v,xv_g0p3,xv,0.3,0.0691864306161674,0.0020147562026977,0.009003322571516,0.0080243493392466,0.0035553160999174,0.0127123129220245,20260808,/data/users/zhoushunyu/eqvae/experiments/prediction_target_toy_v4_main/seed20260808/D512/curv0p25/scale_unit_rms/loss_v/H1024,1.3950562477111816
512,0.25,unit_rms,1024,v,xeps_g0p3,xeps,0.3,0.0796576680647235,0.0028795003890991,0.0082920053973793,0.0127061473578387,-5.558307861033661e-05,0.0233874665660763,20260808,/data/users/zhoushunyu/eqvae/experiments/prediction_target_toy_v4_main/seed20260808/D512/curv0p25/scale_unit_rms/loss_v/H1024,1.3950562477111816
512,0.25,unit_rms,1024,v,xv_tan_g0p3,xv_tangent,0.3,0.0686938507542707,0.0019775629043579,0.0080903591588139,0.0076024773438999,0.0033757640080724,0.0122287545227039,20260808,/data/users/zhoushunyu/eqvae/experiments/prediction_target_toy_v4_main/seed20260808/D512/curv0p25/scale_unit_rms/loss_v/H1024,1.3950562477111816
512,0.25,unit_rms,1024,v,xv_normcomp_g0p3,xv_normal,0.3,0.0599042039243681,0.001410961151123,0.0089698676019907,3.490498059915893e-05,-0.0010458582040978,0.0011347636981014,20260808,/data/users/zhoushunyu/eqvae/experiments/prediction_target_toy_v4_main/seed20260808/D512/curv0p25/scale_unit_rms/loss_v/H1024,1.3950562477111816
512,0.25,unit_rms,1024,v,xv_rms_etam0p03,xv_norm,-0.03,0.0531668324218085,0.0009956359863281,0.0296598598361015,-0.0065872845320546,-0.009509435628062,-0.0022363782894571,20260808,/data/users/zhoushunyu/eqvae/experiments/prediction_target_toy_v4_main/seed20260808/D512/curv0p25/scale_unit_rms/loss_v/H1024,1.3950562477111816
512,0.25,unit_rms,1024,v,xv_rms_etam0p01,xv_norm,-0.01,0.0570343886266098,0.0012291669845581,0.0121192643418908,-0.0027866189333119,-0.003923364179976,-0.0011993366679998,20260808,/data/users/zhoushunyu/eqvae/experiments/prediction_target_toy_v4_main/seed20260808/D512/curv0p25/scale_unit_rms/loss_v/H1024,1.3950562477111816
512,0.25,unit_rms,1024,v,xv_rms_eta0p01,xv_norm,0.01,0.0642173987717015,0.0016640424728393,0.011763097718358,0.003878612744491,0.002247912357893,0.0052464278770294,20260808,/data/users/zhoushunyu/eqvae/experiments/prediction_target_toy_v4_main/seed20260808/D512/curv0p25/scale_unit_rms/loss_v/H1024,1.3950562477111816
512,0.25,unit_rms,1024,v,xv_rms_eta0p03,xv_norm,0.03,0.0792506139642766,0.0026638507843017,0.0124053992331027,0.0172510750245836,0.0115334451378488,0.0220798612510023,20260808,/data/users/zhoushunyu/eqvae/experiments/prediction_target_toy_v4_main/seed20260808/D512/curv0p25/scale_unit_rms/loss_v/H1024,1.3950562477111816
512,0.25,unit_rms,128,v,x,x,0.0,0.0465537963059706,0.000741958618164,0.0076807043515145,0.0,0.0,0.0,20260808,/data/users/zhoushunyu/eqvae/experiments/prediction_target_toy_v4_main/seed20260808/D512/curv0p25/scale_unit_rms/loss_v/H128,1.3556206226348877
512,0.25,unit_rms,128,v,v,v,0.0,0.0497518490512967,0.0008327960968017,0.9152041077613832,0.0031475418385086,-0.0082793248360024,0.0133607111362431,20260808,/data/users/zhoushunyu/eqvae/experiments/prediction_target_toy_v4_main/seed20260808/D512/curv0p25/scale_unit_rms/loss_v/H128,1.3556206226348877
512,0.25,unit_rms,128,v,eps,eps,0.0,1.4633430046666869,0.2728687822818756,42.90884399414063,1.4021594722662312,1.318759902258525,1.4700983911660936,20260808,/data/users/zhoushunyu/eqvae/experiments/prediction_target_toy_v4_main/seed20260808/D512/curv0p25/scale_unit_rms/loss_v/H128,1.3556206226348877
512,0.25,unit_rms,128,v,oracle,oracle,0.0,0.039763009264977,0.0001310110092163,0.0062610381282866,-0.0013443698827842,-0.0180878478251845,0.0215983133563513,20260808,/data/users/zhoushunyu/eqvae/experiments/prediction_target_toy_v4_main/seed20260808/D512/curv0p25/scale_unit_rms/loss_v/H128,1.3556206226348877
512,0.25,unit_rms,128,v,xv_gm0p1,xv,-0.1,0.0464656004422569,0.0007355213165283,0.0084662782028317,0.0001346619436215,-0.0012182580237331,0.0016691048099667,20260808,/data/users/zhoushunyu/eqvae/experiments/prediction_target_toy_v4_main/seed20260808/D512/curv0p25/scale_unit_rms/loss_v/H128,1.3556206226348877
512,0.25,unit_rms,128,v,xeps_gm0p1,xeps,-0.1,0.0256683056835181,-4.410743713378906e-05,0.0107329711318016,-0.0087379263189929,-0.0298549923125602,0.0148280008841191,20260808,/data/users/zhoushunyu/eqvae/experiments/prediction_target_toy_v4_main/seed20260808/D512/curv0p25/scale_unit_rms/loss_v/H128,1.3556206226348877
512,0.25,unit_rms,128,v,xv_tan_gm0p1,xv_tangent,-0.1,0.0467253149281346,0.0007463693618774,0.0076459371484816,0.0002362381318536,-0.0010205002434321,0.001761412436642,20260808,/data/users/zhoushunyu/eqvae/experiments/prediction_target_toy_v4_main/seed20260808/D512/curv0p25/scale_unit_rms/loss_v/H128,1.3556206226348877
512,0.25,unit_rms,128,v,xv_normcomp_gm0p1,xv_normal,-0.1,0.0463206700935258,0.0007317066192626,0.0085028391331434,-0.0001481703623121,-0.0006462168092108,0.0001442637539874,20260808,/data/users/zhoushunyu/eqvae/experiments/prediction_target_toy_v4_main/seed20260808/D512/curv0p25/scale_unit_rms/loss_v/H128,1.3556206226348877
512,0.25,unit_rms,128,v,xv_gm0p03,xv,-0.03,0.0465418059967216,0.0007410049438476,0.0077261328697204,-4.242905250351793e-06,-0.0004016826196845,0.0004212604918478,20260808,/data/users/zhoushunyu/eqvae/experiments/prediction_target_toy_v4_main/seed20260808/D512/curv0p25/scale_unit_rms/loss_v/H128,1.3556206226348877
512,0.25,unit_rms,128,v,xeps_gm0p03,xeps,-0.03,0.0341690499773043,0.0003054141998291,0.0080949766561388,-0.0063561820495332,-0.0115541988585309,0.0003924964695003,20260808,/data/users/zhoushunyu/eqvae/experiments/prediction_target_toy_v4_main/seed20260808/D512/curv0p25/scale_unit_rms/loss_v/H128,1.3556206226348877
512,0.25,unit_rms,128,v,xv_tan_gm0p03,xv_tangent,-0.03,0.0466380382893733,0.0007460117340087,0.0076665799133479,4.212794761158517e-05,-0.0002938810054551,0.0004473526100881,20260808,/data/users/zhoushunyu/eqvae/experiments/prediction_target_toy_v4_main/seed20260808/D512/curv0p25/scale_unit_rms/loss_v/H128,1.3556206226348877
512,0.25,unit_rms,128,v,xv_normcomp_gm0p03,xv_normal,-0.03,0.0465180400204491,0.0007411241531372,0.007735944353044,-3.343243145293776e-05,-0.0001636224243245,0.0001008775225207,20260808,/data/users/zhoushunyu/eqvae/experiments/prediction_target_toy_v4_main/seed20260808/D512/curv0p25/scale_unit_rms/loss_v/H128,1.3556206226348877
512,0.25,unit_rms,128,v,xv_gm0p01,xv,-0.01,0.0465799482757471,0.0007448196411132,0.0076810042373836,4.999933856728242e-06,-0.0001263673791237,0.000197695884848,20260808,/data/users/zhoushunyu/eqvae/experiments/prediction_target_toy_v4_main/seed20260808/D512/curv0p25/scale_unit_rms/loss_v/H128,1.3556206226348877
512,0.25,unit_rms,128,v,xeps_gm0p01,xeps,-0.01,0.041957543409508,0.0005698204040527,0.0077822096645832,-0.0025095167444037,-0.0042158054529207,-0.0003018017853642,20260808,/data/users/zhoushunyu/eqvae/experiments/prediction_target_toy_v4_main/seed20260808/D512/curv0p25/scale_unit_rms/loss_v/H128,1.3556206226348877
512,0.25,unit_rms,128,v,xv_tan_gm0p01,xv_tangent,-0.01,0.0466059198472458,0.0007452964782714,0.0076727629639208,1.902974685138694e-05,-0.0001046268866581,0.0002151614203465,20260808,/data/users/zhoushunyu/eqvae/experiments/prediction_target_toy_v4_main/seed20260808/D512/curv0p25/scale_unit_rms/loss_v/H128,1.3556206226348877
512,0.25,unit_rms,128,v,xv_normcomp_gm0p01,xv_normal,-0.01,0.0465470148697796,0.0007426738739013,0.0076885907910764,-9.888503308553423e-06,-6.415859500657865e-05,4.616943631565716e-05,20260808,/data/users/zhoushunyu/eqvae/experiments/prediction_target_toy_v4_main/seed20260808/D512/curv0p25/scale_unit_rms/loss_v/H128,1.3556206226348877
512,0.25,unit_rms,128,v,xv_g0p003,xv,0.003,0.0465521111131756,0.0007429122924804,0.00767682492733,3.1811493058534966e-06,-5.235714975425285e-05,5.59555190335809e-05,20260808,/data/users/zhoushunyu/eqvae/experiments/prediction_target_toy_v4_main/seed20260808/D512/curv0p25/scale_unit_rms/loss_v/H128,1.3556206226348877
512,0.25,unit_rms,128,v,xeps_g0p003,xeps,0.003,0.047902121745149,0.0007967948913574,0.007652856875211,0.0008379622917555,0.0002158763029998,0.0014403717541714,20260808,/data/users/zhoushunyu/eqvae/experiments/prediction_target_toy_v4_main/seed20260808/D512/curv0p25/scale_unit_rms/loss_v/H128,1.3556206226348877
512,0.25,unit_rms,128,v,xv_tan_g0p003,xv_tangent,0.003,0.0465462081868367,0.0007414817810058,0.0076778517104685,-1.1701351760528764e-06,-5.2291696499527295e-05,5.154689927815175e-05,20260808,/data/users/zhoushunyu/eqvae/experiments/prediction_target_toy_v4_main/seed20260808/D512/curv0p25/scale_unit_rms/loss_v/H128,1.3556206226348877
512,0.25,unit_rms,128,v,xv_normcomp_g0p003,xv_normal,0.003,0.046557633108074,0.0007423162460327,0.0076795453205704,3.639633405551658e-06,-8.18234039009543e-06,1.7050066749308183e-05,20260808,/data/users/zhoushunyu/eqvae/experiments/prediction_target_toy_v4_main/seed20260808/D512/curv0p25/scale_unit_rms/loss_v/H128,1.3556206226348877
512,0.25,unit_rms,128,v,xv_g0p01,xv,0.01,0.0465528781321882,0.0007421970367431,0.0076768905855715,1.177324848528012e-05,-0.0001663419188989,0.0001442734111148,20260808,/data/users/zhoushunyu/eqvae/experiments/prediction_target_toy_v4_main/seed20260808/D512/curv0p25/scale_unit_rms/loss_v/H128,1.3556206226348877
512,0.25,unit_rms,128,v,xeps_g0p01,xeps,0.01,0.051025888584481,0.0009244680404663,0.0075527350418269,0.0030548418396909,0.0008574389460372,0.0049097190079035,20260808,/data/users/zhoushunyu/eqvae/experiments/prediction_target_toy_v4_main/seed20260808/D512/curv0p25/scale_unit_rms/loss_v/H128,1.3556206226348877
512,0.25,unit_rms,128,v,xv_tan_g0p01,xv_tangent,0.01,0.0465380549128765,0.0007418394088745,0.0076761078089475,-1.7326163415953833e-06,-0.0001759041258593,0.000126692416127,20260808,/data/users/zhoushunyu/eqvae/experiments/prediction_target_toy_v4_main/seed20260808/D512/curv0p25/scale_unit_rms/loss_v/H128,1.3556206226348877
512,0.25,unit_rms,128,v,xv_normcomp_g0p01,xv_normal,0.01,0.046571280266379,0.0007418394088745,0.0076793171465396,1.3624987412540724e-05,-2.127895954325501e-05,5.93422136416301e-05,20260808,/data/users/zhoushunyu/eqvae/experiments/prediction_target_toy_v4_main/seed20260808/D512/curv0p25/scale_unit_rms/loss_v/H128,1.3556206226348877
512,0.25,unit_rms,128,v,xv_g0p03,xv,0.03,0.0465691182113835,0.0007468461990356,0.0076983734034001,6.981394410453919e-05,-0.0004583338178569,0.0005250357258501,20260808,/data/users/zhoushunyu/eqvae/experiments/prediction_target_toy_v4_main/seed20260808/D512/curv0p25/scale_unit_rms/loss_v/H128,1.3556206226348877
512,0.25,unit_rms,128,v,xeps_g0p03,xeps,0.03,0.0603305304221894,0.0013504028320312,0.0072936811484396,0.0102178917234267,0.0041217505882379,0.0160481348506905,20260808,/data/users/zhoushunyu/eqvae/experiments/prediction_target_toy_v4_main/seed20260808/D512/curv0p25/scale_unit_rms/loss_v/H128,1.3556206226348877
512,0.25,unit_rms,128,v,xv_tan_g0p03,xv_tangent,0.03,0.0465118166287963,0.0007408857345581,0.0076781245879828,1.5675698337259542e-05,-0.000440753429977,0.0004116063828868,20260808,/data/users/zhoushunyu/eqvae/experiments/prediction_target_toy_v4_main/seed20260808/D512/curv0p25/scale_unit_rms/loss_v/H128,1.3556206226348877
512,0.25,unit_rms,128,v,xv_normcomp_g0p03,xv_normal,0.03,0.0466097690183543,0.0007456541061401,0.0076969359070062,4.153858913056002e-05,-5.21005898809223e-05,0.0001673105640001,20260808,/data/users/zhoushunyu/eqvae/experiments/prediction_target_toy_v4_main/seed20260808/D512/curv0p25/scale_unit_rms/loss_v/H128,1.3556206226348877
512,0.25,unit_rms,128,v,xv_g0p1,xv,0.1,0.0465432601505578,0.0007492303848266,0.0078782876953482,0.0002155991124087,-0.0013390209444447,0.0014900912375483,20260808,/data/users/zhoushunyu/eqvae/experiments/prediction_target_toy_v4_main/seed20260808/D512/curv0p25/scale_unit_rms/loss_v/H128,1.3556206226348877
512,0.25,unit_rms,128,v,xeps_g0p1,xeps,0.1,0.0963582202549119,0.0035685300827026,0.0066200895234942,0.0421119996280435,0.028629888486692,0.052980096884272,20260808,/data/users/zhoushunyu/eqvae/experiments/prediction_target_toy_v4_main/seed20260808/D512/curv0p25/scale_unit_rms/loss_v/H128,1.3556206226348877
512,0.25,unit_rms,128,v,xv_tan_g0p1,xv_tangent,0.1,0.0462995712482005,0.0007362365722656,0.0077124959789216,2.5129696413019044e-06,-0.0014330582940851,0.001346635030866,20260808,/data/users/zhoushunyu/eqvae/experiments/prediction_target_toy_v4_main/seed20260808/D512/curv0p25/scale_unit_rms/loss_v/H128,1.3556206226348877
512,0.25,unit_rms,128,v,xv_normcomp_g0p1,xv_normal,0.1,0.0467106389585218,0.0007495880126953,0.0078473351895809,0.0001400425279265,-0.0002292537943862,0.0005257116052229,20260808,/data/users/zhoushunyu/eqvae/experiments/prediction_target_toy_v4_main/seed20260808/D512/curv0p25/scale_unit_rms/loss_v/H128,1.3556206226348877
512,0.25,unit_rms,128,v,xv_g0p3,xv,0.3,0.0468322292090804,0.0007650852203369,0.0081669464707374,0.0006860847767259,-0.0034288300058637,0.0041774370299055,20260808,/data/users/zhoushunyu/eqvae/experiments/prediction_target_toy_v4_main/seed20260808/D512/curv0p25/scale_unit_rms/loss_v/H128,1.3556206226348877
512,0.25,unit_rms,128,v,xeps_g0p3,xeps,0.3,0.1977809824984152,0.0154750347137451,0.0049803731963038,0.1406704598131929,0.1228593641334164,0.1553796831929172,20260808,/data/users/zhoushunyu/eqvae/experiments/prediction_target_toy_v4_main/seed20260808/D512/curv0p25/scale_unit_rms/loss_v/H128,1.3556206226348877
512,0.25,unit_rms,128,v,xv_tan_g0p3,xv_tangent,0.3,0.0457022128411981,0.0007203817367553,0.0077898846939206,3.8266755020130505e-05,-0.003849892103558,0.0034515474664104,20260808,/data/users/zhoushunyu/eqvae/experiments/prediction_target_toy_v4_main/seed20260808/D512/curv0p25/scale_unit_rms/loss_v/H128,1.3556206226348877
512,0.25,unit_rms,128,v,xv_normcomp_g0p3,xv_normal,0.3,0.0469983168792123,0.0007656812667846,0.0080698058009147,0.0004677804909204,-0.0004750569075604,0.0015535767255878,20260808,/data/users/zhoushunyu/eqvae/experiments/prediction_target_toy_v4_main/seed20260808/D512/curv0p25/scale_unit_rms/loss_v/H128,1.3556206226348877
512,0.25,unit_rms,128,v,xv_rms_etam0p03,xv_norm,-0.03,0.0461194788807001,0.000704288482666,0.0314686223864555,-0.0002332114899889,-0.001044589669393,0.0007501776598151,20260808,/data/users/zhoushunyu/eqvae/experiments/prediction_target_toy_v4_main/seed20260808/D512/curv0p25/scale_unit_rms/loss_v/H128,1.3556206226348877
512,0.25,unit_rms,128,v,xv_rms_etam0p01,xv_norm,-0.01,0.0463587091652362,0.000726580619812,0.0132415583357214,-0.0001290520236061,-0.0004289878146797,0.0002840772672475,20260808,/data/users/zhoushunyu/eqvae/experiments/prediction_target_toy_v4_main/seed20260808/D512/curv0p25/scale_unit_rms/loss_v/H128,1.3556206226348877
512,0.25,unit_rms,128,v,xv_rms_eta0p01,xv_norm,0.01,0.0470308959281581,0.0007762908935546,0.0130587974563241,0.0003333032273583,-0.000327852344123,0.0008602814059892,20260808,/data/users/zhoushunyu/eqvae/experiments/prediction_target_toy_v4_main/seed20260808/D512/curv0p25/scale_unit_rms/loss_v/H128,1.3556206226348877
512,0.25,unit_rms,128,v,xv_rms_eta0p03,xv_norm,0.03,0.0523114775248678,0.0010797977447509,0.0201758071780204,0.0043435703014522,-0.0001560180252884,0.0079390994438849,20260808,/data/users/zhoushunyu/eqvae/experiments/prediction_target_toy_v4_main/seed20260808/D512/curv0p25/scale_unit_rms/loss_v/H128,1.3556206226348877
512,0.25,unit_rms,256,v,x,x,0.0,0.0501024208649074,0.0005477666854858,0.004541109316051,0.0,0.0,0.0,20260808,/data/users/zhoushunyu/eqvae/experiments/prediction_target_toy_v4_main/seed20260808/D512/curv0p25/scale_unit_rms/loss_v/H256,1.4642351865768433
512,0.25,unit_rms,256,v,v,v,0.0,0.0466786640670421,0.0003246068954467,0.8348724246025085,-0.0027843593897283,-0.0130507927153758,0.0080577493381949,20260808,/data/users/zhoushunyu/eqvae/experiments/prediction_target_toy_v4_main/seed20260808/D512/curv0p25/scale_unit_rms/loss_v/H256,1.4642351865768433
512,0.25,unit_rms,256,v,eps,eps,0.0,1.4976893452669495,0.2831434607505798,36.58070373535156,1.4125094147495638,1.3175487663640535,1.5039626111293898,20260808,/data/users/zhoushunyu/eqvae/experiments/prediction_target_toy_v4_main/seed20260808/D512/curv0p25/scale_unit_rms/loss_v/H256,1.4642351865768433
512,0.25,unit_rms,256,v,oracle,oracle,0.0,0.0448200101151166,0.0003730058670043,0.0061580357141792,-0.0127223647679825,-0.0382259311380344,0.0201919402266481,20260808,/data/users/zhoushunyu/eqvae/experiments/prediction_target_toy_v4_main/seed20260808/D512/curv0p25/scale_unit_rms/loss_v/H256,1.4642351865768433
512,0.25,unit_rms,256,v,xv_gm0p1,xv,-0.1,0.049385634885236,0.0005038976669311,0.0054791611619293,-0.0006828914437954,-0.0019679511659058,0.0005857940899457,20260808,/data/users/zhoushunyu/eqvae/experiments/prediction_target_toy_v4_main/seed20260808/D512/curv0p25/scale_unit_rms/loss_v/H256,1.4642351865768433
512,0.25,unit_rms,256,v,xeps_gm0p1,xeps,-0.1,0.0473576594490375,0.0005800724029541,0.0070434943772852,-0.0047919184800912,-0.0223554753843446,0.0215003327839626,20260808,/data/users/zhoushunyu/eqvae/experiments/prediction_target_toy_v4_main/seed20260808/D512/curv0p25/scale_unit_rms/loss_v/H256,1.4642351865768433
512,0.25,unit_rms,256,v,xv_tan_gm0p1,xv_tangent,-0.1,0.0494569371300291,0.0005096197128295,0.004516502842307,-0.0005796239784712,-0.00157007363078,0.0006215935686835,20260808,/data/users/zhoushunyu/eqvae/experiments/prediction_target_toy_v4_main/seed20260808/D512/curv0p25/scale_unit_rms/loss_v/H256,1.4642351865768433
512,0.25,unit_rms,256,v,xv_normcomp_gm0p1,xv_normal,-0.1,0.050027505582315,0.0005420446395874,0.005490995477885,-0.0001226602004228,-0.0005511570996297,0.0002763953676194,20260808,/data/users/zhoushunyu/eqvae/experiments/prediction_target_toy_v4_main/seed20260808/D512/curv0p25/scale_unit_rms/loss_v/H256,1.4642351865768433
512,0.25,unit_rms,256,v,xv_gm0p03,xv,-0.03,0.0498894905662382,0.0005345344543457,0.0045920759439468,-0.000214615495913,-0.0006517250278497,0.0001370224012197,20260808,/data/users/zhoushunyu/eqvae/experiments/prediction_target_toy_v4_main/seed20260808/D512/curv0p25/scale_unit_rms/loss_v/H256,1.4642351865768433
512,0.25,unit_rms,256,v,xeps_gm0p03,xeps,-0.03,0.0446136380125673,0.0003622770309448,0.0048529999330639,-0.0048646868163497,-0.0098670696384357,0.0017228301201298,20260808,/data/users/zhoushunyu/eqvae/experiments/prediction_target_toy_v4_main/seed20260808/D512/curv0p25/scale_unit_rms/loss_v/H256,1.4642351865768433
512,0.25,unit_rms,256,v,xv_tan_gm0p03,xv_tangent,-0.03,0.0499075254823867,0.000537633895874,0.0045327167026698,-0.0001771265094973,-0.0005546192102474,0.0001863969034389,20260808,/data/users/zhoushunyu/eqvae/experiments/prediction_target_toy_v4_main/seed20260808/D512/curv0p25/scale_unit_rms/loss_v/H256,1.4642351865768433
512,0.25,unit_rms,256,v,xv_normcomp_gm0p03,xv_normal,-0.03,0.0500756449549987,0.0005453824996948,0.0045999186113476,-4.337379075961975e-05,-0.0002174463637248,9.879436400432136e-05,20260808,/data/users/zhoushunyu/eqvae/experiments/prediction_target_toy_v4_main/seed20260808/D512/curv0p25/scale_unit_rms/loss_v/H256,1.4642351865768433
512,0.25,unit_rms,256,v,xv_gm0p01,xv,-0.01,0.0500222561413569,0.0005457401275634,0.0045404289849102,-6.784964950538687e-05,-0.000242000850489,9.616624545200062e-05,20260808,/data/users/zhoushunyu/eqvae/experiments/prediction_target_toy_v4_main/seed20260808/D512/curv0p25/scale_unit_rms/loss_v/H256,1.4642351865768433
512,0.25,unit_rms,256,v,xeps_gm0p01,xeps,-0.01,0.0481332253207712,0.000474214553833,0.0046254517510533,-0.0017837705466627,-0.0035299089549472,0.0003436236788491,20260808,/data/users/zhoushunyu/eqvae/experiments/prediction_target_toy_v4_main/seed20260808/D512/curv0p25/scale_unit_rms/loss_v/H256,1.4642351865768433
512,0.25,unit_rms,256,v,xv_tan_gm0p01,xv_tangent,-0.01,0.0500295603862345,0.0005431175231933,0.0045351153239607,-5.132354452850922e-05,-0.0001758793871191,0.0001019559538359,20260808,/data/users/zhoushunyu/eqvae/experiments/prediction_target_toy_v4_main/seed20260808/D512/curv0p25/scale_unit_rms/loss_v/H256,1.4642351865768433
512,0.25,unit_rms,256,v,xv_normcomp_gm0p01,xv_normal,-0.01,0.0500940028300801,0.0005483627319335,0.0045462818816304,-1.6133186793777718e-05,-8.710784809238589e-05,2.9426006268864848e-05,20260808,/data/users/zhoushunyu/eqvae/experiments/prediction_target_toy_v4_main/seed20260808/D512/curv0p25/scale_unit_rms/loss_v/H256,1.4642351865768433
512,0.25,unit_rms,256,v,xv_g0p003,xv,0.003,0.0501280060901123,0.0005487203598022,0.0045448439195752,2.2505662157401364e-05,-4.620065453527153e-05,0.0001184358330039,20260808,/data/users/zhoushunyu/eqvae/experiments/prediction_target_toy_v4_main/seed20260808/D512/curv0p25/scale_unit_rms/loss_v/H256,1.4642351865768433
512,0.25,unit_rms,256,v,xeps_g0p003,xeps,0.003,0.0507743953308223,0.0005728006362915,0.0045170378871262,0.0006215791311863,-8.061120577059272e-06,0.0012112150531287,20260808,/data/users/zhoushunyu/eqvae/experiments/prediction_target_toy_v4_main/seed20260808/D512/curv0p25/scale_unit_rms/loss_v/H256,1.4642351865768433
512,0.25,unit_rms,256,v,xv_tan_g0p003,xv_tangent,0.003,0.0501253564289405,0.0005472898483276,0.0045439428649842,1.8333497430855565e-05,-5.29674705776792e-05,0.0001195982437262,20260808,/data/users/zhoushunyu/eqvae/experiments/prediction_target_toy_v4_main/seed20260808/D512/curv0p25/scale_unit_rms/loss_v/H256,1.4642351865768433
512,0.25,unit_rms,256,v,xv_normcomp_g0p003,xv_normal,0.003,0.0501048717045975,0.0005477666854858,0.0045417710207402,4.475300402830978e-06,-8.559003021141321e-06,2.369169026895136e-05,20260808,/data/users/zhoushunyu/eqvae/experiments/prediction_target_toy_v4_main/seed20260808/D512/curv0p25/scale_unit_rms/loss_v/H256,1.4642351865768433
512,0.25,unit_rms,256,v,xv_g0p01,xv,0.01,0.0501902320630949,0.0005536079406738,0.0045519382692873,6.70178756804108e-05,-0.0001016268472724,0.0002963564702819,20260808,/data/users/zhoushunyu/eqvae/experiments/prediction_target_toy_v4_main/seed20260808/D512/curv0p25/scale_unit_rms/loss_v/H256,1.4642351865768433
512,0.25,unit_rms,256,v,xeps_g0p01,xeps,0.01,0.0525545198345285,0.0006443262100219,0.0044600502587854,0.0021249100531625,0.0002591687349322,0.0040756147121494,20260808,/data/users/zhoushunyu/eqvae/experiments/prediction_target_toy_v4_main/seed20260808/D512/curv0p25/scale_unit_rms/loss_v/H256,1.4642351865768433
512,0.25,unit_rms,256,v,xv_tan_g0p01,xv_tangent,0.01,0.0501804468445328,0.0005526542663574,0.0045454273931682,5.417322624344919e-05,-9.612243600926224e-05,0.0002695888380017,20260808,/data/users/zhoushunyu/eqvae/experiments/prediction_target_toy_v4_main/seed20260808/D512/curv0p25/scale_unit_rms/loss_v/H256,1.4642351865768433
512,0.25,unit_rms,256,v,xv_normcomp_g0p01,xv_normal,0.01,0.0501105622817626,0.0005475282669067,0.0045467396266758,1.3906471965946312e-05,-2.760440168110435e-05,7.173950280169871e-05,20260808,/data/users/zhoushunyu/eqvae/experiments/prediction_target_toy_v4_main/seed20260808/D512/curv0p25/scale_unit_rms/loss_v/H256,1.4642351865768433
512,0.25,unit_rms,256,v,xv_g0p03,xv,0.03,0.0503428258053487,0.0005611181259155,0.0046002338640391,0.0002042317223507,-0.0002221171523406,0.0006855527969296,20260808,/data/users/zhoushunyu/eqvae/experiments/prediction_target_toy_v4_main/seed20260808/D512/curv0p25/scale_unit_rms/loss_v/H256,1.4642351865768433
512,0.25,unit_rms,256,v,xeps_g0p03,xeps,0.03,0.0585692060813818,0.0008819103240966,0.0044001736678183,0.0069290113687897,0.0021303681599464,0.0121710930314172,20260808,/data/users/zhoushunyu/eqvae/experiments/prediction_target_toy_v4_main/seed20260808/D512/curv0p25/scale_unit_rms/loss_v/H256,1.4642351865768433
512,0.25,unit_rms,256,v,xv_tan_g0p03,xv_tangent,0.03,0.0503147001225253,0.0005592107772827,0.0045526856556534,0.0001683818895967,-0.0002634894037707,0.0006477498503228,20260808,/data/users/zhoushunyu/eqvae/experiments/prediction_target_toy_v4_main/seed20260808/D512/curv0p25/scale_unit_rms/loss_v/H256,1.4642351865768433
512,0.25,unit_rms,256,v,xv_normcomp_g0p03,xv_normal,0.03,0.0501270001223311,0.0005502700805664,0.0045841103419661,3.5559958166607454e-05,-8.55466471915466e-05,0.0001754324658842,20260808,/data/users/zhoushunyu/eqvae/experiments/prediction_target_toy_v4_main/seed20260808/D512/curv0p25/scale_unit_rms/loss_v/H256,1.4642351865768433
512,0.25,unit_rms,256,v,xv_g0p1,xv,0.1,0.0509169635005189,0.0005927085876464,0.0048840218223631,0.0006412551609721,-0.0004748296934483,0.0016302156619283,20260808,/data/users/zhoushunyu/eqvae/experiments/prediction_target_toy_v4_main/seed20260808/D512/curv0p25/scale_unit_rms/loss_v/H256,1.4642351865768433
512,0.25,unit_rms,256,v,xeps_g0p1,xeps,0.1,0.0861657555492007,0.0023441314697265,0.004193153232336,0.0317283966302543,0.0164567006951823,0.043681029330988,20260808,/data/users/zhoushunyu/eqvae/experiments/prediction_target_toy_v4_main/seed20260808/D512/curv0p25/scale_unit_rms/loss_v/H256,1.4642351865768433
512,0.25,unit_rms,256,v,xv_tan_g0p1,xv_tangent,0.1,0.0508464948014505,0.0005875825881958,0.0045929951593279,0.0005399029033898,-0.0006324648917606,0.0015600241309437,20260808,/data/users/zhoushunyu/eqvae/experiments/prediction_target_toy_v4_main/seed20260808/D512/curv0p25/scale_unit_rms/loss_v/H256,1.4642351865768433
512,0.25,unit_rms,256,v,xv_normcomp_g0p1,xv_normal,0.1,0.0501933039472392,0.0005543231964111,0.0048346053808927,0.0001059115035475,-0.0003465335838757,0.0004719046068987,20260808,/data/users/zhoushunyu/eqvae/experiments/prediction_target_toy_v4_main/seed20260808/D512/curv0p25/scale_unit_rms/loss_v/H256,1.4642351865768433
512,0.25,unit_rms,256,v,xv_g0p3,xv,0.3,0.0518159579046831,0.0006690025329589,0.0054734894074499,0.0016182837730291,-0.0012949637182401,0.0044310761772444,20260808,/data/users/zhoushunyu/eqvae/experiments/prediction_target_toy_v4_main/seed20260808/D512/curv0p25/scale_unit_rms/loss_v/H256,1.4642351865768433
512,0.25,unit_rms,256,v,xeps_g0p3,xeps,0.3,0.1869124429452489,0.0123183727264404,0.0036143965553492,0.1246471368957667,0.1016398740220718,0.1426343059186899,20260808,/data/users/zhoushunyu/eqvae/experiments/prediction_target_toy_v4_main/seed20260808/D512/curv0p25/scale_unit_rms/loss_v/H256,1.4642351865768433
512,0.25,unit_rms,256,v,xv_tan_g0p3,xv_tangent,0.3,0.0519011401862604,0.0006608963012695,0.0047227442264556,0.0014194752611759,-0.0014171146738751,0.0038606696511947,20260808,/data/users/zhoushunyu/eqvae/experiments/prediction_target_toy_v4_main/seed20260808/D512/curv0p25/scale_unit_rms/loss_v/H256,1.4642351865768433
512,0.25,unit_rms,256,v,xv_normcomp_g0p3,xv_normal,0.3,0.0504003096430523,0.0005677938461303,0.0052954275161027,0.0002735013956557,-0.0007612750596371,0.0012761305189337,20260808,/data/users/zhoushunyu/eqvae/experiments/prediction_target_toy_v4_main/seed20260808/D512/curv0p25/scale_unit_rms/loss_v/H256,1.4642351865768433
512,0.25,unit_rms,256,v,xv_rms_etam0p03,xv_norm,-0.03,0.0484767004916289,0.0004706382751464,0.0302243214100599,-0.0010147136002667,-0.0019849812945081,4.392426979453536e-05,20260808,/data/users/zhoushunyu/eqvae/experiments/prediction_target_toy_v4_main/seed20260808/D512/curv0p25/scale_unit_rms/loss_v/H256,1.4642351865768433
512,0.25,unit_rms,256,v,xv_rms_etam0p01,xv_norm,-0.01,0.0493429501244371,0.0005122423171997,0.0110442182049155,-0.0004504144533051,-0.0008857877951181,4.0186404936505264e-05,20260808,/data/users/zhoushunyu/eqvae/experiments/prediction_target_toy_v4_main/seed20260808/D512/curv0p25/scale_unit_rms/loss_v/H256,1.4642351865768433
512,0.25,unit_rms,256,v,xv_rms_eta0p01,xv_norm,0.01,0.0515132471973969,0.0006157159805297,0.0105825187638401,0.0008655833977976,0.0002036011189086,0.0015207068325138,20260808,/data/users/zhoushunyu/eqvae/experiments/prediction_target_toy_v4_main/seed20260808/D512/curv0p25/scale_unit_rms/loss_v/H256,1.4642351865768433
512,0.25,unit_rms,256,v,xv_rms_eta0p03,xv_norm,0.03,0.0601528981193549,0.0010666847229003,0.0113697126507759,0.0069914422087585,0.0037212336074766,0.0102566624054058,20260808,/data/users/zhoushunyu/eqvae/experiments/prediction_target_toy_v4_main/seed20260808/D512/curv0p25/scale_unit_rms/loss_v/H256,1.4642351865768433
512,0.25,unit_rms,512,v,x,x,0.0,0.0372318347682813,0.0004010200500488,0.0032796890009194,0.0,0.0,0.0,20260808,/data/users/zhoushunyu/eqvae/experiments/prediction_target_toy_v4_main/seed20260808/D512/curv0p25/scale_unit_rms/loss_v/H512,1.4300676584243774
512,0.25,unit_rms,512,v,v,v,0.0,0.0482436455353934,0.0008376836776733,0.6530124545097351,0.0032706589749562,-0.0104036027549463,0.0157196305027387,20260808,/data/users/zhoushunyu/eqvae/experiments/prediction_target_toy_v4_main/seed20260808/D512/curv0p25/scale_unit_rms/loss_v/H512,1.4300676584243774
512,0.25,unit_rms,512,v,eps,eps,0.0,1.504001591673763,0.2829346060752868,21.657228469848636,1.4470620544327446,1.371482539908465,1.534252990778503,20260808,/data/users/zhoushunyu/eqvae/experiments/prediction_target_toy_v4_main/seed20260808/D512/curv0p25/scale_unit_rms/loss_v/H512,1.4300676584243774
512,0.25,unit_rms,512,v,oracle,oracle,0.0,0.0462805456567145,0.0003881454467773,0.0063299131579697,-2.5307975736877584e-05,-0.0178083481819228,0.0202786698134718,20260808,/data/users/zhoushunyu/eqvae/experiments/prediction_target_toy_v4_main/seed20260808/D512/curv0p25/scale_unit_rms/loss_v/H512,1.4300676584243774
512,0.25,unit_rms,512,v,xv_gm0p1,xv,-0.1,0.0381800803425824,0.0004389286041259,0.0042841616086661,0.0001610462229058,-0.0019109971012056,0.0019329530543123,20260808,/data/users/zhoushunyu/eqvae/experiments/prediction_target_toy_v4_main/seed20260808/D512/curv0p25/scale_unit_rms/loss_v/H512,1.4300676584243774
512,0.25,unit_rms,512,v,xeps_gm0p1,xeps,-0.1,0.0347698836186202,0.0002503395080566,0.0052626552060246,-0.0062108582140799,-0.0305889019713478,0.0282607645044443,20260808,/data/users/zhoushunyu/eqvae/experiments/prediction_target_toy_v4_main/seed20260808/D512/curv0p25/scale_unit_rms/loss_v/H512,1.4300676584243774
512,0.25,unit_rms,512,v,xv_tan_gm0p1,xv_tangent,-0.1,0.03780863384609,0.00042724609375,0.003292167559266,-3.535763995804939e-05,-0.0017262337691093,0.0015695193648086,20260808,/data/users/zhoushunyu/eqvae/experiments/prediction_target_toy_v4_main/seed20260808/D512/curv0p25/scale_unit_rms/loss_v/H512,1.4300676584243774
512,0.25,unit_rms,512,v,xv_normcomp_gm0p1,xv_normal,-0.1,0.0375022123815769,0.0004103183746337,0.0042750965803861,0.0001811238076257,-0.0002012442701049,0.0008005563162563,20260808,/data/users/zhoushunyu/eqvae/experiments/prediction_target_toy_v4_main/seed20260808/D512/curv0p25/scale_unit_rms/loss_v/H512,1.4300676584243774
512,0.25,unit_rms,512,v,xv_gm0p03,xv,-0.03,0.0374415996293012,0.0004105567932128,0.0033561054151505,3.135920038631196e-05,-0.0006044939385186,0.0006398588934067,20260808,/data/users/zhoushunyu/eqvae/experiments/prediction_target_toy_v4_main/seed20260808/D512/curv0p25/scale_unit_rms/loss_v/H512,1.4300676584243774
512,0.25,unit_rms,512,v,xeps_gm0p03,xeps,-0.03,0.0263444140256666,0.0001070499420166,0.0035139014944434,-0.0065359954488267,-0.013644740176969,0.0051346335050613,20260808,/data/users/zhoushunyu/eqvae/experiments/prediction_target_toy_v4_main/seed20260808/D512/curv0p25/scale_unit_rms/loss_v/H512,1.4300676584243774
512,0.25,unit_rms,512,v,xv_tan_gm0p03,xv_tangent,-0.03,0.0373577630031227,0.0004079341888427,0.0032797947060316,-2.5101482019289323e-05,-0.0006487778420466,0.0005245824951921,20260808,/data/users/zhoushunyu/eqvae/experiments/prediction_target_toy_v4_main/seed20260808/D512/curv0p25/scale_unit_rms/loss_v/H512,1.4300676584243774
512,0.25,unit_rms,512,v,xv_normcomp_gm0p03,xv_normal,-0.03,0.0373326693860769,0.0004035234451293,0.0033524120226502,5.4499682268047e-05,-9.010771085830731e-05,0.0002589461937799,20260808,/data/users/zhoushunyu/eqvae/experiments/prediction_target_toy_v4_main/seed20260808/D512/curv0p25/scale_unit_rms/loss_v/H512,1.4300676584243774
512,0.25,unit_rms,512,v,xv_gm0p01,xv,-0.01,0.0373114403457142,0.0004029273986816,0.0032859572675079,1.093525556012321e-05,-0.0002058723735624,0.0002538822692554,20260808,/data/users/zhoushunyu/eqvae/experiments/prediction_target_toy_v4_main/seed20260808/D512/curv0p25/scale_unit_rms/loss_v/H512,1.4300676584243774
512,0.25,unit_rms,512,v,xeps_gm0p01,xeps,-0.01,0.0329216618144816,0.0002837181091308,0.0033415840007364,-0.0024856311338727,-0.0046555665708432,0.0011592580366372,20260808,/data/users/zhoushunyu/eqvae/experiments/prediction_target_toy_v4_main/seed20260808/D512/curv0p25/scale_unit_rms/loss_v/H512,1.4300676584243774
512,0.25,unit_rms,512,v,xv_tan_gm0p01,xv_tangent,-0.01,0.0372785593781889,0.0004024505615234,0.0032782389316707,-6.156456917447775e-06,-0.0001961137789546,0.000198426908982,20260808,/data/users/zhoushunyu/eqvae/experiments/prediction_target_toy_v4_main/seed20260808/D512/curv0p25/scale_unit_rms/loss_v/H512,1.4300676584243774
512,0.25,unit_rms,512,v,xv_normcomp_gm0p01,xv_normal,-0.01,0.0372654870829103,0.000401496887207,0.0032873889431357,1.619231077436216e-05,-3.374389507810952e-05,7.385741799093392e-05,20260808,/data/users/zhoushunyu/eqvae/experiments/prediction_target_toy_v4_main/seed20260808/D512/curv0p25/scale_unit_rms/loss_v/H512,1.4300676584243774
512,0.25,unit_rms,512,v,xv_g0p003,xv,0.003,0.0372073660830844,0.0004003047943115,0.0032805046066641,-2.439197510868824e-06,-7.45651983714294e-05,5.919676133890669e-05,20260808,/data/users/zhoushunyu/eqvae/experiments/prediction_target_toy_v4_main/seed20260808/D512/curv0p25/scale_unit_rms/loss_v/H512,1.4300676584243774
512,0.25,unit_rms,512,v,xeps_g0p003,xeps,0.003,0.0385602959182472,0.0004407167434692,0.0032837728504091,0.0009416184834035,-0.0002907561832032,0.0017493393260876,20260808,/data/users/zhoushunyu/eqvae/experiments/prediction_target_toy_v4_main/seed20260808/D512/curv0p25/scale_unit_rms/loss_v/H512,1.4300676584243774
512,0.25,unit_rms,512,v,xv_tan_g0p003,xv_tangent,0.003,0.037217576845754,0.0003989934921264,0.0032801856286823,2.0762906328188757e-06,-5.659928653665245e-05,5.612585081863894e-05,20260808,/data/users/zhoushunyu/eqvae/experiments/prediction_target_toy_v4_main/seed20260808/D512/curv0p25/scale_unit_rms/loss_v/H512,1.4300676584243774
512,0.25,unit_rms,512,v,xv_normcomp_g0p003,xv_normal,0.003,0.0372217479343369,0.0004006624221801,0.0032800589688122,-4.6730321009768805e-06,-2.1766655878843744e-05,9.605751116327818e-06,20260808,/data/users/zhoushunyu/eqvae/experiments/prediction_target_toy_v4_main/seed20260808/D512/curv0p25/scale_unit_rms/loss_v/H512,1.4300676584243774
512,0.25,unit_rms,512,v,xv_g0p01,xv,0.01,0.0371508520942022,0.0003966093063354,0.0032871547155082,-3.925947018023692e-06,-0.0002357715591943,0.0002081076897265,20260808,/data/users/zhoushunyu/eqvae/experiments/prediction_target_toy_v4_main/seed20260808/D512/curv0p25/scale_unit_rms/loss_v/H512,1.4300676584243774
512,0.25,unit_rms,512,v,xeps_g0p01,xeps,0.01,0.0418773412737893,0.0005412101745605,0.0032364276703447,0.003346037903159,-0.0002496571952331,0.0059630974793382,20260808,/data/users/zhoushunyu/eqvae/experiments/prediction_target_toy_v4_main/seed20260808/D512/curv0p25/scale_unit_rms/loss_v/H512,1.4300676584243774
512,0.25,unit_rms,512,v,xv_tan_g0p01,xv_tangent,0.01,0.0371862411591006,0.0003972053527832,0.0032820655032992,9.773845201213293e-06,-0.0001845555055333,0.0001923277675785,20260808,/data/users/zhoushunyu/eqvae/experiments/prediction_target_toy_v4_main/seed20260808/D512/curv0p25/scale_unit_rms/loss_v/H512,1.4300676584243774
512,0.25,unit_rms,512,v,xv_normcomp_g0p01,xv_normal,0.01,0.0371982159586856,0.0003999471664428,0.0032852264121174,-1.5267259752011937e-05,-7.226592196499255e-05,3.0853712835948103e-05,20260808,/data/users/zhoushunyu/eqvae/experiments/prediction_target_toy_v4_main/seed20260808/D512/curv0p25/scale_unit_rms/loss_v/H512,1.4300676584243774
512,0.25,unit_rms,512,v,xv_g0p03,xv,0.03,0.0369794462092195,0.0003905296325683,0.0033416766673326,4.969696035803453e-06,-0.0006280900751274,0.0005853790262039,20260808,/data/users/zhoushunyu/eqvae/experiments/prediction_target_toy_v4_main/seed20260808/D512/curv0p25/scale_unit_rms/loss_v/H512,1.4300676584243774
512,0.25,unit_rms,512,v,xeps_g0p03,xeps,0.03,0.0513831645251598,0.0008876323699951,0.0032254320103675,0.0103092318037237,0.0021222418917036,0.0157471121812238,20260808,/data/users/zhoushunyu/eqvae/experiments/prediction_target_toy_v4_main/seed20260808/D512/curv0p25/scale_unit_rms/loss_v/H512,1.4300676584243774
512,0.25,unit_rms,512,v,xv_tan_g0p03,xv_tangent,0.03,0.0371128228977303,0.0003942251205444,0.0032930870074778,3.962690484268051e-05,-0.0004529342586114,0.0005506808161529,20260808,/data/users/zhoushunyu/eqvae/experiments/prediction_target_toy_v4_main/seed20260808/D512/curv0p25/scale_unit_rms/loss_v/H512,1.4300676584243774
512,0.25,unit_rms,512,v,xv_normcomp_g0p03,xv_normal,0.03,0.0371308330251498,0.0003992319107055,0.00332852313295,-4.31064940577694e-05,-0.0002021623926248,8.20223325122072e-05,20260808,/data/users/zhoushunyu/eqvae/experiments/prediction_target_toy_v4_main/seed20260808/D512/curv0p25/scale_unit_rms/loss_v/H512,1.4300676584243774
512,0.25,unit_rms,512,v,xv_g0p1,xv,0.1,0.036545229979174,0.0003728866577148,0.0036375105846673,9.509527863629758e-05,-0.0016900523909468,0.0015444881670714,20260808,/data/users/zhoushunyu/eqvae/experiments/prediction_target_toy_v4_main/seed20260808/D512/curv0p25/scale_unit_rms/loss_v/H512,1.4300676584243774
512,0.25,unit_rms,512,v,xeps_g0p1,xeps,0.1,0.0871883302100118,0.0027366876602172,0.0032832473516464,0.0396401879683712,0.0215336469863733,0.0512628668717384,20260808,/data/users/zhoushunyu/eqvae/experiments/prediction_target_toy_v4_main/seed20260808/D512/curv0p25/scale_unit_rms/loss_v/H512,1.4300676584243774
512,0.25,unit_rms,512,v,xv_tan_g0p1,xv_tangent,0.1,0.0368453190209216,0.0003811120986938,0.0032554971985518,0.0002116962696566,-0.001237702147468,0.0015284285598728,20260808,/data/users/zhoushunyu/eqvae/experiments/prediction_target_toy_v4_main/seed20260808/D512/curv0p25/scale_unit_rms/loss_v/H512,1.4300676584243774
512,0.25,unit_rms,512,v,xv_normcomp_g0p1,xv_normal,0.1,0.0368742516330843,0.0003907680511474,0.0036515546962618,-0.0001195712058385,-0.0005914983350664,0.0003037880255574,20260808,/data/users/zhoushunyu/eqvae/experiments/prediction_target_toy_v4_main/seed20260808/D512/curv0p25/scale_unit_rms/loss_v/H512,1.4300676584243774
512,0.25,unit_rms,512,v,xv_g0p3,xv,0.3,0.0349880841409913,0.0003153085708618,0.004534572828561,-0.0001006833274778,-0.0043351833410671,0.0038011813253944,20260808,/data/users/zhoushunyu/eqvae/experiments/prediction_target_toy_v4_main/seed20260808/D512/curv0p25/scale_unit_rms/loss_v/H512,1.4300676584243774
512,0.25,unit_rms,512,v,xeps_g0p3,xeps,0.3,0.188207912314731,0.0135880708694458,0.003147909650579,0.1344875934611339,0.113187416923524,0.1531567415307514,20260808,/data/users/zhoushunyu/eqvae/experiments/prediction_target_toy_v4_main/seed20260808/D512/curv0p25/scale_unit_rms/loss_v/H512,1.4300676584243774
512,0.25,unit_rms,512,v,xv_tan_g0p3,xv_tangent,0.3,0.035947271726279,0.0003391504287719,0.0032795760780572,0.000298676388831,-0.0036869953829529,0.0042342195223732,20260808,/data/users/zhoushunyu/eqvae/experiments/prediction_target_toy_v4_main/seed20260808/D512/curv0p25/scale_unit_rms/loss_v/H512,1.4300676584243774
512,0.25,unit_rms,512,v,xv_normcomp_g0p3,xv_normal,0.3,0.0362928870756994,0.0003740787506103,0.0045267613604664,-0.0003267604615732,-0.0013435742056889,0.0007171713642162,20260808,/data/users/zhoushunyu/eqvae/experiments/prediction_target_toy_v4_main/seed20260808/D512/curv0p25/scale_unit_rms/loss_v/H512,1.4300676584243774
512,0.25,unit_rms,512,v,xv_rms_etam0p03,xv_norm,-0.03,0.038040375977297,0.0004407167434692,0.0300526358187198,4.95043954813627e-05,-0.0021129407554441,0.0017408291312763,20260808,/data/users/zhoushunyu/eqvae/experiments/prediction_target_toy_v4_main/seed20260808/D512/curv0p25/scale_unit_rms/loss_v/H512,1.4300676584243774
512,0.25,unit_rms,512,v,xv_rms_etam0p01,xv_norm,-0.01,0.0375970110758776,0.0004185438156127,0.0105073787271976,-2.4174261979298397e-06,-0.0009682354483299,0.0007627911084072,20260808,/data/users/zhoushunyu/eqvae/experiments/prediction_target_toy_v4_main/seed20260808/D512/curv0p25/scale_unit_rms/loss_v/H512,1.4300676584243774
512,0.25,unit_rms,512,v,xv_rms_eta0p01,xv_norm,0.01,0.0367349687321107,0.0003715753555297,0.0099674789234995,9.407785586583738e-05,-0.000996423366809,0.0013883870215317,20260808,/data/users/zhoushunyu/eqvae/experiments/prediction_target_toy_v4_main/seed20260808/D512/curv0p25/scale_unit_rms/loss_v/H512,1.4300676584243774
512,0.25,unit_rms,512,v,xv_rms_eta0p03,xv_norm,0.03,0.0397472466336178,0.0003184080123901,0.0104170572012662,0.0037646159761126,-0.0025382698832726,0.0110196912169075,20260808,/data/users/zhoushunyu/eqvae/experiments/prediction_target_toy_v4_main/seed20260808/D512/curv0p25/scale_unit_rms/loss_v/H512,1.4300676584243774
512,0.25,unit_rms,64,v,x,x,0.0,0.0617984611445598,0.0007531642913818,0.0295316092669963,0.0,0.0,0.0,20260808,/data/users/zhoushunyu/eqvae/experiments/prediction_target_toy_v4_main/seed20260808/D512/curv0p25/scale_unit_rms/loss_v/H64,1.451872944831848
512,0.25,unit_rms,64,v,v,v,0.0,0.054947697627089,0.0008960962295532,0.957915186882019,-0.007800065828428,-0.0175311290613891,0.0042044520319281,20260808,/data/users/zhoushunyu/eqvae/experiments/prediction_target_toy_v4_main/seed20260808/D512/curv0p25/scale_unit_rms/loss_v/H64,1.451872944831848
512,0.25,unit_rms,64,v,eps,eps,0.0,1.4705072166006636,0.2738057076931,45.94744491577149,1.412658257226485,1.335135845897809,1.4830335253963502,20260808,/data/users/zhoushunyu/eqvae/experiments/prediction_target_toy_v4_main/seed20260808/D512/curv0p25/scale_unit_rms/loss_v/H64,1.451872944831848
512,0.25,unit_rms,64,v,oracle,oracle,0.0,0.0489765225528966,0.0005354881286621,0.0061955656856298,-0.0101087320647391,-0.0241872705674569,0.0049689820503761,20260808,/data/users/zhoushunyu/eqvae/experiments/prediction_target_toy_v4_main/seed20260808/D512/curv0p25/scale_unit_rms/loss_v/H64,1.451872944831848
512,0.25,unit_rms,64,v,xv_gm0p1,xv,-0.1,0.0596028296999516,0.0007475614547729,0.02850341796875,-0.0019418317701034,-0.0032825265678835,-0.0003438378452297,20260808,/data/users/zhoushunyu/eqvae/experiments/prediction_target_toy_v4_main/seed20260808/D512/curv0p25/scale_unit_rms/loss_v/H64,1.451872944831848
512,0.25,unit_rms,64,v,xeps_gm0p1,xeps,-0.1,0.0559209115293601,0.0002326965332031,0.0342774949967861,-0.0010895748667027,-0.0151893546170061,0.0127874202054041,20260808,/data/users/zhoushunyu/eqvae/experiments/prediction_target_toy_v4_main/seed20260808/D512/curv0p25/scale_unit_rms/loss_v/H64,1.451872944831848
512,0.25,unit_rms,64,v,xv_tan_gm0p1,xv_tangent,-0.1,0.0600633492484417,0.0007696151733398,0.0282041747123003,-0.0016381260356629,-0.0030597336815256,1.8463158867561294e-05,20260808,/data/users/zhoushunyu/eqvae/experiments/prediction_target_toy_v4_main/seed20260808/D512/curv0p25/scale_unit_rms/loss_v/H64,1.451872944831848
512,0.25,unit_rms,64,v,xv_normcomp_gm0p1,xv_normal,-0.1,0.0612774464482958,0.0007305145263671,0.0298199392855167,-0.0003279494928589,-0.0006105970532249,9.992768800331004e-05,20260808,/data/users/zhoushunyu/eqvae/experiments/prediction_target_toy_v4_main/seed20260808/D512/curv0p25/scale_unit_rms/loss_v/H64,1.451872944831848
512,0.25,unit_rms,64,v,xv_gm0p03,xv,-0.03,0.0610974923484449,0.0007526874542236,0.0291371420025825,-0.00060858607834,-0.0010078346115753,-0.0001216189032991,20260808,/data/users/zhoushunyu/eqvae/experiments/prediction_target_toy_v4_main/seed20260808/D512/curv0p25/scale_unit_rms/loss_v/H64,1.451872944831848
512,0.25,unit_rms,64,v,xeps_gm0p03,xeps,-0.03,0.0570621902888784,0.0004388093948364,0.0305873230099678,-0.0027391945781861,-0.0067142523288512,0.0020746583112158,20260808,/data/users/zhoushunyu/eqvae/experiments/prediction_target_toy_v4_main/seed20260808/D512/curv0p25/scale_unit_rms/loss_v/H64,1.451872944831848
512,0.25,unit_rms,64,v,xv_tan_gm0p03,xv_tangent,-0.03,0.0612440760858297,0.0007581710815429,0.0291316583752632,-0.000514643560911,-0.0009566883826045,-3.05489805729682e-06,20260808,/data/users/zhoushunyu/eqvae/experiments/prediction_target_toy_v4_main/seed20260808/D512/curv0p25/scale_unit_rms/loss_v/H64,1.451872944831848
512,0.25,unit_rms,64,v,xv_normcomp_gm0p03,xv_normal,-0.03,0.0616456634271111,0.000747799873352,0.0295372363179922,-9.677662051364423e-05,-0.0001795786998881,2.7665539062521824e-05,20260808,/data/users/zhoushunyu/eqvae/experiments/prediction_target_toy_v4_main/seed20260808/D512/curv0p25/scale_unit_rms/loss_v/H64,1.451872944831848
512,0.25,unit_rms,64,v,xv_gm0p01,xv,-0.01,0.0615594264960087,0.0007522106170654,0.0293958522379398,-0.000206384833566,-0.000339038125627,-5.045413363562787e-05,20260808,/data/users/zhoushunyu/eqvae/experiments/prediction_target_toy_v4_main/seed20260808/D512/curv0p25/scale_unit_rms/loss_v/H64,1.451872944831848
512,0.25,unit_rms,64,v,xeps_gm0p01,xeps,-0.01,0.0599570812955363,0.0006358623504638,0.0298643056303262,-0.0011646085219287,-0.0024551935370723,0.0004097348041106,20260808,/data/users/zhoushunyu/eqvae/experiments/prediction_target_toy_v4_main/seed20260808/D512/curv0p25/scale_unit_rms/loss_v/H64,1.451872944831848
512,0.25,unit_rms,64,v,xv_tan_gm0p01,xv_tangent,-0.01,0.0616093470917646,0.0007557868957519,0.0293983872979879,-0.0001746366494278,-0.0003139759765842,-9.356185511283404e-06,20260808,/data/users/zhoushunyu/eqvae/experiments/prediction_target_toy_v4_main/seed20260808/D512/curv0p25/scale_unit_rms/loss_v/H64,1.451872944831848
512,0.25,unit_rms,64,v,xv_normcomp_gm0p01,xv_normal,-0.01,0.0617478480078863,0.0007528066635131,0.0295290704816579,-3.210802486626953e-05,-5.948605258799186e-05,9.029713179280009e-06,20260808,/data/users/zhoushunyu/eqvae/experiments/prediction_target_toy_v4_main/seed20260808/D512/curv0p25/scale_unit_rms/loss_v/H64,1.451872944831848
512,0.25,unit_rms,64,v,xv_g0p003,xv,0.003,0.061871272824663,0.0007562637329101,0.0295730158686637,6.274992442911902e-05,1.594659662836513e-05,0.0001022596353014,20260808,/data/users/zhoushunyu/eqvae/experiments/prediction_target_toy_v4_main/seed20260808/D512/curv0p25/scale_unit_rms/loss_v/H64,1.451872944831848
512,0.25,unit_rms,64,v,xeps_g0p003,xeps,0.003,0.0624060558684747,0.0007941722869873,0.0294340699911117,0.0004016376252526,-6.511481908064772e-05,0.000780270096098,20260808,/data/users/zhoushunyu/eqvae/experiments/prediction_target_toy_v4_main/seed20260808/D512/curv0p25/scale_unit_rms/loss_v/H64,1.451872944831848
512,0.25,unit_rms,64,v,xv_tan_g0p003,xv_tangent,0.003,0.0618560891560027,0.0007545948028564,0.0295715630054473,5.311324115389031e-05,4.557778159207729e-06,9.529452174254824e-05,20260808,/data/users/zhoushunyu/eqvae/experiments/prediction_target_toy_v4_main/seed20260808/D512/curv0p25/scale_unit_rms/loss_v/H64,1.451872944831848
512,0.25,unit_rms,64,v,xv_normcomp_g0p003,xv_normal,0.003,0.0618135937557996,0.0007561445236206,0.0295330565422773,9.600038823199958e-06,-2.673125800425544e-06,1.7784335870047938e-05,20260808,/data/users/zhoushunyu/eqvae/experiments/prediction_target_toy_v4_main/seed20260808/D512/curv0p25/scale_unit_rms/loss_v/H64,1.451872944831848
512,0.25,unit_rms,64,v,xv_g0p01,xv,0.01,0.0620430342387787,0.0007559061050415,0.0296707302331924,0.0002109559819893,5.418856294201139e-05,0.0003434845844297,20260808,/data/users/zhoushunyu/eqvae/experiments/prediction_target_toy_v4_main/seed20260808/D512/curv0p25/scale_unit_rms/loss_v/H64,1.451872944831848
512,0.25,unit_rms,64,v,xeps_g0p01,xeps,0.01,0.0639272212685388,0.0008929967880249,0.0292109008878469,0.0014318611638067,-0.0001189022029536,0.0026922620800362,20260808,/data/users/zhoushunyu/eqvae/experiments/prediction_target_toy_v4_main/seed20260808/D512/curv0p25/scale_unit_rms/loss_v/H64,1.451872944831848
512,0.25,unit_rms,64,v,xv_tan_g0p01,xv_tangent,0.01,0.0619920898422989,0.0007541179656982,0.0296647753566503,0.0001785997857573,1.7795092669626796e-05,0.0003214698750199,20260808,/data/users/zhoushunyu/eqvae/experiments/prediction_target_toy_v4_main/seed20260808/D512/curv0p25/scale_unit_rms/loss_v/H64,1.451872944831848
512,0.25,unit_rms,64,v,xv_normcomp_g0p01,xv_normal,0.01,0.0618487827664322,0.0007568597793579,0.0295375175774097,3.19535666436347e-05,-8.849207270737042e-06,5.920299373355534e-05,20260808,/data/users/zhoushunyu/eqvae/experiments/prediction_target_toy_v4_main/seed20260808/D512/curv0p25/scale_unit_rms/loss_v/H64,1.451872944831848
512,0.25,unit_rms,64,v,xv_g0p03,xv,0.03,0.0625468287371691,0.0007586479187011,0.0299565121531486,0.0006471342900935,0.0001715994189455,0.0010501211477267,20260808,/data/users/zhoushunyu/eqvae/experiments/prediction_target_toy_v4_main/seed20260808/D512/curv0p25/scale_unit_rms/loss_v/H64,1.451872944831848
512,0.25,unit_rms,64,v,xeps_g0p03,xeps,0.03,0.0689818146645315,0.001218557357788,0.0285841356962919,0.0050203241291536,0.0004751433913352,0.0085769851038003,20260808,/data/users/zhoushunyu/eqvae/experiments/prediction_target_toy_v4_main/seed20260808/D512/curv0p25/scale_unit_rms/loss_v/H64,1.451872944831848
512,0.25,unit_rms,64,v,xv_tan_g0p03,xv_tangent,0.03,0.062392123103375,0.0007494688034057,0.0299306698143482,0.0005484796819372,6.209022227746924e-05,0.000990843128973,20260808,/data/users/zhoushunyu/eqvae/experiments/prediction_target_toy_v4_main/seed20260808/D512/curv0p25/scale_unit_rms/loss_v/H64,1.451872944831848
512,0.25,unit_rms,64,v,xv_normcomp_g0p03,xv_normal,0.03,0.0619485675927439,0.000762939453125,0.0295569263398647,9.547426322458766e-05,-2.589248659044339e-05,0.0001768034461823,20260808,/data/users/zhoushunyu/eqvae/experiments/prediction_target_toy_v4_main/seed20260808/D512/curv0p25/scale_unit_rms/loss_v/H64,1.451872944831848
512,0.25,unit_rms,64,v,xv_g0p1,xv,0.1,0.064385340305796,0.000770092010498,0.0309830196201801,0.0022514156936965,0.0006726018023088,0.0036205320032359,20260808,/data/users/zhoushunyu/eqvae/experiments/prediction_target_toy_v4_main/seed20260808/D512/curv0p25/scale_unit_rms/loss_v/H64,1.451872944831848
512,0.25,unit_rms,64,v,xeps_g0p1,xeps,0.1,0.0935568571414643,0.0030056238174438,0.0266508180648088,0.0248050445315114,0.0116979583196015,0.0346336633683662,20260808,/data/users/zhoushunyu/eqvae/experiments/prediction_target_toy_v4_main/seed20260808/D512/curv0p25/scale_unit_rms/loss_v/H64,1.451872944831848
512,0.25,unit_rms,64,v,xv_tan_g0p1,xv_tangent,0.1,0.0638530482005626,0.0007441043853759,0.0308534242212772,0.0019057068013819,0.0002589059968888,0.0034341433349976,20260808,/data/users/zhoushunyu/eqvae/experiments/prediction_target_toy_v4_main/seed20260808/D512/curv0p25/scale_unit_rms/loss_v/H64,1.451872944831848
512,0.25,unit_rms,64,v,xv_normcomp_g0p1,xv_normal,0.1,0.0622915836565481,0.0007779598236083,0.0296605098992586,0.0003144319435163,-8.294962240486362e-05,0.000579577404479,20260808,/data/users/zhoushunyu/eqvae/experiments/prediction_target_toy_v4_main/seed20260808/D512/curv0p25/scale_unit_rms/loss_v/H64,1.451872944831848
512,0.25,unit_rms,64,v,xv_g0p3,xv,0.3,0.0703684177688422,0.000839352607727,0.0337110348045825,0.0074365285809219,0.0028366911500384,0.0112993711570112,20260808,/data/users/zhoushunyu/eqvae/experiments/prediction_target_toy_v4_main/seed20260808/D512/curv0p25/scale_unit_rms/loss_v/H64,1.451872944831848
512,0.25,unit_rms,64,v,xeps_g0p3,xeps,0.3,0.1809182205217116,0.0126916170120239,0.0212234091013669,0.1107032335002207,0.0917291103455237,0.1270143365784661,20260808,/data/users/zhoushunyu/eqvae/experiments/prediction_target_toy_v4_main/seed20260808/D512/curv0p25/scale_unit_rms/loss_v/H64,1.451872944831848
512,0.25,unit_rms,64,v,xv_tan_g0p3,xv_tangent,0.3,0.0686766698619726,0.000760793685913,0.0333024449646472,0.0063384398839405,0.0015094968439211,0.0107453780834477,20260808,/data/users/zhoushunyu/eqvae/experiments/prediction_target_toy_v4_main/seed20260808/D512/curv0p25/scale_unit_rms/loss_v/H64,1.451872944831848
512,0.25,unit_rms,64,v,xv_normcomp_g0p3,xv_normal,0.3,0.0632365389322365,0.0008223056793212,0.0299151111394166,0.000916950688001,-0.0002398107038738,0.0016648900308066,20260808,/data/users/zhoushunyu/eqvae/experiments/prediction_target_toy_v4_main/seed20260808/D512/curv0p25/scale_unit_rms/loss_v/H64,1.451872944831848
512,0.25,unit_rms,64,v,xv_rms_etam0p03,xv_norm,-0.03,0.0581682797721752,0.000685691833496,0.044466882944107,-0.0029548265701741,-0.0044954116577826,-0.0009821299236272,20260808,/data/users/zhoushunyu/eqvae/experiments/prediction_target_toy_v4_main/seed20260808/D512/curv0p25/scale_unit_rms/loss_v/H64,1.451872944831848
512,0.25,unit_rms,64,v,xv_rms_etam0p01,xv_norm,-0.01,0.0602329734556397,0.0007226467132568,0.0320147946476936,-0.001274152814109,-0.0018758863646825,-0.0004838822797714,20260808,/data/users/zhoushunyu/eqvae/experiments/prediction_target_toy_v4_main/seed20260808/D512/curv0p25/scale_unit_rms/loss_v/H64,1.451872944831848
512,0.25,unit_rms,64,v,xv_rms_eta0p01,xv_norm,0.01,0.0640091861741572,0.0008047819137573,0.0323428623378276,0.0018158581886348,0.0008958087666987,0.0025288615524025,20260808,/data/users/zhoushunyu/eqvae/experiments/prediction_target_toy_v4_main/seed20260808/D512/curv0p25/scale_unit_rms/loss_v/H64,1.451872944831848
512,0.25,unit_rms,64,v,xv_rms_eta0p03,xv_norm,0.03,0.0718526957698512,0.0010267496109008,0.0366780199110507,0.0083758949989759,0.0054811424948777,0.0108237896810901,20260808,/data/users/zhoushunyu/eqvae/experiments/prediction_target_toy_v4_main/seed20260808/D512/curv0p25/scale_unit_rms/loss_v/H64,1.451872944831848
512,0.5,unit_rms,1024,v,x,x,0.0,0.0350915889174447,0.0002785921096801,0.0059961033985018,0.0,0.0,0.0,20260808,/data/users/zhoushunyu/eqvae/experiments/prediction_target_toy_v4_main/seed20260808/D512/curv0p5/scale_unit_rms/loss_v/H1024,1.4914076328277588
512,0.5,unit_rms,1024,v,v,v,0.0,0.0295745931467639,4.8279762268066406e-05,0.296819657087326,-0.0002431198963686,-0.0274140545892468,0.0256578901829856,20260808,/data/users/zhoushunyu/eqvae/experiments/prediction_target_toy_v4_main/seed20260808/D512/curv0p5/scale_unit_rms/loss_v/H1024,1.4914076328277588
512,0.5,unit_rms,1024,v,eps,eps,0.0,0.3068745198599372,0.0373884439468383,1.641579270362854,0.2709326314428668,0.2433720069220818,0.2960103456910126,20260808,/data/users/zhoushunyu/eqvae/experiments/prediction_target_toy_v4_main/seed20260808/D512/curv0p5/scale_unit_rms/loss_v/H1024,1.4914076328277588
512,0.5,unit_rms,1024,v,oracle,oracle,0.0,0.0370452068737868,0.0001920461654663,0.0067794173955917,0.0023839981221674,-0.0111569366890849,0.0201190702478356,20260808,/data/users/zhoushunyu/eqvae/experiments/prediction_target_toy_v4_main/seed20260808/D512/curv0p5/scale_unit_rms/loss_v/H1024,1.4914076328277588
512,0.5,unit_rms,1024,v,xv_gm0p1,xv,-0.1,0.0332312065328752,0.0002174377441406,0.0063692447729408,-0.0006003167545017,-0.0027028327871219,0.0025939667645531,20260808,/data/users/zhoushunyu/eqvae/experiments/prediction_target_toy_v4_main/seed20260808/D512/curv0p5/scale_unit_rms/loss_v/H1024,1.4914076328277588
512,0.5,unit_rms,1024,v,xeps_gm0p1,xeps,-0.1,0.0527352420308165,0.0011085271835327,0.0067490674555301,0.0137695057342352,-0.0053084065769527,0.0261158551725291,20260808,/data/users/zhoushunyu/eqvae/experiments/prediction_target_toy_v4_main/seed20260808/D512/curv0p5/scale_unit_rms/loss_v/H1024,1.4914076328277588
512,0.5,unit_rms,1024,v,xv_tan_gm0p1,xv_tangent,-0.1,0.0336415200098744,0.0002294778823852,0.0060002552345395,-0.0006966842331572,-0.0030828648815586,0.001944878057248,20260808,/data/users/zhoushunyu/eqvae/experiments/prediction_target_toy_v4_main/seed20260808/D512/curv0p5/scale_unit_rms/loss_v/H1024,1.4914076328277588
512,0.5,unit_rms,1024,v,xv_normcomp_gm0p1,xv_normal,-0.1,0.035044164263327,0.0002737045288085,0.0063795279711484,-7.244403507512869e-05,-0.000995726277621,0.0006281952748525,20260808,/data/users/zhoushunyu/eqvae/experiments/prediction_target_toy_v4_main/seed20260808/D512/curv0p5/scale_unit_rms/loss_v/H1024,1.4914076328277588
512,0.5,unit_rms,1024,v,xv_gm0p03,xv,-0.03,0.0348651915198494,0.0002692937850952,0.0059993853792548,-0.0001949198654674,-0.0012395996148221,0.0006794379186464,20260808,/data/users/zhoushunyu/eqvae/experiments/prediction_target_toy_v4_main/seed20260808/D512/curv0p5/scale_unit_rms/loss_v/H1024,1.4914076328277588
512,0.5,unit_rms,1024,v,xeps_gm0p03,xeps,-0.03,0.0399263144778461,0.0004719495773315,0.0060150222852826,0.0031922554370319,-0.0044597675190984,0.007772838386473,20260808,/data/users/zhoushunyu/eqvae/experiments/prediction_target_toy_v4_main/seed20260808/D512/curv0p5/scale_unit_rms/loss_v/H1024,1.4914076328277588
512,0.5,unit_rms,1024,v,xv_tan_gm0p03,xv_tangent,-0.03,0.0347101527431771,0.0002667903900146,0.0060042617842555,-0.0002398874602725,-0.0011886811502235,0.0007377237551248,20260808,/data/users/zhoushunyu/eqvae/experiments/prediction_target_toy_v4_main/seed20260808/D512/curv0p5/scale_unit_rms/loss_v/H1024,1.4914076328277588
512,0.5,unit_rms,1024,v,xv_normcomp_gm0p03,xv_normal,-0.03,0.0349932411019936,0.0002737045288085,0.0060084098950028,-9.369457477160232e-05,-0.0005381489214713,0.0002416315448832,20260808,/data/users/zhoushunyu/eqvae/experiments/prediction_target_toy_v4_main/seed20260808/D512/curv0p5/scale_unit_rms/loss_v/H1024,1.4914076328277588
512,0.5,unit_rms,1024,v,xv_gm0p01,xv,-0.01,0.0349109905888637,0.0002722740173339,0.005998957902193,-0.0001367684761543,-0.0006856064638913,0.0003750560574135,20260808,/data/users/zhoushunyu/eqvae/experiments/prediction_target_toy_v4_main/seed20260808/D512/curv0p5/scale_unit_rms/loss_v/H1024,1.4914076328277588
512,0.5,unit_rms,1024,v,xeps_gm0p01,xeps,-0.01,0.0369639717036299,0.0003474950790405,0.005994576960802,0.0010690267769998,-0.0016965655603102,0.0029454320823547,20260808,/data/users/zhoushunyu/eqvae/experiments/prediction_target_toy_v4_main/seed20260808/D512/curv0p5/scale_unit_rms/loss_v/H1024,1.4914076328277588
512,0.5,unit_rms,1024,v,xv_tan_gm0p01,xv_tangent,-0.01,0.0349808098868595,0.0002733469009399,0.0060160877183079,-9.688663539410148e-05,-0.0006655355253151,0.0002988453147251,20260808,/data/users/zhoushunyu/eqvae/experiments/prediction_target_toy_v4_main/seed20260808/D512/curv0p5/scale_unit_rms/loss_v/H1024,1.4914076328277588
512,0.5,unit_rms,1024,v,xv_normcomp_gm0p01,xv_normal,-0.01,0.035072673824423,0.000278353691101,0.0059901624917984,-2.580952488736063e-05,-0.0001877162567112,0.0001260739134556,20260808,/data/users/zhoushunyu/eqvae/experiments/prediction_target_toy_v4_main/seed20260808/D512/curv0p5/scale_unit_rms/loss_v/H1024,1.4914076328277588
512,0.5,unit_rms,1024,v,xv_g0p003,xv,0.003,0.0351315477700918,0.0002793073654174,0.0059989728033542,2.7853440338302184e-05,-7.039950851885426e-05,0.0001219779462687,20260808,/data/users/zhoushunyu/eqvae/experiments/prediction_target_toy_v4_main/seed20260808/D512/curv0p5/scale_unit_rms/loss_v/H1024,1.4914076328277588
512,0.5,unit_rms,1024,v,xeps_g0p003,xeps,0.003,0.0348747329914089,0.0002655982971191,0.00600366294384,-0.000192904752941,-0.0007285552776384,0.0003356236632367,20260808,/data/users/zhoushunyu/eqvae/experiments/prediction_target_toy_v4_main/seed20260808/D512/curv0p5/scale_unit_rms/loss_v/H1024,1.4914076328277588
512,0.5,unit_rms,1024,v,xv_tan_g0p003,xv_tangent,0.003,0.0351325821980615,0.0002796649932861,0.0059963958337903,2.4000484102546933e-05,-3.88412396573147e-05,0.0001068607393558,20260808,/data/users/zhoushunyu/eqvae/experiments/prediction_target_toy_v4_main/seed20260808/D512/curv0p5/scale_unit_rms/loss_v/H1024,1.4914076328277588
512,0.5,unit_rms,1024,v,xv_normcomp_g0p003,xv_normal,0.003,0.0350922688880001,0.0002775192260742,0.0059980656951665,4.579583534376069e-06,-3.767393563118334e-05,6.985363809304167e-05,20260808,/data/users/zhoushunyu/eqvae/experiments/prediction_target_toy_v4_main/seed20260808/D512/curv0p5/scale_unit_rms/loss_v/H1024,1.4914076328277588
512,0.5,unit_rms,1024,v,xv_g0p01,xv,0.01,0.0351791357675435,0.0002825260162353,0.0060005630366504,9.62405394217828e-05,-0.0003400017199928,0.0007529725524556,20260808,/data/users/zhoushunyu/eqvae/experiments/prediction_target_toy_v4_main/seed20260808/D512/curv0p5/scale_unit_rms/loss_v/H1024,1.4914076328277588
512,0.5,unit_rms,1024,v,xeps_g0p01,xeps,0.01,0.0339227033685395,0.0002286434173583,0.0060179997235536,-0.0007363163265114,-0.0020502235282692,0.0011316603691009,20260808,/data/users/zhoushunyu/eqvae/experiments/prediction_target_toy_v4_main/seed20260808/D512/curv0p5/scale_unit_rms/loss_v/H1024,1.4914076328277588
512,0.5,unit_rms,1024,v,xv_tan_g0p01,xv_tangent,0.01,0.0352122748141841,0.0002812147140502,0.0059991525486111,7.876785083848398e-05,-0.0002135554565091,0.0005305858448421,20260808,/data/users/zhoushunyu/eqvae/experiments/prediction_target_toy_v4_main/seed20260808/D512/curv0p5/scale_unit_rms/loss_v/H1024,1.4914076328277588
512,0.5,unit_rms,1024,v,xv_normcomp_g0p01,xv_normal,0.01,0.0350931590071055,0.0002765655517578,0.0059994244948029,1.527433570497075e-05,-0.0001296140868773,0.0002170021448694,20260808,/data/users/zhoushunyu/eqvae/experiments/prediction_target_toy_v4_main/seed20260808/D512/curv0p5/scale_unit_rms/loss_v/H1024,1.4914076328277588
512,0.5,unit_rms,1024,v,xv_g0p03,xv,0.03,0.0356854883196585,0.0002965927124023,0.0060665779747068,0.0003376251446052,-0.0007539970300972,0.0015804108295949,20260808,/data/users/zhoushunyu/eqvae/experiments/prediction_target_toy_v4_main/seed20260808/D512/curv0p5/scale_unit_rms/loss_v/H1024,1.4914076328277588
512,0.5,unit_rms,1024,v,xeps_g0p03,xeps,0.03,0.03099900465991,0.0001298189163208,0.0060582160949707,-0.0019438923552359,-0.0062095767523375,0.0049452888162683,20260808,/data/users/zhoushunyu/eqvae/experiments/prediction_target_toy_v4_main/seed20260808/D512/curv0p5/scale_unit_rms/loss_v/H1024,1.4914076328277588
512,0.5,unit_rms,1024,v,xv_tan_g0p03,xv_tangent,0.03,0.0355272733791905,0.000292420387268,0.0060006119310855,0.0002600985848833,-0.0006368766797345,0.0013713469268042,20260808,/data/users/zhoushunyu/eqvae/experiments/prediction_target_toy_v4_main/seed20260808/D512/curv0p5/scale_unit_rms/loss_v/H1024,1.4914076328277588
512,0.5,unit_rms,1024,v,xv_normcomp_g0p03,xv_normal,0.03,0.0351222927631486,0.0002774000167846,0.006043401081115,7.660867128594499e-05,-0.0004536827032076,0.0007424131411159,20260808,/data/users/zhoushunyu/eqvae/experiments/prediction_target_toy_v4_main/seed20260808/D512/curv0p5/scale_unit_rms/loss_v/H1024,1.4914076328277588
512,0.5,unit_rms,1024,v,xv_g0p1,xv,0.1,0.0366476015729753,0.0003378391265869,0.0063441894017159,0.0010147364298186,-0.0017560773959384,0.0039353026494852,20260808,/data/users/zhoushunyu/eqvae/experiments/prediction_target_toy_v4_main/seed20260808/D512/curv0p5/scale_unit_rms/loss_v/H1024,1.4914076328277588
512,0.5,unit_rms,1024,v,xeps_g0p1,xeps,0.1,0.0259210093096653,-5.543231964111328e-05,0.0063239093869924,-0.0040810885809039,-0.0196232869561599,0.0167472124478194,20260808,/data/users/zhoushunyu/eqvae/experiments/prediction_target_toy_v4_main/seed20260808/D512/curv0p5/scale_unit_rms/loss_v/H1024,1.4914076328277588
512,0.5,unit_rms,1024,v,xv_tan_g0p1,xv_tangent,0.1,0.0368835325873391,0.000342845916748,0.0060325702652335,0.0009846382744981,-0.0015486551278875,0.0034233307588151,20260808,/data/users/zhoushunyu/eqvae/experiments/prediction_target_toy_v4_main/seed20260808/D512/curv0p5/scale_unit_rms/loss_v/H1024,1.4914076328277588
512,0.5,unit_rms,1024,v,xv_normcomp_g0p1,xv_normal,0.1,0.0354994941239704,0.0002915859222412,0.006316574756056,0.0001757124372991,-0.0008273233955938,0.0012278408724357,20260808,/data/users/zhoushunyu/eqvae/experiments/prediction_target_toy_v4_main/seed20260808/D512/curv0p5/scale_unit_rms/loss_v/H1024,1.4914076328277588
512,0.5,unit_rms,1024,v,xv_g0p3,xv,0.3,0.040567568813323,0.0005011558532714,0.0073345615528523,0.0029213408545016,-0.0026105022488394,0.007891579231048,20260808,/data/users/zhoushunyu/eqvae/experiments/prediction_target_toy_v4_main/seed20260808/D512/curv0p5/scale_unit_rms/loss_v/H1024,1.4914076328277588
512,0.5,unit_rms,1024,v,xeps_g0p3,xeps,0.3,0.0513618995665236,0.0005856752395629,0.0068381358869373,0.0128121944422974,-0.0441042399763629,0.0554783240385856,20260808,/data/users/zhoushunyu/eqvae/experiments/prediction_target_toy_v4_main/seed20260808/D512/curv0p5/scale_unit_rms/loss_v/H1024,1.4914076328277588
512,0.5,unit_rms,1024,v,xv_tan_g0p3,xv_tangent,0.3,0.0396658349802512,0.000460147857666,0.0060113351792097,0.002633049514191,-0.0027287106111119,0.0073348710590149,20260808,/data/users/zhoushunyu/eqvae/experiments/prediction_target_toy_v4_main/seed20260808/D512/curv0p5/scale_unit_rms/loss_v/H1024,1.4914076328277588
512,0.5,unit_rms,1024,v,xv_normcomp_g0p3,xv_normal,0.3,0.0359937084326658,0.0003118515014648,0.0072860592044889,0.0006404041305106,-0.0014599763507468,0.0028786316111297,20260808,/data/users/zhoushunyu/eqvae/experiments/prediction_target_toy_v4_main/seed20260808/D512/curv0p5/scale_unit_rms/loss_v/H1024,1.4914076328277588
512,0.5,unit_rms,1024,v,xv_rms_etam0p03,xv_norm,-0.03,0.0332465452050342,0.0002188682556152,0.0303090177476406,-0.0007512577528237,-0.0032550827775392,0.002548058609523,20260808,/data/users/zhoushunyu/eqvae/experiments/prediction_target_toy_v4_main/seed20260808/D512/curv0p5/scale_unit_rms/loss_v/H1024,1.4914076328277588
512,0.5,unit_rms,1024,v,xv_rms_etam0p01,xv_norm,-0.01,0.0346424132791375,0.0002633333206176,0.0115413274616003,-0.000337060004487,-0.0013390415164553,0.0008111745485253,20260808,/data/users/zhoushunyu/eqvae/experiments/prediction_target_toy_v4_main/seed20260808/D512/curv0p5/scale_unit_rms/loss_v/H1024,1.4914076328277588
512,0.5,unit_rms,1024,v,xv_rms_eta0p01,xv_norm,0.01,0.0361525856270552,0.0003100633621215,0.011606115847826,0.0005730124549191,-0.0009381979161348,0.0020208750236962,20260808,/data/users/zhoushunyu/eqvae/experiments/prediction_target_toy_v4_main/seed20260808/D512/curv0p5/scale_unit_rms/loss_v/H1024,1.4914076328277588
512,0.5,unit_rms,1024,v,xv_rms_eta0p03,xv_norm,0.03,0.0407962611975432,0.0004370212554931,0.0142495417967438,0.0035640650170524,-0.0014340929200736,0.0078336998265602,20260808,/data/users/zhoushunyu/eqvae/experiments/prediction_target_toy_v4_main/seed20260808/D512/curv0p5/scale_unit_rms/loss_v/H1024,1.4914076328277588
512,0.5,unit_rms,128,v,x,x,0.0,0.0274718295848035,-1.811981201171875e-05,0.0196340810507535,0.0,0.0,0.0,20260808,/data/users/zhoushunyu/eqvae/experiments/prediction_target_toy_v4_main/seed20260808/D512/curv0p5/scale_unit_rms/loss_v/H128,1.4487783908843994
512,0.5,unit_rms,128,v,v,v,0.0,0.0387090804483,0.0004498958587646,0.9396872520446776,0.0085914061365083,-0.0148009420576338,0.0244256438263955,20260808,/data/users/zhoushunyu/eqvae/experiments/prediction_target_toy_v4_main/seed20260808/D512/curv0p5/scale_unit_rms/loss_v/H128,1.4487783908843994
512,0.5,unit_rms,128,v,eps,eps,0.0,1.4829364317812144,0.2807888686656952,42.9432373046875,1.4332299992868616,1.3775238457572996,1.4968105276889438,20260808,/data/users/zhoushunyu/eqvae/experiments/prediction_target_toy_v4_main/seed20260808/D512/curv0p5/scale_unit_rms/loss_v/H128,1.4487783908843994
512,0.5,unit_rms,128,v,oracle,oracle,0.0,0.0359542614287027,0.0001884698867797,0.0067939423024654,0.0054943301402974,-0.0099166464284218,0.0230734030194393,20260808,/data/users/zhoushunyu/eqvae/experiments/prediction_target_toy_v4_main/seed20260808/D512/curv0p5/scale_unit_rms/loss_v/H128,1.4487783908843994
512,0.5,unit_rms,128,v,xv_gm0p1,xv,-0.1,0.0272172488890805,-7.510185241699219e-06,0.0195767655968666,0.0001484649297528,-0.0021040415463944,0.0025704250546247,20260808,/data/users/zhoushunyu/eqvae/experiments/prediction_target_toy_v4_main/seed20260808/D512/curv0p5/scale_unit_rms/loss_v/H128,1.4487783908843994
512,0.5,unit_rms,128,v,xeps_gm0p1,xeps,-0.1,0.0322506177484163,1.9431114196777344e-05,0.0222116354852914,0.001199334897673,-0.0045299900620352,0.0068140016249864,20260808,/data/users/zhoushunyu/eqvae/experiments/prediction_target_toy_v4_main/seed20260808/D512/curv0p5/scale_unit_rms/loss_v/H128,1.4487783908843994
512,0.5,unit_rms,128,v,xv_tan_gm0p1,xv_tangent,-0.1,0.0271497189932263,-4.172325134277344e-06,0.0194010809063911,0.000197030199331,-0.0020987493510033,0.0025933107337434,20260808,/data/users/zhoushunyu/eqvae/experiments/prediction_target_toy_v4_main/seed20260808/D512/curv0p5/scale_unit_rms/loss_v/H128,1.4487783908843994
512,0.5,unit_rms,128,v,xv_normcomp_gm0p1,xv_normal,-0.1,0.027591450812828,-2.110004425048828e-05,0.0197471920400857,-0.0001029112552537,-0.0009711609233954,0.0006363318486732,20260808,/data/users/zhoushunyu/eqvae/experiments/prediction_target_toy_v4_main/seed20260808/D512/curv0p5/scale_unit_rms/loss_v/H128,1.4487783908843994
512,0.5,unit_rms,128,v,xv_gm0p03,xv,-0.03,0.027441383313291,-1.6570091247558594e-05,0.0195367857813835,2.120807360974537e-05,-0.0008990521615345,0.0006733153118214,20260808,/data/users/zhoushunyu/eqvae/experiments/prediction_target_toy_v4_main/seed20260808/D512/curv0p5/scale_unit_rms/loss_v/H128,1.4487783908843994
512,0.5,unit_rms,128,v,xeps_gm0p03,xeps,-0.03,0.0283319645953862,-1.049041748046875e-05,0.0200828667730093,-1.606307820413818e-05,-0.0019461302073417,0.0020046288229353,20260808,/data/users/zhoushunyu/eqvae/experiments/prediction_target_toy_v4_main/seed20260808/D512/curv0p5/scale_unit_rms/loss_v/H128,1.4487783908843994
512,0.5,unit_rms,128,v,xv_tan_gm0p03,xv_tangent,-0.03,0.0273557661454802,-1.2874603271484377e-05,0.019572839140892,3.3900725076573615e-05,-0.0008339505232562,0.0008582461328679,20260808,/data/users/zhoushunyu/eqvae/experiments/prediction_target_toy_v4_main/seed20260808/D512/curv0p5/scale_unit_rms/loss_v/H128,1.4487783908843994
512,0.5,unit_rms,128,v,xv_normcomp_gm0p03,xv_normal,-0.03,0.0275384543813881,-2.014636993408203e-05,0.0195943880826234,-2.0174140669733383e-05,-0.0003860846229875,0.0003052385455402,20260808,/data/users/zhoushunyu/eqvae/experiments/prediction_target_toy_v4_main/seed20260808/D512/curv0p5/scale_unit_rms/loss_v/H128,1.4487783908843994
512,0.5,unit_rms,128,v,xv_gm0p01,xv,-0.01,0.0273579750058626,-1.8596649169921875e-05,0.0195981599390506,-6.593720274559109e-06,-0.0004238827708838,0.0003394014187947,20260808,/data/users/zhoushunyu/eqvae/experiments/prediction_target_toy_v4_main/seed20260808/D512/curv0p5/scale_unit_rms/loss_v/H128,1.4487783908843994
512,0.5,unit_rms,128,v,xeps_gm0p01,xeps,-0.01,0.0276239509998087,-1.7404556274414062e-05,0.0197632629424333,-6.690221708832613e-05,-0.0010589855237614,0.0009665010497047,20260808,/data/users/zhoushunyu/eqvae/experiments/prediction_target_toy_v4_main/seed20260808/D512/curv0p5/scale_unit_rms/loss_v/H128,1.4487783908843994
512,0.5,unit_rms,128,v,xv_tan_gm0p01,xv_tangent,-0.01,0.0273203555484857,-1.919269561767578e-05,0.0196186862885952,3.1951034751145914e-06,-0.000324420233717,0.0003220161579594,20260808,/data/users/zhoushunyu/eqvae/experiments/prediction_target_toy_v4_main/seed20260808/D512/curv0p5/scale_unit_rms/loss_v/H128,1.4487783908843994
512,0.5,unit_rms,128,v,xv_normcomp_gm0p01,xv_normal,-0.01,0.0275321868836425,-1.7881393432617188e-05,0.019625624641776,-6.4641150259826805e-06,-0.0001978870841708,9.798876942965965e-05,20260808,/data/users/zhoushunyu/eqvae/experiments/prediction_target_toy_v4_main/seed20260808/D512/curv0p5/scale_unit_rms/loss_v/H128,1.4487783908843994
512,0.5,unit_rms,128,v,xv_g0p003,xv,0.003,0.0274647679099688,-1.895427703857422e-05,0.0196495484560728,-4.19032420468847e-06,-7.287671931450173e-05,5.883960077035245e-05,20260808,/data/users/zhoushunyu/eqvae/experiments/prediction_target_toy_v4_main/seed20260808/D512/curv0p5/scale_unit_rms/loss_v/H128,1.4487783908843994
512,0.5,unit_rms,128,v,xeps_g0p003,xeps,0.003,0.0274133717116645,-2.1338462829589844e-05,0.0196021273732185,2.414164803727258e-05,-0.0003146343542266,0.000375920530019,20260808,/data/users/zhoushunyu/eqvae/experiments/prediction_target_toy_v4_main/seed20260808/D512/curv0p5/scale_unit_rms/loss_v/H128,1.4487783908843994
512,0.5,unit_rms,128,v,xv_tan_g0p003,xv_tangent,0.003,0.0274746218061025,-1.8715858459472656e-05,0.0196425467729568,-5.3939386309991015e-06,-8.469544712550753e-05,5.740546828657769e-05,20260808,/data/users/zhoushunyu/eqvae/experiments/prediction_target_toy_v4_main/seed20260808/D512/curv0p5/scale_unit_rms/loss_v/H128,1.4487783908843994
512,0.5,unit_rms,128,v,xv_normcomp_g0p003,xv_normal,0.003,0.0274598533669252,-1.7762184143066406e-05,0.0196417346596717,3.775198876483643e-07,-1.8153981984560948e-05,2.184272051464417e-05,20260808,/data/users/zhoushunyu/eqvae/experiments/prediction_target_toy_v4_main/seed20260808/D512/curv0p5/scale_unit_rms/loss_v/H128,1.4487783908843994
512,0.5,unit_rms,128,v,xv_g0p01,xv,0.01,0.0275065009758161,-1.9550323486328125e-05,0.019681179895997,8.468309111857204e-06,-0.0002915392433037,0.0002729587888652,20260808,/data/users/zhoushunyu/eqvae/experiments/prediction_target_toy_v4_main/seed20260808/D512/curv0p5/scale_unit_rms/loss_v/H128,1.4487783908843994
512,0.5,unit_rms,128,v,xeps_g0p01,xeps,0.01,0.0272272716225979,-2.0742416381835938e-05,0.0194862093776464,2.3001294737714644e-05,-0.0009016046476545,0.0009792253661654,20260808,/data/users/zhoushunyu/eqvae/experiments/prediction_target_toy_v4_main/seed20260808/D512/curv0p5/scale_unit_rms/loss_v/H128,1.4487783908843994
512,0.5,unit_rms,128,v,xv_tan_g0p01,xv_tangent,0.01,0.0275297618411238,-1.9073486328125e-05,0.0196585226804018,-5.485029512367484e-06,-0.0002635603699492,0.0002539577657708,20260808,/data/users/zhoushunyu/eqvae/experiments/prediction_target_toy_v4_main/seed20260808/D512/curv0p5/scale_unit_rms/loss_v/H128,1.4487783908843994
512,0.5,unit_rms,128,v,xv_normcomp_g0p01,xv_normal,0.01,0.0274311696500517,-1.847743988037109e-05,0.0196612365543842,-5.175860853409015e-07,-6.612140124014517e-05,7.808616699692983e-05,20260808,/data/users/zhoushunyu/eqvae/experiments/prediction_target_toy_v4_main/seed20260808/D512/curv0p5/scale_unit_rms/loss_v/H128,1.4487783908843994
512,0.5,unit_rms,128,v,xv_g0p03,xv,0.03,0.0275169441775956,-2.1219253540039062e-05,0.0197898391634225,-3.074117725936114e-05,-0.0008305004469553,0.0008622963154031,20260808,/data/users/zhoushunyu/eqvae/experiments/prediction_target_toy_v4_main/seed20260808/D512/curv0p5/scale_unit_rms/loss_v/H128,1.4487783908843994
512,0.5,unit_rms,128,v,xeps_g0p03,xeps,0.03,0.027598372197087,-1.2278556823730469e-05,0.0193300768733024,0.0004928234062531,-0.0016757450078765,0.0035739162475649,20260808,/data/users/zhoushunyu/eqvae/experiments/prediction_target_toy_v4_main/seed20260808/D512/curv0p5/scale_unit_rms/loss_v/H128,1.4487783908843994
512,0.5,unit_rms,128,v,xv_tan_g0p03,xv_tangent,0.03,0.0276056196433972,-2.193450927734375e-05,0.0196850802749395,-1.988222363208378e-05,-0.0007879248519474,0.0007359233049006,20260808,/data/users/zhoushunyu/eqvae/experiments/prediction_target_toy_v4_main/seed20260808/D512/curv0p5/scale_unit_rms/loss_v/H128,1.4487783908843994
512,0.5,unit_rms,128,v,xv_normcomp_g0p03,xv_normal,0.03,0.0272992050419526,-1.621246337890625e-05,0.0197114627808332,4.48167190518902e-06,-0.0003153583646845,0.000321341661652,20260808,/data/users/zhoushunyu/eqvae/experiments/prediction_target_toy_v4_main/seed20260808/D512/curv0p5/scale_unit_rms/loss_v/H128,1.4487783908843994
512,0.5,unit_rms,128,v,xv_g0p1,xv,0.1,0.0279844284047786,-2.944469451904297e-05,0.0202370397746562,5.979117698749759e-07,-0.0023946578808979,0.0026275351669939,20260808,/data/users/zhoushunyu/eqvae/experiments/prediction_target_toy_v4_main/seed20260808/D512/curv0p5/scale_unit_rms/loss_v/H128,1.4487783908843994
512,0.5,unit_rms,128,v,xeps_g0p1,xeps,0.1,0.0302919894279854,5.114078521728516e-05,0.0186864789575338,0.003290418631118,-0.0049037493973602,0.0144886865815485,20260808,/data/users/zhoushunyu/eqvae/experiments/prediction_target_toy_v4_main/seed20260808/D512/curv0p5/scale_unit_rms/loss_v/H128,1.4487783908843994
512,0.5,unit_rms,128,v,xv_tan_g0p1,xv_tangent,0.1,0.0278819916091532,-3.266334533691406e-05,0.0198438130319118,-1.6647799245821312e-05,-0.0021088715974637,0.0025100228785453,20260808,/data/users/zhoushunyu/eqvae/experiments/prediction_target_toy_v4_main/seed20260808/D512/curv0p5/scale_unit_rms/loss_v/H128,1.4487783908843994
512,0.5,unit_rms,128,v,xv_normcomp_g0p1,xv_normal,0.1,0.0271239788561915,-1.6808509826660156e-05,0.0199608094990253,-2.5975172431230293e-05,-0.0008376605665145,0.0008909033337445,20260808,/data/users/zhoushunyu/eqvae/experiments/prediction_target_toy_v4_main/seed20260808/D512/curv0p5/scale_unit_rms/loss_v/H128,1.4487783908843994
512,0.5,unit_rms,128,v,xv_g0p3,xv,0.3,0.0305361951216758,-2.658367156982422e-05,0.021336380392313,0.0008738596317859,-0.0055291307218065,0.0082057589106253,20260808,/data/users/zhoushunyu/eqvae/experiments/prediction_target_toy_v4_main/seed20260808/D512/curv0p5/scale_unit_rms/loss_v/H128,1.4487783908843994
512,0.5,unit_rms,128,v,xeps_g0p3,xeps,0.3,0.078875708546169,0.0016216039657592,0.0166275333613157,0.0394572462822156,0.019769106527671,0.0626762697952794,20260808,/data/users/zhoushunyu/eqvae/experiments/prediction_target_toy_v4_main/seed20260808/D512/curv0p5/scale_unit_rms/loss_v/H128,1.4487783908843994
512,0.5,unit_rms,128,v,xv_tan_g0p3,xv_tangent,0.3,0.0302295225260977,-3.7789344787597656e-05,0.0203865133225917,0.0006318464491348,-0.0059404541468696,0.0081637535563603,20260808,/data/users/zhoushunyu/eqvae/experiments/prediction_target_toy_v4_main/seed20260808/D512/curv0p5/scale_unit_rms/loss_v/H128,1.4487783908843994
512,0.5,unit_rms,128,v,xv_normcomp_g0p3,xv_normal,0.3,0.0273515155427945,-1.9431114196777344e-05,0.0205859560519456,8.375967851244233e-05,-0.0015217326575695,0.0019064755761523,20260808,/data/users/zhoushunyu/eqvae/experiments/prediction_target_toy_v4_main/seed20260808/D512/curv0p5/scale_unit_rms/loss_v/H128,1.4487783908843994
512,0.5,unit_rms,128,v,xv_rms_etam0p03,xv_norm,-0.03,0.026761325896546,4.172325134277344e-06,0.0360694080591201,-0.0001651764374233,-0.0032486293039824,0.0022090764895645,20260808,/data/users/zhoushunyu/eqvae/experiments/prediction_target_toy_v4_main/seed20260808/D512/curv0p5/scale_unit_rms/loss_v/H128,1.4487783908843994
512,0.5,unit_rms,128,v,xv_rms_etam0p01,xv_norm,-0.01,0.0268789900235804,-1.2040138244628906e-05,0.0221080929040908,-0.0002033957759274,-0.0013480520506463,0.0006754462618216,20260808,/data/users/zhoushunyu/eqvae/experiments/prediction_target_toy_v4_main/seed20260808/D512/curv0p5/scale_unit_rms/loss_v/H128,1.4487783908843994
512,0.5,unit_rms,128,v,xv_rms_eta0p01,xv_norm,0.01,0.0286563575421228,-2.1338462829589844e-05,0.0235141050070524,0.0005491474459394,-0.0007172436528022,0.0018604513512187,20260808,/data/users/zhoushunyu/eqvae/experiments/prediction_target_toy_v4_main/seed20260808/D512/curv0p5/scale_unit_rms/loss_v/H128,1.4487783908843994
512,0.5,unit_rms,128,v,xv_rms_eta0p03,xv_norm,0.03,0.0351771872656107,-1.3709068298339844e-05,0.0274510085582733,0.0041316394506946,-0.0008742797167216,0.0085225332460623,20260808,/data/users/zhoushunyu/eqvae/experiments/prediction_target_toy_v4_main/seed20260808/D512/curv0p5/scale_unit_rms/loss_v/H128,1.4487783908843994
512,0.5,unit_rms,256,v,x,x,0.0,0.0355159822927336,0.0001564025878906,0.0078277215361595,0.0,0.0,0.0,20260808,/data/users/zhoushunyu/eqvae/experiments/prediction_target_toy_v4_main/seed20260808/D512/curv0p5/scale_unit_rms/loss_v/H256,1.4939064979553225
512,0.5,unit_rms,256,v,v,v,0.0,0.0269809654615919,4.2557716369628906e-05,0.8581985235214233,-0.0018086866618352,-0.0168946207507968,0.0146723407031793,20260808,/data/users/zhoushunyu/eqvae/experiments/prediction_target_toy_v4_main/seed20260808/D512/curv0p5/scale_unit_rms/loss_v/H256,1.4939064979553225
512,0.5,unit_rms,256,v,eps,eps,0.0,1.4962618435558452,0.2890231907367706,36.546966552734375,1.4232778811643394,1.3432569937135803,1.4939912922071137,20260808,/data/users/zhoushunyu/eqvae/experiments/prediction_target_toy_v4_main/seed20260808/D512/curv0p5/scale_unit_rms/loss_v/H256,1.4939064979553225
512,0.5,unit_rms,256,v,oracle,oracle,0.0,0.0332817810894296,9.21487808227539e-05,0.006805351935327,0.0038997926806731,-0.0199922719765683,0.029277906405637,20260808,/data/users/zhoushunyu/eqvae/experiments/prediction_target_toy_v4_main/seed20260808/D512/curv0p5/scale_unit_rms/loss_v/H256,1.4939064979553225
512,0.5,unit_rms,256,v,xv_gm0p1,xv,-0.1,0.0349949807409742,0.0001431703567504,0.0083074960857629,-0.0005444181163853,-0.0026710672526764,0.0013587612705964,20260808,/data/users/zhoushunyu/eqvae/experiments/prediction_target_toy_v4_main/seed20260808/D512/curv0p5/scale_unit_rms/loss_v/H256,1.4939064979553225
512,0.5,unit_rms,256,v,xeps_gm0p1,xeps,-0.1,0.0299157247375315,9.5367431640625e-06,0.0099064009264111,-0.003422444210002,-0.0156358464854689,0.010354564686798,20260808,/data/users/zhoushunyu/eqvae/experiments/prediction_target_toy_v4_main/seed20260808/D512/curv0p5/scale_unit_rms/loss_v/H256,1.4939064979553225
512,0.5,unit_rms,256,v,xv_tan_gm0p1,xv_tangent,-0.1,0.0346651380605227,0.0001429319381713,0.0077193081378936,-0.0005201579812133,-0.0024369836515947,0.001473259925451,20260808,/data/users/zhoushunyu/eqvae/experiments/prediction_target_toy_v4_main/seed20260808/D512/curv0p5/scale_unit_rms/loss_v/H256,1.4939064979553225
512,0.5,unit_rms,256,v,xv_normcomp_gm0p1,xv_normal,-0.1,0.0357224623199079,0.0001497268676757,0.0084074009209871,-5.155985563873089e-05,-0.0013073862833867,0.0010156898962099,20260808,/data/users/zhoushunyu/eqvae/experiments/prediction_target_toy_v4_main/seed20260808/D512/curv0p5/scale_unit_rms/loss_v/H256,1.4939064979553225
512,0.5,unit_rms,256,v,xv_gm0p03,xv,-0.03,0.0352093140893878,0.0001488924026489,0.007816863246262,-0.0002431419159824,-0.0012287870464489,0.0006303177589407,20260808,/data/users/zhoushunyu/eqvae/experiments/prediction_target_toy_v4_main/seed20260808/D512/curv0p5/scale_unit_rms/loss_v/H256,1.4939064979553225
512,0.5,unit_rms,256,v,xeps_gm0p03,xeps,-0.03,0.0331214156222919,8.893013000488281e-05,0.008096719160676,-0.001813045931184,-0.006082441238712,0.0030119327135087,20260808,/data/users/zhoushunyu/eqvae/experiments/prediction_target_toy_v4_main/seed20260808/D512/curv0p5/scale_unit_rms/loss_v/H256,1.4939064979553225
512,0.5,unit_rms,256,v,xv_tan_gm0p03,xv_tangent,-0.03,0.0353768743096175,0.000152587890625,0.0077975117601454,-0.000153561622611,-0.0010003582648771,0.0004811399550541,20260808,/data/users/zhoushunyu/eqvae/experiments/prediction_target_toy_v4_main/seed20260808/D512/curv0p5/scale_unit_rms/loss_v/H256,1.4939064979553225
512,0.5,unit_rms,256,v,xv_normcomp_gm0p03,xv_normal,-0.03,0.0354502806549776,0.0001523494720458,0.007838811725378,-3.720537243799573e-05,-0.0006876656988294,0.0005935493126978,20260808,/data/users/zhoushunyu/eqvae/experiments/prediction_target_toy_v4_main/seed20260808/D512/curv0p5/scale_unit_rms/loss_v/H256,1.4939064979553225
512,0.5,unit_rms,256,v,xv_gm0p01,xv,-0.01,0.035428213849428,0.0001523494720458,0.007818623445928,-5.54761237626427e-05,-0.0004230038470946,0.0004886480096073,20260808,/data/users/zhoushunyu/eqvae/experiments/prediction_target_toy_v4_main/seed20260808/D512/curv0p5/scale_unit_rms/loss_v/H256,1.4939064979553225
512,0.5,unit_rms,256,v,xeps_gm0p01,xeps,-0.01,0.0348846248496792,0.0001324415206909,0.0078238612040877,-0.0007081457683003,-0.0023796335579536,0.0009608192024671,20260808,/data/users/zhoushunyu/eqvae/experiments/prediction_target_toy_v4_main/seed20260808/D512/curv0p5/scale_unit_rms/loss_v/H256,1.4939064979553225
512,0.5,unit_rms,256,v,xv_tan_gm0p01,xv_tangent,-0.01,0.0355864535893657,0.0001566410064697,0.0078271897509694,-5.139493089548981e-05,-0.0003366250997676,0.0002603985122725,20260808,/data/users/zhoushunyu/eqvae/experiments/prediction_target_toy_v4_main/seed20260808/D512/curv0p5/scale_unit_rms/loss_v/H256,1.4939064979553225
512,0.5,unit_rms,256,v,xv_normcomp_gm0p01,xv_normal,-0.01,0.0355082238718673,0.0001553297042846,0.0078333644196391,-2.5124953168713106e-05,-0.0004269440843032,0.0004454616833049,20260808,/data/users/zhoushunyu/eqvae/experiments/prediction_target_toy_v4_main/seed20260808/D512/curv0p5/scale_unit_rms/loss_v/H256,1.4939064979553225
512,0.5,unit_rms,256,v,xv_g0p003,xv,0.003,0.0355573424736637,0.0001606941223144,0.0078329145908355,2.183558283948485e-05,-9.33420750951144e-05,0.000111336574272,20260808,/data/users/zhoushunyu/eqvae/experiments/prediction_target_toy_v4_main/seed20260808/D512/curv0p5/scale_unit_rms/loss_v/H256,1.4939064979553225
512,0.5,unit_rms,256,v,xeps_g0p003,xeps,0.003,0.0359492310931377,0.0001682043075561,0.0077959890477359,0.0002817524073261,-0.0003502729978622,0.0009989811742697,20260808,/data/users/zhoushunyu/eqvae/experiments/prediction_target_toy_v4_main/seed20260808/D512/curv0p5/scale_unit_rms/loss_v/H256,1.4939064979553225
512,0.5,unit_rms,256,v,xv_tan_g0p003,xv_tangent,0.003,0.035548779091505,0.0001595020294189,0.0078292675316333,1.6457455311403233e-05,-6.905781121400653e-05,7.915905452596395e-05,20260808,/data/users/zhoushunyu/eqvae/experiments/prediction_target_toy_v4_main/seed20260808/D512/curv0p5/scale_unit_rms/loss_v/H256,1.4939064979553225
512,0.5,unit_rms,256,v,xv_normcomp_g0p003,xv_normal,0.003,0.0355245744926496,0.0001575946807861,0.0078307259827852,4.12497017959465e-06,-2.19261107647405e-05,3.454534554679256e-05,20260808,/data/users/zhoushunyu/eqvae/experiments/prediction_target_toy_v4_main/seed20260808/D512/curv0p5/scale_unit_rms/loss_v/H256,1.4939064979553225
512,0.5,unit_rms,256,v,xv_g0p01,xv,0.01,0.0356516092277796,0.0001611709594726,0.0078439088538289,7.92443891729712e-05,-0.0002749201520969,0.0004001330440136,20260808,/data/users/zhoushunyu/eqvae/experiments/prediction_target_toy_v4_main/seed20260808/D512/curv0p5/scale_unit_rms/loss_v/H256,1.4939064979553225
512,0.5,unit_rms,256,v,xeps_g0p01,xeps,0.01,0.0369311363681828,0.0001971721649169,0.0077455160208046,0.0009338360837101,-0.0010079923001338,0.0027336889651437,20260808,/data/users/zhoushunyu/eqvae/experiments/prediction_target_toy_v4_main/seed20260808/D512/curv0p5/scale_unit_rms/loss_v/H256,1.4939064979553225
512,0.5,unit_rms,256,v,xv_tan_g0p01,xv_tangent,0.01,0.0356275818464157,0.0001610517501831,0.007838699966669,5.891257029862984e-05,-0.0001928749036001,0.0002465416902516,20260808,/data/users/zhoushunyu/eqvae/experiments/prediction_target_toy_v4_main/seed20260808/D512/curv0p5/scale_unit_rms/loss_v/H256,1.4939064979553225
512,0.5,unit_rms,256,v,xv_normcomp_g0p01,xv_normal,0.01,0.0355440135655776,0.0001612901687622,0.0078365318477153,2.61862236457594e-05,-0.0001435126634578,0.0002878705771937,20260808,/data/users/zhoushunyu/eqvae/experiments/prediction_target_toy_v4_main/seed20260808/D512/curv0p5/scale_unit_rms/loss_v/H256,1.4939064979553225
512,0.5,unit_rms,256,v,xv_g0p03,xv,0.03,0.0360724932515549,0.0001715421676635,0.0078698713332414,0.0002747829430157,-0.0005801684295394,0.0009259690271871,20260808,/data/users/zhoushunyu/eqvae/experiments/prediction_target_toy_v4_main/seed20260808/D512/curv0p5/scale_unit_rms/loss_v/H256,1.4939064979553225
512,0.5,unit_rms,256,v,xeps_g0p03,xeps,0.03,0.0397016417922947,0.00027596950531,0.0075554684735834,0.0028898789577876,-0.0024432270278077,0.006944923319464,20260808,/data/users/zhoushunyu/eqvae/experiments/prediction_target_toy_v4_main/seed20260808/D512/curv0p5/scale_unit_rms/loss_v/H256,1.4939064979553225
512,0.5,unit_rms,256,v,xv_tan_g0p03,xv_tangent,0.03,0.0360105688600351,0.0001680850982666,0.007840234786272,0.0002351414090743,-0.0005552462490227,0.00078155193206,20260808,/data/users/zhoushunyu/eqvae/experiments/prediction_target_toy_v4_main/seed20260808/D512/curv0p5/scale_unit_rms/loss_v/H256,1.4939064979553225
512,0.5,unit_rms,256,v,xv_normcomp_g0p03,xv_normal,0.03,0.0356661218811329,0.0001627206802368,0.0078562209382653,6.635078119061548e-05,-0.0002266101043865,0.0005113896782428,20260808,/data/users/zhoushunyu/eqvae/experiments/prediction_target_toy_v4_main/seed20260808/D512/curv0p5/scale_unit_rms/loss_v/H256,1.4939064979553225
512,0.5,unit_rms,256,v,xv_g0p1,xv,0.1,0.0370335104120619,0.0001907348632812,0.0081495521590113,0.0010940444824016,-0.001090778041464,0.002823757628392,20260808,/data/users/zhoushunyu/eqvae/experiments/prediction_target_toy_v4_main/seed20260808/D512/curv0p5/scale_unit_rms/loss_v/H256,1.4939064979553225
512,0.5,unit_rms,256,v,xeps_g0p1,xeps,0.1,0.0556108399880637,0.0007541179656982,0.0073913573287427,0.0155706085534197,0.0015058339286424,0.0247533215738146,20260808,/data/users/zhoushunyu/eqvae/experiments/prediction_target_toy_v4_main/seed20260808/D512/curv0p5/scale_unit_rms/loss_v/H256,1.4939064979553225
512,0.5,unit_rms,256,v,xv_tan_g0p1,xv_tangent,0.1,0.036774986715076,0.000180959701538,0.0079777333885431,0.0008187195621494,-0.0012368988603505,0.0026012276796819,20260808,/data/users/zhoushunyu/eqvae/experiments/prediction_target_toy_v4_main/seed20260808/D512/curv0p5/scale_unit_rms/loss_v/H256,1.4939064979553225
512,0.5,unit_rms,256,v,xv_normcomp_g0p1,xv_normal,0.1,0.0360270470560009,0.0001728534698486,0.0080384202301502,0.000196654550958,-0.0006942446878114,0.0010244077147814,20260808,/data/users/zhoushunyu/eqvae/experiments/prediction_target_toy_v4_main/seed20260808/D512/curv0p5/scale_unit_rms/loss_v/H256,1.4939064979553225
512,0.5,unit_rms,256,v,xv_g0p3,xv,0.3,0.0402937939996223,0.0002728700637817,0.008816035464406,0.0026322422456449,-0.0022356783560171,0.0072426765106222,20260808,/data/users/zhoushunyu/eqvae/experiments/prediction_target_toy_v4_main/seed20260808/D512/curv0p5/scale_unit_rms/loss_v/H256,1.4939064979553225
512,0.5,unit_rms,256,v,xeps_g0p3,xeps,0.3,0.1229934997245467,0.0046923160552978,0.006913190241903,0.0762391309061839,0.0558708662007798,0.0947174071002715,20260808,/data/users/zhoushunyu/eqvae/experiments/prediction_target_toy_v4_main/seed20260808/D512/curv0p5/scale_unit_rms/loss_v/H256,1.4939064979553225
512,0.5,unit_rms,256,v,xv_tan_g0p3,xv_tangent,0.3,0.0396011344270838,0.0002433061599731,0.0082600880414247,0.0024524635106639,-0.0021346967726732,0.0061887379909638,20260808,/data/users/zhoushunyu/eqvae/experiments/prediction_target_toy_v4_main/seed20260808/D512/curv0p5/scale_unit_rms/loss_v/H256,1.4939064979553225
512,0.5,unit_rms,256,v,xv_normcomp_g0p3,xv_normal,0.3,0.0368100038434394,0.0002051591873168,0.0084650609642267,0.0007089039897127,-0.000900999274566,0.0025188551123162,20260808,/data/users/zhoushunyu/eqvae/experiments/prediction_target_toy_v4_main/seed20260808/D512/curv0p5/scale_unit_rms/loss_v/H256,1.4939064979553225
512,0.5,unit_rms,256,v,xv_rms_etam0p03,xv_norm,-0.03,0.0336227074671392,0.0001322031021118,0.0310675781220197,-0.0009951404229633,-0.002706944997659,0.0012716182364644,20260808,/data/users/zhoushunyu/eqvae/experiments/prediction_target_toy_v4_main/seed20260808/D512/curv0p5/scale_unit_rms/loss_v/H256,1.4939064979553225
512,0.5,unit_rms,256,v,xv_rms_etam0p01,xv_norm,-0.01,0.0346743866409648,0.0001437664031982,0.0128299118950963,-0.000453744852153,-0.0011429871972729,0.0004566237966569,20260808,/data/users/zhoushunyu/eqvae/experiments/prediction_target_toy_v4_main/seed20260808/D512/curv0p5/scale_unit_rms/loss_v/H256,1.4939064979553225
512,0.5,unit_rms,256,v,xv_rms_eta0p01,xv_norm,0.01,0.0371435012629555,0.0001808404922485,0.012748833745718,0.000911488252488,-0.0006892550029203,0.0019308078329768,20260808,/data/users/zhoushunyu/eqvae/experiments/prediction_target_toy_v4_main/seed20260808/D512/curv0p5/scale_unit_rms/loss_v/H256,1.4939064979553225
512,0.5,unit_rms,256,v,xv_rms_eta0p03,xv_norm,0.03,0.0447087058080283,0.000277042388916,0.014725443907082,0.006076692322287,0.0001623724853985,0.0100786051601875,20260808,/data/users/zhoushunyu/eqvae/experiments/prediction_target_toy_v4_main/seed20260808/D512/curv0p5/scale_unit_rms/loss_v/H256,1.4939064979553225
512,0.5,unit_rms,512,v,x,x,0.0,0.036030707027461,0.0002926588058471,0.0048935119993984,0.0,0.0,0.0,20260808,/data/users/zhoushunyu/eqvae/experiments/prediction_target_toy_v4_main/seed20260808/D512/curv0p5/scale_unit_rms/loss_v/H512,1.480807900428772
512,0.5,unit_rms,512,v,v,v,0.0,0.0396466711466894,0.0004246234893798,0.6839551329612732,0.0022554116232204,-0.0112727957809622,0.0139385335001835,20260808,/data/users/zhoushunyu/eqvae/experiments/prediction_target_toy_v4_main/seed20260808/D512/curv0p5/scale_unit_rms/loss_v/H512,1.480807900428772
512,0.5,unit_rms,512,v,eps,eps,0.0,1.5131129099449088,0.2703540325164795,21.584381103515625,1.4830610255805643,1.3995382983613611,1.5494034229360962,20260808,/data/users/zhoushunyu/eqvae/experiments/prediction_target_toy_v4_main/seed20260808/D512/curv0p5/scale_unit_rms/loss_v/H512,1.480807900428772
512,0.5,unit_rms,512,v,oracle,oracle,0.0,0.0378374093913947,0.0003697872161865,0.0067917415872216,0.0018654141525421,-0.0145861637814896,0.0183945863927489,20260808,/data/users/zhoushunyu/eqvae/experiments/prediction_target_toy_v4_main/seed20260808/D512/curv0p5/scale_unit_rms/loss_v/H512,1.480807900428772
512,0.5,unit_rms,512,v,xv_gm0p1,xv,-0.1,0.0347284903529192,0.0002627372741699,0.0057509895414114,-0.0002396418998815,-0.0021240645759691,0.0016510957829311,20260808,/data/users/zhoushunyu/eqvae/experiments/prediction_target_toy_v4_main/seed20260808/D512/curv0p5/scale_unit_rms/loss_v/H512,1.480807900428772
512,0.5,unit_rms,512,v,xeps_gm0p1,xeps,-0.1,0.0219454319084363,-0.0001003742218017,0.0068097691982984,0.0039004240414149,-0.0217323894697733,0.0244287804294649,20260808,/data/users/zhoushunyu/eqvae/experiments/prediction_target_toy_v4_main/seed20260808/D512/curv0p5/scale_unit_rms/loss_v/H512,1.480807900428772
512,0.5,unit_rms,512,v,xv_tan_gm0p1,xv_tangent,-0.1,0.0349064942957439,0.0002673864364624,0.0049599683843553,-0.0002010590561695,-0.0021937849780702,0.0012266790004296,20260808,/data/users/zhoushunyu/eqvae/experiments/prediction_target_toy_v4_main/seed20260808/D512/curv0p5/scale_unit_rms/loss_v/H512,1.480807900428772
512,0.5,unit_rms,512,v,xv_normcomp_gm0p1,xv_normal,-0.1,0.0355118626801442,0.0002816915512084,0.0057240636087954,-2.70979946898163e-05,-0.0009500270851962,0.0006978990248428,20260808,/data/users/zhoushunyu/eqvae/experiments/prediction_target_toy_v4_main/seed20260808/D512/curv0p5/scale_unit_rms/loss_v/H512,1.480807900428772
512,0.5,unit_rms,512,v,xv_gm0p03,xv,-0.03,0.0357853693055739,0.0002892017364501,0.0050010727718472,-9.864573106684836e-06,-0.0006903245603402,0.0007112211942099,20260808,/data/users/zhoushunyu/eqvae/experiments/prediction_target_toy_v4_main/seed20260808/D512/curv0p5/scale_unit_rms/loss_v/H512,1.480807900428772
512,0.5,unit_rms,512,v,xeps_gm0p03,xeps,-0.03,0.0248573446736861,2.384185791015625e-05,0.0052617057226598,-0.0025388970366106,-0.0105841006863278,0.0048760763602898,20260808,/data/users/zhoushunyu/eqvae/experiments/prediction_target_toy_v4_main/seed20260808/D512/curv0p5/scale_unit_rms/loss_v/H512,1.480807900428772
512,0.5,unit_rms,512,v,xv_tan_gm0p03,xv_tangent,-0.03,0.0359397837670195,0.0002909898757934,0.004893647506833,2.1302991708074463e-05,-0.0007766867320118,0.0007543388482789,20260808,/data/users/zhoushunyu/eqvae/experiments/prediction_target_toy_v4_main/seed20260808/D512/curv0p5/scale_unit_rms/loss_v/H512,1.480807900428772
512,0.5,unit_rms,512,v,xv_normcomp_gm0p03,xv_normal,-0.03,0.0358877212053533,0.0002864599227905,0.004961784929037,2.6774504292277067e-05,-0.0003758642101827,0.0004426473891012,20260808,/data/users/zhoushunyu/eqvae/experiments/prediction_target_toy_v4_main/seed20260808/D512/curv0p5/scale_unit_rms/loss_v/H512,1.480807900428772
512,0.5,unit_rms,512,v,xv_gm0p01,xv,-0.01,0.0359290904117969,0.0002903938293457,0.0049025183543562,2.24734029329321e-07,-0.0003779494513567,0.0004057819806025,20260808,/data/users/zhoushunyu/eqvae/experiments/prediction_target_toy_v4_main/seed20260808/D512/curv0p5/scale_unit_rms/loss_v/H512,1.480807900428772
512,0.5,unit_rms,512,v,xeps_gm0p01,xeps,-0.01,0.0317869796888977,0.0001841783523559,0.0049922317266464,-0.0011853465065438,-0.0038105761733567,0.0012938710979492,20260808,/data/users/zhoushunyu/eqvae/experiments/prediction_target_toy_v4_main/seed20260808/D512/curv0p5/scale_unit_rms/loss_v/H512,1.480807900428772
512,0.5,unit_rms,512,v,xv_tan_gm0p01,xv_tangent,-0.01,0.0360512888724561,0.0002920627593994,0.0049012876115739,1.3241450359473204e-05,-0.0003242326634855,0.0004502806939772,20260808,/data/users/zhoushunyu/eqvae/experiments/prediction_target_toy_v4_main/seed20260808/D512/curv0p5/scale_unit_rms/loss_v/H512,1.480807900428772
512,0.5,unit_rms,512,v,xv_normcomp_gm0p01,xv_normal,-0.01,0.0359854023909771,0.0002901554107666,0.0049160732887685,-1.2017713809478678e-05,-0.0002514463662645,6.686877025237497e-05,20260808,/data/users/zhoushunyu/eqvae/experiments/prediction_target_toy_v4_main/seed20260808/D512/curv0p5/scale_unit_rms/loss_v/H512,1.480807900428772
512,0.5,unit_rms,512,v,xv_g0p003,xv,0.003,0.0360367543793675,0.0002926588058471,0.0048915036022663,1.6827811618817106e-06,-3.015329456490697e-05,4.078849759685738e-05,20260808,/data/users/zhoushunyu/eqvae/experiments/prediction_target_toy_v4_main/seed20260808/D512/curv0p5/scale_unit_rms/loss_v/H512,1.480807900428772
512,0.5,unit_rms,512,v,xeps_g0p003,xeps,0.003,0.0371097556393989,0.0003217458724975,0.0048738224431872,0.0004405365361051,-0.0007777633468407,0.001750837021029,20260808,/data/users/zhoushunyu/eqvae/experiments/prediction_target_toy_v4_main/seed20260808/D512/curv0p5/scale_unit_rms/loss_v/H512,1.480807900428772
512,0.5,unit_rms,512,v,xv_tan_g0p003,xv_tangent,0.003,0.0360342798997247,0.0002925395965576,0.0048902821727097,2.9174438383616774e-06,-1.9917710167436518e-05,3.5178634919248715e-05,20260808,/data/users/zhoushunyu/eqvae/experiments/prediction_target_toy_v4_main/seed20260808/D512/curv0p5/scale_unit_rms/loss_v/H512,1.480807900428772
512,0.5,unit_rms,512,v,xv_normcomp_g0p003,xv_normal,0.003,0.0360333196754194,0.0002930164337158,0.0048919836990535,-1.1332504999496397e-07,-1.1065518488372237e-05,2.252828214526801e-05,20260808,/data/users/zhoushunyu/eqvae/experiments/prediction_target_toy_v4_main/seed20260808/D512/curv0p5/scale_unit_rms/loss_v/H512,1.480807900428772
512,0.5,unit_rms,512,v,xv_g0p01,xv,0.01,0.0360000178109533,0.0002918243408203,0.0049173925071954,-7.276637414356121e-05,-0.0005873939001059,0.0001705263221775,20260808,/data/users/zhoushunyu/eqvae/experiments/prediction_target_toy_v4_main/seed20260808/D512/curv0p5/scale_unit_rms/loss_v/H512,1.480807900428772
512,0.5,unit_rms,512,v,xeps_g0p01,xeps,0.01,0.0392787293376675,0.0003879070281982,0.0048794685862958,0.0013416817327211,-0.0011864898867412,0.0036544423930104,20260808,/data/users/zhoushunyu/eqvae/experiments/prediction_target_toy_v4_main/seed20260808/D512/curv0p5/scale_unit_rms/loss_v/H512,1.480807900428772
512,0.5,unit_rms,512,v,xv_tan_g0p01,xv_tangent,0.01,0.0359797546743109,0.0002917051315307,0.0049154446460306,-5.274440363207768e-05,-0.0004615835749908,0.0001476173762256,20260808,/data/users/zhoushunyu/eqvae/experiments/prediction_target_toy_v4_main/seed20260808/D512/curv0p5/scale_unit_rms/loss_v/H512,1.480807900428772
512,0.5,unit_rms,512,v,xv_normcomp_g0p01,xv_normal,0.01,0.0360403059155289,0.0002944469451904,0.0048973923549056,-5.06593595663532e-06,-0.0003192841942167,5.132899807859287e-05,20260808,/data/users/zhoushunyu/eqvae/experiments/prediction_target_toy_v4_main/seed20260808/D512/curv0p5/scale_unit_rms/loss_v/H512,1.480807900428772
512,0.5,unit_rms,512,v,xv_g0p03,xv,0.03,0.0361438854071269,0.0002926588058471,0.0049521191976964,-2.722232074089601e-05,-0.0007298688624958,0.0007850764431374,20260808,/data/users/zhoushunyu/eqvae/experiments/prediction_target_toy_v4_main/seed20260808/D512/curv0p5/scale_unit_rms/loss_v/H512,1.480807900428772
512,0.5,unit_rms,512,v,xeps_g0p03,xeps,0.03,0.047314707349842,0.0006474256515502,0.0048622516915202,0.0054248463879767,-0.0016673616415764,0.0113653172685058,20260808,/data/users/zhoushunyu/eqvae/experiments/prediction_target_toy_v4_main/seed20260808/D512/curv0p5/scale_unit_rms/loss_v/H512,1.480807900428772
512,0.5,unit_rms,512,v,xv_tan_g0p03,xv_tangent,0.03,0.0361388765337066,0.0002952814102172,0.0049191475845873,-3.260078664983894e-05,-0.0006601952027898,0.0005817540872464,20260808,/data/users/zhoushunyu/eqvae/experiments/prediction_target_toy_v4_main/seed20260808/D512/curv0p5/scale_unit_rms/loss_v/H512,1.480807900428772
512,0.5,unit_rms,512,v,xv_normcomp_g0p03,xv_normal,0.03,0.0360139140239116,0.0002917051315307,0.004935270640999,-1.3655873845179258e-05,-0.0004539474572127,0.0005090150157598,20260808,/data/users/zhoushunyu/eqvae/experiments/prediction_target_toy_v4_main/seed20260808/D512/curv0p5/scale_unit_rms/loss_v/H512,1.480807900428772
512,0.5,unit_rms,512,v,xv_g0p1,xv,0.1,0.0356552895389833,0.000282883644104,0.0052680727094411,-1.246434126952408e-05,-0.0016633202877569,0.0019500635439675,20260808,/data/users/zhoushunyu/eqvae/experiments/prediction_target_toy_v4_main/seed20260808/D512/curv0p5/scale_unit_rms/loss_v/H512,1.480807900428772
512,0.5,unit_rms,512,v,xeps_g0p1,xeps,0.1,0.0752030284817419,0.0019291639328002,0.0048368289135396,0.0249552931022878,0.0061532085404495,0.0368750190935019,20260808,/data/users/zhoushunyu/eqvae/experiments/prediction_target_toy_v4_main/seed20260808/D512/curv0p5/scale_unit_rms/loss_v/H512,1.480807900428772
512,0.5,unit_rms,512,v,xv_tan_g0p1,xv_tangent,0.1,0.0360768192412676,0.0002954006195068,0.0049641509540379,8.734214008841931e-06,-0.0010830304674628,0.0014433178863844,20260808,/data/users/zhoushunyu/eqvae/experiments/prediction_target_toy_v4_main/seed20260808/D512/curv0p5/scale_unit_rms/loss_v/H512,1.480807900428772
512,0.5,unit_rms,512,v,xv_normcomp_g0p1,xv_normal,0.1,0.0360575134052941,0.000291109085083,0.005167594179511,-0.0001069133154774,-0.0008677869782751,0.0007128672554823,20260808,/data/users/zhoushunyu/eqvae/experiments/prediction_target_toy_v4_main/seed20260808/D512/curv0p5/scale_unit_rms/loss_v/H512,1.480807900428772
512,0.5,unit_rms,512,v,xv_g0p3,xv,0.3,0.0360672844505812,0.0002815723419189,0.0058721816167235,0.0003397993075063,-0.0041972720718231,0.0042686938962586,20260808,/data/users/zhoushunyu/eqvae/experiments/prediction_target_toy_v4_main/seed20260808/D512/curv0p5/scale_unit_rms/loss_v/H512,1.480807900428772
512,0.5,unit_rms,512,v,xeps_g0p3,xeps,0.3,0.1657928972862035,0.0100468397140502,0.0045171249657869,0.1049160108830504,0.0774034067504655,0.1220522511963634,20260808,/data/users/zhoushunyu/eqvae/experiments/prediction_target_toy_v4_main/seed20260808/D512/curv0p5/scale_unit_rms/loss_v/H512,1.480807900428772
512,0.5,unit_rms,512,v,xv_tan_g0p3,xv_tangent,0.3,0.035799554385911,0.000281810760498,0.0050363764166831,0.000425592210361,-0.0032016565214559,0.0044833957264604,20260808,/data/users/zhoushunyu/eqvae/experiments/prediction_target_toy_v4_main/seed20260808/D512/curv0p5/scale_unit_rms/loss_v/H512,1.480807900428772
512,0.5,unit_rms,512,v,xv_normcomp_g0p3,xv_normal,0.3,0.0358957916968538,0.0002858638763427,0.0058501586318016,-8.728729861257764e-05,-0.0019549915041894,0.0018457492399782,20260808,/data/users/zhoushunyu/eqvae/experiments/prediction_target_toy_v4_main/seed20260808/D512/curv0p5/scale_unit_rms/loss_v/H512,1.480807900428772
512,0.5,unit_rms,512,v,xv_rms_etam0p03,xv_norm,-0.03,0.0357296371691713,0.0002914667129516,0.0304555725306272,-0.0001698654954125,-0.0021958011322591,0.0013386747168995,20260808,/data/users/zhoushunyu/eqvae/experiments/prediction_target_toy_v4_main/seed20260808/D512/curv0p5/scale_unit_rms/loss_v/H512,1.480807900428772
512,0.5,unit_rms,512,v,xv_rms_etam0p01,xv_norm,-0.01,0.0359550841007458,0.0002946853637695,0.0112450756132602,-0.0001005387498883,-0.0009423475307304,0.0005854313616344,20260808,/data/users/zhoushunyu/eqvae/experiments/prediction_target_toy_v4_main/seed20260808/D512/curv0p5/scale_unit_rms/loss_v/H512,1.480807900428772
512,0.5,unit_rms,512,v,xv_rms_eta0p01,xv_norm,0.01,0.0361071845972326,0.0002880096435546,0.0106688030064105,0.0001836861055194,-0.000789195399107,0.0013931824196993,20260808,/data/users/zhoushunyu/eqvae/experiments/prediction_target_toy_v4_main/seed20260808/D512/curv0p5/scale_unit_rms/loss_v/H512,1.480807900428772
512,0.5,unit_rms,512,v,xv_rms_eta0p03,xv_norm,0.03,0.0399827153575465,0.0003478527069091,0.0110784824937582,0.0036010367568682,-0.0015218346227949,0.0088819141079919,20260808,/data/users/zhoushunyu/eqvae/experiments/prediction_target_toy_v4_main/seed20260808/D512/curv0p5/scale_unit_rms/loss_v/H512,1.480807900428772
512,0.5,unit_rms,64,v,x,x,0.0,0.0488026691470472,0.00044846534729,0.0268028825521469,0.0,0.0,0.0,20260808,/data/users/zhoushunyu/eqvae/experiments/prediction_target_toy_v4_main/seed20260808/D512/curv0p5/scale_unit_rms/loss_v/H64,1.5113614797592163
512,0.5,unit_rms,64,v,v,v,0.0,0.0430269810706167,0.0006763935089111,0.9693830609321594,-0.0055004349149085,-0.0228959329220959,0.0133955801753334,20260808,/data/users/zhoushunyu/eqvae/experiments/prediction_target_toy_v4_main/seed20260808/D512/curv0p5/scale_unit_rms/loss_v/H64,1.5113614797592163
512,0.5,unit_rms,64,v,eps,eps,0.0,1.4987414461125557,0.2820782959461212,45.93277359008789,1.4091943617777531,1.3435165151670303,1.4832010295350018,20260808,/data/users/zhoushunyu/eqvae/experiments/prediction_target_toy_v4_main/seed20260808/D512/curv0p5/scale_unit_rms/loss_v/H64,1.5113614797592163
512,0.5,unit_rms,64,v,oracle,oracle,0.0,0.0464629310813915,0.0004711151123046,0.006843410898,-0.0027615533310874,-0.022586085422886,0.012863241947318,20260808,/data/users/zhoushunyu/eqvae/experiments/prediction_target_toy_v4_main/seed20260808/D512/curv0p5/scale_unit_rms/loss_v/H64,1.5113614797592163
512,0.5,unit_rms,64,v,xv_gm0p1,xv,-0.1,0.0471374494902548,0.0004439353942871,0.0266104079782962,-0.0017306724110368,-0.0040834452085549,0.000957968307062,20260808,/data/users/zhoushunyu/eqvae/experiments/prediction_target_toy_v4_main/seed20260808/D512/curv0p5/scale_unit_rms/loss_v/H64,1.5113614797592163
512,0.5,unit_rms,64,v,xeps_gm0p1,xeps,-0.1,0.047733357543849,0.0003657341003417,0.0323233157396316,0.0001726027804047,-0.0055160794408662,0.0054672679955037,20260808,/data/users/zhoushunyu/eqvae/experiments/prediction_target_toy_v4_main/seed20260808/D512/curv0p5/scale_unit_rms/loss_v/H64,1.5113614797592163
512,0.5,unit_rms,64,v,xv_tan_gm0p1,xv_tangent,-0.1,0.0474455505959427,0.0004526376724243,0.0256818663328886,-0.001497129602926,-0.0037466431892312,0.0005929813654236,20260808,/data/users/zhoushunyu/eqvae/experiments/prediction_target_toy_v4_main/seed20260808/D512/curv0p5/scale_unit_rms/loss_v/H64,1.5113614797592163
512,0.5,unit_rms,64,v,xv_normcomp_gm0p1,xv_normal,-0.1,0.0484534641823213,0.0004364252090454,0.0276400297880172,-0.0003519105929361,-0.0011692600679812,0.0004574844862494,20260808,/data/users/zhoushunyu/eqvae/experiments/prediction_target_toy_v4_main/seed20260808/D512/curv0p5/scale_unit_rms/loss_v/H64,1.5113614797592163
512,0.5,unit_rms,64,v,xv_gm0p03,xv,-0.03,0.0483805012613862,0.0004456043243408,0.0265524201095104,-0.0006110135920145,-0.0017235961168131,0.0002819497238011,20260808,/data/users/zhoushunyu/eqvae/experiments/prediction_target_toy_v4_main/seed20260808/D512/curv0p5/scale_unit_rms/loss_v/H64,1.5113614797592163
512,0.5,unit_rms,64,v,xeps_gm0p03,xeps,-0.03,0.0486422280540107,0.0004245042800903,0.0280646998435258,7.042941345105844e-05,-0.0018503274419232,0.0020852372646436,20260808,/data/users/zhoushunyu/eqvae/experiments/prediction_target_toy_v4_main/seed20260808/D512/curv0p5/scale_unit_rms/loss_v/H64,1.5113614797592163
512,0.5,unit_rms,64,v,xv_tan_gm0p03,xv_tangent,-0.03,0.0484635642547046,0.0004495382308959,0.026436511427164,-0.0004638468344987,-0.0013877010543725,0.0002214173240159,20260808,/data/users/zhoushunyu/eqvae/experiments/prediction_target_toy_v4_main/seed20260808/D512/curv0p5/scale_unit_rms/loss_v/H64,1.5113614797592163
512,0.5,unit_rms,64,v,xv_normcomp_gm0p03,xv_normal,-0.03,0.0486712032099271,0.0004453659057617,0.0269238241016864,-0.0001261427136588,-0.0004879084285708,0.00030556320852,20260808,/data/users/zhoushunyu/eqvae/experiments/prediction_target_toy_v4_main/seed20260808/D512/curv0p5/scale_unit_rms/loss_v/H64,1.5113614797592163
512,0.5,unit_rms,64,v,xv_gm0p01,xv,-0.01,0.0486337611940153,0.0004463195800781,0.026712529361248,-0.0002272594796133,-0.0007577973834911,0.0001198480426388,20260808,/data/users/zhoushunyu/eqvae/experiments/prediction_target_toy_v4_main/seed20260808/D512/curv0p5/scale_unit_rms/loss_v/H64,1.5113614797592163
512,0.5,unit_rms,64,v,xeps_gm0p01,xeps,-0.01,0.0486774567813508,0.0004390478134155,0.0271702259778976,1.0325953529396956e-05,-0.0005590227503282,0.0005370167204388,20260808,/data/users/zhoushunyu/eqvae/experiments/prediction_target_toy_v4_main/seed20260808/D512/curv0p5/scale_unit_rms/loss_v/H64,1.5113614797592163
512,0.5,unit_rms,64,v,xv_tan_gm0p01,xv_tangent,-0.01,0.0486640029557583,0.0004479885101318,0.0266792997717857,-0.000171132859072,-0.0005505492532817,0.0001065313702266,20260808,/data/users/zhoushunyu/eqvae/experiments/prediction_target_toy_v4_main/seed20260808/D512/curv0p5/scale_unit_rms/loss_v/H64,1.5113614797592163
512,0.5,unit_rms,64,v,xv_normcomp_gm0p01,xv_normal,-0.01,0.0487572882178216,0.000447392463684,0.026835411787033,-3.790682627426552e-05,-0.0001643305163568,6.555864246958473e-05,20260808,/data/users/zhoushunyu/eqvae/experiments/prediction_target_toy_v4_main/seed20260808/D512/curv0p5/scale_unit_rms/loss_v/H64,1.5113614797592163
512,0.5,unit_rms,64,v,xv_g0p003,xv,0.003,0.0488562422003136,0.0004478693008422,0.0268205869942903,5.1702850995708e-05,-0.000225631124671,0.0002192357422701,20260808,/data/users/zhoushunyu/eqvae/experiments/prediction_target_toy_v4_main/seed20260808/D512/curv0p5/scale_unit_rms/loss_v/H64,1.5113614797592163
512,0.5,unit_rms,64,v,xeps_g0p003,xeps,0.003,0.0488516625518707,0.0004513263702392,0.0266677550971508,-2.6530506464828015e-05,-0.0003551252401832,0.0002107220295691,20260808,/data/users/zhoushunyu/eqvae/experiments/prediction_target_toy_v4_main/seed20260808/D512/curv0p5/scale_unit_rms/loss_v/H64,1.5113614797592163
512,0.5,unit_rms,64,v,xv_tan_g0p003,xv_tangent,0.003,0.0488429097631163,0.0004477500915527,0.0268369130790233,4.871656409146906e-05,-1.642982941449274e-05,0.000119562452721,20260808,/data/users/zhoushunyu/eqvae/experiments/prediction_target_toy_v4_main/seed20260808/D512/curv0p5/scale_unit_rms/loss_v/H64,1.5113614797592163
512,0.5,unit_rms,64,v,xv_normcomp_g0p003,xv_normal,0.003,0.0488149204949662,0.0004466772079467,0.0267850831151008,3.243629617637536e-06,-0.0002363701479025,0.0001621679001602,20260808,/data/users/zhoushunyu/eqvae/experiments/prediction_target_toy_v4_main/seed20260808/D512/curv0p5/scale_unit_rms/loss_v/H64,1.5113614797592163
512,0.5,unit_rms,64,v,xv_g0p01,xv,0.01,0.0490070988169595,0.0004516839981079,0.0268840081989765,0.0002192717466014,-0.0001483559791523,0.0005180595865618,20260808,/data/users/zhoushunyu/eqvae/experiments/prediction_target_toy_v4_main/seed20260808/D512/curv0p5/scale_unit_rms/loss_v/H64,1.5113614797592163
512,0.5,unit_rms,64,v,xeps_g0p01,xeps,0.01,0.0490938396213368,0.0004616975784301,0.0264367796480655,-2.625521407539681e-05,-0.0007789498458444,0.0007182871206965,20260808,/data/users/zhoushunyu/eqvae/experiments/prediction_target_toy_v4_main/seed20260808/D512/curv0p5/scale_unit_rms/loss_v/H64,1.5113614797592163
512,0.5,unit_rms,64,v,xv_tan_g0p01,xv_tangent,0.01,0.0489438179315255,0.0004490613937377,0.0269093252718448,0.0001693012072731,-0.0001462725633853,0.0005287268351881,20260808,/data/users/zhoushunyu/eqvae/experiments/prediction_target_toy_v4_main/seed20260808/D512/curv0p5/scale_unit_rms/loss_v/H64,1.5113614797592163
512,0.5,unit_rms,64,v,xv_normcomp_g0p01,xv_normal,0.01,0.048846868455268,0.0004491806030273,0.026759123429656,2.692734151267445e-05,-0.0002429478018444,0.0001916074732677,20260808,/data/users/zhoushunyu/eqvae/experiments/prediction_target_toy_v4_main/seed20260808/D512/curv0p5/scale_unit_rms/loss_v/H64,1.5113614797592163
512,0.5,unit_rms,64,v,xv_g0p03,xv,0.03,0.0495505413047221,0.0004581212997436,0.0270735900849103,0.0006841644573493,-0.0002549843319365,0.0014662343731837,20260808,/data/users/zhoushunyu/eqvae/experiments/prediction_target_toy_v4_main/seed20260808/D512/curv0p5/scale_unit_rms/loss_v/H64,1.5113614797592163
512,0.5,unit_rms,64,v,xeps_g0p03,xeps,0.03,0.0495908106513544,0.0004868507385253,0.0258485004305839,5.2250846656949e-05,-0.0018248952077487,0.0018461818892031,20260808,/data/users/zhoushunyu/eqvae/experiments/prediction_target_toy_v4_main/seed20260808/D512/curv0p5/scale_unit_rms/loss_v/H64,1.5113614797592163
512,0.5,unit_rms,64,v,xv_tan_g0p03,xv_tangent,0.03,0.0493955578468152,0.0004523992538452,0.0271604489535093,0.0005338984159302,-0.0002112446192283,0.0011712420909168,20260808,/data/users/zhoushunyu/eqvae/experiments/prediction_target_toy_v4_main/seed20260808/D512/curv0p5/scale_unit_rms/loss_v/H64,1.5113614797592163
512,0.5,unit_rms,64,v,xv_normcomp_g0p03,xv_normal,0.03,0.0489549348815333,0.0004506111145019,0.0266987662762403,0.0001109491644467,-0.0001802054551771,0.0004230223096947,20260808,/data/users/zhoushunyu/eqvae/experiments/prediction_target_toy_v4_main/seed20260808/D512/curv0p5/scale_unit_rms/loss_v/H64,1.5113614797592163
512,0.5,unit_rms,64,v,xv_g0p1,xv,0.1,0.0519790277947511,0.0005058050155639,0.0277779195457696,0.0024288516584439,-0.0003128400295326,0.0052595065598642,20260808,/data/users/zhoushunyu/eqvae/experiments/prediction_target_toy_v4_main/seed20260808/D512/curv0p5/scale_unit_rms/loss_v/H64,1.5113614797592163
512,0.5,unit_rms,64,v,xeps_g0p1,xeps,0.1,0.0507577450302915,0.0005712509155273,0.0241464562714099,0.0002538498141837,-0.0053672554352763,0.0060913182304669,20260808,/data/users/zhoushunyu/eqvae/experiments/prediction_target_toy_v4_main/seed20260808/D512/curv0p5/scale_unit_rms/loss_v/H64,1.5113614797592163
512,0.5,unit_rms,64,v,xv_tan_g0p1,xv_tangent,0.1,0.0511001217233192,0.0004786252975463,0.0279327295720577,0.0018537022698232,-0.0003452038607993,0.0039135611690045,20260808,/data/users/zhoushunyu/eqvae/experiments/prediction_target_toy_v4_main/seed20260808/D512/curv0p5/scale_unit_rms/loss_v/H64,1.5113614797592163
512,0.5,unit_rms,64,v,xv_normcomp_g0p1,xv_normal,0.1,0.0493529507014161,0.0004636049270629,0.0266371704638004,0.0004169030625574,-0.000410836734236,0.0013572386644334,20260808,/data/users/zhoushunyu/eqvae/experiments/prediction_target_toy_v4_main/seed20260808/D512/curv0p5/scale_unit_rms/loss_v/H64,1.5113614797592163
512,0.5,unit_rms,64,v,xv_g0p3,xv,0.3,0.0579387239666868,0.000648021697998,0.0299765914678573,0.0073750818261992,0.0017960744802186,0.0133873906045172,20260808,/data/users/zhoushunyu/eqvae/experiments/prediction_target_toy_v4_main/seed20260808/D512/curv0p5/scale_unit_rms/loss_v/H64,1.5113614797592163
512,0.5,unit_rms,64,v,xeps_g0p3,xeps,0.3,0.0604141293897238,0.0011792182922363,0.0215473938733339,0.0058282840451669,-0.0163484195607988,0.0260982910195817,20260808,/data/users/zhoushunyu/eqvae/experiments/prediction_target_toy_v4_main/seed20260808/D512/curv0p5/scale_unit_rms/loss_v/H64,1.5113614797592163
512,0.5,unit_rms,64,v,xv_tan_g0p3,xv_tangent,0.3,0.0546118090107582,0.000522494316101,0.0301433335989713,0.0051374472354722,0.0001559929048912,0.010081547694781,20260808,/data/users/zhoushunyu/eqvae/experiments/prediction_target_toy_v4_main/seed20260808/D512/curv0p5/scale_unit_rms/loss_v/H64,1.5113614797592163
512,0.5,unit_rms,64,v,xv_normcomp_g0p3,xv_normal,0.3,0.0507872555409188,0.0005092620849609,0.026750249788165,0.0013768361032304,-0.0010609442092234,0.0037490913753418,20260808,/data/users/zhoushunyu/eqvae/experiments/prediction_target_toy_v4_main/seed20260808/D512/curv0p5/scale_unit_rms/loss_v/H64,1.5113614797592163
512,0.5,unit_rms,64,v,xv_rms_etam0p03,xv_norm,-0.03,0.0470421573970818,0.0004055500030517,0.0441016927361488,-0.0016260207018423,-0.0034959521883569,0.0004121636592706,20260808,/data/users/zhoushunyu/eqvae/experiments/prediction_target_toy_v4_main/seed20260808/D512/curv0p5/scale_unit_rms/loss_v/H64,1.5113614797592163
512,0.5,unit_rms,64,v,xv_rms_etam0p01,xv_norm,-0.01,0.0479830776794063,0.0004260540008544,0.0301701016724109,-0.0007033340046582,-0.0014776985982542,-1.5403081978002997e-05,20260808,/data/users/zhoushunyu/eqvae/experiments/prediction_target_toy_v4_main/seed20260808/D512/curv0p5/scale_unit_rms/loss_v/H64,1.5113614797592163
512,0.5,unit_rms,64,v,xv_rms_eta0p01,xv_norm,0.01,0.0502234330298952,0.0004866123199462,0.0288592986762523,0.0010578250069324,0.0001630817457103,0.0018466273320708,20260808,/data/users/zhoushunyu/eqvae/experiments/prediction_target_toy_v4_main/seed20260808/D512/curv0p5/scale_unit_rms/loss_v/H64,1.5113614797592163
512,0.5,unit_rms,64,v,xv_rms_eta0p03,xv_norm,0.03,0.0567663332452785,0.0006861686706542,0.0347409732639789,0.0053915522673207,0.0024380330970158,0.0082768128530894,20260808,/data/users/zhoushunyu/eqvae/experiments/prediction_target_toy_v4_main/seed20260808/D512/curv0p5/scale_unit_rms/loss_v/H64,1.5113614797592163
512,1.0,unit_rms,1024,v,x,x,0.0,0.0484700414181956,0.0008217096328735,0.0109672360122203,0.0,0.0,0.0,20260808,/data/users/zhoushunyu/eqvae/experiments/prediction_target_toy_v4_main/seed20260808/D512/curv1/scale_unit_rms/loss_v/H1024,1.409179449081421
512,1.0,unit_rms,1024,v,v,v,0.0,0.0563032151668776,0.0010910034179687,0.4566747546195984,0.0035750779077746,-0.0058334346435085,0.0147482568845914,20260808,/data/users/zhoushunyu/eqvae/experiments/prediction_target_toy_v4_main/seed20260808/D512/curv1/scale_unit_rms/loss_v/H1024,1.409179449081421
512,1.0,unit_rms,1024,v,eps,eps,0.0,0.2036072312175724,0.0119444131851196,2.010580062866211,0.1563950486388663,0.094062775291827,0.201395884083858,20260808,/data/users/zhoushunyu/eqvae/experiments/prediction_target_toy_v4_main/seed20260808/D512/curv1/scale_unit_rms/loss_v/H1024,1.409179449081421
512,1.0,unit_rms,1024,v,oracle,oracle,0.0,0.0284995167712138,7.557868957519531e-05,0.0136006008833646,-0.0079066188428312,-0.0285693889699422,0.0230675603462008,20260808,/data/users/zhoushunyu/eqvae/experiments/prediction_target_toy_v4_main/seed20260808/D512/curv1/scale_unit_rms/loss_v/H1024,1.409179449081421
512,1.0,unit_rms,1024,v,xv_gm0p1,xv,-0.1,0.0487382070673136,0.0008201599121093,0.0111457323655486,-0.0002018326721515,-0.0033862603857371,0.002897122861016,20260808,/data/users/zhoushunyu/eqvae/experiments/prediction_target_toy_v4_main/seed20260808/D512/curv1/scale_unit_rms/loss_v/H1024,1.409179449081421
512,1.0,unit_rms,1024,v,xeps_gm0p1,xeps,-0.1,0.0359328388135256,0.00027596950531,0.0114696528762578,-0.0071897776424428,-0.0156572906080816,0.0029061000498873,20260808,/data/users/zhoushunyu/eqvae/experiments/prediction_target_toy_v4_main/seed20260808/D512/curv1/scale_unit_rms/loss_v/H1024,1.409179449081421
512,1.0,unit_rms,1024,v,xv_tan_gm0p1,xv_tangent,-0.1,0.0486236746190166,0.0008168220520019,0.0109974239021539,0.0001441290137523,-0.0015886858223303,0.0014961157252303,20260808,/data/users/zhoushunyu/eqvae/experiments/prediction_target_toy_v4_main/seed20260808/D512/curv1/scale_unit_rms/loss_v/H1024,1.409179449081421
512,1.0,unit_rms,1024,v,xv_normcomp_gm0p1,xv_normal,-0.1,0.0478394108488405,0.0007960796356201,0.0111208856105804,-0.0002294021636877,-0.0031510396765334,0.0021925823031336,20260808,/data/users/zhoushunyu/eqvae/experiments/prediction_target_toy_v4_main/seed20260808/D512/curv1/scale_unit_rms/loss_v/H1024,1.409179449081421
512,1.0,unit_rms,1024,v,xv_gm0p03,xv,-0.03,0.0485690046812822,0.0008177757263183,0.0109178237617015,0.0002443698642584,-0.0011519028573755,0.0016024222625518,20260808,/data/users/zhoushunyu/eqvae/experiments/prediction_target_toy_v4_main/seed20260808/D512/curv1/scale_unit_rms/loss_v/H1024,1.409179449081421
512,1.0,unit_rms,1024,v,xeps_gm0p03,xeps,-0.03,0.0452038816651174,0.000662088394165,0.0109675424173474,-0.0021474583579683,-0.0051375552434466,0.0006375873559716,20260808,/data/users/zhoushunyu/eqvae/experiments/prediction_target_toy_v4_main/seed20260808/D512/curv1/scale_unit_rms/loss_v/H1024,1.409179449081421
512,1.0,unit_rms,1024,v,xv_tan_gm0p03,xv_tangent,-0.03,0.0486980089204261,0.0008267164230346,0.0109674939885735,0.000114060550556,-0.0005263642661798,0.0011741369023061,20260808,/data/users/zhoushunyu/eqvae/experiments/prediction_target_toy_v4_main/seed20260808/D512/curv1/scale_unit_rms/loss_v/H1024,1.409179449081421
512,1.0,unit_rms,1024,v,xv_normcomp_gm0p03,xv_normal,-0.03,0.0485923152330465,0.0008226633071899,0.0109190819784998,0.0002251680915501,-0.0009628775649121,0.0015308338437417,20260808,/data/users/zhoushunyu/eqvae/experiments/prediction_target_toy_v4_main/seed20260808/D512/curv1/scale_unit_rms/loss_v/H1024,1.409179449081421
512,1.0,unit_rms,1024,v,xv_gm0p01,xv,-0.01,0.048682766977823,0.0008271932601928,0.0109429731965065,0.000191119216451,-0.0003811559018164,0.0010483021979929,20260808,/data/users/zhoushunyu/eqvae/experiments/prediction_target_toy_v4_main/seed20260808/D512/curv1/scale_unit_rms/loss_v/H1024,1.409179449081421
512,1.0,unit_rms,1024,v,xeps_gm0p01,xeps,-0.01,0.0478209728763513,0.0007885694503784,0.0109407007694244,-0.0005975399598717,-0.0019551531931194,0.0004187809946641,20260808,/data/users/zhoushunyu/eqvae/experiments/prediction_target_toy_v4_main/seed20260808/D512/curv1/scale_unit_rms/loss_v/H1024,1.409179449081421
512,1.0,unit_rms,1024,v,xv_tan_gm0p01,xv_tangent,-0.01,0.0485163227893048,0.0008213520050048,0.010966707020998,4.899519695772688e-05,-0.0001862476285278,0.0004304158943703,20260808,/data/users/zhoushunyu/eqvae/experiments/prediction_target_toy_v4_main/seed20260808/D512/curv1/scale_unit_rms/loss_v/H1024,1.409179449081421
512,1.0,unit_rms,1024,v,xv_normcomp_gm0p01,xv_normal,-0.01,0.0486310403587654,0.00082528591156,0.0109805138781666,3.714732335576343e-05,-0.0002464822849907,0.0003449560941838,20260808,/data/users/zhoushunyu/eqvae/experiments/prediction_target_toy_v4_main/seed20260808/D512/curv1/scale_unit_rms/loss_v/H1024,1.409179449081421
512,1.0,unit_rms,1024,v,xv_g0p003,xv,0.003,0.0484455273647666,0.000821828842163,0.0109705897048115,-2.123363998478164e-05,-0.0002306791385449,4.951307375531838e-05,20260808,/data/users/zhoushunyu/eqvae/experiments/prediction_target_toy_v4_main/seed20260808/D512/curv1/scale_unit_rms/loss_v/H1024,1.409179449081421
512,1.0,unit_rms,1024,v,xeps_g0p003,xeps,0.003,0.0489538417920828,0.0008423328399658,0.010969903320074,0.0003311038932977,-3.705517241313558e-05,0.0013219061203932,20260808,/data/users/zhoushunyu/eqvae/experiments/prediction_target_toy_v4_main/seed20260808/D512/curv1/scale_unit_rms/loss_v/H1024,1.409179449081421
512,1.0,unit_rms,1024,v,xv_tan_g0p003,xv_tangent,0.003,0.0484626284394651,0.0008211135864257,0.0109712295234203,-1.484253441961625e-05,-0.0001837184664713,1.845802233930536e-05,20260808,/data/users/zhoushunyu/eqvae/experiments/prediction_target_toy_v4_main/seed20260808/D512/curv1/scale_unit_rms/loss_v/H1024,1.409179449081421
512,1.0,unit_rms,1024,v,xv_normcomp_g0p003,xv_normal,0.003,0.0484542156631977,0.0008203983306884,0.0109707731753587,-9.179206661545092e-06,-8.315969010745314e-05,2.9725801204959468e-05,20260808,/data/users/zhoushunyu/eqvae/experiments/prediction_target_toy_v4_main/seed20260808/D512/curv1/scale_unit_rms/loss_v/H1024,1.409179449081421
512,1.0,unit_rms,1024,v,xv_g0p01,xv,0.01,0.0484327727325561,0.0008203983306884,0.0109837334603071,-3.1994989671810803e-05,-0.0009154716491651,0.0009473391913636,20260808,/data/users/zhoushunyu/eqvae/experiments/prediction_target_toy_v4_main/seed20260808/D512/curv1/scale_unit_rms/loss_v/H1024,1.409179449081421
512,1.0,unit_rms,1024,v,xeps_g0p01,xeps,0.01,0.0494749065816505,0.0008745193481445,0.011020959354937,0.0009062079838014,-7.616134638156936e-05,0.0025679453525573,20260808,/data/users/zhoushunyu/eqvae/experiments/prediction_target_toy_v4_main/seed20260808/D512/curv1/scale_unit_rms/loss_v/H1024,1.409179449081421
512,1.0,unit_rms,1024,v,xv_tan_g0p01,xv_tangent,0.01,0.0484849273966915,0.0008234977722167,0.0109725827351212,4.158636029579777e-06,-0.0003189377473972,0.0003817198347625,20260808,/data/users/zhoushunyu/eqvae/experiments/prediction_target_toy_v4_main/seed20260808/D512/curv1/scale_unit_rms/loss_v/H1024,1.409179449081421
512,1.0,unit_rms,1024,v,xv_normcomp_g0p01,xv_normal,0.01,0.0484190087918052,0.0008193254470825,0.0109795499593019,-2.421562100579096e-05,-0.0002311507092502,7.829539989311295e-05,20260808,/data/users/zhoushunyu/eqvae/experiments/prediction_target_toy_v4_main/seed20260808/D512/curv1/scale_unit_rms/loss_v/H1024,1.409179449081421
512,1.0,unit_rms,1024,v,xv_g0p03,xv,0.03,0.0478909201707361,0.0008008480072021,0.0110318902879953,6.180606724602439e-06,-0.0013628133452442,0.0010836125738571,20260808,/data/users/zhoushunyu/eqvae/experiments/prediction_target_toy_v4_main/seed20260808/D512/curv1/scale_unit_rms/loss_v/H1024,1.409179449081421
512,1.0,unit_rms,1024,v,xeps_g0p03,xeps,0.03,0.0520340418190579,0.0010006427764892,0.0109843779355287,0.0028029124638635,-0.0003189270210142,0.0053929108663104,20260808,/data/users/zhoushunyu/eqvae/experiments/prediction_target_toy_v4_main/seed20260808/D512/curv1/scale_unit_rms/loss_v/H1024,1.409179449081421
512,1.0,unit_rms,1024,v,xv_tan_g0p03,xv_tangent,0.03,0.0484611098656861,0.0008242130279541,0.0109608471393585,-3.7706258934473575e-05,-0.0008882437510044,0.0006331416404572,20260808,/data/users/zhoushunyu/eqvae/experiments/prediction_target_toy_v4_main/seed20260808/D512/curv1/scale_unit_rms/loss_v/H1024,1.409179449081421
512,1.0,unit_rms,1024,v,xv_normcomp_g0p03,xv_normal,0.03,0.0476928951432607,0.000789999961853,0.0110218422487378,-9.508064174556683e-05,-0.0013574472240927,0.001002721279993,20260808,/data/users/zhoushunyu/eqvae/experiments/prediction_target_toy_v4_main/seed20260808/D512/curv1/scale_unit_rms/loss_v/H1024,1.409179449081421
512,1.0,unit_rms,1024,v,xv_g0p1,xv,0.1,0.0482628950089492,0.0008144378662109,0.0112543692812323,0.0003679387956377,-0.0020659002368581,0.0024994537839482,20260808,/data/users/zhoushunyu/eqvae/experiments/prediction_target_toy_v4_main/seed20260808/D512/curv1/scale_unit_rms/loss_v/H1024,1.409179449081421
512,1.0,unit_rms,1024,v,xeps_g0p1,xeps,0.1,0.062578161869578,0.0016442537307739,0.0111660538241267,0.0103466692700941,0.0009930629930058,0.0164555703836746,20260808,/data/users/zhoushunyu/eqvae/experiments/prediction_target_toy_v4_main/seed20260808/D512/curv1/scale_unit_rms/loss_v/H1024,1.409179449081421
512,1.0,unit_rms,1024,v,xv_tan_g0p1,xv_tangent,0.1,0.0483900587567073,0.000827670097351,0.0110296951606869,0.0004253721644032,-0.0015873977658854,0.0023973421614603,20260808,/data/users/zhoushunyu/eqvae/experiments/prediction_target_toy_v4_main/seed20260808/D512/curv1/scale_unit_rms/loss_v/H1024,1.409179449081421
512,1.0,unit_rms,1024,v,xv_normcomp_g0p1,xv_normal,0.1,0.0473428670834589,0.0007761716842651,0.0112473275512456,-0.0001185722150228,-0.0017290079652778,0.0012925211205789,20260808,/data/users/zhoushunyu/eqvae/experiments/prediction_target_toy_v4_main/seed20260808/D512/curv1/scale_unit_rms/loss_v/H1024,1.409179449081421
512,1.0,unit_rms,1024,v,xv_g0p3,xv,0.3,0.0475018163457825,0.0007673501968383,0.0118444366380572,0.0001175054407538,-0.0046690217658879,0.0042410160315651,20260808,/data/users/zhoushunyu/eqvae/experiments/prediction_target_toy_v4_main/seed20260808/D512/curv1/scale_unit_rms/loss_v/H1024,1.409179449081421
512,1.0,unit_rms,1024,v,xeps_g0p3,xeps,0.3,0.0878048023605902,0.0035674571990966,0.0114535596221685,0.0330264860143492,0.0134263884436072,0.0447982497293361,20260808,/data/users/zhoushunyu/eqvae/experiments/prediction_target_toy_v4_main/seed20260808/D512/curv1/scale_unit_rms/loss_v/H1024,1.409179449081421
512,1.0,unit_rms,1024,v,xv_tan_g0p3,xv_tangent,0.3,0.0486195770641767,0.0008264780044555,0.0110162794589996,0.0005317752484685,-0.0031592976702543,0.0038734521683748,20260808,/data/users/zhoushunyu/eqvae/experiments/prediction_target_toy_v4_main/seed20260808/D512/curv1/scale_unit_rms/loss_v/H1024,1.409179449081421
512,1.0,unit_rms,1024,v,xv_normcomp_g0p3,xv_normal,0.3,0.0485780039647297,0.0008307695388793,0.0118559310212731,0.0001542103772366,-0.003389271968801,0.0033986090922498,20260808,/data/users/zhoushunyu/eqvae/experiments/prediction_target_toy_v4_main/seed20260808/D512/curv1/scale_unit_rms/loss_v/H1024,1.409179449081421
512,1.0,unit_rms,1024,v,xv_rms_etam0p03,xv_norm,-0.03,0.0477783741191017,0.0007810592651367,0.0319831855595111,-0.0003894929328782,-0.0032349870855562,0.0014901678108482,20260808,/data/users/zhoushunyu/eqvae/experiments/prediction_target_toy_v4_main/seed20260808/D512/curv1/scale_unit_rms/loss_v/H1024,1.409179449081421
512,1.0,unit_rms,1024,v,xv_rms_etam0p01,xv_norm,-0.01,0.0486577757459758,0.0008209943771362,0.0147031806409358,0.0001508034078981,-0.0006506494345022,0.0012664445162339,20260808,/data/users/zhoushunyu/eqvae/experiments/prediction_target_toy_v4_main/seed20260808/D512/curv1/scale_unit_rms/loss_v/H1024,1.409179449081421
512,1.0,unit_rms,1024,v,xv_rms_eta0p01,xv_norm,0.01,0.0480662680336356,0.0008176565170288,0.0151461204513907,0.000235827249306,-0.0009636522744048,0.0014735665785178,20260808,/data/users/zhoushunyu/eqvae/experiments/prediction_target_toy_v4_main/seed20260808/D512/curv1/scale_unit_rms/loss_v/H1024,1.409179449081421
512,1.0,unit_rms,1024,v,xv_rms_eta0p03,xv_norm,0.03,0.0506181527342994,0.000954270362854,0.0165524072945117,0.0026883624307414,0.0007647520345496,0.0045180005761782,20260808,/data/users/zhoushunyu/eqvae/experiments/prediction_target_toy_v4_main/seed20260808/D512/curv1/scale_unit_rms/loss_v/H1024,1.409179449081421
512,1.0,unit_rms,128,v,x,x,0.0,0.0341788892598849,0.0002965927124023,0.0213098209351301,0.0,0.0,0.0,20260808,/data/users/zhoushunyu/eqvae/experiments/prediction_target_toy_v4_main/seed20260808/D512/curv1/scale_unit_rms/loss_v/H128,1.4455853700637815
512,1.0,unit_rms,128,v,v,v,0.0,0.0497195819224604,0.000852346420288,0.9679489731788636,0.0081444965076523,-0.0094736312905814,0.0222872484625579,20260808,/data/users/zhoushunyu/eqvae/experiments/prediction_target_toy_v4_main/seed20260808/D512/curv1/scale_unit_rms/loss_v/H128,1.4455853700637815
512,1.0,unit_rms,128,v,eps,eps,0.0,1.444083748340622,0.2692373096942901,42.943790435791016,1.398822638215219,1.3193915110605363,1.474374489092532,20260808,/data/users/zhoushunyu/eqvae/experiments/prediction_target_toy_v4_main/seed20260808/D512/curv1/scale_unit_rms/loss_v/H128,1.4455853700637815
512,1.0,unit_rms,128,v,oracle,oracle,0.0,0.03037214005188,2.2530555725097656e-05,0.0138501701876521,-0.0002601504928523,-0.0148183866283029,0.0161071593142739,20260808,/data/users/zhoushunyu/eqvae/experiments/prediction_target_toy_v4_main/seed20260808/D512/curv1/scale_unit_rms/loss_v/H128,1.4455853700637815
512,1.0,unit_rms,128,v,xv_gm0p1,xv,-0.1,0.034906688648414,0.0003067255020141,0.0219367090612649,0.0004122761807414,-0.0023318741612763,0.0032482331303621,20260808,/data/users/zhoushunyu/eqvae/experiments/prediction_target_toy_v4_main/seed20260808/D512/curv1/scale_unit_rms/loss_v/H128,1.4455853700637815
512,1.0,unit_rms,128,v,xeps_gm0p1,xeps,-0.1,0.0348232224020239,0.0002436637878417,0.0293910112231969,0.0006718601968391,-0.0077448537614204,0.0073680389904302,20260808,/data/users/zhoushunyu/eqvae/experiments/prediction_target_toy_v4_main/seed20260808/D512/curv1/scale_unit_rms/loss_v/H128,1.4455853700637815
512,1.0,unit_rms,128,v,xv_tan_gm0p1,xv_tangent,-0.1,0.0343948713261875,0.0002943277359008,0.0206789970397949,0.0001445168197297,-0.0015674312503497,0.0021194332345975,20260808,/data/users/zhoushunyu/eqvae/experiments/prediction_target_toy_v4_main/seed20260808/D512/curv1/scale_unit_rms/loss_v/H128,1.4455853700637815
512,1.0,unit_rms,128,v,xv_normcomp_gm0p1,xv_normal,-0.1,0.0341353778901052,0.000294804573059,0.0227142944931983,0.0001225331197609,-0.0017723842239176,0.0023565857765947,20260808,/data/users/zhoushunyu/eqvae/experiments/prediction_target_toy_v4_main/seed20260808/D512/curv1/scale_unit_rms/loss_v/H128,1.4455853700637815
512,1.0,unit_rms,128,v,xv_gm0p03,xv,-0.03,0.0339705576773779,0.000285267829895,0.0214159395545721,2.284573333641848e-05,-0.0010748922150177,0.0011175958229893,20260808,/data/users/zhoushunyu/eqvae/experiments/prediction_target_toy_v4_main/seed20260808/D512/curv1/scale_unit_rms/loss_v/H128,1.4455853700637815
512,1.0,unit_rms,128,v,xeps_gm0p03,xeps,-0.03,0.0338723671622135,0.00027596950531,0.0229714047163724,-0.0003420346977645,-0.0040659222627264,0.0026222072422087,20260808,/data/users/zhoushunyu/eqvae/experiments/prediction_target_toy_v4_main/seed20260808/D512/curv1/scale_unit_rms/loss_v/H128,1.4455853700637815
512,1.0,unit_rms,128,v,xv_tan_gm0p03,xv_tangent,-0.03,0.0340644201953395,0.0002875328063964,0.0211370084434747,8.971328279184267e-06,-0.0007777666134215,0.000826411852796,20260808,/data/users/zhoushunyu/eqvae/experiments/prediction_target_toy_v4_main/seed20260808/D512/curv1/scale_unit_rms/loss_v/H128,1.4455853700637815
512,1.0,unit_rms,128,v,xv_normcomp_gm0p03,xv_normal,-0.03,0.0340035248574306,0.0002881288528442,0.0216205045580863,-6.960630504712468e-05,-0.0008526009605014,0.0006370659476645,20260808,/data/users/zhoushunyu/eqvae/experiments/prediction_target_toy_v4_main/seed20260808/D512/curv1/scale_unit_rms/loss_v/H128,1.4455853700637815
512,1.0,unit_rms,128,v,xv_gm0p01,xv,-0.01,0.0341304340776775,0.0002915859222412,0.021385945379734,-2.7439487162165232e-05,-0.0006256946661453,0.0005840384540077,20260808,/data/users/zhoushunyu/eqvae/experiments/prediction_target_toy_v4_main/seed20260808/D512/curv1/scale_unit_rms/loss_v/H128,1.4455853700637815
512,1.0,unit_rms,128,v,xeps_gm0p01,xeps,-0.01,0.0336574778887377,0.000280737876892,0.0218805707991123,-0.0002465237775397,-0.0019839799753269,0.0010196731467029,20260808,/data/users/zhoushunyu/eqvae/experiments/prediction_target_toy_v4_main/seed20260808/D512/curv1/scale_unit_rms/loss_v/H128,1.4455853700637815
512,1.0,unit_rms,128,v,xv_tan_gm0p01,xv_tangent,-0.01,0.0341837575335407,0.0002936124801635,0.0212546195834875,-1.7859241578075113e-05,-0.0003199904664055,0.0002202180130323,20260808,/data/users/zhoushunyu/eqvae/experiments/prediction_target_toy_v4_main/seed20260808/D512/curv1/scale_unit_rms/loss_v/H128,1.4455853700637815
512,1.0,unit_rms,128,v,xv_normcomp_gm0p01,xv_normal,-0.01,0.0341662173326122,0.0002930164337158,0.0213996209204196,-1.5517999589733134e-05,-0.0002468117445325,0.0001470085335432,20260808,/data/users/zhoushunyu/eqvae/experiments/prediction_target_toy_v4_main/seed20260808/D512/curv1/scale_unit_rms/loss_v/H128,1.4455853700637815
512,1.0,unit_rms,128,v,xv_g0p003,xv,0.003,0.0341197310136526,0.0002950429916381,0.0213263034820556,-4.784149040783191e-06,-0.0003443811364298,0.0001480818255687,20260808,/data/users/zhoushunyu/eqvae/experiments/prediction_target_toy_v4_main/seed20260808/D512/curv1/scale_unit_rms/loss_v/H128,1.4455853700637815
512,1.0,unit_rms,128,v,xeps_g0p003,xeps,0.003,0.0343245663673343,0.0002996921539306,0.0210779346525669,9.745805892077134e-05,-0.0002034936873583,0.0006367277770988,20260808,/data/users/zhoushunyu/eqvae/experiments/prediction_target_toy_v4_main/seed20260808/D512/curv1/scale_unit_rms/loss_v/H128,1.4455853700637815
512,1.0,unit_rms,128,v,xv_tan_g0p003,xv_tangent,0.003,0.0341364551720241,0.0002946853637695,0.0213377438485622,-6.7408228296191375e-06,-0.0003088420537759,8.0155578569795e-05,20260808,/data/users/zhoushunyu/eqvae/experiments/prediction_target_toy_v4_main/seed20260808/D512/curv1/scale_unit_rms/loss_v/H128,1.4455853700637815
512,1.0,unit_rms,128,v,xv_normcomp_g0p003,xv_normal,0.003,0.0342182429969029,0.0002974271774291,0.0212891735136508,7.932553662371861e-06,-3.775813075630914e-05,8.46342049689276e-05,20260808,/data/users/zhoushunyu/eqvae/experiments/prediction_target_toy_v4_main/seed20260808/D512/curv1/scale_unit_rms/loss_v/H128,1.4455853700637815
512,1.0,unit_rms,128,v,xv_g0p01,xv,0.01,0.0341263246458866,0.0002949237823486,0.0212939865887165,1.3278850365243366e-05,-0.0004815941831617,0.0003813345581364,20260808,/data/users/zhoushunyu/eqvae/experiments/prediction_target_toy_v4_main/seed20260808/D512/curv1/scale_unit_rms/loss_v/H128,1.4455853700637815
512,1.0,unit_rms,128,v,xeps_g0p01,xeps,0.01,0.0346148054416973,0.0003085136413574,0.0207524225115776,0.0002360750479634,-0.000809358488838,0.0016093300736582,20260808,/data/users/zhoushunyu/eqvae/experiments/prediction_target_toy_v4_main/seed20260808/D512/curv1/scale_unit_rms/loss_v/H128,1.4455853700637815
512,1.0,unit_rms,128,v,xv_tan_g0p01,xv_tangent,0.01,0.0341144188822333,0.0002937316894531,0.0213933121412992,-3.567381079444248e-05,-0.0005243381918,0.0002615397134883,20260808,/data/users/zhoushunyu/eqvae/experiments/prediction_target_toy_v4_main/seed20260808/D512/curv1/scale_unit_rms/loss_v/H128,1.4455853700637815
512,1.0,unit_rms,128,v,xv_normcomp_g0p01,xv_normal,0.01,0.0342013989313688,0.0002976655960083,0.0212232489138841,4.261362970967075e-05,-0.0001545755154288,0.0003920364818857,20260808,/data/users/zhoushunyu/eqvae/experiments/prediction_target_toy_v4_main/seed20260808/D512/curv1/scale_unit_rms/loss_v/H128,1.4455853700637815
512,1.0,unit_rms,128,v,xv_g0p03,xv,0.03,0.0342793134636728,0.0002980232238769,0.0212960634380579,-0.0001408585830176,-0.0013402538257129,0.0009087092769813,20260808,/data/users/zhoushunyu/eqvae/experiments/prediction_target_toy_v4_main/seed20260808/D512/curv1/scale_unit_rms/loss_v/H128,1.4455853700637815
512,1.0,unit_rms,128,v,xeps_g0p03,xeps,0.03,0.0359520547002576,0.0003467798233032,0.0200031772255897,0.0010790622128021,-0.0016485009426252,0.0046083026298259,20260808,/data/users/zhoushunyu/eqvae/experiments/prediction_target_toy_v4_main/seed20260808/D512/curv1/scale_unit_rms/loss_v/H128,1.4455853700637815
512,1.0,unit_rms,128,v,xv_tan_g0p03,xv_tangent,0.03,0.0340277721512071,0.000295877456665,0.0214717555791139,-0.0001117487402832,-0.0009700716423459,0.0003666244468868,20260808,/data/users/zhoushunyu/eqvae/experiments/prediction_target_toy_v4_main/seed20260808/D512/curv1/scale_unit_rms/loss_v/H128,1.4455853700637815
512,1.0,unit_rms,128,v,xv_normcomp_g0p03,xv_normal,0.03,0.0342396721095754,0.0002983808517456,0.0211267527192831,-8.877795438139505e-07,-0.0004761560368545,0.0006174304588004,20260808,/data/users/zhoushunyu/eqvae/experiments/prediction_target_toy_v4_main/seed20260808/D512/curv1/scale_unit_rms/loss_v/H128,1.4455853700637815
512,1.0,unit_rms,128,v,xv_g0p1,xv,0.1,0.0343103290048401,0.0002925395965576,0.0213642604649066,-0.0004902436237559,-0.0036212444717819,0.0018773761197039,20260808,/data/users/zhoushunyu/eqvae/experiments/prediction_target_toy_v4_main/seed20260808/D512/curv1/scale_unit_rms/loss_v/H128,1.4455853700637815
512,1.0,unit_rms,128,v,xeps_g0p1,xeps,0.1,0.0447746755475647,0.0005946159362792,0.0176206789910793,0.0060155504373964,-0.0021038851909661,0.0145489036947001,20260808,/data/users/zhoushunyu/eqvae/experiments/prediction_target_toy_v4_main/seed20260808/D512/curv1/scale_unit_rms/loss_v/H128,1.4455853700637815
512,1.0,unit_rms,128,v,xv_tan_g0p1,xv_tangent,0.1,0.0344194034556149,0.0002992153167724,0.0221043769270181,-0.0002268163333457,-0.0024541480384143,0.0020196664753469,20260808,/data/users/zhoushunyu/eqvae/experiments/prediction_target_toy_v4_main/seed20260808/D512/curv1/scale_unit_rms/loss_v/H128,1.4455853700637815
512,1.0,unit_rms,128,v,xv_normcomp_g0p1,xv_normal,0.1,0.0344944804241781,0.0003049373626708,0.0208289269357919,-0.0002367765242629,-0.001657560199993,0.0010383279932131,20260808,/data/users/zhoushunyu/eqvae/experiments/prediction_target_toy_v4_main/seed20260808/D512/curv1/scale_unit_rms/loss_v/H128,1.4455853700637815
512,1.0,unit_rms,128,v,xv_g0p3,xv,0.3,0.0360223920268072,0.0003314018249511,0.0224630404263734,0.0001609646054429,-0.0059162267189249,0.0057410352730671,20260808,/data/users/zhoushunyu/eqvae/experiments/prediction_target_toy_v4_main/seed20260808/D512/curv1/scale_unit_rms/loss_v/H128,1.4455853700637815
512,1.0,unit_rms,128,v,xeps_g0p3,xeps,0.3,0.0926741698001742,0.0025445222854614,0.0147080104798078,0.0440345944705584,0.0233210867701785,0.0613473845522887,20260808,/data/users/zhoushunyu/eqvae/experiments/prediction_target_toy_v4_main/seed20260808/D512/curv1/scale_unit_rms/loss_v/H128,1.4455853700637815
512,1.0,unit_rms,128,v,xv_tan_g0p3,xv_tangent,0.3,0.0351896907111129,0.0003101825714111,0.0234977006912231,0.0002771570586268,-0.0045215349292138,0.0039475711417856,20260808,/data/users/zhoushunyu/eqvae/experiments/prediction_target_toy_v4_main/seed20260808/D512/curv1/scale_unit_rms/loss_v/H128,1.4455853700637815
512,1.0,unit_rms,128,v,xv_normcomp_g0p3,xv_normal,0.3,0.0341507928064979,0.0002803802490234,0.0202575791627168,-0.0007142709255176,-0.0048341358306888,0.0026461739714935,20260808,/data/users/zhoushunyu/eqvae/experiments/prediction_target_toy_v4_main/seed20260808/D512/curv1/scale_unit_rms/loss_v/H128,1.4455853700637815
512,1.0,unit_rms,128,v,xv_rms_etam0p03,xv_norm,-0.03,0.0342980504444918,0.0002967119216918,0.042075615376234,0.0002261555606159,-0.0011880826832341,0.0014716552256779,20260808,/data/users/zhoushunyu/eqvae/experiments/prediction_target_toy_v4_main/seed20260808/D512/curv1/scale_unit_rms/loss_v/H128,1.4455853700637815
512,1.0,unit_rms,128,v,xv_rms_etam0p01,xv_norm,-0.01,0.0342100549123682,0.0002926588058471,0.0258394423872232,3.5636865186433126e-05,-0.0005469070775372,0.000639533452583,20260808,/data/users/zhoushunyu/eqvae/experiments/prediction_target_toy_v4_main/seed20260808/D512/curv1/scale_unit_rms/loss_v/H128,1.4455853700637815
512,1.0,unit_rms,128,v,xv_rms_eta0p01,xv_norm,0.01,0.0340654685238155,0.0002976655960083,0.0228749774396419,-3.0297039731862e-05,-0.0007730139678489,0.0007729923929919,20260808,/data/users/zhoushunyu/eqvae/experiments/prediction_target_toy_v4_main/seed20260808/D512/curv1/scale_unit_rms/loss_v/H128,1.4455853700637815
512,1.0,unit_rms,128,v,xv_rms_eta0p03,xv_norm,0.03,0.0357912967072806,0.0003594160079956,0.0293100494891405,0.00077833364669,-0.0020862818607873,0.0038791598052056,20260808,/data/users/zhoushunyu/eqvae/experiments/prediction_target_toy_v4_main/seed20260808/D512/curv1/scale_unit_rms/loss_v/H128,1.4455853700637815
512,1.0,unit_rms,256,v,x,x,0.0,0.047674060769827,0.0006678104400634,0.0146598508581519,0.0,0.0,0.0,20260808,/data/users/zhoushunyu/eqvae/experiments/prediction_target_toy_v4_main/seed20260808/D512/curv1/scale_unit_rms/loss_v/H256,1.5233360528945925
512,1.0,unit_rms,256,v,v,v,0.0,0.055851475105895,0.0010404586791992,0.9290739893913268,0.0069897519705527,-0.0088252642598239,0.0206883382273011,20260808,/data/users/zhoushunyu/eqvae/experiments/prediction_target_toy_v4_main/seed20260808/D512/curv1/scale_unit_rms/loss_v/H256,1.5233360528945925
512,1.0,unit_rms,256,v,eps,eps,0.0,1.3827481297383235,0.2601241171360016,36.58130645751953,1.3320278151430671,1.2502370716225406,1.3982889695195102,20260808,/data/users/zhoushunyu/eqvae/experiments/prediction_target_toy_v4_main/seed20260808/D512/curv1/scale_unit_rms/loss_v/H256,1.5233360528945925
512,1.0,unit_rms,256,v,oracle,oracle,0.0,0.0305953222669237,4.088878631591797e-05,,,,,20260808,/data/users/zhoushunyu/eqvae/experiments/prediction_target_toy_v4_main/seed20260808/D512/curv1/scale_unit_rms/loss_v/H256,1.5233360528945925
512,1.0,unit_rms,256,v,xv_gm0p1,xv,-0.1,0.047893008569639,0.0006964206695556,0.0149335199967026,0.0003317706259343,-0.0018444663651131,0.0030328104353859,20260808,/data/users/zhoushunyu/eqvae/experiments/prediction_target_toy_v4_main/seed20260808/D512/curv1/scale_unit_rms/loss_v/H256,1.5233360528945925
512,1.0,unit_rms,256,v,xeps_gm0p1,xeps,-0.1,0.0399225326339145,0.0003334283828735,0.0164977740496397,-0.0036321003703379,-0.0113166547840641,0.0054402531664534,20260808,/data/users/zhoushunyu/eqvae/experiments/prediction_target_toy_v4_main/seed20260808/D512/curv1/scale_unit_rms/loss_v/H256,1.5233360528945925
512,1.0,unit_rms,256,v,xv_tan_gm0p1,xv_tangent,-0.1,0.0482181104983174,0.0007017850875854,0.0146341519430279,0.0002650988559244,-0.0012676611813162,0.0018692486474872,20260808,/data/users/zhoushunyu/eqvae/experiments/prediction_target_toy_v4_main/seed20260808/D512/curv1/scale_unit_rms/loss_v/H256,1.5233360528945925
512,1.0,unit_rms,256,v,xv_normcomp_gm0p1,xv_normal,-0.1,0.0475975318854282,0.0006736516952514,0.0150445830076932,-2.8045593187305472e-05,-0.0017176737271297,0.001443919298639,20260808,/data/users/zhoushunyu/eqvae/experiments/prediction_target_toy_v4_main/seed20260808/D512/curv1/scale_unit_rms/loss_v/H256,1.5233360528945925
512,1.0,unit_rms,256,v,xv_gm0p03,xv,-0.03,0.0479362867373454,0.0006959438323974,0.0146853737533092,0.0001290283699992,-0.0010922228777845,0.001139769838438,20260808,/data/users/zhoushunyu/eqvae/experiments/prediction_target_toy_v4_main/seed20260808/D512/curv1/scale_unit_rms/loss_v/H256,1.5233360528945925
512,1.0,unit_rms,256,v,xeps_gm0p03,xeps,-0.03,0.0435821336899032,0.0004976987838745,0.0148657346144318,-0.0018134677015204,-0.0052173460028644,0.0014528244643565,20260808,/data/users/zhoushunyu/eqvae/experiments/prediction_target_toy_v4_main/seed20260808/D512/curv1/scale_unit_rms/loss_v/H256,1.5233360528945925
512,1.0,unit_rms,256,v,xv_tan_gm0p03,xv_tangent,-0.03,0.0476725685956338,0.0006734132766723,0.0146325165405869,-4.57333962028153e-05,-0.0008924229021864,0.0008327718857625,20260808,/data/users/zhoushunyu/eqvae/experiments/prediction_target_toy_v4_main/seed20260808/D512/curv1/scale_unit_rms/loss_v/H256,1.5233360528945925
512,1.0,unit_rms,256,v,xv_normcomp_gm0p03,xv_normal,-0.03,0.0480024084263855,0.0006864070892333,0.0146425105631351,3.13051145170333e-05,-0.00100307941303,0.0010627779418921,20260808,/data/users/zhoushunyu/eqvae/experiments/prediction_target_toy_v4_main/seed20260808/D512/curv1/scale_unit_rms/loss_v/H256,1.5233360528945925
512,1.0,unit_rms,256,v,xv_gm0p01,xv,-0.01,0.0479019824289496,0.0006825923919677,0.0146393673494458,-6.198817182086966e-06,-0.0009114320086203,0.0010903051360983,20260808,/data/users/zhoushunyu/eqvae/experiments/prediction_target_toy_v4_main/seed20260808/D512/curv1/scale_unit_rms/loss_v/H256,1.5233360528945925
512,1.0,unit_rms,256,v,xeps_gm0p01,xeps,-0.01,0.0462371379884693,0.0006097555160522,0.0147543530911207,-0.000540786891419,-0.0020758701202447,0.0004030450818784,20260808,/data/users/zhoushunyu/eqvae/experiments/prediction_target_toy_v4_main/seed20260808/D512/curv1/scale_unit_rms/loss_v/H256,1.5233360528945925
512,1.0,unit_rms,256,v,xv_tan_gm0p01,xv_tangent,-0.01,0.0476596913999712,0.0006698369979858,0.0146510954946279,-2.9946464477086097e-06,-0.0005244744310455,0.0003930470094414,20260808,/data/users/zhoushunyu/eqvae/experiments/prediction_target_toy_v4_main/seed20260808/D512/curv1/scale_unit_rms/loss_v/H256,1.5233360528945925
512,1.0,unit_rms,256,v,xv_normcomp_gm0p01,xv_normal,-0.01,0.0479906110639047,0.00068199634552,0.0146526442840695,7.364196658789651e-05,-0.0003108693637428,0.0010084301008512,20260808,/data/users/zhoushunyu/eqvae/experiments/prediction_target_toy_v4_main/seed20260808/D512/curv1/scale_unit_rms/loss_v/H256,1.5233360528945925
512,1.0,unit_rms,256,v,xv_g0p003,xv,0.003,0.0471894018353424,0.0006470680236816,0.0146614406257867,-7.703838618339503e-05,-0.0011660204738253,0.0003795784535729,20260808,/data/users/zhoushunyu/eqvae/experiments/prediction_target_toy_v4_main/seed20260808/D512/curv1/scale_unit_rms/loss_v/H256,1.5233360528945925
512,1.0,unit_rms,256,v,xeps_g0p003,xeps,0.003,0.048229927738889,0.0006892681121826,0.0146320732310414,0.0001699081575755,-0.0006189771662949,0.0010905602815374,20260808,/data/users/zhoushunyu/eqvae/experiments/prediction_target_toy_v4_main/seed20260808/D512/curv1/scale_unit_rms/loss_v/H256,1.5233360528945925
512,1.0,unit_rms,256,v,xv_tan_g0p003,xv_tangent,0.003,0.0476719966986038,0.0006662607192993,0.0146683100610971,1.0393665772661169e-05,-3.0773370807286174e-05,0.0001164302833248,20260808,/data/users/zhoushunyu/eqvae/experiments/prediction_target_toy_v4_main/seed20260808/D512/curv1/scale_unit_rms/loss_v/H256,1.5233360528945925
512,1.0,unit_rms,256,v,xv_normcomp_g0p003,xv_normal,0.003,0.0474657255883264,0.000659704208374,0.0146758100017905,-4.7716343980550304e-05,-0.0011152776799171,0.0001677493053274,20260808,/data/users/zhoushunyu/eqvae/experiments/prediction_target_toy_v4_main/seed20260808/D512/curv1/scale_unit_rms/loss_v/H256,1.5233360528945925
512,1.0,unit_rms,256,v,xv_g0p01,xv,0.01,0.0467173057283846,0.0006293058395385,0.0146659119054675,-0.0001405407240237,-0.0013759875953714,0.0008049127831237,20260808,/data/users/zhoushunyu/eqvae/experiments/prediction_target_toy_v4_main/seed20260808/D512/curv1/scale_unit_rms/loss_v/H256,1.5233360528945925
512,1.0,unit_rms,256,v,xeps_g0p01,xeps,0.01,0.0492748626336356,0.0007405281066894,0.0145790940150618,0.0007512355947507,-0.0005904826450189,0.0020640817858906,20260808,/data/users/zhoushunyu/eqvae/experiments/prediction_target_toy_v4_main/seed20260808/D512/curv1/scale_unit_rms/loss_v/H256,1.5233360528945925
512,1.0,unit_rms,256,v,xv_tan_g0p01,xv_tangent,0.01,0.0473711665873662,0.0006555318832397,0.0146606871858239,6.644098478187713e-06,-0.0005226831717184,0.0004585723632576,20260808,/data/users/zhoushunyu/eqvae/experiments/prediction_target_toy_v4_main/seed20260808/D512/curv1/scale_unit_rms/loss_v/H256,1.5233360528945925
512,1.0,unit_rms,256,v,xv_normcomp_g0p01,xv_normal,0.01,0.0467464087662155,0.000629186630249,0.0146761359646916,-0.0001729406247769,-0.0012332579580488,0.000396939895891,20260808,/data/users/zhoushunyu/eqvae/experiments/prediction_target_toy_v4_main/seed20260808/D512/curv1/scale_unit_rms/loss_v/H256,1.5233360528945925
512,1.0,unit_rms,256,v,xv_g0p03,xv,0.03,0.0463679784950016,0.0006098747253417,0.0147926323115825,-0.0001052709061794,-0.0017923246926247,0.0012280538616178,20260808,/data/users/zhoushunyu/eqvae/experiments/prediction_target_toy_v4_main/seed20260808/D512/curv1/scale_unit_rms/loss_v/H256,1.5233360528945925
512,1.0,unit_rms,256,v,xeps_g0p03,xeps,0.03,0.0523179796066176,0.0008646249771118,0.0145152220502495,0.0026437269065586,-0.0014224702009878,0.006479663730638,20260808,/data/users/zhoushunyu/eqvae/experiments/prediction_target_toy_v4_main/seed20260808/D512/curv1/scale_unit_rms/loss_v/H256,1.5233360528945925
512,1.0,unit_rms,256,v,xv_tan_g0p03,xv_tangent,0.03,0.0467462607398,0.0006271600723266,0.0147069031372666,-7.803407388285776e-05,-0.0014838596796673,0.0010982597404097,20260808,/data/users/zhoushunyu/eqvae/experiments/prediction_target_toy_v4_main/seed20260808/D512/curv1/scale_unit_rms/loss_v/H256,1.5233360528945925
512,1.0,unit_rms,256,v,xv_normcomp_g0p03,xv_normal,0.03,0.0461759223594093,0.0006080865859985,0.0147343166172504,-0.0002304967485369,-0.001662258054623,0.001161771594236,20260808,/data/users/zhoushunyu/eqvae/experiments/prediction_target_toy_v4_main/seed20260808/D512/curv1/scale_unit_rms/loss_v/H256,1.5233360528945925
512,1.0,unit_rms,256,v,xv_g0p1,xv,0.1,0.0462286045313715,0.0005868673324584,0.0149905029684305,-6.313100137329739e-05,-0.003436487483106,0.0023521426779833,20260808,/data/users/zhoushunyu/eqvae/experiments/prediction_target_toy_v4_main/seed20260808/D512/curv1/scale_unit_rms/loss_v/H256,1.5233360528945925
512,1.0,unit_rms,256,v,xeps_g0p1,xeps,0.1,0.0611553896160592,0.0012743473052978,0.0141636850312352,0.0104243714145032,0.0001750147203487,0.0179679872489662,20260808,/data/users/zhoushunyu/eqvae/experiments/prediction_target_toy_v4_main/seed20260808/D512/curv1/scale_unit_rms/loss_v/H256,1.5233360528945925
512,1.0,unit_rms,256,v,xv_tan_g0p1,xv_tangent,0.1,0.0472669661864449,0.0006303787231445,0.0147503474727272,0.0001252635604855,-0.0019881182926153,0.0017345763808705,20260808,/data/users/zhoushunyu/eqvae/experiments/prediction_target_toy_v4_main/seed20260808/D512/curv1/scale_unit_rms/loss_v/H256,1.5233360528945925
512,1.0,unit_rms,256,v,xv_normcomp_g0p1,xv_normal,0.1,0.0458217480189089,0.0005861520767211,0.0148835312575101,-0.000202734791614,-0.0024538822499373,0.0021337142722032,20260808,/data/users/zhoushunyu/eqvae/experiments/prediction_target_toy_v4_main/seed20260808/D512/curv1/scale_unit_rms/loss_v/H256,1.5233360528945925
512,1.0,unit_rms,256,v,xv_g0p3,xv,0.3,0.046121802286476,0.0005468130111694,0.0154284080490469,-0.0005427676799,-0.0061245783586901,0.0043608613543776,20260808,/data/users/zhoushunyu/eqvae/experiments/prediction_target_toy_v4_main/seed20260808/D512/curv1/scale_unit_rms/loss_v/H256,1.5233360528945925
512,1.0,unit_rms,256,v,xeps_g0p3,xeps,0.3,0.116895046975478,0.0049302577972412,0.0132359191775321,0.0591325371412172,0.0392688413372619,0.0786951764307068,20260808,/data/users/zhoushunyu/eqvae/experiments/prediction_target_toy_v4_main/seed20260808/D512/curv1/scale_unit_rms/loss_v/H256,1.5233360528945925
512,1.0,unit_rms,256,v,xv_tan_g0p3,xv_tangent,0.3,0.0474965865336409,0.0006006956100463,0.0148700531572103,0.000287704865801,-0.0042304793184748,0.0040865506700643,20260808,/data/users/zhoushunyu/eqvae/experiments/prediction_target_toy_v4_main/seed20260808/D512/curv1/scale_unit_rms/loss_v/H256,1.5233360528945925
512,1.0,unit_rms,256,v,xv_normcomp_g0p3,xv_normal,0.3,0.0452979938759711,0.0005695819854736,0.015155779197812,-0.0004194321353098,-0.0040433717782071,0.0032145072982802,20260808,/data/users/zhoushunyu/eqvae/experiments/prediction_target_toy_v4_main/seed20260808/D512/curv1/scale_unit_rms/loss_v/H256,1.5233360528945925
512,1.0,unit_rms,256,v,xv_rms_etam0p03,xv_norm,-0.03,0.047019155735877,0.0006721019744873,0.0340859107673168,-0.0005710572379037,-0.001812292870846,0.0006900878334126,20260808,/data/users/zhoushunyu/eqvae/experiments/prediction_target_toy_v4_main/seed20260808/D512/curv1/scale_unit_rms/loss_v/H256,1.5233360528945925
512,1.0,unit_rms,256,v,xv_rms_etam0p01,xv_norm,-0.01,0.0474585468568418,0.0006710290908813,0.0181322880089283,-0.0003249848306032,-0.0013987106019556,0.0007698907326532,20260808,/data/users/zhoushunyu/eqvae/experiments/prediction_target_toy_v4_main/seed20260808/D512/curv1/scale_unit_rms/loss_v/H256,1.5233360528945925
512,1.0,unit_rms,256,v,xv_rms_eta0p01,xv_norm,0.01,0.0474884806043158,0.0006427764892578,0.0181076414883136,0.0004850593663371,-0.0010768638739389,0.0016816751142481,20260808,/data/users/zhoushunyu/eqvae/experiments/prediction_target_toy_v4_main/seed20260808/D512/curv1/scale_unit_rms/loss_v/H256,1.5233360528945925
512,1.0,unit_rms,256,v,xv_rms_eta0p03,xv_norm,0.03,0.0504762017814242,0.0006598234176635,0.0191642120480537,0.0027847431532015,-0.0001428397122705,0.0051613487954255,20260808,/data/users/zhoushunyu/eqvae/experiments/prediction_target_toy_v4_main/seed20260808/D512/curv1/scale_unit_rms/loss_v/H256,1.5233360528945925
512,1.0,unit_rms,512,v,x,x,0.0,0.048467582824119,0.0007094144821166,0.0148177286610007,0.0,0.0,0.0,20260808,/data/users/zhoushunyu/eqvae/experiments/prediction_target_toy_v4_main/seed20260808/D512/curv1/scale_unit_rms/loss_v/H512,1.4075855016708374
512,1.0,unit_rms,512,v,v,v,0.0,0.0517233378925054,0.0011476278305053,0.7776806950569153,0.000876424923881,-0.0115509894674389,0.0139277209943695,20260808,/data/users/zhoushunyu/eqvae/experiments/prediction_target_toy_v4_main/seed20260808/D512/curv1/scale_unit_rms/loss_v/H512,1.4075855016708374
512,1.0,unit_rms,512,v,eps,eps,0.0,1.367632232982361,0.2548241019248962,21.605609893798828,1.319662609199552,1.2418321366748584,1.3938836478972008,20260808,/data/users/zhoushunyu/eqvae/experiments/prediction_target_toy_v4_main/seed20260808/D512/curv1/scale_unit_rms/loss_v/H512,1.4075855016708374
512,1.0,unit_rms,512,v,oracle,oracle,0.0,0.0389118162970174,0.0004212856292724,0.0138165429234504,-0.0167745141819243,-0.0402448791421669,0.0146761136328088,20260808,/data/users/zhoushunyu/eqvae/experiments/prediction_target_toy_v4_main/seed20260808/D512/curv1/scale_unit_rms/loss_v/H512,1.4075855016708374
512,1.0,unit_rms,512,v,xv_gm0p1,xv,-0.1,0.0475541426855577,0.0007103681564331,0.0150171080604195,-0.0002573967408694,-0.0025312567018523,0.0019544207052831,20260808,/data/users/zhoushunyu/eqvae/experiments/prediction_target_toy_v4_main/seed20260808/D512/curv1/scale_unit_rms/loss_v/H512,1.4075855016708374
512,1.0,unit_rms,512,v,xeps_gm0p1,xeps,-0.1,0.0409920444917719,0.0004440546035766,0.0158361084759235,-0.0017339356710054,-0.0118985515807185,0.006454241489706,20260808,/data/users/zhoushunyu/eqvae/experiments/prediction_target_toy_v4_main/seed20260808/D512/curv1/scale_unit_rms/loss_v/H512,1.4075855016708374
512,1.0,unit_rms,512,v,xv_tan_gm0p1,xv_tangent,-0.1,0.0478260581691693,0.0007122755050659,0.0147041957825422,-0.000557343555278,-0.0024049856787311,0.0009486765123923,20260808,/data/users/zhoushunyu/eqvae/experiments/prediction_target_toy_v4_main/seed20260808/D512/curv1/scale_unit_rms/loss_v/H512,1.4075855016708374
512,1.0,unit_rms,512,v,xv_normcomp_gm0p1,xv_normal,-0.1,0.0487856170415595,0.0007276535034179,0.0149427885189652,0.0002962353553829,-0.0010567044761362,0.0023999776584518,20260808,/data/users/zhoushunyu/eqvae/experiments/prediction_target_toy_v4_main/seed20260808/D512/curv1/scale_unit_rms/loss_v/H512,1.4075855016708374
512,1.0,unit_rms,512,v,xv_gm0p03,xv,-0.03,0.0484200398606836,0.0007178783416748,0.0147269219160079,-5.567631051343419e-05,-0.0011659240145368,0.0011161347263789,20260808,/data/users/zhoushunyu/eqvae/experiments/prediction_target_toy_v4_main/seed20260808/D512/curv1/scale_unit_rms/loss_v/H512,1.4075855016708374
512,1.0,unit_rms,512,v,xeps_gm0p03,xeps,-0.03,0.04478495573871,0.0005985498428344,0.0149482069537043,-0.0006024937977769,-0.0035296845947367,0.0028093986508286,20260808,/data/users/zhoushunyu/eqvae/experiments/prediction_target_toy_v4_main/seed20260808/D512/curv1/scale_unit_rms/loss_v/H512,1.4075855016708374
512,1.0,unit_rms,512,v,xv_tan_gm0p03,xv_tangent,-0.03,0.0484157943477238,0.0007143020629882,0.0147617794573307,-3.3519335270286166e-05,-0.0005268255462999,0.0007791994190423,20260808,/data/users/zhoushunyu/eqvae/experiments/prediction_target_toy_v4_main/seed20260808/D512/curv1/scale_unit_rms/loss_v/H512,1.4075855016708374
512,1.0,unit_rms,512,v,xv_normcomp_gm0p03,xv_normal,-0.03,0.0484195046445049,0.000706672668457,0.0147622190415859,5.048813086932849e-06,-0.0008821582010721,0.00071801873047,20260808,/data/users/zhoushunyu/eqvae/experiments/prediction_target_toy_v4_main/seed20260808/D512/curv1/scale_unit_rms/loss_v/H512,1.4075855016708374
512,1.0,unit_rms,512,v,xv_gm0p01,xv,-0.01,0.0484078838188817,0.0007078647613525,0.0147618744522333,-2.633624321567371e-06,-0.0003441455850244,0.0004800382150607,20260808,/data/users/zhoushunyu/eqvae/experiments/prediction_target_toy_v4_main/seed20260808/D512/curv1/scale_unit_rms/loss_v/H512,1.4075855016708374
512,1.0,unit_rms,512,v,xeps_gm0p01,xeps,-0.01,0.0475554665140835,0.0006828308105468,0.0148868346586823,-0.0001437865169278,-0.0018447740431475,0.0017808773585824,20260808,/data/users/zhoushunyu/eqvae/experiments/prediction_target_toy_v4_main/seed20260808/D512/curv1/scale_unit_rms/loss_v/H512,1.4075855016708374
512,1.0,unit_rms,512,v,xv_tan_gm0p01,xv_tangent,-0.01,0.0484053877941308,0.0007082223892211,0.0147937163710594,-3.984504274603666e-05,-0.0002904504558933,0.0002618713839908,20260808,/data/users/zhoushunyu/eqvae/experiments/prediction_target_toy_v4_main/seed20260808/D512/curv1/scale_unit_rms/loss_v/H512,1.4075855016708374
512,1.0,unit_rms,512,v,xv_normcomp_gm0p01,xv_normal,-0.01,0.0484753533204476,0.0007076263427734,0.0148048810660839,4.968356394995883e-05,-0.0002048004358226,0.0003635873565111,20260808,/data/users/zhoushunyu/eqvae/experiments/prediction_target_toy_v4_main/seed20260808/D512/curv1/scale_unit_rms/loss_v/H512,1.4075855016708374
512,1.0,unit_rms,512,v,xv_g0p003,xv,0.003,0.048311970646626,0.0006970167160034,0.0148002943024039,-2.5611250627756226e-05,-0.000518281126753,8.708810441871988e-05,20260808,/data/users/zhoushunyu/eqvae/experiments/prediction_target_toy_v4_main/seed20260808/D512/curv1/scale_unit_rms/loss_v/H512,1.4075855016708374
512,1.0,unit_rms,512,v,xeps_g0p003,xeps,0.003,0.0485278407496604,0.0007023811340332,0.0147393075749278,0.0001833944285419,-0.0006250895210415,0.0008784655706371,20260808,/data/users/zhoushunyu/eqvae/experiments/prediction_target_toy_v4_main/seed20260808/D512/curv1/scale_unit_rms/loss_v/H512,1.4075855016708374
512,1.0,unit_rms,512,v,xv_tan_g0p003,xv_tangent,0.003,0.0484859254862425,0.0007097721099853,0.0148003501817584,1.729038425439755e-05,-2.4944097777447956e-05,8.51685931498432e-05,20260808,/data/users/zhoushunyu/eqvae/experiments/prediction_target_toy_v4_main/seed20260808/D512/curv1/scale_unit_rms/loss_v/H512,1.4075855016708374
512,1.0,unit_rms,512,v,xv_normcomp_g0p003,xv_normal,0.003,0.0484677220806302,0.0007088184356689,0.014810113236308,-2.7184003874260177e-06,-2.9016927296771773e-05,3.291115088381964e-05,20260808,/data/users/zhoushunyu/eqvae/experiments/prediction_target_toy_v4_main/seed20260808/D512/curv1/scale_unit_rms/loss_v/H512,1.4075855016708374
512,1.0,unit_rms,512,v,xv_g0p01,xv,0.01,0.0482167607697133,0.0006881952285766,0.0148061076179146,-3.87607488354294e-05,-0.0005713701350679,0.000373212253945,20260808,/data/users/zhoushunyu/eqvae/experiments/prediction_target_toy_v4_main/seed20260808/D512/curv1/scale_unit_rms/loss_v/H512,1.4075855016708374
512,1.0,unit_rms,512,v,xeps_g0p01,xeps,0.01,0.0493971765140701,0.0007213354110717,0.0146986143663525,0.0004897393548999,-0.0015242415157043,0.002084414787593,20260808,/data/users/zhoushunyu/eqvae/experiments/prediction_target_toy_v4_main/seed20260808/D512/curv1/scale_unit_rms/loss_v/H512,1.4075855016708374
512,1.0,unit_rms,512,v,xv_tan_g0p01,xv_tangent,0.01,0.0482207945332311,0.0006881952285766,0.0147922299802303,-1.7056919638560874e-05,-0.0005295387629458,0.0002345258733993,20260808,/data/users/zhoushunyu/eqvae/experiments/prediction_target_toy_v4_main/seed20260808/D512/curv1/scale_unit_rms/loss_v/H512,1.4075855016708374
512,1.0,unit_rms,512,v,xv_normcomp_g0p01,xv_normal,0.01,0.0482898401356693,0.0006971359252929,0.0148155456408858,-5.4251909953902457e-05,-0.0005585838390197,7.09601929432982e-05,20260808,/data/users/zhoushunyu/eqvae/experiments/prediction_target_toy_v4_main/seed20260808/D512/curv1/scale_unit_rms/loss_v/H512,1.4075855016708374
512,1.0,unit_rms,512,v,xv_g0p03,xv,0.03,0.0479661160086281,0.0006716251373291,0.0148686291649937,-1.5917236608764056e-05,-0.0016425884538767,0.0012978708393208,20260808,/data/users/zhoushunyu/eqvae/experiments/prediction_target_toy_v4_main/seed20260808/D512/curv1/scale_unit_rms/loss_v/H512,1.4075855016708374
512,1.0,unit_rms,512,v,xeps_g0p03,xeps,0.03,0.0514972520724351,0.0007795095443725,0.0145567199215292,0.0019695070726826,-0.0017073064009895,0.0055745338166952,20260808,/data/users/zhoushunyu/eqvae/experiments/prediction_target_toy_v4_main/seed20260808/D512/curv1/scale_unit_rms/loss_v/H512,1.4075855016708374
512,1.0,unit_rms,512,v,xv_tan_g0p03,xv_tangent,0.03,0.0480786468236553,0.0006814002990722,0.0148298200219869,2.6661361928478067e-05,-0.0009493669294025,0.0009473548664058,20260808,/data/users/zhoushunyu/eqvae/experiments/prediction_target_toy_v4_main/seed20260808/D512/curv1/scale_unit_rms/loss_v/H512,1.4075855016708374
512,1.0,unit_rms,512,v,xv_normcomp_g0p03,xv_normal,0.03,0.0480967769809744,0.0006874799728393,0.0148355141282081,-7.257203208465685e-05,-0.0009057020061541,0.0004654306127057,20260808,/data/users/zhoushunyu/eqvae/experiments/prediction_target_toy_v4_main/seed20260808/D512/curv1/scale_unit_rms/loss_v/H512,1.4075855016708374
512,1.0,unit_rms,512,v,xv_g0p1,xv,0.1,0.0477822299107499,0.0006392002105712,0.0149909369647502,0.0001716947257523,-0.0026383575209201,0.0025457619631144,20260808,/data/users/zhoushunyu/eqvae/experiments/prediction_target_toy_v4_main/seed20260808/D512/curv1/scale_unit_rms/loss_v/H512,1.4075855016708374
512,1.0,unit_rms,512,v,xeps_g0p1,xeps,0.1,0.0611036780058916,0.0011452436447143,0.014472359791398,0.0077675845167957,-0.0019652668889057,0.0187108768670907,20260808,/data/users/zhoushunyu/eqvae/experiments/prediction_target_toy_v4_main/seed20260808/D512/curv1/scale_unit_rms/loss_v/H512,1.4075855016708374
512,1.0,unit_rms,512,v,xv_tan_g0p1,xv_tangent,0.1,0.0485225821557089,0.0006718635559082,0.0148655176162719,0.0004450171438145,-0.0013515691638275,0.0022248223397648,20260808,/data/users/zhoushunyu/eqvae/experiments/prediction_target_toy_v4_main/seed20260808/D512/curv1/scale_unit_rms/loss_v/H512,1.4075855016708374
512,1.0,unit_rms,512,v,xv_normcomp_g0p1,xv_normal,0.1,0.0471470068510654,0.0006439685821533,0.0149377575144171,-0.0004255182756974,-0.0024451719670821,0.0010566017664063,20260808,/data/users/zhoushunyu/eqvae/experiments/prediction_target_toy_v4_main/seed20260808/D512/curv1/scale_unit_rms/loss_v/H512,1.4075855016708374
512,1.0,unit_rms,512,v,xv_g0p3,xv,0.3,0.0492780968999866,0.0006260871887207,0.0154336877167224,0.0015504927003937,-0.0031876762249586,0.0064999355359531,20260808,/data/users/zhoushunyu/eqvae/experiments/prediction_target_toy_v4_main/seed20260808/D512/curv1/scale_unit_rms/loss_v/H512,1.4075855016708374
512,1.0,unit_rms,512,v,xeps_g0p3,xeps,0.3,0.1062826383714252,0.0037980079650878,0.0139961540699005,0.0406745463616581,0.0190895741405715,0.0621419882618206,20260808,/data/users/zhoushunyu/eqvae/experiments/prediction_target_toy_v4_main/seed20260808/D512/curv1/scale_unit_rms/loss_v/H512,1.4075855016708374
512,1.0,unit_rms,512,v,xv_tan_g0p3,xv_tangent,0.3,0.0488474019196462,0.0006288290023803,0.0149556975811719,0.0012237122023101,-0.0014905818290048,0.0043358705288184,20260808,/data/users/zhoushunyu/eqvae/experiments/prediction_target_toy_v4_main/seed20260808/D512/curv1/scale_unit_rms/loss_v/H512,1.4075855016708374
512,1.0,unit_rms,512,v,xv_normcomp_g0p3,xv_normal,0.3,0.0472186317329792,0.0006415843963623,0.0151140876114368,-0.0002450663450761,-0.0039706779431328,0.0027372273611237,20260808,/data/users/zhoushunyu/eqvae/experiments/prediction_target_toy_v4_main/seed20260808/D512/curv1/scale_unit_rms/loss_v/H512,1.4075855016708374
512,1.0,unit_rms,512,v,xv_rms_etam0p03,xv_norm,-0.03,0.0468995167102772,0.0007102489471435,0.032691940665245,-0.0011992257463039,-0.0027749598104946,0.0008196650499612,20260808,/data/users/zhoushunyu/eqvae/experiments/prediction_target_toy_v4_main/seed20260808/D512/curv1/scale_unit_rms/loss_v/H512,1.4075855016708374
512,1.0,unit_rms,512,v,xv_rms_etam0p01,xv_norm,-0.01,0.0477923063812052,0.0007052421569824,0.0176541116088628,-0.0005140732894099,-0.0009841172291066,0.0002123850538575,20260808,/data/users/zhoushunyu/eqvae/experiments/prediction_target_toy_v4_main/seed20260808/D512/curv1/scale_unit_rms/loss_v/H512,1.4075855016708374
512,1.0,unit_rms,512,v,xv_rms_eta0p01,xv_norm,0.01,0.0490416006904299,0.000691533088684,0.0175573956221342,0.0006636592945942,-1.636077949776485e-06,0.0011613824830584,20260808,/data/users/zhoushunyu/eqvae/experiments/prediction_target_toy_v4_main/seed20260808/D512/curv1/scale_unit_rms/loss_v/H512,1.4075855016708374
512,1.0,unit_rms,512,v,xv_rms_eta0p03,xv_norm,0.03,0.0512222638653535,0.0006443262100219,0.0185452084988355,0.0028708316815156,0.0006377993971373,0.0053876763293074,20260808,/data/users/zhoushunyu/eqvae/experiments/prediction_target_toy_v4_main/seed20260808/D512/curv1/scale_unit_rms/loss_v/H512,1.4075855016708374
512,1.0,unit_rms,64,v,x,x,0.0,0.0465268005702216,0.0001533031463623,0.1312934011220932,0.0,0.0,0.0,20260808,/data/users/zhoushunyu/eqvae/experiments/prediction_target_toy_v4_main/seed20260808/D512/curv1/scale_unit_rms/loss_v/H64,1.471338391304016
512,1.0,unit_rms,64,v,v,v,0.0,0.0348324833987618,0.000277042388916,0.9833468794822692,-0.0110577223824501,-0.0272355566444857,0.0050995932318355,20260808,/data/users/zhoushunyu/eqvae/experiments/prediction_target_toy_v4_main/seed20260808/D512/curv1/scale_unit_rms/loss_v/H64,1.471338391304016
512,1.0,unit_rms,64,v,eps,eps,0.0,1.4713761508853789,0.2749112248420715,45.98173141479492,1.3937414963873542,1.3171930944089203,1.4407274326887796,20260808,/data/users/zhoushunyu/eqvae/experiments/prediction_target_toy_v4_main/seed20260808/D512/curv1/scale_unit_rms/loss_v/H64,1.471338391304016
512,1.0,unit_rms,64,v,oracle,oracle,0.0,0.032145562935649,0.0001543760299682,0.0134529266506433,-0.0127378390153736,-0.0298036845257119,0.0025737251666404,20260808,/data/users/zhoushunyu/eqvae/experiments/prediction_target_toy_v4_main/seed20260808/D512/curv1/scale_unit_rms/loss_v/H64,1.471338391304016
512,1.0,unit_rms,64,v,xv_gm0p1,xv,-0.1,0.0434301791902935,0.0001337528228759,0.1264657378196716,-0.0023736888824565,-0.0050642636002191,6.627869270887848e-05,20260808,/data/users/zhoushunyu/eqvae/experiments/prediction_target_toy_v4_main/seed20260808/D512/curv1/scale_unit_rms/loss_v/H64,1.471338391304016
512,1.0,unit_rms,64,v,xeps_gm0p1,xeps,-0.1,0.0452045796459671,2.646446228027344e-05,0.1543980836868286,-0.0005556695812229,-0.0033313244636274,0.0022302909574841,20260808,/data/users/zhoushunyu/eqvae/experiments/prediction_target_toy_v4_main/seed20260808/D512/curv1/scale_unit_rms/loss_v/H64,1.471338391304016
512,1.0,unit_rms,64,v,xv_tan_gm0p1,xv_tangent,-0.1,0.0435880968318063,0.0001066923141479,0.1266190707683563,-0.002120466291826,-0.0036471324859599,-0.0002618201160579,20260808,/data/users/zhoushunyu/eqvae/experiments/prediction_target_toy_v4_main/seed20260808/D512/curv1/scale_unit_rms/loss_v/H64,1.471338391304016
512,1.0,unit_rms,64,v,xv_normcomp_gm0p1,xv_normal,-0.1,0.0462794560428084,0.0001665353775024,0.1310985386371612,-2.691404576305061e-05,-0.0014547239701509,0.0014461675407283,20260808,/data/users/zhoushunyu/eqvae/experiments/prediction_target_toy_v4_main/seed20260808/D512/curv1/scale_unit_rms/loss_v/H64,1.471338391304016
512,1.0,unit_rms,64,v,xv_gm0p03,xv,-0.03,0.0453945142234607,0.0001388788223266,0.1296354681253433,-0.0006157615260862,-0.001638738623094,0.0002913225386426,20260808,/data/users/zhoushunyu/eqvae/experiments/prediction_target_toy_v4_main/seed20260808/D512/curv1/scale_unit_rms/loss_v/H64,1.471338391304016
512,1.0,unit_rms,64,v,xeps_gm0p03,xeps,-0.03,0.0461633599990054,0.000106930732727,0.1370410323143005,-0.0003231566663037,-0.0013881537612742,0.0009141385462844,20260808,/data/users/zhoushunyu/eqvae/experiments/prediction_target_toy_v4_main/seed20260808/D512/curv1/scale_unit_rms/loss_v/H64,1.471338391304016
512,1.0,unit_rms,64,v,xv_tan_gm0p03,xv_tangent,-0.03,0.0455319027230432,0.000138521194458,0.1298582851886749,-0.0006363054981823,-0.001311561058494,-0.0001327186115377,20260808,/data/users/zhoushunyu/eqvae/experiments/prediction_target_toy_v4_main/seed20260808/D512/curv1/scale_unit_rms/loss_v/H64,1.471338391304016
512,1.0,unit_rms,64,v,xv_normcomp_gm0p03,xv_normal,-0.03,0.0462274939783113,0.0001509189605712,0.1310587376356125,1.281048857969709e-05,-0.0006583690701731,0.0006076155821027,20260808,/data/users/zhoushunyu/eqvae/experiments/prediction_target_toy_v4_main/seed20260808/D512/curv1/scale_unit_rms/loss_v/H64,1.471338391304016
512,1.0,unit_rms,64,v,xv_gm0p01,xv,-0.01,0.0461065563564643,0.0001500844955444,0.1308068633079528,-0.0002275526448998,-0.0005884332648035,7.102852683089291e-05,20260808,/data/users/zhoushunyu/eqvae/experiments/prediction_target_toy_v4_main/seed20260808/D512/curv1/scale_unit_rms/loss_v/H64,1.471338391304016
512,1.0,unit_rms,64,v,xeps_gm0p01,xeps,-0.01,0.046490899430527,0.0001384019851684,0.133218303322792,-0.0001092182645842,-0.0005759060843135,0.0004080502148,20260808,/data/users/zhoushunyu/eqvae/experiments/prediction_target_toy_v4_main/seed20260808/D512/curv1/scale_unit_rms/loss_v/H64,1.471338391304016
512,1.0,unit_rms,64,v,xv_tan_gm0p01,xv_tangent,-0.01,0.0462122758091649,0.0001479387283325,0.1308536082506179,-0.0002220989689505,-0.000490479748261,4.8813639861293495e-05,20260808,/data/users/zhoushunyu/eqvae/experiments/prediction_target_toy_v4_main/seed20260808/D512/curv1/scale_unit_rms/loss_v/H64,1.471338391304016
512,1.0,unit_rms,64,v,xv_normcomp_gm0p01,xv_normal,-0.01,0.0464669051846479,0.0001536607742309,0.1312592178583145,6.3215543527107845e-06,-0.0002233545825285,0.0001936320531522,20260808,/data/users/zhoushunyu/eqvae/experiments/prediction_target_toy_v4_main/seed20260808/D512/curv1/scale_unit_rms/loss_v/H64,1.471338391304016
512,1.0,unit_rms,64,v,xv_g0p003,xv,0.003,0.0466695313611402,0.0001513957977294,0.1314490884542465,7.46992483768999e-05,-4.366884044209717e-05,0.0003116371525599,20260808,/data/users/zhoushunyu/eqvae/experiments/prediction_target_toy_v4_main/seed20260808/D512/curv1/scale_unit_rms/loss_v/H64,1.471338391304016
512,1.0,unit_rms,64,v,xeps_g0p003,xeps,0.003,0.0465561582109221,0.0001552104949951,0.1306415647268295,4.408163260367207e-05,-0.0001591634679653,0.0002072221390204,20260808,/data/users/zhoushunyu/eqvae/experiments/prediction_target_toy_v4_main/seed20260808/D512/curv1/scale_unit_rms/loss_v/H64,1.471338391304016
512,1.0,unit_rms,64,v,xv_tan_g0p003,xv_tangent,0.003,0.0466465811879659,0.0001521110534667,0.1314348131418228,7.786361100069813e-05,-7.968125643413417e-06,0.0002355248144884,20260808,/data/users/zhoushunyu/eqvae/experiments/prediction_target_toy_v4_main/seed20260808/D512/curv1/scale_unit_rms/loss_v/H64,1.471338391304016
512,1.0,unit_rms,64,v,xv_normcomp_g0p003,xv_normal,0.003,0.0465736791641293,0.000151515007019,0.1313095390796661,2.709397458425245e-06,-8.106959550041522e-05,0.0001467542658777,20260808,/data/users/zhoushunyu/eqvae/experiments/prediction_target_toy_v4_main/seed20260808/D512/curv1/scale_unit_rms/loss_v/H64,1.471338391304016
512,1.0,unit_rms,64,v,xv_g0p01,xv,0.01,0.0468853582916299,0.0001536607742309,0.1316529065370559,0.0002340634831066,-0.0001403292804814,0.0006555903184461,20260808,/data/users/zhoushunyu/eqvae/experiments/prediction_target_toy_v4_main/seed20260808/D512/curv1/scale_unit_rms/loss_v/H64,1.471338391304016
512,1.0,unit_rms,64,v,xeps_g0p01,xeps,0.01,0.0466003713807885,0.0001657009124755,0.1292666792869568,0.0001472816643256,-0.0002959191062086,0.0005708284910134,20260808,/data/users/zhoushunyu/eqvae/experiments/prediction_target_toy_v4_main/seed20260808/D512/curv1/scale_unit_rms/loss_v/H64,1.471338391304016
512,1.0,unit_rms,64,v,xv_tan_g0p01,xv_tangent,0.01,0.0468536367513652,0.0001558065414428,0.1316933333873748,0.0002375887372607,7.08676604617032e-06,0.0005575834102755,20260808,/data/users/zhoushunyu/eqvae/experiments/prediction_target_toy_v4_main/seed20260808/D512/curv1/scale_unit_rms/loss_v/H64,1.471338391304016
512,1.0,unit_rms,64,v,xv_normcomp_g0p01,xv_normal,0.01,0.0465824196927426,0.0001473426818847,0.1313093155622482,-1.532644861340915e-05,-0.0002490883767916,0.0002144397725025,20260808,/data/users/zhoushunyu/eqvae/experiments/prediction_target_toy_v4_main/seed20260808/D512/curv1/scale_unit_rms/loss_v/H64,1.471338391304016
512,1.0,unit_rms,64,v,xv_g0p03,xv,0.03,0.0476052799644325,0.0001627206802368,0.1322681903839111,0.0007769303967484,-0.0002859298951085,0.0018044739290644,20260808,/data/users/zhoushunyu/eqvae/experiments/prediction_target_toy_v4_main/seed20260808/D512/curv1/scale_unit_rms/loss_v/H64,1.471338391304016
512,1.0,unit_rms,64,v,xeps_g0p03,xeps,0.03,0.0470185520005648,0.0001931190490722,0.125471830368042,0.0004998549900614,-0.0007095060340183,0.0019265331295069,20260808,/data/users/zhoushunyu/eqvae/experiments/prediction_target_toy_v4_main/seed20260808/D512/curv1/scale_unit_rms/loss_v/H64,1.471338391304016
512,1.0,unit_rms,64,v,xv_tan_g0p03,xv_tangent,0.03,0.0475608266893644,0.000172734260559,0.1323709487915039,0.0007584872141156,0.0001587078201697,0.0014914072378995,20260808,/data/users/zhoushunyu/eqvae/experiments/prediction_target_toy_v4_main/seed20260808/D512/curv1/scale_unit_rms/loss_v/H64,1.471338391304016
512,1.0,unit_rms,64,v,xv_normcomp_g0p03,xv_normal,0.03,0.046630946086755,0.0001406669616699,0.1312278509140014,-1.4211018170456266e-05,-0.0005596738988198,0.0005887735862218,20260808,/data/users/zhoushunyu/eqvae/experiments/prediction_target_toy_v4_main/seed20260808/D512/curv1/scale_unit_rms/loss_v/H64,1.471338391304016
512,1.0,unit_rms,64,v,xv_g0p1,xv,0.1,0.0495807911481104,0.0001758337020874,0.1357768476009369,0.0025362140152604,0.0002762991571756,0.0048717676544708,20260808,/data/users/zhoushunyu/eqvae/experiments/prediction_target_toy_v4_main/seed20260808/D512/curv1/scale_unit_rms/loss_v/H64,1.471338391304016
512,1.0,unit_rms,64,v,xeps_g0p1,xeps,0.1,0.049481571260885,0.0003219842910766,0.1146904379129409,0.0023448537446421,-0.0006103534559285,0.0057539651523636,20260808,/data/users/zhoushunyu/eqvae/experiments/prediction_target_toy_v4_main/seed20260808/D512/curv1/scale_unit_rms/loss_v/H64,1.471338391304016
512,1.0,unit_rms,64,v,xv_tan_g0p1,xv_tangent,0.1,0.0497539433960062,0.0002217292785644,0.1348321735858917,0.0026039176472755,0.0008746401618429,0.0044332673171732,20260808,/data/users/zhoushunyu/eqvae/experiments/prediction_target_toy_v4_main/seed20260808/D512/curv1/scale_unit_rms/loss_v/H64,1.471338391304016
512,1.0,unit_rms,64,v,xv_normcomp_g0p1,xv_normal,0.1,0.0467466024285245,0.0001152753829956,0.1317705810070037,2.114901518668777e-05,-0.0018932004370962,0.0014592680382001,20260808,/data/users/zhoushunyu/eqvae/experiments/prediction_target_toy_v4_main/seed20260808/D512/curv1/scale_unit_rms/loss_v/H64,1.471338391304016
512,1.0,unit_rms,64,v,xv_g0p3,xv,0.3,0.0558970058591305,0.0002813339233398,0.1479920297861099,0.0074823226107098,0.0002611243033747,0.013635288489192,20260808,/data/users/zhoushunyu/eqvae/experiments/prediction_target_toy_v4_main/seed20260808/D512/curv1/scale_unit_rms/loss_v/H64,1.471338391304016
512,1.0,unit_rms,64,v,xeps_g0p3,xeps,0.3,0.0649333014787821,0.0011351108551025,0.0941800773143768,0.0143984391490999,0.0035691967501859,0.023270646214296,20260808,/data/users/zhoushunyu/eqvae/experiments/prediction_target_toy_v4_main/seed20260808/D512/curv1/scale_unit_rms/loss_v/H64,1.471338391304016
512,1.0,unit_rms,64,v,xv_tan_g0p3,xv_tangent,0.3,0.0573111935868469,0.0004687309265136,0.141824185848236,0.0088441876680536,0.003948853763389,0.0130690945973916,20260808,/data/users/zhoushunyu/eqvae/experiments/prediction_target_toy_v4_main/seed20260808/D512/curv1/scale_unit_rms/loss_v/H64,1.471338391304016
512,1.0,unit_rms,64,v,xv_normcomp_g0p3,xv_normal,0.3,0.0464042557142545,4.470348358154297e-05,0.1357147693634033,-0.0001575408188672,-0.0051730002516107,0.0036540089115672,20260808,/data/users/zhoushunyu/eqvae/experiments/prediction_target_toy_v4_main/seed20260808/D512/curv1/scale_unit_rms/loss_v/H64,1.471338391304016
512,1.0,unit_rms,64,v,xv_rms_etam0p03,xv_norm,-0.03,0.0428846010747893,8.976459503173828e-05,0.135288268327713,-0.0026403042863897,-0.003910566810369,-0.0012710258518012,20260808,/data/users/zhoushunyu/eqvae/experiments/prediction_target_toy_v4_main/seed20260808/D512/curv1/scale_unit_rms/loss_v/H64,1.471338391304016
512,1.0,unit_rms,64,v,xv_rms_etam0p01,xv_norm,-0.01,0.0450052023394979,0.0001289844512939,0.1309757828712463,-0.0010839062986394,-0.0016041373336598,-0.0005420597481094,20260808,/data/users/zhoushunyu/eqvae/experiments/prediction_target_toy_v4_main/seed20260808/D512/curv1/scale_unit_rms/loss_v/H64,1.471338391304016
512,1.0,unit_rms,64,v,xv_rms_eta0p01,xv_norm,0.01,0.0483272127039699,0.0001804828643798,0.1337199509143829,0.001404278351488,0.0006772838264889,0.001997656051359,20260808,/data/users/zhoushunyu/eqvae/experiments/prediction_target_toy_v4_main/seed20260808/D512/curv1/scale_unit_rms/loss_v/H64,1.471338391304016
512,1.0,unit_rms,64,v,xv_rms_eta0p03,xv_norm,0.03,0.0532352974804206,0.0002669095993041,0.1434761434793472,0.0053824713396773,0.0027326006152524,0.0073810042470401,20260808,/data/users/zhoushunyu/eqvae/experiments/prediction_target_toy_v4_main/seed20260808/D512/curv1/scale_unit_rms/loss_v/H64,1.471338391304016
512,0.0,unit_rms,1024,v,x,x,0.0,0.0525093312514115,0.0011248588562011,0.0009944236371666,0.0,0.0,0.0,20260809,/data/users/zhoushunyu/eqvae/experiments/prediction_target_toy_v4_main/seed20260809/D512/curv0/scale_unit_rms/loss_v/H1024,1.5047855377197266
512,0.0,unit_rms,1024,v,v,v,0.0,0.0671819713077762,0.0022644996643066,0.2142991125583648,0.0225577904394952,-0.0030601317678856,0.0386282010897181,20260809,/data/users/zhoushunyu/eqvae/experiments/prediction_target_toy_v4_main/seed20260809/D512/curv0/scale_unit_rms/loss_v/H1024,1.5047855377197266
512,0.0,unit_rms,1024,v,eps,eps,0.0,0.3251514551929784,0.0457473993301391,1.3604360818862915,0.2688229640577855,0.2049320831830478,0.3234749206897744,20260809,/data/users/zhoushunyu/eqvae/experiments/prediction_target_toy_v4_main/seed20260809/D512/curv0/scale_unit_rms/loss_v/H1024,1.5047855377197266
512,0.0,unit_rms,1024,v,oracle,oracle,0.0,0.0496407259570154,0.0006799697875976,0.0005252931150607,0.0143305009161992,-0.0287529846728337,0.0476805835152523,20260809,/data/users/zhoushunyu/eqvae/experiments/prediction_target_toy_v4_main/seed20260809/D512/curv0/scale_unit_rms/loss_v/H1024,1.5047855377197266
512,0.0,unit_rms,1024,v,xv_gm0p1,xv,-0.1,0.0512422640797027,0.0011241436004638,0.0023750592954456,0.0007725370201854,-0.0022958448175939,0.0035253367942809,20260809,/data/users/zhoushunyu/eqvae/experiments/prediction_target_toy_v4_main/seed20260809/D512/curv0/scale_unit_rms/loss_v/H1024,1.5047855377197266
512,0.0,unit_rms,1024,v,xeps_gm0p1,xeps,-0.1,0.0268953876516642,8.809566497802734e-05,0.0031997344922274,-0.013015102403197,-0.0271831523018244,0.0118380523113173,20260809,/data/users/zhoushunyu/eqvae/experiments/prediction_target_toy_v4_main/seed20260809/D512/curv0/scale_unit_rms/loss_v/H1024,1.5047855377197266
512,0.0,unit_rms,1024,v,xv_tan_gm0p1,xv_tangent,-0.1,0.0511760581768959,0.0011205673217773,0.0009881795849651,0.0007469888524499,-0.0022673873795373,0.0034462688267515,20260809,/data/users/zhoushunyu/eqvae/experiments/prediction_target_toy_v4_main/seed20260809/D512/curv0/scale_unit_rms/loss_v/H1024,1.5047855377197266
512,0.0,unit_rms,1024,v,xv_normcomp_gm0p1,xv_normal,-0.1,0.0525079536495012,0.0011271238327026,0.002378431847319,1.1317037186086704e-05,-0.0001711327434819,0.000125637830583,20260809,/data/users/zhoushunyu/eqvae/experiments/prediction_target_toy_v4_main/seed20260809/D512/curv0/scale_unit_rms/loss_v/H1024,1.5047855377197266
512,0.0,unit_rms,1024,v,xv_gm0p03,xv,-0.03,0.0519450589044878,0.0011165142059326,0.0011603060411289,0.0001880902141615,-0.0006675546139504,0.0009759329825599,20260809,/data/users/zhoushunyu/eqvae/experiments/prediction_target_toy_v4_main/seed20260809/D512/curv0/scale_unit_rms/loss_v/H1024,1.5047855377197266
512,0.0,unit_rms,1024,v,xeps_gm0p03,xeps,-0.03,0.0432977583736836,0.0006806850433349,0.0012311624595895,-0.0055972761169094,-0.0088307054193348,0.0008756191815527,20260809,/data/users/zhoushunyu/eqvae/experiments/prediction_target_toy_v4_main/seed20260809/D512/curv0/scale_unit_rms/loss_v/H1024,1.5047855377197266
512,0.0,unit_rms,1024,v,xv_tan_gm0p03,xv_tangent,-0.03,0.0519390927163196,0.0011179447174072,0.0009922422468662,0.0001864105654566,-0.0006536419614547,0.0009801664273762,20260809,/data/users/zhoushunyu/eqvae/experiments/prediction_target_toy_v4_main/seed20260809/D512/curv0/scale_unit_rms/loss_v/H1024,1.5047855377197266
512,0.0,unit_rms,1024,v,xv_normcomp_gm0p03,xv_normal,-0.03,0.0525088587635333,0.0011252164840698,0.0011622699676081,3.030085825109774e-06,-6.029596758815401e-05,3.628651633046596e-05,20260809,/data/users/zhoushunyu/eqvae/experiments/prediction_target_toy_v4_main/seed20260809/D512/curv0/scale_unit_rms/loss_v/H1024,1.5047855377197266
512,0.0,unit_rms,1024,v,xv_gm0p01,xv,-0.01,0.052279431692436,0.0011199712753295,0.0010116465855389,5.000168837740363e-05,-0.000230648590673,0.0003097776311316,20260809,/data/users/zhoushunyu/eqvae/experiments/prediction_target_toy_v4_main/seed20260809/D512/curv0/scale_unit_rms/loss_v/H1024,1.5047855377197266
512,0.0,unit_rms,1024,v,xeps_gm0p01,xeps,-0.01,0.0493024570394761,0.0009632110595703,0.0010199887910857,-0.002006451412622,-0.0030725773823966,-9.921002589225798e-05,20260809,/data/users/zhoushunyu/eqvae/experiments/prediction_target_toy_v4_main/seed20260809/D512/curv0/scale_unit_rms/loss_v/H1024,1.5047855377197266
512,0.0,unit_rms,1024,v,xv_tan_gm0p01,xv_tangent,-0.01,0.052278227758708,0.0011194944381713,0.0009935663547366,4.959043678708474e-05,-0.0002245749617245,0.0003072129975536,20260809,/data/users/zhoushunyu/eqvae/experiments/prediction_target_toy_v4_main/seed20260809/D512/curv0/scale_unit_rms/loss_v/H1024,1.5047855377197266
512,0.0,unit_rms,1024,v,xv_normcomp_gm0p01,xv_normal,-0.01,0.0525092903203404,0.0011249780654907,0.0010125003755092,1.0209936390287444e-06,-1.911179546890407e-05,1.2230578428642864e-05,20260809,/data/users/zhoushunyu/eqvae/experiments/prediction_target_toy_v4_main/seed20260809/D512/curv0/scale_unit_rms/loss_v/H1024,1.5047855377197266
512,0.0,unit_rms,1024,v,xv_g0p003,xv,0.003,0.0525892780033049,0.0011273622512817,0.0009972000261768,-8.905633269560704e-06,-0.000100507537133,0.0001067265327457,20260809,/data/users/zhoushunyu/eqvae/experiments/prediction_target_toy_v4_main/seed20260809/D512/curv0/scale_unit_rms/loss_v/H1024,1.5047855377197266
512,0.0,unit_rms,1024,v,xeps_g0p003,xeps,0.003,0.0534937626311071,0.0011773109436035,0.0009962634649127,0.0006516057220929,3.4010159884352226e-05,0.0009977306587258,20260809,/data/users/zhoushunyu/eqvae/experiments/prediction_target_toy_v4_main/seed20260809/D512/curv0/scale_unit_rms/loss_v/H1024,1.5047855377197266
512,0.0,unit_rms,1024,v,xv_tan_g0p003,xv_tangent,0.003,0.0525891358334909,0.0011261701583862,0.0009946175850927,-8.630266786434082e-06,-9.980715146843434e-05,0.0001067531387316,20260809,/data/users/zhoushunyu/eqvae/experiments/prediction_target_toy_v4_main/seed20260809/D512/curv0/scale_unit_rms/loss_v/H1024,1.5047855377197266
512,0.0,unit_rms,1024,v,xv_normcomp_g0p003,xv_normal,0.003,0.0525092907742672,0.0011247396469116,0.00099700584542,-3.271645173554688e-07,-3.6361907299501534e-06,5.014409240200466e-06,20260809,/data/users/zhoushunyu/eqvae/experiments/prediction_target_toy_v4_main/seed20260809/D512/curv0/scale_unit_rms/loss_v/H1024,1.5047855377197266
512,0.0,unit_rms,1024,v,xv_g0p01,xv,0.01,0.0527418564403628,0.0011279582977294,0.0010167736327275,-3.0367959505871386e-05,-0.0003419340010834,0.0003461927650973,20260809,/data/users/zhoushunyu/eqvae/experiments/prediction_target_toy_v4_main/seed20260809/D512/curv0/scale_unit_rms/loss_v/H1024,1.5047855377197266
512,0.0,unit_rms,1024,v,xeps_g0p01,xeps,0.01,0.055626007296059,0.0012978315353393,0.0010156278731301,0.0021256826876514,0.0003524514361017,0.0030987185514603,20260809,/data/users/zhoushunyu/eqvae/experiments/prediction_target_toy_v4_main/seed20260809/D512/curv0/scale_unit_rms/loss_v/H1024,1.5047855377197266
512,0.0,unit_rms,1024,v,xv_tan_g0p01,xv_tangent,0.01,0.0527404704004473,0.0011273622512817,0.0009948292281478,-3.016169512917444e-05,-0.0003411104777896,0.0003480442503712,20260809,/data/users/zhoushunyu/eqvae/experiments/prediction_target_toy_v4_main/seed20260809/D512/curv0/scale_unit_rms/loss_v/H1024,1.5047855377197266
512,0.0,unit_rms,1024,v,xv_normcomp_g0p01,xv_normal,0.01,0.052509060241291,0.0011247396469116,0.0010163707192987,-1.1111898841096452e-06,-1.223391540510488e-05,1.5815039867904388e-05,20260809,/data/users/zhoushunyu/eqvae/experiments/prediction_target_toy_v4_main/seed20260809/D512/curv0/scale_unit_rms/loss_v/H1024,1.5047855377197266
512,0.0,unit_rms,1024,v,xv_g0p03,xv,0.03,0.0529990183637895,0.0011309385299682,0.0011509287869557,-7.920453825948518e-05,-0.0008996060431313,0.0007712147133484,20260809,/data/users/zhoushunyu/eqvae/experiments/prediction_target_toy_v4_main/seed20260809/D512/curv0/scale_unit_rms/loss_v/H1024,1.5047855377197266
512,0.0,unit_rms,1024,v,xeps_g0p03,xeps,0.03,0.0614327866077785,0.0016602277755737,0.0011463683331385,0.0065786098018634,0.0012584273476616,0.0093924810296161,20260809,/data/users/zhoushunyu/eqvae/experiments/prediction_target_toy_v4_main/seed20260809/D512/curv0/scale_unit_rms/loss_v/H1024,1.5047855377197266
512,0.0,unit_rms,1024,v,xv_tan_g0p03,xv_tangent,0.03,0.052999113062475,0.0011324882507324,0.0009954501874744,-8.294257106189244e-05,-0.0009253800500304,0.0007681581217107,20260809,/data/users/zhoushunyu/eqvae/experiments/prediction_target_toy_v4_main/seed20260809/D512/curv0/scale_unit_rms/loss_v/H1024,1.5047855377197266
512,0.0,unit_rms,1024,v,xv_normcomp_g0p03,xv_normal,0.03,0.0525072659100033,0.0011237859725952,0.0011500068940222,-3.3589547535341907e-06,-3.7036883663556407e-05,4.255007638401771e-05,20260809,/data/users/zhoushunyu/eqvae/experiments/prediction_target_toy_v4_main/seed20260809/D512/curv0/scale_unit_rms/loss_v/H1024,1.5047855377197266
512,0.0,unit_rms,1024,v,xv_g0p1,xv,0.1,0.0537759862573651,0.0011404752731323,0.0019267845200374,-0.0006177607270665,-0.0032075485848862,0.002289265705083,20260809,/data/users/zhoushunyu/eqvae/experiments/prediction_target_toy_v4_main/seed20260809/D512/curv0/scale_unit_rms/loss_v/H1024,1.5047855377197266
512,0.0,unit_rms,1024,v,xeps_g0p1,xeps,0.1,0.0828678124041103,0.0032883882522583,0.0017058877274394,0.024156008249651,0.0103450877371683,0.030702655236079,20260809,/data/users/zhoushunyu/eqvae/experiments/prediction_target_toy_v4_main/seed20260809/D512/curv0/scale_unit_rms/loss_v/H1024,1.5047855377197266
512,0.0,unit_rms,1024,v,xv_tan_g0p1,xv_tangent,0.1,0.0537788020002721,0.0011409521102905,0.0010001481277868,-0.0006019486419108,-0.0031705130852256,0.0023050775485146,20260809,/data/users/zhoushunyu/eqvae/experiments/prediction_target_toy_v4_main/seed20260809/D512/curv0/scale_unit_rms/loss_v/H1024,1.5047855377197266
512,0.0,unit_rms,1024,v,xv_normcomp_g0p1,xv_normal,0.1,0.0524933942775776,0.0011221170425415,0.0019232615595683,-9.64655589561679e-06,-0.0001195975464343,0.0001525669201936,20260809,/data/users/zhoushunyu/eqvae/experiments/prediction_target_toy_v4_main/seed20260809/D512/curv0/scale_unit_rms/loss_v/H1024,1.5047855377197266
512,0.0,unit_rms,1024,v,xv_g0p3,xv,0.3,0.0572340497881325,0.0012378692626953,0.0038140777032822,-0.00077875319293,-0.0084690371057514,0.0084825426885881,20260809,/data/users/zhoushunyu/eqvae/experiments/prediction_target_toy_v4_main/seed20260809/D512/curv0/scale_unit_rms/loss_v/H1024,1.5047855377197266
512,0.0,unit_rms,1024,v,xeps_g0p3,xeps,0.3,0.1423402083285153,0.0105434656143188,0.0021067901980131,0.0808495267266254,0.0603772135231672,0.0924334126529074,20260809,/data/users/zhoushunyu/eqvae/experiments/prediction_target_toy_v4_main/seed20260809/D512/curv0/scale_unit_rms/loss_v/H1024,1.5047855377197266
512,0.0,unit_rms,1024,v,xv_tan_g0p3,xv_tangent,0.3,0.0573924155090829,0.0012464523315429,0.0010162628022953,-0.0006857912173151,-0.0080780026464003,0.0084874109626082,20260809,/data/users/zhoushunyu/eqvae/experiments/prediction_target_toy_v4_main/seed20260809/D512/curv0/scale_unit_rms/loss_v/H1024,1.5047855377197266
512,0.0,unit_rms,1024,v,xv_normcomp_g0p3,xv_normal,0.3,0.0524562679908464,0.001118779182434,0.0038057228084653,-4.603581455672627e-05,-0.0003351076498857,0.0003841780674877,20260809,/data/users/zhoushunyu/eqvae/experiments/prediction_target_toy_v4_main/seed20260809/D512/curv0/scale_unit_rms/loss_v/H1024,1.5047855377197266
512,0.0,unit_rms,1024,v,xv_rms_etam0p03,xv_norm,-0.03,0.052943677709205,0.0013327598571777,0.029486833140254,0.0037289434472114,-0.0033162955921066,0.0088612634909987,20260809,/data/users/zhoushunyu/eqvae/experiments/prediction_target_toy_v4_main/seed20260809/D512/curv0/scale_unit_rms/loss_v/H1024,1.5047855377197266
512,0.0,unit_rms,1024,v,xv_rms_etam0p01,xv_norm,-0.01,0.0522672683823512,0.001190185546875,0.0096454620361328,0.0011941321656992,-0.0017921839984824,0.0032413742215363,20260809,/data/users/zhoushunyu/eqvae/experiments/prediction_target_toy_v4_main/seed20260809/D512/curv0/scale_unit_rms/loss_v/H1024,1.5047855377197266
512,0.0,unit_rms,1024,v,xv_rms_eta0p01,xv_norm,0.01,0.0532711882352883,0.0010707378387451,0.0086725754663348,-0.0007515563665779,-0.003550470872699,0.0033664370634846,20260809,/data/users/zhoushunyu/eqvae/experiments/prediction_target_toy_v4_main/seed20260809/D512/curv0/scale_unit_rms/loss_v/H1024,1.5047855377197266
512,0.0,unit_rms,1024,v,xv_rms_eta0p03,xv_norm,0.03,0.05851457162394,0.0011732578277587,0.0092544760555028,0.0016761764659239,-0.0112427319732522,0.0189532053765956,20260809,/data/users/zhoushunyu/eqvae/experiments/prediction_target_toy_v4_main/seed20260809/D512/curv0/scale_unit_rms/loss_v/H1024,1.5047855377197266
512,0.0,unit_rms,128,v,x,x,0.0,0.06420288875564,0.000934362411499,0.0022914086002856,0.0,0.0,0.0,20260809,/data/users/zhoushunyu/eqvae/experiments/prediction_target_toy_v4_main/seed20260809/D512/curv0/scale_unit_rms/loss_v/H128,1.4316812753677368
512,0.0,unit_rms,128,v,v,v,0.0,0.076601137734231,0.0012338161468505,0.9088332056999208,0.0123686247489149,0.0008599218257771,0.0239548024979903,20260809,/data/users/zhoushunyu/eqvae/experiments/prediction_target_toy_v4_main/seed20260809/D512/curv0/scale_unit_rms/loss_v/H128,1.4316812753677368
512,0.0,unit_rms,128,v,eps,eps,0.0,1.4626911262929478,0.2727899253368377,42.88750076293945,1.3801368222965726,1.313256524228695,1.4444419741422958,20260809,/data/users/zhoushunyu/eqvae/experiments/prediction_target_toy_v4_main/seed20260809/D512/curv0/scale_unit_rms/loss_v/H128,1.4316812753677368
512,0.0,unit_rms,128,v,oracle,oracle,0.0,0.0760751728308148,0.0022863149642944,0.0005270468536764,0.0056874857443992,-0.0151708565608176,0.0241411058434665,20260809,/data/users/zhoushunyu/eqvae/experiments/prediction_target_toy_v4_main/seed20260809/D512/curv0/scale_unit_rms/loss_v/H128,1.4316812753677368
512,0.0,unit_rms,128,v,xv_gm0p1,xv,-0.1,0.0637515862702934,0.0008738040924072,0.0037280542310327,-4.930262674291752e-05,-0.0012032062952915,0.0013389044861152,20260809,/data/users/zhoushunyu/eqvae/experiments/prediction_target_toy_v4_main/seed20260809/D512/curv0/scale_unit_rms/loss_v/H128,1.4316812753677368
512,0.0,unit_rms,128,v,xeps_gm0p1,xeps,-0.1,0.0633062323969271,0.0007011890411376,0.0049403668381273,0.0017993602347922,-0.0111321580634878,0.0172215817014788,20260809,/data/users/zhoushunyu/eqvae/experiments/prediction_target_toy_v4_main/seed20260809/D512/curv0/scale_unit_rms/loss_v/H128,1.4316812753677368
512,0.0,unit_rms,128,v,xv_tan_gm0p1,xv_tangent,-0.1,0.0637523220034277,0.0008735656738281,0.0023119891993701,-6.27736897705828e-05,-0.0011290457485829,0.0012150310424534,20260809,/data/users/zhoushunyu/eqvae/experiments/prediction_target_toy_v4_main/seed20260809/D512/curv0/scale_unit_rms/loss_v/H128,1.4316812753677368
512,0.0,unit_rms,128,v,xv_normcomp_gm0p1,xv_normal,-0.1,0.0641761281835001,0.0009320974349975,0.0037139491178095,-1.21518164351387e-05,-0.0001480300337948,0.0001518525714857,20260809,/data/users/zhoushunyu/eqvae/experiments/prediction_target_toy_v4_main/seed20260809/D512/curv0/scale_unit_rms/loss_v/H128,1.4316812753677368
512,0.0,unit_rms,128,v,xv_gm0p03,xv,-0.03,0.0640213952536799,0.0009135007858276,0.0023901152890175,-5.0359556800147686e-05,-0.0004015214575993,0.000376072368819,20260809,/data/users/zhoushunyu/eqvae/experiments/prediction_target_toy_v4_main/seed20260809/D512/curv0/scale_unit_rms/loss_v/H128,1.4316812753677368
512,0.0,unit_rms,128,v,xeps_gm0p03,xeps,-0.03,0.0612212099380094,0.0006779432296752,0.0024417915847152,-0.0016408703208137,-0.0053411001247293,0.00329130001857,20260809,/data/users/zhoushunyu/eqvae/experiments/prediction_target_toy_v4_main/seed20260809/D512/curv0/scale_unit_rms/loss_v/H128,1.4316812753677368
512,0.0,unit_rms,128,v,xv_tan_gm0p03,xv_tangent,-0.03,0.0640269549539786,0.0009140968322753,0.0022975138854235,-4.907762069217267e-05,-0.0003708563332192,0.0003457615357108,20260809,/data/users/zhoushunyu/eqvae/experiments/prediction_target_toy_v4_main/seed20260809/D512/curv0/scale_unit_rms/loss_v/H128,1.4316812753677368
512,0.0,unit_rms,128,v,xv_normcomp_gm0p03,xv_normal,-0.03,0.0641950873973393,0.0009325742721557,0.0023842025548219,-3.690799128906949e-06,-4.4310881977218175e-05,4.607398510991337e-05,20260809,/data/users/zhoushunyu/eqvae/experiments/prediction_target_toy_v4_main/seed20260809/D512/curv0/scale_unit_rms/loss_v/H128,1.4316812753677368
512,0.0,unit_rms,128,v,xv_gm0p01,xv,-0.01,0.06413835827348,0.0009260177612304,0.0022986503317952,-2.0174824934810905e-05,-0.0001377875526879,0.0001224103656052,20260809,/data/users/zhoushunyu/eqvae/experiments/prediction_target_toy_v4_main/seed20260809/D512/curv0/scale_unit_rms/loss_v/H128,1.4316812753677368
512,0.0,unit_rms,128,v,xeps_gm0p01,xeps,-0.01,0.0629610865480735,0.0008314847946166,0.0023064017295837,-0.0007572529569421,-0.0019375731634172,0.000888450302799,20260809,/data/users/zhoushunyu/eqvae/experiments/prediction_target_toy_v4_main/seed20260809/D512/curv0/scale_unit_rms/loss_v/H128,1.4316812753677368
512,0.0,unit_rms,128,v,xv_tan_gm0p01,xv_tangent,-0.01,0.0641407076381902,0.0009273290634155,0.0022934356238693,-1.9206540219325608e-05,-0.000126707084299,0.0001128039746329,20260809,/data/users/zhoushunyu/eqvae/experiments/prediction_target_toy_v4_main/seed20260809/D512/curv0/scale_unit_rms/loss_v/H128,1.4316812753677368
512,0.0,unit_rms,128,v,xv_normcomp_gm0p01,xv_normal,-0.01,0.0642002942370847,0.0009322166442871,0.0022966326214373,-1.2463110123216853e-06,-1.4773717886464032e-05,1.539407133900501e-05,20260809,/data/users/zhoushunyu/eqvae/experiments/prediction_target_toy_v4_main/seed20260809/D512/curv0/scale_unit_rms/loss_v/H128,1.4316812753677368
512,0.0,unit_rms,128,v,xv_g0p003,xv,0.003,0.0642230244968947,0.0009371042251586,0.0022933681029826,6.720418576000309e-06,-3.6099794039769206e-05,4.208741935227183e-05,20260809,/data/users/zhoushunyu/eqvae/experiments/prediction_target_toy_v4_main/seed20260809/D512/curv0/scale_unit_rms/loss_v/H128,1.4316812753677368
512,0.0,unit_rms,128,v,xeps_g0p003,xeps,0.003,0.0646207084153871,0.0009671449661254,0.0022916132584214,0.0002675297902834,-0.0002237166427412,0.0006105999591243,20260809,/data/users/zhoushunyu/eqvae/experiments/prediction_target_toy_v4_main/seed20260809/D512/curv0/scale_unit_rms/loss_v/H128,1.4316812753677368
512,0.0,unit_rms,128,v,xv_tan_g0p003,xv_tangent,0.003,0.0642222239157158,0.0009360313415527,0.0022908023092895,6.320225781012434e-06,-3.329950000046551e-05,3.861107417045174e-05,20260809,/data/users/zhoushunyu/eqvae/experiments/prediction_target_toy_v4_main/seed20260809/D512/curv0/scale_unit_rms/loss_v/H128,1.4316812753677368
512,0.0,unit_rms,128,v,xv_normcomp_g0p003,xv_normal,0.003,0.0642036699698726,0.0009335279464721,0.0022939746268093,3.7806392335387737e-07,-4.621380859989172e-06,4.443551009590887e-06,20260809,/data/users/zhoushunyu/eqvae/experiments/prediction_target_toy_v4_main/seed20260809/D512/curv0/scale_unit_rms/loss_v/H128,1.4316812753677368
512,0.0,unit_rms,128,v,xv_g0p01,xv,0.01,0.0642713317761383,0.0009421110153198,0.0023042692337185,2.356534658334033e-05,-0.0001193136405019,0.0001415157263461,20260809,/data/users/zhoushunyu/eqvae/experiments/prediction_target_toy_v4_main/seed20260809/D512/curv0/scale_unit_rms/loss_v/H128,1.4316812753677368
512,0.0,unit_rms,128,v,xeps_g0p01,xeps,0.01,0.0656735012378916,0.0010544061660766,0.0022984172683209,0.0009631330806359,-0.0006689940371946,0.0020871800187477,20260809,/data/users/zhoushunyu/eqvae/experiments/prediction_target_toy_v4_main/seed20260809/D512/curv0/scale_unit_rms/loss_v/H128,1.4316812753677368
512,0.0,unit_rms,128,v,xv_tan_g0p01,xv_tangent,0.01,0.0642685016022119,0.000939130783081,0.0022893904242664,2.2045084481414208e-05,-0.0001101335813808,0.0001296872180252,20260809,/data/users/zhoushunyu/eqvae/experiments/prediction_target_toy_v4_main/seed20260809/D512/curv0/scale_unit_rms/loss_v/H128,1.4316812753677368
512,0.0,unit_rms,128,v,xv_normcomp_g0p01,xv_normal,0.01,0.0642054856765817,0.0009354352951049,0.0023062878753989,1.2600234162706004e-06,-1.5415337205781575e-05,1.4796080137680771e-05,20260809,/data/users/zhoushunyu/eqvae/experiments/prediction_target_toy_v4_main/seed20260809/D512/curv0/scale_unit_rms/loss_v/H128,1.4316812753677368
512,0.0,unit_rms,128,v,xv_g0p03,xv,0.03,0.0644193793882105,0.0009557008743286,0.0023720394819974,8.064711315822718e-05,-0.0003494096771442,0.0004355237101843,20260809,/data/users/zhoushunyu/eqvae/experiments/prediction_target_toy_v4_main/seed20260809/D512/curv0/scale_unit_rms/loss_v/H128,1.4316812753677368
512,0.0,unit_rms,128,v,xeps_g0p03,xeps,0.03,0.0692285301995825,0.0013411045074462,0.0023471454624086,0.003478918542697,-0.0013135946129394,0.0066690428546043,20260809,/data/users/zhoushunyu/eqvae/experiments/prediction_target_toy_v4_main/seed20260809/D512/curv0/scale_unit_rms/loss_v/H128,1.4316812753677368
512,0.0,unit_rms,128,v,xv_tan_g0p03,xv_tangent,0.03,0.0644095140445825,0.000955581665039,0.0022853817790746,7.437636116714462e-05,-0.0003228895717682,0.0003974698361164,20260809,/data/users/zhoushunyu/eqvae/experiments/prediction_target_toy_v4_main/seed20260809/D512/curv0/scale_unit_rms/loss_v/H128,1.4316812753677368
512,0.0,unit_rms,128,v,xv_normcomp_g0p03,xv_normal,0.03,0.0642106487009505,0.0009346008300781,0.0023780080955475,3.803129318953394e-06,-4.6317835268300594e-05,4.426979347155087e-05,20260809,/data/users/zhoushunyu/eqvae/experiments/prediction_target_toy_v4_main/seed20260809/D512/curv0/scale_unit_rms/loss_v/H128,1.4316812753677368
512,0.0,unit_rms,128,v,xv_g0p1,xv,0.1,0.0650465904515168,0.0010154247283935,0.0027375074569135,0.0003842404413817,-0.0010578196426344,0.0015779103626324,20260809,/data/users/zhoushunyu/eqvae/experiments/prediction_target_toy_v4_main/seed20260809/D512/curv0/scale_unit_rms/loss_v/H128,1.4316812753677368
512,0.0,unit_rms,128,v,xeps_g0p1,xeps,0.1,0.0867668014937336,0.0028780698776245,0.0025299377739429,0.0176848689747929,0.0040534682155213,0.0263508782342814,20260809,/data/users/zhoushunyu/eqvae/experiments/prediction_target_toy_v4_main/seed20260809/D512/curv0/scale_unit_rms/loss_v/H128,1.4316812753677368
512,0.0,unit_rms,128,v,xv_tan_g0p1,xv_tangent,0.1,0.0649962871164464,0.0010128021240234,0.0022716938983649,0.0003422020287153,-0.000990916876836,0.0014245671991603,20260809,/data/users/zhoushunyu/eqvae/experiments/prediction_target_toy_v4_main/seed20260809/D512/curv0/scale_unit_rms/loss_v/H128,1.4316812753677368
512,0.0,unit_rms,128,v,xv_normcomp_g0p1,xv_normal,0.1,0.0642287191018869,0.0009359121322631,0.0027555439155548,1.3220271967389133e-05,-0.0001544823748329,0.0001469247148649,20260809,/data/users/zhoushunyu/eqvae/experiments/prediction_target_toy_v4_main/seed20260809/D512/curv0/scale_unit_rms/loss_v/H128,1.4316812753677368
512,0.0,unit_rms,128,v,xv_g0p3,xv,0.3,0.0677250987082661,0.0012397766113281,0.0032105369027704,0.002094272813429,-0.0022350131538186,0.0056483844308657,20260809,/data/users/zhoushunyu/eqvae/experiments/prediction_target_toy_v4_main/seed20260809/D512/curv0/scale_unit_rms/loss_v/H128,1.4316812753677368
512,0.0,unit_rms,128,v,xeps_g0p3,xeps,0.3,0.1596255844486297,0.0119925737380981,0.0024936813861131,0.0872204363653098,0.0654237490827107,0.1020567057313671,20260809,/data/users/zhoushunyu/eqvae/experiments/prediction_target_toy_v4_main/seed20260809/D512/curv0/scale_unit_rms/loss_v/H128,1.4316812753677368
512,0.0,unit_rms,128,v,xv_tan_g0p3,xv_tangent,0.3,0.0673541295620039,0.0012134313583374,0.0022339893039315,0.0017559510219793,-0.00233624646318,0.0049711465520148,20260809,/data/users/zhoushunyu/eqvae/experiments/prediction_target_toy_v4_main/seed20260809/D512/curv0/scale_unit_rms/loss_v/H128,1.4316812753677368
512,0.0,unit_rms,128,v,xv_normcomp_g0p3,xv_normal,0.3,0.0642822422673021,0.0009386539459228,0.0032580886036157,4.472840822477481e-05,-0.0004570659006473,0.0004368820052773,20260809,/data/users/zhoushunyu/eqvae/experiments/prediction_target_toy_v4_main/seed20260809/D512/curv0/scale_unit_rms/loss_v/H128,1.4316812753677368
512,0.0,unit_rms,128,v,xv_rms_etam0p03,xv_norm,-0.03,0.0660430498673215,0.0009980201721191,0.0293435361236333,0.0013880450778058,-0.0004188525291264,0.0032480147729492,20260809,/data/users/zhoushunyu/eqvae/experiments/prediction_target_toy_v4_main/seed20260809/D512/curv0/scale_unit_rms/loss_v/H128,1.4316812753677368
512,0.0,unit_rms,128,v,xv_rms_etam0p01,xv_norm,-0.01,0.0649758300209639,0.0009621381759643,0.0098477657884359,0.0005489095524177,-0.0002512261176979,0.001355465689591,20260809,/data/users/zhoushunyu/eqvae/experiments/prediction_target_toy_v4_main/seed20260809/D512/curv0/scale_unit_rms/loss_v/H128,1.4316812753677368
512,0.0,unit_rms,128,v,xv_rms_eta0p01,xv_norm,0.01,0.0630840073721325,0.0008898973464965,0.0090424250811338,-0.0007137980234935,-0.0020074594601157,0.000693910967731,20260809,/data/users/zhoushunyu/eqvae/experiments/prediction_target_toy_v4_main/seed20260809/D512/curv0/scale_unit_rms/loss_v/H128,1.4316812753677368
512,0.0,unit_rms,128,v,xv_rms_eta0p03,xv_norm,0.03,0.0623687654420157,0.0008972883224487,0.0099117625504732,-0.0004868569005416,-0.0077448924664727,0.0072833548830036,20260809,/data/users/zhoushunyu/eqvae/experiments/prediction_target_toy_v4_main/seed20260809/D512/curv0/scale_unit_rms/loss_v/H128,1.4316812753677368
512,0.0,unit_rms,256,v,x,x,0.0,0.043626424470845,0.0003931522369384,0.0015871793730184,0.0,0.0,0.0,20260809,/data/users/zhoushunyu/eqvae/experiments/prediction_target_toy_v4_main/seed20260809/D512/curv0/scale_unit_rms/loss_v/H256,1.4273900985717771
512,0.0,unit_rms,256,v,v,v,0.0,0.0967424202941427,0.0032402276992797,0.8187100291252136,0.0440628480677714,0.0283581597537548,0.0557164327365882,20260809,/data/users/zhoushunyu/eqvae/experiments/prediction_target_toy_v4_main/seed20260809/D512/curv0/scale_unit_rms/loss_v/H256,1.4273900985717771
512,0.0,unit_rms,256,v,eps,eps,0.0,1.4752241663908965,0.2737171947956085,36.57085418701172,1.4289772134183591,1.36077100862916,1.5072201194307384,20260809,/data/users/zhoushunyu/eqvae/experiments/prediction_target_toy_v4_main/seed20260809/D512/curv0/scale_unit_rms/loss_v/H256,1.4273900985717771
512,0.0,unit_rms,256,v,oracle,oracle,0.0,0.0540583642684458,0.0008990764617919,0.0005283108330331,0.0081509258850916,-0.0146330755667779,0.0300949104158927,20260809,/data/users/zhoushunyu/eqvae/experiments/prediction_target_toy_v4_main/seed20260809/D512/curv0/scale_unit_rms/loss_v/H256,1.4273900985717771
512,0.0,unit_rms,256,v,xv_gm0p1,xv,-0.1,0.0462964668794166,0.0004996061325073,0.0032201979774981,0.0016081094169424,-0.0009723915607577,0.0031086141778072,20260809,/data/users/zhoushunyu/eqvae/experiments/prediction_target_toy_v4_main/seed20260809/D512/curv0/scale_unit_rms/loss_v/H256,1.4273900985717771
512,0.0,unit_rms,256,v,xeps_gm0p1,xeps,-0.1,0.0472077316368763,0.0003931522369384,0.0043280404061079,0.0036619797162373,-0.0148949000030917,0.0243673795323432,20260809,/data/users/zhoushunyu/eqvae/experiments/prediction_target_toy_v4_main/seed20260809/D512/curv0/scale_unit_rms/loss_v/H256,1.4273900985717771
512,0.0,unit_rms,256,v,xv_tan_gm0p1,xv_tangent,-0.1,0.0464629864470714,0.0005102157592773,0.0016359488945454,0.0017225231746708,-0.0009021941691687,0.0032691447484187,20260809,/data/users/zhoushunyu/eqvae/experiments/prediction_target_toy_v4_main/seed20260809/D512/curv0/scale_unit_rms/loss_v/H256,1.4273900985717771
512,0.0,unit_rms,256,v,xv_normcomp_gm0p1,xv_normal,-0.1,0.0434568384132213,0.0003819465637207,0.0031940010376274,-0.0001097456231559,-0.0002627422775893,7.543184278582435e-05,20260809,/data/users/zhoushunyu/eqvae/experiments/prediction_target_toy_v4_main/seed20260809/D512/curv0/scale_unit_rms/loss_v/H256,1.4273900985717771
512,0.0,unit_rms,256,v,xv_gm0p03,xv,-0.03,0.0443812671186289,0.0004228353500366,0.0017277091974392,0.0004386138728564,-0.0003511111544663,0.0009053595372802,20260809,/data/users/zhoushunyu/eqvae/experiments/prediction_target_toy_v4_main/seed20260809/D512/curv0/scale_unit_rms/loss_v/H256,1.4273900985717771
512,0.0,unit_rms,256,v,xeps_gm0p03,xeps,-0.03,0.0382049782981194,0.0001437664031982,0.0017782112117856,-0.0032202646376608,-0.0094573847576838,0.0042024236950207,20260809,/data/users/zhoushunyu/eqvae/experiments/prediction_target_toy_v4_main/seed20260809/D512/curv0/scale_unit_rms/loss_v/H256,1.4273900985717771
512,0.0,unit_rms,256,v,xv_tan_gm0p03,xv_tangent,-0.03,0.0444233976195982,0.000426173210144,0.0016010974068194,0.0004663815171921,-0.000335373257114,0.0009427588855934,20260809,/data/users/zhoushunyu/eqvae/experiments/prediction_target_toy_v4_main/seed20260809/D512/curv0/scale_unit_rms/loss_v/H256,1.4273900985717771
512,0.0,unit_rms,256,v,xv_normcomp_gm0p03,xv_normal,-0.03,0.0435838951862104,0.0003911256790161,0.0017147946637123,-2.7485810538706023e-05,-7.298347768703618e-05,2.8843421634666317e-05,20260809,/data/users/zhoushunyu/eqvae/experiments/prediction_target_toy_v4_main/seed20260809/D512/curv0/scale_unit_rms/loss_v/H256,1.4273900985717771
512,0.0,unit_rms,256,v,xv_gm0p01,xv,-0.01,0.043873837102682,0.0004013776779174,0.001601681462489,0.0001424469020931,-0.0001187007090334,0.0003014301553117,20260809,/data/users/zhoushunyu/eqvae/experiments/prediction_target_toy_v4_main/seed20260809/D512/curv0/scale_unit_rms/loss_v/H256,1.4273900985717771
512,0.0,unit_rms,256,v,xeps_gm0p01,xeps,-0.01,0.0412805097804999,0.0002892017364501,0.0016074506565928,-0.0015012656098219,-0.0038874368922056,0.000996362422909,20260809,/data/users/zhoushunyu/eqvae/experiments/prediction_target_toy_v4_main/seed20260809/D512/curv0/scale_unit_rms/loss_v/H256,1.4273900985717771
512,0.0,unit_rms,256,v,xv_tan_gm0p01,xv_tangent,-0.01,0.0438872423294663,0.0004044771194458,0.0015917646232992,0.0001511483198526,-0.0001141334053752,0.0003123925259121,20260809,/data/users/zhoushunyu/eqvae/experiments/prediction_target_toy_v4_main/seed20260809/D512/curv0/scale_unit_rms/loss_v/H256,1.4273900985717771
512,0.0,unit_rms,256,v,xv_normcomp_gm0p01,xv_normal,-0.01,0.0436129747520968,0.000392198562622,0.0015971338143572,-8.70772018823504e-06,-2.365455566332858e-05,9.969528290310388e-06,20260809,/data/users/zhoushunyu/eqvae/experiments/prediction_target_toy_v4_main/seed20260809/D512/curv0/scale_unit_rms/loss_v/H256,1.4273900985717771
512,0.0,unit_rms,256,v,xv_g0p003,xv,0.003,0.043552977805617,0.0003894567489624,0.0015883267624303,-4.194153437838945e-05,-8.981069692697401e-05,3.58343158384797e-05,20260809,/data/users/zhoushunyu/eqvae/experiments/prediction_target_toy_v4_main/seed20260809/D512/curv0/scale_unit_rms/loss_v/H256,1.4273900985717771
512,0.0,unit_rms,256,v,xeps_g0p003,xeps,0.003,0.044422286414977,0.0004297494888305,0.0015869548078626,0.0005446336172572,-0.0002129359524092,0.00117401375669,20260809,/data/users/zhoushunyu/eqvae/experiments/prediction_target_toy_v4_main/seed20260809/D512/curv0/scale_unit_rms/loss_v/H256,1.4273900985717771
512,0.0,unit_rms,256,v,xv_tan_g0p003,xv_tangent,0.003,0.0435490776755316,0.0003890991210937,0.0015858128899708,-4.447806065773344e-05,-9.323710456425222e-05,3.461205681284643e-05,20260809,/data/users/zhoushunyu/eqvae/experiments/prediction_target_toy_v4_main/seed20260809/D512/curv0/scale_unit_rms/loss_v/H256,1.4273900985717771
512,0.0,unit_rms,256,v,xv_normcomp_g0p003,xv_normal,0.003,0.0436303290907224,0.0003938674926757,0.0015896926634013,2.529603417271431e-06,-3.036293738686163e-06,6.972119713283088e-06,20260809,/data/users/zhoushunyu/eqvae/experiments/prediction_target_toy_v4_main/seed20260809/D512/curv0/scale_unit_rms/loss_v/H256,1.4273900985717771
512,0.0,unit_rms,256,v,xv_g0p01,xv,0.01,0.043383006110862,0.000385046005249,0.0015995936701074,-0.0001384157099822,-0.0002983315308131,0.0001196380015273,20260809,/data/users/zhoushunyu/eqvae/experiments/prediction_target_toy_v4_main/seed20260809/D512/curv0/scale_unit_rms/loss_v/H256,1.4273900985717771
512,0.0,unit_rms,256,v,xeps_g0p01,xeps,0.01,0.0464053808230693,0.0005209445953369,0.0015943988692015,0.0019376231243772,-0.0005559852315915,0.0038162198421416,20260809,/data/users/zhoushunyu/eqvae/experiments/prediction_target_toy_v4_main/seed20260809/D512/curv0/scale_unit_rms/loss_v/H256,1.4273900985717771
512,0.0,unit_rms,256,v,xv_tan_g0p01,xv_tangent,0.01,0.0433701675690865,0.000383973121643,0.0015826387098059,-0.0001467738751306,-0.0003097129319676,0.0001156392377996,20260809,/data/users/zhoushunyu/eqvae/experiments/prediction_target_toy_v4_main/seed20260809/D512/curv0/scale_unit_rms/loss_v/H256,1.4273900985717771
512,0.0,unit_rms,256,v,xv_normcomp_g0p01,xv_normal,0.01,0.0436392080486529,0.0003938674926757,0.0016041049966588,8.289010329922339e-06,-1.018898875706272e-05,2.300900291025402e-05,20260809,/data/users/zhoushunyu/eqvae/experiments/prediction_target_toy_v4_main/seed20260809/D512/curv0/scale_unit_rms/loss_v/H256,1.4273900985717771
512,0.0,unit_rms,256,v,xv_g0p03,xv,0.03,0.0429079756085829,0.0003669261932373,0.0016821722965687,-0.0004034082716561,-0.0008858683032781,0.0003592832826704,20260809,/data/users/zhoushunyu/eqvae/experiments/prediction_target_toy_v4_main/seed20260809/D512/curv0/scale_unit_rms/loss_v/H256,1.4273900985717771
512,0.0,unit_rms,256,v,xeps_g0p03,xeps,0.03,0.0528692976211873,0.0008347034454345,0.0016594618791714,0.0066994263620551,-1.1479202718701691e-05,0.0115177325115697,20260809,/data/users/zhoushunyu/eqvae/experiments/prediction_target_toy_v4_main/seed20260809/D512/curv0/scale_unit_rms/loss_v/H256,1.4273900985717771
512,0.0,unit_rms,256,v,xv_tan_g0p03,xv_tangent,0.03,0.0428707389956661,0.0003643035888671,0.0015736907953396,-0.0004281061797058,-0.0009186316618435,0.00034998453444,20260809,/data/users/zhoushunyu/eqvae/experiments/prediction_target_toy_v4_main/seed20260809/D512/curv0/scale_unit_rms/loss_v/H256,1.4273900985717771
512,0.0,unit_rms,256,v,xv_normcomp_g0p03,xv_normal,0.03,0.0436628537475141,0.0003978013992309,0.0016950122080743,2.3644829477857957e-05,-3.104533075494569e-05,6.738153045947913e-05,20260809,/data/users/zhoushunyu/eqvae/experiments/prediction_target_toy_v4_main/seed20260809/D512/curv0/scale_unit_rms/loss_v/H256,1.4273900985717771
512,0.0,unit_rms,256,v,xv_g0p1,xv,0.1,0.0413517732852213,0.0003079175949096,0.0021569521632045,-0.0012152338208918,-0.0028475903346622,0.0012301867241421,20260809,/data/users/zhoushunyu/eqvae/experiments/prediction_target_toy_v4_main/seed20260809/D512/curv0/scale_unit_rms/loss_v/H256,1.4273900985717771
512,0.0,unit_rms,256,v,xeps_g0p1,xeps,0.1,0.0833443242770686,0.0026910305023193,0.0019322547595947,0.0313889835722194,0.0142083404599302,0.043590813907759,20260809,/data/users/zhoushunyu/eqvae/experiments/prediction_target_toy_v4_main/seed20260809/D512/curv0/scale_unit_rms/loss_v/H256,1.4273900985717771
512,0.0,unit_rms,256,v,xv_tan_g0p1,xv_tangent,0.1,0.04123160166695,0.0002995729446411,0.001544258208014,-0.0012937740274256,-0.0029478847953795,0.001200880424938,20260809,/data/users/zhoushunyu/eqvae/experiments/prediction_target_toy_v4_main/seed20260809/D512/curv0/scale_unit_rms/loss_v/H256,1.4273900985717771
512,0.0,unit_rms,256,v,xv_normcomp_g0p1,xv_normal,0.1,0.0437274562634252,0.0004009008407592,0.0021901675499975,6.601011183811636e-05,-0.000107059053744,0.0002084318087475,20260809,/data/users/zhoushunyu/eqvae/experiments/prediction_target_toy_v4_main/seed20260809/D512/curv0/scale_unit_rms/loss_v/H256,1.4273900985717771
512,0.0,unit_rms,256,v,xv_g0p3,xv,0.3,0.0377763421321486,0.0001801252365112,0.0029571976047009,-0.0027560622589094,-0.0079468395959432,0.0044951002323661,20260809,/data/users/zhoushunyu/eqvae/experiments/prediction_target_toy_v4_main/seed20260809/D512/curv0/scale_unit_rms/loss_v/H256,1.4273900985717771
512,0.0,unit_rms,256,v,xeps_g0p3,xeps,0.3,0.1856804629209369,0.0141230821609497,0.0019639811944216,0.1294546621070584,0.1037527507688914,0.1473384280439958,20260809,/data/users/zhoushunyu/eqvae/experiments/prediction_target_toy_v4_main/seed20260809/D512/curv0/scale_unit_rms/loss_v/H256,1.4273900985717771
512,0.0,unit_rms,256,v,xv_tan_g0p3,xv_tangent,0.3,0.0375196012087599,0.0001617670059204,0.0014790687710046,-0.0028840019455017,-0.0082748353885591,0.0044793346533726,20260809,/data/users/zhoushunyu/eqvae/experiments/prediction_target_toy_v4_main/seed20260809/D512/curv0/scale_unit_rms/loss_v/H256,1.4273900985717771
512,0.0,unit_rms,256,v,xv_normcomp_g0p3,xv_normal,0.3,0.0437986261049544,0.0004106760025024,0.0030204912181943,0.0001155006664757,-0.0003944444319897,0.0005111868582683,20260809,/data/users/zhoushunyu/eqvae/experiments/prediction_target_toy_v4_main/seed20260809/D512/curv0/scale_unit_rms/loss_v/H256,1.4273900985717771
512,0.0,unit_rms,256,v,xv_rms_etam0p03,xv_norm,-0.03,0.046300590784301,0.0005061626434326,0.0297020561993122,0.0016262523553515,-0.0007608704151689,0.0032757399960573,20260809,/data/users/zhoushunyu/eqvae/experiments/prediction_target_toy_v4_main/seed20260809/D512/curv0/scale_unit_rms/loss_v/H256,1.4273900985717771
512,0.0,unit_rms,256,v,xv_rms_etam0p01,xv_norm,-0.01,0.0446511467437633,0.0004358291625976,0.0099107911810278,0.0006077315581916,-0.000385758273497,0.0012721689093138,20260809,/data/users/zhoushunyu/eqvae/experiments/prediction_target_toy_v4_main/seed20260809/D512/curv0/scale_unit_rms/loss_v/H256,1.4273900985717771
512,0.0,unit_rms,256,v,xv_rms_eta0p01,xv_norm,0.01,0.0422761263946087,0.0003361701965332,0.0093235503882169,-0.0007603717033048,-0.0018479944785049,0.0008709566445462,20260809,/data/users/zhoushunyu/eqvae/experiments/prediction_target_toy_v4_main/seed20260809/D512/curv0/scale_unit_rms/loss_v/H256,1.4273900985717771
512,0.0,unit_rms,256,v,xv_rms_eta0p03,xv_norm,0.03,0.0410328940810882,0.0002480745315551,0.0107572795823216,-0.0009285576127826,-0.0080251335543502,0.0082397905952007,20260809,/data/users/zhoushunyu/eqvae/experiments/prediction_target_toy_v4_main/seed20260809/D512/curv0/scale_unit_rms/loss_v/H256,1.4273900985717771
512,0.0,unit_rms,512,v,x,x,0.0,0.0774132390168645,0.0024167299270629,0.0012436794349923,0.0,0.0,0.0,20260809,/data/users/zhoushunyu/eqvae/experiments/prediction_target_toy_v4_main/seed20260809/D512/curv0/scale_unit_rms/loss_v/H512,1.420578956604004
512,0.0,unit_rms,512,v,v,v,0.0,0.0836947102672019,0.0034615993499755,0.6396143436431885,0.0039075107773121,-0.0187905952501963,0.0215431650866966,20260809,/data/users/zhoushunyu/eqvae/experiments/prediction_target_toy_v4_main/seed20260809/D512/curv0/scale_unit_rms/loss_v/H512,1.420578956604004
512,0.0,unit_rms,512,v,eps,eps,0.0,1.4662441314255013,0.2797685265541076,21.3852653503418,1.4017345500090397,1.319935144200338,1.4710158377373972,20260809,/data/users/zhoushunyu/eqvae/experiments/prediction_target_toy_v4_main/seed20260809/D512/curv0/scale_unit_rms/loss_v/H512,1.420578956604004
512,0.0,unit_rms,512,v,oracle,oracle,0.0,0.0635744753805805,0.0014697313308715,0.0005256167496554,-0.0017587717842512,-0.0251908946823299,0.0162031906690171,20260809,/data/users/zhoushunyu/eqvae/experiments/prediction_target_toy_v4_main/seed20260809/D512/curv0/scale_unit_rms/loss_v/H512,1.420578956604004
512,0.0,unit_rms,512,v,xv_gm0p1,xv,-0.1,0.0770161683887492,0.0024222135543823,0.0028257486410439,-0.0008603255483713,-0.0028133071821551,0.001370067753365,20260809,/data/users/zhoushunyu/eqvae/experiments/prediction_target_toy_v4_main/seed20260809/D512/curv0/scale_unit_rms/loss_v/H512,1.420578956604004
512,0.0,unit_rms,512,v,xeps_gm0p1,xeps,-0.1,0.0460885453971256,0.0005033016204833,0.0036307636182755,-0.0171171775719387,-0.036416020549762,0.0048689695940571,20260809,/data/users/zhoushunyu/eqvae/experiments/prediction_target_toy_v4_main/seed20260809/D512/curv0/scale_unit_rms/loss_v/H512,1.420578956604004
512,0.0,unit_rms,512,v,xv_tan_gm0p1,xv_tangent,-0.1,0.0770884208577982,0.0024390220642089,0.0012402217835187,-0.0007872992031173,-0.0027867816790079,0.0014702716493944,20260809,/data/users/zhoushunyu/eqvae/experiments/prediction_target_toy_v4_main/seed20260809/D512/curv0/scale_unit_rms/loss_v/H512,1.420578956604004
512,0.0,unit_rms,512,v,xv_normcomp_gm0p1,xv_normal,-0.1,0.0773196723967366,0.0023977756500244,0.0028269614558666,-8.704767610900818e-05,-0.0002668765401778,9.148486119195733e-05,20260809,/data/users/zhoushunyu/eqvae/experiments/prediction_target_toy_v4_main/seed20260809/D512/curv0/scale_unit_rms/loss_v/H512,1.420578956604004
512,0.0,unit_rms,512,v,xv_gm0p03,xv,-0.03,0.0772981403804703,0.0024189949035644,0.0013943241210654,-0.0002666291010391,-0.0008339636125619,0.0003938280367228,20260809,/data/users/zhoushunyu/eqvae/experiments/prediction_target_toy_v4_main/seed20260809/D512/curv0/scale_unit_rms/loss_v/H512,1.420578956604004
512,0.0,unit_rms,512,v,xeps_gm0p03,xeps,-0.03,0.0640981639742929,0.0015031099319458,0.0014533719513565,-0.0100586192201944,-0.0149361530096545,-0.0036781824807616,20260809,/data/users/zhoushunyu/eqvae/experiments/prediction_target_toy_v4_main/seed20260809/D512/curv0/scale_unit_rms/loss_v/H512,1.420578956604004
512,0.0,unit_rms,512,v,xv_tan_gm0p03,xv_tangent,-0.03,0.0773175530133954,0.0024220943450927,0.0012426216853782,-0.0002478951734339,-0.0008321158638697,0.0004331117075055,20260809,/data/users/zhoushunyu/eqvae/experiments/prediction_target_toy_v4_main/seed20260809/D512/curv0/scale_unit_rms/loss_v/H512,1.420578956604004
512,0.0,unit_rms,512,v,xv_normcomp_gm0p03,xv_normal,-0.03,0.0773925676744503,0.0024123191833496,0.0013952139997854,-1.9661254111832047e-05,-7.17118906269132e-05,3.0972620035121615e-05,20260809,/data/users/zhoushunyu/eqvae/experiments/prediction_target_toy_v4_main/seed20260809/D512/curv0/scale_unit_rms/loss_v/H512,1.420578956604004
512,0.0,unit_rms,512,v,xv_gm0p01,xv,-0.01,0.0773746160407846,0.0024154186248779,0.0012575881555676,-8.979898922027391e-05,-0.000275852215128,0.0001288193856782,20260809,/data/users/zhoushunyu/eqvae/experiments/prediction_target_toy_v4_main/seed20260809/D512/curv0/scale_unit_rms/loss_v/H512,1.420578956604004
512,0.0,unit_rms,512,v,xeps_gm0p01,xeps,-0.01,0.0727734321181456,0.0020815134048461,0.0012677259510383,-0.0037006930139636,-0.0052562579502206,-0.0015771986716604,20260809,/data/users/zhoushunyu/eqvae/experiments/prediction_target_toy_v4_main/seed20260809/D512/curv0/scale_unit_rms/loss_v/H512,1.420578956604004
512,0.0,unit_rms,512,v,xv_tan_gm0p01,xv_tangent,-0.01,0.077380754023663,0.0024181604385375,0.001243325183168,-8.389279285579622e-05,-0.0002759795357395,0.0001417557578405,20260809,/data/users/zhoushunyu/eqvae/experiments/prediction_target_toy_v4_main/seed20260809/D512/curv0/scale_unit_rms/loss_v/H512,1.420578956604004
512,0.0,unit_rms,512,v,xv_normcomp_gm0p01,xv_normal,-0.01,0.0774069899034859,0.0024127960205078,0.0012579339090734,-5.988357562614899e-06,-2.3168558347346628e-05,1.062540503277472e-05,20260809,/data/users/zhoushunyu/eqvae/experiments/prediction_target_toy_v4_main/seed20260809/D512/curv0/scale_unit_rms/loss_v/H512,1.420578956604004
512,0.0,unit_rms,512,v,xv_g0p003,xv,0.003,0.0774249348134688,0.002415657043457,0.0012461494188755,2.711608780092384e-05,-3.8079423586249646e-05,8.240690923000564e-05,20260809,/data/users/zhoushunyu/eqvae/experiments/prediction_target_toy_v4_main/seed20260809/D512/curv0/scale_unit_rms/loss_v/H512,1.420578956604004
512,0.0,unit_rms,512,v,xeps_g0p003,xeps,0.003,0.0788473557526866,0.0025237798690795,0.0012441333383321,0.0011755688093014,0.0005434154831852,0.0016345194349825,20260809,/data/users/zhoushunyu/eqvae/experiments/prediction_target_toy_v4_main/seed20260809/D512/curv0/scale_unit_rms/loss_v/H512,1.420578956604004
512,0.0,unit_rms,512,v,xv_tan_g0p003,xv_tangent,0.003,0.0774231754968388,0.0024152994155883,0.0012437864206731,2.5422775116611603e-05,-4.191446604259741e-05,8.260091025644502e-05,20260809,/data/users/zhoushunyu/eqvae/experiments/prediction_target_toy_v4_main/seed20260809/D512/curv0/scale_unit_rms/loss_v/H512,1.420578956604004
512,0.0,unit_rms,512,v,xv_normcomp_g0p003,xv_normal,0.003,0.0774150004672054,0.0024176836013793,0.0012460420839488,1.69436072863266e-06,-3.2281324202807287e-06,6.8089441739020666e-06,20260809,/data/users/zhoushunyu/eqvae/experiments/prediction_target_toy_v4_main/seed20260809/D512/curv0/scale_unit_rms/loss_v/H512,1.420578956604004
512,0.0,unit_rms,512,v,xv_g0p01,xv,0.01,0.0774524527927165,0.0024167299270629,0.0012625134550035,9.077036385422836e-05,-0.0001258433302445,0.0002744308284988,20260809,/data/users/zhoushunyu/eqvae/experiments/prediction_target_toy_v4_main/seed20260809/D512/curv0/scale_unit_rms/loss_v/H512,1.420578956604004
512,0.0,unit_rms,512,v,xeps_g0p01,xeps,0.01,0.0822686049995631,0.0027819871902465,0.0012564475182443,0.0040427475843809,0.0019696691363845,0.0055258755649422,20260809,/data/users/zhoushunyu/eqvae/experiments/prediction_target_toy_v4_main/seed20260809/D512/curv0/scale_unit_rms/loss_v/H512,1.420578956604004
512,0.0,unit_rms,512,v,xv_tan_g0p01,xv_tangent,0.01,0.0774467382530118,0.0024143457412719,0.0012440375285223,8.525479542181878e-05,-0.0001385097964121,0.0002752657421303,20260809,/data/users/zhoushunyu/eqvae/experiments/prediction_target_toy_v4_main/seed20260809/D512/curv0/scale_unit_rms/loss_v/H512,1.420578956604004
512,0.0,unit_rms,512,v,xv_normcomp_g0p01,xv_normal,0.01,0.0774188754963257,0.0024183988571166,0.0012621595524251,5.452615512254733e-06,-1.0868346693589798e-05,2.2431506779622257e-05,20260809,/data/users/zhoushunyu/eqvae/experiments/prediction_target_toy_v4_main/seed20260809/D512/curv0/scale_unit_rms/loss_v/H512,1.420578956604004
512,0.0,unit_rms,512,v,xv_g0p03,xv,0.03,0.0775334472525005,0.0024138689041137,0.0013715600362047,0.0002753050778389,-0.0003699361776989,0.0008214728110795,20260809,/data/users/zhoushunyu/eqvae/experiments/prediction_target_toy_v4_main/seed20260809/D512/curv0/scale_unit_rms/loss_v/H512,1.420578956604004
512,0.0,unit_rms,512,v,xeps_g0p03,xeps,0.03,0.0922861414587882,0.0035964250564575,0.0013494432205334,0.012923746458322,0.0071523146196182,0.0167671448425339,20260809,/data/users/zhoushunyu/eqvae/experiments/prediction_target_toy_v4_main/seed20260809/D512/curv0/scale_unit_rms/loss_v/H512,1.420578956604004
512,0.0,unit_rms,512,v,xv_tan_g0p03,xv_tangent,0.03,0.0775179315106508,0.0024120807647705,0.0012447707122191,0.0002600633920919,-0.0004073162349343,0.0008245223010395,20260809,/data/users/zhoushunyu/eqvae/experiments/prediction_target_toy_v4_main/seed20260809/D512/curv0/scale_unit_rms/loss_v/H512,1.420578956604004
512,0.0,unit_rms,512,v,xv_normcomp_g0p03,xv_normal,0.03,0.0774283574497469,0.0024195909500122,0.0013705746969208,1.4777045484920746e-05,-3.342558815932189e-05,6.522124715259664e-05,20260809,/data/users/zhoushunyu/eqvae/experiments/prediction_target_toy_v4_main/seed20260809/D512/curv0/scale_unit_rms/loss_v/H512,1.420578956604004
512,0.0,unit_rms,512,v,xv_g0p1,xv,0.1,0.0778609282582591,0.0024168491363525,0.0019883476197719,0.0009603263355324,-0.0011759619838156,0.0027372023631296,20260809,/data/users/zhoushunyu/eqvae/experiments/prediction_target_toy_v4_main/seed20260809/D512/curv0/scale_unit_rms/loss_v/H512,1.420578956604004
512,0.0,unit_rms,512,v,xeps_g0p1,xeps,0.1,0.1284290575575916,0.0072493553161621,0.0017701985780149,0.0490902540935504,0.0369387750503308,0.0576688019612931,20260809,/data/users/zhoushunyu/eqvae/experiments/prediction_target_toy_v4_main/seed20260809/D512/curv0/scale_unit_rms/loss_v/H512,1.420578956604004
512,0.0,unit_rms,512,v,xv_tan_g0p1,xv_tangent,0.1,0.0778276416668062,0.0024030208587646,0.0012473468668758,0.0009285747707315,-0.0013038229937136,0.0027295432576577,20260809,/data/users/zhoushunyu/eqvae/experiments/prediction_target_toy_v4_main/seed20260809/D512/curv0/scale_unit_rms/loss_v/H512,1.420578956604004
512,0.0,unit_rms,512,v,xv_normcomp_g0p1,xv_normal,0.1,0.0774443748544316,0.0024298429489135,0.0019860418979078,3.232465626562306e-05,-0.0001203476114926,0.0001980960072784,20260809,/data/users/zhoushunyu/eqvae/experiments/prediction_target_toy_v4_main/seed20260809/D512/curv0/scale_unit_rms/loss_v/H512,1.420578956604004
512,0.0,unit_rms,512,v,xv_g0p3,xv,0.3,0.0791906749302296,0.0024538040161132,0.0032709105871617,0.0033136518734932,-0.0029004252650598,0.008194520213986,20260809,/data/users/zhoushunyu/eqvae/experiments/prediction_target_toy_v4_main/seed20260809/D512/curv0/scale_unit_rms/loss_v/H512,1.420578956604004
512,0.0,unit_rms,512,v,xeps_g0p3,xeps,0.3,0.2363596384733001,0.0244338512420654,0.0019813652615994,0.1587029668539456,0.1359610270459356,0.172963285555926,20260809,/data/users/zhoushunyu/eqvae/experiments/prediction_target_toy_v4_main/seed20260809/D512/curv0/scale_unit_rms/loss_v/H512,1.420578956604004
512,0.0,unit_rms,512,v,xv_tan_g0p3,xv_tangent,0.3,0.0791551820120488,0.0024187564849853,0.0012539528543129,0.0033328575840567,-0.0032806764213354,0.0083255447631807,20260809,/data/users/zhoushunyu/eqvae/experiments/prediction_target_toy_v4_main/seed20260809/D512/curv0/scale_unit_rms/loss_v/H512,1.420578956604004
512,0.0,unit_rms,512,v,xv_normcomp_g0p3,xv_normal,0.3,0.0773791540835368,0.0024400949478149,0.0032672896049916,-1.7723531916358713e-05,-0.0004264468558927,0.0004928163259101,20260809,/data/users/zhoushunyu/eqvae/experiments/prediction_target_toy_v4_main/seed20260809/D512/curv0/scale_unit_rms/loss_v/H512,1.420578956604004
512,0.0,unit_rms,512,v,xv_rms_etam0p03,xv_norm,-0.03,0.0748888087196382,0.0022720098495483,0.029654698446393,-0.0030744690994677,-0.0058237838073596,0.0008457367325189,20260809,/data/users/zhoushunyu/eqvae/experiments/prediction_target_toy_v4_main/seed20260809/D512/curv0/scale_unit_rms/loss_v/H512,1.420578956604004
512,0.0,unit_rms,512,v,xv_rms_etam0p01,xv_norm,-0.01,0.0760887647423184,0.002331256866455,0.0097925206646323,-0.0015351927692425,-0.0026354282860645,8.209962775258413e-05,20260809,/data/users/zhoushunyu/eqvae/experiments/prediction_target_toy_v4_main/seed20260809/D512/curv0/scale_unit_rms/loss_v/H512,1.420578956604004
512,0.0,unit_rms,512,v,xv_rms_eta0p01,xv_norm,0.01,0.0800735125169636,0.0026066303253173,0.0089138653129339,0.0029104189514618,0.0006333020909397,0.00433416254741,20260809,/data/users/zhoushunyu/eqvae/experiments/prediction_target_toy_v4_main/seed20260809/D512/curv0/scale_unit_rms/loss_v/H512,1.420578956604004
512,0.0,unit_rms,512,v,xv_rms_eta0p03,xv_norm,0.03,0.0945928792501202,0.0038634538650512,0.0065326429903507,0.018597179181276,0.0092816591240674,0.0242252270211677,20260809,/data/users/zhoushunyu/eqvae/experiments/prediction_target_toy_v4_main/seed20260809/D512/curv0/scale_unit_rms/loss_v/H512,1.420578956604004
512,0.0,unit_rms,64,v,x,x,0.0,0.0970933835008466,0.0027655363082885,0.00317755760625,0.0,0.0,0.0,20260809,/data/users/zhoushunyu/eqvae/experiments/prediction_target_toy_v4_main/seed20260809/D512/curv0/scale_unit_rms/loss_v/H64,1.4835755825042725
512,0.0,unit_rms,64,v,v,v,0.0,0.1041265036136684,0.0036606788635253,0.9467566013336182,0.0055022296246444,-0.0027784064527146,0.0135171283753646,20260809,/data/users/zhoushunyu/eqvae/experiments/prediction_target_toy_v4_main/seed20260809/D512/curv0/scale_unit_rms/loss_v/H64,1.4835755825042725
512,0.0,unit_rms,64,v,eps,eps,0.0,1.4971477221648095,0.2742824554443359,45.85408782958984,1.3837065150164485,1.2912954704391355,1.4657845725618863,20260809,/data/users/zhoushunyu/eqvae/experiments/prediction_target_toy_v4_main/seed20260809/D512/curv0/scale_unit_rms/loss_v/H64,1.4835755825042725
512,0.0,unit_rms,64,v,oracle,oracle,0.0,0.0697423726803922,0.0015687942504882,0.0005260620964691,-0.0189667968544914,-0.0361300107225201,-0.0005755226633553,20260809,/data/users/zhoushunyu/eqvae/experiments/prediction_target_toy_v4_main/seed20260809/D512/curv0/scale_unit_rms/loss_v/H64,1.4835755825042725
512,0.0,unit_rms,64,v,xv_gm0p1,xv,-0.1,0.0974614812200118,0.0028406381607055,0.0043799467384815,0.0001065016654148,-0.0008512804086621,0.0009733989453906,20260809,/data/users/zhoushunyu/eqvae/experiments/prediction_target_toy_v4_main/seed20260809/D512/curv0/scale_unit_rms/loss_v/H64,1.4835755825042725
512,0.0,unit_rms,64,v,xeps_gm0p1,xeps,-0.1,0.0864710842645273,0.0016628503799438,0.0055763586424291,-0.0109316914590781,-0.0213344731894682,0.0030554235317408,20260809,/data/users/zhoushunyu/eqvae/experiments/prediction_target_toy_v4_main/seed20260809/D512/curv0/scale_unit_rms/loss_v/H64,1.4835755825042725
512,0.0,unit_rms,64,v,xv_tan_gm0p1,xv_tangent,-0.1,0.0974705527705213,0.0028413534164428,0.0031835611443966,0.0001205363167104,-0.0007826850658528,0.0009430016635929,20260809,/data/users/zhoushunyu/eqvae/experiments/prediction_target_toy_v4_main/seed20260809/D512/curv0/scale_unit_rms/loss_v/H64,1.4835755825042725
512,0.0,unit_rms,64,v,xv_normcomp_gm0p1,xv_normal,-0.1,0.0970671610973587,0.0027610063552856,0.0043759597465395,-2.8201403781099864e-05,-0.0001474089708639,0.000117212126956,20260809,/data/users/zhoushunyu/eqvae/experiments/prediction_target_toy_v4_main/seed20260809/D512/curv0/scale_unit_rms/loss_v/H64,1.4835755825042725
512,0.0,unit_rms,64,v,xv_gm0p03,xv,-0.03,0.0971944322116185,0.0027883052825927,0.0032420202624052,2.062007108191377e-05,-0.0002693337105745,0.0002857028991375,20260809,/data/users/zhoushunyu/eqvae/experiments/prediction_target_toy_v4_main/seed20260809/D512/curv0/scale_unit_rms/loss_v/H64,1.4835755825042725
512,0.0,unit_rms,64,v,xeps_gm0p03,xeps,-0.03,0.0914524746759853,0.0022007226943969,0.0032809127587825,-0.0055401239847587,-0.0083827631632625,-0.001996731312354,20260809,/data/users/zhoushunyu/eqvae/experiments/prediction_target_toy_v4_main/seed20260809/D512/curv0/scale_unit_rms/loss_v/H64,1.4835755825042725
512,0.0,unit_rms,64,v,xv_tan_gm0p03,xv_tangent,-0.03,0.0971990925919389,0.0027897357940673,0.0031793273519724,2.615702760160849e-05,-0.0002479152585756,0.0002762361861255,20260809,/data/users/zhoushunyu/eqvae/experiments/prediction_target_toy_v4_main/seed20260809/D512/curv0/scale_unit_rms/loss_v/H64,1.4835755825042725
512,0.0,unit_rms,64,v,xv_normcomp_gm0p03,xv_normal,-0.03,0.0970871696213984,0.0027644634246826,0.0032403219956904,-6.825887199792547e-06,-4.120137648108597e-05,3.619855948481274e-05,20260809,/data/users/zhoushunyu/eqvae/experiments/prediction_target_toy_v4_main/seed20260809/D512/curv0/scale_unit_rms/loss_v/H64,1.4835755825042725
512,0.0,unit_rms,64,v,xv_gm0p01,xv,-0.01,0.0971261418055259,0.0027729272842407,0.0031791278161108,5.772685221260149e-06,-9.109968723015582e-05,9.456637555622576e-05,20260809,/data/users/zhoushunyu/eqvae/experiments/prediction_target_toy_v4_main/seed20260809/D512/curv0/scale_unit_rms/loss_v/H64,1.4835755825042725
512,0.0,unit_rms,64,v,xeps_gm0p01,xeps,-0.01,0.0950158223546289,0.0025534629821777,0.0031835031695663,-0.0020318137982835,-0.0029253471601521,-0.0009333432606365,20260809,/data/users/zhoushunyu/eqvae/experiments/prediction_target_toy_v4_main/seed20260809/D512/curv0/scale_unit_rms/loss_v/H64,1.4835755825042725
512,0.0,unit_rms,64,v,xv_tan_gm0p01,xv_tangent,-0.01,0.097127898140522,0.002773642539978,0.0031781445723026,7.765180763835421e-06,-8.382115514129797e-05,9.137936816877438e-05,20260809,/data/users/zhoushunyu/eqvae/experiments/prediction_target_toy_v4_main/seed20260809/D512/curv0/scale_unit_rms/loss_v/H64,1.4835755825042725
512,0.0,unit_rms,64,v,xv_normcomp_gm0p01,xv_normal,-0.01,0.0970914537725004,0.0027670860290527,0.0031785445753484,-2.137750160609575e-06,-1.3475458829336276e-05,1.2155281151961577e-05,20260809,/data/users/zhoushunyu/eqvae/experiments/prediction_target_toy_v4_main/seed20260809/D512/curv0/scale_unit_rms/loss_v/H64,1.4835755825042725
512,0.0,unit_rms,64,v,xv_g0p003,xv,0.003,0.0970837431638145,0.0027627944946289,0.0031801890581846,-1.5158187054643834e-06,-2.8209459522702747e-05,2.756250266812837e-05,20260809,/data/users/zhoushunyu/eqvae/experiments/prediction_target_toy_v4_main/seed20260809/D512/curv0/scale_unit_rms/loss_v/H64,1.4835755825042725
512,0.0,unit_rms,64,v,xeps_g0p003,xeps,0.003,0.0977520358593787,0.0028328895568847,0.0031794181559234,0.0006431965641868,0.0003305576866236,0.000901282403073,20260809,/data/users/zhoushunyu/eqvae/experiments/prediction_target_toy_v4_main/seed20260809/D512/curv0/scale_unit_rms/loss_v/H64,1.4835755825042725
512,0.0,unit_rms,64,v,xv_tan_g0p003,xv_tangent,0.003,0.0970831764240489,0.0027601718902587,0.0031773822847753,-2.143791471240775e-06,-2.7242349627949748e-05,2.536361915238989e-05,20260809,/data/users/zhoushunyu/eqvae/experiments/prediction_target_toy_v4_main/seed20260809/D512/curv0/scale_unit_rms/loss_v/H64,1.4835755825042725
512,0.0,unit_rms,64,v,xv_normcomp_g0p003,xv_normal,0.003,0.097093939033026,0.0027639865875244,0.0031803653109818,6.159938156499734e-07,-3.65866431206556e-06,3.99038581165717e-06,20260809,/data/users/zhoushunyu/eqvae/experiments/prediction_target_toy_v4_main/seed20260809/D512/curv0/scale_unit_rms/loss_v/H64,1.4835755825042725
512,0.0,unit_rms,64,v,xv_g0p01,xv,0.01,0.0970615726917227,0.0027588605880737,0.0031910534016788,-4.6637137386904e-06,-9.387772137922114e-05,9.237806572455484e-05,20260809,/data/users/zhoushunyu/eqvae/experiments/prediction_target_toy_v4_main/seed20260809/D512/curv0/scale_unit_rms/loss_v/H64,1.4835755825042725
512,0.0,unit_rms,64,v,xeps_g0p01,xeps,0.01,0.0993491349552378,0.0029983520507812,0.0031885984353721,0.0022016957150734,0.0011901201648177,0.0030466997934519,20260809,/data/users/zhoushunyu/eqvae/experiments/prediction_target_toy_v4_main/seed20260809/D512/curv0/scale_unit_rms/loss_v/H64,1.4835755825042725
512,0.0,unit_rms,64,v,xv_tan_g0p01,xv_tangent,0.01,0.0970595986963676,0.0027562379837036,0.0031769736669957,-6.810752685467436e-06,-9.066638276156168e-05,8.498239938277556e-05,20260809,/data/users/zhoushunyu/eqvae/experiments/prediction_target_toy_v4_main/seed20260809/D512/curv0/scale_unit_rms/loss_v/H64,1.4835755825042725
512,0.0,unit_rms,64,v,xv_normcomp_g0p01,xv_normal,0.01,0.0970951808218528,0.0027663707733154,0.0031916382722556,2.004841173871563e-06,-1.2219165284170147e-05,1.3204101464180796e-05,20260809,/data/users/zhoushunyu/eqvae/experiments/prediction_target_toy_v4_main/seed20260809/D512/curv0/scale_unit_rms/loss_v/H64,1.4835755825042725
512,0.0,unit_rms,64,v,xv_g0p03,xv,0.03,0.0970007770106155,0.0027439594268798,0.0032495658379048,-1.059899137545034e-05,-0.0002796948094944,0.0002819688549605,20260809,/data/users/zhoushunyu/eqvae/experiments/prediction_target_toy_v4_main/seed20260809/D512/curv0/scale_unit_rms/loss_v/H64,1.4835755825042725
512,0.0,unit_rms,64,v,xeps_g0p03,xeps,0.03,0.1043397871361902,0.003525972366333,0.0032373049762099,0.0070695349444118,0.0042997177833983,0.0094447110591703,20260809,/data/users/zhoushunyu/eqvae/experiments/prediction_target_toy_v4_main/seed20260809/D512/curv0/scale_unit_rms/loss_v/H64,1.4835755825042725
512,0.0,unit_rms,64,v,xv_tan_g0p03,xv_tangent,0.03,0.0969941992093887,0.002742052078247,0.0031758139375597,-1.751775099888164e-05,-0.0002700597588592,0.0002587366086318,20260809,/data/users/zhoushunyu/eqvae/experiments/prediction_target_toy_v4_main/seed20260809/D512/curv0/scale_unit_rms/loss_v/H64,1.4835755825042725
512,0.0,unit_rms,64,v,xv_normcomp_g0p03,xv_normal,0.03,0.0970983889365758,0.0027656555175781,0.0032512969337403,5.631107928157353e-06,-3.685335634721898e-05,3.886601033469513e-05,20260809,/data/users/zhoushunyu/eqvae/experiments/prediction_target_toy_v4_main/seed20260809/D512/curv0/scale_unit_rms/loss_v/H64,1.4835755825042725
512,0.0,unit_rms,64,v,xv_g0p1,xv,0.1,0.096818966797692,0.0026956796646118,0.003551875706762,4.422096880531412e-06,-0.000907428687779,0.0009910119668144,20260809,/data/users/zhoushunyu/eqvae/experiments/prediction_target_toy_v4_main/seed20260809/D512/curv0/scale_unit_rms/loss_v/H64,1.4835755825042725
512,0.0,unit_rms,64,v,xeps_g0p1,xeps,0.1,0.1256145330394348,0.0060338973999023,0.0034169356804341,0.0279229241286613,0.0210144272073952,0.0342164118153356,20260809,/data/users/zhoushunyu/eqvae/experiments/prediction_target_toy_v4_main/seed20260809/D512/curv0/scale_unit_rms/loss_v/H64,1.4835755825042725
512,0.0,unit_rms,64,v,xv_tan_g0p1,xv_tangent,0.1,0.0967886563732433,0.0026922225952148,0.0031718485988676,-2.4835790465435324e-05,-0.0008762215319377,0.0009062830941262,20260809,/data/users/zhoushunyu/eqvae/experiments/prediction_target_toy_v4_main/seed20260809/D512/curv0/scale_unit_rms/loss_v/H64,1.4835755825042725
512,0.0,unit_rms,64,v,xv_normcomp_g0p1,xv_normal,0.1,0.0971060519617121,0.0027686357498168,0.0035571989137679,1.4697647906332795e-05,-0.0001247757741235,0.0001215901872274,20260809,/data/users/zhoushunyu/eqvae/experiments/prediction_target_toy_v4_main/seed20260809/D512/curv0/scale_unit_rms/loss_v/H64,1.4835755825042725
512,0.0,unit_rms,64,v,xv_g0p3,xv,0.3,0.0965844304570382,0.0025714635848999,0.0039047144819051,0.0003663061571229,-0.0024863297018314,0.0033326587183446,20260809,/data/users/zhoushunyu/eqvae/experiments/prediction_target_toy_v4_main/seed20260809/D512/curv0/scale_unit_rms/loss_v/H64,1.4835755825042725
512,0.0,unit_rms,64,v,xeps_g0p3,xeps,0.3,0.2027127697345598,0.0185226202011108,0.0035539169330149,0.1045324882967789,0.0925482517659082,0.1157929989985698,20260809,/data/users/zhoushunyu/eqvae/experiments/prediction_target_toy_v4_main/seed20260809/D512/curv0/scale_unit_rms/loss_v/H64,1.4835755825042725
512,0.0,unit_rms,64,v,xv_tan_g0p3,xv_tangent,0.3,0.0964070843188413,0.0025475025177001,0.0031613109167665,0.0002129829517336,-0.0024151856655584,0.0030382136854866,20260809,/data/users/zhoushunyu/eqvae/experiments/prediction_target_toy_v4_main/seed20260809/D512/curv0/scale_unit_rms/loss_v/H64,1.4835755825042725
512,0.0,unit_rms,64,v,xv_normcomp_g0p3,xv_normal,0.3,0.0971053323819094,0.0027717351913452,0.0039192675612866,1.7781692834438758e-05,-0.0003835698060339,0.0003093654919106,20260809,/data/users/zhoushunyu/eqvae/experiments/prediction_target_toy_v4_main/seed20260809/D512/curv0/scale_unit_rms/loss_v/H64,1.4835755825042725
512,0.0,unit_rms,64,v,xv_rms_etam0p03,xv_norm,-0.03,0.0969069374641412,0.0028145313262939,0.0295430719852447,-0.0007195925051389,-0.0023624813823738,0.0008735376740057,20260809,/data/users/zhoushunyu/eqvae/experiments/prediction_target_toy_v4_main/seed20260809/D512/curv0/scale_unit_rms/loss_v/H64,1.4835755825042725
512,0.0,unit_rms,64,v,xv_rms_etam0p01,xv_norm,-0.01,0.0968704159090297,0.0027757883071899,0.0100951241329312,-0.0004550010956852,-0.0011461096869892,0.0002402132954039,20260809,/data/users/zhoushunyu/eqvae/experiments/prediction_target_toy_v4_main/seed20260809/D512/curv0/scale_unit_rms/loss_v/H64,1.4835755825042725
512,0.0,unit_rms,64,v,xv_rms_eta0p01,xv_norm,0.01,0.0979402633516515,0.0027780532836914,0.0091415280476212,0.0011796823737832,9.578559606654228e-05,0.0022448424949636,20260809,/data/users/zhoushunyu/eqvae/experiments/prediction_target_toy_v4_main/seed20260809/D512/curv0/scale_unit_rms/loss_v/H64,1.4835755825042725
512,0.0,unit_rms,64,v,xv_rms_eta0p03,xv_norm,0.03,0.1054445530449904,0.0031760931015014,0.0080644525587558,0.0097624389535689,0.0042736161374257,0.0149522482174178,20260809,/data/users/zhoushunyu/eqvae/experiments/prediction_target_toy_v4_main/seed20260809/D512/curv0/scale_unit_rms/loss_v/H64,1.4835755825042725
512,0.25,unit_rms,1024,v,x,x,0.0,0.0787821364285387,0.0031027793884277,0.0040881196036934,0.0,0.0,0.0,20260809,/data/users/zhoushunyu/eqvae/experiments/prediction_target_toy_v4_main/seed20260809/D512/curv0p25/scale_unit_rms/loss_v/H1024,1.3954682350158691
512,0.25,unit_rms,1024,v,v,v,0.0,0.0810671043213213,0.0033398866653442,0.2644190490245819,0.0020690386666237,-0.0063274808733746,0.0111936713526975,20260809,/data/users/zhoushunyu/eqvae/experiments/prediction_target_toy_v4_main/seed20260809/D512/curv0p25/scale_unit_rms/loss_v/H1024,1.3954682350158691
512,0.25,unit_rms,1024,v,eps,eps,0.0,0.2033663799758307,0.0058008432388305,1.5416022539138794,0.1163510734113898,0.0890935881281641,0.1459043518588454,20260809,/data/users/zhoushunyu/eqvae/experiments/prediction_target_toy_v4_main/seed20260809/D512/curv0p25/scale_unit_rms/loss_v/H1024,1.3954682350158691
512,0.25,unit_rms,1024,v,oracle,oracle,0.0,0.0701216997940291,0.0018011331558227,0.002841921057552,-0.0051335965595079,-0.0174871313868841,0.0102873811280015,20260809,/data/users/zhoushunyu/eqvae/experiments/prediction_target_toy_v4_main/seed20260809/D512/curv0p25/scale_unit_rms/loss_v/H1024,1.3954682350158691
512,0.25,unit_rms,1024,v,xv_gm0p1,xv,-0.1,0.0787811770485263,0.003116488456726,0.0046478887088596,0.0002386005526189,-0.0012866251057877,0.002388829795049,20260809,/data/users/zhoushunyu/eqvae/experiments/prediction_target_toy_v4_main/seed20260809/D512/curv0p25/scale_unit_rms/loss_v/H1024,1.3954682350158691
512,0.25,unit_rms,1024,v,xeps_gm0p1,xeps,-0.1,0.08145351205184,0.0032477378845214,0.0052617476321756,0.0021738086492134,-0.0015171082736931,0.0053971100584762,20260809,/data/users/zhoushunyu/eqvae/experiments/prediction_target_toy_v4_main/seed20260809/D512/curv0p25/scale_unit_rms/loss_v/H1024,1.3954682350158691
512,0.25,unit_rms,1024,v,xv_tan_gm0p1,xv_tangent,-0.1,0.0786126577071994,0.0031027793884277,0.0040698056109249,3.531334206902097e-05,-0.0015479635400379,0.0020198626972201,20260809,/data/users/zhoushunyu/eqvae/experiments/prediction_target_toy_v4_main/seed20260809/D512/curv0p25/scale_unit_rms/loss_v/H1024,1.3954682350158691
512,0.25,unit_rms,1024,v,xv_normcomp_gm0p1,xv_normal,-0.1,0.0790561905437849,0.0031194686889648,0.0046696653589606,0.0002128852166504,-6.997121073563719e-05,0.0005768014077755,20260809,/data/users/zhoushunyu/eqvae/experiments/prediction_target_toy_v4_main/seed20260809/D512/curv0p25/scale_unit_rms/loss_v/H1024,1.3954682350158691
512,0.25,unit_rms,1024,v,xv_gm0p03,xv,-0.03,0.0788923774181904,0.00311279296875,0.004135007970035,3.8802056881748896e-05,-0.0005140894033386,0.0006575124958892,20260809,/data/users/zhoushunyu/eqvae/experiments/prediction_target_toy_v4_main/seed20260809/D512/curv0p25/scale_unit_rms/loss_v/H1024,1.3954682350158691
512,0.25,unit_rms,1024,v,xeps_gm0p03,xeps,-0.03,0.0796702226576291,0.0031415224075317,0.0041671101935207,0.000749763686833,-0.0003423283656393,0.0023424635801757,20260809,/data/users/zhoushunyu/eqvae/experiments/prediction_target_toy_v4_main/seed20260809/D512/curv0p25/scale_unit_rms/loss_v/H1024,1.3954682350158691
512,0.25,unit_rms,1024,v,xv_tan_gm0p03,xv_tangent,-0.03,0.0787787850359667,0.0031077861785888,0.0040922774933278,-3.4295870452558736e-05,-0.0005896557786304,0.0004895256997756,20260809,/data/users/zhoushunyu/eqvae/experiments/prediction_target_toy_v4_main/seed20260809/D512/curv0p25/scale_unit_rms/loss_v/H1024,1.3954682350158691
512,0.25,unit_rms,1024,v,xv_normcomp_gm0p03,xv_normal,-0.03,0.0788412935111984,0.00310480594635,0.0041278973221778,5.293263346792247e-05,-4.804676094572156e-05,0.0002041770356489,20260809,/data/users/zhoushunyu/eqvae/experiments/prediction_target_toy_v4_main/seed20260809/D512/curv0p25/scale_unit_rms/loss_v/H1024,1.3954682350158691
512,0.25,unit_rms,1024,v,xv_gm0p01,xv,-0.01,0.0788074191261881,0.0031062364578247,0.0040916251018643,1.6354728543468215e-05,-0.0002496707683776,0.0003089545414232,20260809,/data/users/zhoushunyu/eqvae/experiments/prediction_target_toy_v4_main/seed20260809/D512/curv0p25/scale_unit_rms/loss_v/H1024,1.3954682350158691
512,0.25,unit_rms,1024,v,xeps_gm0p01,xeps,-0.01,0.0794233361161504,0.0031349658966064,0.0040871491655707,0.0003222334204568,-0.0001711462857453,0.0012001858917539,20260809,/data/users/zhoushunyu/eqvae/experiments/prediction_target_toy_v4_main/seed20260809/D512/curv0p25/scale_unit_rms/loss_v/H1024,1.3954682350158691
512,0.25,unit_rms,1024,v,xv_tan_gm0p01,xv_tangent,-0.01,0.0787766326826771,0.0031036138534545,0.0040887165814638,1.6134808002099544e-06,-0.0002630889673154,0.000313508522075,20260809,/data/users/zhoushunyu/eqvae/experiments/prediction_target_toy_v4_main/seed20260809/D512/curv0p25/scale_unit_rms/loss_v/H1024,1.3954682350158691
512,0.25,unit_rms,1024,v,xv_normcomp_gm0p01,xv_normal,-0.01,0.078799016874742,0.0031026601791381,0.0040904651395976,1.4846416958860034e-05,-2.592082450568432e-05,5.5091885505495134e-05,20260809,/data/users/zhoushunyu/eqvae/experiments/prediction_target_toy_v4_main/seed20260809/D512/curv0p25/scale_unit_rms/loss_v/H1024,1.3954682350158691
512,0.25,unit_rms,1024,v,xv_g0p003,xv,0.003,0.0787707914076743,0.0030992031097412,0.0040884343907237,1.3181853003796374e-06,-6.411526323752935e-05,9.751787565714615e-05,20260809,/data/users/zhoushunyu/eqvae/experiments/prediction_target_toy_v4_main/seed20260809/D512/curv0p25/scale_unit_rms/loss_v/H1024,1.3954682350158691
512,0.25,unit_rms,1024,v,xeps_g0p003,xeps,0.003,0.0785900813846194,0.0030906200408935,0.0040844189934432,-9.960888601975908e-05,-0.000441921586011,0.0001441282549263,20260809,/data/users/zhoushunyu/eqvae/experiments/prediction_target_toy_v4_main/seed20260809/D512/curv0p25/scale_unit_rms/loss_v/H1024,1.3954682350158691
512,0.25,unit_rms,1024,v,xv_tan_g0p003,xv_tangent,0.003,0.0787744270538216,0.0030995607376098,0.0040873158723115,4.834725190331415e-06,-5.727677482468205e-05,0.000100350200709,20260809,/data/users/zhoushunyu/eqvae/experiments/prediction_target_toy_v4_main/seed20260809/D512/curv0p25/scale_unit_rms/loss_v/H1024,1.3954682350158691
512,0.25,unit_rms,1024,v,xv_normcomp_g0p003,xv_normal,0.003,0.0787778128254324,0.0031021833419799,0.004089361988008,-3.895046488098866e-06,-1.5770995413895773e-05,1.0829928634022116e-05,20260809,/data/users/zhoushunyu/eqvae/experiments/prediction_target_toy_v4_main/seed20260809/D512/curv0p25/scale_unit_rms/loss_v/H1024,1.3954682350158691
512,0.25,unit_rms,1024,v,xv_g0p01,xv,0.01,0.0787602789296838,0.0030969381332397,0.0040952023118734,1.1768614460390472e-05,-0.0002117099212232,0.0004043152060161,20260809,/data/users/zhoushunyu/eqvae/experiments/prediction_target_toy_v4_main/seed20260809/D512/curv0p25/scale_unit_rms/loss_v/H1024,1.3954682350158691
512,0.25,unit_rms,1024,v,xeps_g0p01,xeps,0.01,0.0782644500943305,0.0030716657638549,0.0040778736583888,-0.0002061414210504,-0.0009073142679614,0.0005736960586253,20260809,/data/users/zhoushunyu/eqvae/experiments/prediction_target_toy_v4_main/seed20260809/D512/curv0p25/scale_unit_rms/loss_v/H1024,1.3954682350158691
512,0.25,unit_rms,1024,v,xv_tan_g0p01,xv_tangent,0.01,0.0787668810882758,0.0030969381332397,0.0040880511514842,2.1006169894826897e-05,-0.0002059967956685,0.0003925982040539,20260809,/data/users/zhoushunyu/eqvae/experiments/prediction_target_toy_v4_main/seed20260809/D512/curv0p25/scale_unit_rms/loss_v/H1024,1.3954682350158691
512,0.25,unit_rms,1024,v,xv_normcomp_g0p01,xv_normal,0.01,0.078769338378051,0.003100037574768,0.0040955124422907,-1.1913768809709986e-05,-5.319523972093648e-05,3.928094215429272e-05,20260809,/data/users/zhoushunyu/eqvae/experiments/prediction_target_toy_v4_main/seed20260809/D512/curv0p25/scale_unit_rms/loss_v/H1024,1.3954682350158691
512,0.25,unit_rms,1024,v,xv_g0p03,xv,0.03,0.0785719475399249,0.0030803680419921,0.0041291117668151,-2.636632245161349e-05,-0.000663914130142,0.0008096876487696,20260809,/data/users/zhoushunyu/eqvae/experiments/prediction_target_toy_v4_main/seed20260809/D512/curv0p25/scale_unit_rms/loss_v/H1024,1.3954682350158691
512,0.25,unit_rms,1024,v,xeps_g0p03,xeps,0.03,0.0774719301565261,0.0030305385589599,0.0041012968868017,-0.0004369558231086,-0.0020715057588975,0.0013149924059298,20260809,/data/users/zhoushunyu/eqvae/experiments/prediction_target_toy_v4_main/seed20260809/D512/curv0p25/scale_unit_rms/loss_v/H1024,1.3954682350158691
512,0.25,unit_rms,1024,v,xv_tan_g0p03,xv_tangent,0.03,0.078642120494955,0.0030856132507324,0.0040855021215975,2.5543751362564203e-05,-0.0005499933361955,0.0007905194427833,20260809,/data/users/zhoushunyu/eqvae/experiments/prediction_target_toy_v4_main/seed20260809/D512/curv0p25/scale_unit_rms/loss_v/H1024,1.3954682350158691
512,0.25,unit_rms,1024,v,xv_normcomp_g0p03,xv_normal,0.03,0.0787583835541378,0.0030994415283203,0.0041353031992912,-2.7115994945226125e-05,-0.0001535385466006,0.0001421518625762,20260809,/data/users/zhoushunyu/eqvae/experiments/prediction_target_toy_v4_main/seed20260809/D512/curv0p25/scale_unit_rms/loss_v/H1024,1.3954682350158691
512,0.25,unit_rms,1024,v,xv_g0p1,xv,0.1,0.0778408467452586,0.0030246973037719,0.0044226692989468,-0.0004473288166148,-0.0028543138293069,0.0016804347317129,20260809,/data/users/zhoushunyu/eqvae/experiments/prediction_target_toy_v4_main/seed20260809/D512/curv0p25/scale_unit_rms/loss_v/H1024,1.3954682350158691
512,0.25,unit_rms,1024,v,xeps_g0p1,xeps,0.1,0.074355428957537,0.0028485059738159,0.0042677572928369,-0.002445100057537,-0.0064415540491479,0.0020180146587216,20260809,/data/users/zhoushunyu/eqvae/experiments/prediction_target_toy_v4_main/seed20260809/D512/curv0p25/scale_unit_rms/loss_v/H1024,1.3954682350158691
512,0.25,unit_rms,1024,v,xv_tan_g0p1,xv_tangent,0.1,0.0781401636402464,0.0030453205108642,0.0040837270207703,-0.0002343703201843,-0.0024781073520099,0.0017187312734288,20260809,/data/users/zhoushunyu/eqvae/experiments/prediction_target_toy_v4_main/seed20260809/D512/curv0p25/scale_unit_rms/loss_v/H1024,1.3954682350158691
512,0.25,unit_rms,1024,v,xv_normcomp_g0p1,xv_normal,0.1,0.0785384751370136,0.0030848979949951,0.0044333012774586,-0.0001230808385377,-0.0006644312338847,0.0003722735813439,20260809,/data/users/zhoushunyu/eqvae/experiments/prediction_target_toy_v4_main/seed20260809/D512/curv0p25/scale_unit_rms/loss_v/H1024,1.3954682350158691
512,0.25,unit_rms,1024,v,xv_g0p3,xv,0.3,0.0771728216613729,0.0029526948928833,0.0055486960336565,-0.0006728522290522,-0.0055431539853957,0.0028559884437996,20260809,/data/users/zhoushunyu/eqvae/experiments/prediction_target_toy_v4_main/seed20260809/D512/curv0p25/scale_unit_rms/loss_v/H1024,1.3954682350158691
512,0.25,unit_rms,1024,v,xeps_g0p3,xeps,0.3,0.0670872560936178,0.0023834705352783,0.00446034129709,-0.0069185250732366,-0.0173122008253941,0.0062059616721767,20260809,/data/users/zhoushunyu/eqvae/experiments/prediction_target_toy_v4_main/seed20260809/D512/curv0p25/scale_unit_rms/loss_v/H1024,1.3954682350158691
512,0.25,unit_rms,1024,v,xv_tan_g0p3,xv_tangent,0.3,0.0778410281899709,0.0030014514923095,0.0040879482403397,-0.0004105905215092,-0.0050267786612245,0.0030500480180107,20260809,/data/users/zhoushunyu/eqvae/experiments/prediction_target_toy_v4_main/seed20260809/D512/curv0p25/scale_unit_rms/loss_v/H1024,1.3954682350158691
512,0.25,unit_rms,1024,v,xv_normcomp_g0p3,xv_normal,0.3,0.0780618258962264,0.0030542612075805,0.0055429176427423,-0.0005381127414347,-0.0017527078552151,0.0005586656795852,20260809,/data/users/zhoushunyu/eqvae/experiments/prediction_target_toy_v4_main/seed20260809/D512/curv0p25/scale_unit_rms/loss_v/H1024,1.3954682350158691
512,0.25,unit_rms,1024,v,xv_rms_etam0p03,xv_norm,-0.03,0.0774942179727218,0.0030488967895507,0.0300412289798259,-0.0011575635537996,-0.0030486427948947,0.0007118351596582,20260809,/data/users/zhoushunyu/eqvae/experiments/prediction_target_toy_v4_main/seed20260809/D512/curv0p25/scale_unit_rms/loss_v/H1024,1.3954682350158691
512,0.25,unit_rms,1024,v,xv_rms_etam0p01,xv_norm,-0.01,0.0781975908760798,0.0030776262283325,0.0107085397467017,-0.0006450178286804,-0.0013468924297112,0.0001062335058968,20260809,/data/users/zhoushunyu/eqvae/experiments/prediction_target_toy_v4_main/seed20260809/D512/curv0p25/scale_unit_rms/loss_v/H1024,1.3954682350158691
512,0.25,unit_rms,1024,v,xv_rms_eta0p01,xv_norm,0.01,0.0799239975239172,0.0031511783599853,0.0102002313360571,0.0012479660470311,0.0003523845990128,0.0021359765052667,20260809,/data/users/zhoushunyu/eqvae/experiments/prediction_target_toy_v4_main/seed20260809/D512/curv0p25/scale_unit_rms/loss_v/H1024,1.3954682350158691
512,0.25,unit_rms,1024,v,xv_rms_eta0p03,xv_norm,0.03,0.0861467478899233,0.0034142732620239,0.0140438582748174,0.0070794435024418,0.0036760749278608,0.0101535912354896,20260809,/data/users/zhoushunyu/eqvae/experiments/prediction_target_toy_v4_main/seed20260809/D512/curv0p25/scale_unit_rms/loss_v/H1024,1.3954682350158691
512,0.25,unit_rms,128,v,x,x,0.0,0.0352200589106536,5.125999450683594e-05,0.0100600663572549,0.0,0.0,0.0,20260809,/data/users/zhoushunyu/eqvae/experiments/prediction_target_toy_v4_main/seed20260809/D512/curv0p25/scale_unit_rms/loss_v/H128,1.491909742355347
512,0.25,unit_rms,128,v,v,v,0.0,0.0388050658173597,0.0003029108047485,0.9163650274276732,0.0068141430001519,-0.0019246434090731,0.0174440337242971,20260809,/data/users/zhoushunyu/eqvae/experiments/prediction_target_toy_v4_main/seed20260809/D512/curv0p25/scale_unit_rms/loss_v/H128,1.491909742355347
512,0.25,unit_rms,128,v,eps,eps,0.0,1.4655438305347952,0.2779164016246795,42.8810920715332,1.3915158508317704,1.3305184318832557,1.4642432227968434,20260809,/data/users/zhoushunyu/eqvae/experiments/prediction_target_toy_v4_main/seed20260809/D512/curv0p25/scale_unit_rms/loss_v/H128,1.491909742355347
512,0.25,unit_rms,128,v,oracle,oracle,0.0,0.0626779861714717,0.0010536909103393,0.0028043165802955,0.0289295048873371,0.0066243929936144,0.0435509115652462,20260809,/data/users/zhoushunyu/eqvae/experiments/prediction_target_toy_v4_main/seed20260809/D512/curv0p25/scale_unit_rms/loss_v/H128,1.491909742355347
512,0.25,unit_rms,128,v,xv_gm0p1,xv,-0.1,0.0349003312008609,6.961822509765625e-05,0.010373206809163,0.0005486970774371,-0.0014199333652622,0.0026590757199878,20260809,/data/users/zhoushunyu/eqvae/experiments/prediction_target_toy_v4_main/seed20260809/D512/curv0p25/scale_unit_rms/loss_v/H128,1.491909742355347
512,0.25,unit_rms,128,v,xeps_gm0p1,xeps,-0.1,0.03179361922725,-8.809566497802734e-05,0.0130995903164148,-0.0052328149658633,-0.0125370918134435,0.0057041430997472,20260809,/data/users/zhoushunyu/eqvae/experiments/prediction_target_toy_v4_main/seed20260809/D512/curv0p25/scale_unit_rms/loss_v/H128,1.491909742355347
512,0.25,unit_rms,128,v,xv_tan_gm0p1,xv_tangent,-0.1,0.0345503583720876,6.270408630371094e-05,0.0096510555595159,0.0002698061464673,-0.0012745388310483,0.0019848629258269,20260809,/data/users/zhoushunyu/eqvae/experiments/prediction_target_toy_v4_main/seed20260809/D512/curv0p25/scale_unit_rms/loss_v/H128,1.491909742355347
512,0.25,unit_rms,128,v,xv_normcomp_gm0p1,xv_normal,-0.1,0.0355250352180755,5.841255187988281e-05,0.0107672763988375,0.0002674545731433,-0.0002074465138054,0.0007994500621101,20260809,/data/users/zhoushunyu/eqvae/experiments/prediction_target_toy_v4_main/seed20260809/D512/curv0p25/scale_unit_rms/loss_v/H128,1.491909742355347
512,0.25,unit_rms,128,v,xv_gm0p03,xv,-0.03,0.0350915760925219,5.7578086853027344e-05,0.0099804401397705,0.0001643928702874,-0.0004410643976439,0.000865031856361,20260809,/data/users/zhoushunyu/eqvae/experiments/prediction_target_toy_v4_main/seed20260809/D512/curv0p25/scale_unit_rms/loss_v/H128,1.491909742355347
512,0.25,unit_rms,128,v,xeps_gm0p03,xeps,-0.03,0.0332160609935001,-2.5153160095214844e-05,0.0105800377205014,-0.0022827081256269,-0.004673622849206,0.0014245845792082,20260809,/data/users/zhoushunyu/eqvae/experiments/prediction_target_toy_v4_main/seed20260809/D512/curv0p25/scale_unit_rms/loss_v/H128,1.491909742355347
512,0.25,unit_rms,128,v,xv_tan_gm0p03,xv_tangent,-0.03,0.0349929205669456,5.53131103515625e-05,0.0099431565031409,7.279745370026368e-05,-0.0004066978743553,0.0006019277860805,20260809,/data/users/zhoushunyu/eqvae/experiments/prediction_target_toy_v4_main/seed20260809/D512/curv0p25/scale_unit_rms/loss_v/H128,1.491909742355347
512,0.25,unit_rms,128,v,xv_normcomp_gm0p03,xv_normal,-0.03,0.0353066645976537,5.567073822021485e-05,0.0100979646667838,7.80728466020903e-05,-6.186772149359508e-05,0.0002319755641251,20260809,/data/users/zhoushunyu/eqvae/experiments/prediction_target_toy_v4_main/seed20260809/D512/curv0p25/scale_unit_rms/loss_v/H128,1.491909742355347
512,0.25,unit_rms,128,v,xv_gm0p01,xv,-0.01,0.035164264890166,5.2809715270996094e-05,0.0100243464112281,4.380235425707722e-05,-0.0001516055790853,0.0002518692626348,20260809,/data/users/zhoushunyu/eqvae/experiments/prediction_target_toy_v4_main/seed20260809/D512/curv0p25/scale_unit_rms/loss_v/H128,1.491909742355347
512,0.25,unit_rms,128,v,xeps_gm0p01,xeps,-0.01,0.0344501837828951,2.1219253540039062e-05,0.0102203357964754,-0.0008264306743557,-0.0016905983208575,0.0004437344713299,20260809,/data/users/zhoushunyu/eqvae/experiments/prediction_target_toy_v4_main/seed20260809/D512/curv0p25/scale_unit_rms/loss_v/H128,1.491909742355347
512,0.25,unit_rms,128,v,xv_tan_gm0p01,xv_tangent,-0.01,0.035135092677601,5.316734313964844e-05,0.0100221177563071,1.7470848123594325e-05,-0.0001355928743138,0.0001759459737696,20260809,/data/users/zhoushunyu/eqvae/experiments/prediction_target_toy_v4_main/seed20260809/D512/curv0p25/scale_unit_rms/loss_v/H128,1.491909742355347
512,0.25,unit_rms,128,v,xv_normcomp_gm0p01,xv_normal,-0.01,0.0352485047294101,5.376338958740234e-05,0.0100622801110148,2.5897623764996604e-05,-2.0521866556315157e-05,7.714198949313397e-05,20260809,/data/users/zhoushunyu/eqvae/experiments/prediction_target_toy_v4_main/seed20260809/D512/curv0p25/scale_unit_rms/loss_v/H128,1.491909742355347
512,0.25,unit_rms,128,v,xv_g0p003,xv,0.003,0.0352376174556717,5.125999450683594e-05,0.0100724641233682,-1.2503432541394744e-05,-7.580926053297725e-05,4.569998354185464e-05,20260809,/data/users/zhoushunyu/eqvae/experiments/prediction_target_toy_v4_main/seed20260809/D512/curv0p25/scale_unit_rms/loss_v/H128,1.491909742355347
512,0.25,unit_rms,128,v,xeps_g0p003,xeps,0.003,0.0354644438723693,6.270408630371094e-05,0.0100155109539628,0.0002595600237038,-0.0001194254775395,0.0004976632134551,20260809,/data/users/zhoushunyu/eqvae/experiments/prediction_target_toy_v4_main/seed20260809/D512/curv0p25/scale_unit_rms/loss_v/H128,1.491909742355347
512,0.25,unit_rms,128,v,xv_tan_g0p003,xv_tangent,0.003,0.0352460265231488,5.161762237548828e-05,0.0100715057924389,-4.786707199701535e-06,-5.293502652190755e-05,4.061020423107938e-05,20260809,/data/users/zhoushunyu/eqvae/experiments/prediction_target_toy_v4_main/seed20260809/D512/curv0p25/scale_unit_rms/loss_v/H128,1.491909742355347
512,0.25,unit_rms,128,v,xv_normcomp_g0p003,xv_normal,0.003,0.0352116083506357,5.114078521728516e-05,0.0100610274821519,-7.751993420552702e-06,-2.3177032644414e-05,6.151930303166863e-06,20260809,/data/users/zhoushunyu/eqvae/experiments/prediction_target_toy_v4_main/seed20260809/D512/curv0p25/scale_unit_rms/loss_v/H128,1.491909742355347
512,0.25,unit_rms,128,v,xv_g0p01,xv,0.01,0.0352798035941359,5.066394805908203e-05,0.01010397169739,-4.0488105474893314e-05,-0.0002525723777637,0.0001532993687994,20260809,/data/users/zhoushunyu/eqvae/experiments/prediction_target_toy_v4_main/seed20260809/D512/curv0p25/scale_unit_rms/loss_v/H128,1.491909742355347
512,0.25,unit_rms,128,v,xeps_g0p01,xeps,0.01,0.0360737732170921,8.606910705566406e-05,0.0099160224199295,0.0008998147905265,-0.0003976424649309,0.0016654948676327,20260809,/data/users/zhoushunyu/eqvae/experiments/prediction_target_toy_v4_main/seed20260809/D512/curv0p25/scale_unit_rms/loss_v/H128,1.491909742355347
512,0.25,unit_rms,128,v,xv_tan_g0p01,xv_tangent,0.01,0.0353071607457711,5.066394805908203e-05,0.0100983045995235,-1.504609321801402e-05,-0.0001764993677279,0.0001353458379193,20260809,/data/users/zhoushunyu/eqvae/experiments/prediction_target_toy_v4_main/seed20260809/D512/curv0p25/scale_unit_rms/loss_v/H128,1.491909742355347
512,0.25,unit_rms,128,v,xv_normcomp_g0p01,xv_normal,0.01,0.0351920776922971,5.2094459533691406e-05,0.0100657735019922,-2.578334242894505e-05,-7.741309293369871e-05,2.0521606709327813e-05,20260809,/data/users/zhoushunyu/eqvae/experiments/prediction_target_toy_v4_main/seed20260809/D512/curv0p25/scale_unit_rms/loss_v/H128,1.491909742355347
512,0.25,unit_rms,128,v,xv_g0p03,xv,0.03,0.0354097046839125,4.971027374267578e-05,0.010208735242486,-0.000113374699412,-0.0007499959817807,0.0004573559349787,20260809,/data/users/zhoushunyu/eqvae/experiments/prediction_target_toy_v4_main/seed20260809/D512/curv0p25/scale_unit_rms/loss_v/H128,1.491909742355347
512,0.25,unit_rms,128,v,xeps_g0p03,xeps,0.03,0.0382168734287966,0.0001659393310546,0.009640846401453,0.0030691328797791,-0.0009347952693238,0.0053404061681887,20260809,/data/users/zhoushunyu/eqvae/experiments/prediction_target_toy_v4_main/seed20260809/D512/curv0p25/scale_unit_rms/loss_v/H128,1.491909742355347
512,0.25,unit_rms,128,v,xv_tan_g0p03,xv_tangent,0.03,0.0354869685314158,5.030632019042969e-05,0.0101752011105418,-3.9155009054257785e-05,-0.0005280840657321,0.0004016625271536,20260809,/data/users/zhoushunyu/eqvae/experiments/prediction_target_toy_v4_main/seed20260809/D512/curv0p25/scale_unit_rms/loss_v/H128,1.491909742355347
512,0.25,unit_rms,128,v,xv_normcomp_g0p03,xv_normal,0.03,0.0351375341070699,5.054473876953125e-05,0.0100944833829998,-7.67790887004198e-05,-0.0002320562011545,6.201820041063561e-05,20260809,/data/users/zhoushunyu/eqvae/experiments/prediction_target_toy_v4_main/seed20260809/D512/curv0p25/scale_unit_rms/loss_v/H128,1.491909742355347
512,0.25,unit_rms,128,v,xv_g0p1,xv,0.1,0.0360080176715982,4.649162292480469e-05,0.0106269577518105,-0.0002716582762857,-0.0021504715713671,0.0013706179573689,20260809,/data/users/zhoushunyu/eqvae/experiments/prediction_target_toy_v4_main/seed20260809/D512/curv0p25/scale_unit_rms/loss_v/H128,1.491909742355347
512,0.25,unit_rms,128,v,xeps_g0p1,xeps,0.1,0.0496206377074209,0.0006110668182373,0.0089232604950666,0.0132534012235209,0.0015925720628151,0.0213538077309589,20260809,/data/users/zhoushunyu/eqvae/experiments/prediction_target_toy_v4_main/seed20260809/D512/curv0p25/scale_unit_rms/loss_v/H128,1.491909742355347
512,0.25,unit_rms,128,v,xv_tan_g0p1,xv_tangent,0.1,0.0362086331875608,4.9591064453125e-05,0.0104340752586722,-5.997288890349908e-05,-0.0015194913969736,0.0012342520678368,20260809,/data/users/zhoushunyu/eqvae/experiments/prediction_target_toy_v4_main/seed20260809/D512/curv0p25/scale_unit_rms/loss_v/H128,1.491909742355347
512,0.25,unit_rms,128,v,xv_normcomp_g0p1,xv_normal,0.1,0.0349697529687062,4.780292510986328e-05,0.0102629605680704,-0.0002446351959707,-0.00076408010983,0.0002175145117406,20260809,/data/users/zhoushunyu/eqvae/experiments/prediction_target_toy_v4_main/seed20260809/D512/curv0p25/scale_unit_rms/loss_v/H128,1.491909742355347
512,0.25,unit_rms,128,v,xv_g0p3,xv,0.3,0.0387642276056637,6.318092346191406e-05,0.0116213914006948,0.0002145967797456,-0.0049632361422384,0.0048888460803722,20260809,/data/users/zhoushunyu/eqvae/experiments/prediction_target_toy_v4_main/seed20260809/D512/curv0p25/scale_unit_rms/loss_v/H128,1.491909742355347
512,0.25,unit_rms,128,v,xeps_g0p3,xeps,0.3,0.1094406275137406,0.0043095350265502,0.0071422085165977,0.067224480085962,0.0437243654103286,0.08458250531453,20260809,/data/users/zhoushunyu/eqvae/experiments/prediction_target_toy_v4_main/seed20260809/D512/curv0p25/scale_unit_rms/loss_v/H128,1.491909742355347
512,0.25,unit_rms,128,v,xv_tan_g0p3,xv_tangent,0.3,0.0389023256065141,5.805492401123047e-05,0.0111371520906686,0.0004875489530198,-0.0031872865169582,0.0042049554542321,20260809,/data/users/zhoushunyu/eqvae/experiments/prediction_target_toy_v4_main/seed20260809/D512/curv0p25/scale_unit_rms/loss_v/H128,1.491909742355347
512,0.25,unit_rms,128,v,xv_normcomp_g0p3,xv_normal,0.3,0.0346053357120576,3.981590270996094e-05,0.0105533525347709,-0.0006705366618158,-0.0022102399173117,0.000661092968966,20260809,/data/users/zhoushunyu/eqvae/experiments/prediction_target_toy_v4_main/seed20260809/D512/curv0p25/scale_unit_rms/loss_v/H128,1.491909742355347
512,0.25,unit_rms,128,v,xv_rms_etam0p03,xv_norm,-0.03,0.0352122819694997,6.663799285888672e-05,0.0326031111180782,0.0007461848177747,-0.0006767497475298,0.0024919706669628,20260809,/data/users/zhoushunyu/eqvae/experiments/prediction_target_toy_v4_main/seed20260809/D512/curv0p25/scale_unit_rms/loss_v/H128,1.491909742355347
512,0.25,unit_rms,128,v,xv_rms_etam0p01,xv_norm,-0.01,0.0352012426673687,5.7220458984375e-05,0.0151621978729963,0.0002872230030081,-0.000260524143603,0.00098037331554,20260809,/data/users/zhoushunyu/eqvae/experiments/prediction_target_toy_v4_main/seed20260809/D512/curv0p25/scale_unit_rms/loss_v/H128,1.491909742355347
512,0.25,unit_rms,128,v,xv_rms_eta0p01,xv_norm,0.01,0.0352563833209526,4.661083221435547e-05,0.0149265648797154,-0.0004132917079966,-0.0013303642242073,0.0004888705168771,20260809,/data/users/zhoushunyu/eqvae/experiments/prediction_target_toy_v4_main/seed20260809/D512/curv0p25/scale_unit_rms/loss_v/H128,1.491909742355347
512,0.25,unit_rms,128,v,xv_rms_eta0p03,xv_norm,0.03,0.0393057917345694,0.0001229047775268,0.0186771880835294,0.0005354774165412,-0.0042649506512279,0.0048947952764989,20260809,/data/users/zhoushunyu/eqvae/experiments/prediction_target_toy_v4_main/seed20260809/D512/curv0p25/scale_unit_rms/loss_v/H128,1.491909742355347
512,0.25,unit_rms,256,v,x,x,0.0,0.0355080751511558,0.000219702720642,0.0041037965565919,0.0,0.0,0.0,20260809,/data/users/zhoushunyu/eqvae/experiments/prediction_target_toy_v4_main/seed20260809/D512/curv0p25/scale_unit_rms/loss_v/H256,1.4657554626464844
512,0.25,unit_rms,256,v,v,v,0.0,0.0306980966405451,7.295608520507812e-05,0.8323959708213806,0.0004617300699283,-0.0078600602106957,0.0097104511074567,20260809,/data/users/zhoushunyu/eqvae/experiments/prediction_target_toy_v4_main/seed20260809/D512/curv0p25/scale_unit_rms/loss_v/H256,1.4657554626464844
512,0.25,unit_rms,256,v,eps,eps,0.0,1.475988493736378,0.2838160991668701,36.57960510253906,1.444073525510364,1.359638195119526,1.5113513020166758,20260809,/data/users/zhoushunyu/eqvae/experiments/prediction_target_toy_v4_main/seed20260809/D512/curv0p25/scale_unit_rms/loss_v/H256,1.4657554626464844
512,0.25,unit_rms,256,v,oracle,oracle,0.0,0.0796866126365066,0.0020192861557006,0.0028204375412315,0.0295501241232048,0.001750621022383,0.0473535772490086,20260809,/data/users/zhoushunyu/eqvae/experiments/prediction_target_toy_v4_main/seed20260809/D512/curv0p25/scale_unit_rms/loss_v/H256,1.4657554626464844
512,0.25,unit_rms,256,v,xv_gm0p1,xv,-0.1,0.034685315103795,0.0001955032348632,0.0051513840444386,-0.0001806723463376,-0.0015388834574619,0.0009932903652532,20260809,/data/users/zhoushunyu/eqvae/experiments/prediction_target_toy_v4_main/seed20260809/D512/curv0p25/scale_unit_rms/loss_v/H256,1.4657554626464844
512,0.25,unit_rms,256,v,xeps_gm0p1,xeps,-0.1,0.0400613176633621,0.0001915693283081,0.0065882261842489,0.007284302260502,-0.0139174988255177,0.0262344285849873,20260809,/data/users/zhoushunyu/eqvae/experiments/prediction_target_toy_v4_main/seed20260809/D512/curv0p25/scale_unit_rms/loss_v/H256,1.4657554626464844
512,0.25,unit_rms,256,v,xv_tan_gm0p1,xv_tangent,-0.1,0.0347726677678021,0.0002021789550781,0.0040822643786668,-0.0001988017102571,-0.0013255658129288,0.0007552830396626,20260809,/data/users/zhoushunyu/eqvae/experiments/prediction_target_toy_v4_main/seed20260809/D512/curv0p25/scale_unit_rms/loss_v/H256,1.4657554626464844
512,0.25,unit_rms,256,v,xv_normcomp_gm0p1,xv_normal,-0.1,0.0354426518720335,0.0002146959304809,0.0051771644502878,-2.7821259979838032e-05,-0.0004533111712782,0.0004161489207262,20260809,/data/users/zhoushunyu/eqvae/experiments/prediction_target_toy_v4_main/seed20260809/D512/curv0p25/scale_unit_rms/loss_v/H256,1.4657554626464844
512,0.25,unit_rms,256,v,xv_gm0p03,xv,-0.03,0.0351933275482591,0.0002112388610839,0.0041650254279375,-9.267899359660638e-05,-0.0005413353868775,0.0001994868104291,20260809,/data/users/zhoushunyu/eqvae/experiments/prediction_target_toy_v4_main/seed20260809/D512/curv0p25/scale_unit_rms/loss_v/H256,1.4657554626464844
512,0.25,unit_rms,256,v,xeps_gm0p03,xeps,-0.03,0.0285532690907665,3.337860107421875e-06,0.0044513558968901,-0.0015433674100432,-0.0097495699600321,0.0048432305562364,20260809,/data/users/zhoushunyu/eqvae/experiments/prediction_target_toy_v4_main/seed20260809/D512/curv0p25/scale_unit_rms/loss_v/H256,1.4657554626464844
512,0.25,unit_rms,256,v,xv_tan_gm0p03,xv_tangent,-0.03,0.0352094278691075,0.0002129077911376,0.0040907934308052,-8.774372595526845e-05,-0.0004725729736419,0.0001822645082231,20260809,/data/users/zhoushunyu/eqvae/experiments/prediction_target_toy_v4_main/seed20260809/D512/curv0p25/scale_unit_rms/loss_v/H256,1.4657554626464844
512,0.25,unit_rms,256,v,xv_normcomp_gm0p03,xv_normal,-0.03,0.0354913508112141,0.0002199411392211,0.0041792737320065,-1.1992811125355746e-05,-0.0001462886375211,0.0001074107094655,20260809,/data/users/zhoushunyu/eqvae/experiments/prediction_target_toy_v4_main/seed20260809/D512/curv0p25/scale_unit_rms/loss_v/H256,1.4657554626464844
512,0.25,unit_rms,256,v,xv_gm0p01,xv,-0.01,0.0353975174717626,0.0002186298370361,0.0041087088175117,-3.534405395080091e-05,-0.0002094655029787,8.570350071874667e-05,20260809,/data/users/zhoushunyu/eqvae/experiments/prediction_target_toy_v4_main/seed20260809/D512/curv0p25/scale_unit_rms/loss_v/H256,1.4657554626464844
512,0.25,unit_rms,256,v,xeps_gm0p01,xeps,-0.01,0.0319610707558979,0.0001248121261596,0.0042218556627631,-0.0009353820515115,-0.0035919274797033,0.0012099439981597,20260809,/data/users/zhoushunyu/eqvae/experiments/prediction_target_toy_v4_main/seed20260809/D512/curv0p25/scale_unit_rms/loss_v/H256,1.4657554626464844
512,0.25,unit_rms,256,v,xv_tan_gm0p01,xv_tangent,-0.01,0.0354031322219163,0.0002186298370361,0.0041007325053215,-3.127985189934429e-05,-0.0001747178140707,0.0001060625829634,20260809,/data/users/zhoushunyu/eqvae/experiments/prediction_target_toy_v4_main/seed20260809/D512/curv0p25/scale_unit_rms/loss_v/H256,1.4657554626464844
512,0.25,unit_rms,256,v,xv_normcomp_gm0p01,xv_normal,-0.01,0.0355029068675151,0.0002204179763793,0.0041120438836514,-4.418701558814297e-06,-4.875157280478624e-05,3.386157598300825e-05,20260809,/data/users/zhoushunyu/eqvae/experiments/prediction_target_toy_v4_main/seed20260809/D512/curv0p25/scale_unit_rms/loss_v/H256,1.4657554626464844
512,0.25,unit_rms,256,v,xv_g0p003,xv,0.003,0.0355415828901086,0.0002201795578002,0.0041052801534533,1.235186981745018e-05,-1.9863581053040057e-05,6.734092369495913e-05,20260809,/data/users/zhoushunyu/eqvae/experiments/prediction_target_toy_v4_main/seed20260809/D512/curv0p25/scale_unit_rms/loss_v/H256,1.4657554626464844
512,0.25,unit_rms,256,v,xeps_g0p003,xeps,0.003,0.0367155514005263,0.0002548694610595,0.004086990840733,0.0003918245230032,-0.0004755994961206,0.0011592568255854,20260809,/data/users/zhoushunyu/eqvae/experiments/prediction_target_toy_v4_main/seed20260809/D512/curv0p25/scale_unit_rms/loss_v/H256,1.4657554626464844
512,0.25,unit_rms,256,v,xv_tan_g0p003,xv_tangent,0.003,0.0355401190778199,0.0002211332321166,0.0041050910949707,1.0929317402571734e-05,-2.0132456330917636e-05,5.388935874265294e-05,20260809,/data/users/zhoushunyu/eqvae/experiments/prediction_target_toy_v4_main/seed20260809/D512/curv0p25/scale_unit_rms/loss_v/H256,1.4657554626464844
512,0.25,unit_rms,256,v,xv_normcomp_g0p003,xv_normal,0.003,0.0355095561311026,0.0002210140228271,0.0041040405631065,1.3963766823454556e-06,-9.71261735851492e-06,1.4643924862633623e-05,20260809,/data/users/zhoushunyu/eqvae/experiments/prediction_target_toy_v4_main/seed20260809/D512/curv0p25/scale_unit_rms/loss_v/H256,1.4657554626464844
512,0.25,unit_rms,256,v,xv_g0p01,xv,0.01,0.035621541014947,0.0002237558364868,0.0041139447130262,4.27191716376691e-05,-7.857181065337848e-05,0.0002297002089464,20260809,/data/users/zhoushunyu/eqvae/experiments/prediction_target_toy_v4_main/seed20260809/D512/curv0p25/scale_unit_rms/loss_v/H256,1.4657554626464844
512,0.25,unit_rms,256,v,xeps_g0p01,xeps,0.01,0.0396052411415136,0.0003407001495361,0.0040544522926211,0.0014758982875025,-0.0010779048878843,0.0044914116538005,20260809,/data/users/zhoushunyu/eqvae/experiments/prediction_target_toy_v4_main/seed20260809/D512/curv0p25/scale_unit_rms/loss_v/H256,1.4657554626464844
512,0.25,unit_rms,256,v,xv_tan_g0p01,xv_tangent,0.01,0.0356167182259486,0.0002251863479614,0.004109404515475,3.7664473646601416e-05,-7.908653652104764e-05,0.0001842361947503,20260809,/data/users/zhoushunyu/eqvae/experiments/prediction_target_toy_v4_main/seed20260809/D512/curv0p25/scale_unit_rms/loss_v/H256,1.4657554626464844
512,0.25,unit_rms,256,v,xv_normcomp_g0p01,xv_normal,0.01,0.0355128876005092,0.0002214908599853,0.0041088555008172,4.745759251055249e-06,-3.314881088309993e-05,4.894218444434799e-05,20260809,/data/users/zhoushunyu/eqvae/experiments/prediction_target_toy_v4_main/seed20260809/D512/curv0p25/scale_unit_rms/loss_v/H256,1.4657554626464844
512,0.25,unit_rms,256,v,xv_g0p03,xv,0.03,0.0358585468876723,0.000234842300415,0.0041612614877521,0.0001342234540702,-0.0002310384906672,0.0006633545506613,20260809,/data/users/zhoushunyu/eqvae/experiments/prediction_target_toy_v4_main/seed20260809/D512/curv0p25/scale_unit_rms/loss_v/H256,1.4657554626464844
512,0.25,unit_rms,256,v,xeps_g0p03,xeps,0.03,0.0475084421932592,0.0006221532821655,0.0039718132466077,0.0054143641873795,-0.0018991630167142,0.0122655170664941,20260809,/data/users/zhoushunyu/eqvae/experiments/prediction_target_toy_v4_main/seed20260809/D512/curv0p25/scale_unit_rms/loss_v/H256,1.4657554626464844
512,0.25,unit_rms,256,v,xv_tan_g0p03,xv_tangent,0.03,0.035844131656978,0.0002318620681762,0.0041193501092493,0.0001234092720834,-0.0002023773405789,0.0005377309011809,20260809,/data/users/zhoushunyu/eqvae/experiments/prediction_target_toy_v4_main/seed20260809/D512/curv0p25/scale_unit_rms/loss_v/H256,1.4657554626464844
512,0.25,unit_rms,256,v,xv_normcomp_g0p03,xv_normal,0.03,0.0355214470644992,0.0002228021621704,0.0041483785025775,1.4612950635468947e-05,-0.0001140786695956,0.0001497506096708,20260809,/data/users/zhoushunyu/eqvae/experiments/prediction_target_toy_v4_main/seed20260809/D512/curv0p25/scale_unit_rms/loss_v/H256,1.4657554626464844
512,0.25,unit_rms,256,v,xv_g0p1,xv,0.1,0.0366783385982621,0.0002566576004028,0.0044211973436176,0.0004259650789987,-0.0006565521188273,0.0017483903909058,20260809,/data/users/zhoushunyu/eqvae/experiments/prediction_target_toy_v4_main/seed20260809/D512/curv0p25/scale_unit_rms/loss_v/H256,1.4657554626464844
512,0.25,unit_rms,256,v,xeps_g0p1,xeps,0.1,0.0773491981101621,0.0020300149917602,0.003851699642837,0.0278410140340568,0.0097834452965609,0.041995958604943,20260809,/data/users/zhoushunyu/eqvae/experiments/prediction_target_toy_v4_main/seed20260809/D512/curv0p25/scale_unit_rms/loss_v/H256,1.4657554626464844
512,0.25,unit_rms,256,v,xv_tan_g0p1,xv_tangent,0.1,0.0366881598301783,0.0002520084381103,0.0041298395954072,0.0003977201572391,-0.0005361915939233,0.0015097390380598,20260809,/data/users/zhoushunyu/eqvae/experiments/prediction_target_toy_v4_main/seed20260809/D512/curv0p25/scale_unit_rms/loss_v/H256,1.4657554626464844
512,0.25,unit_rms,256,v,xv_normcomp_g0p1,xv_normal,0.1,0.0355428575416388,0.0002281665802001,0.0044103078544139,4.2618763523725945e-05,-0.000452070722772,0.0004362544480102,20260809,/data/users/zhoushunyu/eqvae/experiments/prediction_target_toy_v4_main/seed20260809/D512/curv0p25/scale_unit_rms/loss_v/H256,1.4657554626464844
512,0.25,unit_rms,256,v,xv_g0p3,xv,0.3,0.0387271220917937,0.0003211498260498,0.0050308271311223,0.0011191956023806,-0.0014456433445958,0.0043004073905196,20260809,/data/users/zhoushunyu/eqvae/experiments/prediction_target_toy_v4_main/seed20260809/D512/curv0p25/scale_unit_rms/loss_v/H256,1.4657554626464844
512,0.25,unit_rms,256,v,xeps_g0p3,xeps,0.3,0.177228643625665,0.011414885520935,0.0033769912552088,0.1228295688339031,0.0973984811699937,0.142966344901816,20260809,/data/users/zhoushunyu/eqvae/experiments/prediction_target_toy_v4_main/seed20260809/D512/curv0p25/scale_unit_rms/loss_v/H256,1.4657554626464844
512,0.25,unit_rms,256,v,xv_tan_g0p3,xv_tangent,0.3,0.0389161102591365,0.000312328338623,0.0042352280579507,0.0011199548511731,-0.0012078559256937,0.0037850557700538,20260809,/data/users/zhoushunyu/eqvae/experiments/prediction_target_toy_v4_main/seed20260809/D512/curv0p25/scale_unit_rms/loss_v/H256,1.4657554626464844
512,0.25,unit_rms,256,v,xv_normcomp_g0p3,xv_normal,0.3,0.0354929909226703,0.0002340078353881,0.0049233869649469,3.772928106459881e-05,-0.001028299439787,0.0009128039852293,20260809,/data/users/zhoushunyu/eqvae/experiments/prediction_target_toy_v4_main/seed20260809/D512/curv0p25/scale_unit_rms/loss_v/H256,1.4657554626464844
512,0.25,unit_rms,256,v,xv_rms_etam0p03,xv_norm,-0.03,0.0345094685830669,0.0001863241195678,0.0303937587887048,-0.0003079485967646,-0.0011486073113898,0.0007419690018124,20260809,/data/users/zhoushunyu/eqvae/experiments/prediction_target_toy_v4_main/seed20260809/D512/curv0p25/scale_unit_rms/loss_v/H256,1.4657554626464844
512,0.25,unit_rms,256,v,xv_rms_etam0p01,xv_norm,-0.01,0.0350350699901973,0.000203251838684,0.0110527714714407,-0.000169490435214,-0.0005201256845638,0.000272921860661,20260809,/data/users/zhoushunyu/eqvae/experiments/prediction_target_toy_v4_main/seed20260809/D512/curv0p25/scale_unit_rms/loss_v/H256,1.4657554626464844
512,0.25,unit_rms,256,v,xv_rms_eta0p01,xv_norm,0.01,0.0363342961171567,0.0002527236938476,0.0106698852032423,0.0004027861763866,-0.0003484265645033,0.0010153267150717,20260809,/data/users/zhoushunyu/eqvae/experiments/prediction_target_toy_v4_main/seed20260809/D512/curv0p25/scale_unit_rms/loss_v/H256,1.4657554626464844
512,0.25,unit_rms,256,v,xv_rms_eta0p03,xv_norm,0.03,0.042781481814096,0.0005333423614501,0.0123109901323914,0.0047772231586214,-0.0004712892143389,0.0081136822441492,20260809,/data/users/zhoushunyu/eqvae/experiments/prediction_target_toy_v4_main/seed20260809/D512/curv0p25/scale_unit_rms/loss_v/H256,1.4657554626464844
512,0.25,unit_rms,512,v,x,x,0.0,0.0416704178104528,0.0005755424499511,0.0050578801892697,0.0,0.0,0.0,20260809,/data/users/zhoushunyu/eqvae/experiments/prediction_target_toy_v4_main/seed20260809/D512/curv0p25/scale_unit_rms/loss_v/H512,1.4888581037521362
512,0.25,unit_rms,512,v,v,v,0.0,0.0511994525409258,0.0010838508605957,0.6629035472869873,0.0068312141179191,-0.0067910192742625,0.0181820086386028,20260809,/data/users/zhoushunyu/eqvae/experiments/prediction_target_toy_v4_main/seed20260809/D512/curv0p25/scale_unit_rms/loss_v/H512,1.4888581037521362
512,0.25,unit_rms,512,v,eps,eps,0.0,1.4769699598130153,0.2737717926502228,21.591476440429688,1.3869243178447654,1.285687596889569,1.4885239272132038,20260809,/data/users/zhoushunyu/eqvae/experiments/prediction_target_toy_v4_main/seed20260809/D512/curv0p25/scale_unit_rms/loss_v/H512,1.4888581037521362
512,0.25,unit_rms,512,v,oracle,oracle,0.0,0.0683303948921726,0.0016185045242309,0.0028234089259058,0.0186516243277725,-0.0095420728747366,0.0402279553153848,20260809,/data/users/zhoushunyu/eqvae/experiments/prediction_target_toy_v4_main/seed20260809/D512/curv0p25/scale_unit_rms/loss_v/H512,1.4888581037521362
512,0.25,unit_rms,512,v,xv_gm0p1,xv,-0.1,0.0419456295879442,0.0005998611450195,0.0056434981524944,0.0001722793218588,-0.0016248112547423,0.0022238542195601,20260809,/data/users/zhoushunyu/eqvae/experiments/prediction_target_toy_v4_main/seed20260809/D512/curv0p25/scale_unit_rms/loss_v/H512,1.4888581037521362
512,0.25,unit_rms,512,v,xeps_gm0p1,xeps,-0.1,0.0575989726193649,0.0013196468353271,0.0066702947951853,0.0057576663427007,-0.0146503216433818,0.0307437990663622,20260809,/data/users/zhoushunyu/eqvae/experiments/prediction_target_toy_v4_main/seed20260809/D512/curv0p25/scale_unit_rms/loss_v/H512,1.4888581037521362
512,0.25,unit_rms,512,v,xv_tan_gm0p1,xv_tangent,-0.1,0.0416058165993112,0.0005922317504882,0.004987820982933,-2.627124831924274e-05,-0.0016072547705415,0.0019392644216312,20260809,/data/users/zhoushunyu/eqvae/experiments/prediction_target_toy_v4_main/seed20260809/D512/curv0p25/scale_unit_rms/loss_v/H512,1.4888581037521362
512,0.25,unit_rms,512,v,xv_normcomp_gm0p1,xv_normal,-0.1,0.0418779010334093,0.000584602355957,0.0057242098264396,0.0001811117292493,-0.0003397967550244,0.0005618175743823,20260809,/data/users/zhoushunyu/eqvae/experiments/prediction_target_toy_v4_main/seed20260809/D512/curv0p25/scale_unit_rms/loss_v/H512,1.4888581037521362
512,0.25,unit_rms,512,v,xv_gm0p03,xv,-0.03,0.0416195362795182,0.0005812644958496,0.0050472761504352,8.503268498181865e-06,-0.0006381766960182,0.0008054414795692,20260809,/data/users/zhoushunyu/eqvae/experiments/prediction_target_toy_v4_main/seed20260809/D512/curv0p25/scale_unit_rms/loss_v/H512,1.4888581037521362
512,0.25,unit_rms,512,v,xeps_gm0p03,xeps,-0.03,0.0424169115494119,0.0006577968597412,0.0052643101662397,-0.0014392489573794,-0.009942392069421,0.0074701189122356,20260809,/data/users/zhoushunyu/eqvae/experiments/prediction_target_toy_v4_main/seed20260809/D512/curv0p25/scale_unit_rms/loss_v/H512,1.4888581037521362
512,0.25,unit_rms,512,v,xv_tan_gm0p03,xv_tangent,-0.03,0.0415430007417798,0.0005779266357421,0.0050252648070454,-4.74087802340143e-05,-0.0006588174884886,0.0006978416025171,20260809,/data/users/zhoushunyu/eqvae/experiments/prediction_target_toy_v4_main/seed20260809/D512/curv0p25/scale_unit_rms/loss_v/H512,1.4888581037521362
512,0.25,unit_rms,512,v,xv_normcomp_gm0p03,xv_normal,-0.03,0.0417307959194964,0.0005793571472167,0.0050855739973485,6.66893382581505e-05,-0.0001111890023643,0.0002728723481993,20260809,/data/users/zhoushunyu/eqvae/experiments/prediction_target_toy_v4_main/seed20260809/D512/curv0p25/scale_unit_rms/loss_v/H512,1.4888581037521362
512,0.25,unit_rms,512,v,xv_gm0p01,xv,-0.01,0.0416469441904987,0.0005772113800048,0.0050525185652077,-1.7169996012208407e-05,-0.0004995794235166,0.0003399936064592,20260809,/data/users/zhoushunyu/eqvae/experiments/prediction_target_toy_v4_main/seed20260809/D512/curv0p25/scale_unit_rms/loss_v/H512,1.4888581037521362
512,0.25,unit_rms,512,v,xeps_gm0p01,xeps,-0.01,0.0411774126663774,0.0005792379379272,0.0050921807996928,-0.0008903546683471,-0.0037513593967103,0.0019209691401764,20260809,/data/users/zhoushunyu/eqvae/experiments/prediction_target_toy_v4_main/seed20260809/D512/curv0p25/scale_unit_rms/loss_v/H512,1.4888581037521362
512,0.25,unit_rms,512,v,xv_tan_gm0p01,xv_tangent,-0.01,0.0416242482870493,0.0005768537521362,0.0050547132268548,-3.0262328481391043e-05,-0.0004224291669911,0.0003156643708212,20260809,/data/users/zhoushunyu/eqvae/experiments/prediction_target_toy_v4_main/seed20260809/D512/curv0p25/scale_unit_rms/loss_v/H512,1.4888581037521362
512,0.25,unit_rms,512,v,xv_normcomp_gm0p01,xv_normal,-0.01,0.0416904961155676,0.000577688217163,0.0050554806366562,2.613396652144204e-05,-3.262602313224682e-05,0.0001606524866432,20260809,/data/users/zhoushunyu/eqvae/experiments/prediction_target_toy_v4_main/seed20260809/D512/curv0p25/scale_unit_rms/loss_v/H512,1.4888581037521362
512,0.25,unit_rms,512,v,xv_g0p003,xv,0.003,0.0416750735044609,0.0005772113800048,0.0050603118725121,-7.186190527296646e-06,-0.0001201091772556,5.519562578274717e-05,20260809,/data/users/zhoushunyu/eqvae/experiments/prediction_target_toy_v4_main/seed20260809/D512/curv0p25/scale_unit_rms/loss_v/H512,1.4888581037521362
512,0.25,unit_rms,512,v,xeps_g0p003,xeps,0.003,0.0418586018074716,0.0005784034729003,0.0050288368947803,0.0003030775303062,-0.0004371551328122,0.0012703246587853,20260809,/data/users/zhoushunyu/eqvae/experiments/prediction_target_toy_v4_main/seed20260809/D512/curv0p25/scale_unit_rms/loss_v/H512,1.4888581037521362
512,0.25,unit_rms,512,v,xv_tan_g0p003,xv_tangent,0.003,0.041681164615623,0.000576376914978,0.0050579323433339,-1.466927402052759e-06,-0.0001090388132705,5.533208468813646e-05,20260809,/data/users/zhoushunyu/eqvae/experiments/prediction_target_toy_v4_main/seed20260809/D512/curv0p25/scale_unit_rms/loss_v/H512,1.4888581037521362
512,0.25,unit_rms,512,v,xv_normcomp_g0p003,xv_normal,0.003,0.0416644158050492,0.0005754232406616,0.0050603300333023,-8.119255743420303e-06,-5.888967710581568e-05,1.0329307558885007e-05,20260809,/data/users/zhoushunyu/eqvae/experiments/prediction_target_toy_v4_main/seed20260809/D512/curv0p25/scale_unit_rms/loss_v/H512,1.4888581037521362
512,0.25,unit_rms,512,v,xv_g0p01,xv,0.01,0.0416753575118699,0.0005760192871093,0.0050752316601574,-1.4700083636279072e-05,-0.000264033604234,0.0001964639411946,20260809,/data/users/zhoushunyu/eqvae/experiments/prediction_target_toy_v4_main/seed20260809/D512/curv0p25/scale_unit_rms/loss_v/H512,1.4888581037521362
512,0.25,unit_rms,512,v,xeps_g0p01,xeps,0.01,0.0427983634777861,0.000594139099121,0.0050083203241229,0.0011484790678364,-0.0014126603332314,0.0036001169968489,20260809,/data/users/zhoushunyu/eqvae/experiments/prediction_target_toy_v4_main/seed20260809/D512/curv0p25/scale_unit_rms/loss_v/H512,1.4888581037521362
512,0.25,unit_rms,512,v,xv_tan_g0p01,xv_tangent,0.01,0.0416969100744098,0.0005757808685302,0.0050631086342036,4.536616378951683e-06,-0.0002230034856194,0.0001863640406762,20260809,/data/users/zhoushunyu/eqvae/experiments/prediction_target_toy_v4_main/seed20260809/D512/curv0p25/scale_unit_rms/loss_v/H512,1.4888581037521362
512,0.25,unit_rms,512,v,xv_normcomp_g0p01,xv_normal,0.01,0.0416504317179921,0.0005749464035034,0.0050684306770563,-2.3136218943753047e-05,-0.0001192424730243,3.2121699224878525e-05,20260809,/data/users/zhoushunyu/eqvae/experiments/prediction_target_toy_v4_main/seed20260809/D512/curv0p25/scale_unit_rms/loss_v/H512,1.4888581037521362
512,0.25,unit_rms,512,v,xv_g0p03,xv,0.03,0.0415181695900343,0.0005649328231811,0.0051525281742215,-7.385395209389703e-05,-0.0008227767654074,0.0006489944897193,20260809,/data/users/zhoushunyu/eqvae/experiments/prediction_target_toy_v4_main/seed20260809/D512/curv0p25/scale_unit_rms/loss_v/H512,1.4888581037521362
512,0.25,unit_rms,512,v,xeps_g0p03,xeps,0.03,0.0466791199880369,0.0006591081619262,0.0049657197669148,0.0040693759575318,-0.003574300832075,0.0109862482231748,20260809,/data/users/zhoushunyu/eqvae/experiments/prediction_target_toy_v4_main/seed20260809/D512/curv0p25/scale_unit_rms/loss_v/H512,1.4888581037521362
512,0.25,unit_rms,512,v,xv_tan_g0p03,xv_tangent,0.03,0.041582750616293,0.0005675554275512,0.0050962185487151,-1.2620363011969296e-05,-0.0006715354790544,0.0006120781143087,20260809,/data/users/zhoushunyu/eqvae/experiments/prediction_target_toy_v4_main/seed20260809/D512/curv0p25/scale_unit_rms/loss_v/H512,1.4888581037521362
512,0.25,unit_rms,512,v,xv_normcomp_g0p03,xv_normal,0.03,0.0416116132941647,0.0005744695663452,0.0051144477911293,-6.180376182628983e-05,-0.0002245393513799,8.872329064157805e-05,20260809,/data/users/zhoushunyu/eqvae/experiments/prediction_target_toy_v4_main/seed20260809/D512/curv0p25/scale_unit_rms/loss_v/H512,1.4888581037521362
512,0.25,unit_rms,512,v,xv_g0p1,xv,0.1,0.0415975799770987,0.0005475282669067,0.0054877544753253,-7.344558866867745e-06,-0.00172668162215,0.0018231753727625,20260809,/data/users/zhoushunyu/eqvae/experiments/prediction_target_toy_v4_main/seed20260809/D512/curv0p25/scale_unit_rms/loss_v/H512,1.4888581037521362
512,0.25,unit_rms,512,v,xeps_g0p1,xeps,0.1,0.0743103830249897,0.0016061067581176,0.0049451361410319,0.0243546390296022,0.0036670045164386,0.0417489659284406,20260809,/data/users/zhoushunyu/eqvae/experiments/prediction_target_toy_v4_main/seed20260809/D512/curv0p25/scale_unit_rms/loss_v/H512,1.4888581037521362
512,0.25,unit_rms,512,v,xv_tan_g0p1,xv_tangent,0.1,0.0418193777348174,0.0005605220794677,0.0051652565598487,0.0001441844845741,-0.0014367249335457,0.0020581088801395,20260809,/data/users/zhoushunyu/eqvae/experiments/prediction_target_toy_v4_main/seed20260809/D512/curv0p25/scale_unit_rms/loss_v/H512,1.4888581037521362
512,0.25,unit_rms,512,v,xv_normcomp_g0p1,xv_normal,0.1,0.0414606808493784,0.0005676746368408,0.0053969915024936,-0.0002176475941048,-0.0008665508688236,0.0002999088552361,20260809,/data/users/zhoushunyu/eqvae/experiments/prediction_target_toy_v4_main/seed20260809/D512/curv0p25/scale_unit_rms/loss_v/H512,1.4888581037521362
512,0.25,unit_rms,512,v,xv_g0p3,xv,0.3,0.042187204795763,0.0005327463150024,0.0064103039912879,0.0003435384178742,-0.0057684114430559,0.0067228260697022,20260809,/data/users/zhoushunyu/eqvae/experiments/prediction_target_toy_v4_main/seed20260809/D512/curv0p25/scale_unit_rms/loss_v/H512,1.4888581037521362
512,0.25,unit_rms,512,v,xeps_g0p3,xeps,0.3,0.1643407686969098,0.008593201637268,0.0047078444622457,0.105825434903543,0.0741850098526735,0.1283965528318043,20260809,/data/users/zhoushunyu/eqvae/experiments/prediction_target_toy_v4_main/seed20260809/D512/curv0p25/scale_unit_rms/loss_v/H512,1.4888581037521362
512,0.25,unit_rms,512,v,xv_tan_g0p3,xv_tangent,0.3,0.0426276699289612,0.0005552768707275,0.0053546796552836,0.0007149188939052,-0.0048054889573854,0.0062865135922659,20260809,/data/users/zhoushunyu/eqvae/experiments/prediction_target_toy_v4_main/seed20260809/D512/curv0p25/scale_unit_rms/loss_v/H512,1.4888581037521362
512,0.25,unit_rms,512,v,xv_normcomp_g0p3,xv_normal,0.3,0.0408795392744901,0.0005419254302978,0.0061351195909082,-0.0005633088862046,-0.00193372145018,0.000739324731306,20260809,/data/users/zhoushunyu/eqvae/experiments/prediction_target_toy_v4_main/seed20260809/D512/curv0p25/scale_unit_rms/loss_v/H512,1.4888581037521362
512,0.25,unit_rms,512,v,xv_rms_etam0p03,xv_norm,-0.03,0.0407852007915945,0.0005841255187988,0.029675256460905,-0.0001761162354678,-0.0048206130536415,0.0030592982219305,20260809,/data/users/zhoushunyu/eqvae/experiments/prediction_target_toy_v4_main/seed20260809/D512/curv0p25/scale_unit_rms/loss_v/H512,1.4888581037521362
512,0.25,unit_rms,512,v,xv_rms_etam0p01,xv_norm,-0.01,0.0409521018551311,0.000569462776184,0.0108161382377147,-0.0002577218273472,-0.0022768798718609,0.0011528424492133,20260809,/data/users/zhoushunyu/eqvae/experiments/prediction_target_toy_v4_main/seed20260809/D512/curv0p25/scale_unit_rms/loss_v/H512,1.4888581037521362
512,0.25,unit_rms,512,v,xv_rms_eta0p01,xv_norm,0.01,0.0434579262149433,0.0006192922592163,0.0102936578914523,0.0007842731614326,-0.0013887412673759,0.0039580640834611,20260809,/data/users/zhoushunyu/eqvae/experiments/prediction_target_toy_v4_main/seed20260809/D512/curv0p25/scale_unit_rms/loss_v/H512,1.4888581037521362
512,0.25,unit_rms,512,v,xv_rms_eta0p03,xv_norm,0.03,0.0553674209300342,0.0011372566223144,0.0100580556318163,0.0082212767483641,-0.0011347124461509,0.0201975272942839,20260809,/data/users/zhoushunyu/eqvae/experiments/prediction_target_toy_v4_main/seed20260809/D512/curv0p25/scale_unit_rms/loss_v/H512,1.4888581037521362
512,0.25,unit_rms,64,v,x,x,0.0,0.0579163893428088,0.0006921291351318,0.0290936026722192,0.0,0.0,0.0,20260809,/data/users/zhoushunyu/eqvae/experiments/prediction_target_toy_v4_main/seed20260809/D512/curv0p25/scale_unit_rms/loss_v/H64,1.54695463180542
512,0.25,unit_rms,64,v,v,v,0.0,0.0609100241900123,0.0013384819030761,0.9557104110717772,0.0013911352783487,-0.0137112739801924,0.0145574657803471,20260809,/data/users/zhoushunyu/eqvae/experiments/prediction_target_toy_v4_main/seed20260809/D512/curv0p25/scale_unit_rms/loss_v/H64,1.54695463180542
512,0.25,unit_rms,64,v,eps,eps,0.0,1.4907213305725748,0.2778342962265014,45.956878662109375,1.3994333999708763,1.3113974086993754,1.4689422132808982,20260809,/data/users/zhoushunyu/eqvae/experiments/prediction_target_toy_v4_main/seed20260809/D512/curv0p25/scale_unit_rms/loss_v/H64,1.54695463180542
512,0.25,unit_rms,64,v,oracle,oracle,0.0,0.074610541784142,0.0018599033355712,0.0028126419056206,0.0116737360105192,-0.0095931543025948,0.0293634648292533,20260809,/data/users/zhoushunyu/eqvae/experiments/prediction_target_toy_v4_main/seed20260809/D512/curv0p25/scale_unit_rms/loss_v/H64,1.54695463180542
512,0.25,unit_rms,64,v,xv_gm0p1,xv,-0.1,0.0566198121449823,0.0007241964340209,0.0281056333333253,-0.0009932637097773,-0.0025291039543499,0.0008973360727745,20260809,/data/users/zhoushunyu/eqvae/experiments/prediction_target_toy_v4_main/seed20260809/D512/curv0p25/scale_unit_rms/loss_v/H64,1.54695463180542
512,0.25,unit_rms,64,v,xeps_gm0p1,xeps,-0.1,0.0612442719383679,0.0007004737854003,0.0337607972323894,0.0011852581257939,-0.0101617094872521,0.0124824463363657,20260809,/data/users/zhoushunyu/eqvae/experiments/prediction_target_toy_v4_main/seed20260809/D512/curv0p25/scale_unit_rms/loss_v/H64,1.54695463180542
512,0.25,unit_rms,64,v,xv_tan_gm0p1,xv_tangent,-0.1,0.0567836530066261,0.0007359981536865,0.0277620591223239,-0.0009744536495749,-0.002586155758416,0.0009131194590935,20260809,/data/users/zhoushunyu/eqvae/experiments/prediction_target_toy_v4_main/seed20260809/D512/curv0p25/scale_unit_rms/loss_v/H64,1.54695463180542
512,0.25,unit_rms,64,v,xv_normcomp_gm0p1,xv_normal,-0.1,0.057737575697144,0.0006839036941528,0.0294119045138359,-3.149711371423183e-05,-0.0002746686321437,0.0002550012553481,20260809,/data/users/zhoushunyu/eqvae/experiments/prediction_target_toy_v4_main/seed20260809/D512/curv0p25/scale_unit_rms/loss_v/H64,1.54695463180542
512,0.25,unit_rms,64,v,xv_gm0p03,xv,-0.03,0.0574894277065676,0.0006998777389526,0.0287135057151317,-0.0003347437260911,-0.0008134584206549,0.0002567433528841,20260809,/data/users/zhoushunyu/eqvae/experiments/prediction_target_toy_v4_main/seed20260809/D512/curv0p25/scale_unit_rms/loss_v/H64,1.54695463180542
512,0.25,unit_rms,64,v,xeps_gm0p03,xeps,-0.03,0.0574098288394847,0.0006055831909179,0.0301281698048114,-0.0010760011910608,-0.0043871902237382,0.0025179966875617,20260809,/data/users/zhoushunyu/eqvae/experiments/prediction_target_toy_v4_main/seed20260809/D512/curv0p25/scale_unit_rms/loss_v/H64,1.54695463180542
512,0.25,unit_rms,64,v,xv_tan_gm0p03,xv_tangent,-0.03,0.0575502980533351,0.0007041692733764,0.0287022180855274,-0.0003227349237389,-0.0007979374939272,0.0002430782165716,20260809,/data/users/zhoushunyu/eqvae/experiments/prediction_target_toy_v4_main/seed20260809/D512/curv0p25/scale_unit_rms/loss_v/H64,1.54695463180542
512,0.25,unit_rms,64,v,xv_normcomp_gm0p03,xv_normal,-0.03,0.0578607283479765,0.0006883144378662,0.0291021056473255,-1.096600451705211e-05,-8.480690288274855e-05,8.306771089150802e-05,20260809,/data/users/zhoushunyu/eqvae/experiments/prediction_target_toy_v4_main/seed20260809/D512/curv0p25/scale_unit_rms/loss_v/H64,1.54695463180542
512,0.25,unit_rms,64,v,xv_gm0p01,xv,-0.01,0.0577703131543682,0.0006948709487915,0.0289613083004951,-0.0001153130871297,-0.0002783911310318,8.053996313345192e-05,20260809,/data/users/zhoushunyu/eqvae/experiments/prediction_target_toy_v4_main/seed20260809/D512/curv0p25/scale_unit_rms/loss_v/H64,1.54695463180542
512,0.25,unit_rms,64,v,xeps_gm0p01,xeps,-0.01,0.0575794140222311,0.0006518363952636,0.0294094420969486,-0.0005104525638686,-0.001599569633888,0.0006737931247202,20260809,/data/users/zhoushunyu/eqvae/experiments/prediction_target_toy_v4_main/seed20260809/D512/curv0p25/scale_unit_rms/loss_v/H64,1.54695463180542
512,0.25,unit_rms,64,v,xv_tan_gm0p01,xv_tangent,-0.01,0.0577906532841902,0.0006954669952392,0.0289627742022275,-0.0001111023753574,-0.0002667938608842,7.510426994929925e-05,20260809,/data/users/zhoushunyu/eqvae/experiments/prediction_target_toy_v4_main/seed20260809/D512/curv0p25/scale_unit_rms/loss_v/H64,1.54695463180542
512,0.25,unit_rms,64,v,xv_normcomp_gm0p01,xv_normal,-0.01,0.0578967426551285,0.0006908178329467,0.029091827571392,-4.082075773963953e-06,-2.85084271251115e-05,2.6975441323904764e-05,20260809,/data/users/zhoushunyu/eqvae/experiments/prediction_target_toy_v4_main/seed20260809/D512/curv0p25/scale_unit_rms/loss_v/H64,1.54695463180542
512,0.25,unit_rms,64,v,xv_g0p003,xv,0.003,0.0579617093516824,0.0006911754608154,0.0291337296366691,3.5374212253746904e-05,-2.2882955974560908e-05,8.470392435041617e-05,20260809,/data/users/zhoushunyu/eqvae/experiments/prediction_target_toy_v4_main/seed20260809/D512/curv0p25/scale_unit_rms/loss_v/H64,1.54695463180542
512,0.25,unit_rms,64,v,xeps_g0p003,xeps,0.003,0.0580542159095822,0.0007058382034301,0.0290031675249338,0.0001832174229264,-0.0001646959663654,0.0005079880206565,20260809,/data/users/zhoushunyu/eqvae/experiments/prediction_target_toy_v4_main/seed20260809/D512/curv0p25/scale_unit_rms/loss_v/H64,1.54695463180542
512,0.25,unit_rms,64,v,xv_tan_g0p003,xv_tangent,0.003,0.0579556075337111,0.0006920099258422,0.0291325002908706,3.404315295437083e-05,-2.0776249142940432e-05,8.05588664505809e-05,20260809,/data/users/zhoushunyu/eqvae/experiments/prediction_target_toy_v4_main/seed20260809/D512/curv0p25/scale_unit_rms/loss_v/H64,1.54695463180542
512,0.25,unit_rms,64,v,xv_normcomp_g0p003,xv_normal,0.003,0.0579225471113066,0.0006935596466064,0.029094822704792,1.335838800734998e-06,-7.728913715836053e-06,8.566373098748893e-06,20260809,/data/users/zhoushunyu/eqvae/experiments/prediction_target_toy_v4_main/seed20260809/D512/curv0p25/scale_unit_rms/loss_v/H64,1.54695463180542
512,0.25,unit_rms,64,v,xv_g0p01,xv,0.01,0.0580708996083975,0.0006892681121826,0.0292273126542568,0.000119992090776,-7.408477293125038e-05,0.000282694580457,20260809,/data/users/zhoushunyu/eqvae/experiments/prediction_target_toy_v4_main/seed20260809/D512/curv0p25/scale_unit_rms/loss_v/H64,1.54695463180542
512,0.25,unit_rms,64,v,xeps_g0p01,xeps,0.01,0.0584470546311128,0.0007394552230834,0.0287973992526531,0.0006622948342629,-0.0004773828212099,0.0017396113294321,20260809,/data/users/zhoushunyu/eqvae/experiments/prediction_target_toy_v4_main/seed20260809/D512/curv0p25/scale_unit_rms/loss_v/H64,1.54695463180542
512,0.25,unit_rms,64,v,xv_tan_g0p01,xv_tangent,0.01,0.0580503860824699,0.0006875991821289,0.0292220208793878,0.0001153166151733,-6.627101279459372e-05,0.0002688336672306,20260809,/data/users/zhoushunyu/eqvae/experiments/prediction_target_toy_v4_main/seed20260809/D512/curv0p25/scale_unit_rms/loss_v/H64,1.54695463180542
512,0.25,unit_rms,64,v,xv_normcomp_g0p01,xv_normal,0.01,0.0579373396089146,0.0006920099258422,0.0290987212210893,4.60597273555019e-06,-2.52829009281386e-05,2.86469917054617e-05,20260809,/data/users/zhoushunyu/eqvae/experiments/prediction_target_toy_v4_main/seed20260809/D512/curv0p25/scale_unit_rms/loss_v/H64,1.54695463180542
512,0.25,unit_rms,64,v,xv_g0p03,xv,0.03,0.0583926898603105,0.000686764717102,0.0295017566531896,0.0003722324152289,-0.0002055928952782,0.000844611229641,20260809,/data/users/zhoushunyu/eqvae/experiments/prediction_target_toy_v4_main/seed20260809/D512/curv0p25/scale_unit_rms/loss_v/H64,1.54695463180542
512,0.25,unit_rms,64,v,xeps_g0p03,xeps,0.03,0.0601186481635061,0.0008668899536132,0.0282434467226266,0.0024454563747595,-0.0009421439164324,0.0056746253768727,20260809,/data/users/zhoushunyu/eqvae/experiments/prediction_target_toy_v4_main/seed20260809/D512/curv0p25/scale_unit_rms/loss_v/H64,1.54695463180542
512,0.25,unit_rms,64,v,xv_tan_g0p03,xv_tangent,0.03,0.0583334019994888,0.0006811618804931,0.0294755399227142,0.0003569522411787,-0.0001760205146893,0.0008121979629663,20260809,/data/users/zhoushunyu/eqvae/experiments/prediction_target_toy_v4_main/seed20260809/D512/curv0p25/scale_unit_rms/loss_v/H64,1.54695463180542
512,0.25,unit_rms,64,v,xv_normcomp_g0p03,xv_normal,0.03,0.0579817796255218,0.0006933212280273,0.0291164051741361,1.4772547916249573e-05,-7.221692032126723e-05,8.666490227251966e-05,20260809,/data/users/zhoushunyu/eqvae/experiments/prediction_target_toy_v4_main/seed20260809/D512/curv0p25/scale_unit_rms/loss_v/H64,1.54695463180542
512,0.25,unit_rms,64,v,xv_g0p1,xv,0.1,0.0595737164507704,0.0006721019744873,0.0305011458694934,0.0013405272778776,-0.0004779770629461,0.0028626443811493,20260809,/data/users/zhoushunyu/eqvae/experiments/prediction_target_toy_v4_main/seed20260809/D512/curv0p25/scale_unit_rms/loss_v/H64,1.54695463180542
512,0.25,unit_rms,64,v,xeps_g0p1,xeps,0.1,0.0718706128142567,0.00163996219635,0.0265694577246904,0.0134725692888542,0.0021064206741509,0.0227174042995188,20260809,/data/users/zhoushunyu/eqvae/experiments/prediction_target_toy_v4_main/seed20260809/D512/curv0p25/scale_unit_rms/loss_v/H64,1.54695463180542
512,0.25,unit_rms,64,v,xv_tan_g0p1,xv_tangent,0.1,0.0593571563029174,0.0006631612777709,0.0303572099655866,0.0012610164756023,-0.0004091335774396,0.0027894240164971,20260809,/data/users/zhoushunyu/eqvae/experiments/prediction_target_toy_v4_main/seed20260809/D512/curv0p25/scale_unit_rms/loss_v/H64,1.54695463180542
512,0.25,unit_rms,64,v,xv_normcomp_g0p1,xv_normal,0.1,0.0581380495452081,0.0007004737854003,0.0292161516845226,5.4096847935746064e-05,-0.0002153169523835,0.0002915244183506,20260809,/data/users/zhoushunyu/eqvae/experiments/prediction_target_toy_v4_main/seed20260809/D512/curv0p25/scale_unit_rms/loss_v/H64,1.54695463180542
512,0.25,unit_rms,64,v,xv_g0p3,xv,0.3,0.0636450941180208,0.0006604194641113,0.0332561694085598,0.0049492785098913,-5.562961404868559e-05,0.009330100483331,20260809,/data/users/zhoushunyu/eqvae/experiments/prediction_target_toy_v4_main/seed20260809/D512/curv0p25/scale_unit_rms/loss_v/H64,1.54695463180542
512,0.25,unit_rms,64,v,xeps_g0p3,xeps,0.3,0.1377925425926726,0.0071489810943603,0.0223677922040224,0.0757473824330063,0.0554648131774873,0.0933172505651284,20260809,/data/users/zhoushunyu/eqvae/experiments/prediction_target_toy_v4_main/seed20260809/D512/curv0p25/scale_unit_rms/loss_v/H64,1.54695463180542
512,0.25,unit_rms,64,v,xv_tan_g0p3,xv_tangent,0.3,0.0626214321980282,0.0006192922592163,0.0327474325895309,0.004425470424356,-0.0005935336338591,0.0089400426626727,20260809,/data/users/zhoushunyu/eqvae/experiments/prediction_target_toy_v4_main/seed20260809/D512/curv0p25/scale_unit_rms/loss_v/H64,1.54695463180542
512,0.25,unit_rms,64,v,xv_normcomp_g0p3,xv_normal,0.3,0.0585364918703736,0.000716209411621,0.0295036677271127,0.0001879551450995,-0.0005600848439378,0.0008296549602829,20260809,/data/users/zhoushunyu/eqvae/experiments/prediction_target_toy_v4_main/seed20260809/D512/curv0p25/scale_unit_rms/loss_v/H64,1.54695463180542
512,0.25,unit_rms,64,v,xv_rms_etam0p03,xv_norm,-0.03,0.0563615421434571,0.0007023811340332,0.0444061681628227,-0.0013291932094395,-0.0028691604409768,0.0002424665884946,20260809,/data/users/zhoushunyu/eqvae/experiments/prediction_target_toy_v4_main/seed20260809/D512/curv0p25/scale_unit_rms/loss_v/H64,1.54695463180542
512,0.25,unit_rms,64,v,xv_rms_etam0p01,xv_norm,-0.01,0.0572297718646346,0.0006952285766601,0.0317812487483024,-0.000593232983356,-0.0012243373113097,5.2121492328916016e-05,20260809,/data/users/zhoushunyu/eqvae/experiments/prediction_target_toy_v4_main/seed20260809/D512/curv0p25/scale_unit_rms/loss_v/H64,1.54695463180542
512,0.25,unit_rms,64,v,xv_rms_eta0p01,xv_norm,0.01,0.0589667280610159,0.0006879568099975,0.0317672751843929,0.000925400974708,9.726730591225196e-06,0.0018147472490966,20260809,/data/users/zhoushunyu/eqvae/experiments/prediction_target_toy_v4_main/seed20260809/D512/curv0p25/scale_unit_rms/loss_v/H64,1.54695463180542
512,0.25,unit_rms,64,v,xv_rms_eta0p03,xv_norm,0.03,0.0636016621682185,0.0006895065307617,0.0363604500889778,0.0051248645208537,0.0012544015239095,0.0090391433557278,20260809,/data/users/zhoushunyu/eqvae/experiments/prediction_target_toy_v4_main/seed20260809/D512/curv0p25/scale_unit_rms/loss_v/H64,1.54695463180542
512,0.5,unit_rms,1024,v,x,x,0.0,0.0486108772420966,0.0005966424942016,0.0084281181916594,0.0,0.0,0.0,20260809,/data/users/zhoushunyu/eqvae/experiments/prediction_target_toy_v4_main/seed20260809/D512/curv0p5/scale_unit_rms/loss_v/H1024,1.4773063659667969
512,0.5,unit_rms,1024,v,v,v,0.0,0.0487402968822414,0.0009183883666992,0.2868739068508148,-0.0070407924365586,-0.0200209983856231,0.0098891202365941,20260809,/data/users/zhoushunyu/eqvae/experiments/prediction_target_toy_v4_main/seed20260809/D512/curv0p5/scale_unit_rms/loss_v/H1024,1.4773063659667969
512,0.5,unit_rms,1024,v,eps,eps,0.0,0.2056927388168459,0.0096710920333862,1.3976216316223145,0.1452056641766707,0.0981991847839474,0.1773088863837201,20260809,/data/users/zhoushunyu/eqvae/experiments/prediction_target_toy_v4_main/seed20260809/D512/curv0p5/scale_unit_rms/loss_v/H1024,1.4773063659667969
512,0.5,unit_rms,1024,v,oracle,oracle,0.0,0.0501781370082995,0.000686764717102,0.0069405576214194,-0.0024086418078582,-0.0204635869253209,0.0186342234291473,20260809,/data/users/zhoushunyu/eqvae/experiments/prediction_target_toy_v4_main/seed20260809/D512/curv0p5/scale_unit_rms/loss_v/H1024,1.4773063659667969
512,0.5,unit_rms,1024,v,xv_gm0p1,xv,-0.1,0.0479192286563948,0.000619888305664,0.0087166978046298,-0.0013241959109015,-0.0035298329921689,0.0011889120846596,20260809,/data/users/zhoushunyu/eqvae/experiments/prediction_target_toy_v4_main/seed20260809/D512/curv0p5/scale_unit_rms/loss_v/H1024,1.4773063659667969
512,0.5,unit_rms,1024,v,xeps_gm0p1,xeps,-0.1,0.0430607277144354,0.0003827810287475,0.00920847710222,-0.0008590527983048,-0.0099939832297905,0.0094161055724255,20260809,/data/users/zhoushunyu/eqvae/experiments/prediction_target_toy_v4_main/seed20260809/D512/curv0p5/scale_unit_rms/loss_v/H1024,1.4773063659667969
512,0.5,unit_rms,1024,v,xv_tan_gm0p1,xv_tangent,-0.1,0.0481563042845529,0.0006167888641357,0.0084387492388486,-0.0011077627873505,-0.0031709751450155,0.0011858236627579,20260809,/data/users/zhoushunyu/eqvae/experiments/prediction_target_toy_v4_main/seed20260809/D512/curv0p5/scale_unit_rms/loss_v/H1024,1.4773063659667969
512,0.5,unit_rms,1024,v,xv_normcomp_gm0p1,xv_normal,-0.1,0.0486282152831858,0.0006039142608642,0.0087387999519705,-0.0003003835703801,-0.0015699948721511,0.0007708930545185,20260809,/data/users/zhoushunyu/eqvae/experiments/prediction_target_toy_v4_main/seed20260809/D512/curv0p5/scale_unit_rms/loss_v/H1024,1.4773063659667969
512,0.5,unit_rms,1024,v,xv_gm0p03,xv,-0.03,0.0484100882679979,0.0005970001220703,0.008445712737739,-0.0005366160158482,-0.0020966427935396,0.0004472736419511,20260809,/data/users/zhoushunyu/eqvae/experiments/prediction_target_toy_v4_main/seed20260809/D512/curv0p5/scale_unit_rms/loss_v/H1024,1.4773063659667969
512,0.5,unit_rms,1024,v,xeps_gm0p03,xeps,-0.03,0.0468717651653797,0.0005133152008056,0.0085153868421912,-0.0006317923191057,-0.0031824445839112,0.002704438506338,20260809,/data/users/zhoushunyu/eqvae/experiments/prediction_target_toy_v4_main/seed20260809/D512/curv0p5/scale_unit_rms/loss_v/H1024,1.4773063659667969
512,0.5,unit_rms,1024,v,xv_tan_gm0p03,xv_tangent,-0.03,0.0483198305455385,0.0005911588668823,0.0084480447694659,-0.0004186539057853,-0.0015321386636894,0.0002217071524231,20260809,/data/users/zhoushunyu/eqvae/experiments/prediction_target_toy_v4_main/seed20260809/D512/curv0p5/scale_unit_rms/loss_v/H1024,1.4773063659667969
512,0.5,unit_rms,1024,v,xv_normcomp_gm0p03,xv_normal,-0.03,0.0486831600149353,0.0005983114242553,0.0084498366340994,-2.733887898435768e-05,-0.0004747468263849,0.0003800077045495,20260809,/data/users/zhoushunyu/eqvae/experiments/prediction_target_toy_v4_main/seed20260809/D512/curv0p5/scale_unit_rms/loss_v/H1024,1.4773063659667969
512,0.5,unit_rms,1024,v,xv_gm0p01,xv,-0.01,0.0485497080083005,0.000596284866333,0.0084390407428145,-0.0001272893118359,-0.0006320048473749,0.0003265806678571,20260809,/data/users/zhoushunyu/eqvae/experiments/prediction_target_toy_v4_main/seed20260809/D512/curv0p5/scale_unit_rms/loss_v/H1024,1.4773063659667969
512,0.5,unit_rms,1024,v,xeps_gm0p01,xeps,-0.01,0.0482006042776352,0.000573992729187,0.0084580751135945,-0.0002119313909143,-0.0014813520107845,0.0010923344061167,20260809,/data/users/zhoushunyu/eqvae/experiments/prediction_target_toy_v4_main/seed20260809/D512/curv0p5/scale_unit_rms/loss_v/H1024,1.4773063659667969
512,0.5,unit_rms,1024,v,xv_tan_gm0p01,xv_tangent,-0.01,0.0485240874554812,0.0005944967269897,0.0084378235042095,-0.000101450572482,-0.0005310219003289,0.0003995481141142,20260809,/data/users/zhoushunyu/eqvae/experiments/prediction_target_toy_v4_main/seed20260809/D512/curv0p5/scale_unit_rms/loss_v/H1024,1.4773063659667969
512,0.5,unit_rms,1024,v,xv_normcomp_gm0p01,xv_normal,-0.01,0.0486263412168104,0.0005971193313598,0.008431427180767,-1.3805178721995115e-05,-0.0001869835071815,6.796161466671222e-05,20260809,/data/users/zhoushunyu/eqvae/experiments/prediction_target_toy_v4_main/seed20260809/D512/curv0p5/scale_unit_rms/loss_v/H1024,1.4773063659667969
512,0.5,unit_rms,1024,v,xv_g0p003,xv,0.003,0.0486135828430864,0.0005931854248046,0.0084385471418499,3.283159481088947e-05,-0.0001029309773199,0.0001737071416436,20260809,/data/users/zhoushunyu/eqvae/experiments/prediction_target_toy_v4_main/seed20260809/D512/curv0p5/scale_unit_rms/loss_v/H1024,1.4773063659667969
512,0.5,unit_rms,1024,v,xeps_g0p003,xeps,0.003,0.048662840427103,0.0005943775177001,0.0084186298772692,6.636439980386294e-05,-0.0006332695351761,0.0006063167538544,20260809,/data/users/zhoushunyu/eqvae/experiments/prediction_target_toy_v4_main/seed20260809/D512/curv0p5/scale_unit_rms/loss_v/H1024,1.4773063659667969
512,0.5,unit_rms,1024,v,xv_tan_g0p003,xv_tangent,0.003,0.0486248281352101,0.0005944967269897,0.0084317987784743,3.368875246451519e-05,-3.667417050021576e-05,0.0001423025804518,20260809,/data/users/zhoushunyu/eqvae/experiments/prediction_target_toy_v4_main/seed20260809/D512/curv0p5/scale_unit_rms/loss_v/H1024,1.4773063659667969
512,0.5,unit_rms,1024,v,xv_normcomp_g0p003,xv_normal,0.003,0.0486061178809751,0.0005933046340942,0.0084301503375172,4.069414368508897e-06,-1.9743304006552063e-05,4.698829340539288e-05,20260809,/data/users/zhoushunyu/eqvae/experiments/prediction_target_toy_v4_main/seed20260809/D512/curv0p5/scale_unit_rms/loss_v/H1024,1.4773063659667969
512,0.5,unit_rms,1024,v,xv_g0p01,xv,0.01,0.048647775711306,0.0005915164947509,0.0084273507818579,0.0001198389669736,-0.0003200256127533,0.0005981426022035,20260809,/data/users/zhoushunyu/eqvae/experiments/prediction_target_toy_v4_main/seed20260809/D512/curv0p5/scale_unit_rms/loss_v/H1024,1.4773063659667969
512,0.5,unit_rms,1024,v,xeps_g0p01,xeps,0.01,0.0490555370636747,0.0006123781204223,0.008409977890551,0.0002027255818831,-0.0010274565528155,0.0011743686653158,20260809,/data/users/zhoushunyu/eqvae/experiments/prediction_target_toy_v4_main/seed20260809/D512/curv0p5/scale_unit_rms/loss_v/H1024,1.4773063659667969
512,0.5,unit_rms,1024,v,xv_tan_g0p01,xv_tangent,0.01,0.0486346949949763,0.0005916357040405,0.0084278117865324,9.143745702845124e-05,-0.0002904915983917,0.000415640142659,20260809,/data/users/zhoushunyu/eqvae/experiments/prediction_target_toy_v4_main/seed20260809/D512/curv0p5/scale_unit_rms/loss_v/H1024,1.4773063659667969
512,0.5,unit_rms,1024,v,xv_normcomp_g0p01,xv_normal,0.01,0.048586081387503,0.0005922317504882,0.008439808152616,9.23947126607226e-06,-8.40765054707978e-05,0.0001373219577275,20260809,/data/users/zhoushunyu/eqvae/experiments/prediction_target_toy_v4_main/seed20260809/D512/curv0p5/scale_unit_rms/loss_v/H1024,1.4773063659667969
512,0.5,unit_rms,1024,v,xv_g0p03,xv,0.03,0.0487387909665882,0.0005850791931152,0.0084441239014267,0.0003460133506307,-0.0004208742215516,0.0014095553153172,20260809,/data/users/zhoushunyu/eqvae/experiments/prediction_target_toy_v4_main/seed20260809/D512/curv0p5/scale_unit_rms/loss_v/H1024,1.4773063659667969
512,0.5,unit_rms,1024,v,xeps_g0p03,xeps,0.03,0.0508054815096166,0.0006893873214721,0.0084382090717554,0.0007321378617399,-0.0024892091199922,0.0034811964244244,20260809,/data/users/zhoushunyu/eqvae/experiments/prediction_target_toy_v4_main/seed20260809/D512/curv0p5/scale_unit_rms/loss_v/H1024,1.4773063659667969
512,0.5,unit_rms,1024,v,xv_tan_g0p03,xv_tangent,0.03,0.0487103570554169,0.0005882978439331,0.0084332516416907,0.0003031411744284,-0.0004312350127503,0.0010802501876943,20260809,/data/users/zhoushunyu/eqvae/experiments/prediction_target_toy_v4_main/seed20260809/D512/curv0p5/scale_unit_rms/loss_v/H1024,1.4773063659667969
512,0.5,unit_rms,1024,v,xv_normcomp_g0p03,xv_normal,0.03,0.0485448709925472,0.0005897283554077,0.008453962393105,1.3763042520125443e-05,-0.0004520640497319,0.0003644521183537,20260809,/data/users/zhoushunyu/eqvae/experiments/prediction_target_toy_v4_main/seed20260809/D512/curv0p5/scale_unit_rms/loss_v/H1024,1.4773063659667969
512,0.5,unit_rms,1024,v,xv_g0p1,xv,0.1,0.0484545144173453,0.0005428791046142,0.0085899569094181,0.0010078417899741,-0.000848337442567,0.003204891574376,20260809,/data/users/zhoushunyu/eqvae/experiments/prediction_target_toy_v4_main/seed20260809/D512/curv0p5/scale_unit_rms/loss_v/H1024,1.4773063659667969
512,0.5,unit_rms,1024,v,xeps_g0p1,xeps,0.1,0.0573012367447142,0.0010051727294921,0.008457712829113,0.0041452170962783,-0.0057276804966787,0.0114851075546223,20260809,/data/users/zhoushunyu/eqvae/experiments/prediction_target_toy_v4_main/seed20260809/D512/curv0p5/scale_unit_rms/loss_v/H1024,1.4773063659667969
512,0.5,unit_rms,1024,v,xv_tan_g0p1,xv_tangent,0.1,0.0489073200108815,0.0005682706832885,0.0084223551675677,0.001086110154685,-0.000907540572864,0.0029230297318306,20260809,/data/users/zhoushunyu/eqvae/experiments/prediction_target_toy_v4_main/seed20260809/D512/curv0p5/scale_unit_rms/loss_v/H1024,1.4773063659667969
512,0.5,unit_rms,1024,v,xv_normcomp_g0p1,xv_normal,0.1,0.0485704775698337,0.0005828142166137,0.0085935043171048,0.0001488568653671,-0.0004506448896002,0.0010970360533218,20260809,/data/users/zhoushunyu/eqvae/experiments/prediction_target_toy_v4_main/seed20260809/D512/curv0p5/scale_unit_rms/loss_v/H1024,1.4773063659667969
512,0.5,unit_rms,1024,v,xv_g0p3,xv,0.3,0.0497123262458743,0.0005068778991699,0.0091689210385084,0.0031035815425085,-0.0015532159382408,0.0078904251328361,20260809,/data/users/zhoushunyu/eqvae/experiments/prediction_target_toy_v4_main/seed20260809/D512/curv0p5/scale_unit_rms/loss_v/H1024,1.4773063659667969
512,0.5,unit_rms,1024,v,xeps_g0p3,xeps,0.3,0.0784143144096672,0.0024669170379638,0.0085326256230473,0.0201280493114388,-0.0055351024014604,0.0352789547766811,20260809,/data/users/zhoushunyu/eqvae/experiments/prediction_target_toy_v4_main/seed20260809/D512/curv0p5/scale_unit_rms/loss_v/H1024,1.4773063659667969
512,0.5,unit_rms,1024,v,xv_tan_g0p3,xv_tangent,0.3,0.0504097617098962,0.0005456209182739,0.0084058092907071,0.0032217172530361,1.299668806838754e-05,0.0069598110182845,20260809,/data/users/zhoushunyu/eqvae/experiments/prediction_target_toy_v4_main/seed20260809/D512/curv0p5/scale_unit_rms/loss_v/H1024,1.4773063659667969
512,0.5,unit_rms,1024,v,xv_normcomp_g0p3,xv_normal,0.3,0.0476553726619985,0.0005298852920532,0.0091703720390796,0.0001488567411086,-0.0017107521538749,0.0020810473638114,20260809,/data/users/zhoushunyu/eqvae/experiments/prediction_target_toy_v4_main/seed20260809/D512/curv0p5/scale_unit_rms/loss_v/H1024,1.4773063659667969
512,0.5,unit_rms,1024,v,xv_rms_etam0p03,xv_norm,-0.03,0.0473570024488441,0.0006253719329833,0.0306750424206256,-0.0021530196099078,-0.004383180560631,0.0009443154970704,20260809,/data/users/zhoushunyu/eqvae/experiments/prediction_target_toy_v4_main/seed20260809/D512/curv0p5/scale_unit_rms/loss_v/H1024,1.4773063659667969
512,0.5,unit_rms,1024,v,xv_rms_etam0p01,xv_norm,-0.01,0.0478719308353133,0.0005955696105957,0.0128489285707473,-0.0009690424077935,-0.0023327777936909,0.0002108440000493,20260809,/data/users/zhoushunyu/eqvae/experiments/prediction_target_toy_v4_main/seed20260809/D512/curv0p5/scale_unit_rms/loss_v/H1024,1.4773063659667969
512,0.5,unit_rms,1024,v,xv_rms_eta0p01,xv_norm,0.01,0.0496954778625624,0.0005874633789062,0.0122595531865954,0.0011727881571566,-7.37493562860781e-05,0.002214114074465,20260809,/data/users/zhoushunyu/eqvae/experiments/prediction_target_toy_v4_main/seed20260809/D512/curv0p5/scale_unit_rms/loss_v/H1024,1.4773063659667969
512,0.5,unit_rms,1024,v,xv_rms_eta0p03,xv_norm,0.03,0.0553203823858449,0.000608205795288,0.0121810771524906,0.0063440511401134,0.0022909551394246,0.0097766208378799,20260809,/data/users/zhoushunyu/eqvae/experiments/prediction_target_toy_v4_main/seed20260809/D512/curv0p5/scale_unit_rms/loss_v/H1024,1.4773063659667969
512,0.5,unit_rms,128,v,x,x,0.0,0.0494677754077073,0.0006992816925048,0.0150668025016784,0.0,0.0,0.0,20260809,/data/users/zhoushunyu/eqvae/experiments/prediction_target_toy_v4_main/seed20260809/D512/curv0p5/scale_unit_rms/loss_v/H128,1.4543919563293457
512,0.5,unit_rms,128,v,v,v,0.0,0.0463746885351359,0.0006150007247924,0.9412425756454468,0.002087845794867,-0.0128649983368886,0.017918081393465,20260809,/data/users/zhoushunyu/eqvae/experiments/prediction_target_toy_v4_main/seed20260809/D512/curv0p5/scale_unit_rms/loss_v/H128,1.4543919563293457
512,0.5,unit_rms,128,v,eps,eps,0.0,1.4858747689356084,0.2879327237606048,42.883731842041016,1.3967873007070242,1.3301883638687195,1.4752952687038208,20260809,/data/users/zhoushunyu/eqvae/experiments/prediction_target_toy_v4_main/seed20260809/D512/curv0p5/scale_unit_rms/loss_v/H128,1.4543919563293457
512,0.5,unit_rms,128,v,oracle,oracle,0.0,0.0405531566304786,0.0002883672714233,0.006858738604933,-0.004262494668464,-0.0192524748033067,0.0201010844322013,20260809,/data/users/zhoushunyu/eqvae/experiments/prediction_target_toy_v4_main/seed20260809/D512/curv0p5/scale_unit_rms/loss_v/H128,1.4543919563293457
512,0.5,unit_rms,128,v,xv_gm0p1,xv,-0.1,0.0486172751618182,0.0006718635559082,0.0154365384951233,-0.0003414172103781,-0.0022482030139755,0.001845103354401,20260809,/data/users/zhoushunyu/eqvae/experiments/prediction_target_toy_v4_main/seed20260809/D512/curv0p5/scale_unit_rms/loss_v/H128,1.4543919563293457
512,0.5,unit_rms,128,v,xeps_gm0p1,xeps,-0.1,0.043248573574207,0.0003378391265869,0.0180601254105567,-0.0045718241781669,-0.0106821901920611,0.0020108831370081,20260809,/data/users/zhoushunyu/eqvae/experiments/prediction_target_toy_v4_main/seed20260809/D512/curv0p5/scale_unit_rms/loss_v/H128,1.4543919563293457
512,0.5,unit_rms,128,v,xv_tan_gm0p1,xv_tangent,-0.1,0.0489182827287498,0.0006850957870483,0.0148512665182352,-0.0003643685162292,-0.0020572701092735,0.0019415389854231,20260809,/data/users/zhoushunyu/eqvae/experiments/prediction_target_toy_v4_main/seed20260809/D512/curv0p5/scale_unit_rms/loss_v/H128,1.4543919563293457
512,0.5,unit_rms,128,v,xv_normcomp_gm0p1,xv_normal,-0.1,0.0494203999950072,0.0007060766220092,0.0155969141051173,8.246047969585058e-05,-0.00068180238936,0.0009632972813642,20260809,/data/users/zhoushunyu/eqvae/experiments/prediction_target_toy_v4_main/seed20260809/D512/curv0p5/scale_unit_rms/loss_v/H128,1.4543919563293457
512,0.5,unit_rms,128,v,xv_gm0p03,xv,-0.03,0.0492986312935176,0.0006979703903198,0.0150088844820857,-5.726787359040448e-05,-0.0006940518024951,0.0008281923397731,20260809,/data/users/zhoushunyu/eqvae/experiments/prediction_target_toy_v4_main/seed20260809/D512/curv0p5/scale_unit_rms/loss_v/H128,1.4543919563293457
512,0.5,unit_rms,128,v,xeps_gm0p03,xeps,-0.03,0.0470491739643307,0.0005733966827392,0.015597078949213,-0.0017176835870033,-0.0042825538258524,0.0005347178848474,20260809,/data/users/zhoushunyu/eqvae/experiments/prediction_target_toy_v4_main/seed20260809/D512/curv0p5/scale_unit_rms/loss_v/H128,1.4543919563293457
512,0.5,unit_rms,128,v,xv_tan_gm0p03,xv_tangent,-0.03,0.0493858480849853,0.0006978511810302,0.0149690620601177,-6.949873282709378e-05,-0.0006374986936779,0.0007054357448907,20260809,/data/users/zhoushunyu/eqvae/experiments/prediction_target_toy_v4_main/seed20260809/D512/curv0p5/scale_unit_rms/loss_v/H128,1.4543919563293457
512,0.5,unit_rms,128,v,xv_normcomp_gm0p03,xv_normal,-0.03,0.0495908383687676,0.0007081031799316,0.0150786815211176,5.31593810308248e-05,-0.0001881778368203,0.0004372313764279,20260809,/data/users/zhoushunyu/eqvae/experiments/prediction_target_toy_v4_main/seed20260809/D512/curv0p5/scale_unit_rms/loss_v/H128,1.4543919563293457
512,0.5,unit_rms,128,v,xv_gm0p01,xv,-0.01,0.0495150741529678,0.000705599784851,0.015028029680252,8.59284762675265e-06,-0.0002319694023906,0.0003968056582337,20260809,/data/users/zhoushunyu/eqvae/experiments/prediction_target_toy_v4_main/seed20260809/D512/curv0p5/scale_unit_rms/loss_v/H128,1.4543919563293457
512,0.5,unit_rms,128,v,xeps_gm0p01,xeps,-0.01,0.0484757384502172,0.0006542205810546,0.0152147430926561,-0.0006659074397201,-0.0021719097644388,0.0002453674827345,20260809,/data/users/zhoushunyu/eqvae/experiments/prediction_target_toy_v4_main/seed20260809/D512/curv0p5/scale_unit_rms/loss_v/H128,1.4543919563293457
512,0.5,unit_rms,128,v,xv_tan_gm0p01,xv_tangent,-0.01,0.0494007169064565,0.0006972551345825,0.0150327179580926,-2.1353884284563628e-05,-0.0001920502268385,0.0002628395992184,20260809,/data/users/zhoushunyu/eqvae/experiments/prediction_target_toy_v4_main/seed20260809/D512/curv0p5/scale_unit_rms/loss_v/H128,1.4543919563293457
512,0.5,unit_rms,128,v,xv_normcomp_gm0p01,xv_normal,-0.01,0.0495433310998392,0.0007071495056152,0.0150588462129235,3.087032002143546e-05,-7.091237928811973e-05,0.0002985952034091,20260809,/data/users/zhoushunyu/eqvae/experiments/prediction_target_toy_v4_main/seed20260809/D512/curv0p5/scale_unit_rms/loss_v/H128,1.4543919563293457
512,0.5,unit_rms,128,v,xv_g0p003,xv,0.003,0.0495130450277281,0.0007001161575317,0.0150835067033767,1.9671902265135725e-05,-0.0001453805211629,0.0003082920473102,20260809,/data/users/zhoushunyu/eqvae/experiments/prediction_target_toy_v4_main/seed20260809/D512/curv0p5/scale_unit_rms/loss_v/H128,1.4543919563293457
512,0.5,unit_rms,128,v,xeps_g0p003,xeps,0.003,0.0497925004479877,0.0007158517837524,0.0150022003799676,0.0001767492815458,-0.0001423634816081,0.0004490641977901,20260809,/data/users/zhoushunyu/eqvae/experiments/prediction_target_toy_v4_main/seed20260809/D512/curv0p5/scale_unit_rms/loss_v/H128,1.4543919563293457
512,0.5,unit_rms,128,v,xv_tan_g0p003,xv_tangent,0.003,0.0495130033937638,0.0006999969482421,0.0150837348774075,2.0971281995582416e-05,-0.0001437686172579,0.0002945390567589,20260809,/data/users/zhoushunyu/eqvae/experiments/prediction_target_toy_v4_main/seed20260809/D512/curv0p5/scale_unit_rms/loss_v/H128,1.4543919563293457
512,0.5,unit_rms,128,v,xv_normcomp_g0p003,xv_normal,0.003,0.0494684565163976,0.0007002353668212,0.0150686744600534,-1.8914422846412485e-06,-2.654036173378102e-05,2.7737871633603872e-05,20260809,/data/users/zhoushunyu/eqvae/experiments/prediction_target_toy_v4_main/seed20260809/D512/curv0p5/scale_unit_rms/loss_v/H128,1.4543919563293457
512,0.5,unit_rms,128,v,xv_g0p01,xv,0.01,0.0494719759680528,0.0006964206695556,0.0151112377643585,1.6091668891645288e-05,-0.0005333204564115,0.0004863121271691,20260809,/data/users/zhoushunyu/eqvae/experiments/prediction_target_toy_v4_main/seed20260809/D512/curv0p5/scale_unit_rms/loss_v/H128,1.4543919563293457
512,0.5,unit_rms,128,v,xeps_g0p01,xeps,0.01,0.0503716160261467,0.0007404088973999,0.0148952919989824,0.0006601743224491,-7.602996498733415e-05,0.0017110084892767,20260809,/data/users/zhoushunyu/eqvae/experiments/prediction_target_toy_v4_main/seed20260809/D512/curv0p5/scale_unit_rms/loss_v/H128,1.4543919563293457
512,0.5,unit_rms,128,v,xv_tan_g0p01,xv_tangent,0.01,0.0495666562281351,0.0007026195526123,0.0151035888120532,4.316300184471433e-05,-0.0003085058895532,0.0004167572260391,20260809,/data/users/zhoushunyu/eqvae/experiments/prediction_target_toy_v4_main/seed20260809/D512/curv0p5/scale_unit_rms/loss_v/H128,1.4543919563293457
512,0.5,unit_rms,128,v,xv_normcomp_g0p01,xv_normal,0.01,0.0494904058629499,0.0006992816925048,0.0150642776861786,-2.847414295206116e-06,-9.743038064317592e-05,0.000139005207374,20260809,/data/users/zhoushunyu/eqvae/experiments/prediction_target_toy_v4_main/seed20260809/D512/curv0p5/scale_unit_rms/loss_v/H128,1.4543919563293457
512,0.5,unit_rms,128,v,xv_g0p03,xv,0.03,0.049551714139201,0.0006994009017944,0.0151622984558343,7.088396025819753e-05,-0.0009207380736708,0.0008652270794355,20260809,/data/users/zhoushunyu/eqvae/experiments/prediction_target_toy_v4_main/seed20260809/D512/curv0p5/scale_unit_rms/loss_v/H128,1.4543919563293457
512,0.5,unit_rms,128,v,xeps_g0p03,xeps,0.03,0.052194167423316,0.0008323192596435,0.014653823338449,0.0020565044769462,-0.0004156550456627,0.0046350284563105,20260809,/data/users/zhoushunyu/eqvae/experiments/prediction_target_toy_v4_main/seed20260809/D512/curv0p5/scale_unit_rms/loss_v/H128,1.4543919563293457
512,0.5,unit_rms,128,v,xv_tan_g0p03,xv_tangent,0.03,0.049561270342621,0.0007002353668212,0.0151642113924026,8.86873323223352e-05,-0.0010022894193538,0.0008283301125865,20260809,/data/users/zhoushunyu/eqvae/experiments/prediction_target_toy_v4_main/seed20260809/D512/curv0p5/scale_unit_rms/loss_v/H128,1.4543919563293457
512,0.5,unit_rms,128,v,xv_normcomp_g0p03,xv_normal,0.03,0.0493985438721181,0.0006952285766601,0.0150940911844372,-3.564103081426136e-05,-0.0005074515779957,0.0003626706145254,20260809,/data/users/zhoushunyu/eqvae/experiments/prediction_target_toy_v4_main/seed20260809/D512/curv0p5/scale_unit_rms/loss_v/H128,1.4543919563293457
512,0.5,unit_rms,128,v,xv_g0p1,xv,0.1,0.0503960595152794,0.0007290840148925,0.015499971807003,0.0005385084467155,-0.0018266203446922,0.0026061200525705,20260809,/data/users/zhoushunyu/eqvae/experiments/prediction_target_toy_v4_main/seed20260809/D512/curv0p5/scale_unit_rms/loss_v/H128,1.4543919563293457
512,0.5,unit_rms,128,v,xeps_g0p1,xeps,0.1,0.0621784738663263,0.0013260841369628,0.0137259727343916,0.0098035378234135,0.0010468048664643,0.0170447058810412,20260809,/data/users/zhoushunyu/eqvae/experiments/prediction_target_toy_v4_main/seed20260809/D512/curv0p5/scale_unit_rms/loss_v/H128,1.4543919563293457
512,0.5,unit_rms,128,v,xv_tan_g0p1,xv_tangent,0.1,0.0503482368912811,0.0007317066192626,0.0153550896793603,0.0005437711886269,-0.0013939015815744,0.0022783272776645,20260809,/data/users/zhoushunyu/eqvae/experiments/prediction_target_toy_v4_main/seed20260809/D512/curv0p5/scale_unit_rms/loss_v/H128,1.4543919563293457
512,0.5,unit_rms,128,v,xv_normcomp_g0p1,xv_normal,0.1,0.0494318299576156,0.0006927251815795,0.015216845087707,-4.544683796592737e-05,-0.0008829886911678,0.0006495016674481,20260809,/data/users/zhoushunyu/eqvae/experiments/prediction_target_toy_v4_main/seed20260809/D512/curv0p5/scale_unit_rms/loss_v/H128,1.4543919563293457
512,0.5,unit_rms,128,v,xv_g0p3,xv,0.3,0.0525864563603198,0.0008014440536499,0.0163031127303838,0.002038888513108,-0.0034436688748214,0.0065411797359184,20260809,/data/users/zhoushunyu/eqvae/experiments/prediction_target_toy_v4_main/seed20260809/D512/curv0p5/scale_unit_rms/loss_v/H128,1.4543919563293457
512,0.5,unit_rms,128,v,xeps_g0p3,xeps,0.3,0.1111001677872008,0.0046344995498657,0.0119383269920945,0.0557579713501972,0.0368498723804259,0.0695066334546528,20260809,/data/users/zhoushunyu/eqvae/experiments/prediction_target_toy_v4_main/seed20260809/D512/curv0p5/scale_unit_rms/loss_v/H128,1.4543919563293457
512,0.5,unit_rms,128,v,xv_tan_g0p3,xv_tangent,0.3,0.0524923731401591,0.0008074045181274,0.0158471409231424,0.0021237193056545,-0.0031468976620817,0.0056871161455304,20260809,/data/users/zhoushunyu/eqvae/experiments/prediction_target_toy_v4_main/seed20260809/D512/curv0p5/scale_unit_rms/loss_v/H128,1.4543919563293457
512,0.5,unit_rms,128,v,xv_normcomp_g0p3,xv_normal,0.3,0.0492046180613353,0.0006765127182006,0.015524317510426,-0.0003000567997485,-0.0023802886933946,0.0016430393499492,20260809,/data/users/zhoushunyu/eqvae/experiments/prediction_target_toy_v4_main/seed20260809/D512/curv0p5/scale_unit_rms/loss_v/H128,1.4543919563293457
512,0.5,unit_rms,128,v,xv_rms_etam0p03,xv_norm,-0.03,0.0461931848755707,0.0005757808685302,0.0350000001490116,-0.0021894990368223,-0.0035640911022628,-4.8142027731169616e-05,20260809,/data/users/zhoushunyu/eqvae/experiments/prediction_target_toy_v4_main/seed20260809/D512/curv0p5/scale_unit_rms/loss_v/H128,1.4543919563293457
512,0.5,unit_rms,128,v,xv_rms_etam0p01,xv_norm,-0.01,0.0480675051019744,0.0006453990936279,0.0189728885889053,-0.0010243044249685,-0.0015446866438001,-0.0002861257946265,20260809,/data/users/zhoushunyu/eqvae/experiments/prediction_target_toy_v4_main/seed20260809/D512/curv0p5/scale_unit_rms/loss_v/H128,1.4543919563293457
512,0.5,unit_rms,128,v,xv_rms_eta0p01,xv_norm,0.01,0.0519504374198441,0.0008046627044677,0.0186719466000795,0.0018044850935974,0.000498208616571,0.002667169676767,20260809,/data/users/zhoushunyu/eqvae/experiments/prediction_target_toy_v4_main/seed20260809/D512/curv0p5/scale_unit_rms/loss_v/H128,1.4543919563293457
512,0.5,unit_rms,128,v,xv_rms_eta0p03,xv_norm,0.03,0.062805572852617,0.0013782978057861,0.0206736661493778,0.0098111494515332,0.0041506551489773,0.0134031121030651,20260809,/data/users/zhoushunyu/eqvae/experiments/prediction_target_toy_v4_main/seed20260809/D512/curv0p5/scale_unit_rms/loss_v/H128,1.4543919563293457
512,0.5,unit_rms,256,v,x,x,0.0,0.0654004137196595,0.0013470649719238,0.0111456681042909,0.0,0.0,0.0,20260809,/data/users/zhoushunyu/eqvae/experiments/prediction_target_toy_v4_main/seed20260809/D512/curv0p5/scale_unit_rms/loss_v/H256,1.5001959800720217
512,0.5,unit_rms,256,v,v,v,0.0,0.0677982131602487,0.0016988515853881,0.8587351441383362,0.0016423166297661,-0.0179353019992142,0.0159438295623084,20260809,/data/users/zhoushunyu/eqvae/experiments/prediction_target_toy_v4_main/seed20260809/D512/curv0p5/scale_unit_rms/loss_v/H256,1.5001959800720217
512,0.5,unit_rms,256,v,eps,eps,0.0,1.4826321853269957,0.2800173759460449,36.64250564575195,1.420763948235731,1.3504284486227525,1.4853431680211335,20260809,/data/users/zhoushunyu/eqvae/experiments/prediction_target_toy_v4_main/seed20260809/D512/curv0p5/scale_unit_rms/loss_v/H256,1.5001959800720217
512,0.5,unit_rms,256,v,oracle,oracle,0.0,0.0397056945305423,0.0002169609069824,0.0069663152098655,-0.0136069466502739,-0.0333721285947628,0.0080854813850876,20260809,/data/users/zhoushunyu/eqvae/experiments/prediction_target_toy_v4_main/seed20260809/D512/curv0p5/scale_unit_rms/loss_v/H256,1.5001959800720217
512,0.5,unit_rms,256,v,xv_gm0p1,xv,-0.1,0.0648078489836747,0.0013256072998046,0.0113453874364495,-0.0006287590102951,-0.0030556000279148,0.0016480104294434,20260809,/data/users/zhoushunyu/eqvae/experiments/prediction_target_toy_v4_main/seed20260809/D512/curv0p5/scale_unit_rms/loss_v/H256,1.5001959800720217
512,0.5,unit_rms,256,v,xeps_gm0p1,xeps,-0.1,0.062488401776259,0.0014823675155639,0.0130973327904939,-0.0003726472759668,-0.0107065191332392,0.0089474572094315,20260809,/data/users/zhoushunyu/eqvae/experiments/prediction_target_toy_v4_main/seed20260809/D512/curv0p5/scale_unit_rms/loss_v/H256,1.5001959800720217
512,0.5,unit_rms,256,v,xv_tan_gm0p1,xv_tangent,-0.1,0.0642742877046265,0.0012918710708618,0.0109915994107723,-0.0007592597515234,-0.0025263998980562,0.0014528930995006,20260809,/data/users/zhoushunyu/eqvae/experiments/prediction_target_toy_v4_main/seed20260809/D512/curv0p5/scale_unit_rms/loss_v/H256,1.5001959800720217
512,0.5,unit_rms,256,v,xv_normcomp_gm0p1,xv_normal,-0.1,0.0650841912983534,0.0013482570648193,0.0115035278722643,-0.0002042776410872,-0.0010421018050304,0.0004578335729156,20260809,/data/users/zhoushunyu/eqvae/experiments/prediction_target_toy_v4_main/seed20260809/D512/curv0p5/scale_unit_rms/loss_v/H256,1.5001959800720217
512,0.5,unit_rms,256,v,xv_gm0p03,xv,-0.03,0.0648148018548144,0.0013263225555419,0.0110867749899625,-0.0003060739405173,-0.0010403602302931,0.0004704586107065,20260809,/data/users/zhoushunyu/eqvae/experiments/prediction_target_toy_v4_main/seed20260809/D512/curv0p5/scale_unit_rms/loss_v/H256,1.5001959800720217
512,0.5,unit_rms,256,v,xeps_gm0p03,xeps,-0.03,0.063051978610499,0.0013283491134643,0.0113510629162192,-0.0014918067602221,-0.0053047148018393,0.0025480721745531,20260809,/data/users/zhoushunyu/eqvae/experiments/prediction_target_toy_v4_main/seed20260809/D512/curv0p5/scale_unit_rms/loss_v/H256,1.5001959800720217
512,0.5,unit_rms,256,v,xv_tan_gm0p03,xv_tangent,-0.03,0.0648511273058271,0.0013266801834106,0.0111228534951806,-0.0002338818830455,-0.000953448820823,0.0006189458423592,20260809,/data/users/zhoushunyu/eqvae/experiments/prediction_target_toy_v4_main/seed20260809/D512/curv0p5/scale_unit_rms/loss_v/H256,1.5001959800720217
512,0.5,unit_rms,256,v,xv_normcomp_gm0p03,xv_normal,-0.03,0.065177391958286,0.001345157623291,0.0111279720440506,-0.0001108710360398,-0.0006261577228247,0.0002579889502501,20260809,/data/users/zhoushunyu/eqvae/experiments/prediction_target_toy_v4_main/seed20260809/D512/curv0p5/scale_unit_rms/loss_v/H256,1.5001959800720217
512,0.5,unit_rms,256,v,xv_gm0p01,xv,-0.01,0.0650986004242444,0.001340627670288,0.0111374882981181,-0.0001447916142925,-0.0005445261974731,0.0004004685613202,20260809,/data/users/zhoushunyu/eqvae/experiments/prediction_target_toy_v4_main/seed20260809/D512/curv0p5/scale_unit_rms/loss_v/H256,1.5001959800720217
512,0.5,unit_rms,256,v,xeps_gm0p01,xeps,-0.01,0.0643407549357601,0.0013327598571777,0.0112409638240933,-0.0008609190544872,-0.002994537789396,0.0007721505186847,20260809,/data/users/zhoushunyu/eqvae/experiments/prediction_target_toy_v4_main/seed20260809/D512/curv0p5/scale_unit_rms/loss_v/H256,1.5001959800720217
512,0.5,unit_rms,256,v,xv_tan_gm0p01,xv_tangent,-0.01,0.0651716301468965,0.0013420581817626,0.0111501477658748,-0.0001078115424061,-0.00041220423348,0.0003923051337167,20260809,/data/users/zhoushunyu/eqvae/experiments/prediction_target_toy_v4_main/seed20260809/D512/curv0p5/scale_unit_rms/loss_v/H256,1.5001959800720217
512,0.5,unit_rms,256,v,xv_normcomp_gm0p01,xv_normal,-0.01,0.0653000759351808,0.0013444423675537,0.0111379800364375,-7.105889877213126e-05,-0.0003536907969553,0.0001078454074175,20260809,/data/users/zhoushunyu/eqvae/experiments/prediction_target_toy_v4_main/seed20260809/D512/curv0p5/scale_unit_rms/loss_v/H256,1.5001959800720217
512,0.5,unit_rms,256,v,xv_g0p003,xv,0.003,0.0654717624908602,0.0013506412506103,0.0111527889966964,3.234945349957663e-05,-0.0001156419976173,0.0001589413782032,20260809,/data/users/zhoushunyu/eqvae/experiments/prediction_target_toy_v4_main/seed20260809/D512/curv0p5/scale_unit_rms/loss_v/H256,1.5001959800720217
512,0.5,unit_rms,256,v,xeps_g0p003,xeps,0.003,0.0652920080208561,0.0013312101364135,0.0111014991998672,0.000126818882022,-0.0005258079096099,0.0009599601518523,20260809,/data/users/zhoushunyu/eqvae/experiments/prediction_target_toy_v4_main/seed20260809/D512/curv0p5/scale_unit_rms/loss_v/H256,1.5001959800720217
512,0.5,unit_rms,256,v,xv_tan_g0p003,xv_tangent,0.003,0.0654486351821006,0.0013490915298461,0.0111394636332988,2.663888602035445e-05,-6.592077182221712e-05,0.0001188203549524,20260809,/data/users/zhoushunyu/eqvae/experiments/prediction_target_toy_v4_main/seed20260809/D512/curv0p5/scale_unit_rms/loss_v/H256,1.5001959800720217
512,0.5,unit_rms,256,v,xv_normcomp_g0p003,xv_normal,0.003,0.065431641253973,0.0013470649719238,0.0111511712893843,1.75803578418917e-05,-1.817395545906896e-05,8.798745150053323e-05,20260809,/data/users/zhoushunyu/eqvae/experiments/prediction_target_toy_v4_main/seed20260809/D512/curv0p5/scale_unit_rms/loss_v/H256,1.5001959800720217
512,0.5,unit_rms,256,v,xv_g0p01,xv,0.01,0.0654398567101924,0.0013438463211059,0.0111760925501585,2.1735636154017675e-05,-0.000430134061218,0.0003460667843728,20260809,/data/users/zhoushunyu/eqvae/experiments/prediction_target_toy_v4_main/seed20260809/D512/curv0p5/scale_unit_rms/loss_v/H256,1.5001959800720217
512,0.5,unit_rms,256,v,xeps_g0p01,xeps,0.01,0.066053137188728,0.0013481378555297,0.0110389115288853,0.0005202432137211,-0.0008422367662234,0.0024780213186286,20260809,/data/users/zhoushunyu/eqvae/experiments/prediction_target_toy_v4_main/seed20260809/D512/curv0p5/scale_unit_rms/loss_v/H256,1.5001959800720217
512,0.5,unit_rms,256,v,xv_tan_g0p01,xv_tangent,0.01,0.0654321278201444,0.0013444423675537,0.0111519685015082,2.22058815400443e-05,-0.0003552396588377,0.0002552088931265,20260809,/data/users/zhoushunyu/eqvae/experiments/prediction_target_toy_v4_main/seed20260809/D512/curv0p5/scale_unit_rms/loss_v/H256,1.5001959800720217
512,0.5,unit_rms,256,v,xv_normcomp_g0p01,xv_normal,0.01,0.0654905739447437,0.0013482570648193,0.0111625930294394,3.963804919303551e-05,-0.0001935057372454,0.0002909518713367,20260809,/data/users/zhoushunyu/eqvae/experiments/prediction_target_toy_v4_main/seed20260809/D512/curv0p5/scale_unit_rms/loss_v/H256,1.5001959800720217
512,0.5,unit_rms,256,v,xv_g0p03,xv,0.03,0.0656542593016143,0.0013538599014282,0.0112708052620291,0.0002322800287889,-0.0008299698406223,0.0012555598484879,20260809,/data/users/zhoushunyu/eqvae/experiments/prediction_target_toy_v4_main/seed20260809/D512/curv0p5/scale_unit_rms/loss_v/H256,1.5001959800720217
512,0.5,unit_rms,256,v,xeps_g0p03,xeps,0.03,0.0683674699621287,0.0014052391052246,0.0108868489041924,0.0020262539020167,-0.0020150736929062,0.0060914053813813,20260809,/data/users/zhoushunyu/eqvae/experiments/prediction_target_toy_v4_main/seed20260809/D512/curv0p5/scale_unit_rms/loss_v/H256,1.5001959800720217
512,0.5,unit_rms,256,v,xv_tan_g0p03,xv_tangent,0.03,0.0655154251932404,0.0013481378555297,0.0111680142581462,9.036085615816126e-05,-0.0007318370429211,0.0007609304006552,20260809,/data/users/zhoushunyu/eqvae/experiments/prediction_target_toy_v4_main/seed20260809/D512/curv0p5/scale_unit_rms/loss_v/H256,1.5001959800720217
512,0.5,unit_rms,256,v,xv_normcomp_g0p03,xv_normal,0.03,0.065391663478558,0.0013418197631835,0.0112103205174207,7.959960517489733e-06,-0.0004148457585431,0.0004143509597491,20260809,/data/users/zhoushunyu/eqvae/experiments/prediction_target_toy_v4_main/seed20260809/D512/curv0p5/scale_unit_rms/loss_v/H256,1.5001959800720217
512,0.5,unit_rms,256,v,xv_g0p1,xv,0.1,0.0657167370438071,0.0013586282730102,0.0114741576835513,0.000473859862784,-0.0019778326221796,0.0029098924718006,20260809,/data/users/zhoushunyu/eqvae/experiments/prediction_target_toy_v4_main/seed20260809/D512/curv0p5/scale_unit_rms/loss_v/H256,1.5001959800720217
512,0.5,unit_rms,256,v,xeps_g0p1,xeps,0.1,0.0774410836710318,0.0017517805099487,0.0104528171941638,0.0115404010959706,-0.0011362168314503,0.0251749750203992,20260809,/data/users/zhoushunyu/eqvae/experiments/prediction_target_toy_v4_main/seed20260809/D512/curv0p5/scale_unit_rms/loss_v/H256,1.5001959800720217
512,0.5,unit_rms,256,v,xv_tan_g0p1,xv_tangent,0.1,0.0661327898765606,0.0013841390609741,0.0111932400614023,0.0005945137620853,-0.0015542457210798,0.0026039978714716,20260809,/data/users/zhoushunyu/eqvae/experiments/prediction_target_toy_v4_main/seed20260809/D512/curv0p5/scale_unit_rms/loss_v/H256,1.5001959800720217
512,0.5,unit_rms,256,v,xv_normcomp_g0p1,xv_normal,0.1,0.065503821697791,0.0013387203216552,0.0113826002925634,0.0001649238308879,-0.0009540814972827,0.0012597339196122,20260809,/data/users/zhoushunyu/eqvae/experiments/prediction_target_toy_v4_main/seed20260809/D512/curv0p5/scale_unit_rms/loss_v/H256,1.5001959800720217
512,0.5,unit_rms,256,v,xv_g0p3,xv,0.3,0.0663811282265838,0.0014005899429321,0.0121859088540077,0.0015206429579116,-0.0046402797859693,0.0067222871189164,20260809,/data/users/zhoushunyu/eqvae/experiments/prediction_target_toy_v4_main/seed20260809/D512/curv0p5/scale_unit_rms/loss_v/H256,1.5001959800720217
512,0.5,unit_rms,256,v,xeps_g0p3,xeps,0.3,0.1466454644732512,0.0067747831344604,0.0091334106400609,0.0736347237011725,0.0492153342873317,0.0988676094901583,20260809,/data/users/zhoushunyu/eqvae/experiments/prediction_target_toy_v4_main/seed20260809/D512/curv0p5/scale_unit_rms/loss_v/H256,1.5001959800720217
512,0.5,unit_rms,256,v,xv_tan_g0p3,xv_tangent,0.3,0.0670126700932006,0.0014419555664062,0.0114991916343569,0.0016349872030523,-0.002678960413727,0.0065096437780067,20260809,/data/users/zhoushunyu/eqvae/experiments/prediction_target_toy_v4_main/seed20260809/D512/curv0p5/scale_unit_rms/loss_v/H256,1.5001959800720217
512,0.5,unit_rms,256,v,xv_normcomp_g0p3,xv_normal,0.3,0.0652044942054375,0.0013141632080078,0.0116725228726863,-0.0001429822681662,-0.0022645447451784,0.0018632846556471,20260809,/data/users/zhoushunyu/eqvae/experiments/prediction_target_toy_v4_main/seed20260809/D512/curv0p5/scale_unit_rms/loss_v/H256,1.5001959800720217
512,0.5,unit_rms,256,v,xv_rms_etam0p03,xv_norm,-0.03,0.0626749144466503,0.0012270212173461,0.0317262336611747,-0.0020523325515293,-0.004119216118469,0.0001061484653101,20260809,/data/users/zhoushunyu/eqvae/experiments/prediction_target_toy_v4_main/seed20260809/D512/curv0p5/scale_unit_rms/loss_v/H256,1.5001959800720217
512,0.5,unit_rms,256,v,xv_rms_etam0p01,xv_norm,-0.01,0.0640543454415847,0.0012896060943603,0.0149867460131645,-0.0009987692074715,-0.001831869508218,2.3587963905038364e-06,20260809,/data/users/zhoushunyu/eqvae/experiments/prediction_target_toy_v4_main/seed20260809/D512/curv0p5/scale_unit_rms/loss_v/H256,1.5001959800720217
512,0.5,unit_rms,256,v,xv_rms_eta0p01,xv_norm,0.01,0.0670741311655366,0.001428484916687,0.0150582240894436,0.0014423977060475,0.0001730666927227,0.0025791578855278,20260809,/data/users/zhoushunyu/eqvae/experiments/prediction_target_toy_v4_main/seed20260809/D512/curv0p5/scale_unit_rms/loss_v/H256,1.5001959800720217
512,0.5,unit_rms,256,v,xv_rms_eta0p03,xv_norm,0.03,0.0742140096426019,0.0018366575241088,0.0163032226264476,0.0078123439449081,0.0032658271773309,0.012790409333369,20260809,/data/users/zhoushunyu/eqvae/experiments/prediction_target_toy_v4_main/seed20260809/D512/curv0p5/scale_unit_rms/loss_v/H256,1.5001959800720217
512,0.5,unit_rms,512,v,x,x,0.0,0.0492707775314839,0.0008620023727416,0.0045684296637773,0.0,0.0,0.0,20260809,/data/users/zhoushunyu/eqvae/experiments/prediction_target_toy_v4_main/seed20260809/D512/curv0p5/scale_unit_rms/loss_v/H512,1.491114377975464
512,0.5,unit_rms,512,v,v,v,0.0,0.0488310513845578,0.0008054971694946,0.6867170333862305,-0.0003927209982986,-0.0089599790464267,0.0093410730856631,20260809,/data/users/zhoushunyu/eqvae/experiments/prediction_target_toy_v4_main/seed20260809/D512/curv0p5/scale_unit_rms/loss_v/H512,1.491114377975464
512,0.5,unit_rms,512,v,eps,eps,0.0,1.426173824777202,0.2613080143928528,21.66702461242676,1.3840520435025454,1.3001040724221495,1.4514456358329362,20260809,/data/users/zhoushunyu/eqvae/experiments/prediction_target_toy_v4_main/seed20260809/D512/curv0p5/scale_unit_rms/loss_v/H512,1.491114377975464
512,0.5,unit_rms,512,v,oracle,oracle,0.0,,,,,,,20260809,/data/users/zhoushunyu/eqvae/experiments/prediction_target_toy_v4_main/seed20260809/D512/curv0p5/scale_unit_rms/loss_v/H512,1.491114377975464
512,0.5,unit_rms,512,v,xv_gm0p1,xv,-0.1,0.0490954659531606,0.0008485317230224,0.0053286114707589,-0.0001499119980727,-0.0016542188757415,0.0017302919912771,20260809,/data/users/zhoushunyu/eqvae/experiments/prediction_target_toy_v4_main/seed20260809/D512/curv0p5/scale_unit_rms/loss_v/H512,1.491114377975464
512,0.5,unit_rms,512,v,xeps_gm0p1,xeps,-0.1,0.0442317707521708,0.0006589889526367,0.0065632336772978,0.0010425387130197,-0.0172710254587515,0.0196024876972123,20260809,/data/users/zhoushunyu/eqvae/experiments/prediction_target_toy_v4_main/seed20260809/D512/curv0p5/scale_unit_rms/loss_v/H512,1.491114377975464
512,0.5,unit_rms,512,v,xv_tan_gm0p1,xv_tangent,-0.1,0.0489900675704806,0.0008472204208374,0.0045048855245113,-0.000248113699045,-0.0017969467763802,0.0012149043613514,20260809,/data/users/zhoushunyu/eqvae/experiments/prediction_target_toy_v4_main/seed20260809/D512/curv0p5/scale_unit_rms/loss_v/H512,1.491114377975464
512,0.5,unit_rms,512,v,xv_normcomp_gm0p1,xv_normal,-0.1,0.0494177361846821,0.0008670091629028,0.0053486982360482,0.0001320896108377,-0.0007546105427745,0.0011041304373819,20260809,/data/users/zhoushunyu/eqvae/experiments/prediction_target_toy_v4_main/seed20260809/D512/curv0p5/scale_unit_rms/loss_v/H512,1.491114377975464
512,0.5,unit_rms,512,v,xv_gm0p03,xv,-0.03,0.0494318350881395,0.000869870185852,0.0046080471947789,-1.4915742172237136e-05,-0.0007951894161659,0.0006966019834041,20260809,/data/users/zhoushunyu/eqvae/experiments/prediction_target_toy_v4_main/seed20260809/D512/curv0p5/scale_unit_rms/loss_v/H512,1.491114377975464
512,0.5,unit_rms,512,v,xeps_gm0p03,xeps,-0.03,0.0436853538056819,0.000667929649353,0.0048010987229645,-0.0017978166348568,-0.007774407003667,0.0050665750201824,20260809,/data/users/zhoushunyu/eqvae/experiments/prediction_target_toy_v4_main/seed20260809/D512/curv0p5/scale_unit_rms/loss_v/H512,1.491114377975464
512,0.5,unit_rms,512,v,xv_tan_gm0p03,xv_tangent,-0.03,0.0493664405692424,0.0008658170700073,0.0045572924427688,-4.919083500479232e-05,-0.0006106535662987,0.0005044744657093,20260809,/data/users/zhoushunyu/eqvae/experiments/prediction_target_toy_v4_main/seed20260809/D512/curv0p5/scale_unit_rms/loss_v/H512,1.491114377975464
512,0.5,unit_rms,512,v,xv_normcomp_gm0p03,xv_normal,-0.03,0.0494348754975791,0.0008708238601684,0.0046032639220356,5.269266340320173e-05,-0.0003478835236039,0.0004122218034907,20260809,/data/users/zhoushunyu/eqvae/experiments/prediction_target_toy_v4_main/seed20260809/D512/curv0p5/scale_unit_rms/loss_v/H512,1.491114377975464
512,0.5,unit_rms,512,v,xv_gm0p01,xv,-0.01,0.0493987031541039,0.0008679628372192,0.0045464355498552,3.5022178190268277e-06,-0.0004065312881231,0.0003905380126838,20260809,/data/users/zhoushunyu/eqvae/experiments/prediction_target_toy_v4_main/seed20260809/D512/curv0p5/scale_unit_rms/loss_v/H512,1.491114377975464
512,0.5,unit_rms,512,v,xeps_gm0p01,xeps,-0.01,0.0475178245034724,0.0007987022399902,0.0045836218632757,-0.0007465213828773,-0.0029079642746296,0.0010118514961889,20260809,/data/users/zhoushunyu/eqvae/experiments/prediction_target_toy_v4_main/seed20260809/D512/curv0p5/scale_unit_rms/loss_v/H512,1.491114377975464
512,0.5,unit_rms,512,v,xv_tan_gm0p01,xv_tangent,-0.01,0.0493059284625532,0.0008641481399536,0.0045396024361252,-2.188880333012958e-05,-0.0004034707167692,0.0003303210168964,20260809,/data/users/zhoushunyu/eqvae/experiments/prediction_target_toy_v4_main/seed20260809/D512/curv0p5/scale_unit_rms/loss_v/H512,1.491114377975464
512,0.5,unit_rms,512,v,xv_normcomp_gm0p01,xv_normal,-0.01,0.0492929531837873,0.0008630752563476,0.0045650899410247,1.0391361064674212e-06,-0.0002209018467937,0.0001570829302338,20260809,/data/users/zhoushunyu/eqvae/experiments/prediction_target_toy_v4_main/seed20260809/D512/curv0p5/scale_unit_rms/loss_v/H512,1.491114377975464
512,0.5,unit_rms,512,v,xv_g0p003,xv,0.003,0.0492640526949779,0.000862717628479,0.0045693591237068,7.711472628615796e-06,-0.0001080598046751,0.0001288518818228,20260809,/data/users/zhoushunyu/eqvae/experiments/prediction_target_toy_v4_main/seed20260809/D512/curv0p5/scale_unit_rms/loss_v/H512,1.491114377975464
512,0.5,unit_rms,512,v,xeps_g0p003,xeps,0.003,0.0499109784302688,0.0008943080902099,0.0045365584082901,0.0002456897333393,-0.0008825344160828,0.0012507678611874,20260809,/data/users/zhoushunyu/eqvae/experiments/prediction_target_toy_v4_main/seed20260809/D512/curv0p5/scale_unit_rms/loss_v/H512,1.491114377975464
512,0.5,unit_rms,512,v,xv_tan_g0p003,xv_tangent,0.003,0.0492683613509582,0.0008624792098999,0.0045678876340389,1.1235613594957164e-05,-8.037679411174586e-05,0.0001116053389755,20260809,/data/users/zhoushunyu/eqvae/experiments/prediction_target_toy_v4_main/seed20260809/D512/curv0p5/scale_unit_rms/loss_v/H512,1.491114377975464
512,0.5,unit_rms,512,v,xv_normcomp_g0p003,xv_normal,0.003,0.0492656865394115,0.0008630752563476,0.004569751676172,-4.85668614219878e-06,-5.431563575959316e-05,4.179931143407515e-05,20260809,/data/users/zhoushunyu/eqvae/experiments/prediction_target_toy_v4_main/seed20260809/D512/curv0p5/scale_unit_rms/loss_v/H512,1.491114377975464
512,0.5,unit_rms,512,v,xv_g0p01,xv,0.01,0.049266153763302,0.0008624792098999,0.0046006017364561,-6.200413286480688e-06,-0.0004156467687329,0.0002835678167644,20260809,/data/users/zhoushunyu/eqvae/experiments/prediction_target_toy_v4_main/seed20260809/D512/curv0p5/scale_unit_rms/loss_v/H512,1.491114377975464
512,0.5,unit_rms,512,v,xeps_g0p01,xeps,0.01,0.0508591179428634,0.0009282827377319,0.0045114601962268,0.0008686358863481,-0.0011655187446741,0.0032513121746588,20260809,/data/users/zhoushunyu/eqvae/experiments/prediction_target_toy_v4_main/seed20260809/D512/curv0p5/scale_unit_rms/loss_v/H512,1.491114377975464
512,0.5,unit_rms,512,v,xv_tan_g0p01,xv_tangent,0.01,0.0492707297270027,0.0008646249771118,0.0045710308477282,2.481632005924509e-05,-0.0003146753666798,0.0002663875937902,20260809,/data/users/zhoushunyu/eqvae/experiments/prediction_target_toy_v4_main/seed20260809/D512/curv0p5/scale_unit_rms/loss_v/H512,1.491114377975464
512,0.5,unit_rms,512,v,xv_normcomp_g0p01,xv_normal,0.01,0.0492555006963854,0.0008610486984252,0.0045758266933262,-1.0918446104109698e-05,-0.0001067513782056,9.310027777383322e-05,20260809,/data/users/zhoushunyu/eqvae/experiments/prediction_target_toy_v4_main/seed20260809/D512/curv0p5/scale_unit_rms/loss_v/H512,1.491114377975464
512,0.5,unit_rms,512,v,xv_g0p03,xv,0.03,0.0489522736605885,0.0008478164672851,0.004661614075303,-8.2780905953256e-05,-0.0010913900927653,0.0007329553404524,20260809,/data/users/zhoushunyu/eqvae/experiments/prediction_target_toy_v4_main/seed20260809/D512/curv0p5/scale_unit_rms/loss_v/H512,1.491114377975464
512,0.5,unit_rms,512,v,xeps_g0p03,xeps,0.03,0.0553717497282769,0.0011103153228759,0.0044527999125421,0.0037557972812959,-0.0018642816025736,0.0089595577516078,20260809,/data/users/zhoushunyu/eqvae/experiments/prediction_target_toy_v4_main/seed20260809/D512/curv0p5/scale_unit_rms/loss_v/H512,1.491114377975464
512,0.5,unit_rms,512,v,xv_tan_g0p03,xv_tangent,0.03,0.0491727033903015,0.000860571861267,0.0046098995953798,5.101680872960163e-05,-0.0006498597367555,0.0007710818572023,20260809,/data/users/zhoushunyu/eqvae/experiments/prediction_target_toy_v4_main/seed20260809/D512/curv0p5/scale_unit_rms/loss_v/H512,1.491114377975464
512,0.5,unit_rms,512,v,xv_normcomp_g0p03,xv_normal,0.03,0.0492360227388773,0.0008634328842163,0.0046343598514795,-5.703011122149687e-05,-0.0005495067963186,0.0003019784887484,20260809,/data/users/zhoushunyu/eqvae/experiments/prediction_target_toy_v4_main/seed20260809/D512/curv0p5/scale_unit_rms/loss_v/H512,1.491114377975464
512,0.5,unit_rms,512,v,xv_g0p1,xv,0.1,0.0481162091201295,0.0008211135864257,0.0049028974026441,-0.000141591175172,-0.0021847786642709,0.0018273234362046,20260809,/data/users/zhoushunyu/eqvae/experiments/prediction_target_toy_v4_main/seed20260809/D512/curv0p5/scale_unit_rms/loss_v/H512,1.491114377975464
512,0.5,unit_rms,512,v,xeps_g0p1,xeps,0.1,0.0752791170947693,0.002023696899414,0.0045525017194449,0.0179724159368867,0.0022604694838684,0.0314320442016233,20260809,/data/users/zhoushunyu/eqvae/experiments/prediction_target_toy_v4_main/seed20260809/D512/curv0p5/scale_unit_rms/loss_v/H512,1.491114377975464
512,0.5,unit_rms,512,v,xv_tan_g0p1,xv_tangent,0.1,0.0484728400831468,0.0008312463760375,0.0045785414986312,8.254412740967179e-05,-0.0016974053039218,0.0018014251383244,20260809,/data/users/zhoushunyu/eqvae/experiments/prediction_target_toy_v4_main/seed20260809/D512/curv0p5/scale_unit_rms/loss_v/H512,1.491114377975464
512,0.5,unit_rms,512,v,xv_normcomp_g0p1,xv_normal,0.1,0.0486197716128334,0.0008338689804077,0.0049347775056958,-0.0002982227053473,-0.001698553210187,0.0006714971012422,20260809,/data/users/zhoushunyu/eqvae/experiments/prediction_target_toy_v4_main/seed20260809/D512/curv0p5/scale_unit_rms/loss_v/H512,1.491114377975464
512,0.5,unit_rms,512,v,xv_g0p3,xv,0.3,0.0485245451730961,0.0008512735366821,0.0055923773907125,0.0005194669362262,-0.0040751562648701,0.0042445411383481,20260809,/data/users/zhoushunyu/eqvae/experiments/prediction_target_toy_v4_main/seed20260809/D512/curv0p5/scale_unit_rms/loss_v/H512,1.491114377975464
512,0.5,unit_rms,512,v,xeps_g0p3,xeps,0.3,0.1417167646563784,0.007169485092163,0.0042931893840432,0.0829964942022339,0.052711129818516,0.1045935700200771,20260809,/data/users/zhoushunyu/eqvae/experiments/prediction_target_toy_v4_main/seed20260809/D512/curv0p5/scale_unit_rms/loss_v/H512,1.491114377975464
512,0.5,unit_rms,512,v,xv_tan_g0p3,xv_tangent,0.3,0.0491559047288975,0.0008730888366699,0.0046808971092104,0.0006240452530194,-0.0025944983857532,0.0043896378132874,20260809,/data/users/zhoushunyu/eqvae/experiments/prediction_target_toy_v4_main/seed20260809/D512/curv0p5/scale_unit_rms/loss_v/H512,1.491114377975464
512,0.5,unit_rms,512,v,xv_normcomp_g0p3,xv_normal,0.3,0.0476206336713785,0.0008018016815185,0.0055830441415309,-0.0007673114344642,-0.003360597819745,0.0014618212035642,20260809,/data/users/zhoushunyu/eqvae/experiments/prediction_target_toy_v4_main/seed20260809/D512/curv0p5/scale_unit_rms/loss_v/H512,1.491114377975464
512,0.5,unit_rms,512,v,xv_rms_etam0p03,xv_norm,-0.03,0.0490520110145778,0.0008542537689208,0.0304679963737726,-0.000315258662111,-0.0014036946671677,0.0009604749749632,20260809,/data/users/zhoushunyu/eqvae/experiments/prediction_target_toy_v4_main/seed20260809/D512/curv0p5/scale_unit_rms/loss_v/H512,1.491114377975464
512,0.5,unit_rms,512,v,xv_rms_etam0p01,xv_norm,-0.01,0.0492100536821079,0.0008633136749267,0.0111458832398056,-0.0001905951373587,-0.0007803826009438,0.0003110813923925,20260809,/data/users/zhoushunyu/eqvae/experiments/prediction_target_toy_v4_main/seed20260809/D512/curv0p5/scale_unit_rms/loss_v/H512,1.491114377975464
512,0.5,unit_rms,512,v,xv_rms_eta0p01,xv_norm,0.01,0.049614521411808,0.0008708238601684,0.0107389343902468,0.0003572353763691,-0.0004208590518475,0.0009581904992838,20260809,/data/users/zhoushunyu/eqvae/experiments/prediction_target_toy_v4_main/seed20260809/D512/curv0p5/scale_unit_rms/loss_v/H512,1.491114377975464
512,0.5,unit_rms,512,v,xv_rms_eta0p03,xv_norm,0.03,0.0533189168527198,0.0009554624557495,0.0139406472444534,0.0037295111232719,0.0007185309326763,0.0063596191660284,20260809,/data/users/zhoushunyu/eqvae/experiments/prediction_target_toy_v4_main/seed20260809/D512/curv0p5/scale_unit_rms/loss_v/H512,1.491114377975464
512,0.5,unit_rms,64,v,x,x,0.0,0.0488832056435279,0.0004559755325317,0.0349893160164356,0.0,0.0,0.0,20260809,/data/users/zhoushunyu/eqvae/experiments/prediction_target_toy_v4_main/seed20260809/D512/curv0p5/scale_unit_rms/loss_v/H64,1.5594942569732666
512,0.5,unit_rms,64,v,v,v,0.0,0.0356806302655886,0.0002039670944213,0.97031569480896,-0.0025168583082726,-0.0302919945826563,0.0236253513646447,20260809,/data/users/zhoushunyu/eqvae/experiments/prediction_target_toy_v4_main/seed20260809/D512/curv0p5/scale_unit_rms/loss_v/H64,1.5594942569732666
512,0.5,unit_rms,64,v,eps,eps,0.0,1.435967981355584,0.2721887826919555,45.93092346191406,1.392162981524204,1.3311322618594783,1.4707413029253835,20260809,/data/users/zhoushunyu/eqvae/experiments/prediction_target_toy_v4_main/seed20260809/D512/curv0p5/scale_unit_rms/loss_v/H64,1.5594942569732666
512,0.5,unit_rms,64,v,oracle,oracle,0.0,0.034302396679852,4.482269287109375e-05,0.006987321190536,0.0037906453187333,-0.0243665288216846,0.0283369974321645,20260809,/data/users/zhoushunyu/eqvae/experiments/prediction_target_toy_v4_main/seed20260809/D512/curv0p5/scale_unit_rms/loss_v/H64,1.5594942569732666
512,0.5,unit_rms,64,v,xv_gm0p1,xv,-0.1,0.0449877675623752,0.0003330707550048,0.0348787419497966,-0.0021163002952468,-0.0047384954348367,0.0017744109437179,20260809,/data/users/zhoushunyu/eqvae/experiments/prediction_target_toy_v4_main/seed20260809/D512/curv0p5/scale_unit_rms/loss_v/H64,1.5594942569732666
512,0.5,unit_rms,64,v,xeps_gm0p1,xeps,-0.1,0.0484699766732549,0.0003517866134643,0.043785486370325,-0.0004405118557871,-0.0048831109298215,0.0043931733350771,20260809,/data/users/zhoushunyu/eqvae/experiments/prediction_target_toy_v4_main/seed20260809/D512/curv0p5/scale_unit_rms/loss_v/H64,1.5594942569732666
512,0.5,unit_rms,64,v,xv_tan_gm0p1,xv_tangent,-0.1,0.04626069887063,0.0003856420516967,0.0337718576192855,-0.0014006882017401,-0.0032964264435867,0.0015057685908087,20260809,/data/users/zhoushunyu/eqvae/experiments/prediction_target_toy_v4_main/seed20260809/D512/curv0p5/scale_unit_rms/loss_v/H64,1.5594942569732666
512,0.5,unit_rms,64,v,xv_normcomp_gm0p1,xv_normal,-0.1,0.0478730813303193,0.0004080533981323,0.0361043438315391,-0.0006556036503979,-0.001730288797228,0.0005486843791652,20260809,/data/users/zhoushunyu/eqvae/experiments/prediction_target_toy_v4_main/seed20260809/D512/curv0p5/scale_unit_rms/loss_v/H64,1.5594942569732666
512,0.5,unit_rms,64,v,xv_gm0p03,xv,-0.03,0.0476718066013642,0.0004187822341918,0.0348672494292259,-0.0006079976331492,-0.0013232605578712,0.0005470963352712,20260809,/data/users/zhoushunyu/eqvae/experiments/prediction_target_toy_v4_main/seed20260809/D512/curv0p5/scale_unit_rms/loss_v/H64,1.5594942569732666
512,0.5,unit_rms,64,v,xeps_gm0p03,xeps,-0.03,0.0485169594744037,0.0004222393035888,0.0370119139552116,-0.0001886568767477,-0.0015782011211776,0.00132773688213,20260809,/data/users/zhoushunyu/eqvae/experiments/prediction_target_toy_v4_main/seed20260809/D512/curv0p5/scale_unit_rms/loss_v/H64,1.5594942569732666
512,0.5,unit_rms,64,v,xv_tan_gm0p03,xv_tangent,-0.03,0.047974725335496,0.0004338026046752,0.0346402414143085,-0.0003993686672098,-0.0009363370837811,0.0005074209909486,20260809,/data/users/zhoushunyu/eqvae/experiments/prediction_target_toy_v4_main/seed20260809/D512/curv0p5/scale_unit_rms/loss_v/H64,1.5594942569732666
512,0.5,unit_rms,64,v,xv_normcomp_gm0p03,xv_normal,-0.03,0.0485282379148879,0.0004398822784423,0.035203717648983,-0.0001981442313545,-0.0005057689988124,0.0001770892255537,20260809,/data/users/zhoushunyu/eqvae/experiments/prediction_target_toy_v4_main/seed20260809/D512/curv0p5/scale_unit_rms/loss_v/H64,1.5594942569732666
512,0.5,unit_rms,64,v,xv_gm0p01,xv,-0.01,0.0484355589387183,0.0004416704177856,0.034938309341669,-0.0001899063450626,-0.0004198411761931,0.0001743528826437,20260809,/data/users/zhoushunyu/eqvae/experiments/prediction_target_toy_v4_main/seed20260809/D512/curv0p5/scale_unit_rms/loss_v/H64,1.5594942569732666
512,0.5,unit_rms,64,v,xeps_gm0p01,xeps,-0.01,0.0487986214803891,0.0004464387893676,0.0356245711445808,-6.39084335618468e-05,-0.000553187099301,0.0007163031436678,20260809,/data/users/zhoushunyu/eqvae/experiments/prediction_target_toy_v4_main/seed20260809/D512/curv0p5/scale_unit_rms/loss_v/H64,1.5594942569732666
512,0.5,unit_rms,64,v,xv_tan_gm0p01,xv_tangent,-0.01,0.0485558921849986,0.0004489421844482,0.0348679572343826,-0.000131268288662,-0.0002945896382808,6.240620940457342e-05,20260809,/data/users/zhoushunyu/eqvae/experiments/prediction_target_toy_v4_main/seed20260809/D512/curv0p5/scale_unit_rms/loss_v/H64,1.5594942569732666
512,0.5,unit_rms,64,v,xv_normcomp_gm0p01,xv_normal,-0.01,0.0487508106813497,0.0004504919052124,0.0350515507161617,-6.317007844097715e-05,-0.0001984835834986,0.0001452945070999,20260809,/data/users/zhoushunyu/eqvae/experiments/prediction_target_toy_v4_main/seed20260809/D512/curv0p5/scale_unit_rms/loss_v/H64,1.5594942569732666
512,0.5,unit_rms,64,v,xv_g0p003,xv,0.003,0.0489978434606836,0.0004595518112182,0.0350124277174472,6.143407271422721e-05,-2.1993146103872067e-05,0.0001322808339701,20260809,/data/users/zhoushunyu/eqvae/experiments/prediction_target_toy_v4_main/seed20260809/D512/curv0p5/scale_unit_rms/loss_v/H64,1.5594942569732666
512,0.5,unit_rms,64,v,xeps_g0p003,xeps,0.003,0.0489626729658057,0.0004591941833496,0.0348075181245803,4.640727625507983e-05,-0.0001069903101535,0.0002132524189531,20260809,/data/users/zhoushunyu/eqvae/experiments/prediction_target_toy_v4_main/seed20260809/D512/curv0p5/scale_unit_rms/loss_v/H64,1.5594942569732666
512,0.5,unit_rms,64,v,xv_tan_g0p003,xv_tangent,0.003,0.0489637035284811,0.0004581212997436,0.0350305289030075,4.059400512233587e-05,-2.026726077126537e-05,9.472034153515752e-05,20260809,/data/users/zhoushunyu/eqvae/experiments/prediction_target_toy_v4_main/seed20260809/D512/curv0p5/scale_unit_rms/loss_v/H64,1.5594942569732666
512,0.5,unit_rms,64,v,xv_normcomp_g0p003,xv_normal,0.003,0.0489182851361117,0.0004574060440063,0.0349709391593933,2.0818506314822933e-05,-1.2711787376468684e-05,4.678373480475201e-05,20260809,/data/users/zhoushunyu/eqvae/experiments/prediction_target_toy_v4_main/seed20260809/D512/curv0p5/scale_unit_rms/loss_v/H64,1.5594942569732666
512,0.5,unit_rms,64,v,xv_g0p01,xv,0.01,0.0492807308972473,0.0004676580429077,0.0350506268441677,0.0002084505046277,-0.0001438014847708,0.0006157762191929,20260809,/data/users/zhoushunyu/eqvae/experiments/prediction_target_toy_v4_main/seed20260809/D512/curv0p5/scale_unit_rms/loss_v/H64,1.5594942569732666
512,0.5,unit_rms,64,v,xeps_g0p01,xeps,0.01,0.0490172418475787,0.0004668235778808,0.0343881845474243,0.00011044998988,-0.0003790053681692,0.000603514810536,20260809,/data/users/zhoushunyu/eqvae/experiments/prediction_target_toy_v4_main/seed20260809/D512/curv0p5/scale_unit_rms/loss_v/H64,1.5594942569732666
512,0.5,unit_rms,64,v,xv_tan_g0p01,xv_tangent,0.01,0.0492100584674394,0.0004637241363525,0.0351210050284862,0.0001527536028187,-0.000134374031304,0.0004846800677104,20260809,/data/users/zhoushunyu/eqvae/experiments/prediction_target_toy_v4_main/seed20260809/D512/curv0p5/scale_unit_rms/loss_v/H64,1.5594942569732666
512,0.5,unit_rms,64,v,xv_normcomp_g0p01,xv_normal,0.01,0.048998495752432,0.000462532043457,0.0349321402609348,7.032237873783743e-05,-3.811638720183068e-05,0.0001566743374393,20260809,/data/users/zhoushunyu/eqvae/experiments/prediction_target_toy_v4_main/seed20260809/D512/curv0p5/scale_unit_rms/loss_v/H64,1.5594942569732666
512,0.5,unit_rms,64,v,xv_g0p03,xv,0.03,0.0498348366958013,0.0004864931106567,0.0351715758442878,0.0006006332968246,-0.0005175264271932,0.0013958281272492,20260809,/data/users/zhoushunyu/eqvae/experiments/prediction_target_toy_v4_main/seed20260809/D512/curv0p5/scale_unit_rms/loss_v/H64,1.5594942569732666
512,0.5,unit_rms,64,v,xeps_g0p03,xeps,0.03,0.0490473446973594,0.0004851818084716,0.0332973562180995,0.0002416279409347,-0.0018229160815562,0.0016850886186765,20260809,/data/users/zhoushunyu/eqvae/experiments/prediction_target_toy_v4_main/seed20260809/D512/curv0p5/scale_unit_rms/loss_v/H64,1.5594942569732666
512,0.5,unit_rms,64,v,xv_tan_g0p03,xv_tangent,0.03,0.0494924595252459,0.000473141670227,0.0353381335735321,0.0003915593611341,-0.0003852276620571,0.0010155803043191,20260809,/data/users/zhoushunyu/eqvae/experiments/prediction_target_toy_v4_main/seed20260809/D512/curv0p5/scale_unit_rms/loss_v/H64,1.5594942569732666
512,0.5,unit_rms,64,v,xv_normcomp_g0p03,xv_normal,0.03,0.049279529248763,0.0004708766937255,0.034842737019062,0.0002293421106671,-0.0001400522551602,0.0005626820094825,20260809,/data/users/zhoushunyu/eqvae/experiments/prediction_target_toy_v4_main/seed20260809/D512/curv0p5/scale_unit_rms/loss_v/H64,1.5594942569732666
512,0.5,unit_rms,64,v,xv_g0p1,xv,0.1,0.0525395532746886,0.0005688667297363,0.0357325486838817,0.002226530396146,-0.0006812464530517,0.0045125094137939,20260809,/data/users/zhoushunyu/eqvae/experiments/prediction_target_toy_v4_main/seed20260809/D512/curv0p5/scale_unit_rms/loss_v/H64,1.5594942569732666
512,0.5,unit_rms,64,v,xeps_g0p1,xeps,0.1,0.0500069649335831,0.0005609989166259,0.0303380396217107,0.001212466058338,-0.0027244411176016,0.0052033265518833,20260809,/data/users/zhoushunyu/eqvae/experiments/prediction_target_toy_v4_main/seed20260809/D512/curv0p5/scale_unit_rms/loss_v/H64,1.5594942569732666
512,0.5,unit_rms,64,v,xv_tan_g0p1,xv_tangent,0.1,0.0511917392672388,0.00050950050354,0.0361642874777317,0.0012870643129811,-0.0004798990009462,0.0028588785647737,20260809,/data/users/zhoushunyu/eqvae/experiments/prediction_target_toy_v4_main/seed20260809/D512/curv0p5/scale_unit_rms/loss_v/H64,1.5594942569732666
512,0.5,unit_rms,64,v,xv_normcomp_g0p1,xv_normal,0.1,0.0499022557550672,0.0005010366439819,0.0345914475619792,0.0007156812646922,-0.0004639774819727,0.0019372659866963,20260809,/data/users/zhoushunyu/eqvae/experiments/prediction_target_toy_v4_main/seed20260809/D512/curv0p5/scale_unit_rms/loss_v/H64,1.5594942569732666
512,0.5,unit_rms,64,v,xv_g0p3,xv,0.3,0.0589413974967833,0.0007929801940917,0.0375207066535949,0.0068935880018214,-0.0025482494228482,0.0125193350986888,20260809,/data/users/zhoushunyu/eqvae/experiments/prediction_target_toy_v4_main/seed20260809/D512/curv0p5/scale_unit_rms/loss_v/H64,1.5594942569732666
512,0.5,unit_rms,64,v,xeps_g0p3,xeps,0.3,0.0506077322060002,0.0006581544876098,0.0260313767939806,0.00404455031217,-0.0107205414452187,0.0172631262657091,20260809,/data/users/zhoushunyu/eqvae/experiments/prediction_target_toy_v4_main/seed20260809/D512/curv0p5/scale_unit_rms/loss_v/H64,1.5594942569732666
512,0.5,unit_rms,64,v,xv_tan_g0p3,xv_tangent,0.3,0.0555558361236318,0.0006040334701538,0.0382238700985908,0.0042523287145477,-0.0016046318896978,0.008584831234076,20260809,/data/users/zhoushunyu/eqvae/experiments/prediction_target_toy_v4_main/seed20260809/D512/curv0p5/scale_unit_rms/loss_v/H64,1.5594942569732666
512,0.5,unit_rms,64,v,xv_normcomp_g0p3,xv_normal,0.3,0.0525709314865385,0.0006155967712402,0.0343856886029243,0.0024108363207095,-0.0008051440515929,0.0054321199172776,20260809,/data/users/zhoushunyu/eqvae/experiments/prediction_target_toy_v4_main/seed20260809/D512/curv0p5/scale_unit_rms/loss_v/H64,1.5594942569732666
512,0.5,unit_rms,64,v,xv_rms_etam0p03,xv_norm,-0.03,0.0453545422598876,0.0002673864364624,0.0510702729225158,-0.0017999035316457,-0.0051783589416583,0.0030198266382765,20260809,/data/users/zhoushunyu/eqvae/experiments/prediction_target_toy_v4_main/seed20260809/D512/curv0p5/scale_unit_rms/loss_v/H64,1.5594942569732666
512,0.5,unit_rms,64,v,xv_rms_etam0p01,xv_norm,-0.01,0.0472245757956059,0.0003659725189208,0.0381121113896369,-0.0008128804185442,-0.0022128231266418,0.0012335805663736,20260809,/data/users/zhoushunyu/eqvae/experiments/prediction_target_toy_v4_main/seed20260809/D512/curv0p5/scale_unit_rms/loss_v/H64,1.5594942569732666
512,0.5,unit_rms,64,v,xv_rms_eta0p01,xv_norm,0.01,0.0513759518200003,0.0006033182144165,0.0361896641552448,0.001460312447127,-0.0014413175895297,0.0034520224303204,20260809,/data/users/zhoushunyu/eqvae/experiments/prediction_target_toy_v4_main/seed20260809/D512/curv0p5/scale_unit_rms/loss_v/H64,1.5594942569732666
512,0.5,unit_rms,64,v,xv_rms_eta0p03,xv_norm,0.03,0.061442696875185,0.0012242794036865,0.0424748137593269,0.0084528102804354,-0.0049544002382581,0.0159892537969384,20260809,/data/users/zhoushunyu/eqvae/experiments/prediction_target_toy_v4_main/seed20260809/D512/curv0p5/scale_unit_rms/loss_v/H64,1.5594942569732666
512,1.0,unit_rms,1024,v,x,x,0.0,0.0230264368129162,-4.017353057861328e-05,0.0133793884888291,0.0,0.0,0.0,20260809,/data/users/zhoushunyu/eqvae/experiments/prediction_target_toy_v4_main/seed20260809/D512/curv1/scale_unit_rms/loss_v/H1024,1.438156247138977
512,1.0,unit_rms,1024,v,v,v,0.0,0.0225733873965837,-4.6253204345703125e-05,0.4552451968193054,-0.0013463871734161,-0.0107763087889049,0.0064647248289304,20260809,/data/users/zhoushunyu/eqvae/experiments/prediction_target_toy_v4_main/seed20260809/D512/curv1/scale_unit_rms/loss_v/H1024,1.438156247138977
512,1.0,unit_rms,1024,v,eps,eps,0.0,0.2166515231038153,0.0134485960006713,1.9145925045013428,0.1683173535889439,0.137896066839077,0.1982209043347797,20260809,/data/users/zhoushunyu/eqvae/experiments/prediction_target_toy_v4_main/seed20260809/D512/curv1/scale_unit_rms/loss_v/H1024,1.438156247138977
512,1.0,unit_rms,1024,v,oracle,oracle,0.0,0.0443586379950533,0.0005263090133666,0.0108906924724578,0.0098339974697282,-0.0295864487361285,0.0406457434617602,20260809,/data/users/zhoushunyu/eqvae/experiments/prediction_target_toy_v4_main/seed20260809/D512/curv1/scale_unit_rms/loss_v/H1024,1.438156247138977
512,1.0,unit_rms,1024,v,xv_gm0p1,xv,-0.1,0.0229505427597596,-4.0531158447265625e-05,0.0136627396568655,0.0001168245130156,-0.0026325740433385,0.0027248234850036,20260809,/data/users/zhoushunyu/eqvae/experiments/prediction_target_toy_v4_main/seed20260809/D512/curv1/scale_unit_rms/loss_v/H1024,1.438156247138977
512,1.0,unit_rms,1024,v,xeps_gm0p1,xeps,-0.1,0.0287908748835693,0.0001342296600341,0.0140707716345787,0.0020137575160292,-0.0086909706301671,0.009710091723447,20260809,/data/users/zhoushunyu/eqvae/experiments/prediction_target_toy_v4_main/seed20260809/D512/curv1/scale_unit_rms/loss_v/H1024,1.438156247138977
512,1.0,unit_rms,1024,v,xv_tan_gm0p1,xv_tangent,-0.1,0.0229870779158553,-3.993511199951172e-05,0.0133835859596729,-6.554274657802246e-05,-0.0018744545517595,0.0016014538044027,20260809,/data/users/zhoushunyu/eqvae/experiments/prediction_target_toy_v4_main/seed20260809/D512/curv1/scale_unit_rms/loss_v/H1024,1.438156247138977
512,1.0,unit_rms,1024,v,xv_normcomp_gm0p1,xv_normal,-0.1,0.0231677837005188,-3.981590270996094e-05,0.0136173423379659,0.000115692964958,-0.0014476808118733,0.0020719627672883,20260809,/data/users/zhoushunyu/eqvae/experiments/prediction_target_toy_v4_main/seed20260809/D512/curv1/scale_unit_rms/loss_v/H1024,1.438156247138977
512,1.0,unit_rms,1024,v,xv_gm0p03,xv,-0.03,0.0230713406981048,-3.731250762939453e-05,0.0133844492956995,4.290467853572747e-06,-0.0011705675264832,0.0013045661971106,20260809,/data/users/zhoushunyu/eqvae/experiments/prediction_target_toy_v4_main/seed20260809/D512/curv1/scale_unit_rms/loss_v/H1024,1.438156247138977
512,1.0,unit_rms,1024,v,xeps_gm0p03,xeps,-0.03,0.0244443290313355,8.58306884765625e-06,0.0135246654972434,0.0002693474624619,-0.0045155186858288,0.0037075804790112,20260809,/data/users/zhoushunyu/eqvae/experiments/prediction_target_toy_v4_main/seed20260809/D512/curv1/scale_unit_rms/loss_v/H1024,1.438156247138977
512,1.0,unit_rms,1024,v,xv_tan_gm0p03,xv_tangent,-0.03,0.0229887416636564,-3.933906555175781e-05,0.0133814644068479,-6.642598157743401e-05,-0.0006925700106808,0.0008799917966817,20260809,/data/users/zhoushunyu/eqvae/experiments/prediction_target_toy_v4_main/seed20260809/D512/curv1/scale_unit_rms/loss_v/H1024,1.438156247138977
512,1.0,unit_rms,1024,v,xv_normcomp_gm0p03,xv_normal,-0.03,0.0230931835914533,-3.921985626220703e-05,0.0133709330111742,7.512485327808328e-06,-0.0010219967025318,0.0011607229189331,20260809,/data/users/zhoushunyu/eqvae/experiments/prediction_target_toy_v4_main/seed20260809/D512/curv1/scale_unit_rms/loss_v/H1024,1.438156247138977
512,1.0,unit_rms,1024,v,xv_gm0p01,xv,-0.01,0.0231498015957125,-3.767013549804688e-05,0.0133787989616394,-1.123107050845749e-06,-0.0005654305038615,0.0008837053348072,20260809,/data/users/zhoushunyu/eqvae/experiments/prediction_target_toy_v4_main/seed20260809/D512/curv1/scale_unit_rms/loss_v/H1024,1.438156247138977
512,1.0,unit_rms,1024,v,xeps_gm0p01,xeps,-0.01,0.0231490312544961,-3.314018249511719e-05,0.0134126795455813,3.823885013387169e-05,-0.0013227245354924,0.0010151168870473,20260809,/data/users/zhoushunyu/eqvae/experiments/prediction_target_toy_v4_main/seed20260809/D512/curv1/scale_unit_rms/loss_v/H1024,1.438156247138977
512,1.0,unit_rms,1024,v,xv_tan_gm0p01,xv_tangent,-0.01,0.023212676623153,-3.4928321838378906e-05,0.0133800748735666,3.3196120287741145e-05,-0.0001238101303537,0.0008655430441305,20260809,/data/users/zhoushunyu/eqvae/experiments/prediction_target_toy_v4_main/seed20260809/D512/curv1/scale_unit_rms/loss_v/H1024,1.438156247138977
512,1.0,unit_rms,1024,v,xv_normcomp_gm0p01,xv_normal,-0.01,0.0231841599228278,-3.719329833984375e-05,0.013360546901822,1.2274094801576694e-05,-0.0003850915448696,0.0008622619176317,20260809,/data/users/zhoushunyu/eqvae/experiments/prediction_target_toy_v4_main/seed20260809/D512/curv1/scale_unit_rms/loss_v/H1024,1.438156247138977
512,1.0,unit_rms,1024,v,xv_g0p003,xv,0.003,0.0230198715461829,-4.184246063232422e-05,0.0133727416396141,-1.7350093086647665e-05,-0.0003226797089671,0.0001023335247669,20260809,/data/users/zhoushunyu/eqvae/experiments/prediction_target_toy_v4_main/seed20260809/D512/curv1/scale_unit_rms/loss_v/H1024,1.438156247138977
512,1.0,unit_rms,1024,v,xeps_g0p003,xeps,0.003,0.0231635230131602,-4.088878631591797e-05,0.0133406138047575,-5.598689583058702e-06,-0.0006699542384102,0.0008960144647016,20260809,/data/users/zhoushunyu/eqvae/experiments/prediction_target_toy_v4_main/seed20260809/D512/curv1/scale_unit_rms/loss_v/H1024,1.438156247138977
512,1.0,unit_rms,1024,v,xv_tan_g0p003,xv_tangent,0.003,0.0230318471874687,-4.100799560546875e-05,0.013377483934164,6.266989144311091e-06,-3.744843545485776e-05,6.661816616217232e-05,20260809,/data/users/zhoushunyu/eqvae/experiments/prediction_target_toy_v4_main/seed20260809/D512/curv1/scale_unit_rms/loss_v/H1024,1.438156247138977
512,1.0,unit_rms,1024,v,xv_normcomp_g0p003,xv_normal,0.003,0.023008463595234,-4.0531158447265625e-05,0.0133725339546799,-2.463462538484312e-05,-0.0003178318074421,5.427518056984195e-05,20260809,/data/users/zhoushunyu/eqvae/experiments/prediction_target_toy_v4_main/seed20260809/D512/curv1/scale_unit_rms/loss_v/H1024,1.438156247138977
512,1.0,unit_rms,1024,v,xv_g0p01,xv,0.01,0.0230657060286331,-3.969669342041016e-05,0.0133864562958478,-4.548343947819267e-05,-0.0008734630712754,0.000664467504017,20260809,/data/users/zhoushunyu/eqvae/experiments/prediction_target_toy_v4_main/seed20260809/D512/curv1/scale_unit_rms/loss_v/H1024,1.438156247138977
512,1.0,unit_rms,1024,v,xeps_g0p01,xeps,0.01,0.0230665971388123,-4.5418739318847656e-05,0.0133065152913331,-9.43930262068865e-05,-0.0016569938449957,0.0014061601905756,20260809,/data/users/zhoushunyu/eqvae/experiments/prediction_target_toy_v4_main/seed20260809/D512/curv1/scale_unit_rms/loss_v/H1024,1.438156247138977
512,1.0,unit_rms,1024,v,xv_tan_g0p01,xv_tangent,0.01,0.0230677684607405,-3.838539123535156e-05,0.0134067423641681,1.092271233026406e-05,-0.0003473500614877,0.0003189467619134,20260809,/data/users/zhoushunyu/eqvae/experiments/prediction_target_toy_v4_main/seed20260809/D512/curv1/scale_unit_rms/loss_v/H1024,1.438156247138977
512,1.0,unit_rms,1024,v,xv_normcomp_g0p01,xv_normal,0.01,0.0230029389547172,-4.088878631591797e-05,0.0133703667670488,-8.583108708097062e-05,-0.0007670604463424,0.000287198018946,20260809,/data/users/zhoushunyu/eqvae/experiments/prediction_target_toy_v4_main/seed20260809/D512/curv1/scale_unit_rms/loss_v/H1024,1.438156247138977
512,1.0,unit_rms,1024,v,xv_g0p03,xv,0.03,0.0231012711127681,-3.969669342041016e-05,0.0133989956229925,-0.000140113095151,-0.0014041350435529,0.0010744185577085,20260809,/data/users/zhoushunyu/eqvae/experiments/prediction_target_toy_v4_main/seed20260809/D512/curv1/scale_unit_rms/loss_v/H1024,1.438156247138977
512,1.0,unit_rms,1024,v,xeps_g0p03,xeps,0.03,0.0230274531173706,-5.555152893066406e-05,0.0132931927219033,-0.000107668503531,-0.0028167364659614,0.0027565762030805,20260809,/data/users/zhoushunyu/eqvae/experiments/prediction_target_toy_v4_main/seed20260809/D512/curv1/scale_unit_rms/loss_v/H1024,1.438156247138977
512,1.0,unit_rms,1024,v,xv_tan_g0p03,xv_tangent,0.03,0.0231575282411624,-3.9577484130859375e-05,0.0133650200441479,6.912944405241823e-05,-0.0005263042681421,0.0008543224007059,20260809,/data/users/zhoushunyu/eqvae/experiments/prediction_target_toy_v4_main/seed20260809/D512/curv1/scale_unit_rms/loss_v/H1024,1.438156247138977
512,1.0,unit_rms,1024,v,xv_normcomp_g0p03,xv_normal,0.03,0.0228857636574681,-4.38690185546875e-05,0.0133907496929168,-0.0001967832794419,-0.0012563305547517,0.000763091116972,20260809,/data/users/zhoushunyu/eqvae/experiments/prediction_target_toy_v4_main/seed20260809/D512/curv1/scale_unit_rms/loss_v/H1024,1.438156247138977
512,1.0,unit_rms,1024,v,xv_g0p1,xv,0.1,0.0235364766642027,-3.445148468017578e-05,0.01352243963629,0.0002088817559995,-0.002314200721362,0.0035168668252992,20260809,/data/users/zhoushunyu/eqvae/experiments/prediction_target_toy_v4_main/seed20260809/D512/curv1/scale_unit_rms/loss_v/H1024,1.438156247138977
512,1.0,unit_rms,1024,v,xeps_g0p1,xeps,0.1,0.0237719196417743,-7.37905502319336e-05,0.0133061446249485,0.0002116866214799,-0.0071695427438479,0.0075456281469658,20260809,/data/users/zhoushunyu/eqvae/experiments/prediction_target_toy_v4_main/seed20260809/D512/curv1/scale_unit_rms/loss_v/H1024,1.438156247138977
512,1.0,unit_rms,1024,v,xv_tan_g0p1,xv_tangent,0.1,0.0238889438547366,-2.396106719970703e-05,0.0133882518857717,9.517482577908004e-05,-0.0012206391896719,0.0014214075740813,20260809,/data/users/zhoushunyu/eqvae/experiments/prediction_target_toy_v4_main/seed20260809/D512/curv1/scale_unit_rms/loss_v/H1024,1.438156247138977
512,1.0,unit_rms,1024,v,xv_normcomp_g0p1,xv_normal,0.1,0.0229986713066086,-3.9577484130859375e-05,0.013546435162425,-0.0001353676378348,-0.0020294718844807,0.0017804932232232,20260809,/data/users/zhoushunyu/eqvae/experiments/prediction_target_toy_v4_main/seed20260809/D512/curv1/scale_unit_rms/loss_v/H1024,1.438156247138977
512,1.0,unit_rms,1024,v,xv_g0p3,xv,0.3,0.0265785959412555,2.4199485778808597e-05,0.0139214089140295,0.0005901139053298,-0.0037894607278834,0.0061381926230774,20260809,/data/users/zhoushunyu/eqvae/experiments/prediction_target_toy_v4_main/seed20260809/D512/curv1/scale_unit_rms/loss_v/H1024,1.438156247138977
512,1.0,unit_rms,1024,v,xeps_g0p3,xeps,0.3,0.0330578986183006,6.866455078125e-05,0.0131840510293841,0.0042621398171657,-0.0163868145197758,0.0213003297348503,20260809,/data/users/zhoushunyu/eqvae/experiments/prediction_target_toy_v4_main/seed20260809/D512/curv1/scale_unit_rms/loss_v/H1024,1.438156247138977
512,1.0,unit_rms,1024,v,xv_tan_g0p3,xv_tangent,0.3,0.0247291048876713,-1.8715858459472656e-05,0.0134158562868833,0.0005303547240053,-0.0022762804497529,0.003192396245423,20260809,/data/users/zhoushunyu/eqvae/experiments/prediction_target_toy_v4_main/seed20260809/D512/curv1/scale_unit_rms/loss_v/H1024,1.438156247138977
512,1.0,unit_rms,1024,v,xv_normcomp_g0p3,xv_normal,0.3,0.0235760424363048,-3.147125244140625e-05,0.0138674583286046,-0.000138826747496,-0.0030138685225113,0.0033870194810576,20260809,/data/users/zhoushunyu/eqvae/experiments/prediction_target_toy_v4_main/seed20260809/D512/curv1/scale_unit_rms/loss_v/H1024,1.438156247138977
512,1.0,unit_rms,1024,v,xv_rms_etam0p03,xv_norm,-0.03,0.02265903670877,-3.5643577575683594e-05,0.0333494544029235,-7.444138050578287e-06,-0.0016145617643007,0.0019858104146409,20260809,/data/users/zhoushunyu/eqvae/experiments/prediction_target_toy_v4_main/seed20260809/D512/curv1/scale_unit_rms/loss_v/H1024,1.438156247138977
512,1.0,unit_rms,1024,v,xv_rms_etam0p01,xv_norm,-0.01,0.0228237746952988,-3.767013549804688e-05,0.017087947577238,-0.0001049213791813,-0.0008141633815453,0.0010801613756875,20260809,/data/users/zhoushunyu/eqvae/experiments/prediction_target_toy_v4_main/seed20260809/D512/curv1/scale_unit_rms/loss_v/H1024,1.438156247138977
512,1.0,unit_rms,1024,v,xv_rms_eta0p01,xv_norm,0.01,0.0237313547502124,-3.647804260253906e-05,0.016622407361865,3.1510004057840776e-05,-0.0011820377115305,0.0010180985981267,20260809,/data/users/zhoushunyu/eqvae/experiments/prediction_target_toy_v4_main/seed20260809/D512/curv1/scale_unit_rms/loss_v/H1024,1.438156247138977
512,1.0,unit_rms,1024,v,xv_rms_eta0p03,xv_norm,0.03,0.0272766961472753,-2.9802322387695312e-06,0.0168486330658197,0.0013785180099665,-0.0012041257780456,0.0039202964623189,20260809,/data/users/zhoushunyu/eqvae/experiments/prediction_target_toy_v4_main/seed20260809/D512/curv1/scale_unit_rms/loss_v/H1024,1.438156247138977
512,1.0,unit_rms,128,v,x,x,0.0,0.0254387140960073,-2.026557922363281e-05,0.0288682002574205,0.0,0.0,0.0,20260809,/data/users/zhoushunyu/eqvae/experiments/prediction_target_toy_v4_main/seed20260809/D512/curv1/scale_unit_rms/loss_v/H128,1.430556058883667
512,1.0,unit_rms,128,v,v,v,0.0,0.0351727807180906,0.0002369880676269,0.9681618809700012,0.0022626598260055,-0.0119640991371899,0.0142548474359054,20260809,/data/users/zhoushunyu/eqvae/experiments/prediction_target_toy_v4_main/seed20260809/D512/curv1/scale_unit_rms/loss_v/H128,1.430556058883667
512,1.0,unit_rms,128,v,eps,eps,0.0,1.4321362596812262,0.2722612917423248,43.00722885131836,1.3934531529841805,1.3202481742479315,1.451169361749198,20260809,/data/users/zhoushunyu/eqvae/experiments/prediction_target_toy_v4_main/seed20260809/D512/curv1/scale_unit_rms/loss_v/H128,1.430556058883667
512,1.0,unit_rms,128,v,oracle,oracle,0.0,0.0499958906317586,0.0007203817367553,0.0108771035447716,0.0090835633184905,-0.0173685019132941,0.0322599468778621,20260809,/data/users/zhoushunyu/eqvae/experiments/prediction_target_toy_v4_main/seed20260809/D512/curv1/scale_unit_rms/loss_v/H128,1.430556058883667
512,1.0,unit_rms,128,v,xv_gm0p1,xv,-0.1,0.0252164806181387,-2.872943878173828e-05,0.0292597580701112,3.5310335115452294e-05,-0.0028857087773438,0.0028774423600907,20260809,/data/users/zhoushunyu/eqvae/experiments/prediction_target_toy_v4_main/seed20260809/D512/curv1/scale_unit_rms/loss_v/H128,1.430556058883667
512,1.0,unit_rms,128,v,xeps_gm0p1,xeps,-0.1,0.0259385195148506,-9.918212890625e-05,0.0363258644938468,0.0026972557266495,-0.0078025844348862,0.0106213107389361,20260809,/data/users/zhoushunyu/eqvae/experiments/prediction_target_toy_v4_main/seed20260809/D512/curv1/scale_unit_rms/loss_v/H128,1.430556058883667
512,1.0,unit_rms,128,v,xv_tan_gm0p1,xv_tangent,-0.1,0.0255432325591997,-1.537799835205078e-05,0.0282342340797185,-7.435651728162368e-05,-0.0017885171380653,0.001728794451034,20260809,/data/users/zhoushunyu/eqvae/experiments/prediction_target_toy_v4_main/seed20260809/D512/curv1/scale_unit_rms/loss_v/H128,1.430556058883667
512,1.0,unit_rms,128,v,xv_normcomp_gm0p1,xv_normal,-0.1,0.0253471685458403,-2.3603439331054688e-05,0.0296617113053798,0.0001824037271391,-0.0015425581834492,0.0023304887764142,20260809,/data/users/zhoushunyu/eqvae/experiments/prediction_target_toy_v4_main/seed20260809/D512/curv1/scale_unit_rms/loss_v/H128,1.430556058883667
512,1.0,unit_rms,128,v,xv_gm0p03,xv,-0.03,0.0254340434488118,-1.931190490722656e-05,0.0287998132407665,4.111765958553399e-06,-0.0010318984199166,0.0010754162247259,20260809,/data/users/zhoushunyu/eqvae/experiments/prediction_target_toy_v4_main/seed20260809/D512/curv1/scale_unit_rms/loss_v/H128,1.430556058883667
512,1.0,unit_rms,128,v,xeps_gm0p03,xeps,-0.03,0.0246176547233555,-5.7220458984375e-05,0.0306482538580894,0.000302459718432,-0.0033195413786723,0.0039499637336097,20260809,/data/users/zhoushunyu/eqvae/experiments/prediction_target_toy_v4_main/seed20260809/D512/curv1/scale_unit_rms/loss_v/H128,1.430556058883667
512,1.0,unit_rms,128,v,xv_tan_gm0p03,xv_tangent,-0.03,0.0253887917559405,-2.0742416381835938e-05,0.0285978931933641,-7.422902015857751e-05,-0.0007499198576619,0.000591540466568,20260809,/data/users/zhoushunyu/eqvae/experiments/prediction_target_toy_v4_main/seed20260809/D512/curv1/scale_unit_rms/loss_v/H128,1.430556058883667
512,1.0,unit_rms,128,v,xv_normcomp_gm0p03,xv_normal,-0.03,0.0254658072840286,-1.9550323486328125e-05,0.0289627350866794,4.659473834626518e-05,-0.000589558787051,0.0008333253990834,20260809,/data/users/zhoushunyu/eqvae/experiments/prediction_target_toy_v4_main/seed20260809/D512/curv1/scale_unit_rms/loss_v/H128,1.430556058883667
512,1.0,unit_rms,128,v,xv_gm0p01,xv,-0.01,0.0254228254862152,-2.1696090698242188e-05,0.0287895705550909,-1.2184094974600732e-05,-0.0005273987373719,0.0005379913263922,20260809,/data/users/zhoushunyu/eqvae/experiments/prediction_target_toy_v4_main/seed20260809/D512/curv1/scale_unit_rms/loss_v/H128,1.430556058883667
512,1.0,unit_rms,128,v,xeps_gm0p01,xeps,-0.01,0.0252162724542166,-3.135204315185547e-05,0.0294395647943019,5.2794984152535714e-05,-0.0014926548473712,0.0015454193167702,20260809,/data/users/zhoushunyu/eqvae/experiments/prediction_target_toy_v4_main/seed20260809/D512/curv1/scale_unit_rms/loss_v/H128,1.430556058883667
512,1.0,unit_rms,128,v,xv_tan_gm0p01,xv_tangent,-0.01,0.0254106774159637,-2.050399780273437e-05,0.0287542268633842,-2.120285551258278e-05,-0.0005278708202864,0.0004342573215387,20260809,/data/users/zhoushunyu/eqvae/experiments/prediction_target_toy_v4_main/seed20260809/D512/curv1/scale_unit_rms/loss_v/H128,1.430556058883667
512,1.0,unit_rms,128,v,xv_normcomp_gm0p01,xv_normal,-0.01,0.0253975973026162,-2.110004425048828e-05,0.0289003048092126,-7.096943017180848e-07,-0.0004028439822766,0.0002991900267998,20260809,/data/users/zhoushunyu/eqvae/experiments/prediction_target_toy_v4_main/seed20260809/D512/curv1/scale_unit_rms/loss_v/H128,1.430556058883667
512,1.0,unit_rms,128,v,xv_g0p003,xv,0.003,0.0254645732590561,-1.990795135498047e-05,0.0288953818380832,2.1232348741009184e-06,-0.0004042662025728,0.0003011739252661,20260809,/data/users/zhoushunyu/eqvae/experiments/prediction_target_toy_v4_main/seed20260809/D512/curv1/scale_unit_rms/loss_v/H128,1.430556058883667
512,1.0,unit_rms,128,v,xeps_g0p003,xeps,0.003,0.025585677845949,-1.6570091247558594e-05,0.0287997163832187,-6.904273858113659e-06,-0.000577272137434,0.0003825890017405,20260809,/data/users/zhoushunyu/eqvae/experiments/prediction_target_toy_v4_main/seed20260809/D512/curv1/scale_unit_rms/loss_v/H128,1.430556058883667
512,1.0,unit_rms,128,v,xv_tan_g0p003,xv_tangent,0.003,0.0254541903868514,-1.990795135498047e-05,0.0288914665579795,2.5985664707204105e-06,-0.0002206811107439,0.0001559954024241,20260809,/data/users/zhoushunyu/eqvae/experiments/prediction_target_toy_v4_main/seed20260809/D512/curv1/scale_unit_rms/loss_v/H128,1.430556058883667
512,1.0,unit_rms,128,v,xv_normcomp_g0p003,xv_normal,0.003,0.0254507498844024,-2.002716064453125e-05,0.0288613699376583,1.0515298356591105e-05,-0.000239402807983,0.0002841637886923,20260809,/data/users/zhoushunyu/eqvae/experiments/prediction_target_toy_v4_main/seed20260809/D512/curv1/scale_unit_rms/loss_v/H128,1.430556058883667
512,1.0,unit_rms,128,v,xv_g0p01,xv,0.01,0.0255579568826496,-1.6570091247558594e-05,0.028877105563879,-1.503437706811557e-05,-0.0008408532764438,0.0006817247237021,20260809,/data/users/zhoushunyu/eqvae/experiments/prediction_target_toy_v4_main/seed20260809/D512/curv1/scale_unit_rms/loss_v/H128,1.430556058883667
512,1.0,unit_rms,128,v,xeps_g0p01,xeps,0.01,0.0259473227780239,-7.152557373046875e-06,0.0284235030412673,-6.3862478634987495e-06,-0.0014700374719772,0.0010888860248025,20260809,/data/users/zhoushunyu/eqvae/experiments/prediction_target_toy_v4_main/seed20260809/D512/curv1/scale_unit_rms/loss_v/H128,1.430556058883667
512,1.0,unit_rms,128,v,xv_tan_g0p01,xv_tangent,0.01,0.0254860372572573,-2.09808349609375e-05,0.0289324820041656,1.2242458570739592e-05,-0.000326149217726,0.0003642519728399,20260809,/data/users/zhoushunyu/eqvae/experiments/prediction_target_toy_v4_main/seed20260809/D512/curv1/scale_unit_rms/loss_v/H128,1.430556058883667
512,1.0,unit_rms,128,v,xv_normcomp_g0p01,xv_normal,0.01,0.025597473283737,-1.6570091247558594e-05,0.0288666076958179,-1.829360789216295e-05,-0.0006476355059066,0.0005393780903299,20260809,/data/users/zhoushunyu/eqvae/experiments/prediction_target_toy_v4_main/seed20260809/D512/curv1/scale_unit_rms/loss_v/H128,1.430556058883667
512,1.0,unit_rms,128,v,xv_g0p03,xv,0.03,0.0255923845126729,-1.5735626220703125e-05,0.0290069542825222,9.969339409104792e-05,-0.001212009005161,0.0013686714634807,20260809,/data/users/zhoushunyu/eqvae/experiments/prediction_target_toy_v4_main/seed20260809/D512/curv1/scale_unit_rms/loss_v/H128,1.430556058883667
512,1.0,unit_rms,128,v,xeps_g0p03,xeps,0.03,0.0267511454442891,2.586841583251953e-05,0.0275053214281797,0.0001671196696192,-0.0028683927510673,0.0031104232786191,20260809,/data/users/zhoushunyu/eqvae/experiments/prediction_target_toy_v4_main/seed20260809/D512/curv1/scale_unit_rms/loss_v/H128,1.430556058883667
512,1.0,unit_rms,128,v,xv_tan_g0p03,xv_tangent,0.03,0.0255118992190902,-1.704692840576172e-05,0.0290506184101104,7.502775787769162e-05,-0.0010156311550239,0.0009422055498391,20260809,/data/users/zhoushunyu/eqvae/experiments/prediction_target_toy_v4_main/seed20260809/D512/curv1/scale_unit_rms/loss_v/H128,1.430556058883667
512,1.0,unit_rms,128,v,xv_normcomp_g0p03,xv_normal,0.03,0.0256379548434434,-1.7642974853515625e-05,0.0288365259766578,-1.2510126950958449e-05,-0.0008229524672367,0.0009571834562221,20260809,/data/users/zhoushunyu/eqvae/experiments/prediction_target_toy_v4_main/seed20260809/D512/curv1/scale_unit_rms/loss_v/H128,1.430556058883667
512,1.0,unit_rms,128,v,xv_g0p1,xv,0.1,0.0260792847771592,-6.67572021484375e-06,0.0293657835572958,0.000326667494532,-0.0031941536730024,0.0037313089897468,20260809,/data/users/zhoushunyu/eqvae/experiments/prediction_target_toy_v4_main/seed20260809/D512/curv1/scale_unit_rms/loss_v/H128,1.430556058883667
512,1.0,unit_rms,128,v,xeps_g0p1,xeps,0.1,0.0345080443436537,0.000209093093872,0.0253137480467557,0.002481453051793,-0.0075063075273143,0.0113092568072199,20260809,/data/users/zhoushunyu/eqvae/experiments/prediction_target_toy_v4_main/seed20260809/D512/curv1/scale_unit_rms/loss_v/H128,1.430556058883667
512,1.0,unit_rms,128,v,xv_tan_g0p1,xv_tangent,0.1,0.0257679942467416,-1.239776611328125e-05,0.0295501053333282,0.0003544201517706,-0.0017778625655468,0.0024585681016966,20260809,/data/users/zhoushunyu/eqvae/experiments/prediction_target_toy_v4_main/seed20260809/D512/curv1/scale_unit_rms/loss_v/H128,1.430556058883667
512,1.0,unit_rms,128,v,xv_normcomp_g0p1,xv_normal,0.1,0.0255505995101939,-1.621246337890625e-05,0.0286668017506599,-6.44150370640003e-05,-0.0020734223957789,0.0021803209153672,20260809,/data/users/zhoushunyu/eqvae/experiments/prediction_target_toy_v4_main/seed20260809/D512/curv1/scale_unit_rms/loss_v/H128,1.430556058883667
512,1.0,unit_rms,128,v,xv_g0p3,xv,0.3,0.0269866577776973,-1.430511474609375e-05,0.0303939972072839,0.0013354673655195,-0.0064616396961485,0.0082817201898509,20260809,/data/users/zhoushunyu/eqvae/experiments/prediction_target_toy_v4_main/seed20260809/D512/curv1/scale_unit_rms/loss_v/H128,1.430556058883667
512,1.0,unit_rms,128,v,xeps_g0p3,xeps,0.3,0.0715526478080972,0.0016659498214721,0.0220056027173995,0.0264096519327237,0.0002864481281136,0.04668505205803,20260809,/data/users/zhoushunyu/eqvae/experiments/prediction_target_toy_v4_main/seed20260809/D512/curv1/scale_unit_rms/loss_v/H128,1.430556058883667
512,1.0,unit_rms,128,v,xv_tan_g0p3,xv_tangent,0.3,0.0268853098555773,-1.7642974853515625e-05,0.0306116361171007,0.001172099226781,-0.0033966779549847,0.0056429775195293,20260809,/data/users/zhoushunyu/eqvae/experiments/prediction_target_toy_v4_main/seed20260809/D512/curv1/scale_unit_rms/loss_v/H128,1.430556058883667
512,1.0,unit_rms,128,v,xv_normcomp_g0p3,xv_normal,0.3,0.025325349685454,-2.229213714599609e-05,0.0286728106439113,4.067654700887536e-05,-0.0041372852430194,0.0041787328691209,20260809,/data/users/zhoushunyu/eqvae/experiments/prediction_target_toy_v4_main/seed20260809/D512/curv1/scale_unit_rms/loss_v/H128,1.430556058883667
512,1.0,unit_rms,128,v,xv_rms_etam0p03,xv_norm,-0.03,0.0252264935202076,-1.8715858459472656e-05,0.0460761599242687,-0.0002355832296585,-0.0016667158270427,0.0011885969877242,20260809,/data/users/zhoushunyu/eqvae/experiments/prediction_target_toy_v4_main/seed20260809/D512/curv1/scale_unit_rms/loss_v/H128,1.430556058883667
512,1.0,unit_rms,128,v,xv_rms_etam0p01,xv_norm,-0.01,0.0252906597859675,-2.110004425048828e-05,0.0319838263094425,-0.0001486692169009,-0.0008747819614298,0.0006592298277273,20260809,/data/users/zhoushunyu/eqvae/experiments/prediction_target_toy_v4_main/seed20260809/D512/curv1/scale_unit_rms/loss_v/H128,1.430556058883667
512,1.0,unit_rms,128,v,xv_rms_eta0p01,xv_norm,0.01,0.0259455046738804,-1.537799835205078e-05,0.0309500321745872,0.0002661856983279,-0.0008746854049214,0.0010986001227336,20260809,/data/users/zhoushunyu/eqvae/experiments/prediction_target_toy_v4_main/seed20260809/D512/curv1/scale_unit_rms/loss_v/H128,1.430556058883667
512,1.0,unit_rms,128,v,xv_rms_eta0p03,xv_norm,0.03,0.0286749312655395,2.384185791015625e-07,0.0355169065296649,0.0020907179050724,-0.0017857006769303,0.0052569252790264,20260809,/data/users/zhoushunyu/eqvae/experiments/prediction_target_toy_v4_main/seed20260809/D512/curv1/scale_unit_rms/loss_v/H128,1.430556058883667
512,1.0,unit_rms,256,v,x,x,0.0,0.0373461450656496,0.0002202987670898,0.0095991874113678,0.0,0.0,0.0,20260809,/data/users/zhoushunyu/eqvae/experiments/prediction_target_toy_v4_main/seed20260809/D512/curv1/scale_unit_rms/loss_v/H256,1.4742536544799805
512,1.0,unit_rms,256,v,v,v,0.0,0.0457925215830835,0.0004904270172119,0.9255430698394777,0.0032236491739482,-0.0080326586784132,0.0135137925638997,20260809,/data/users/zhoushunyu/eqvae/experiments/prediction_target_toy_v4_main/seed20260809/D512/curv1/scale_unit_rms/loss_v/H256,1.4742536544799805
512,1.0,unit_rms,256,v,eps,eps,0.0,1.4520130353269838,0.2712665200233459,36.544769287109375,1.3822599164967744,1.3087606534617378,1.439551348059686,20260809,/data/users/zhoushunyu/eqvae/experiments/prediction_target_toy_v4_main/seed20260809/D512/curv1/scale_unit_rms/loss_v/H256,1.4742536544799805
512,1.0,unit_rms,256,v,oracle,oracle,0.0,0.0488035612878004,0.0005407333374023,0.0108113922178745,0.0064847925316648,-0.0186621058710998,0.025821248312889,20260809,/data/users/zhoushunyu/eqvae/experiments/prediction_target_toy_v4_main/seed20260809/D512/curv1/scale_unit_rms/loss_v/H256,1.4742536544799805
512,1.0,unit_rms,256,v,xv_gm0p1,xv,-0.1,0.0380984270019779,0.0002274513244628,0.0100690424442291,-0.0001808711626885,-0.0035441036973539,0.0027121312892529,20260809,/data/users/zhoushunyu/eqvae/experiments/prediction_target_toy_v4_main/seed20260809/D512/curv1/scale_unit_rms/loss_v/H256,1.4742536544799805
512,1.0,unit_rms,256,v,xeps_gm0p1,xeps,-0.1,0.0456479581504787,0.0003165006637573,0.0123315453529357,0.0054003961185231,-0.0081356036494351,0.0179939396172002,20260809,/data/users/zhoushunyu/eqvae/experiments/prediction_target_toy_v4_main/seed20260809/D512/curv1/scale_unit_rms/loss_v/H256,1.4742536544799805
512,1.0,unit_rms,256,v,xv_tan_gm0p1,xv_tangent,-0.1,0.0376727198425594,0.0002245903015136,0.0096310740336775,1.4432627855783946e-05,-0.001983782813462,0.0021013522251182,20260809,/data/users/zhoushunyu/eqvae/experiments/prediction_target_toy_v4_main/seed20260809/D512/curv1/scale_unit_rms/loss_v/H256,1.4742536544799805
512,1.0,unit_rms,256,v,xv_normcomp_gm0p1,xv_normal,-0.1,0.0374881750257361,0.0002102851867675,0.0101919453591108,-0.0001186034510529,-0.0022137744257714,0.0022107827175096,20260809,/data/users/zhoushunyu/eqvae/experiments/prediction_target_toy_v4_main/seed20260809/D512/curv1/scale_unit_rms/loss_v/H256,1.4742536544799805
512,1.0,unit_rms,256,v,xv_gm0p03,xv,-0.03,0.0375983407392002,0.0002208948135375,0.0096039362251758,-5.84928371865915e-05,-0.0017475413516029,0.0015151449527287,20260809,/data/users/zhoushunyu/eqvae/experiments/prediction_target_toy_v4_main/seed20260809/D512/curv1/scale_unit_rms/loss_v/H256,1.4742536544799805
512,1.0,unit_rms,256,v,xeps_gm0p03,xeps,-0.03,0.0372426485891273,0.0001810789108276,0.01009869761765,4.422735758090428e-05,-0.0056433988888133,0.0056994859009058,20260809,/data/users/zhoushunyu/eqvae/experiments/prediction_target_toy_v4_main/seed20260809/D512/curv1/scale_unit_rms/loss_v/H256,1.4742536544799805
512,1.0,unit_rms,256,v,xv_tan_gm0p03,xv_tangent,-0.03,0.03753978355177,0.0002247095108032,0.0095789730548858,1.242558374394548e-05,-0.0007903021398796,0.0008310947122603,20260809,/data/users/zhoushunyu/eqvae/experiments/prediction_target_toy_v4_main/seed20260809/D512/curv1/scale_unit_rms/loss_v/H256,1.4742536544799805
512,1.0,unit_rms,256,v,xv_normcomp_gm0p03,xv_normal,-0.03,0.0376957804010724,0.0002248287200927,0.0096075860783457,1.8472779022064185e-05,-0.000934629067444,0.000708638072168,20260809,/data/users/zhoushunyu/eqvae/experiments/prediction_target_toy_v4_main/seed20260809/D512/curv1/scale_unit_rms/loss_v/H256,1.4742536544799805
512,1.0,unit_rms,256,v,xv_gm0p01,xv,-0.01,0.0376730901961962,0.0002273321151733,0.0095483530312776,6.103617591764726e-05,-0.0006989219278625,0.0010407284811202,20260809,/data/users/zhoushunyu/eqvae/experiments/prediction_target_toy_v4_main/seed20260809/D512/curv1/scale_unit_rms/loss_v/H256,1.4742536544799805
512,1.0,unit_rms,256,v,xeps_gm0p01,xeps,-0.01,0.0366551863866594,0.0001958608627319,0.0097976941615343,-0.0002258642011833,-0.0024803131793979,0.0015692852310315,20260809,/data/users/zhoushunyu/eqvae/experiments/prediction_target_toy_v4_main/seed20260809/D512/curv1/scale_unit_rms/loss_v/H256,1.4742536544799805
512,1.0,unit_rms,256,v,xv_tan_gm0p01,xv_tangent,-0.01,0.037638558555897,0.0002269744873046,0.0095542389899492,6.896929073289308e-05,-0.0003506077349903,0.0004795285162382,20260809,/data/users/zhoushunyu/eqvae/experiments/prediction_target_toy_v4_main/seed20260809/D512/curv1/scale_unit_rms/loss_v/H256,1.4742536544799805
512,1.0,unit_rms,256,v,xv_normcomp_gm0p01,xv_normal,-0.01,0.0373967360851891,0.0002202987670898,0.0095732053741812,4.589504156196841e-06,-0.0007029201995079,0.0006405559677067,20260809,/data/users/zhoushunyu/eqvae/experiments/prediction_target_toy_v4_main/seed20260809/D512/curv1/scale_unit_rms/loss_v/H256,1.4742536544799805
512,1.0,unit_rms,256,v,xv_g0p003,xv,0.003,0.0372284645486888,0.0002181529998779,0.0096045192331075,-2.3004531720324863e-05,-0.0003001999012246,0.000218947034528,20260809,/data/users/zhoushunyu/eqvae/experiments/prediction_target_toy_v4_main/seed20260809/D512/curv1/scale_unit_rms/loss_v/H256,1.4742536544799805
512,1.0,unit_rms,256,v,xeps_g0p003,xeps,0.003,0.0373551249008192,0.0002284049987792,0.0095617277547717,1.646622138139521e-05,-0.0009921208819654,0.001452880435146,20260809,/data/users/zhoushunyu/eqvae/experiments/prediction_target_toy_v4_main/seed20260809/D512/curv1/scale_unit_rms/loss_v/H256,1.4742536544799805
512,1.0,unit_rms,256,v,xv_tan_g0p003,xv_tangent,0.003,0.0373430102440924,0.0002204179763793,0.0095947915688157,-4.316571346472884e-06,-0.0001718184060072,0.0001917316517591,20260809,/data/users/zhoushunyu/eqvae/experiments/prediction_target_toy_v4_main/seed20260809/D512/curv1/scale_unit_rms/loss_v/H256,1.4742536544799805
512,1.0,unit_rms,256,v,xv_normcomp_g0p003,xv_normal,0.003,0.0372847142602046,0.0002204179763793,0.0095938649028539,-1.82875922507008e-05,-0.0001585648963311,0.0001066884442118,20260809,/data/users/zhoushunyu/eqvae/experiments/prediction_target_toy_v4_main/seed20260809/D512/curv1/scale_unit_rms/loss_v/H256,1.4742536544799805
512,1.0,unit_rms,256,v,xv_g0p01,xv,0.01,0.0367743868366952,0.0002055168151855,0.0096198013052344,-9.804073492689068e-05,-0.0009370783058284,0.000482422413059,20260809,/data/users/zhoushunyu/eqvae/experiments/prediction_target_toy_v4_main/seed20260809/D512/curv1/scale_unit_rms/loss_v/H256,1.4742536544799805
512,1.0,unit_rms,256,v,xeps_g0p01,xeps,0.01,0.037805103348148,0.0002440214157104,0.0094317747280001,0.000166164554529,-0.0014862753013849,0.0024983834366793,20260809,/data/users/zhoushunyu/eqvae/experiments/prediction_target_toy_v4_main/seed20260809/D512/curv1/scale_unit_rms/loss_v/H256,1.4742536544799805
512,1.0,unit_rms,256,v,xv_tan_g0p01,xv_tangent,0.01,0.0372141402096855,0.0002176761627197,0.0096060018986463,-1.0296468332479518e-05,-0.0003452515097686,0.0003122367027884,20260809,/data/users/zhoushunyu/eqvae/experiments/prediction_target_toy_v4_main/seed20260809/D512/curv1/scale_unit_rms/loss_v/H256,1.4742536544799805
512,1.0,unit_rms,256,v,xv_normcomp_g0p01,xv_normal,0.01,0.0369772594583771,0.0002143383026123,0.0096310647204518,-5.692561015084002e-05,-0.0008292701208098,0.0002835715892864,20260809,/data/users/zhoushunyu/eqvae/experiments/prediction_target_toy_v4_main/seed20260809/D512/curv1/scale_unit_rms/loss_v/H256,1.4742536544799805
512,1.0,unit_rms,256,v,xv_g0p03,xv,0.03,0.0360576678563656,0.000185489654541,0.009617356583476,-0.0003523203550937,-0.0021477169853886,0.0009193025525553,20260809,/data/users/zhoushunyu/eqvae/experiments/prediction_target_toy_v4_main/seed20260809/D512/curv1/scale_unit_rms/loss_v/H256,1.4742536544799805
512,1.0,unit_rms,256,v,xeps_g0p03,xeps,0.03,0.0382312728814694,0.0002732276916503,0.0093894423916935,0.0006214474199372,-0.0043886354989156,0.0066737647426894,20260809,/data/users/zhoushunyu/eqvae/experiments/prediction_target_toy_v4_main/seed20260809/D512/curv1/scale_unit_rms/loss_v/H256,1.4742536544799805
512,1.0,unit_rms,256,v,xv_tan_g0p03,xv_tangent,0.03,0.0365976116989651,0.0002048015594482,0.0096075348556041,-0.0001804026812127,-0.0012793838075409,0.0004971715481287,20260809,/data/users/zhoushunyu/eqvae/experiments/prediction_target_toy_v4_main/seed20260809/D512/curv1/scale_unit_rms/loss_v/H256,1.4742536544799805
512,1.0,unit_rms,256,v,xv_normcomp_g0p03,xv_normal,0.03,0.0364711854228041,0.0002007484436035,0.0096322633326053,-0.0002912169281077,-0.0015616445117271,0.000689842408753,20260809,/data/users/zhoushunyu/eqvae/experiments/prediction_target_toy_v4_main/seed20260809/D512/curv1/scale_unit_rms/loss_v/H256,1.4742536544799805
512,1.0,unit_rms,256,v,xv_g0p1,xv,0.1,0.0358156678840933,0.0001795291900634,0.0097514949738979,-0.000329759304604,-0.0034064124073531,0.0020739209371689,20260809,/data/users/zhoushunyu/eqvae/experiments/prediction_target_toy_v4_main/seed20260809/D512/curv1/scale_unit_rms/loss_v/H256,1.4742536544799805
512,1.0,unit_rms,256,v,xeps_g0p1,xeps,0.1,0.0539198843809774,0.0007963180541992,0.008944135159254,0.010304502101046,-0.0099109480945933,0.0286081040645586,20260809,/data/users/zhoushunyu/eqvae/experiments/prediction_target_toy_v4_main/seed20260809/D512/curv1/scale_unit_rms/loss_v/H256,1.4742536544799805
512,1.0,unit_rms,256,v,xv_tan_g0p1,xv_tangent,0.1,0.0362470416199685,0.0001879930496215,0.0096677141264081,-0.0003764975314154,-0.0026615695668654,0.0008938819996209,20260809,/data/users/zhoushunyu/eqvae/experiments/prediction_target_toy_v4_main/seed20260809/D512/curv1/scale_unit_rms/loss_v/H256,1.4742536544799805
512,1.0,unit_rms,256,v,xv_normcomp_g0p1,xv_normal,0.1,0.0358387040184083,0.0001858472824096,0.0097112786024808,-0.0003371779882491,-0.0024944658783496,0.0016883627146909,20260809,/data/users/zhoushunyu/eqvae/experiments/prediction_target_toy_v4_main/seed20260809/D512/curv1/scale_unit_rms/loss_v/H256,1.4742536544799805
512,1.0,unit_rms,256,v,xv_g0p3,xv,0.3,0.0352826187258252,0.0001749992370605,0.0105362748727202,-0.0005027324589486,-0.0057620063050241,0.0038318474235906,20260809,/data/users/zhoushunyu/eqvae/experiments/prediction_target_toy_v4_main/seed20260809/D512/curv1/scale_unit_rms/loss_v/H256,1.4742536544799805
512,1.0,unit_rms,256,v,xeps_g0p3,xeps,0.3,0.1409690979511762,0.0065671205520629,0.008049757219851,0.0877357767900654,0.0466795853418129,0.1100720954345547,20260809,/data/users/zhoushunyu/eqvae/experiments/prediction_target_toy_v4_main/seed20260809/D512/curv1/scale_unit_rms/loss_v/H256,1.4742536544799805
512,1.0,unit_rms,256,v,xv_tan_g0p3,xv_tangent,0.3,0.0355778425016996,0.0001569986343383,0.0099372724071145,-0.0002825750522969,-0.0046002321585315,0.0026956781045428,20260809,/data/users/zhoushunyu/eqvae/experiments/prediction_target_toy_v4_main/seed20260809/D512/curv1/scale_unit_rms/loss_v/H256,1.4742536544799805
512,1.0,unit_rms,256,v,xv_normcomp_g0p3,xv_normal,0.3,0.0359684779188491,0.0002003908157348,0.0099525526165962,-0.0004302345724309,-0.0042762081963717,0.002737157172298,20260809,/data/users/zhoushunyu/eqvae/experiments/prediction_target_toy_v4_main/seed20260809/D512/curv1/scale_unit_rms/loss_v/H256,1.4742536544799805
512,1.0,unit_rms,256,v,xv_rms_etam0p03,xv_norm,-0.03,0.037199754297281,0.0002205371856689,0.0323440879583358,-0.0002078182050268,-0.0020444760804327,0.0014065238484839,20260809,/data/users/zhoushunyu/eqvae/experiments/prediction_target_toy_v4_main/seed20260809/D512/curv1/scale_unit_rms/loss_v/H256,1.4742536544799805
512,1.0,unit_rms,256,v,xv_rms_etam0p01,xv_norm,-0.01,0.0375258892067658,0.0002282857894897,0.0143422577530145,-7.325619174982436e-06,-0.0008417134128801,0.001013851557245,20260809,/data/users/zhoushunyu/eqvae/experiments/prediction_target_toy_v4_main/seed20260809/D512/curv1/scale_unit_rms/loss_v/H256,1.4742536544799805
512,1.0,unit_rms,256,v,xv_rms_eta0p01,xv_norm,0.01,0.0370988552930343,0.0002082586288452,0.0142071396112442,4.657796399154119e-05,-0.000827102398186,0.0005900357334395,20260809,/data/users/zhoushunyu/eqvae/experiments/prediction_target_toy_v4_main/seed20260809/D512/curv1/scale_unit_rms/loss_v/H256,1.4742536544799805
512,1.0,unit_rms,256,v,xv_rms_eta0p03,xv_norm,0.03,0.0388497529101165,0.000191330909729,0.0186229068785905,0.0010276321025297,-0.0008088846409683,0.0026648981058804,20260809,/data/users/zhoushunyu/eqvae/experiments/prediction_target_toy_v4_main/seed20260809/D512/curv1/scale_unit_rms/loss_v/H256,1.4742536544799805
512,1.0,unit_rms,512,v,x,x,0.0,0.0508364493102686,0.0007691383361816,0.0090328315272927,0.0,0.0,0.0,20260809,/data/users/zhoushunyu/eqvae/experiments/prediction_target_toy_v4_main/seed20260809/D512/curv1/scale_unit_rms/loss_v/H512,1.5164194107055664
512,1.0,unit_rms,512,v,v,v,0.0,0.0569511225942928,0.0011532306671142,0.7781705856323242,0.0051617199717965,-0.0079223980167821,0.0197543812967791,20260809,/data/users/zhoushunyu/eqvae/experiments/prediction_target_toy_v4_main/seed20260809/D512/curv1/scale_unit_rms/loss_v/H512,1.5164194107055664
512,1.0,unit_rms,512,v,eps,eps,0.0,1.3430803453385722,0.2552470266819,21.45211601257324,1.288628481010078,1.2203780752277358,1.362455837290113,20260809,/data/users/zhoushunyu/eqvae/experiments/prediction_target_toy_v4_main/seed20260809/D512/curv1/scale_unit_rms/loss_v/H512,1.5164194107055664
512,1.0,unit_rms,512,v,oracle,oracle,0.0,0.0482503567574848,0.0005934238433837,0.0109585160389542,0.0017445864815991,-0.0133630762157549,0.01793741330703,20260809,/data/users/zhoushunyu/eqvae/experiments/prediction_target_toy_v4_main/seed20260809/D512/curv1/scale_unit_rms/loss_v/H512,1.5164194107055664
512,1.0,unit_rms,512,v,xv_gm0p1,xv,-0.1,0.0508169757480176,0.0007895231246948,0.0094715356826782,0.0010873534347322,-0.0012962508235507,0.0040025181451052,20260809,/data/users/zhoushunyu/eqvae/experiments/prediction_target_toy_v4_main/seed20260809/D512/curv1/scale_unit_rms/loss_v/H512,1.5164194107055664
512,1.0,unit_rms,512,v,xeps_gm0p1,xeps,-0.1,0.0485759117753358,0.0006929636001586,0.0104117626324296,-0.0013750672545147,-0.0155935978996628,0.0117020727854348,20260809,/data/users/zhoushunyu/eqvae/experiments/prediction_target_toy_v4_main/seed20260809/D512/curv1/scale_unit_rms/loss_v/H512,1.5164194107055664
512,1.0,unit_rms,512,v,xv_tan_gm0p1,xv_tangent,-0.1,0.0512384956055322,0.00079345703125,0.0090246610343456,0.0007186506253845,-0.000779229691539,0.00277146127601,20260809,/data/users/zhoushunyu/eqvae/experiments/prediction_target_toy_v4_main/seed20260809/D512/curv1/scale_unit_rms/loss_v/H512,1.5164194107055664
512,1.0,unit_rms,512,v,xv_normcomp_gm0p1,xv_normal,-0.1,0.0514544379566783,0.0007983446121215,0.0095167877152562,0.0010716855524894,-0.0009751882708079,0.0041322541409632,20260809,/data/users/zhoushunyu/eqvae/experiments/prediction_target_toy_v4_main/seed20260809/D512/curv1/scale_unit_rms/loss_v/H512,1.5164194107055664
512,1.0,unit_rms,512,v,xv_gm0p03,xv,-0.03,0.0512539108535937,0.0007909536361694,0.0090221408754587,0.0005897946423461,-0.0005462870514777,0.0027127785049623,20260809,/data/users/zhoushunyu/eqvae/experiments/prediction_target_toy_v4_main/seed20260809/D512/curv1/scale_unit_rms/loss_v/H512,1.5164194107055664
512,1.0,unit_rms,512,v,xeps_gm0p03,xeps,-0.03,0.047527292708851,0.0006864070892333,0.0091759301722049,-0.0014229599008572,-0.0055956186051244,0.0026793752978775,20260809,/data/users/zhoushunyu/eqvae/experiments/prediction_target_toy_v4_main/seed20260809/D512/curv1/scale_unit_rms/loss_v/H512,1.5164194107055664
512,1.0,unit_rms,512,v,xv_tan_gm0p03,xv_tangent,-0.03,0.0508913452138184,0.0007728338241577,0.0090279458090662,0.0001469146104871,-0.0004220034569866,0.0007619059312932,20260809,/data/users/zhoushunyu/eqvae/experiments/prediction_target_toy_v4_main/seed20260809/D512/curv1/scale_unit_rms/loss_v/H512,1.5164194107055664
512,1.0,unit_rms,512,v,xv_normcomp_gm0p03,xv_normal,-0.03,0.051223344921295,0.0007874965667724,0.0090327737852931,0.000394329967051,-0.0006401727878024,0.002428839876929,20260809,/data/users/zhoushunyu/eqvae/experiments/prediction_target_toy_v4_main/seed20260809/D512/curv1/scale_unit_rms/loss_v/H512,1.5164194107055664
512,1.0,unit_rms,512,v,xv_gm0p01,xv,-0.01,0.0508153995748981,0.000772476196289,0.0089933844283223,0.0001039393718842,-7.346560862932037e-05,0.0005517927550756,20260809,/data/users/zhoushunyu/eqvae/experiments/prediction_target_toy_v4_main/seed20260809/D512/curv1/scale_unit_rms/loss_v/H512,1.5164194107055664
512,1.0,unit_rms,512,v,xeps_gm0p01,xeps,-0.01,0.049142706760037,0.0007314682006835,0.0090266931802034,-0.0006557729076602,-0.0029957729322286,0.0014619172216261,20260809,/data/users/zhoushunyu/eqvae/experiments/prediction_target_toy_v4_main/seed20260809/D512/curv1/scale_unit_rms/loss_v/H512,1.5164194107055664
512,1.0,unit_rms,512,v,xv_tan_gm0p01,xv_tangent,-0.01,0.0508225144796353,0.0007718801498413,0.0090048098936676,3.832441399384712e-05,-6.06585215391444e-05,0.0002556614910759,20260809,/data/users/zhoushunyu/eqvae/experiments/prediction_target_toy_v4_main/seed20260809/D512/curv1/scale_unit_rms/loss_v/H512,1.5164194107055664
512,1.0,unit_rms,512,v,xv_normcomp_gm0p01,xv_normal,-0.01,0.0508260634160882,0.000770092010498,0.0090130548924207,5.799582522363428e-05,-6.006406707237885e-05,0.0004875448102363,20260809,/data/users/zhoushunyu/eqvae/experiments/prediction_target_toy_v4_main/seed20260809/D512/curv1/scale_unit_rms/loss_v/H512,1.5164194107055664
512,1.0,unit_rms,512,v,xv_g0p003,xv,0.003,0.0508050488917741,0.0007674694061279,0.0090424623340368,-5.32163449793413e-06,-0.0002335262039069,0.0001771499995404,20260809,/data/users/zhoushunyu/eqvae/experiments/prediction_target_toy_v4_main/seed20260809/D512/curv1/scale_unit_rms/loss_v/H512,1.5164194107055664
512,1.0,unit_rms,512,v,xeps_g0p003,xeps,0.003,0.0512494086180809,0.0007747411727905,0.0090654725208878,0.0002090982370136,-0.0007462578820263,0.0011466880230361,20260809,/data/users/zhoushunyu/eqvae/experiments/prediction_target_toy_v4_main/seed20260809/D512/curv1/scale_unit_rms/loss_v/H512,1.5164194107055664
512,1.0,unit_rms,512,v,xv_tan_g0p003,xv_tangent,0.003,0.0507796321047866,0.0007674694061279,0.0090347034856677,-1.4128090383692183e-05,-0.0002426450669012,0.0001011677100396,20260809,/data/users/zhoushunyu/eqvae/experiments/prediction_target_toy_v4_main/seed20260809/D512/curv1/scale_unit_rms/loss_v/H512,1.5164194107055664
512,1.0,unit_rms,512,v,xv_normcomp_g0p003,xv_normal,0.003,0.0507815043291375,0.000766634941101,0.0090366005897521,-9.797147631119448e-06,-0.0002503787173958,0.0001386459187464,20260809,/data/users/zhoushunyu/eqvae/experiments/prediction_target_toy_v4_main/seed20260809/D512/curv1/scale_unit_rms/loss_v/H512,1.5164194107055664
512,1.0,unit_rms,512,v,xv_g0p01,xv,0.01,0.0508968853913236,0.0007693767547607,0.0090265898033976,-2.160411863719687e-05,-0.0004734894152885,0.0005449940796637,20260809,/data/users/zhoushunyu/eqvae/experiments/prediction_target_toy_v4_main/seed20260809/D512/curv1/scale_unit_rms/loss_v/H512,1.5164194107055664
512,1.0,unit_rms,512,v,xeps_g0p01,xeps,0.01,0.0529188427859777,0.0008254051208496,0.0089901601895689,0.0008712338394193,-0.0012948019599189,0.0026823234406529,20260809,/data/users/zhoushunyu/eqvae/experiments/prediction_target_toy_v4_main/seed20260809/D512/curv1/scale_unit_rms/loss_v/H512,1.5164194107055664
512,1.0,unit_rms,512,v,xv_tan_g0p01,xv_tangent,0.01,0.0508374386652098,0.0007663965225219,0.0090458244085311,-8.04571645862069e-06,-0.000242543347742,0.0003271263464621,20260809,/data/users/zhoushunyu/eqvae/experiments/prediction_target_toy_v4_main/seed20260809/D512/curv1/scale_unit_rms/loss_v/H512,1.5164194107055664
512,1.0,unit_rms,512,v,xv_normcomp_g0p01,xv_normal,0.01,0.0508868421111256,0.000771164894104,0.0090360986068844,-7.843598363009158e-06,-0.0004438588991542,0.000526973925085,20260809,/data/users/zhoushunyu/eqvae/experiments/prediction_target_toy_v4_main/seed20260809/D512/curv1/scale_unit_rms/loss_v/H512,1.5164194107055664
512,1.0,unit_rms,512,v,xv_g0p03,xv,0.03,0.0508793749083405,0.0007663965225219,0.0090922266244888,5.165998328703479e-05,-0.0013763247809227,0.0011895380393486,20260809,/data/users/zhoushunyu/eqvae/experiments/prediction_target_toy_v4_main/seed20260809/D512/curv1/scale_unit_rms/loss_v/H512,1.5164194107055664
512,1.0,unit_rms,512,v,xeps_g0p03,xeps,0.03,0.0553609118124114,0.0009152889251708,0.0088980188593268,0.0028363298905662,-0.003412851095931,0.0079242284498806,20260809,/data/users/zhoushunyu/eqvae/experiments/prediction_target_toy_v4_main/seed20260809/D512/curv1/scale_unit_rms/loss_v/H512,1.5164194107055664
512,1.0,unit_rms,512,v,xv_tan_g0p03,xv_tangent,0.03,0.050840363406467,0.0007650852203369,0.0090172467753291,-3.704346937404325e-05,-0.0007488074026035,0.0008187608278615,20260809,/data/users/zhoushunyu/eqvae/experiments/prediction_target_toy_v4_main/seed20260809/D512/curv1/scale_unit_rms/loss_v/H512,1.5164194107055664
512,1.0,unit_rms,512,v,xv_normcomp_g0p03,xv_normal,0.03,0.0505284166355644,0.0007611513137817,0.0090594282373785,4.360706849882552e-05,-0.0010779044453092,0.0009160822755615,20260809,/data/users/zhoushunyu/eqvae/experiments/prediction_target_toy_v4_main/seed20260809/D512/curv1/scale_unit_rms/loss_v/H512,1.5164194107055664
512,1.0,unit_rms,512,v,xv_g0p1,xv,0.1,0.0506194045072463,0.0007387399673461,0.0092664575204253,0.0001008854715355,-0.0023964156956199,0.002747088165619,20260809,/data/users/zhoushunyu/eqvae/experiments/prediction_target_toy_v4_main/seed20260809/D512/curv1/scale_unit_rms/loss_v/H512,1.5164194107055664
512,1.0,unit_rms,512,v,xeps_g0p1,xeps,0.1,0.0697917640036124,0.0014461278915405,0.0088476622477173,0.0136688780958016,0.000289809160208,0.026775841947192,20260809,/data/users/zhoushunyu/eqvae/experiments/prediction_target_toy_v4_main/seed20260809/D512/curv1/scale_unit_rms/loss_v/H512,1.5164194107055664
512,1.0,unit_rms,512,v,xv_tan_g0p1,xv_tangent,0.1,0.0510458252377579,0.0007575750350952,0.0090808514505624,2.1416619694322668e-05,-0.0014284756150974,0.0015631618774149,20260809,/data/users/zhoushunyu/eqvae/experiments/prediction_target_toy_v4_main/seed20260809/D512/curv1/scale_unit_rms/loss_v/H512,1.5164194107055664
512,1.0,unit_rms,512,v,xv_normcomp_g0p1,xv_normal,0.1,0.0504050744342177,0.0007479190826416,0.009187838062644,0.0001556926760061,-0.0019306039021158,0.0022433369972722,20260809,/data/users/zhoushunyu/eqvae/experiments/prediction_target_toy_v4_main/seed20260809/D512/curv1/scale_unit_rms/loss_v/H512,1.5164194107055664
512,1.0,unit_rms,512,v,xv_g0p3,xv,0.3,0.049119861789835,0.0006866455078125,0.009584866464138,1.8401441969898709e-06,-0.0042885735423616,0.0044320961922895,20260809,/data/users/zhoushunyu/eqvae/experiments/prediction_target_toy_v4_main/seed20260809/D512/curv1/scale_unit_rms/loss_v/H512,1.5164194107055664
512,1.0,unit_rms,512,v,xeps_g0p3,xeps,0.3,0.117511937170237,0.0042048692703247,0.0085707306861877,0.0570890074249285,0.0361562331663368,0.0803452786179897,20260809,/data/users/zhoushunyu/eqvae/experiments/prediction_target_toy_v4_main/seed20260809/D512/curv1/scale_unit_rms/loss_v/H512,1.5164194107055664
512,1.0,unit_rms,512,v,xv_tan_g0p3,xv_tangent,0.3,0.051384055173936,0.0007468461990356,0.0090578030794858,0.0003825035439208,-0.0028762620923936,0.0035705330295897,20260809,/data/users/zhoushunyu/eqvae/experiments/prediction_target_toy_v4_main/seed20260809/D512/curv1/scale_unit_rms/loss_v/H512,1.5164194107055664
512,1.0,unit_rms,512,v,xv_normcomp_g0p3,xv_normal,0.3,0.0489067635583941,0.0006932020187377,0.009552071802318,-0.0004423718061193,-0.0042560660794938,0.0032127456892219,20260809,/data/users/zhoushunyu/eqvae/experiments/prediction_target_toy_v4_main/seed20260809/D512/curv1/scale_unit_rms/loss_v/H512,1.5164194107055664
512,1.0,unit_rms,512,v,xv_rms_etam0p03,xv_norm,-0.03,0.0510961155178171,0.0008034706115722,0.0315269492566585,0.000528001835507,-0.0007996497227781,0.0028765271695829,20260809,/data/users/zhoushunyu/eqvae/experiments/prediction_target_toy_v4_main/seed20260809/D512/curv1/scale_unit_rms/loss_v/H512,1.5164194107055664
512,1.0,unit_rms,512,v,xv_rms_etam0p01,xv_norm,-0.01,0.0507735786173374,0.0007756948471069,0.0135693168267607,1.3788244335789408e-05,-0.0003444624661019,0.000578002012304,20260809,/data/users/zhoushunyu/eqvae/experiments/prediction_target_toy_v4_main/seed20260809/D512/curv1/scale_unit_rms/loss_v/H512,1.5164194107055664
512,1.0,unit_rms,512,v,xv_rms_eta0p01,xv_norm,0.01,0.0511123119431968,0.0007638931274414,0.0130464043468236,0.0002422919037085,-0.0003375347962978,0.000890595414284,20260809,/data/users/zhoushunyu/eqvae/experiments/prediction_target_toy_v4_main/seed20260809/D512/curv1/scale_unit_rms/loss_v/H512,1.5164194107055664
512,1.0,unit_rms,512,v,xv_rms_eta0p03,xv_norm,0.03,0.0532106516547723,0.0007818937301635,0.0138171184808015,0.0017695606533525,-0.0002444606855251,0.0031998594218944,20260809,/data/users/zhoushunyu/eqvae/experiments/prediction_target_toy_v4_main/seed20260809/D512/curv1/scale_unit_rms/loss_v/H512,1.5164194107055664
512,1.0,unit_rms,64,v,x,x,0.0,0.0603946392726696,0.0008493661880493,0.1726783066987991,0.0,0.0,0.0,20260809,/data/users/zhoushunyu/eqvae/experiments/prediction_target_toy_v4_main/seed20260809/D512/curv1/scale_unit_rms/loss_v/H64,1.4651834964752195
512,1.0,unit_rms,64,v,v,v,0.0,0.031778075385636,0.0002375841140747,0.9813740253448486,-0.0161695399624901,-0.0331338891074405,0.002337672974163,20260809,/data/users/zhoushunyu/eqvae/experiments/prediction_target_toy_v4_main/seed20260809/D512/curv1/scale_unit_rms/loss_v/H64,1.4651834964752195
512,1.0,unit_rms,64,v,eps,eps,0.0,1.4474532277396557,0.2754228115081787,45.992488861083984,1.3882741637346496,1.31332264778061,1.4675286090534136,20260809,/data/users/zhoushunyu/eqvae/experiments/prediction_target_toy_v4_main/seed20260809/D512/curv1/scale_unit_rms/loss_v/H64,1.4651834964752195
512,1.0,unit_rms,64,v,oracle,oracle,0.0,0.0382897455271354,0.0004280805587768,0.0109308529645204,-0.0112867173528659,-0.0269692631474437,0.0058234583340088,20260809,/data/users/zhoushunyu/eqvae/experiments/prediction_target_toy_v4_main/seed20260809/D512/curv1/scale_unit_rms/loss_v/H64,1.4651834964752195
512,1.0,unit_rms,64,v,xv_gm0p1,xv,-0.1,0.0553771189831464,0.0007015466690063,0.1628244519233703,-0.0036888951178773,-0.0066476910183143,-0.0011374970624441,20260809,/data/users/zhoushunyu/eqvae/experiments/prediction_target_toy_v4_main/seed20260809/D512/curv1/scale_unit_rms/loss_v/H64,1.4651834964752195
512,1.0,unit_rms,64,v,xeps_gm0p1,xeps,-0.1,0.0611208574109951,0.0008125305175781,0.2021720260381698,0.0008498548553675,-0.0027694811162548,0.0036025555853498,20260809,/data/users/zhoushunyu/eqvae/experiments/prediction_target_toy_v4_main/seed20260809/D512/curv1/scale_unit_rms/loss_v/H64,1.4651834964752195
512,1.0,unit_rms,64,v,xv_tan_gm0p1,xv_tangent,-0.1,0.0563979926093324,0.0007139444351196,0.1673590093851089,-0.0027940854699828,-0.0045260864126273,-0.0010969244303818,20260809,/data/users/zhoushunyu/eqvae/experiments/prediction_target_toy_v4_main/seed20260809/D512/curv1/scale_unit_rms/loss_v/H64,1.4651834964752195
512,1.0,unit_rms,64,v,xv_normcomp_gm0p1,xv_normal,-0.1,0.0595278001871849,0.0008430480957031,0.1683658212423324,-0.0008771198493874,-0.0022585235935009,0.0003662115558581,20260809,/data/users/zhoushunyu/eqvae/experiments/prediction_target_toy_v4_main/seed20260809/D512/curv1/scale_unit_rms/loss_v/H64,1.4651834964752195
512,1.0,unit_rms,64,v,xv_gm0p03,xv,-0.03,0.0589771759199527,0.0008102655410766,0.1695674806833267,-0.0011108362714646,-0.0020870531963478,-0.0003542466721027,20260809,/data/users/zhoushunyu/eqvae/experiments/prediction_target_toy_v4_main/seed20260809/D512/curv1/scale_unit_rms/loss_v/H64,1.4651834964752195
512,1.0,unit_rms,64,v,xeps_gm0p03,xeps,-0.03,0.0604418364789902,0.0008354187011718,0.1803142726421356,6.977112359463272e-05,-0.0012191223929411,0.0011082944943004,20260809,/data/users/zhoushunyu/eqvae/experiments/prediction_target_toy_v4_main/seed20260809/D512/curv1/scale_unit_rms/loss_v/H64,1.4651834964752195
512,1.0,unit_rms,64,v,xv_tan_gm0p03,xv_tangent,-0.03,0.0591801417486359,0.0008093118667602,0.1711640059947967,-0.0008583053034156,-0.0013850361791573,-0.0002963586390904,20260809,/data/users/zhoushunyu/eqvae/experiments/prediction_target_toy_v4_main/seed20260809/D512/curv1/scale_unit_rms/loss_v/H64,1.4651834964752195
512,1.0,unit_rms,64,v,xv_normcomp_gm0p03,xv_normal,-0.03,0.0601584588827736,0.0008511543273925,0.171141892671585,-0.0002529306370206,-0.0008229574884912,0.0002949524495848,20260809,/data/users/zhoushunyu/eqvae/experiments/prediction_target_toy_v4_main/seed20260809/D512/curv1/scale_unit_rms/loss_v/H64,1.4651834964752195
512,1.0,unit_rms,64,v,xv_gm0p01,xv,-0.01,0.0599207738237814,0.0008387565612792,0.1716379523277282,-0.0003653112835848,-0.0006935054893911,-5.635718766498078e-05,20260809,/data/users/zhoushunyu/eqvae/experiments/prediction_target_toy_v4_main/seed20260809/D512/curv1/scale_unit_rms/loss_v/H64,1.4651834964752195
512,1.0,unit_rms,64,v,xeps_gm0p01,xeps,-0.01,0.0603574126709423,0.0008424520492553,0.1750579625368118,1.1376774808162236e-05,-0.0004511001717208,0.0004066599037984,20260809,/data/users/zhoushunyu/eqvae/experiments/prediction_target_toy_v4_main/seed20260809/D512/curv1/scale_unit_rms/loss_v/H64,1.4651834964752195
512,1.0,unit_rms,64,v,xv_tan_gm0p01,xv_tangent,-0.01,0.0599915603436354,0.0008363723754882,0.1721453517675399,-0.000284624842288,-0.0005064774750686,-3.1552217272254684e-05,20260809,/data/users/zhoushunyu/eqvae/experiments/prediction_target_toy_v4_main/seed20260809/D512/curv1/scale_unit_rms/loss_v/H64,1.4651834964752195
512,1.0,unit_rms,64,v,xv_normcomp_gm0p01,xv_normal,-0.01,0.0603191201963252,0.0008517503738403,0.1722145676612854,-7.860045413710471e-05,-0.0002489891276626,0.0001102596990971,20260809,/data/users/zhoushunyu/eqvae/experiments/prediction_target_toy_v4_main/seed20260809/D512/curv1/scale_unit_rms/loss_v/H64,1.4651834964752195
512,1.0,unit_rms,64,v,xv_g0p003,xv,0.003,0.0605421300994944,0.0008524656295776,0.1729307323694229,0.0001029261802147,-3.581943479952914e-06,0.0002102788863308,20260809,/data/users/zhoushunyu/eqvae/experiments/prediction_target_toy_v4_main/seed20260809/D512/curv1/scale_unit_rms/loss_v/H64,1.4651834964752195
512,1.0,unit_rms,64,v,xeps_g0p003,xeps,0.003,0.0603935164427296,0.0008524656295776,0.1719485372304916,6.884014148279133e-07,-0.0001135918046813,0.0001408735578926,20260809,/data/users/zhoushunyu/eqvae/experiments/prediction_target_toy_v4_main/seed20260809/D512/curv1/scale_unit_rms/loss_v/H64,1.4651834964752195
512,1.0,unit_rms,64,v,xv_tan_g0p003,xv_tangent,0.003,0.060506064176493,0.0008529424667358,0.1728195697069168,7.562345264670575e-05,-3.277502444410801e-05,0.000147936688048,20260809,/data/users/zhoushunyu/eqvae/experiments/prediction_target_toy_v4_main/seed20260809/D512/curv1/scale_unit_rms/loss_v/H64,1.4651834964752195
512,1.0,unit_rms,64,v,xv_normcomp_g0p003,xv_normal,0.003,0.0604202679027706,0.0008506774902343,0.1727963835000991,2.3907748264583168e-05,-2.6953234256593857e-05,7.711860337504469e-05,20260809,/data/users/zhoushunyu/eqvae/experiments/prediction_target_toy_v4_main/seed20260809/D512/curv1/scale_unit_rms/loss_v/H64,1.4651834964752195
512,1.0,unit_rms,64,v,xv_g0p01,xv,0.01,0.0608658788885881,0.0008610486984252,0.17364002764225,0.0003391285861961,-1.7862358071814298e-05,0.000655227502816,20260809,/data/users/zhoushunyu/eqvae/experiments/prediction_target_toy_v4_main/seed20260809/D512/curv1/scale_unit_rms/loss_v/H64,1.4651834964752195
512,1.0,unit_rms,64,v,xeps_g0p01,xeps,0.01,0.0604001118743045,0.000856876373291,0.1701656430959701,-3.001129440087985e-05,-0.000454585822094,0.0004428759976204,20260809,/data/users/zhoushunyu/eqvae/experiments/prediction_target_toy_v4_main/seed20260809/D512/curv1/scale_unit_rms/loss_v/H64,1.4651834964752195
512,1.0,unit_rms,64,v,xv_tan_g0p01,xv_tangent,0.01,0.0607855231075432,0.0008606910705566,0.1731297075748443,0.0002635865737584,4.387066238475263e-06,0.0004738301085517,20260809,/data/users/zhoushunyu/eqvae/experiments/prediction_target_toy_v4_main/seed20260809/D512/curv1/scale_unit_rms/loss_v/H64,1.4651834964752195
512,1.0,unit_rms,64,v,xv_normcomp_g0p01,xv_normal,0.01,0.0604561834090215,0.0008494853973388,0.173124760389328,7.1362273129568e-05,-8.53325877527622e-05,0.0002180458840518,20260809,/data/users/zhoushunyu/eqvae/experiments/prediction_target_toy_v4_main/seed20260809/D512/curv1/scale_unit_rms/loss_v/H64,1.4651834964752195
512,1.0,unit_rms,64,v,xv_g0p03,xv,0.03,0.0620591902478266,0.0009012222290039,0.1756843477487564,0.0010936019602032,0.0002257835917818,0.0020709628325964,20260809,/data/users/zhoushunyu/eqvae/experiments/prediction_target_toy_v4_main/seed20260809/D512/curv1/scale_unit_rms/loss_v/H64,1.4651834964752195
512,1.0,unit_rms,64,v,xeps_g0p03,xeps,0.03,0.0604041750715054,0.0008648633956909,0.1655579358339309,-6.050498771873539e-05,-0.0011660429353967,0.0011380360094766,20260809,/data/users/zhoushunyu/eqvae/experiments/prediction_target_toy_v4_main/seed20260809/D512/curv1/scale_unit_rms/loss_v/H64,1.4651834964752195
512,1.0,unit_rms,64,v,xv_tan_g0p03,xv_tangent,0.03,0.0617861730145191,0.0009016990661621,0.174225702881813,0.0008816295946211,0.0002194156919926,0.0015716128425986,20260809,/data/users/zhoushunyu/eqvae/experiments/prediction_target_toy_v4_main/seed20260809/D512/curv1/scale_unit_rms/loss_v/H64,1.4651834964752195
512,1.0,unit_rms,64,v,xv_normcomp_g0p03,xv_normal,0.03,0.0605628823394922,0.0008419752120971,0.1741761416196823,0.0001833134895195,-0.0002380446836254,0.000566882850827,20260809,/data/users/zhoushunyu/eqvae/experiments/prediction_target_toy_v4_main/seed20260809/D512/curv1/scale_unit_rms/loss_v/H64,1.4651834964752195
512,1.0,unit_rms,64,v,xv_g0p1,xv,0.1,0.0660661890422966,0.0010489225387573,0.1825462281703949,0.0039817112616171,0.0013990781449985,0.0067151989884559,20260809,/data/users/zhoushunyu/eqvae/experiments/prediction_target_toy_v4_main/seed20260809/D512/curv1/scale_unit_rms/loss_v/H64,1.4651834964752195
512,1.0,unit_rms,64,v,xeps_g0p1,xeps,0.1,0.0612726737798395,0.0009294748306274,0.1503371596336364,0.0004509911708005,-0.0024007795979379,0.00435954016374,20260809,/data/users/zhoushunyu/eqvae/experiments/prediction_target_toy_v4_main/seed20260809/D512/curv1/scale_unit_rms/loss_v/H64,1.4651834964752195
512,1.0,unit_rms,64,v,xv_tan_g0p1,xv_tangent,0.1,0.0652821766657797,0.0010496377944946,0.1775260269641876,0.0032158284925181,0.0012585101958472,0.005393174935324,20260809,/data/users/zhoushunyu/eqvae/experiments/prediction_target_toy_v4_main/seed20260809/D512/curv1/scale_unit_rms/loss_v/H64,1.4651834964752195
512,1.0,unit_rms,64,v,xv_normcomp_g0p1,xv_normal,0.1,0.0613080266713127,0.0008531808853149,0.1778371483087539,0.0007289709764431,-0.0004018039102915,0.0020142461297459,20260809,/data/users/zhoushunyu/eqvae/experiments/prediction_target_toy_v4_main/seed20260809/D512/curv1/scale_unit_rms/loss_v/H64,1.4651834964752195
512,1.0,unit_rms,64,v,xv_g0p3,xv,0.3,0.0779872262430199,0.001550555229187,0.2017871588468551,0.0128619791573,0.0081851441626243,0.0187398818359557,20260809,/data/users/zhoushunyu/eqvae/experiments/prediction_target_toy_v4_main/seed20260809/D512/curv1/scale_unit_rms/loss_v/H64,1.4651834964752195
512,1.0,unit_rms,64,v,xeps_g0p3,xeps,0.3,0.0718114842429509,0.0014330148696899,0.1160917729139328,0.0073786762898054,-0.0033250089282473,0.0175260009412525,20260809,/data/users/zhoushunyu/eqvae/experiments/prediction_target_toy_v4_main/seed20260809/D512/curv1/scale_unit_rms/loss_v/H64,1.4651834964752195
512,1.0,unit_rms,64,v,xv_tan_g0p3,xv_tangent,0.3,0.075721702401799,0.0015565156936645,0.1859488636255264,0.0107366042014841,0.0052338820992989,0.0159571576688883,20260809,/data/users/zhoushunyu/eqvae/experiments/prediction_target_toy_v4_main/seed20260809/D512/curv1/scale_unit_rms/loss_v/H64,1.4651834964752195
512,1.0,unit_rms,64,v,xv_normcomp_g0p3,xv_normal,0.3,0.0633670687522891,0.0008718967437744,0.190046340227127,0.0026208847447895,-0.0001149360105083,0.0054992250332362,20260809,/data/users/zhoushunyu/eqvae/experiments/prediction_target_toy_v4_main/seed20260809/D512/curv1/scale_unit_rms/loss_v/H64,1.4651834964752195
512,1.0,unit_rms,64,v,xv_rms_etam0p03,xv_norm,-0.03,0.0541467404402212,0.000636339187622,0.1636580377817154,-0.0044916750566179,-0.0070572821438236,-0.0012145228814961,20260809,/data/users/zhoushunyu/eqvae/experiments/prediction_target_toy_v4_main/seed20260809/D512/curv1/scale_unit_rms/loss_v/H64,1.4651834964752195
512,1.0,unit_rms,64,v,xv_rms_etam0p01,xv_norm,-0.01,0.0579340204998117,0.0007637739181518,0.1673324257135391,-0.0018199408897563,-0.0026827652876137,-0.0006834653736085,20260809,/data/users/zhoushunyu/eqvae/experiments/prediction_target_toy_v4_main/seed20260809/D512/curv1/scale_unit_rms/loss_v/H64,1.4651834964752195
512,1.0,unit_rms,64,v,xv_rms_eta0p01,xv_norm,0.01,0.0633828774549454,0.0009584426879882,0.1810189336538314,0.0022663113436271,0.0010595686218664,0.0033424542411165,20260809,/data/users/zhoushunyu/eqvae/experiments/prediction_target_toy_v4_main/seed20260809/D512/curv1/scale_unit_rms/loss_v/H64,1.4651834964752195
512,1.0,unit_rms,64,v,xv_rms_eta0p03,xv_norm,0.03,0.0713428988084932,0.0012764930725097,0.2043070495128631,0.0085560990290389,0.0047110392716287,0.0120108224249672,20260809,/data/users/zhoushunyu/eqvae/experiments/prediction_target_toy_v4_main/seed20260809/D512/curv1/scale_unit_rms/loss_v/H64,1.4651834964752195
