time,target,beta,query_horizon,weak,strong,guided,weak_query,pfr
0.0001220703125,0.0,1.6,0.03125,-21.03301895719318,-7.262382108947443,1.0,-17.072405284126603,-5.3369818769065205
0.0003662109375,0.0,1.6,0.03125,-21.000741402465025,-7.250278025924384,1.0,-17.042819277936044,-5.332675399246369
0.0006103515625,0.0,1.6,0.03125,-20.96848487545982,-7.238181828297432,1.0,-17.01325429946843,-5.328368921586222
0.0008544921875,0.0,1.6,0.03125,-20.936249376177567,-7.226093516066588,1.0,-16.98371034872377,-5.324062443926078
0.0010986328125,0.0,1.6,0.03125,-20.90403490461826,-7.214013089231848,1.0,-16.954187425702056,-5.319755966265927
0.0013427734375,0.0,1.6,0.03125,-20.87184146078191,-7.201940547793216,1.0,-16.924685530403295,-5.315449488605781
0.0015869140625,0.0,1.6,0.03125,-20.839669044668504,-7.18987589175069,1.0,-16.89520466282748,-5.311143010945637
0.0018310546875,0.0,1.6,0.03125,-20.80751765627805,-7.17781912110427,1.0,-16.86574482297462,-5.306836533285493
0.0020751953125,0.0,1.6,0.03125,-20.775387295610546,-7.165770235853955,1.0,-16.83630601084471,-5.30253005562534
0.0023193359375,0.0,1.6,0.03125,-20.743277962665992,-7.153729235999748,1.0,-16.806888226437746,-5.298223577965196
0.0025634765625,0.0,1.6,0.03125,-20.71118965744439,-7.1416961215416475,1.0,-16.777491469753734,-5.29391710030505
0.0028076171875,0.0,1.6,0.03125,-20.679122379945735,-7.129670892479651,1.0,-16.748115740792674,-5.289610622644899
0.0030517578125,0.0,1.6,0.03125,-20.647076130170028,-7.117653548813761,1.0,-16.71876103955456,-5.285304144984748
0.0032958984375,0.0,1.6,0.03125,-20.615050908117276,-7.105644090543979,1.0,-16.689427366039396,-5.280997667324607
0.0035400390625,0.0,1.6,0.03125,-20.58304671378747,-7.093642517670303,1.0,-16.660114720247186,-5.276691189664458
0.0037841796875,0.0,1.6,0.03125,-20.551063547180615,-7.081648830192731,1.0,-16.63082310217792,-5.272384712004309
0.0040283203125,0.0,1.6,0.03125,-20.519101408296713,-7.069663028111268,1.0,-16.60155251183161,-5.268078234344166
0.0042724609375,0.0,1.6,0.03125,-20.487160297135755,-7.05768511142591,1.0,-16.572302949208247,-5.263771756684015
0.0045166015625,0.0,1.6,0.03125,-20.455240213697753,-7.045715080136659,1.0,-16.543074414307835,-5.259465279023871
0.0047607421875,0.0,1.6,0.03125,-20.423341157982698,-7.033752934243512,1.0,-16.51386690713037,-5.255158801363724
0.0050048828125,0.0,1.6,0.03125,-20.391463129990594,-7.021798673746474,1.0,-16.48468042767586,-5.25085232370358
0.0052490234375,0.0,1.6,0.03125,-20.35960612972144,-7.00985229864554,1.0,-16.455514975944297,-5.246545846043428
0.0054931640625,0.0,1.6,0.03125,-20.327770157175234,-6.997913808940713,1.0,-16.426370551935683,-5.242239368383279
0.0057373046875,0.0,1.6,0.03125,-20.295955212351977,-6.985983204631992,1.0,-16.39724715565002,-5.23793289072313
0.0059814453125,0.0,1.6,0.03125,-20.26416129525167,-6.974060485719377,1.0,-16.368144787087306,-5.233626413062984
0.0062255859375,0.0,1.6,0.03125,-20.232388405874318,-6.96214565220287,1.0,-16.339063446247543,-5.229319935402842
0.0064697265625,0.0,1.6,0.03125,-20.20063654421991,-6.950238704082468,1.0,-16.31000313313073,-5.225013457742689
0.0067138671875,0.0,1.6,0.03125,-20.168905710288456,-6.938339641358172,1.0,-16.280963847736867,-5.220706980082545
0.0069580078125,0.0,1.6,0.03125,-20.137195904079952,-6.926448464029982,1.0,-16.251945590065954,-5.216400502422395
0.0072021484375,0.0,1.6,0.03125,-20.105507125594396,-6.914565172097899,1.0,-16.22294836011799,-5.21209402476225
0.0074462890625,0.0,1.6,0.03125,-20.073839374831792,-6.902689765561923,1.0,-16.193972157892976,-5.207787547102107
0.0076904296875,0.0,1.6,0.03125,-20.042192651792135,-6.890822244422051,1.0,-16.165016983390913,-5.203481069441954
0.0079345703125,0.0,1.6,0.03125,-20.01056695647543,-6.878962608678287,1.0,-16.1360828366118,-5.199174591781809
0.0081787109375,0.0,1.6,0.03125,-19.978962288881675,-6.867110858330629,1.0,-16.107169717555635,-5.194868114121666
0.0084228515625,0.0,1.6,0.03125,-19.94737864901087,-6.855266993379076,1.0,-16.078277626222423,-5.190561636461512
0.0086669921875,0.0,1.6,0.03125,-19.915816036863013,-6.843431013823631,1.0,-16.04940656261216,-5.186255158801368
0.0089111328125,0.0,1.6,0.03125,-19.884274452438106,-6.831602919664291,1.0,-16.020556526724846,-5.181948681141218
0.0091552734375,0.0,1.6,0.03125,-19.85275389573615,-6.819782710901057,1.0,-15.99172751856048,-5.177642203481071
0.0093994140625,0.0,1.6,0.03125,-19.821254366757145,-6.80797038753393,1.0,-15.962919538119067,-5.173335725820927
0.0096435546875,0.0,1.6,0.03125,-19.78977586550109,-6.7961659495629085,1.0,-15.9341325854006,-5.169029248160779
0.0098876953125,0.0,1.6,0.03125,-19.758318391967983,-6.784369396987994,1.0,-15.90536666040509,-5.16472277050063
0.0101318359375,0.0,1.6,0.03125,-19.726881946157828,-6.772580729809186,1.0,-15.876621763132523,-5.1604162928404875
0.0103759765625,0.0,1.6,0.03125,-19.69546652807062,-6.760799948026484,1.0,-15.84789789358291,-5.15610981518034
0.0106201171875,0.0,1.6,0.03125,-19.664072137706366,-6.749027051639889,1.0,-15.819195051756246,-5.151803337520194
0.0108642578125,0.0,1.6,0.03125,-19.63269877506506,-6.737262040649397,1.0,-15.790513237652533,-5.147496859860041
0.0111083984375,0.0,1.6,0.03125,-19.601346440146703,-6.725504915055015,1.0,-15.761852451271768,-5.143190382199899
0.0113525390625,0.0,1.6,0.03125,-19.570015132951294,-6.713755674856736,1.0,-15.733212692613954,-5.1388839045397425
0.0115966796875,0.0,1.6,0.03125,-19.53870485347884,-6.702014320054566,1.0,-15.704593961679087,-5.134577426879606
0.0118408203125,0.0,1.6,0.03125,-19.50741560172933,-6.6902808506485,1.0,-15.675996258467173,-5.130270949219453
0.0120849609375,0.0,1.6,0.03125,-19.476147377702777,-6.678555266638543,1.0,-15.647419582978209,-5.1259644715593105
0.0123291015625,0.0,1.6,0.03125,-19.44490018139917,-6.666837568024689,1.0,-15.618863935212193,-5.121657993899163
0.0125732421875,0.0,1.6,0.03125,-19.41367401281851,-6.6551277548069425,1.0,-15.590329315169129,-5.117351516239012
0.0128173828125,0.0,1.6,0.03125,-19.382468871960807,-6.643425826985304,1.0,-15.561815722849015,-5.113045038578868
0.0130615234375,0.0,1.6,0.03125,-19.351284758826047,-6.6317317845597685,1.0,-15.53332315825185,-5.108738560918717
0.0133056640625,0.0,1.6,0.03125,-19.320121673414242,-6.620045627530342,1.0,-15.504851621377636,-5.104432083258571
0.0135498046875,0.0,1.6,0.03125,-19.288979615725385,-6.60836735589702,1.0,-15.47640111222637,-5.100125605598425
0.0137939453125,0.0,1.6,0.03125,-19.25785858575948,-6.5966969696598055,1.0,-15.447971630798055,-5.095819127938281
0.0140380859375,0.0,1.6,0.03125,-19.22675858351652,-6.585034468818696,1.0,-15.41956317709269,-5.091512650278128
0.0142822265625,0.0,1.6,0.03125,-19.195679608996514,-6.573379853373694,1.0,-15.391175751110275,-5.087206172617984
0.0145263671875,0.0,1.6,0.03125,-19.164621662199455,-6.561733123324796,1.0,-15.36280935285081,-5.082899694957831
0.0147705078125,0.0,1.6,0.03125,-19.13358474312535,-6.550094278672007,1.0,-15.334463982314293,-5.078593217297691
0.0150146484375,0.0,1.6,0.03125,-19.10256885177419,-6.538463319415323,1.0,-15.306139639500728,-5.074286739637541
0.0152587890625,0.0,1.6,0.03125,-19.071573988145985,-6.526840245554745,1.0,-15.277836324410114,-5.069980261977394
0.0155029296875,0.0,1.6,0.03125,-19.040600152240728,-6.515225057090273,1.0,-15.249554037042447,-5.065673784317248
0.0157470703125,0.0,1.6,0.03125,-19.00964734405842,-6.503617754021907,1.0,-15.221292777397732,-5.061367306657097
0.0159912109375,0.0,1.6,0.03125,-18.97871556359906,-6.492018336349648,1.0,-15.193052545475965,-5.057060828996953
0.0162353515625,0.0,1.6,0.03125,-18.947804810862653,-6.480426804073495,1.0,-15.164833341277149,-5.052754351336807
0.0164794921875,0.0,1.6,0.03125,-18.916915085849197,-6.46884315719345,1.0,-15.136635164801284,-5.048447873676665
0.0167236328125,0.0,1.6,0.03125,-18.88604638855869,-6.4572673957095095,1.0,-15.108458016048367,-5.044141396016517
0.0169677734375,0.0,1.6,0.03125,-18.85519871899113,-6.445699519621675,1.0,-15.080301895018401,-5.039834918356366
0.0172119140625,0.0,1.6,0.03125,-18.82437207714652,-6.434139528929946,1.0,-15.052166801711387,-5.035528440696217
0.0174560546875,0.0,1.6,0.03125,-18.793566463024863,-6.422587423634325,1.0,-15.02405273612732,-5.031221963036071
0.0177001953125,0.0,1.6,0.03125,-18.762781876626157,-6.41104320373481,1.0,-14.995959698266205,-5.026915485375923
0.0179443359375,0.0,1.6,0.03125,-18.7320183179504,-6.3995068692314,1.0,-14.967887688128037,-5.022609007715779
0.0181884765625,0.0,1.6,0.03125,-18.70127578699759,-6.387978420124097,1.0,-14.939836705712821,-5.01830253005563
0.0184326171875,0.0,1.6,0.03125,-18.670554283767732,-6.3764578564129,1.0,-14.911806751020555,-5.013996052395484
0.0186767578125,0.0,1.6,0.03125,-18.639853808260824,-6.36494517809781,1.0,-14.88379782405124,-5.009689574735335
0.0189208984375,0.0,1.6,0.03125,-18.609174360476864,-6.353440385178824,1.0,-14.855809924804873,-5.005383097075185
0.0191650390625,0.0,1.6,0.03125,-18.578515940415855,-6.3419434776559465,1.0,-14.827843053281455,-5.001076619415038
0.0194091796875,0.0,1.6,0.03125,-18.547878548077797,-6.330454455529175,1.0,-14.799897209480989,-4.996770141754894
0.0196533203125,0.0,1.6,0.03125,-18.51726218346269,-6.318973318798509,1.0,-14.771972393403473,-4.992463664094748
0.0198974609375,0.0,1.6,0.03125,-18.48666684657053,-6.307500067463949,1.0,-14.744068605048906,-4.988157186434597
0.0201416015625,0.0,1.6,0.03125,-18.45609253740132,-6.296034701525497,1.0,-14.71618584441729,-4.983850708774451
0.0203857421875,0.0,1.6,0.03125,-18.425539255955062,-6.28457722098315,1.0,-14.688324111508622,-4.979544231114307
0.0206298828125,0.0,1.6,0.03125,-18.395007002231754,-6.273127625836908,1.0,-14.660483406322905,-4.975237753454158
0.0208740234375,0.0,1.6,0.03125,-18.364495776231397,-6.261685916086775,1.0,-14.63266372886014,-4.970931275794012
0.0211181640625,0.0,1.6,0.03125,-18.334005577953988,-6.250252091732746,1.0,-14.604865079120321,-4.966624798133866
0.0213623046875,0.0,1.6,0.03125,-18.303536407399527,-6.238826152774823,1.0,-14.577087457103454,-4.962318320473717
0.0216064453125,0.0,1.6,0.03125,-18.273088264568017,-6.227408099213007,1.0,-14.549330862809537,-4.958011842813569
0.0218505859375,0.0,1.6,0.03125,-18.242661149459458,-6.215997931047298,1.0,-14.521595296238571,-4.95370536515342
0.0220947265625,0.0,1.6,0.03125,-18.21225506207385,-6.204595648277695,1.0,-14.493880757390553,-4.949398887493279
0.0223388671875,0.0,1.6,0.03125,-18.18187000241119,-6.193201250904197,1.0,-14.466187246265486,-4.945092409833128
0.0225830078125,0.0,1.6,0.03125,-18.151505970471483,-6.181814738926807,1.0,-14.438514762863369,-4.940785932172984
0.0228271484375,0.0,1.6,0.03125,-18.121162966254722,-6.170436112345522,1.0,-14.4108633071842,-4.936479454512835
0.0230712890625,0.0,1.6,0.03125,-18.090840989760913,-6.159065371160343,1.0,-14.383232879227984,-4.932172976852687
0.0233154296875,0.0,1.6,0.03125,-18.060540040990052,-6.14770251537127,1.0,-14.355623478994715,-4.927866499192538
0.0235595703125,0.0,1.6,0.03125,-18.03026011994214,-6.136347544978304,1.0,-14.328035106484398,-4.923560021532392
0.0238037109375,0.0,1.6,0.03125,-18.000001226617183,-6.125000459981444,1.0,-14.30046776169703,-4.919253543872246
0.0240478515625,0.0,1.6,0.03125,-17.969763361015175,-6.113661260380692,1.0,-14.272921444632614,-4.9149470662121
0.0242919921875,0.0,1.6,0.03125,-17.939546523136116,-6.102329946176043,1.0,-14.245396155291145,-4.910640588551953
0.0245361328125,0.0,1.6,0.03125,-17.909350712980004,-6.091006517367502,1.0,-14.217891893672627,-4.906334110891802
0.0247802734375,0.0,1.6,0.03125,-17.879175930546843,-6.079690973955067,1.0,-14.19040865977706,-4.902027633231654
0.0250244140625,0.0,1.6,0.03125,-17.849022175836634,-6.068383315938739,1.0,-14.162946453604441,-4.89772115557151
0.0252685546875,0.0,1.6,0.03125,-17.818889448849376,-6.057083543318516,1.0,-14.135505275154774,-4.8934146779113625
0.0255126953125,0.0,1.6,0.03125,-17.788777749585066,-6.0457916560944,1.0,-14.108085124428055,-4.889108200251217
0.0257568359375,0.0,1.6,0.03125,-17.758687078043703,-6.03450765426639,1.0,-14.080686001424287,-4.884801722591067
0.0260009765625,0.0,1.6,0.03125,-17.728617434225296,-6.023231537834486,1.0,-14.053307906143468,-4.880495244930923
0.0262451171875,0.0,1.6,0.03125,-17.698568818129832,-6.0119633067986875,1.0,-14.0259508385856,-4.87618876727077
0.0264892578125,0.0,1.6,0.03125,-17.668541229757324,-6.000702961158996,1.0,-13.998614798750681,-4.871882289610626
0.0267333984375,0.0,1.6,0.03125,-17.638534669107763,-5.989450500915412,1.0,-13.971299786638713,-4.867575811950481
0.0269775390625,0.0,1.6,0.03125,-17.608549136181153,-5.9782059260679326,1.0,-13.944005802249695,-4.863269334290333
0.0272216796875,0.0,1.6,0.03125,-17.578584630977492,-5.96696923661656,1.0,-13.916732845583626,-4.8589628566301855
0.0274658203125,0.0,1.6,0.03125,-17.54864115349678,-5.955740432561294,1.0,-13.889480916640508,-4.854656378970038
0.0277099609375,0.0,1.6,0.03125,-17.518718703739022,-5.944519513902134,1.0,-13.86225001542034,-4.850349901309892
0.0279541015625,0.0,1.6,0.03125,-17.48881728170421,-5.93330648063908,1.0,-13.83504014192312,-4.846043423649746
0.0281982421875,0.0,1.6,0.03125,-17.45893688739235,-5.922101332772132,1.0,-13.807851296148852,-4.841736945989599
0.0284423828125,0.0,1.6,0.03125,-17.42907752080344,-5.9109040703012905,1.0,-13.780683478097533,-4.837430468329451
0.0286865234375,0.0,1.6,0.03125,-17.399239181937478,-5.899714693226555,1.0,-13.753536687769165,-4.833123990669302
0.0289306640625,0.0,1.6,0.03125,-17.369421870794465,-5.888533201547925,1.0,-13.726410925163744,-4.828817513009152
0.0291748046875,0.0,1.6,0.03125,-17.339625587374407,-5.877359595265403,1.0,-13.699306190281275,-4.824511035349012
0.0294189453125,0.0,1.6,0.03125,-17.309850331677296,-5.866193874378986,1.0,-13.672222483121757,-4.820204557688861
0.0296630859375,0.0,1.6,0.03125,-17.280096103703134,-5.8550360388886755,1.0,-13.645159803685187,-4.815898080028713
0.0299072265625,0.0,1.6,0.03125,-17.250362903451922,-5.843886088794472,1.0,-13.618118151971569,-4.811591602368566
0.0301513671875,0.0,1.6,0.03125,-17.220650730923662,-5.832744024096375,1.0,-13.5910975279809,-4.807285124708422
0.0303955078125,0.0,1.6,0.03125,-17.19095958611835,-5.821609844794382,1.0,-13.56409793171318,-4.802978647048272
0.0306396484375,0.0,1.6,0.03125,-17.16128946903599,-5.810483550888496,1.0,-13.53711936316841,-4.7986721693881265
0.0308837890625,0.0,1.6,0.03125,-17.131640379676575,-5.799365142378716,1.0,-13.510161822346591,-4.794365691727975
0.0311279296875,0.0,1.6,0.03125,-17.102012318040114,-5.788254619265043,1.0,-13.483225309247722,-4.790059214067828
0.0313720703125,0.0,1.6,0.03125,-17.072405284126603,-5.777151981547477,1.0,-13.456309823871802,-4.785752736407682
0.0316162109375,0.0,1.6,0.03125,-17.042819277936044,-5.766057229226017,1.0,-13.429415366218832,-4.78144625874754
0.0318603515625,0.0,1.6,0.03125,-17.01325429946843,-5.754970362300662,1.0,-13.402541936288811,-4.777139781087389
0.0321044921875,0.0,1.6,0.03125,-16.98371034872377,-5.743891380771414,1.0,-13.375689534081742,-4.772833303427243
0.0323486328125,0.0,1.6,0.03125,-16.954187425702056,-5.732820284638271,1.0,-13.348858159597622,-4.768526825767093
0.0325927734375,0.0,1.6,0.03125,-16.924685530403295,-5.7217570739012364,1.0,-13.322047812836452,-4.764220348106949
0.0328369140625,0.0,1.6,0.03125,-16.89520466282748,-5.7107017485603055,1.0,-13.295258493798233,-4.7599138704467965
0.0330810546875,0.0,1.6,0.03125,-16.86574482297462,-5.699654308615482,1.0,-13.268490202482962,-4.755607392786651
0.0333251953125,0.0,1.6,0.03125,-16.83630601084471,-5.688614754066766,1.0,-13.241742938890642,-4.751300915126507
0.0335693359375,0.0,1.6,0.03125,-16.806888226437746,-5.677583084914155,1.0,-13.215016703021272,-4.746994437466359
0.0338134765625,0.0,1.6,0.03125,-16.777491469753734,-5.66655930115765,1.0,-13.188311494874851,-4.7426879598062115
0.0340576171875,0.0,1.6,0.03125,-16.748115740792674,-5.655543402797254,1.0,-13.161627314451382,-4.738381482146069
0.0343017578125,0.0,1.6,0.03125,-16.71876103955456,-5.644535389832961,1.0,-13.134964161750862,-4.73407500448592
0.0345458984375,0.0,1.6,0.03125,-16.689427366039396,-5.6335352622647745,1.0,-13.108322036773291,-4.729768526825769
0.0347900390625,0.0,1.6,0.03125,-16.660114720247186,-5.622543020092696,1.0,-13.08170093951867,-4.7254620491656265
0.0350341796875,0.0,1.6,0.03125,-16.63082310217792,-5.611558663316721,1.0,-13.055100869987,-4.721155571505475
0.0352783203125,0.0,1.6,0.03125,-16.60155251183161,-5.600582191936854,1.0,-13.02852182817828,-4.71684909384533
0.0355224609375,0.0,1.6,0.03125,-16.572302949208247,-5.589613605953093,1.0,-13.001963814092509,-4.71254261618518
0.0357666015625,0.0,1.6,0.03125,-16.543074414307835,-5.578652905365439,1.0,-12.975426827729688,-4.708236138525034
0.0360107421875,0.0,1.6,0.03125,-16.51386690713037,-5.56770009017389,1.0,-12.948910869089817,-4.703929660864887
0.0362548828125,0.0,1.6,0.03125,-16.48468042767586,-5.556755160378448,1.0,-12.922415938172895,-4.699623183204743
0.0364990234375,0.0,1.6,0.03125,-16.455514975944297,-5.545818115979111,1.0,-12.895942034978924,-4.695316705544595
0.0367431640625,0.0,1.6,0.03125,-16.426370551935683,-5.534888956975881,1.0,-12.869489159507904,-4.691010227884448
0.0369873046875,0.0,1.6,0.03125,-16.39724715565002,-5.523967683368759,1.0,-12.843057311759832,-4.686703750224304
0.0372314453125,0.0,1.6,0.03125,-16.368144787087306,-5.51305429515774,1.0,-12.816646491734712,-4.682397272564151
0.0374755859375,0.0,1.6,0.03125,-16.339063446247543,-5.502148792342829,1.0,-12.79025669943254,-4.678090794904005
0.0377197265625,0.0,1.6,0.03125,-16.31000313313073,-5.491251174924026,1.0,-12.763887934853319,-4.673784317243861
0.0379638671875,0.0,1.6,0.03125,-16.280963847736867,-5.480361442901326,1.0,-12.737540197997047,-4.6694778395837115
0.0382080078125,0.0,1.6,0.03125,-16.251945590065954,-5.469479596274733,1.0,-12.711213488863727,-4.665171361923564
0.0384521484375,0.0,1.6,0.03125,-16.22294836011799,-5.458605635044247,1.0,-12.684907807453355,-4.660864884263416
0.0386962890625,0.0,1.6,0.03125,-16.193972157892976,-5.447739559209866,1.0,-12.658623153765934,-4.656558406603267
0.0389404296875,0.0,1.6,0.03125,-16.165016983390913,-5.436881368771593,1.0,-12.632359527801462,-4.652251928943123
0.0391845703125,0.0,1.6,0.03125,-16.1360828366118,-5.4260310637294245,1.0,-12.60611692955994,-4.647945451282972
0.0394287109375,0.0,1.6,0.03125,-16.107169717555635,-5.415188644083364,1.0,-12.579895359041368,-4.643638973622828
0.0396728515625,0.0,1.6,0.03125,-16.078277626222423,-5.404354109833409,1.0,-12.553694816245747,-4.639332495962682
0.0399169921875,0.0,1.6,0.03125,-16.04940656261216,-5.39352746097956,1.0,-12.527515301173075,-4.6350260183025345
0.0401611328125,0.0,1.6,0.03125,-16.020556526724846,-5.382708697521818,1.0,-12.501356813823353,-4.630719540642389
0.0404052734375,0.0,1.6,0.03125,-15.99172751856048,-5.37189781946018,1.0,-12.47521935419658,-4.626413062982239
0.0406494140625,0.0,1.6,0.03125,-15.962919538119067,-5.361094826794651,1.0,-12.44910292229276,-4.6221065853220935
0.0408935546875,0.0,1.6,0.03125,-15.9341325854006,-5.350299719525227,1.0,-12.423007518111888,-4.617800107661942
0.0411376953125,0.0,1.6,0.03125,-15.90536666040509,-5.339512497651909,1.0,-12.396933141653966,-4.613493630001798
0.0413818359375,0.0,1.6,0.03125,-15.876621763132523,-5.328733161174696,1.0,-12.370879792918993,-4.609187152341647
0.0416259765625,0.0,1.6,0.03125,-15.84789789358291,-5.317961710093592,1.0,-12.34484747190697,-4.604880674681505
0.0418701171875,0.0,1.6,0.03125,-15.819195051756246,-5.307198144408593,1.0,-12.318836178617898,-4.600574197021357
0.0421142578125,0.0,1.6,0.03125,-15.790513237652533,-5.2964424641197,1.0,-12.292845913051776,-4.59626771936121
0.0423583984375,0.0,1.6,0.03125,-15.761852451271768,-5.285694669226913,1.0,-12.266876675208604,-4.591961241701062
0.0426025390625,0.0,1.6,0.03125,-15.733212692613954,-5.2749547597302335,1.0,-12.24092846508838,-4.587654764040918
0.0428466796875,0.0,1.6,0.03125,-15.704593961679087,-5.264222735629659,1.0,-12.215001282691109,-4.583348286380767
0.0430908203125,0.0,1.6,0.03125,-15.675996258467173,-5.25349859692519,1.0,-12.189095128016785,-4.5790418087206195
0.0433349609375,0.0,1.6,0.03125,-15.647419582978209,-5.242782343616829,1.0,-12.163210001065412,-4.5747353310604755
0.0435791015625,0.0,1.6,0.03125,-15.618863935212193,-5.232073975704573,1.0,-12.13734590183699,-4.570428853400324
0.0438232421875,0.0,1.6,0.03125,-15.590329315169129,-5.221373493188423,1.0,-12.111502830331517,-4.5661223757401785
0.0440673828125,0.0,1.6,0.03125,-15.561815722849015,-5.210680896068381,1.0,-12.085680786548995,-4.561815898080033
0.0443115234375,0.0,1.6,0.03125,-15.53332315825185,-5.199996184344444,1.0,-12.059879770489422,-4.557509420419885
0.0445556640625,0.0,1.6,0.03125,-15.504851621377636,-5.189319358016614,1.0,-12.034099782152799,-4.553202942759739
0.0447998046875,0.0,1.6,0.03125,-15.47640111222637,-5.178650417084889,1.0,-12.008340821539125,-4.54889646509959
0.0450439453125,0.0,1.6,0.03125,-15.447971630798055,-5.167989361549271,1.0,-11.982602888648403,-4.544589987439442
0.0452880859375,0.0,1.6,0.03125,-15.41956317709269,-5.15733619140976,1.0,-11.956885983480628,-4.5402835097793
0.0455322265625,0.0,1.6,0.03125,-15.391175751110275,-5.146690906666353,1.0,-11.931190106035805,-4.535977032119151
0.0457763671875,0.0,1.6,0.03125,-15.36280935285081,-5.136053507319055,1.0,-11.905515256313933,-4.531670554459005
0.0460205078125,0.0,1.6,0.03125,-15.334463982314293,-5.125423993367861,1.0,-11.879861434315009,-4.527364076798857
0.0462646484375,0.0,1.6,0.03125,-15.306139639500728,-5.114802364812774,1.0,-11.854228640039036,-4.523057599138708
0.0465087890625,0.0,1.6,0.03125,-15.277836324410114,-5.104188621653793,1.0,-11.828616873486013,-4.518751121478562
0.0467529296875,0.0,1.6,0.03125,-15.249554037042447,-5.093582763890918,1.0,-11.803026134655939,-4.514444643818413
0.0469970703125,0.0,1.6,0.03125,-15.221292777397732,-5.08298479152415,1.0,-11.777456423548815,-4.510138166158267
0.0472412109375,0.0,1.6,0.03125,-15.193052545475965,-5.072394704553488,1.0,-11.751907740164642,-4.505831688498118
0.0474853515625,0.0,1.6,0.03125,-15.164833341277149,-5.061812502978931,1.0,-11.726380084503417,-4.501525210837972
0.0477294921875,0.0,1.6,0.03125,-15.136635164801284,-5.051238186800481,1.0,-11.700873456565143,-4.497218733177824
0.0479736328125,0.0,1.6,0.03125,-15.108458016048367,-5.0406717560181376,1.0,-11.67538785634982,-4.492912255517673
0.0482177734375,0.0,1.6,0.03125,-15.080301895018401,-5.030113210631901,1.0,-11.649923283857445,-4.488605777857529
0.0484619140625,0.0,1.6,0.03125,-15.052166801711387,-5.01956255064177,1.0,-11.624479739088022,-4.484299300197383
0.0487060546875,0.0,1.6,0.03125,-15.02405273612732,-5.0090197760477455,1.0,-11.599057222041548,-4.479992822537236
0.0489501953125,0.0,1.6,0.03125,-14.995959698266205,-4.998484886849828,1.0,-11.573655732718024,-4.47568634487709
0.0491943359375,0.0,1.6,0.03125,-14.967887688128037,-4.987957883048015,1.0,-11.548275271117449,-4.4713798672169425
0.0494384765625,0.0,1.6,0.03125,-14.939836705712821,-4.977438764642309,1.0,-11.522915837239825,-4.467073389556795
0.0496826171875,0.0,1.6,0.03125,-14.911806751020555,-4.966927531632709,1.0,-11.49757743108515,-4.462766911896649
0.0499267578125,0.0,1.6,0.03125,-14.88379782405124,-4.956424184019215,1.0,-11.472260052653427,-4.4584604342365
0.0501708984375,0.0,1.6,0.03125,-14.855809924804873,-4.945928721801828,1.0,-11.446963701944652,-4.454153956576356
0.0504150390625,0.0,1.6,0.03125,-14.827843053281455,-4.935441144980547,1.0,-11.421688378958827,-4.449847478916206
0.0506591796875,0.0,1.6,0.03125,-14.799897209480989,-4.924961453555372,1.0,-11.396434083695953,-4.445541001256059
0.0509033203125,0.0,1.6,0.03125,-14.771972393403473,-4.914489647526303,1.0,-11.371200816156028,-4.441234523595913
0.0511474609375,0.0,1.6,0.03125,-14.744068605048906,-4.90402572689334,1.0,-11.345988576339053,-4.436928045935764
0.0513916015625,0.0,1.6,0.03125,-14.71618584441729,-4.8935696916564835,1.0,-11.320797364245028,-4.432621568275618
0.0516357421875,0.0,1.6,0.03125,-14.688324111508622,-4.8831215418157345,1.0,-11.295627179873954,-4.428315090615472
0.0518798828125,0.0,1.6,0.03125,-14.660483406322905,-4.87268127737109,1.0,-11.270478023225829,-4.424008612955321
0.0521240234375,0.0,1.6,0.03125,-14.63266372886014,-4.8622488983225525,1.0,-11.245349894300654,-4.419702135295177
0.0523681640625,0.0,1.6,0.03125,-14.604865079120321,-4.85182440467012,1.0,-11.220242793098429,-4.4153956576350275
0.0526123046875,0.0,1.6,0.03125,-14.577087457103454,-4.841407796413796,1.0,-11.195156719619153,-4.411089179974882
0.0528564453125,0.0,1.6,0.03125,-14.549330862809537,-4.830999073553577,1.0,-11.170091673862828,-4.406782702314734
0.0531005859375,0.0,1.6,0.03125,-14.521595296238571,-4.820598236089465,1.0,-11.145047655829453,-4.40247622465459
0.0533447265625,0.0,1.6,0.03125,-14.493880757390553,-4.810205284021458,1.0,-11.120024665519027,-4.398169746994441
0.0535888671875,0.0,1.6,0.03125,-14.466187246265486,-4.799820217349558,1.0,-11.095022702931553,-4.393863269334293
0.0538330078125,0.0,1.6,0.03125,-14.438514762863369,-4.789443036073764,1.0,-11.070041768067027,-4.389556791674147
0.0540771484375,0.0,1.6,0.03125,-14.4108633071842,-4.779073740194076,1.0,-11.045081860925452,-4.385250314014
0.0543212890625,0.0,1.6,0.03125,-14.383232879227984,-4.768712329710494,1.0,-11.020142981506826,-4.380943836353852
0.0545654296875,0.0,1.6,0.03125,-14.355623478994715,-4.758358804623019,1.0,-10.99522512981115,-4.376637358693706
0.0548095703125,0.0,1.6,0.03125,-14.328035106484398,-4.74801316493165,1.0,-10.970328305838425,-4.372330881033557
0.0550537109375,0.0,1.6,0.03125,-14.30046776169703,-4.7376754106363865,1.0,-10.94545250958865,-4.368024403373408
0.0552978515625,0.0,1.6,0.03125,-14.272921444632614,-4.727345541737231,1.0,-10.920597741061822,-4.3637179257132654
0.0555419921875,0.0,1.6,0.03125,-14.245396155291145,-4.71702355823418,1.0,-10.895764000257948,-4.359411448053114
0.0557861328125,0.0,1.6,0.03125,-14.217891893672627,-4.706709460127236,1.0,-10.870951287177022,-4.35510497039297
0.0560302734375,0.0,1.6,0.03125,-14.19040865977706,-4.696403247416399,1.0,-10.846159601819046,-4.350798492732823
0.0562744140625,0.0,1.6,0.03125,-14.162946453604441,-4.686104920101665,1.0,-10.821388944184019,-4.346492015072675
0.0565185546875,0.0,1.6,0.03125,-14.135505275154774,-4.675814478183041,1.0,-10.796639314271943,-4.342185537412529
0.0567626953125,0.0,1.6,0.03125,-14.108085124428055,-4.665531921660522,1.0,-10.771910712082818,-4.33787905975238
0.0570068359375,0.0,1.6,0.03125,-14.080686001424287,-4.655257250534108,1.0,-10.74720313761664,-4.333572582092234
0.0572509765625,0.0,1.6,0.03125,-14.053307906143468,-4.644990464803801,1.0,-10.722516590873415,-4.329266104432085
0.0574951171875,0.0,1.6,0.03125,-14.0259508385856,-4.6347315644696,1.0,-10.697851071853139,-4.324959626771939
0.0577392578125,0.0,1.6,0.03125,-13.998614798750681,-4.624480549531507,1.0,-10.673206580555812,-4.320653149111793
0.0579833984375,0.0,1.6,0.03125,-13.971299786638713,-4.614237419989518,1.0,-10.648583116981435,-4.316346671451646
0.0582275390625,0.0,1.6,0.03125,-13.944005802249695,-4.604002175843636,1.0,-10.623980681130009,-4.312040193791498
0.0584716796875,0.0,1.6,0.03125,-13.916732845583626,-4.593774817093861,1.0,-10.599399273001533,-4.3077337161313505
0.0587158203125,0.0,1.6,0.03125,-13.889480916640508,-4.583555343740191,1.0,-10.574838892596006,-4.303427238471203
0.0589599609375,0.0,1.6,0.03125,-13.86225001542034,-4.573343755782628,1.0,-10.550299539913429,-4.299120760811059
0.0592041015625,0.0,1.6,0.03125,-13.83504014192312,-4.56314005322117,1.0,-10.525781214953803,-4.294814283150908
0.0594482421875,0.0,1.6,0.03125,-13.807851296148852,-4.55294423605582,1.0,-10.501283917717126,-4.290507805490762
0.0596923828125,0.0,1.6,0.03125,-13.780683478097533,-4.542756304286575,1.0,-10.476807648203398,-4.286201327830616
0.0599365234375,0.0,1.6,0.03125,-13.753536687769165,-4.532576257913437,1.0,-10.452352406412622,-4.281894850170469
0.0601806640625,0.0,1.6,0.03125,-13.726410925163744,-4.522404096936404,1.0,-10.427918192344794,-4.277588372510319
0.0604248046875,0.0,1.6,0.03125,-13.699306190281275,-4.512239821355479,1.0,-10.403505005999918,-4.273281894850172
0.0606689453125,0.0,1.6,0.03125,-13.672222483121757,-4.502083431170659,1.0,-10.379112847377991,-4.268975417190026
0.0609130859375,0.0,1.6,0.03125,-13.645159803685187,-4.491934926381946,1.0,-10.354741716479014,-4.264668939529878
0.0611572265625,0.0,1.6,0.03125,-13.618118151971569,-4.481794306989338,1.0,-10.330391613302986,-4.260362461869731
0.0614013671875,0.0,1.6,0.03125,-13.5910975279809,-4.471661572992837,1.0,-10.306062537849908,-4.256055984209587
0.0616455078125,0.0,1.6,0.03125,-13.56409793171318,-4.461536724392443,1.0,-10.28175449011978,-4.251749506549439
0.0618896484375,0.0,1.6,0.03125,-13.53711936316841,-4.451419761188154,1.0,-10.257467470112603,-4.24744302888929
0.0621337890625,0.0,1.6,0.03125,-13.510161822346591,-4.441310683379972,1.0,-10.233201477828375,-4.243136551229146
0.0623779296875,0.0,1.6,0.03125,-13.483225309247722,-4.4312094909678965,1.0,-10.208956513267099,-4.238830073568998
0.0626220703125,0.0,1.6,0.03125,-13.456309823871802,-4.421116183951926,1.0,-10.18473257642877,-4.234523595908852
0.0628662109375,0.0,1.6,0.03125,-13.429415366218832,-4.411030762332062,1.0,-10.160529667313392,-4.230217118248703
0.0631103515625,0.0,1.6,0.03125,-13.402541936288811,-4.400953226108305,1.0,-10.136347785920965,-4.225910640588555
0.0633544921875,0.0,1.6,0.03125,-13.375689534081742,-4.390883575280654,1.0,-10.112186932251488,-4.221604162928408
0.0635986328125,0.0,1.6,0.03125,-13.348858159597622,-4.380821809849109,1.0,-10.088047106304959,-4.217297685268262
0.0638427734375,0.0,1.6,0.03125,-13.322047812836452,-4.37076792981367,1.0,-10.063928308081382,-4.212991207608114
0.0640869140625,0.0,1.6,0.03125,-13.295258493798233,-4.360721935174338,1.0,-10.039830537580754,-4.208684729947967
0.0643310546875,0.0,1.6,0.03125,-13.268490202482962,-4.350683825931111,1.0,-10.015753794803075,-4.204378252287819
0.0645751953125,0.0,1.6,0.03125,-13.241742938890642,-4.340653602083991,1.0,-9.991698079748346,-4.2000717746276734
0.0648193359375,0.0,1.6,0.03125,-13.215016703021272,-4.330631263632977,1.0,-9.967663392416569,-4.195765296967526
0.0650634765625,0.0,1.6,0.03125,-13.188311494874851,-4.32061681057807,1.0,-9.94364973280774,-4.191458819307378
0.0653076171875,0.0,1.6,0.03125,-13.161627314451382,-4.310610242919268,1.0,-9.919657100921862,-4.187152341647231
0.0655517578125,0.0,1.6,0.03125,-13.134964161750862,-4.300611560656574,1.0,-9.895685496758933,-4.182845863987087
0.0657958984375,0.0,1.6,0.03125,-13.108322036773291,-4.290620763789985,1.0,-9.871734920318955,-4.178539386326937
0.0660400390625,0.0,1.6,0.03125,-13.08170093951867,-4.280637852319502,1.0,-9.847805371601927,-4.17423290866679
0.0662841796875,0.0,1.6,0.03125,-13.055100869987,-4.270662826245125,1.0,-9.823896850607849,-4.169926431006642
0.0665283203125,0.0,1.6,0.03125,-13.02852182817828,-4.260695685566855,1.0,-9.80000935733672,-4.165619953346496
0.0667724609375,0.0,1.6,0.03125,-13.001963814092509,-4.250736430284691,1.0,-9.77614289178854,-4.161313475686351
0.0670166015625,0.0,1.6,0.03125,-12.975426827729688,-4.2407850603986335,1.0,-9.752297453963312,-4.157006998026203
0.0672607421875,0.0,1.6,0.03125,-12.948910869089817,-4.2308415759086815,1.0,-9.728473043861033,-4.152700520366054
0.0675048828125,0.0,1.6,0.03125,-12.922415938172895,-4.220905976814835,1.0,-9.704669661481704,-4.148394042705904
0.0677490234375,0.0,1.6,0.03125,-12.895942034978924,-4.210978263117097,1.0,-9.680887306825325,-4.14408756504576
0.0679931640625,0.0,1.6,0.03125,-12.869489159507904,-4.201058434815464,1.0,-9.657125979891896,-4.139781087385613
0.0682373046875,0.0,1.6,0.03125,-12.843057311759832,-4.1911464919099375,1.0,-9.633385680681418,-4.135474609725463
0.0684814453125,0.0,1.6,0.03125,-12.816646491734712,-4.1812424344005175,1.0,-9.609666409193888,-4.1311681320653175
0.0687255859375,0.0,1.6,0.03125,-12.79025669943254,-4.171346262287203,1.0,-9.585968165429309,-4.12686165440517
0.0689697265625,0.0,1.6,0.03125,-12.763887934853319,-4.161457975569995,1.0,-9.562290949387679,-4.122555176745024
0.0692138671875,0.0,1.6,0.03125,-12.737540197997047,-4.151577574248893,1.0,-9.538634761069,-4.118248699084877
0.0694580078125,0.0,1.6,0.03125,-12.711213488863727,-4.141705058323899,1.0,-9.51499960047327,-4.113942221424731
0.0697021484375,0.0,1.6,0.03125,-12.684907807453355,-4.131840427795009,1.0,-9.491385467600491,-4.109635743764583
0.0699462890625,0.0,1.6,0.03125,-12.658623153765934,-4.121983682662226,1.0,-9.46779236245066,-4.105329266104437
0.0701904296875,0.0,1.6,0.03125,-12.632359527801462,-4.112134822925548,1.0,-9.444220285023782,-4.101022788444288
0.0704345703125,0.0,1.6,0.03125,-12.60611692955994,-4.102293848584978,1.0,-9.420669235319853,-4.0967163107841404
0.0706787109375,0.0,1.6,0.03125,-12.579895359041368,-4.092460759640513,1.0,-9.397139213338873,-4.092409833123991
0.0709228515625,0.0,1.6,0.03125,-12.553694816245747,-4.082635556092155,1.0,-9.373630219080843,-4.088103355463847
0.0711669921875,0.0,1.6,0.03125,-12.527515301173075,-4.072818237939903,1.0,-9.350142252545762,-4.083796877803701
0.0714111328125,0.0,1.6,0.03125,-12.501356813823353,-4.063008805183758,1.0,-9.326675313733633,-4.079490400143554
0.0716552734375,0.0,1.6,0.03125,-12.47521935419658,-4.053207257823718,1.0,-9.303229402644453,-4.075183922483404
0.0718994140625,0.0,1.6,0.03125,-12.44910292229276,-4.043413595859786,1.0,-9.279804519278223,-4.07087744482326
0.0721435546875,0.0,1.6,0.03125,-12.423007518111888,-4.033627819291958,1.0,-9.256400663634942,-4.066570967163113
0.0723876953125,0.0,1.6,0.03125,-12.396933141653966,-4.023849928120238,1.0,-9.233017835714612,-4.062264489502965
0.0726318359375,0.0,1.6,0.03125,-12.370879792918993,-4.014079922344623,1.0,-9.209656035517233,-4.057958011842818
0.0728759765625,0.0,1.6,0.03125,-12.34484747190697,-4.004317801965114,1.0,-9.186315263042802,-4.053651534182668
0.0731201171875,0.0,1.6,0.03125,-12.318836178617898,-3.9945635669817126,1.0,-9.162995518291321,-4.049345056522524
0.0733642578125,0.0,1.6,0.03125,-12.292845913051776,-3.9848172173944167,1.0,-9.139696801262792,-4.045038578862375
0.0736083984375,0.0,1.6,0.03125,-12.266876675208604,-3.9750787532032272,1.0,-9.11641911195721,-4.040732101202231
0.0738525390625,0.0,1.6,0.03125,-12.24092846508838,-3.965348174408143,1.0,-9.09316245037458,-4.0364256235420815
0.0740966796875,0.0,1.6,0.03125,-12.215001282691109,-3.9556254810091662,1.0,-9.069926816514899,-4.032119145881936
0.0743408203125,0.0,1.6,0.03125,-12.189095128016785,-3.9459106730062947,1.0,-9.04671221037817,-4.0278126682217845
0.0745849609375,0.0,1.6,0.03125,-12.163210001065412,-3.93620375039953,1.0,-9.023518631964388,-4.023506190561639
0.0748291015625,0.0,1.6,0.03125,-12.13734590183699,-3.926504713188872,1.0,-9.000346081273557,-4.019199712901495
0.0750732421875,0.0,1.6,0.03125,-12.111502830331517,-3.9168135613743194,1.0,-8.977194558305676,-4.014893235241345
0.0753173828125,0.0,1.6,0.03125,-12.085680786548995,-3.907130294955874,1.0,-8.954064063060745,-4.0105867575811995
0.0755615234375,0.0,1.6,0.03125,-12.059879770489422,-3.897454913933534,1.0,-8.930954595538765,-4.006280279921052
0.0758056640625,0.0,1.6,0.03125,-12.034099782152799,-3.8877874183073002,1.0,-8.907866155739733,-4.001973802260906
0.0760498046875,0.0,1.6,0.03125,-12.008340821539125,-3.8781278080771724,1.0,-8.884798743663652,-3.9976673246007586
0.0762939453125,0.0,1.6,0.03125,-11.982602888648403,-3.8684760832431517,1.0,-8.861752359310522,-3.993360846940611
0.0765380859375,0.0,1.6,0.03125,-11.956885983480628,-3.858832243805236,1.0,-8.83872700268034,-3.9890543692804616
0.0767822265625,0.0,1.6,0.03125,-11.931190106035805,-3.849196289763427,1.0,-8.81572267377311,-3.9847478916203123
0.0770263671875,0.0,1.6,0.03125,-11.905515256313933,-3.8395682211177253,1.0,-8.792739372588827,-3.98044141396017
0.0772705078125,0.0,1.6,0.03125,-11.879861434315009,-3.8299480378681285,1.0,-8.769777099127495,-3.9761349363000216
0.0775146484375,0.0,1.6,0.03125,-11.854228640039036,-3.820335740014639,1.0,-8.746835853389115,-3.971828458639874
0.0777587890625,0.0,1.6,0.03125,-11.828616873486013,-3.810731327557255,1.0,-8.723915635373682,-3.967521980979728
0.0780029296875,0.0,1.6,0.03125,-11.803026134655939,-3.8011348004959777,1.0,-8.701016445081201,-3.9632155033195815
0.0782470703125,0.0,1.6,0.03125,-11.777456423548815,-3.791546158830806,1.0,-8.67813828251167,-3.958909025659433
0.0784912109375,0.0,1.6,0.03125,-11.751907740164642,-3.781965402561741,1.0,-8.655281147665088,-3.9546025479992863
0.0787353515625,0.0,1.6,0.03125,-11.726380084503417,-3.772392531688782,1.0,-8.632445040541455,-3.9502960703391388
0.0789794921875,0.0,1.6,0.03125,-11.700873456565143,-3.762827546211929,1.0,-8.609629961140774,-3.9459895926789894
0.0792236328125,0.0,1.6,0.03125,-11.67538785634982,-3.753270446131183,1.0,-8.586835909463042,-3.9416831150188454
0.0794677734375,0.0,1.6,0.03125,-11.649923283857445,-3.7437212314465427,1.0,-8.56406288550826,-3.937376637358697
0.0797119140625,0.0,1.6,0.03125,-11.624479739088022,-3.734179902158009,1.0,-8.541310889276428,-3.933070159698551
0.0799560546875,0.0,1.6,0.03125,-11.599057222041548,-3.7246464582655814,1.0,-8.518579920767547,-3.9287636820384044
0.0802001953125,0.0,1.6,0.03125,-11.573655732718024,-3.7151208997692597,1.0,-8.495869979981613,-3.9244572043782577
0.0804443359375,0.0,1.6,0.03125,-11.548275271117449,-3.705603226669044,1.0,-8.473181066918631,-3.92015072671811
0.0806884765625,0.0,1.6,0.03125,-11.522915837239825,-3.696093438964935,1.0,-8.450513181578598,-3.9158442490579635
0.0809326171875,0.0,1.6,0.03125,-11.49757743108515,-3.6865915366569317,1.0,-8.427866323961517,-3.9115377713978132
0.0811767578125,0.0,1.6,0.03125,-11.472260052653427,-3.6770975197450353,1.0,-8.405240494067383,-3.907231293737669
0.0814208984375,0.0,1.6,0.03125,-11.446963701944652,-3.6676113882292447,1.0,-8.382635691896201,-3.9029248160775216
0.0816650390625,0.0,1.6,0.03125,-11.421688378958827,-3.658133142109561,1.0,-8.360051917447969,-3.898618338417374
0.0819091796875,0.0,1.6,0.03125,-11.396434083695953,-3.648662781385983,1.0,-8.337489170722687,-3.8943118607572256
0.0821533203125,0.0,1.6,0.03125,-11.371200816156028,-3.6392003060585107,1.0,-8.314947451720354,-3.890005383097079
0.0823974609375,0.0,1.6,0.03125,-11.345988576339053,-3.6297457161271454,1.0,-8.292426760440971,-3.8856989054369304
0.0826416015625,0.0,1.6,0.03125,-11.320797364245028,-3.620299011591886,1.0,-8.269927096884539,-3.881392427776783
0.0828857421875,0.0,1.6,0.03125,-11.295627179873954,-3.610860192452733,1.0,-8.247448461051055,-3.877085950116638
0.0831298828125,0.0,1.6,0.03125,-11.270478023225829,-3.601429258709686,1.0,-8.224990852940522,-3.8727794724564912
0.0833740234375,0.0,1.6,0.03125,-11.245349894300654,-3.592006210362746,1.0,-8.20255427255294,-3.8684729947963437
0.0836181640625,0.0,1.6,0.03125,-11.220242793098429,-3.5825910474119116,1.0,-8.180138719888307,-3.864166517136196
0.0838623046875,0.0,1.6,0.03125,-11.195156719619153,-3.5731837698571827,1.0,-8.157744194946623,-3.8598600394760467
0.0841064453125,0.0,1.6,0.03125,-11.170091673862828,-3.563784377698561,1.0,-8.13537069772789,-3.855553561815901
0.0843505859375,0.0,1.6,0.03125,-11.145047655829453,-3.5543928709360455,1.0,-8.113018228232107,-3.8512470841557533
0.0845947265625,0.0,1.6,0.03125,-11.120024665519027,-3.545009249569636,1.0,-8.090686786459273,-3.8469406064956093
0.0848388671875,0.0,1.6,0.03125,-11.095022702931553,-3.535633513599333,1.0,-8.06837637240939,-3.8426341288354617
0.0850830078125,0.0,1.6,0.03125,-11.070041768067027,-3.526265663025135,1.0,-8.046086986082457,-3.8383276511753115
0.0853271484375,0.0,1.6,0.03125,-11.045081860925452,-3.5169056978470445,1.0,-8.023818627478473,-3.8340211735151657
0.0855712890625,0.0,1.6,0.03125,-11.020142981506826,-3.50755361806506,1.0,-8.00157129659744,-3.8297146958550172
0.0858154296875,0.0,1.6,0.03125,-10.99522512981115,-3.4982094236791816,1.0,-7.979344993439357,-3.8254082181948696
0.0860595703125,0.0,1.6,0.03125,-10.970328305838425,-3.4888731146894094,1.0,-7.957139718004223,-3.821101740534724
0.0863037109375,0.0,1.6,0.03125,-10.94545250958865,-3.4795446910957444,1.0,-7.934955470292039,-3.81679526287458
0.0865478515625,0.0,1.6,0.03125,-10.920597741061822,-3.470224152898184,1.0,-7.912792250302804,-3.8124887852144305
0.0867919921875,0.0,1.6,0.03125,-10.895764000257948,-3.460911500096731,1.0,-7.89065005803652,-3.8081823075542856
0.0870361328125,0.0,1.6,0.03125,-10.870951287177022,-3.4516067326913835,1.0,-7.8685288934931865,-3.8038758298941353
0.0872802734375,0.0,1.6,0.03125,-10.846159601819046,-3.442309850682143,1.0,-7.846428756672802,-3.7995693522339913
0.0875244140625,0.0,1.6,0.03125,-10.821388944184019,-3.4330208540690075,1.0,-7.824349647575369,-3.79526287457384
0.0877685546875,0.0,1.6,0.03125,-10.796639314271943,-3.423739742851979,1.0,-7.802291566200884,-3.7909563969136935
0.0880126953125,0.0,1.6,0.03125,-10.771910712082818,-3.414466517031057,1.0,-7.78025451254935,-3.7866499192535485
0.0882568359375,0.0,1.6,0.03125,-10.74720313761664,-3.4052011766062407,1.0,-7.758238486620765,-3.782343441593401
0.0885009765625,0.0,1.6,0.03125,-10.722516590873415,-3.395943721577531,1.0,-7.736243488415132,-3.7780369639332525
0.0887451171875,0.0,1.6,0.03125,-10.697851071853139,-3.386694151944927,1.0,-7.714269517932447,-3.7737304862731067
0.0889892578125,0.0,1.6,0.03125,-10.673206580555812,-3.3774524677084297,1.0,-7.692316575172713,-3.769424008612959
0.0892333984375,0.0,1.6,0.03125,-10.648583116981435,-3.3682186688680384,1.0,-7.6703846601359285,-3.7651175309528107
0.0894775390625,0.0,1.6,0.03125,-10.623980681130009,-3.3589927554237535,1.0,-7.6484737728220935,-3.760811053292665
0.0897216796875,0.0,1.6,0.03125,-10.599399273001533,-3.349774727375575,1.0,-7.62658391323121,-3.7565045756325164
0.0899658203125,0.0,1.6,0.03125,-10.574838892596006,-3.3405645847235026,1.0,-7.604715081363274,-3.7521980979723706
0.0902099609375,0.0,1.6,0.03125,-10.550299539913429,-3.331362327467536,1.0,-7.5828672772182895,-3.747891620312223
0.0904541015625,0.0,1.6,0.03125,-10.525781214953803,-3.3221679556076764,1.0,-7.5610405007962544,-3.743585142652078
0.0906982421875,0.0,1.6,0.03125,-10.501283917717126,-3.312981469143923,1.0,-7.539234752097171,-3.7392786649919287
0.0909423828125,0.0,1.6,0.03125,-10.476807648203398,-3.3038028680762745,1.0,-7.517450031121035,-3.734972187331781
0.0911865234375,0.0,1.6,0.03125,-10.452352406412622,-3.2946321524047337,1.0,-7.49568633786785,-3.7306657096716362
0.0914306640625,0.0,1.6,0.03125,-10.427918192344794,-3.2854693221292983,1.0,-7.473943672337615,-3.726359232011487
0.0916748046875,0.0,1.6,0.03125,-10.403505005999918,-3.2763143772499697,1.0,-7.45222203453033,-3.722052754351341
0.0919189453125,0.0,1.6,0.03125,-10.379112847377991,-3.267167317766747,1.0,-7.430521424445995,-3.7177462766911926
0.0921630859375,0.0,1.6,0.03125,-10.354741716479014,-3.2580281436796303,1.0,-7.408841842084609,-3.7134397990310477
0.0924072265625,0.0,1.6,0.03125,-10.330391613302986,-3.24889685498862,1.0,-7.387183287446174,-3.7091333213709
0.0926513671875,0.0,1.6,0.03125,-10.306062537849908,-3.2397734516937158,1.0,-7.365545760530688,-3.7048268437107517
0.0928955078125,0.0,1.6,0.03125,-10.28175449011978,-3.230657933794918,1.0,-7.343929261338154,-3.7005203660506023
0.0931396484375,0.0,1.6,0.03125,-10.257467470112603,-3.221550301292227,1.0,-7.322333789868567,-3.6962138883904583
0.0933837890625,0.0,1.6,0.03125,-10.233201477828375,-3.212450554185641,1.0,-7.300759346121932,-3.691907410730309
0.0936279296875,0.0,1.6,0.03125,-10.208956513267099,-3.2033586924751627,1.0,-7.279205930098247,-3.687600933070165
0.0938720703125,0.0,1.6,0.03125,-10.18473257642877,-3.194274716160789,1.0,-7.2576735417975105,-3.6832944554100155
0.0941162109375,0.0,1.6,0.03125,-10.160529667313392,-3.185198625242523,1.0,-7.236162181219726,-3.678987977749867
0.0943603515625,0.0,1.6,0.03125,-10.136347785920965,-3.176130419720362,1.0,-7.214671848364889,-3.674681500089722
0.0946044921875,0.0,1.6,0.03125,-10.112186932251488,-3.167070099594308,1.0,-7.193202543233003,-3.6703750224295764
0.0948486328125,0.0,1.6,0.03125,-10.088047106304959,-3.15801766486436,1.0,-7.171754265824067,-3.666068544769428
0.0950927734375,0.0,1.6,0.03125,-10.063928308081382,-3.1489731155305183,1.0,-7.150327016138082,-3.6617620671092794
0.0953369140625,0.0,1.6,0.03125,-10.039830537580754,-3.139936451592783,1.0,-7.128920794175045,-3.6574555894491336
0.0955810546875,0.0,1.6,0.03125,-10.015753794803075,-3.1309076730511536,1.0,-7.107535599934959,-3.653149111788986
0.0958251953125,0.0,1.6,0.03125,-9.991698079748346,-3.1218867799056302,1.0,-7.086171433417823,-3.6488426341288376
0.0960693359375,0.0,1.6,0.03125,-9.967663392416569,-3.1128737721562136,1.0,-7.064828294623636,-3.6445361564686927
0.0963134765625,0.0,1.6,0.03125,-9.94364973280774,-3.1038686498029033,1.0,-7.043506183552401,-3.640229678808544
0.0965576171875,0.0,1.6,0.03125,-9.919657100921862,-3.094871412845699,1.0,-7.022205100204115,-3.6359232011483957
0.0968017578125,0.0,1.6,0.03125,-9.895685496758933,-3.0858820612846003,1.0,-7.000925044578777,-3.63161672348825
0.0970458984375,0.0,1.6,0.03125,-9.871734920318955,-3.0769005951196085,1.0,-6.979666016676391,-3.6273102458281032
0.0972900390625,0.0,1.6,0.03125,-9.847805371601927,-3.067927014350723,1.0,-6.9584280164969545,-3.6230037681679566
0.0975341796875,0.0,1.6,0.03125,-9.823896850607849,-3.058961318977943,1.0,-6.937211044040468,-3.618697290507809
0.0977783203125,0.0,1.6,0.03125,-9.80000935733672,-3.0500035090012703,1.0,-6.916015099306931,-3.6143908128476614
0.0980224609375,0.0,1.6,0.03125,-9.77614289178854,-3.041053584420703,1.0,-6.8948401822963445,-3.610084335187514
0.0982666015625,0.0,1.6,0.03125,-9.752297453963312,-3.0321115452362424,1.0,-6.873686293008707,-3.605777857527368
0.0985107421875,0.0,1.6,0.03125,-9.728473043861033,-3.023177391447888,1.0,-6.85255343144402,-3.6014713798672204
0.0987548828125,0.0,1.6,0.03125,-9.704669661481704,-3.0142511230556392,1.0,-6.831441597602284,-3.597164902207072
0.0989990234375,0.0,1.6,0.03125,-9.680887306825325,-3.005332740059497,1.0,-6.810350791483497,-3.5928584245469235
0.0992431640625,0.0,1.6,0.03125,-9.657125979891896,-2.9964222424594613,1.0,-6.78928101308766,-3.5885519468867786
0.0994873046875,0.0,1.6,0.03125,-9.633385680681418,-2.987519630255532,1.0,-6.768232262414773,-3.584245469226632
0.0997314453125,0.0,1.6,0.03125,-9.609666409193888,-2.9786249034477086,1.0,-6.7472045394648354,-3.579938991566485
0.0999755859375,0.0,1.6,0.03125,-9.585968165429309,-2.9697380620359914,1.0,-6.726197844237848,-3.5756325139063385
0.1002197265625,0.0,1.6,0.03125,-9.562290949387679,-2.9608591060203797,1.0,-6.70521217673381,-3.571326036246189
0.1004638671875,0.0,1.6,0.03125,-9.538634761069,-2.951988035400875,1.0,-6.684247536952723,-3.5670195585860425
0.1007080078125,0.0,1.6,0.03125,-9.51499960047327,-2.943124850177477,1.0,-6.663303924894586,-3.562713080925896
0.1009521484375,0.0,1.6,0.03125,-9.491385467600491,-2.9342695503501846,1.0,-6.642381340559398,-3.558406603265749
0.1011962890625,0.0,1.6,0.03125,-9.46779236245066,-2.9254221359189985,1.0,-6.62147978394716,-3.5541001256056015
0.1014404296875,0.0,1.6,0.03125,-9.444220285023782,-2.9165826068839187,1.0,-6.600599255057873,-3.549793647945454
0.1016845703125,0.0,1.6,0.03125,-9.420669235319853,-2.907750963244945,1.0,-6.579739753891535,-3.545487170285309
0.1019287109375,0.0,1.6,0.03125,-9.397139213338873,-2.898927205002078,1.0,-6.558901280448148,-3.5411806926251606
0.1021728515625,0.0,1.6,0.03125,-9.373630219080843,-2.8901113321553167,1.0,-6.5380838347277095,-3.536874214965014
0.1024169921875,0.0,1.6,0.03125,-9.350142252545762,-2.881303344704661,1.0,-6.5172874167302215,-3.5325677373048654
0.1026611328125,0.0,1.6,0.03125,-9.326675313733633,-2.872503242650113,1.0,-6.496512026455684,-3.5282612596447187
0.1029052734375,0.0,1.6,0.03125,-9.303229402644453,-2.86371102599167,1.0,-6.475757663904096,-3.523954781984571
0.1031494140625,0.0,1.6,0.03125,-9.279804519278223,-2.854926694729334,1.0,-6.455024329075457,-3.5196483043244244
0.1033935546875,0.0,1.6,0.03125,-9.256400663634942,-2.846150248863103,1.0,-6.434312021969769,-3.515341826664276
0.1036376953125,0.0,1.6,0.03125,-9.233017835714612,-2.83738168839298,1.0,-6.413620742587032,-3.5110353490041293
0.1038818359375,0.0,1.6,0.03125,-9.209656035517233,-2.8286210133189624,1.0,-6.392950490927243,-3.5067288713439835
0.1041259765625,0.0,1.6,0.03125,-9.186315263042802,-2.8198682236410515,1.0,-6.372301266990405,-3.502422393683836
0.1043701171875,0.0,1.6,0.03125,-9.162995518291321,-2.811123319359246,1.0,-6.351673070776516,-3.498115916023689
0.1046142578125,0.0,1.6,0.03125,-9.139696801262792,-2.8023863004735476,1.0,-6.3310659022855775,-3.4938094383635434
0.1048583984375,0.0,1.6,0.03125,-9.11641911195721,-2.7936571669839543,1.0,-6.310479761517589,-3.489502960703394
0.1051025390625,0.0,1.6,0.03125,-9.09316245037458,-2.784935918890468,1.0,-6.289914648472551,-3.4851964830432474
0.1053466796875,0.0,1.6,0.03125,-9.069926816514899,-2.7762225561930873,1.0,-6.269370563150462,-3.4808900053831
0.1055908203125,0.0,1.6,0.03125,-9.04671221037817,-2.7675170788918138,1.0,-6.248847505551323,-3.476583527722954
0.1058349609375,0.0,1.6,0.03125,-9.023518631964388,-2.758819486986646,1.0,-6.228345475675135,-3.4722770500628055
0.1060791015625,0.0,1.6,0.03125,-9.000346081273557,-2.750129780477584,1.0,-6.207864473521895,-3.467970572402659
0.1063232421875,0.0,1.6,0.03125,-8.977194558305676,-2.741447959364629,1.0,-6.187404499091607,-3.4636640947425112
0.1065673828125,0.0,1.6,0.03125,-8.954064063060745,-2.7327740236477798,1.0,-6.1669655523842675,-3.4593576170823646
0.1068115234375,0.0,1.6,0.03125,-8.930954595538765,-2.7241079733270372,1.0,-6.146547633399879,-3.455051139422217
0.1070556640625,0.0,1.6,0.03125,-8.907866155739733,-2.7154498084024,1.0,-6.12615074213844,-3.4507446617620694
0.1072998046875,0.0,1.6,0.03125,-8.884798743663652,-2.7067995288738698,1.0,-6.10577487859995,-3.446438184101922
0.1075439453125,0.0,1.6,0.03125,-8.861752359310522,-2.698157134741446,1.0,-6.085420042784412,-3.442131706441777
0.1077880859375,0.0,1.6,0.03125,-8.83872700268034,-2.689522626005128,1.0,-6.065086234691822,-3.4378252287816284
0.1080322265625,0.0,1.6,0.03125,-8.81572267377311,-2.6808960026649165,1.0,-6.044773454322183,-3.4335187511214826
0.1082763671875,0.0,1.6,0.03125,-8.792739372588827,-2.6722772647208104,1.0,-6.0244817016754935,-3.4292122734613333
0.1085205078125,0.0,1.6,0.03125,-8.769777099127495,-2.6636664121728106,1.0,-6.004210976751754,-3.4249057958011857
0.1087646484375,0.0,1.6,0.03125,-8.746835853389115,-2.6550634450209185,1.0,-5.9839612795509645,-3.420599318141041
0.1090087890625,0.0,1.6,0.03125,-8.723915635373682,-2.6464683632651314,1.0,-5.963732610073125,-3.4162928404808923
0.1092529296875,0.0,1.6,0.03125,-8.701016445081201,-2.6378811669054505,1.0,-5.943524968318235,-3.4119863628207447
0.1094970703125,0.0,1.6,0.03125,-8.67813828251167,-2.629301855941877,1.0,-5.923338354286296,-3.407679885160599
0.1097412109375,0.0,1.6,0.03125,-8.655281147665088,-2.620730430374408,1.0,-5.903172767977305,-3.4033734075004514
0.1099853515625,0.0,1.6,0.03125,-8.632445040541455,-2.6121668902030457,1.0,-5.883028209391266,-3.399066929840303
0.1102294921875,0.0,1.6,0.03125,-8.609629961140774,-2.6036112354277905,1.0,-5.862904678528176,-3.394760452180156
0.1104736328125,0.0,1.6,0.03125,-8.586835909463042,-2.5950634660486416,1.0,-5.8428021753880355,-3.390453974520012
0.1107177734375,0.0,1.6,0.03125,-8.56406288550826,-2.5865235820655976,1.0,-5.822720699970846,-3.386147496859863
0.1109619140625,0.0,1.6,0.03125,-8.541310889276428,-2.577991583478661,1.0,-5.802660252276605,-3.381841019199716
0.1112060546875,0.0,1.6,0.03125,-8.518579920767547,-2.5694674702878304,1.0,-5.782620832305316,-3.3775345415395694
0.1114501953125,0.0,1.6,0.03125,-8.495869979981613,-2.560951242493105,1.0,-5.762602440056975,-3.37322806387942
0.1116943359375,0.0,1.6,0.03125,-8.473181066918631,-2.552442900094487,1.0,-5.742605075531585,-3.3689215862192743
0.1119384765625,0.0,1.6,0.03125,-8.450513181578598,-2.5439424430919746,1.0,-5.722628738729145,-3.364615108559126
0.1121826171875,0.0,1.6,0.03125,-8.427866323961517,-2.5354498714855693,1.0,-5.702673429649654,-3.360308630898981
0.1124267578125,0.0,1.6,0.03125,-8.405240494067383,-2.5269651852752695,1.0,-5.6827391482931136,-3.3560021532388324
0.1126708984375,0.0,1.6,0.03125,-8.382635691896201,-2.518488384461076,1.0,-5.662825894659523,-3.3516956755786858
0.1129150390625,0.0,1.6,0.03125,-8.360051917447969,-2.5100194690429887,1.0,-5.642933668748882,-3.347389197918538
0.1131591796875,0.0,1.6,0.03125,-8.337489170722687,-2.501558439021008,1.0,-5.623062470561192,-3.3430827202583933
0.1134033203125,0.0,1.6,0.03125,-8.314947451720354,-2.493105294395133,1.0,-5.603212300096451,-3.338776242598245
0.1136474609375,0.0,1.6,0.03125,-8.292426760440971,-2.4846600351653647,1.0,-5.58338315735466,-3.334469764938098
0.1138916015625,0.0,1.6,0.03125,-8.269927096884539,-2.476222661331702,1.0,-5.5635750423358195,-3.3301632872779505
0.1141357421875,0.0,1.6,0.03125,-8.247448461051055,-2.467793172894146,1.0,-5.543787955039929,-3.325856809617802
0.1143798828125,0.0,1.6,0.03125,-8.224990852940522,-2.459371569852696,1.0,-5.524021895466988,-3.3215503319576545
0.1146240234375,0.0,1.6,0.03125,-8.20255427255294,-2.4509578522073525,1.0,-5.5042768636169965,-3.3172438542975087
0.1148681640625,0.0,1.6,0.03125,-8.180138719888307,-2.442552019958115,1.0,-5.4845528594899555,-3.312937376637362
0.1151123046875,0.0,1.6,0.03125,-8.157744194946623,-2.434154073104984,1.0,-5.464849883085864,-3.3086308989772153
0.1153564453125,0.0,1.6,0.03125,-8.13537069772789,-2.4257640116479586,1.0,-5.445167934404723,-3.304324421317066
0.1156005859375,0.0,1.6,0.03125,-8.113018228232107,-2.4173818355870407,1.0,-5.4255070134465315,-3.300017943656922
0.1158447265625,0.0,1.6,0.03125,-8.090686786459273,-2.4090075449222272,1.0,-5.4058671202112905,-3.2957114659967717
0.1160888671875,0.0,1.6,0.03125,-8.06837637240939,-2.4006411396535214,1.0,-5.386248254698999,-3.291404988336625
0.1163330078125,0.0,1.6,0.03125,-8.046086986082457,-2.392282619780922,1.0,-5.366650416909658,-3.28709851067648
0.1165771484375,0.0,1.6,0.03125,-8.023818627478473,-2.3839319853044274,1.0,-5.347073606843266,-3.2827920330163307
0.1168212890625,0.0,1.6,0.03125,-8.00157129659744,-2.3755892362240405,1.0,-5.327517824499824,-3.278485555356186
0.1170654296875,0.0,1.6,0.03125,-7.979344993439357,-2.367254372539759,1.0,-5.307983069879333,-3.274179077696039
0.1173095703125,0.0,1.6,0.03125,-7.957139718004223,-2.3589273942515843,1.0,-5.2884693429817915,-3.2698726000358915
0.1175537109375,0.0,1.6,0.03125,-7.934955470292039,-2.3506083013595145,1.0,-5.268976643807199,-3.265566122375743
0.1177978515625,0.0,1.6,0.03125,-7.912792250302804,-2.3422970938635514,1.0,-5.249504972355558,-3.2612596447155937
0.1180419921875,0.0,1.6,0.03125,-7.89065005803652,-2.333993771763695,1.0,-5.230054328626865,-3.256953167055448
0.1182861328125,0.0,1.6,0.03125,-7.8685288934931865,-2.325698335059945,1.0,-5.210624712621123,-3.252646689395301
0.1185302734375,0.0,1.6,0.03125,-7.846428756672802,-2.317410783752301,1.0,-5.1912161243383315,-3.2483402117351536
0.1187744140625,0.0,1.6,0.03125,-7.824349647575369,-2.3091311178407636,1.0,-5.171828563778489,-3.244033734075008
0.1190185546875,0.0,1.6,0.03125,-7.802291566200884,-2.3008593373253317,1.0,-5.152462030941598,-3.2397272564148585
0.1192626953125,0.0,1.6,0.03125,-7.78025451254935,-2.292595442206007,1.0,-5.1331165258276545,-3.2354207787547136
0.1195068359375,0.0,1.6,0.03125,-7.758238486620765,-2.2843394324827875,1.0,-5.113792048436663,-3.231114301094565
0.1197509765625,0.0,1.6,0.03125,-7.736243488415132,-2.276091308155675,1.0,-5.094488598768621,-3.2268078234344193
0.1199951171875,0.0,1.6,0.03125,-7.714269517932447,-2.2678510692246676,1.0,-5.075206176823528,-3.22250134577427
0.1202392578125,0.0,1.6,0.03125,-7.692316575172713,-2.2596187156897676,1.0,-5.055944782601386,-3.218194868114124
0.1204833984375,0.0,1.6,0.03125,-7.6703846601359285,-2.2513942475509734,1.0,-5.036704416102193,-3.2138883904539766
0.1207275390625,0.0,1.6,0.03125,-7.6484737728220935,-2.2431776648082855,1.0,-5.01748507732595,-3.2095819127938308
0.1209716796875,0.0,1.6,0.03125,-7.62658391323121,-2.234968967461704,1.0,-4.998286766272658,-3.205275435133683
0.1212158203125,0.0,1.6,0.03125,-7.604715081363274,-2.226768155511228,1.0,-4.979109482942315,-3.2009689574735356
0.1214599609375,0.0,1.6,0.03125,-7.5828672772182895,-2.2185752289568588,1.0,-4.959953227334922,-3.196662479813388
0.1217041015625,0.0,1.6,0.03125,-7.5610405007962544,-2.2103901877985956,1.0,-4.940817999450479,-3.1923560021532413
0.1219482421875,0.0,1.6,0.03125,-7.539234752097171,-2.2022130320364397,1.0,-4.921703799288986,-3.1880495244930964
0.1221923828125,0.0,1.6,0.03125,-7.517450031121035,-2.1940437616703883,1.0,-4.902610626850444,-3.183743046832946
0.1224365234375,0.0,1.6,0.03125,-7.49568633786785,-2.185882376700444,1.0,-4.88353848213485,-3.1794365691728004
0.1226806640625,0.0,1.6,0.03125,-7.473943672337615,-2.177728877126606,1.0,-4.864487365142207,-3.1751300915126537
0.1229248046875,0.0,1.6,0.03125,-7.45222203453033,-2.169583262948874,1.0,-4.845457275872514,-3.170823613852506
0.1231689453125,0.0,1.6,0.03125,-7.430521424445995,-2.1614455341672487,1.0,-4.8264482143257705,-3.1665171361923603
0.1234130859375,0.0,1.6,0.03125,-7.408841842084609,-2.1533156907817284,1.0,-4.807460180501978,-3.16221065853221
0.1236572265625,0.0,1.6,0.03125,-7.387183287446174,-2.145193732792315,1.0,-4.788493174401134,-3.1579041808720634
0.1239013671875,0.0,1.6,0.03125,-7.365545760530688,-2.1370796601990083,1.0,-4.7695471960232405,-3.1535977032119167
0.1241455078125,0.0,1.6,0.03125,-7.343929261338154,-2.128973473001808,1.0,-4.750622245368297,-3.1492912255517718
0.1243896484375,0.0,1.6,0.03125,-7.322333789868567,-2.1208751712007134,1.0,-4.731718322436303,-3.1449847478916233
0.1246337890625,0.0,1.6,0.03125,-7.300759346121932,-2.112784754795725,1.0,-4.71283542722726,-3.1406782702314766
0.1248779296875,0.0,1.6,0.03125,-7.279205930098247,-2.104702223786843,1.0,-4.693973559741166,-3.136371792571329
0.1251220703125,0.0,1.6,0.03125,-7.2576735417975105,-2.0966275781740666,1.0,-4.675132719978023,-3.1320653149111806
0.1253662109375,0.0,1.6,0.03125,-7.236162181219726,-2.0885608179573976,1.0,-4.656312907937829,-3.1277588372510357
0.1256103515625,0.0,1.6,0.03125,-7.214671848364889,-2.0805019431368335,1.0,-4.637514123620585,-3.1234523595908854
0.1258544921875,0.0,1.6,0.03125,-7.193202543233003,-2.072450953712376,1.0,-4.618736367026291,-3.1191458819307387
0.1260986328125,0.0,1.6,0.03125,-7.171754265824067,-2.0644078496840255,1.0,-4.599979638154947,-3.114839404270592
0.1263427734375,0.0,1.6,0.03125,-7.150327016138082,-2.0563726310517807,1.0,-4.581243937006553,-3.1105329266104462
0.1265869140625,0.0,1.6,0.03125,-7.128920794175045,-2.0483452978156422,1.0,-4.5625292635811086,-3.1062264489502986
0.1268310546875,0.0,1.6,0.03125,-7.107535599934959,-2.0403258499756096,1.0,-4.543835617878615,-3.101919971290151
0.1270751953125,0.0,1.6,0.03125,-7.086171433417823,-2.0323142875316837,1.0,-4.52516299989907,-3.0976134936300044
0.1273193359375,0.0,1.6,0.03125,-7.064828294623636,-2.0243106104838637,1.0,-4.506511409642476,-3.093307015969856
0.1275634765625,0.0,1.6,0.03125,-7.043506183552401,-2.0163148188321505,1.0,-4.487880847108832,-3.0890005383097106
0.1278076171875,0.0,1.6,0.03125,-7.022205100204115,-2.0083269125765435,1.0,-4.469271312298138,-3.0846940606495643
0.1280517578125,0.0,1.6,0.03125,-7.000925044578777,-2.000346891717042,1.0,-4.450682805210393,-3.080387582989415
0.1282958984375,0.0,1.6,0.03125,-6.979666016676391,-1.992374756253647,1.0,-4.432115325845598,-3.076081105329269
0.1285400390625,0.0,1.6,0.03125,-6.9584280164969545,-1.9844105061863582,1.0,-4.4135688742037535,-3.0717746276691216
0.1287841796875,0.0,1.6,0.03125,-6.937211044040468,-1.976454141515176,1.0,-4.3950434502848585,-3.0674681500089753
0.1290283203125,0.0,1.6,0.03125,-6.916015099306931,-1.9685056622400998,1.0,-4.376539054088914,-3.063161672348828
0.1292724609375,0.0,1.6,0.03125,-6.8948401822963445,-1.9605650683611298,1.0,-4.358055685615919,-3.058855194688682
0.1295166015625,0.0,1.6,0.03125,-6.873686293008707,-1.9526323598782658,1.0,-4.339593344865874,-3.0545487170285335
0.1297607421875,0.0,1.6,0.03125,-6.85255343144402,-1.9447075367915079,1.0,-4.321152031838779,-3.050242239368386
0.1300048828125,0.0,1.6,0.03125,-6.831441597602284,-1.9367905991008565,1.0,-4.302731746534635,-3.0459357617082383
0.1302490234375,0.0,1.6,0.03125,-6.810350791483497,-1.9288815468063119,1.0,-4.2843324889534395,-3.0416292840480925
0.1304931640625,0.0,1.6,0.03125,-6.78928101308766,-1.9209803799078728,1.0,-4.265954259095194,-3.037322806387946
0.1307373046875,0.0,1.6,0.03125,-6.768232262414773,-1.9130870984055404,1.0,-4.247597056959899,-3.0330163287277996
0.1309814453125,0.0,1.6,0.03125,-6.7472045394648354,-1.9052017022993133,1.0,-4.229260882547554,-3.02870985106765
0.1312255859375,0.0,1.6,0.03125,-6.726197844237848,-1.897324191589193,1.0,-4.210945735858159,-3.0244033734075013
0.1314697265625,0.0,1.6,0.03125,-6.70521217673381,-1.8894545662751794,1.0,-4.192651616891713,-3.0200968957473555
0.1317138671875,0.0,1.6,0.03125,-6.684247536952723,-1.8815928263572717,1.0,-4.174378525648218,-3.015790418087209
0.1319580078125,0.0,1.6,0.03125,-6.663303924894586,-1.8737389718354698,1.0,-4.156126462127673,-3.0114839404270612
0.1322021484375,0.0,1.6,0.03125,-6.642381340559398,-1.8658930027097744,1.0,-4.1378954263300765,-3.0071774627669146
0.1324462890625,0.0,1.6,0.03125,-6.62147978394716,-1.8580549189801856,1.0,-4.119685418255431,-3.0028709851067674
0.1326904296875,0.0,1.6,0.03125,-6.600599255057873,-1.8502247206467028,1.0,-4.1014964379037355,-2.998564507446621
0.1329345703125,0.0,1.6,0.03125,-6.579739753891535,-1.842402407709326,1.0,-4.08332848527499,-2.9942580297864723
0.1331787109375,0.0,1.6,0.03125,-6.558901280448148,-1.8345879801680558,1.0,-4.065181560369194,-2.9899515521263273
0.1334228515625,0.0,1.6,0.03125,-6.5380838347277095,-1.8267814380228913,1.0,-4.047055663186348,-2.985645074466179
0.1336669921875,0.0,1.6,0.03125,-6.5172874167302215,-1.8189827812738335,1.0,-4.028950793726452,-2.9813385968060317
0.1339111328125,0.0,1.6,0.03125,-6.496512026455684,-1.8111920099208816,1.0,-4.010866951989506,-2.9770321191458846
0.1341552734375,0.0,1.6,0.03125,-6.475757663904096,-1.8034091239640362,1.0,-3.9928041379755097,-2.972725641485738
0.1343994140625,0.0,1.6,0.03125,-6.455024329075457,-1.7956341234032969,1.0,-3.974762351684464,-2.9684191638255903
0.1346435546875,0.0,1.6,0.03125,-6.434312021969769,-1.7878670082386638,1.0,-3.9567415931163676,-2.964112686165443
0.1348876953125,0.0,1.6,0.03125,-6.413620742587032,-1.7801077784701371,1.0,-3.938741862271222,-2.9598062085052965
0.1351318359375,0.0,1.6,0.03125,-6.392950490927243,-1.7723564340977163,1.0,-3.9207631591490255,-2.9554997308451476
0.1353759765625,0.0,1.6,0.03125,-6.372301266990405,-1.7646129751214024,1.0,-3.9028054837497788,-2.9511932531850027
0.1356201171875,0.0,1.6,0.03125,-6.351673070776516,-1.7568774015411939,1.0,-3.8848688360734824,-2.9468867755248542
0.1358642578125,0.0,1.6,0.03125,-6.3310659022855775,-1.7491497133570917,1.0,-3.8669532161201357,-2.942580297864707
0.1361083984375,0.0,1.6,0.03125,-6.310479761517589,-1.7414299105690962,1.0,-3.8490586238897393,-2.9382738202045604
0.1363525390625,0.0,1.6,0.03125,-6.289914648472551,-1.7337179931772067,1.0,-3.8311850593822925,-2.9339673425444133
0.1365966796875,0.0,1.6,0.03125,-6.269370563150462,-1.7260139611814234,1.0,-3.813332522597796,-2.9296608648842652
0.1368408203125,0.0,1.6,0.03125,-6.248847505551323,-1.7183178145817464,1.0,-3.7955010135362492,-2.925354387224118
0.1370849609375,0.0,1.6,0.03125,-6.228345475675135,-1.710629553378176,1.0,-3.777690532197652,-2.921047909563973
0.1373291015625,0.0,1.6,0.03125,-6.207864473521895,-1.702949177570711,1.0,-3.759901078582005,-2.916741431903825
0.1375732421875,0.0,1.6,0.03125,-6.187404499091607,-1.695276687159353,1.0,-3.7421326526893086,-2.912434954243678
0.1378173828125,0.0,1.6,0.03125,-6.1669655523842675,-1.6876120821441005,1.0,-3.7243852545195617,-2.9081284765835296
0.1380615234375,0.0,1.6,0.03125,-6.146547633399879,-1.6799553625249548,1.0,-3.7066588840727643,-2.9038219989233833
0.1383056640625,0.0,1.6,0.03125,-6.12615074213844,-1.672306528301915,1.0,-3.6889535413489174,-2.8995155212632353
0.1385498046875,0.0,1.6,0.03125,-6.10577487859995,-1.6646655794749816,1.0,-3.67126922634802,-2.8952090436030886
0.1387939453125,0.0,1.6,0.03125,-6.085420042784412,-1.6570325160441546,1.0,-3.653605939070073,-2.890902565942942
0.1390380859375,0.0,1.6,0.03125,-6.065086234691822,-1.6494073380094336,1.0,-3.6359636795150756,-2.8865960882827952
0.1392822265625,0.0,1.6,0.03125,-6.044773454322183,-1.641790045370819,1.0,-3.6183424476830286,-2.882289610622647
0.1395263671875,0.0,1.6,0.03125,-6.0244817016754935,-1.6341806381283102,1.0,-3.600742243573931,-2.8779831329624996
0.1397705078125,0.0,1.6,0.03125,-6.004210976751754,-1.6265791162819079,1.0,-3.583163067187783,-2.873676655302353
0.1400146484375,0.0,1.6,0.03125,-5.9839612795509645,-1.618985479831612,1.0,-3.5656049185245857,-2.8693701776422063
0.1402587890625,0.0,1.6,0.03125,-5.963732610073125,-1.611399728777422,1.0,-3.5480677975843378,-2.865063699982059
0.1405029296875,0.0,1.6,0.03125,-5.943524968318235,-1.6038218631193384,1.0,-3.5305517043670402,-2.8607572223219124
0.1407470703125,0.0,1.6,0.03125,-5.923338354286296,-1.5962518828573613,1.0,-3.5130566388726923,-2.8564507446617657
0.1409912109375,0.0,1.6,0.03125,-5.903172767977305,-1.5886897879914899,1.0,-3.4955826011012947,-2.8521442670016173
0.1412353515625,0.0,1.6,0.03125,-5.883028209391266,-1.5811355785217247,1.0,-3.4781295910528467,-2.84783778934147
0.1414794921875,0.0,1.6,0.03125,-5.862904678528176,-1.5735892544480663,1.0,-3.460697608727349,-2.8435313116813234
0.1417236328125,0.0,1.6,0.03125,-5.8428021753880355,-1.5660508157705135,1.0,-3.443286654124801,-2.8392248340211754
0.1419677734375,0.0,1.6,0.03125,-5.822720699970846,-1.5585202624890675,1.0,-3.4258967272452026,-2.8349183563610296
0.1422119140625,0.0,1.6,0.03125,-5.802660252276605,-1.5509975946037273,1.0,-3.4085278280885545,-2.8306118787008816
0.1424560546875,0.0,1.6,0.03125,-5.782620832305316,-1.543482812114494,1.0,-3.391179956654857,-2.826305401040735
0.1427001953125,0.0,1.6,0.03125,-5.762602440056975,-1.5359759150213659,1.0,-3.373853112944108,-2.8219989233805878
0.1429443359375,0.0,1.6,0.03125,-5.742605075531585,-1.5284769033243444,1.0,-3.35654729695631,-2.8176924457204393
0.1431884765625,0.0,1.6,0.03125,-5.722628738729145,-1.5209857770234296,1.0,-3.339262508691461,-2.8133859680602944
0.1434326171875,0.0,1.6,0.03125,-5.702673429649654,-1.5135025361186207,1.0,-3.3219987481495634,-2.809079490400146
0.1436767578125,0.0,1.6,0.03125,-5.6827391482931136,-1.506027180609918,1.0,-3.3047560153306144,-2.8047730127399992
0.1439208984375,0.0,1.6,0.03125,-5.662825894659523,-1.4985597104973214,1.0,-3.2875343102346157,-2.800466535079852
0.1441650390625,0.0,1.6,0.03125,-5.642933668748882,-1.4911001257808312,1.0,-3.2703336328615675,-2.796160057419704
0.1444091796875,0.0,1.6,0.03125,-5.623062470561192,-1.483648426460447,1.0,-3.253153983211469,-2.7918535797595565
0.1446533203125,0.0,1.6,0.03125,-5.603212300096451,-1.4762046125361694,1.0,-3.2359953612843197,-2.7875471020994103
0.1448974609375,0.0,1.6,0.03125,-5.58338315735466,-1.4687686840079979,1.0,-3.218857767080121,-2.783240624439263
0.1451416015625,0.0,1.6,0.03125,-5.5635750423358195,-1.4613406408759326,1.0,-3.201741200598872,-2.7789341467791164
0.1453857421875,0.0,1.6,0.03125,-5.543787955039929,-1.4539204831399737,1.0,-3.184645661840573,-2.7746276691189697
0.1456298828125,0.0,1.6,0.03125,-5.524021895466988,-1.4465082108001208,1.0,-3.167571150805224,-2.7703211914588226
0.1458740234375,0.0,1.6,0.03125,-5.5042768636169965,-1.439103823856374,1.0,-3.1505176674928252,-2.7660147137986746
0.1461181640625,0.0,1.6,0.03125,-5.4845528594899555,-1.4317073223087335,1.0,-3.133485211903376,-2.7617082361385275
0.1463623046875,0.0,1.6,0.03125,-5.464849883085864,-1.4243187061571994,1.0,-3.1164737840368764,-2.7574017584783808
0.1466064453125,0.0,1.6,0.03125,-5.445167934404723,-1.4169379754017712,1.0,-3.099483383893327,-2.7530952808182336
0.1468505859375,0.0,1.6,0.03125,-5.4255070134465315,-1.4095651300424497,1.0,-3.0825140114727283,-2.7487888031580856
0.1470947265625,0.0,1.6,0.03125,-5.4058671202112905,-1.4022001700792341,1.0,-3.065565666775079,-2.7444823254979385
0.1473388671875,0.0,1.6,0.03125,-5.386248254698999,-1.394843095512125,1.0,-3.0486383498003793,-2.740175847837792
0.1475830078125,0.0,1.6,0.03125,-5.366650416909658,-1.387493906341122,1.0,-3.03173206054863,-2.735869370177645
0.1478271484375,0.0,1.6,0.03125,-5.347073606843266,-1.380152602566225,1.0,-3.01484679901983,-2.7315628925174975
0.1480712890625,0.0,1.6,0.03125,-5.327517824499824,-1.3728191841874342,1.0,-2.9979825652139804,-2.72725641485735
0.1483154296875,0.0,1.6,0.03125,-5.307983069879333,-1.36549365120475,1.0,-2.981139359131081,-2.722949937197203
0.1485595703125,0.0,1.6,0.03125,-5.2884693429817915,-1.3581760036181718,1.0,-2.9643171807711313,-2.718643459537056
0.1488037109375,0.0,1.6,0.03125,-5.268976643807199,-1.3508662414276997,1.0,-2.9475160301341314,-2.714336981876908
0.1490478515625,0.0,1.6,0.03125,-5.249504972355558,-1.3435643646333344,1.0,-2.9307359072200816,-2.7100305042167623
0.1492919921875,0.0,1.6,0.03125,-5.230054328626865,-1.3362703732350747,1.0,-2.9139768120289813,-2.7057240265566147
0.1495361328125,0.0,1.6,0.03125,-5.210624712621123,-1.3289842672329213,1.0,-2.8972387445608314,-2.7014175488964667
0.1497802734375,0.0,1.6,0.03125,-5.1912161243383315,-1.3217060466268744,1.0,-2.8805217048156315,-2.69711107123632
0.1500244140625,0.0,1.6,0.03125,-5.171828563778489,-1.3144357114169338,1.0,-2.863825692793381,-2.6928045935761733
0.1502685546875,0.0,1.6,0.03125,-5.152462030941598,-1.307173261603099,1.0,-2.847150708494081,-2.6884981159160266
0.1505126953125,0.0,1.6,0.03125,-5.1331165258276545,-1.2999186971853707,1.0,-2.830496751917731,-2.684191638255878
0.1507568359375,0.0,1.6,0.03125,-5.113792048436663,-1.2926720181637488,1.0,-2.8138638230643305,-2.679885160595732
0.1510009765625,0.0,1.6,0.03125,-5.094488598768621,-1.285433224538233,1.0,-2.79725192193388,-2.675578682935585
0.1512451171875,0.0,1.6,0.03125,-5.075206176823528,-1.2782023163088232,1.0,-2.7806610485263796,-2.6712722052754376
0.1514892578125,0.0,1.6,0.03125,-5.055944782601386,-1.2709792934755197,1.0,-2.764091202841829,-2.6669657276152905
0.1517333984375,0.0,1.6,0.03125,-5.036704416102193,-1.2637641560383224,1.0,-2.7475423848802283,-2.6626592499551434
0.1519775390625,0.0,1.6,0.03125,-5.01748507732595,-1.2565569039972315,1.0,-2.731014594641578,-2.658352772294996
0.1522216796875,0.0,1.6,0.03125,-4.998286766272658,-1.249357537352247,1.0,-2.714507832125877,-2.65404629463485
0.1524658203125,0.0,1.6,0.03125,-4.979109482942315,-1.2421660561033683,1.0,-2.6980220973331264,-2.649739816974702
0.1527099609375,0.0,1.6,0.03125,-4.959953227334922,-1.2349824602505959,1.0,-2.6815573902633254,-2.645433339314555
0.1529541015625,0.0,1.6,0.03125,-4.940817999450479,-1.2278067497939298,1.0,-2.6651137109164744,-2.6411268616544072
0.1531982421875,0.0,1.6,0.03125,-4.921703799288986,-1.22063892473337,1.0,-2.6486910592925734,-2.6368203839942606
0.1534423828125,0.0,1.6,0.03125,-4.902610626850444,-1.2134789850689167,1.0,-2.6322894353916224,-2.6325139063341143
0.1536865234375,0.0,1.6,0.03125,-4.88353848213485,-1.2063269308005689,1.0,-2.6159088392136214,-2.628207428673966
0.1539306640625,0.0,1.6,0.03125,-4.864487365142207,-1.1991827619283275,1.0,-2.5995492707585703,-2.6239009510138183
0.1541748046875,0.0,1.6,0.03125,-4.845457275872514,-1.192046478452193,1.0,-2.5832107300264693,-2.6195944733536716
0.1544189453125,0.0,1.6,0.03125,-4.8264482143257705,-1.1849180803721642,1.0,-2.5668932170173178,-2.615287995693525
0.1546630859375,0.0,1.6,0.03125,-4.807460180501978,-1.1777975676882417,1.0,-2.5505967317311167,-2.6109815180333777
0.1549072265625,0.0,1.6,0.03125,-4.788493174401134,-1.1706849404004256,1.0,-2.534321274167865,-2.606675040373231
0.1551513671875,0.0,1.6,0.03125,-4.7695471960232405,-1.1635801985087153,1.0,-2.5180668443275636,-2.602368562713083
0.1553955078125,0.0,1.6,0.03125,-4.750622245368297,-1.1564833420131118,1.0,-2.501833442210212,-2.598062085052937
0.1556396484375,0.0,1.6,0.03125,-4.731718322436303,-1.1493943709136138,1.0,-2.4856210678158104,-2.5937556073927888
0.1558837890625,0.0,1.6,0.03125,-4.71283542722726,-1.1423132852102227,1.0,-2.4694297211443588,-2.589449129732642
0.1561279296875,0.0,1.6,0.03125,-4.693973559741166,-1.1352400849029376,1.0,-2.453259402195857,-2.5851426520724945
0.1563720703125,0.0,1.6,0.03125,-4.675132719978023,-1.1281747699917588,1.0,-2.4371101109703055,-2.580836174412348
0.1566162109375,0.0,1.6,0.03125,-4.656312907937829,-1.121117340476686,1.0,-2.4209818474677034,-2.576529696752201
0.1568603515625,0.0,1.6,0.03125,-4.637514123620585,-1.1140677963577197,1.0,-2.4048746116880517,-2.572223219092054
0.1571044921875,0.0,1.6,0.03125,-4.618736367026291,-1.1070261376348594,1.0,-2.3887884036313496,-2.567916741431907
0.1573486328125,0.0,1.6,0.03125,-4.599979638154947,-1.099992364308105,1.0,-2.3727232232975974,-2.5636102637717593
0.1575927734375,0.0,1.6,0.03125,-4.581243937006553,-1.0929664763774576,1.0,-2.3566790706867957,-2.5593037861116117
0.1578369140625,0.0,1.6,0.03125,-4.5625292635811086,-1.085948473842916,1.0,-2.3406559457989435,-2.554997308451464
0.1580810546875,0.0,1.6,0.03125,-4.543835617878615,-1.0789383567044808,1.0,-2.3246538486340413,-2.550690830791318
0.1583251953125,0.0,1.6,0.03125,-4.52516299989907,-1.0719361249621513,1.0,-2.3086727791920887,-2.5463843531311703
0.1585693359375,0.0,1.6,0.03125,-4.506511409642476,-1.0649417786159288,1.0,-2.2927127374730865,-2.5420778754710236
0.1588134765625,0.0,1.6,0.03125,-4.487880847108832,-1.057955317665812,1.0,-2.276773723477034,-2.537771397810876
0.1590576171875,0.0,1.6,0.03125,-4.469271312298138,-1.0509767421118017,1.0,-2.2608557372039315,-2.5334649201507298
0.1593017578125,0.0,1.6,0.03125,-4.450682805210393,-1.0440060519538976,1.0,-2.2449587786537792,-2.5291584424905826
0.1595458984375,0.0,1.6,0.03125,-4.432115325845598,-1.0370432471920994,1.0,-2.2290828478265765,-2.5248519648304346
0.1597900390625,0.0,1.6,0.03125,-4.4135688742037535,-1.0300883278264077,1.0,-2.2132279447223238,-2.5205454871702875
0.1600341796875,0.0,1.6,0.03125,-4.3950434502848585,-1.023141293856822,1.0,-2.197394069341021,-2.51623900951014
0.1602783203125,0.0,1.6,0.03125,-4.376539054088914,-1.016202145283343,1.0,-2.181581221682668,-2.511932531849993
0.1605224609375,0.0,1.6,0.03125,-4.358055685615919,-1.0092708821059697,1.0,-2.1657894017472654,-2.5076260541898456
0.1607666015625,0.0,1.6,0.03125,-4.339593344865874,-1.0023475043247032,1.0,-2.1500186095348126,-2.503319576529699
0.1610107421875,0.0,1.6,0.03125,-4.321152031838779,-0.9954320119395423,1.0,-2.13426884504531,-2.4990130988695514
0.1612548828125,0.0,1.6,0.03125,-4.302731746534635,-0.9885244049504882,1.0,-2.1185401082787565,-2.4947066212094056
0.1614990234375,0.0,1.6,0.03125,-4.2843324889534395,-0.98162468335754,1.0,-2.1028323992351536,-2.4904001435492575
0.1617431640625,0.0,1.6,0.03125,-4.265954259095194,-0.9747328471606981,1.0,-2.0871457179145003,-2.4860936658891104
0.1619873046875,0.0,1.6,0.03125,-4.247597056959899,-0.9678488963599624,1.0,-2.071480064316797,-2.4817871882289633
0.1622314453125,0.0,1.6,0.03125,-4.229260882547554,-0.960972830955333,1.0,-2.055835438442044,-2.477480710568816
0.1624755859375,0.0,1.6,0.03125,-4.210945735858159,-0.9541046509468099,1.0,-2.0402118402902407,-2.4731742329086694
0.1627197265625,0.0,1.6,0.03125,-4.192651616891713,-0.9472443563343926,1.0,-2.0246092698613873,-2.468867755248522
0.1629638671875,0.0,1.6,0.03125,-4.174378525648218,-0.9403919471180822,1.0,-2.0090277271554835,-2.464561277588376
0.1632080078125,0.0,1.6,0.03125,-4.156126462127673,-0.9335474232978774,1.0,-1.99346721217253,-2.4602547999282285
0.1634521484375,0.0,1.6,0.03125,-4.1378954263300765,-0.9267107848737788,1.0,-1.9779277249125267,-2.45594832226808
0.1636962890625,0.0,1.6,0.03125,-4.119685418255431,-0.9198820318457868,1.0,-1.9624092653754728,-2.4516418446079333
0.1639404296875,0.0,1.6,0.03125,-4.1014964379037355,-0.913061164213901,1.0,-1.9469118335613693,-2.447335366947786
0.1641845703125,0.0,1.6,0.03125,-4.08332848527499,-0.9062481819781215,1.0,-1.9314354294702154,-2.44302888928764
0.1644287109375,0.0,1.6,0.03125,-4.065181560369194,-0.8994430851384477,1.0,-1.9159800531020115,-2.4387224116274915
0.1646728515625,0.0,1.6,0.03125,-4.047055663186348,-0.8926458736948806,1.0,-1.9005457044567575,-2.434415933967345
0.1649169921875,0.0,1.6,0.03125,-4.028950793726452,-0.8858565476474195,1.0,-1.8851323835344536,-2.430109456307197
0.1651611328125,0.0,1.6,0.03125,-4.010866951989506,-0.8790751069960651,1.0,-1.8697400903350996,-2.4258029786470505
0.1654052734375,0.0,1.6,0.03125,-3.9928041379755097,-0.8723015517408164,1.0,-1.8543688248586956,-2.421496500986903
0.1656494140625,0.0,1.6,0.03125,-3.974762351684464,-0.8655358818816741,1.0,-1.8390185871052411,-2.4171900233267563
0.1658935546875,0.0,1.6,0.03125,-3.9567415931163676,-0.8587780974186382,1.0,-1.823689377074737,-2.4128835456666096
0.1661376953125,0.0,1.6,0.03125,-3.938741862271222,-0.8520281983517083,1.0,-1.8083811947671826,-2.408577068006463
0.1663818359375,0.0,1.6,0.03125,-3.9207631591490255,-0.8452861846808848,1.0,-1.7930940401825786,-2.4042705903463153
0.1666259765625,0.0,1.6,0.03125,-3.9028054837497788,-0.8385520564061671,1.0,-1.777827913320924,-2.3999641126861677
0.1668701171875,0.0,1.6,0.03125,-3.8848688360734824,-0.831825813527556,1.0,-1.7625828141822195,-2.395657635026021
0.1671142578125,0.0,1.6,0.03125,-3.8669532161201357,-0.8251074560450511,1.0,-1.747358742766465,-2.3913511573658734
0.1673583984375,0.0,1.6,0.03125,-3.8490586238897393,-0.8183969839586525,1.0,-1.7321556990736604,-2.3870446797057268
0.1676025390625,0.0,1.6,0.03125,-3.8311850593822925,-0.8116943972683599,1.0,-1.7169736831038058,-2.382738202045579
0.1678466796875,0.0,1.6,0.03125,-3.813332522597796,-0.8049996959741736,1.0,-1.7018126948569008,-2.3784317243854325
0.1680908203125,0.0,1.6,0.03125,-3.7955010135362492,-0.7983128800760936,1.0,-1.6866727343329462,-2.374125246725285
0.1683349609375,0.0,1.6,0.03125,-3.777690532197652,-0.7916339495741198,1.0,-1.6715538015319416,-2.3698187690651373
0.1685791015625,0.0,1.6,0.03125,-3.759901078582005,-0.7849629044682521,1.0,-1.6564558964538865,-2.3655122914049898
0.1688232421875,0.0,1.6,0.03125,-3.7421326526893086,-0.7782997447584911,1.0,-1.6413790190987814,-2.361205813744844
0.1690673828125,0.0,1.6,0.03125,-3.7243852545195617,-0.7716444704448358,1.0,-1.6263231694666263,-2.356899336084697
0.1693115234375,0.0,1.6,0.03125,-3.7066588840727643,-0.7649970815272868,1.0,-1.6112883475574211,-2.3525928584245497
0.1695556640625,0.0,1.6,0.03125,-3.6889535413489174,-0.7583575780058444,1.0,-1.596274553371166,-2.348286380764403
0.1697998046875,0.0,1.6,0.03125,-3.67126922634802,-0.7517259598805076,1.0,-1.5812817869078608,-2.3439799031042545
0.1700439453125,0.0,1.6,0.03125,-3.653605939070073,-0.7451022271512775,1.0,-1.5663100481675056,-2.339673425444108
0.1702880859375,0.0,1.6,0.03125,-3.6359636795150756,-0.7384863798181535,1.0,-1.5513593371501004,-2.3353669477839603
0.1705322265625,0.0,1.6,0.03125,-3.6183424476830286,-0.7318784178811361,1.0,-1.5364296538556448,-2.3310604701238145
0.1707763671875,0.0,1.6,0.03125,-3.600742243573931,-0.7252783413402244,1.0,-1.5215209982841396,-2.326753992463667
0.1710205078125,0.0,1.6,0.03125,-3.583163067187783,-0.7186861501954189,1.0,-1.5066333704355839,-2.3224475148035193
0.1712646484375,0.0,1.6,0.03125,-3.5656049185245857,-0.7121018444467198,1.0,-1.4917667703099782,-2.318141037143372
0.1715087890625,0.0,1.6,0.03125,-3.5480677975843378,-0.7055254240941269,1.0,-1.4769211979073225,-2.313834559483225
0.1717529296875,0.0,1.6,0.03125,-3.5305517043670402,-0.6989568891376402,1.0,-1.4620966532276167,-2.3095280818230774
0.1719970703125,0.0,1.6,0.03125,-3.5130566388726923,-0.6923962395772598,1.0,-1.447293136270861,-2.3052216041629303
0.1722412109375,0.0,1.6,0.03125,-3.4955826011012947,-0.6858434754129857,1.0,-1.4325106470370552,-2.300915126502783
0.1724853515625,0.0,1.6,0.03125,-3.4781295910528467,-0.6792985966448175,1.0,-1.4177491855261994,-2.2966086488426356
0.1727294921875,0.0,1.6,0.03125,-3.460697608727349,-0.6727616032727559,1.0,-1.4030087517382932,-2.2923021711824894
0.1729736328125,0.0,1.6,0.03125,-3.443286654124801,-0.6662324952968004,1.0,-1.3882893456733374,-2.287995693522342
0.1732177734375,0.0,1.6,0.03125,-3.4258967272452026,-0.659711272716951,1.0,-1.3735909673313311,-2.283689215862194
0.1734619140625,0.0,1.6,0.03125,-3.4085278280885545,-0.6531979355332082,1.0,-1.3589136167122748,-2.279382738202048
0.1737060546875,0.0,1.6,0.03125,-3.391179956654857,-0.6466924837455714,1.0,-1.3442572938161685,-2.2750762605419013
0.1739501953125,0.0,1.6,0.03125,-3.373853112944108,-0.6401949173540405,1.0,-1.3296219986430122,-2.270769782881753
0.1741943359375,0.0,1.6,0.03125,-3.35654729695631,-0.6337052363586165,1.0,-1.315007731192806,-2.266463305221607
0.1744384765625,0.0,1.6,0.03125,-3.339262508691461,-0.627223440759298,1.0,-1.3004144914655495,-2.2621568275614585
0.1746826171875,0.0,1.6,0.03125,-3.3219987481495634,-0.6207495305560864,1.0,-1.2858422794612432,-2.2578503499013127
0.1749267578125,0.0,1.6,0.03125,-3.3047560153306144,-0.6142835057489805,1.0,-1.2712910951798864,-2.253543872241165
0.1751708984375,0.0,1.6,0.03125,-3.2875343102346157,-0.607825366337981,1.0,-1.25676093862148,-2.2492373945810176
0.1754150390625,0.0,1.6,0.03125,-3.2703336328615675,-0.6013751123230879,1.0,-1.2422518097860231,-2.244930916920871
0.1756591796875,0.0,1.6,0.03125,-3.253153983211469,-0.5949327437043009,1.0,-1.2277637086735167,-2.2406244392607233
0.1759033203125,0.0,1.6,0.03125,-3.2359953612843197,-0.58849826048162,1.0,-1.2132966352839598,-2.236317961600576
0.1761474609375,0.0,1.6,0.03125,-3.218857767080121,-0.5820716626550455,1.0,-1.198850589617353,-2.232011483940429
0.1763916015625,0.0,1.6,0.03125,-3.201741200598872,-0.5756529502245772,1.0,-1.184425571673696,-2.227705006280282
0.1766357421875,0.0,1.6,0.03125,-3.184645661840573,-0.569242123190215,1.0,-1.170021581452989,-2.2233985286201348
0.1768798828125,0.0,1.6,0.03125,-3.167571150805224,-0.5628391815519591,1.0,-1.1556386189552321,-2.219092050959987
0.1771240234375,0.0,1.6,0.03125,-3.1505176674928252,-0.5564441253098096,1.0,-1.1412766841804247,-2.214785573299841
0.1773681640625,0.0,1.6,0.03125,-3.133485211903376,-0.5500569544637662,1.0,-1.1269357771285677,-2.210479095639694
0.1776123046875,0.0,1.6,0.03125,-3.1164737840368764,-0.5436776690138287,1.0,-1.1126158977996603,-2.206172617979546
0.1778564453125,0.0,1.6,0.03125,-3.099483383893327,-0.5373062689599978,1.0,-1.0983170461937029,-2.201866140319399
0.1781005859375,0.0,1.6,0.03125,-3.0825140114727283,-0.5309427543022732,1.0,-1.0840392223106958,-2.197559662659252
0.1783447265625,0.0,1.6,0.03125,-3.065565666775079,-0.5245871250406547,1.0,-1.0697824261506383,-2.1932531849991053
0.1785888671875,0.0,1.6,0.03125,-3.0486383498003793,-0.5182393811751423,1.0,-1.0555466577135308,-2.1889467073389577
0.1788330078125,0.0,1.6,0.03125,-3.03173206054863,-0.5118995227057364,1.0,-1.0413319169993733,-2.184640229678811
0.1790771484375,0.0,1.6,0.03125,-3.01484679901983,-0.5055675496324364,1.0,-1.0271382040081658,-2.1803337520186634
0.1793212890625,0.0,1.6,0.03125,-2.9979825652139804,-0.49924346195524283,1.0,-1.0129655187399078,-2.1760272743585163
0.1795654296875,0.0,1.6,0.03125,-2.981139359131081,-0.49292725967415557,1.0,-0.9988138611946002,-2.1717207966983696
0.1798095703125,0.0,1.6,0.03125,-2.9643171807711313,-0.4866189427891744,1.0,-0.9846832313722425,-2.1674143190382225
0.1800537109375,0.0,1.6,0.03125,-2.9475160301341314,-0.48031851130029946,1.0,-0.9705736292728344,-2.1631078413780753
0.1802978515625,0.0,1.6,0.03125,-2.9307359072200816,-0.4740259652075307,1.0,-0.9564850548963766,-2.158801363717928
0.1805419921875,0.0,1.6,0.03125,-2.9139768120289813,-0.46774130451086815,1.0,-0.9424175082428685,-2.1544948860577806
0.1807861328125,0.0,1.6,0.03125,-2.8972387445608314,-0.461464529210312,1.0,-0.9283709893123104,-2.150188408397634
0.1810302734375,0.0,1.6,0.03125,-2.8805217048156315,-0.45519563930586204,1.0,-0.9143454981047023,-2.1458819307374872
0.1812744140625,0.0,1.6,0.03125,-2.863825692793381,-0.44893463479751816,1.0,-0.9003410346200442,-2.1415754530773397
0.1815185546875,0.0,1.6,0.03125,-2.847150708494081,-0.44268151568528047,1.0,-0.8863575988583361,-2.1372689754171916
0.1817626953125,0.0,1.6,0.03125,-2.830496751917731,-0.4364362819691492,1.0,-0.8723951908195777,-2.1329624977570454
0.1820068359375,0.0,1.6,0.03125,-2.8138638230643305,-0.4301989336491241,1.0,-0.8584538105037693,-2.128656020096898
0.1822509765625,0.0,1.6,0.03125,-2.79725192193388,-0.4239694707252052,1.0,-0.844533457910911,-2.1243495424367507
0.1824951171875,0.0,1.6,0.03125,-2.7806610485263796,-0.41774789319739253,1.0,-0.8306341330410023,-2.120043064776604
0.1827392578125,0.0,1.6,0.03125,-2.764091202841829,-0.4115342010656861,1.0,-0.8167558358940439,-2.115736587116457
0.1829833984375,0.0,1.6,0.03125,-2.7475423848802283,-0.4053283943300857,1.0,-0.8028985664700352,-2.1114301094563093
0.1832275390625,0.0,1.6,0.03125,-2.731014594641578,-0.39913047299059184,1.0,-0.7890623247689765,-2.107123631796162
0.1834716796875,0.0,1.6,0.03125,-2.714507832125877,-0.39294043704720394,1.0,-0.7752471107908678,-2.1028171541360146
0.1837158203125,0.0,1.6,0.03125,-2.6980220973331264,-0.3867582864999225,1.0,-0.7614529245357089,-2.0985106764758683
0.1839599609375,0.0,1.6,0.03125,-2.6815573902633254,-0.38058402134874714,1.0,-0.7476797660035002,-2.0942041988157207
0.1842041015625,0.0,1.6,0.03125,-2.6651137109164744,-0.37441764159367796,1.0,-0.7339276351942412,-2.089897721155573
0.1844482421875,0.0,1.6,0.03125,-2.6486910592925734,-0.3682591472347152,1.0,-0.7201965321079322,-2.085591243495426
0.1846923828125,0.0,1.6,0.03125,-2.6322894353916224,-0.36210853827185846,1.0,-0.706486456744573,-2.081284765835279
0.1849365234375,0.0,1.6,0.03125,-2.6159088392136214,-0.35596581470510813,1.0,-0.692797409104164,-2.076978288175132
0.1851806640625,0.0,1.6,0.03125,-2.5995492707585703,-0.349830976534464,1.0,-0.6791293891867047,-2.072671810514985
0.1854248046875,0.0,1.6,0.03125,-2.5832107300264693,-0.34370402375992604,1.0,-0.6654823969921955,-2.068365332854838
0.1856689453125,0.0,1.6,0.03125,-2.5668932170173178,-0.3375849563814943,1.0,-0.6518564325206362,-2.064058855194691
0.1859130859375,0.0,1.6,0.03125,-2.5505967317311167,-0.33147377439916886,1.0,-0.6382514957720269,-2.0597523775345437
0.1861572265625,0.0,1.6,0.03125,-2.534321274167865,-0.3253704778129496,1.0,-0.6246675867463674,-2.0554458998743965
0.1864013671875,0.0,1.6,0.03125,-2.5180668443275636,-0.3192750666228365,1.0,-0.6111047054436578,-2.0511394222142494
0.1866455078125,0.0,1.6,0.03125,-2.501833442210212,-0.31318754082882966,1.0,-0.5975628518638985,-2.046832944554102
0.1868896484375,0.0,1.6,0.03125,-2.4856210678158104,-0.30710790043092906,1.0,-0.5840420260070887,-2.042526466893955
0.1871337890625,0.0,1.6,0.03125,-2.4694297211443588,-0.30103614542913465,1.0,-0.5705422278732291,-2.0382199892338075
0.1873779296875,0.0,1.6,0.03125,-2.453259402195857,-0.2949722758234466,1.0,-0.5570634574623192,-2.033913511573661
0.1876220703125,0.0,1.6,0.03125,-2.4371101109703055,-0.28891629161386473,1.0,-0.5436057147743594,-2.029607033913514
0.1878662109375,0.0,1.6,0.03125,-2.4209818474677034,-0.28286819280038883,1.0,-0.5301689998093495,-2.025300556253366
0.1881103515625,0.0,1.6,0.03125,-2.4048746116880517,-0.27682797938301956,1.0,-0.5167533125672896,-2.0209940785932194
0.1883544921875,0.0,1.6,0.03125,-2.3887884036313496,-0.27079565136175626,1.0,-0.5033586530481797,-2.016687600933072
0.1885986328125,0.0,1.6,0.03125,-2.3727232232975974,-0.26477120873659915,1.0,-0.4899850212520196,-2.0123811232729247
0.1888427734375,0.0,1.6,0.03125,-2.3566790706867957,-0.2587546515075485,1.0,-0.47663241717880944,-2.008074645612778
0.1890869140625,0.0,1.6,0.03125,-2.3406559457989435,-0.252745979674604,1.0,-0.4633008408285493,-2.003768167952631
0.1893310546875,0.0,1.6,0.03125,-2.3246538486340413,-0.24674519323776567,1.0,-0.4499902922012391,-1.9994616902924838
0.1895751953125,0.0,1.6,0.03125,-2.3086727791920887,-0.24075229219703342,1.0,-0.4367007712968787,-1.9951552126323362
0.1898193359375,0.0,1.6,0.03125,-2.2927127374730865,-0.23476727655240753,1.0,-0.42343227811546824,-1.9908487349721893
0.1900634765625,0.0,1.6,0.03125,-2.276773723477034,-0.228790146303888,1.0,-0.4101848126570078,-1.9865422573120426
0.1903076171875,0.0,1.6,0.03125,-2.2608557372039315,-0.2228209014514744,1.0,-0.3969583749214973,-1.9822357796518948
0.1905517578125,0.0,1.6,0.03125,-2.2449587786537792,-0.2168595419951673,1.0,-0.38375296490893684,-1.9779293019917479
0.1907958984375,0.0,1.6,0.03125,-2.2290828478265765,-0.21090606793496627,1.0,-0.3705685826193261,-1.9736228243316007
0.1910400390625,0.0,1.6,0.03125,-2.2132279447223238,-0.20496047927087147,1.0,-0.3574052280526654,-1.9693163466714534
0.1912841796875,0.0,1.6,0.03125,-2.197394069341021,-0.199022776002883,1.0,-0.34426290120895464,-1.9650098690113063
0.1915283203125,0.0,1.6,0.03125,-2.181581221682668,-0.19309295813100064,1.0,-0.3311416020881939,-1.9607033913511591
0.1917724609375,0.0,1.6,0.03125,-2.1657894017472654,-0.18717102565522462,1.0,-0.3180413306903831,-1.9563969136910118
0.1920166015625,0.0,1.6,0.03125,-2.1500186095348126,-0.1812569785755548,1.0,-0.3049620870155221,-1.9520904360308649
0.1922607421875,0.0,1.6,0.03125,-2.13426884504531,-0.17535081689199122,1.0,-0.29190387106361104,-1.9477839583707182
0.1925048828125,0.0,1.6,0.03125,-2.1185401082787565,-0.16945254060453385,1.0,-0.27886668283465,-1.9434774807105706
0.1927490234375,0.0,1.6,0.03125,-2.1028323992351536,-0.1635621497131827,1.0,-0.2658505223286389,-1.9391710030504237
0.1929931640625,0.0,1.6,0.03125,-2.0871457179145003,-0.15767964421793776,1.0,-0.2528553895455776,-1.9348645253902765
0.1932373046875,0.0,1.6,0.03125,-2.071480064316797,-0.15180502411879904,1.0,-0.2398812844854663,-1.9305580477301294
0.1934814453125,0.0,1.6,0.03125,-2.055835438442044,-0.14593828941576667,1.0,-0.22692820714830497,-1.9262515700699827
0.1937255859375,0.0,1.6,0.03125,-2.0402118402902407,-0.14007944010884038,1.0,-0.21399615753409362,-1.9219450924098356
0.1939697265625,0.0,1.6,0.03125,-2.0246092698613873,-0.1342284761980203,1.0,-0.20108513564283226,-1.9176386147496882
0.1942138671875,0.0,1.6,0.03125,-2.0090277271554835,-0.12838539768330645,1.0,-0.18819514147452066,-1.9133321370895409
0.1944580078125,0.0,1.6,0.03125,-1.99346721217253,-0.12255020456469895,1.0,-0.17532617502915926,-1.9090256594293935
0.1947021484375,0.0,1.6,0.03125,-1.9779277249125267,-0.11672289684219767,1.0,-0.16247823630674763,-1.9047191817692468
0.1949462890625,0.0,1.6,0.03125,-1.9624092653754728,-0.11090347451580246,1.0,-0.14965132530728575,-1.9004127041090995
0.1951904296875,0.0,1.6,0.03125,-1.9469118335613693,-0.1050919375855136,1.0,-0.1368454420307741,-1.8961062264489525
0.1954345703125,0.0,1.6,0.03125,-1.9314354294702154,-0.09928828605133083,1.0,-0.12406058647721219,-1.8917997487888052
0.1956787109375,0.0,1.6,0.03125,-1.9159800531020115,-0.09349251991325441,1.0,-0.11129675864660027,-1.887493271128658
0.1959228515625,0.0,1.6,0.03125,-1.9005457044567575,-0.08770463917128421,1.0,-0.09855395853893834,-1.883186793468511
0.1961669921875,0.0,1.6,0.03125,-1.8851323835344536,-0.08192464382542022,1.0,-0.08583218615422639,-1.8788803158083638
0.1964111328125,0.0,1.6,0.03125,-1.8697400903350996,-0.07615253387566245,1.0,-0.07313144149246442,-1.8745738381482164
0.1966552734375,0.0,1.6,0.03125,-1.8543688248586956,-0.0703883093220109,1.0,-0.06045172455365222,-1.8702673604880695
0.1968994140625,0.0,1.6,0.03125,-1.8390185871052411,-0.06463197016446556,1.0,-0.04779303533779,-1.865960882827922
0.1971435546875,0.0,1.6,0.03125,-1.823689377074737,-0.05888351640302658,1.0,-0.03515537384487777,-1.8616544051677753
0.1973876953125,0.0,1.6,0.03125,-1.8083811947671826,-0.05314294803769354,1.0,-0.022538740074915298,-1.857347927507628
0.1976318359375,0.0,1.6,0.03125,-1.7930940401825786,-0.04741026506846713,1.0,-0.009943134027903033,-1.8530414498474812
0.1978759765625,0.0,1.6,0.03125,-1.777827913320924,-0.041685467495346656,1.0,0.0026314442961594686,-1.8487349721873338
0.1981201171875,0.0,1.6,0.03125,-1.7625828141822195,-0.0359685553183324,1.0,0.015184994897271986,-1.8444284945271865
0.1983642578125,0.0,1.6,0.03125,-1.747358742766465,-0.0302595285374245,1.0,0.02771751777543452,-1.8401220168670394
0.1986083984375,0.0,1.6,0.03125,-1.7321556990736604,-0.02455838715262268,1.0,0.04022901293064718,-1.8358155392068922
0.1988525390625,0.0,1.6,0.03125,-1.7169736831038058,-0.018865131163927212,1.0,0.052719480362909854,-1.831509061546745
0.1990966796875,0.0,1.6,0.03125,-1.7018126948569008,-0.013179760571337823,1.0,0.06518892007222266,-1.8272025838865975
0.1993408203125,0.0,1.6,0.03125,-1.6866727343329462,-0.007502275374854928,1.0,0.07763733205858547,-1.8228961062264508
0.1995849609375,0.0,1.6,0.03125,-1.6715538015319416,-0.0018326755744781098,1.0,0.0900647163219983,-1.818589628566304
0.1998291015625,0.0,1.6,0.03125,-1.6564558964538865,0.0038290388297924915,1.0,0.10247107286246127,-1.8142831509061565
0.2000732421875,0.0,1.6,0.03125,-1.6413790190987814,0.009482867837956876,1.0,0.11485640167997435,-1.8099766732460094
0.2003173828125,0.0,1.6,0.03125,-1.6263231694666263,0.015128811450015045,1.0,0.12722070277453745,-1.805670195585862
0.2005615234375,0.0,1.6,0.03125,-1.6112883475574211,0.020766869665966997,1.0,0.13956397614615057,-1.801363717925715
0.2008056640625,0.0,1.6,0.03125,-1.596274553371166,0.026397042485812663,1.0,0.1518862217948138,-1.7970572402655678
0.2010498046875,0.0,1.6,0.03125,-1.5812817869078608,0.03201932990955211,1.0,0.16418743972052707,-1.7927507626054209
0.2012939453125,0.0,1.6,0.03125,-1.5663100481675056,0.03763373193718528,1.0,0.17646762992329035,-1.7884442849452737
0.2015380859375,0.0,1.6,0.03125,-1.5513593371501004,0.043240248568712225,1.0,0.18872679240310375,-1.7841378072851268
0.2017822265625,0.0,1.6,0.03125,-1.5364296538556448,0.048838879804133095,1.0,0.20096492715996717,-1.7798313296249793
0.2020263671875,0.0,1.6,0.03125,-1.5215209982841396,0.05442962564344761,1.0,0.2131820341938807,-1.7755248519648326
0.2022705078125,0.0,1.6,0.03125,-1.5066333704355839,0.06001248608665598,1.0,0.22537811350484427,-1.7712183743046852
0.2025146484375,0.0,1.6,0.03125,-1.4917667703099782,0.06558746113375813,1.0,0.23755316509285795,-1.7669118966445378
0.2027587890625,0.0,1.6,0.03125,-1.4769211979073225,0.071154550784754,1.0,0.24970718895792166,-1.7626054189843907
0.2030029296875,0.0,1.6,0.03125,-1.4620966532276167,0.07671375503964364,1.0,0.2618401851000355,-1.7582989413242438
0.2032470703125,0.0,1.6,0.03125,-1.447293136270861,0.08226507389842708,1.0,0.2739521535191992,-1.7539924636640964
0.2034912109375,0.0,1.6,0.03125,-1.4325106470370552,0.08780850736110422,1.0,0.2860430942154132,-1.7496859860039495
0.2037353515625,0.0,1.6,0.03125,-1.4177491855261994,0.09334405542767515,1.0,0.29811300718867717,-1.7453795083438026
0.2039794921875,0.0,1.6,0.03125,-1.4030087517382932,0.09887171809813994,1.0,0.31016189243899117,-1.7410730306836553
0.2042236328125,0.0,1.6,0.03125,-1.3882893456733374,0.10439149537249837,1.0,0.3221897499663552,-1.7367665530235084
0.2044677734375,0.0,1.6,0.03125,-1.3735909673313311,0.10990338725075079,1.0,0.33419657977076933,-1.7324600753633608
0.2047119140625,0.0,1.6,0.03125,-1.3589136167122748,0.11540739373289685,1.0,0.3461823818522336,-1.7281535977032136
0.2049560546875,0.0,1.6,0.03125,-1.3442572938161685,0.1209035148189367,1.0,0.3581471562107479,-1.7238471200430665
0.2052001953125,0.0,1.6,0.03125,-1.3296219986430122,0.12639175050887033,1.0,0.3700909028463122,-1.7195406423829191
0.2054443359375,0.0,1.6,0.03125,-1.315007731192806,0.13187210080269773,1.0,0.3820136217589266,-1.715234164722772
0.2056884765625,0.0,1.6,0.03125,-1.3004144914655495,0.13734456570041886,1.0,0.39391531294859106,-1.710927687062625
0.2059326171875,0.0,1.6,0.03125,-1.2858422794612432,0.14280914520203372,1.0,0.4057959764153056,-1.7066212094024782
0.2061767578125,0.0,1.6,0.03125,-1.2712910951798864,0.14826583930754256,1.0,0.4176556121590702,-1.7023147317423306
0.2064208984375,0.0,1.6,0.03125,-1.25676093862148,0.15371464801694495,1.0,0.4294942201798848,-1.6980082540821837
0.2066650390625,0.0,1.6,0.03125,-1.2422518097860231,0.15915557133024122,1.0,0.44131180047774954,-1.6937017764220363
0.2069091796875,0.0,1.6,0.03125,-1.2277637086735167,0.16458860924743113,1.0,0.4531083530526643,-1.6893952987618897
0.2071533203125,0.0,1.6,0.03125,-1.2132966352839598,0.17001376176851496,1.0,0.46488387790462915,-1.6850888211017425
0.2073974609375,0.0,1.6,0.03125,-1.198850589617353,0.17543102889349257,1.0,0.47663837503364404,-1.6807823434415952
0.2076416015625,0.0,1.6,0.03125,-1.184425571673696,0.18084041062236392,1.0,0.48837184443970905,-1.6764758657814482
0.2078857421875,0.0,1.6,0.03125,-1.170021581452989,0.18624190695512902,1.0,0.5000842861228241,-1.6721693881213011
0.2081298828125,0.0,1.6,0.03125,-1.1556386189552321,0.19163551789178784,1.0,0.5117757000829891,-1.6678629104611542
0.2083740234375,0.0,1.6,0.03125,-1.1412766841804247,0.19702124343234068,1.0,0.5234460863202043,-1.6635564328010064
0.2086181640625,0.0,1.6,0.03125,-1.1269357771285677,0.202399083576787,1.0,0.5350954448344695,-1.6592499551408597
0.2088623046875,0.0,1.6,0.03125,-1.1126158977996603,0.2077690383251273,1.0,0.5467237756257848,-1.6549434774807124
0.2091064453125,0.0,1.6,0.03125,-1.0983170461937029,0.21313110767736135,1.0,0.5583310786941501,-1.650636999820565
0.2093505859375,0.0,1.6,0.03125,-1.0840392223106958,0.218485291633489,1.0,0.5699173540395654,-1.6463305221604183
0.2095947265625,0.0,1.6,0.03125,-1.0697824261506383,0.22383159019351054,1.0,0.5814826016620309,-1.6420240445002712
0.2098388671875,0.0,1.6,0.03125,-1.0555466577135308,0.22917000335742585,1.0,0.5930268215615465,-1.637717566840124
0.2100830078125,0.0,1.6,0.03125,-1.0413319169993733,0.23450053112523495,1.0,0.6045500137381121,-1.633411089179977
0.2103271484375,0.0,1.6,0.03125,-1.0271382040081658,0.23982317349693777,1.0,0.6160521781917278,-1.6291046115198298
0.2105712890625,0.0,1.6,0.03125,-1.0129655187399078,0.2451379304725345,1.0,0.6275333149223934,-1.6247981338596822
0.2108154296875,0.0,1.6,0.03125,-0.9988138611946002,0.25044480205202485,1.0,0.6389934239301092,-1.620491656199535
0.2110595703125,0.0,1.6,0.03125,-0.9846832313722425,0.255743788235409,1.0,0.6504325052148751,-1.6161851785393881
0.2113037109375,0.0,1.6,0.03125,-0.9705736292728344,0.261034889022687,1.0,0.661850558776691,-1.6118787008792408
0.2115478515625,0.0,1.6,0.03125,-0.9564850548963766,0.26631810441385867,1.0,0.673247584615557,-1.607572223219094
0.2117919921875,0.0,1.6,0.03125,-0.9424175082428685,0.2715934344089242,1.0,0.6846235827314731,-1.6032657455589467
0.2120361328125,0.0,1.6,0.03125,-0.9283709893123104,0.2768608790078835,1.0,0.6959785531244391,-1.5989592678987994
0.2122802734375,0.0,1.6,0.03125,-0.9143454981047023,0.28212043821073657,1.0,0.7073124957944552,-1.5946527902386523
0.2125244140625,0.0,1.6,0.03125,-0.9003410346200442,0.28737211201748336,1.0,0.7186254107415215,-1.5903463125785053
0.2127685546875,0.0,1.6,0.03125,-0.8863575988583361,0.29261590042812385,1.0,0.7299172979656378,-1.5860398349183584
0.2130126953125,0.0,1.6,0.03125,-0.8723951908195777,0.2978518034426583,1.0,0.741188157466804,-1.5817333572582108
0.2132568359375,0.0,1.6,0.03125,-0.8584538105037693,0.30307982106108644,1.0,0.7524379892450205,-1.5774268795980637
0.2135009765625,0.0,1.6,0.03125,-0.844533457910911,0.3082999532834083,1.0,0.763666793300287,-1.5731204019379168
0.2137451171875,0.0,1.6,0.03125,-0.8306341330410023,0.3135122001096241,1.0,0.7748745696326035,-1.5688139242777694
0.2139892578125,0.0,1.6,0.03125,-0.8167558358940439,0.31871656153973343,1.0,0.7860613182419701,-1.5645074466176228
0.2142333984375,0.0,1.6,0.03125,-0.8028985664700352,0.32391303757373674,1.0,0.7972270391283868,-1.5602009689574752
0.2144775390625,0.0,1.6,0.03125,-0.7890623247689765,0.3291016282116338,1.0,0.8083717322918534,-1.555894491297328
0.2147216796875,0.0,1.6,0.03125,-0.7752471107908678,0.3342823334534245,1.0,0.8194953977323702,-1.551588013637181
0.2149658203125,0.0,1.6,0.03125,-0.7614529245357089,0.33945515329910914,1.0,0.8305980354499372,-1.5472815359770338
0.2152099609375,0.0,1.6,0.03125,-0.7476797660035002,0.3446200877486874,1.0,0.841679645444554,-1.5429750583168866
0.2154541015625,0.0,1.6,0.03125,-0.7339276351942412,0.34977713680215944,1.0,0.852740227716221,-1.53866858065674
0.2156982421875,0.0,1.6,0.03125,-0.7201965321079322,0.35492630045952533,1.0,0.863779782264938,-1.5343621029965926
0.2159423828125,0.0,1.6,0.03125,-0.706486456744573,0.36006757872078504,1.0,0.8747983090907051,-1.530055625336445
0.2161865234375,0.0,1.6,0.03125,-0.692797409104164,0.36520097158593845,1.0,0.8857958081935222,-1.525749147676298
0.2164306640625,0.0,1.6,0.03125,-0.6791293891867047,0.37032647905498567,1.0,0.8967722795733895,-1.521442670016151
0.2166748046875,0.0,1.6,0.03125,-0.6654823969921955,0.37544410112792664,1.0,0.9077277232303068,-1.5171361923560038
0.2169189453125,0.0,1.6,0.03125,-0.6518564325206362,0.3805538378047614,1.0,0.9186621391642741,-1.5128297146958567
0.2171630859375,0.0,1.6,0.03125,-0.6382514957720269,0.38565568908548986,1.0,0.9295755273752916,-1.5085232370357096
0.2174072265625,0.0,1.6,0.03125,-0.6246675867463674,0.39074965497011216,1.0,0.940467887863359,-1.5042167593755624
0.2176513671875,0.0,1.6,0.03125,-0.6111047054436578,0.3958357354586282,1.0,0.9513392206284765,-1.4999102817154153
0.2178955078125,0.0,1.6,0.03125,-0.5975628518638985,0.40091393055103797,1.0,0.9621895256706442,-1.4956038040552686
0.2181396484375,0.0,1.6,0.03125,-0.5840420260070887,0.40598424024734164,1.0,0.9730188029898618,-1.491297326395121
0.2183837890625,0.0,1.6,0.03125,-0.5705422278732291,0.411046664547539,1.0,0.9838270525861296,-1.486990848734974
0.2186279296875,0.0,1.6,0.03125,-0.5570634574623192,0.4161012034516302,1.0,0.9946142744594473,-1.4826843710748265
0.2188720703125,0.0,1.6,0.03125,-0.5436057147743594,0.42114785695961515,1.0,1.0053804686098151,-1.4783778934146792
0.2191162109375,0.0,1.6,0.03125,-0.5301689998093495,0.4261866250714939,1.0,1.0161256350372332,-1.4740714157545325
0.2193603515625,0.0,1.6,0.03125,-0.5167533125672896,0.43121750778726636,1.0,1.026849773741701,-1.4697649380943851
0.2196044921875,0.0,1.6,0.03125,-0.5033586530481797,0.4362405051069325,1.0,1.0375528847232192,-1.4654584604342384
0.2198486328125,0.0,1.6,0.03125,-0.4899850212520196,0.44125561703049265,1.0,1.0482349679817873,-1.461151982774091
0.2200927734375,0.0,1.6,0.03125,-0.47663241717880944,0.44626284355794643,1.0,1.0588960235174054,-1.456845505113944
0.2203369140625,0.0,1.6,0.03125,-0.4633008408285493,0.45126218468929397,1.0,1.0695360513300736,-1.4525390274537968
0.2205810546875,0.0,1.6,0.03125,-0.4499902922012391,0.45625364042453526,1.0,1.080155051419792,-1.44823254979365
0.2208251953125,0.0,1.6,0.03125,-0.4367007712968787,0.4612372107636704,1.0,1.0907530237865604,-1.4439260721335025
0.2210693359375,0.0,1.6,0.03125,-0.42343227811546824,0.4662128957066994,1.0,1.1013299684303788,-1.4396195944733554
0.2213134765625,0.0,1.6,0.03125,-0.4101848126570078,0.471180695253622,1.0,1.1118858853512472,-1.4353131168132083
0.2215576171875,0.0,1.6,0.03125,-0.3969583749214973,0.4761406094044385,1.0,1.1224207745491657,-1.431006639153061
0.2218017578125,0.0,1.6,0.03125,-0.38375296490893684,0.4810926381591486,1.0,1.1329346360241344,-1.426700161492914
0.2220458984375,0.0,1.6,0.03125,-0.3705685826193261,0.4860367815177527,1.0,1.143427469776153,-1.4223936838327669
0.2222900390625,0.0,1.6,0.03125,-0.3574052280526654,0.4909730394802504,1.0,1.1538992758052218,-1.4180872061726197
0.2225341796875,0.0,1.6,0.03125,-0.34426290120895464,0.49590141204664195,1.0,1.1643500541113405,-1.4137807285124724
0.2227783203125,0.0,1.6,0.03125,-0.3311416020881939,0.5008218992169272,1.0,1.1747798046945093,-1.4094742508523252
0.2230224609375,0.0,1.6,0.03125,-0.3180413306903831,0.5057345009911063,1.0,1.1851885275547283,-1.4051677731921783
0.2232666015625,0.0,1.6,0.03125,-0.3049620870155221,0.5106392173691792,1.0,1.1955762226919973,-1.400861295532031
0.2235107421875,0.0,1.6,0.03125,-0.29190387106361104,0.5155360483511459,1.0,1.2059428901063163,-1.3965548178718838
0.2237548828125,0.0,1.6,0.03125,-0.27886668283465,0.5204249939370061,1.0,1.2162885297976853,-1.3922483402117367
0.2239990234375,0.0,1.6,0.03125,-0.2658505223286389,0.5253060541267603,1.0,1.2266131417661046,-1.3879418625515898
0.2242431640625,0.0,1.6,0.03125,-0.2528553895455776,0.5301792289204084,1.0,1.2369167260115739,-1.3836353848914424
0.2244873046875,0.0,1.6,0.03125,-0.2398812844854663,0.5350445183179501,1.0,1.2471992825340932,-1.3793289072312953
0.2247314453125,0.0,1.6,0.03125,-0.22692820714830497,0.5399019223193855,1.0,1.2574608113336625,-1.3750224295711482
0.2249755859375,0.0,1.6,0.03125,-0.21399615753409362,0.5447514409247148,1.0,1.2677013124102818,-1.3707159519110008
0.2252197265625,0.0,1.6,0.03125,-0.20108513564283226,0.5495930741339379,1.0,1.2779207857639514,-1.366409474250854
0.2254638671875,0.0,1.6,0.03125,-0.18819514147452066,0.5544268219470547,1.0,1.288119231394671,-1.3621029965907068
0.2257080078125,0.0,1.6,0.03125,-0.17532617502915926,0.5592526843640653,1.0,1.2982966493024406,-1.3577965189305599
0.2259521484375,0.0,1.6,0.03125,-0.16247823630674763,0.5640706613849696,1.0,1.3084530394872602,-1.3534900412704125
0.2261962890625,0.0,1.6,0.03125,-0.14965132530728575,0.5688807530097678,1.0,1.3185884019491299,-1.3491835636102651
0.2264404296875,0.0,1.6,0.03125,-0.1368454420307741,0.5736829592384597,1.0,1.3287027366880497,-1.3448770859501182
0.2266845703125,0.0,1.6,0.03125,-0.12406058647721219,0.5784772800710454,1.0,1.3387960437040196,-1.340570608289971
0.2269287109375,0.0,1.6,0.03125,-0.11129675864660027,0.5832637155075249,1.0,1.3488683229970395,-1.3362641306298237
0.2271728515625,0.0,1.6,0.03125,-0.09855395853893834,0.5880422655478981,1.0,1.3589195745671094,-1.3319576529696766
0.2274169921875,0.0,1.6,0.03125,-0.08583218615422639,0.5928129301921651,1.0,1.3689497984142296,-1.3276511753095297
0.2276611328125,0.0,1.6,0.03125,-0.07313144149246442,0.5975757094403258,1.0,1.3789589945383995,-1.3233446976493826
0.2279052734375,0.0,1.6,0.03125,-0.06045172455365222,0.6023306032923804,1.0,1.38894716293962,-1.3190382199892356
0.2281494140625,0.0,1.6,0.03125,-0.04779303533779,0.6070776117483287,1.0,1.3989143036178902,-1.3147317423290883
0.2283935546875,0.0,1.6,0.03125,-0.03515537384487777,0.6118167348081708,1.0,1.4088604165732104,-1.3104252646689412
0.2286376953125,0.0,1.6,0.03125,-0.022538740074915298,0.6165479724719067,1.0,1.4187855018055808,-1.306118787008794
0.2288818359375,0.0,1.6,0.03125,-0.009943134027903033,0.6212713247395363,1.0,1.4286895593150013,-1.3018123093486471
0.2291259765625,0.0,1.6,0.03125,0.0026314442961594686,0.6259867916110597,1.0,1.4385725891014718,-1.2975058316885
0.2293701171875,0.0,1.6,0.03125,0.015184994897271986,0.6306943730864769,1.0,1.4484345911649923,-1.2931993540283526
0.2296142578125,0.0,1.6,0.03125,0.02771751777543452,0.6353940691657879,1.0,1.4582755655055628,-1.2888928763682055
0.2298583984375,0.0,1.6,0.03125,0.04022901293064718,0.6400858798489926,1.0,1.4680955121231836,-1.2845863987080586
0.2301025390625,0.0,1.6,0.03125,0.052719480362909854,0.6447698051360912,1.0,1.4778944310178543,-1.2802799210479112
0.2303466796875,0.0,1.6,0.03125,0.06518892007222266,0.6494458450270835,1.0,1.487672322189575,-1.2759734433877636
0.2305908203125,0.0,1.6,0.03125,0.07763733205858547,0.6541139995219695,1.0,1.497429185638346,-1.271666965727617
0.2308349609375,0.0,1.6,0.03125,0.0900647163219983,0.6587742686207494,1.0,1.507165021364167,-1.2673604880674698
0.2310791015625,0.0,1.6,0.03125,0.10247107286246127,0.6634266523234229,1.0,1.5168798293670378,-1.2630540104073225
0.2313232421875,0.0,1.6,0.03125,0.11485640167997435,0.6680711506299903,1.0,1.5265736096469589,-1.2587475327471753
0.2315673828125,0.0,1.6,0.03125,0.12722070277453745,0.6727077635404516,1.0,1.53624636220393,-1.2544410550870282
0.2318115234375,0.0,1.6,0.03125,0.13956397614615057,0.6773364910548064,1.0,1.5458980870379513,-1.2501345774268815
0.2320556640625,0.0,1.6,0.03125,0.1518862217948138,0.6819573331730552,1.0,1.5555287841490224,-1.245828099766734
0.2322998046875,0.0,1.6,0.03125,0.16418743972052707,0.6865702898951976,1.0,1.5651384535371438,-1.2415216221065868
0.2325439453125,0.0,1.6,0.03125,0.17646762992329035,0.6911753612212338,1.0,1.5747270952023151,-1.2372151444464399
0.2327880859375,0.0,1.6,0.03125,0.18872679240310375,0.6957725471511639,1.0,1.5842947091445365,-1.2329086667862925
0.2330322265625,0.0,1.6,0.03125,0.20096492715996717,0.7003618476849877,1.0,1.593841295363808,-1.2286021891261454
0.2332763671875,0.0,1.6,0.03125,0.2131820341938807,0.7049432628227051,1.0,1.6033668538601296,-1.2242957114659982
0.2335205078125,0.0,1.6,0.03125,0.22537811350484427,0.7095167925643165,1.0,1.6128713846335012,-1.2199892338058513
0.2337646484375,0.0,1.6,0.03125,0.23755316509285795,0.7140824369098216,1.0,1.6223548876839229,-1.2156827561457042
0.2340087890625,0.0,1.6,0.03125,0.24970718895792166,0.7186401958592206,1.0,1.6318173630113946,-1.2113762784855568
0.2342529296875,0.0,1.6,0.03125,0.2618401851000355,0.7231900694125133,1.0,1.6412588106159163,-1.2070698008254093
0.2344970703125,0.0,1.6,0.03125,0.2739521535191992,0.7277320575696996,1.0,1.6506792304974884,-1.202763323165263
0.2347412109375,0.0,1.6,0.03125,0.2860430942154132,0.7322661603307798,1.0,1.6600786226561102,-1.1984568455051154
0.2349853515625,0.0,1.6,0.03125,0.29811300718867717,0.7367923776957539,1.0,1.6694569870917824,-1.1941503678449683
0.2352294921875,0.0,1.6,0.03125,0.31016189243899117,0.7413107096646216,1.0,1.6788143238045041,-1.1898438901848207
0.2354736328125,0.0,1.6,0.03125,0.3221897499663552,0.7458211562373831,1.0,1.6881506327942764,-1.185537412524674
0.2357177734375,0.0,1.6,0.03125,0.33419657977076933,0.7503237174140385,1.0,1.6974659140610986,-1.181230934864527
0.2359619140625,0.0,1.6,0.03125,0.3461823818522336,0.7548183931945875,1.0,1.7067601676049708,-1.1769244572043798
0.2362060546875,0.0,1.6,0.03125,0.3581471562107479,0.7593051835790304,1.0,1.7160333934258931,-1.1726179795442324
0.2364501953125,0.0,1.6,0.03125,0.3700909028463122,0.763784088567367,1.0,1.7252855915238654,-1.1683115018840853
0.2366943359375,0.0,1.6,0.03125,0.3820136217589266,0.7682551081595975,1.0,1.734516761898888,-1.164005024223938
0.2369384765625,0.0,1.6,0.03125,0.39391531294859106,0.7727182423557216,1.0,1.7437269045509605,-1.1596985465637912
0.2371826171875,0.0,1.6,0.03125,0.4057959764153056,0.7771734911557395,1.0,1.752916019480083,-1.155392068903644
0.2374267578125,0.0,1.6,0.03125,0.4176556121590702,0.7816208545596512,1.0,1.7620841066862556,-1.1510855912434967
0.2376708984375,0.0,1.6,0.03125,0.4294942201798848,0.7860603325674568,1.0,1.7712311661694784,-1.1467791135833498
0.2379150390625,0.0,1.6,0.03125,0.44131180047774954,0.7904919251791561,1.0,1.7803571979297512,-1.1424726359232027
0.2381591796875,0.0,1.6,0.03125,0.4531083530526643,0.794915632394749,1.0,1.7894622019670738,-1.1381661582630556
0.2384033203125,0.0,1.6,0.03125,0.46488387790462915,0.799331454214236,1.0,1.798546178281447,-1.1338596806029084
0.2386474609375,0.0,1.6,0.03125,0.47663837503364404,0.8037393906376165,1.0,1.8076091268728698,-1.1295532029427613
0.2388916015625,0.0,1.6,0.03125,0.48837184443970905,0.8081394416648909,1.0,1.8166510477413427,-1.1252467252826137
0.2391357421875,0.0,1.6,0.03125,0.5000842861228241,0.812531607296059,1.0,1.8256719408868658,-1.120940247622467
0.2393798828125,0.0,1.6,0.03125,0.5117757000829891,0.8169158875311209,1.0,1.834671806309439,-1.1166337699623199
0.2396240234375,0.0,1.6,0.03125,0.5234460863202043,0.8212922823700766,1.0,1.843650644009062,-1.1123272923021728
0.2398681640625,0.0,1.6,0.03125,0.5350954448344695,0.8256607918129261,1.0,1.8526084539857353,-1.1080208146420256
0.2401123046875,0.0,1.6,0.03125,0.5467237756257848,0.8300214158596693,1.0,1.8615452362394587,-1.1037143369818783
0.2403564453125,0.0,1.6,0.03125,0.5583310786941501,0.8343741545103063,1.0,1.870460990770232,-1.0994078593217314
0.2406005859375,0.0,1.6,0.03125,0.5699173540395654,0.8387190077648371,1.0,1.8793557175780555,-1.0951013816615842
0.2408447265625,0.0,1.6,0.03125,0.5814826016620309,0.8430559756232616,1.0,1.888229416662929,-1.0907949040014369
0.2410888671875,0.0,1.6,0.03125,0.5930268215615465,0.8473850580855798,1.0,1.8970820880248525,-1.0864884263412895
0.2413330078125,0.0,1.6,0.03125,0.6045500137381121,0.851706255151792,1.0,1.9059137316638262,-1.0821819486811426
0.2415771484375,0.0,1.6,0.03125,0.6160521781917278,0.856019566821898,1.0,1.9147243475798499,-1.0778754710209952
0.2418212890625,0.0,1.6,0.03125,0.6275333149223934,0.8603249930958975,1.0,1.9235139357729236,-1.0735689933608483
0.2420654296875,0.0,1.6,0.03125,0.6389934239301092,0.8646225339737909,1.0,1.9322824962430474,-1.0692625157007016
0.2423095703125,0.0,1.6,0.03125,0.6504325052148751,0.8689121894555781,1.0,1.9410300289902214,-1.0649560380405538
0.2425537109375,0.0,1.6,0.03125,0.661850558776691,0.8731939595412591,1.0,1.9497565340144454,-1.0606495603804074
0.2427978515625,0.0,1.6,0.03125,0.673247584615557,0.8774678442308339,1.0,1.9584620113157194,-1.0563430827202598
0.2430419921875,0.0,1.6,0.03125,0.6846235827314731,0.8817338435243024,1.0,1.9671464608940434,-1.0520366050601124
0.2432861328125,0.0,1.6,0.03125,0.6959785531244391,0.8859919574216647,1.0,1.9758098827494175,-1.0477301273999653
0.2435302734375,0.0,1.6,0.03125,0.7073124957944552,0.8902421859229207,1.0,1.9844522768818416,-1.0434236497398182
0.2437744140625,0.0,1.6,0.03125,0.7186254107415215,0.8944845290280706,1.0,1.9930736432913159,-1.0391171720796708
0.2440185546875,0.0,1.6,0.03125,0.7299172979656378,0.8987189867371143,1.0,2.00167398197784,-1.0348106944195234
0.2442626953125,0.0,1.6,0.03125,0.741188157466804,0.9029455590500515,1.0,2.0102532929414147,-1.0305042167593774
0.2445068359375,0.0,1.6,0.03125,0.7524379892450205,0.9071642459668827,1.0,2.0188115761820393,-1.02619773909923
0.2447509765625,0.0,1.6,0.03125,0.763666793300287,0.9113750474876077,1.0,2.0273488316997135,-1.0218912614390825
0.2449951171875,0.0,1.6,0.03125,0.7748745696326035,0.9155779636122263,1.0,2.035865059494438,-1.0175847837789354
0.2452392578125,0.0,1.6,0.03125,0.7860613182419701,0.9197729943407388,1.0,2.0443602595662127,-1.0132783061187882
0.2454833984375,0.0,1.6,0.03125,0.7972270391283868,0.923960139673145,1.0,2.0528344319150373,-1.0089718284586406
0.2457275390625,0.0,1.6,0.03125,0.8083717322918534,0.928139399609445,1.0,2.061287576540912,-1.004665350798494
0.2459716796875,0.0,1.6,0.03125,0.8194953977323702,0.9323107741496389,1.0,2.069719693443837,-1.000358873138347
0.2462158203125,0.0,1.6,0.03125,0.8305980354499372,0.9364742632937264,1.0,2.078130782623812,-0.9960523954781995
0.2464599609375,0.0,1.6,0.03125,0.841679645444554,0.9406298670417077,1.0,2.086520844080837,-0.9917459178180529
0.2467041015625,0.0,1.6,0.03125,0.852740227716221,0.944777585393583,1.0,2.0948898778149116,-0.9874394401579047
0.2469482421875,0.0,1.6,0.03125,0.863779782264938,0.9489174183493517,1.0,2.103237883826037,-0.9831329624977581
0.2471923828125,0.0,1.6,0.03125,0.8747983090907051,0.9530493659090145,1.0,2.111564862114212,-0.978826484837611
0.2474365234375,0.0,1.6,0.03125,0.8857958081935222,0.9571734280725709,1.0,2.119870812679437,-0.9745200071774642
0.2476806640625,0.0,1.6,0.03125,0.8967722795733895,0.961289604840021,1.0,2.1281557355217124,-0.9702135295173169
0.2479248046875,0.0,1.6,0.03125,0.9077277232303068,0.9653978962113652,1.0,2.136419630641038,-0.9659070518571701
0.2481689453125,0.0,1.6,0.03125,0.9186621391642741,0.9694983021866028,1.0,2.1446624980374134,-0.9616005741970229
0.2484130859375,0.0,1.6,0.03125,0.9295755273752916,0.9735908227657344,1.0,2.1528843377108386,-0.9572940965368754
0.2486572265625,0.0,1.6,0.03125,0.940467887863359,0.9776754579487597,1.0,2.1610851496613144,-0.9529876188767286
0.2489013671875,0.0,1.6,0.03125,0.9513392206284765,0.9817522077356788,1.0,2.1692649338888397,-0.948681141216581
0.2491455078125,0.0,1.6,0.03125,0.9621895256706442,0.9858210721264916,1.0,2.1774236903934154,-0.9443746635564342
0.2493896484375,0.0,1.6,0.03125,0.9730188029898618,0.9898820511211982,1.0,2.185561419175041,-0.9400681858962873
0.2496337890625,0.0,1.6,0.03125,0.9838270525861296,0.9939351447197986,1.0,2.1936781202337166,-0.9357617082361392
0.2498779296875,0.0,1.6,0.03125,0.9946142744594473,0.9979803529222927,1.0,2.201773793569443,-0.9314552305759929
0.2501220703125,0.0,1.7,0.03125,1.0053804686098151,1.0022154870746296,1.0,2.2098484391822186,-1.047595549973086
0.2503662109375,0.0,1.7,0.03125,1.0161256350372332,1.0066399673682724,1.0,2.2179020570720445,-1.043019917459179
0.2506103515625,0.0,1.7,0.03125,1.026849773741701,1.0110557891877592,1.0,2.2259346472389208,-1.0384442849452735
0.2508544921875,0.0,1.7,0.03125,1.0375528847232192,1.0154629525330903,1.0,2.2339462096828466,-1.0338686524313665
0.2510986328125,0.0,1.7,0.03125,1.0482349679817873,1.0198614574042653,1.0,2.241936744403823,-1.0292930199174608
0.2513427734375,0.0,1.7,0.03125,1.0588960235174054,1.0242513038012846,1.0,2.249906251401849,-1.0247173874035538
0.2515869140625,0.0,1.7,0.03125,1.0695360513300736,1.028632491724148,1.0,2.257854730676925,-1.0201417548896476
0.2518310546875,0.0,1.7,0.03125,1.080155051419792,1.0330050211728556,1.0,2.2657821822290516,-1.0155661223757413
0.2520751953125,0.0,1.7,0.03125,1.0907530237865604,1.0373688921474071,1.0,2.273688606058228,-1.010990489861835
0.2523193359375,0.0,1.7,0.03125,1.1013299684303788,1.0417241046478032,1.0,2.2815740021644544,-1.0064148573479281
0.2525634765625,0.0,1.7,0.03125,1.1118858853512472,1.0460706586740431,1.0,2.289438370547731,-1.0018392248340218
0.2528076171875,0.0,1.7,0.03125,1.1224207745491657,1.050408554226127,1.0,2.2972817112080577,-0.9972635923201163
0.2530517578125,0.0,1.7,0.03125,1.1329346360241344,1.0547377913040554,1.0,2.305104024145434,-0.9926879598062093
0.2532958984375,0.0,1.7,0.03125,1.143427469776153,1.0590583699078278,1.0,2.312905309359861,-0.9881123272923036
0.2535400390625,0.0,1.7,0.03125,1.1538992758052218,1.0633702900374442,1.0,2.3206855668513375,-0.983536694778397
0.2537841796875,0.0,1.7,0.03125,1.1643500541113405,1.067673551692905,1.0,2.3284447966198645,-0.9789610622644904
0.2540283203125,0.0,1.7,0.03125,1.1747798046945093,1.0719681548742097,1.0,2.3361829986654414,-0.9743854297505847
0.2542724609375,0.0,1.7,0.03125,1.1851885275547283,1.0762540995813585,1.0,2.3439001729880684,-0.9698097972366784
0.2545166015625,0.0,1.7,0.03125,1.1955762226919973,1.0805313858143517,1.0,2.3515963195877454,-0.965234164722772
0.2547607421875,0.0,1.7,0.03125,1.2059428901063163,1.0848000135731892,1.0,2.3592714384644724,-0.9606585322088652
0.2550048828125,0.0,1.7,0.03125,1.2162885297976853,1.0890599828578704,1.0,2.36692552961825,-0.9560828996949597
0.2552490234375,0.0,1.7,0.03125,1.2266131417661046,1.093311293668396,1.0,2.374558593049077,-0.9515072671810532
0.2554931640625,0.0,1.7,0.03125,1.2369167260115739,1.0975539460047656,1.0,2.382170628756954,-0.9469316346671461
0.2557373046875,0.0,1.7,0.03125,1.2471992825340932,1.1017879398669794,1.0,2.3897616367418815,-0.9423560021532404
0.2559814453125,0.0,1.7,0.03125,1.2574608113336625,1.1060132752550373,1.0,2.397331617003859,-0.9377803696393343
0.2562255859375,0.0,1.7,0.03125,1.2677013124102818,1.1102299521689396,1.0,2.404880569542886,-0.9332047371254273
0.2564697265625,0.0,1.7,0.03125,1.2779207857639514,1.114437970608686,1.0,2.4124084943589637,-0.9286291046115205
0.2567138671875,0.0,1.7,0.03125,1.288119231394671,1.1186373305742763,1.0,2.4199153914520912,-0.9240534720976146
0.2569580078125,0.0,1.7,0.03125,1.2982966493024406,1.1228280320657107,1.0,2.4274012608222693,-0.9194778395837091
0.2572021484375,0.0,1.7,0.03125,1.3084530394872602,1.1270100750829894,1.0,2.4348661024694964,-0.9149022070698014
0.2574462890625,0.0,1.7,0.03125,1.3185884019491299,1.1311834596261123,1.0,2.4423099163937745,-0.9103265745558959
0.2576904296875,0.0,1.7,0.03125,1.3287027366880497,1.1353481856950793,1.0,2.449732702595102,-0.9057509420419889
0.2579345703125,0.0,1.7,0.03125,1.3387960437040196,1.1395042532898905,1.0,2.45713446107348,-0.9011753095280828
0.2581787109375,0.0,1.7,0.03125,1.3488683229970395,1.1436516624105457,1.0,2.464515191828908,-0.8965996770141762
0.2584228515625,0.0,1.7,0.03125,1.3589195745671094,1.1477904130570449,1.0,2.4718748948613865,-0.8920240445002714
0.2586669921875,0.0,1.7,0.03125,1.3689497984142296,1.1519205052293886,1.0,2.479213570170914,-0.8874484119863637
0.2589111328125,0.0,1.7,0.03125,1.3789589945383995,1.1560419389275762,1.0,2.4865312177574923,-0.8828727794724576
0.2591552734375,0.0,1.7,0.03125,1.38894716293962,1.1601547141516082,1.0,2.4938278376211205,-0.878297146958551
0.2593994140625,0.0,1.7,0.03125,1.3989143036178902,1.164258830901484,1.0,2.501103429761799,-0.8737215144446455
0.2596435546875,0.0,1.7,0.03125,1.4088604165732104,1.1683542891772043,1.0,2.5083579941795273,-0.8691458819307387
0.2598876953125,0.0,1.7,0.03125,1.4187855018055808,1.1724410889787686,1.0,2.5155915308743055,-0.8645702494168317
0.2601318359375,0.0,1.7,0.03125,1.4286895593150013,1.1765192303061769,1.0,2.522804039846134,-0.859994616902926
0.2603759765625,0.0,1.7,0.03125,1.4385725891014718,1.1805887131594295,1.0,2.529995521095013,-0.8554189843890199
0.2606201171875,0.0,1.7,0.03125,1.4484345911649923,1.1846495375385262,1.0,2.537165974620941,-0.8508433518751133
0.2608642578125,0.0,1.7,0.03125,1.4582755655055628,1.188701703443467,1.0,2.54431540042392,-0.8462677193612071
0.2611083984375,0.0,1.7,0.03125,1.4680955121231836,1.1927452108742522,1.0,2.5514437985039486,-0.8416920868473003
0.2613525390625,0.0,1.7,0.03125,1.4778944310178543,1.1967800598308813,1.0,2.5585511688610274,-0.837116454333394
0.2615966796875,0.0,1.7,0.03125,1.487672322189575,1.2008062503133545,1.0,2.565637511495156,-0.8325408218194879
0.2618408203125,0.0,1.7,0.03125,1.497429185638346,1.2048237823216719,1.0,2.572702826406335,-0.8279651893055813
0.2620849609375,0.0,1.7,0.03125,1.507165021364167,1.2088326558558335,1.0,2.579747113594564,-0.8233895567916751
0.2623291015625,0.0,1.7,0.03125,1.5168798293670378,1.212832870915839,1.0,2.586770373059843,-0.8188139242777692
0.2625732421875,0.0,1.7,0.03125,1.5265736096469589,1.216824427501689,1.0,2.5937726048021723,-0.8142382917638626
0.2628173828125,0.0,1.7,0.03125,1.53624636220393,1.2208073256133827,1.0,2.600753808821551,-0.8096626592499565
0.2630615234375,0.0,1.7,0.03125,1.5458980870379513,1.224781565250921,1.0,2.6077139851179805,-0.8050870267360497
0.2633056640625,0.0,1.7,0.03125,1.5555287841490224,1.2287471464143034,1.0,2.61465313369146,-0.8005113942221436
0.2635498046875,0.0,1.7,0.03125,1.5651384535371438,1.2327040691035298,1.0,2.621571254541989,-0.7959357617082372
0.2637939453125,0.0,1.7,0.03125,1.5747270952023151,1.2366523333186006,1.0,2.6284683476695685,-0.7913601291943304
0.2640380859375,0.0,1.7,0.03125,1.5842947091445365,1.240591939059515,1.0,2.635344413074198,-0.786784496680424
0.2642822265625,0.0,1.7,0.03125,1.593841295363808,1.2445228863262738,1.0,2.6421994507558777,-0.7822088641665186
0.2645263671875,0.0,1.7,0.03125,1.6033668538601296,1.2484451751188768,1.0,2.649033460714607,-0.777633231652612
0.2647705078125,0.0,1.7,0.03125,1.6128713846335012,1.252358805437324,1.0,2.655846442950387,-0.7730575991387059
0.2650146484375,0.0,1.7,0.03125,1.6223548876839229,1.2562637772816152,1.0,2.6626383974632164,-0.7684819666247993
0.2652587890625,0.0,1.7,0.03125,1.6318173630113946,1.2601600906517507,1.0,2.6694093242530963,-0.7639063341108927
0.2655029296875,0.0,1.7,0.03125,1.6412588106159163,1.2640477455477301,1.0,2.676159223320026,-0.759330701596987
0.2657470703125,0.0,1.7,0.03125,1.6506792304974884,1.2679267419695541,1.0,2.682888094664006,-0.75475506908308
0.2659912109375,0.0,1.7,0.03125,1.6600786226561102,1.2717970799172218,1.0,2.689595938285036,-0.7501794365691739
0.2662353515625,0.0,1.7,0.03125,1.6694569870917824,1.275658759390734,1.0,2.696282754183116,-0.7456038040552668
0.2664794921875,0.0,1.7,0.03125,1.6788143238045041,1.2795117803900902,1.0,2.7029485423582464,-0.7410281715413616
0.2667236328125,0.0,1.7,0.03125,1.6881506327942764,1.2833561429152904,1.0,2.7095933028104264,-0.736452539027455
0.2669677734375,0.0,1.7,0.03125,1.6974659140610986,1.2871918469663346,1.0,2.7162170355396564,-0.7318769065135484
0.2672119140625,0.0,1.7,0.03125,1.7067601676049708,1.2910188925432233,1.0,2.722819740545937,-0.7273012739996423
0.2674560546875,0.0,1.7,0.03125,1.7160333934258931,1.294837279645956,1.0,2.7294014178292674,-0.7227256414857361
0.2677001953125,0.0,1.7,0.03125,1.7252855915238654,1.2986470082745327,1.0,2.7359620673896474,-0.7181500089718296
0.2679443359375,0.0,1.7,0.03125,1.734516761898888,1.3024480784289536,1.0,2.742501689227078,-0.7135743764579232
0.2681884765625,0.0,1.7,0.03125,1.7437269045509605,1.3062404901092188,1.0,2.749020283341559,-0.7089987439440177
0.2684326171875,0.0,1.7,0.03125,1.752916019480083,1.3100242433153282,1.0,2.7555178497330894,-0.7044231114301109
0.2686767578125,0.0,1.7,0.03125,1.7620841066862556,1.3137993380472814,1.0,2.7619943884016696,-0.6998474789162041
0.2689208984375,0.0,1.7,0.03125,1.7712311661694784,1.3175657743050793,1.0,2.7684498993473006,-0.6952718464022976
0.2691650390625,0.0,1.7,0.03125,1.7803571979297512,1.321323552088721,1.0,2.774884382569981,-0.690696213888391
0.2694091796875,0.0,1.7,0.03125,1.7894622019670738,1.3250726713982068,1.0,2.781297838069712,-0.6861205813744851
0.2696533203125,0.0,1.7,0.03125,1.798546178281447,1.328813132233537,1.0,2.787690265846493,-0.6815449488605778
0.2698974609375,0.0,1.7,0.03125,1.8076091268728698,1.3325449345947111,1.0,2.7940616659003243,-0.6769693163466726
0.2701416015625,0.0,1.7,0.03125,1.8166510477413427,1.3362680784817293,1.0,2.8004120382312054,-0.6723936838327664
0.2703857421875,0.0,1.7,0.03125,1.8256719408868658,1.3399825638945917,1.0,2.806741382839136,-0.6678180513188596
0.2706298828125,0.0,1.7,0.03125,1.834671806309439,1.3436883908332984,1.0,2.8130496997241172,-0.6632424188049528
0.2708740234375,0.0,1.7,0.03125,1.843650644009062,1.3473855592978492,1.0,2.819336988886149,-0.6586667862910474
0.2711181640625,0.0,1.7,0.03125,1.8526084539857353,1.351074069288244,1.0,2.82560325032523,-0.654091153777141
0.2713623046875,0.0,1.7,0.03125,1.8615452362394587,1.354753920804483,1.0,2.8318484840413616,-0.6495155212632349
0.2716064453125,0.0,1.7,0.03125,1.870460990770232,1.3584251138465662,1.0,2.8380726900345428,-0.6449398887493283
0.2718505859375,0.0,1.7,0.03125,1.8793557175780555,1.3620876484144935,1.0,2.8442758683047744,-0.6403642562354221
0.2720947265625,0.0,1.7,0.03125,1.888229416662929,1.365741524508265,1.0,2.8504580188520556,-0.6357886237215151
0.2723388671875,0.0,1.7,0.03125,1.8970820880248525,1.3693867421278803,1.0,2.8566191416763873,-0.6312129912076094
0.2725830078125,0.0,1.7,0.03125,1.9059137316638262,1.3730233012733404,1.0,2.862759236777769,-0.6266373586937026
0.2728271484375,0.0,1.7,0.03125,1.9147243475798499,1.3766512019446442,1.0,2.8688783041562007,-0.6220617261797963
0.2730712890625,0.0,1.7,0.03125,1.9235139357729236,1.3802704441417921,1.0,2.8749763438116824,-0.6174860936658899
0.2733154296875,0.0,1.7,0.03125,1.9322824962430474,1.3838810278647842,1.0,2.881053355744214,-0.6129104611519836
0.2735595703125,0.0,1.7,0.03125,1.9410300289902214,1.3874829531136206,1.0,2.8871093399537964,-0.6083348286380774
0.2738037109375,0.0,1.7,0.03125,1.9497565340144454,1.391076219888301,1.0,2.893144296440428,-0.6037591961241704
0.2740478515625,0.0,1.7,0.03125,1.9584620113157194,1.3946608281888258,1.0,2.8991582252041104,-0.5991835636102643
0.2742919921875,0.0,1.7,0.03125,1.9671464608940434,1.3982367780151943,1.0,2.905151126244842,-0.5946079310963577
0.2745361328125,0.0,1.7,0.03125,1.9758098827494175,1.4018040693674072,1.0,2.9111229995626244,-0.5900322985824515
0.2747802734375,0.0,1.7,0.03125,1.9844522768818416,1.4053627022454642,1.0,2.9170738451574567,-0.5854566660685454
0.2750244140625,0.0,1.7,0.03125,1.9930736432913159,1.4089126766493654,1.0,2.923003663029339,-0.580881033554639
0.2752685546875,0.0,1.7,0.03125,2.00167398197784,1.4124539925791106,1.0,2.9289124531782713,-0.5763054010407327
0.2755126953125,0.0,1.7,0.03125,2.0102532929414147,1.4159866500347003,1.0,2.9348002156042536,-0.5717297685268261
0.2757568359375,0.0,1.7,0.03125,2.0188115761820393,1.4195106490161338,1.0,2.9406669503072864,-0.56715413601292
0.2760009765625,0.0,1.7,0.03125,2.0273488316997135,1.4230259895234114,1.0,2.9465126572873688,-0.5625785034990138
0.2762451171875,0.0,1.7,0.03125,2.035865059494438,1.4265326715565332,1.0,2.9523373365445016,-0.5580028709851081
0.2764892578125,0.0,1.7,0.03125,2.0443602595662127,1.4300306951154993,1.0,2.958140988078684,-0.5534272384712011
0.2767333984375,0.0,1.7,0.03125,2.0528344319150373,1.4335200602003095,1.0,2.963923611889917,-0.548851605957295
0.2769775390625,0.0,1.7,0.03125,2.061287576540912,1.4370007668109637,1.0,2.9696852079781997,-0.5442759734433893
0.2772216796875,0.0,1.7,0.03125,2.069719693443837,1.4404728149474622,1.0,2.9754257763435326,-0.5397003409294827
0.2774658203125,0.0,1.7,0.03125,2.078130782623812,1.4439362046098048,1.0,2.9811453169859154,-0.5351247084155761
0.2777099609375,0.0,1.7,0.03125,2.086520844080837,1.4473909357979915,1.0,2.9868438299053484,-0.5305490759016696
0.2779541015625,0.0,1.7,0.03125,2.0948898778149116,1.4508370085120226,1.0,2.9925213151018317,-0.5259734433877639
0.2781982421875,0.0,1.7,0.03125,2.103237883826037,1.4542744227518978,1.0,2.9981777725753647,-0.5213978108738568
0.2784423828125,0.0,1.7,0.03125,2.111564862114212,1.4577031785176167,1.0,3.0038132023259476,-0.5168221783599507
0.2786865234375,0.0,1.7,0.03125,2.119870812679437,1.4611232758091799,1.0,3.009427604353581,-0.5122465458460446
0.2789306640625,0.0,1.7,0.03125,2.1281557355217124,1.4645347146265872,1.0,3.0150209786582645,-0.5076709133321389
0.2791748046875,0.0,1.7,0.03125,2.136419630641038,1.4679374949698392,1.0,3.0205933252399975,-0.503095280818231
0.2794189453125,0.0,1.7,0.03125,2.1446624980374134,1.471331616838935,1.0,3.026144644098781,-0.4985196483043248
0.2796630859375,0.0,1.7,0.03125,2.1528843377108386,1.4747170802338747,1.0,3.0316749352346144,-0.4939440157904187
0.2799072265625,0.0,1.7,0.03125,2.1610851496613144,1.4780938851546588,1.0,3.0371841986474983,-0.489368383276513
0.2801513671875,0.0,1.7,0.03125,2.1692649338888397,1.481462031601287,1.0,3.042672434337432,-0.4847927507626064
0.2803955078125,0.0,1.7,0.03125,2.1774236903934154,1.484821519573759,1.0,3.0481396423044154,-0.4802171182487003
0.2806396484375,0.0,1.7,0.03125,2.185561419175041,1.4881723490720755,1.0,3.0535858225484493,-0.47564148573479414
0.2808837890625,0.0,1.7,0.03125,2.1936781202337166,1.4915145200962363,1.0,3.059010975069533,-0.47106585322088756
0.2811279296875,0.0,1.7,0.03125,2.201773793569443,1.4948480326462412,1.0,3.064415099867667,-0.466490220706981
0.2813720703125,0.0,1.7,0.03125,2.2098484391822186,1.49817288672209,1.0,3.069798196942851,-0.46191458819307485
0.2816162109375,0.0,1.7,0.03125,2.2179020570720445,1.501489082323783,1.0,3.0751602662950845,-0.45733895567916827
0.2818603515625,0.0,1.7,0.03125,2.2259346472389208,1.5047966194513203,1.0,3.0805013079243686,-0.45276332316526124
0.2821044921875,0.0,1.7,0.03125,2.2339462096828466,1.5080954981047017,1.0,3.0858213218307027,-0.4481876906513551
0.2823486328125,0.0,1.7,0.03125,2.241936744403823,1.5113857182839272,1.0,3.091120308014087,-0.443612058137449
0.2825927734375,0.0,1.7,0.03125,2.249906251401849,1.5146672799889964,1.0,3.0963982664745213,-0.4390364256235433
0.2828369140625,0.0,1.7,0.03125,2.257854730676925,1.5179401832199104,1.0,3.1016551972120054,-0.43446079310963626
0.2830810546875,0.0,1.7,0.03125,2.2657821822290516,1.5212044279766683,1.0,3.10689110022654,-0.4298851605957301
0.2833251953125,0.0,1.7,0.03125,2.273688606058228,1.5244600142592704,1.0,3.112105975518124,-0.42530952808182354
0.2835693359375,0.0,1.7,0.03125,2.2815740021644544,1.5277069420677163,1.0,3.117299823086759,-0.42073389556791785
0.2838134765625,0.0,1.7,0.03125,2.289438370547731,1.5309452114020068,1.0,3.1224726429324434,-0.41615826305401127
0.2840576171875,0.0,1.7,0.03125,2.2972817112080577,1.5341748222621414,1.0,3.127624435055178,-0.4115826305401047
0.2843017578125,0.0,1.7,0.03125,2.305104024145434,1.5373957746481197,1.0,3.1327551994549627,-0.407006998026199
0.2845458984375,0.0,1.7,0.03125,2.312905309359861,1.5406080685599428,1.0,3.1378649361317974,-0.40243136551229153
0.2847900390625,0.0,1.7,0.03125,2.3206855668513375,1.5438117039976096,1.0,3.142953645085682,-0.39785573299838584
0.2850341796875,0.0,1.7,0.03125,2.3284447966198645,1.5470066809611207,1.0,3.1480213263166172,-0.3932801004844797
0.2852783203125,0.0,1.7,0.03125,2.3361829986654414,1.550192999450476,1.0,3.153067979824602,-0.3887044679705727
0.2855224609375,0.0,1.7,0.03125,2.3439001729880684,1.5533706594656753,1.0,3.158093605609637,-0.38412883545666654
0.2857666015625,0.0,1.7,0.03125,2.3515963195877454,1.5565396610067188,1.0,3.1630982036717223,-0.3795532029427604
0.2860107421875,0.0,1.7,0.03125,2.3592714384644724,1.5597000040736062,1.0,3.168081774010857,-0.37497757042885427
0.2862548828125,0.0,1.7,0.03125,2.36692552961825,1.5628516886663382,1.0,3.1730443166270423,-0.37040193791494724
0.2864990234375,0.0,1.7,0.03125,2.374558593049077,1.565994714784914,1.0,3.1779858315202776,-0.3658263054010411
0.2867431640625,0.0,1.7,0.03125,2.382170628756954,1.569129082429334,1.0,3.182906318690563,-0.36125067288713497
0.2869873046875,0.0,1.7,0.03125,2.3897616367418815,1.5722547915995981,1.0,3.1878057781378986,-0.3566750403732293
0.2872314453125,0.0,1.7,0.03125,2.397331617003859,1.5753718422957064,1.0,3.192684209862284,-0.3520994078593227
0.2874755859375,0.0,1.7,0.03125,2.404880569542886,1.5784802345176587,1.0,3.197541613863719,-0.34752377534541656
0.2877197265625,0.0,1.7,0.03125,2.4124084943589637,1.5815799682654554,1.0,3.202377990142205,-0.3429481428315104
0.2879638671875,0.0,1.7,0.03125,2.4199153914520912,1.5846710435390965,1.0,3.2071933386977403,-0.33837251031760296
0.2882080078125,0.0,1.7,0.03125,2.4274012608222693,1.5877534603385814,1.0,3.211987659530326,-0.3337968778036964
0.2884521484375,0.0,1.7,0.03125,2.4348661024694964,1.59082721866391,1.0,3.216760952639962,-0.3292212452897916
0.2886962890625,0.0,1.7,0.03125,2.4423099163937745,1.5938923185150835,1.0,3.2215132180266477,-0.32464561277588455
0.2889404296875,0.0,1.7,0.03125,2.449732702595102,1.5969487598921008,1.0,3.2262444556903835,-0.3200699802619784
0.2891845703125,0.0,1.7,0.03125,2.45713446107348,1.5999965427949625,1.0,3.2309546656311694,-0.3154943477480714
0.2894287109375,0.0,1.7,0.03125,2.464515191828908,1.6030356672236679,1.0,3.2356438478490057,-0.3109187152341666
0.2896728515625,0.0,1.7,0.03125,2.4718748948613865,1.6060661331782178,1.0,3.2403120023438916,-0.3063430827202591
0.2899169921875,0.0,1.7,0.03125,2.479213570170914,1.6090879406586118,1.0,3.2449591291158275,-0.30176745020635254
0.2901611328125,0.0,1.7,0.03125,2.4865312177574923,1.6121010896648498,1.0,3.249585228164814,-0.2971918176924464
0.2904052734375,0.0,1.7,0.03125,2.4938278376211205,1.6151055801969318,1.0,3.2541902994908503,-0.2926161851785407
0.2906494140625,0.0,1.7,0.03125,2.501103429761799,1.6181014122548585,1.0,3.2587743430939367,-0.2880405526646337
0.2908935546875,0.0,1.7,0.03125,2.5083579941795273,1.6210885858386288,1.0,3.2633373589740726,-0.2834649201507271
0.2911376953125,0.0,1.7,0.03125,2.5155915308743055,1.6240671009482435,1.0,3.267879347131259,-0.27888928763682097
0.2913818359375,0.0,1.7,0.03125,2.522804039846134,1.6270369575837023,1.0,3.272400307565496,-0.27431365512291483
0.2916259765625,0.0,1.7,0.03125,2.529995521095013,1.6299981557450052,1.0,3.2769002402767824,-0.26973802260900825
0.2918701171875,0.0,1.7,0.03125,2.537165974620941,1.6329506954321522,1.0,3.281379145265119,-0.2651623900951021
0.2921142578125,0.0,1.7,0.03125,2.54431540042392,1.6358945766451434,1.0,3.285837022530506,-0.260586757581196
0.2923583984375,0.0,1.7,0.03125,2.5514437985039486,1.6388297993839789,1.0,3.2902738720729423,-0.25601112506728896
0.2926025390625,0.0,1.7,0.03125,2.5585511688610274,1.6417563636486583,1.0,3.2946896938924293,-0.25143549255338327
0.2928466796875,0.0,1.7,0.03125,2.565637511495156,1.644674269439182,1.0,3.2990844879889663,-0.2468598600394767
0.2930908203125,0.0,1.7,0.03125,2.572702826406335,1.6475835167555497,1.0,3.303458254362553,-0.2422842275255701
0.2933349609375,0.0,1.7,0.03125,2.579747113594564,1.6504841055977617,1.0,3.30781099301319,-0.23770859501166353
0.2935791015625,0.0,1.7,0.03125,2.586770373059843,1.6533760359658178,1.0,3.3121427039408773,-0.23313296249775783
0.2938232421875,0.0,1.7,0.03125,2.5937726048021723,1.6562593078597179,1.0,3.3164533871456143,-0.2285573299838517
0.2940673828125,0.0,1.7,0.03125,2.600753808821551,1.6591339212794625,1.0,3.3207430426274014,-0.22398169746994512
0.2943115234375,0.0,1.7,0.03125,2.6077139851179805,1.6619998762250505,1.0,3.3250116703862385,-0.21940606495603898
0.2945556640625,0.0,1.7,0.03125,2.61465313369146,1.6648571726964834,1.0,3.329259270422126,-0.2148304324421324
0.2947998046875,0.0,1.7,0.03125,2.621571254541989,1.6677058106937603,1.0,3.3334858427350635,-0.21025479992822627
0.2950439453125,0.0,1.7,0.03125,2.6284683476695685,1.6705457902168812,1.0,3.3376913873250507,-0.20567916741431969
0.2952880859375,0.0,1.7,0.03125,2.635344413074198,1.673377111265846,1.0,3.3418759041920882,-0.201103534900414
0.2955322265625,0.0,1.7,0.03125,2.6421994507558777,1.6761997738406553,1.0,3.346039393336176,-0.19652790238650697
0.2957763671875,0.0,1.7,0.03125,2.649033460714607,1.6790137779413088,1.0,3.3501818547573134,-0.19195226987260083
0.2960205078125,0.0,1.7,0.03125,2.655846442950387,1.6818191235678062,1.0,3.354303288455501,-0.18737663735869425
0.2962646484375,0.0,1.7,0.03125,2.6626383974632164,1.6846158107201479,1.0,3.358403694430739,-0.18280100484478856
0.2965087890625,0.0,1.7,0.03125,2.6694093242530963,1.6874038393983337,1.0,3.362483072683027,-0.17822537233088198
0.2967529296875,0.0,1.7,0.03125,2.676159223320026,1.6901832096023637,1.0,3.3665414232123645,-0.17364973981697496
0.2969970703125,0.0,1.7,0.03125,2.682888094664006,1.6929539213322378,1.0,3.3705787460187526,-0.16907410730306927
0.2972412109375,0.0,1.7,0.03125,2.689595938285036,1.6957159745879558,1.0,3.3745950411021908,-0.16449847478916357
0.2974853515625,0.0,1.7,0.03125,2.696282754183116,1.6984693693695185,1.0,3.3785903084626785,-0.15992284227525566
0.2977294921875,0.0,1.7,0.03125,2.7029485423582464,1.701214105676925,1.0,3.3825645481002167,-0.15534720976134953
0.2979736328125,0.0,1.7,0.03125,2.7095933028104264,1.7039501835101756,1.0,3.386517760014805,-0.1507715772474434
0.2982177734375,0.0,1.7,0.03125,2.7162170355396564,1.7066776028692703,1.0,3.390449944206443,-0.14619594473353725
0.2984619140625,0.0,1.7,0.03125,2.722819740545937,1.7093963637542093,1.0,3.3943611006751317,-0.14162031221963112
0.2987060546875,0.0,1.7,0.03125,2.7294014178292674,1.7121064661649925,1.0,3.39825122942087,-0.1370446797057241
0.2989501953125,0.0,1.7,0.03125,2.7359620673896474,1.7148079101016196,1.0,3.4021203304436582,-0.1324690471918184
0.2991943359375,0.0,1.7,0.03125,2.742501689227078,1.7175006955640908,1.0,3.405968403743497,-0.12789341467791226
0.2994384765625,0.0,1.7,0.03125,2.749020283341559,1.7201848225524063,1.0,3.4097954493203857,-0.12331778216400613
0.2996826171875,0.0,1.7,0.03125,2.7555178497330894,1.7228602910665662,1.0,3.413601467174324,-0.11874214965009866
0.2999267578125,0.0,1.7,0.03125,2.7619943884016696,1.7255271011065698,1.0,3.4173864573053128,-0.11416651713619341
0.3001708984375,0.0,1.7,0.03125,2.7684498993473006,1.7281852526724177,1.0,3.4211504197133515,-0.10959088462228683
0.3004150390625,0.0,1.7,0.03125,2.774884382569981,1.73083474576411,1.0,3.4248933543984403,-0.10501525210838025
0.3006591796875,0.0,1.7,0.03125,2.781297838069712,1.733475580381646,1.0,3.428615261360579,-0.10043961959447412
0.3009033203125,0.0,1.7,0.03125,2.787690265846493,1.7361077565250265,1.0,3.4323161405997684,-0.09586398708056842
0.3011474609375,0.0,1.7,0.03125,2.7940616659003243,1.738731274194251,1.0,3.4359959921160073,-0.09128835456666096
0.3013916015625,0.0,1.7,0.03125,2.8004120382312054,1.7413461333893199,1.0,3.439654815909296,-0.08671272205275393
0.3016357421875,0.0,1.7,0.03125,2.806741382839136,1.7439523341102325,1.0,3.4432926119796354,-0.08213708953884868
0.3018798828125,0.0,1.7,0.03125,2.8130496997241172,1.7465498763569893,1.0,3.4469093803270248,-0.07756145702494299
0.3021240234375,0.0,1.7,0.03125,2.819336988886149,1.7491387601295905,1.0,3.450505120951464,-0.07298582451103641
0.3023681640625,0.0,1.7,0.03125,2.82560325032523,1.7517189854280357,1.0,3.454079833852953,-0.06841019199712939
0.3026123046875,0.0,1.7,0.03125,2.8318484840413616,1.754290552252325,1.0,3.457633519031493,-0.0638345594832237
0.3028564453125,0.0,1.7,0.03125,2.8380726900345428,1.7568534606024588,1.0,3.4611661764870822,-0.059258926969317116
0.3031005859375,0.0,1.7,0.03125,2.8442758683047744,1.7594077104784365,1.0,3.4646778062197217,-0.054683294455410536
0.3033447265625,0.0,1.7,0.03125,2.8504580188520556,1.7619533018802582,1.0,3.468168408229411,-0.050107661941503956
0.3035888671875,0.0,1.7,0.03125,2.8566191416763873,1.764490234807924,1.0,3.471637982516151,-0.045532029427598264
0.3038330078125,0.0,1.7,0.03125,2.862759236777769,1.7670185092614343,1.0,3.4750865290799404,-0.04095639691369124
0.3040771484375,0.0,1.7,0.03125,2.8688783041562007,1.7695381252407885,1.0,3.4785140479207803,-0.03638076439978555
0.3043212890625,0.0,1.7,0.03125,2.8749763438116824,1.772049082745987,1.0,3.4819205390386703,-0.03180513188587897
0.3045654296875,0.0,1.7,0.03125,2.881053355744214,1.7745513817770293,1.0,3.48530600243361,-0.027229499371973276
0.3048095703125,0.0,1.7,0.03125,2.8871093399537964,1.777045022333916,1.0,3.4886704381055997,-0.022653866858065808
0.3050537109375,0.0,1.7,0.03125,2.893144296440428,1.7795300044166469,1.0,3.49201384605464,-0.01807823434416056
0.3052978515625,0.0,1.7,0.03125,2.8991582252041104,1.782006328025222,1.0,3.49533622628073,-0.013502601830253091
0.3055419921875,0.0,1.7,0.03125,2.905151126244842,1.784473993159641,1.0,3.49863757878387,-0.0089269693163474
0.3057861328125,0.0,1.7,0.03125,2.9111229995626244,1.7869329998199042,1.0,3.50191790356406,-0.0043513368024408194
0.3060302734375,0.0,1.7,0.03125,2.9170738451574567,1.7893833480060115,1.0,3.5051772006213007,0.00022429571146531657
0.3062744140625,0.0,1.7,0.03125,2.923003663029339,1.7918250377179632,1.0,3.508415469955591,0.004799928225371453
0.3065185546875,0.0,1.7,0.03125,2.9289124531782713,1.7942580689557588,1.0,3.5116327115669312,0.009375560739278033
0.3067626953125,0.0,1.7,0.03125,2.9348002156042536,1.7966824417193987,1.0,3.5148289254553218,0.013951193253184613
0.3070068359375,0.0,1.7,0.03125,2.9406669503072864,1.7990981560088828,1.0,3.5180041116207623,0.018526825767091193
0.3072509765625,0.0,1.7,0.03125,2.9465126572873688,1.8015052118242105,1.0,3.521158270063253,0.023102458280996885
0.3074951171875,0.0,1.7,0.03125,2.9523373365445016,1.803903609165383,1.0,3.5242914007827935,0.02767809079490391
0.3077392578125,0.0,1.7,0.03125,2.958140988078684,1.8062933480323993,1.0,3.5274035037793845,0.03225372330880916
0.3079833984375,0.0,1.7,0.03125,2.963923611889917,1.8086744284252598,1.0,3.530494579053025,0.03682935582271574
0.3082275390625,0.0,1.7,0.03125,2.9696852079781997,1.8110468503439647,1.0,3.5335646266037157,0.041404988336623205
0.3084716796875,0.0,1.7,0.03125,2.9754257763435326,1.8134106137885133,1.0,3.536613646431457,0.0459806208505289
0.3087158203125,0.0,1.7,0.03125,2.9811453169859154,1.8157657187589065,1.0,3.539641638536248,0.05055625336443503
0.3089599609375,0.0,1.7,0.03125,2.9868438299053484,1.8181121652551435,1.0,3.5426486029180886,0.05513188587834161
0.3092041015625,0.0,1.7,0.03125,2.9925213151018317,1.8204499532772247,1.0,3.5456345395769797,0.05970751839224819
0.3094482421875,0.0,1.7,0.03125,2.9981777725753647,1.82277908282515,1.0,3.548599448512921,0.06428315090615433
0.3096923828125,0.0,1.7,0.03125,3.0038132023259476,1.8250995538989196,1.0,3.551543329725912,0.06885878342006047
0.3099365234375,0.0,1.7,0.03125,3.009427604353581,1.8274113664985334,1.0,3.5544661832159536,0.0734344159339666
0.3101806640625,0.0,1.7,0.03125,3.0150209786582645,1.829714520623991,1.0,3.557368008983045,0.07801004844787318
0.3104248046875,0.0,1.7,0.03125,3.0205933252399975,1.8320090162752931,1.0,3.560248807027186,0.08258568096177976
0.3106689453125,0.0,1.7,0.03125,3.026144644098781,1.8342948534524393,1.0,3.5631085773483777,0.08716131347568545
0.3109130859375,0.0,1.7,0.03125,3.0316749352346144,1.8365720321554293,1.0,3.5659473199466194,0.09173694598959115
0.3111572265625,0.0,1.7,0.03125,3.0371841986474983,1.838840552384264,1.0,3.5687650348219107,0.09631257850349906
0.3114013671875,0.0,1.7,0.03125,3.042672434337432,1.8411004141389424,1.0,3.5715617219742524,0.1008882110174052
0.3116455078125,0.0,1.7,0.03125,3.0481396423044154,1.843351617419465,1.0,3.574337381403644,0.10546384353131089
0.3118896484375,0.0,1.7,0.03125,3.0535858225484493,1.845594162225832,1.0,3.577092013110086,0.11003947604521791
0.3121337890625,0.0,1.7,0.03125,3.059010975069533,1.847828048558043,1.0,3.5798256170935776,0.11461510855912405
0.3123779296875,0.0,1.7,0.03125,3.064415099867667,1.8500532764160982,1.0,3.58253819335412,0.11919074107303018
0.3126220703125,0.0,1.7,0.03125,3.069798196942851,1.8522698457999973,1.0,3.5852297418917116,0.12376637358693676
0.3128662109375,0.0,1.7,0.03125,3.0751602662950845,1.8544777567097406,1.0,3.587900262706354,0.128342006100842
0.3131103515625,0.0,1.7,0.03125,3.0805013079243686,1.8566770091453282,1.0,3.5905497557980457,0.13291763861474903
0.3133544921875,0.0,1.7,0.03125,3.0858213218307027,1.85886760310676,1.0,3.593178221166788,0.13749327112865517
0.3135986328125,0.0,1.7,0.03125,3.091120308014087,1.8610495385940358,1.0,3.5957856588125803,0.14206890364256175
0.3138427734375,0.0,1.7,0.03125,3.0963982664745213,1.8632228156071557,1.0,3.5983720687354226,0.1466445361564679
0.3140869140625,0.0,1.7,0.03125,3.1016551972120054,1.8653874341461198,1.0,3.600937450935315,0.15122016867037402
0.3143310546875,0.0,1.7,0.03125,3.10689110022654,1.867543394210928,1.0,3.6034818054122573,0.1557958011842806
0.3145751953125,0.0,1.7,0.03125,3.112105975518124,1.8696906958015804,1.0,3.6060051321662496,0.16037143369818674
0.3148193359375,0.0,1.7,0.03125,3.117299823086759,1.8718293389180771,1.0,3.608507431197292,0.16494706621209376
0.3150634765625,0.0,1.7,0.03125,3.1224726429324434,1.873959323560418,1.0,3.610988702505385,0.1695226987259999
0.3153076171875,0.0,1.7,0.03125,3.127624435055178,1.8760806497286027,1.0,3.6134489460905272,0.17409833123990648
0.3155517578125,0.0,1.7,0.03125,3.1327551994549627,1.8781933174226317,1.0,3.61588816195272,0.17867396375381261
0.3157958984375,0.0,1.7,0.03125,3.1378649361317974,1.8802973266425047,1.0,3.618306350091963,0.1832495962677183
0.3160400390625,0.0,1.7,0.03125,3.142953645085682,1.882392677388222,1.0,3.620703510508256,0.18782522878162444
0.3162841796875,0.0,1.7,0.03125,3.1480213263166172,1.8844793696597835,1.0,3.623079643201599,0.19240086129553102
0.3165283203125,0.0,1.7,0.03125,3.153067979824602,1.886557403457189,1.0,3.6254347481719917,0.1969764938094376
0.3167724609375,0.0,1.7,0.03125,3.158093605609637,1.8886267787804387,1.0,3.6277688254194347,0.20155212632334418
0.3170166015625,0.0,1.7,0.03125,3.1630982036717223,1.8906874956295328,1.0,3.6300818749439276,0.2061277588372512
0.3172607421875,0.0,1.7,0.03125,3.168081774010857,1.8927395540044705,1.0,3.632373896745471,0.210703391351156
0.3175048828125,0.0,1.7,0.03125,3.1730443166270423,1.8947829539052528,1.0,3.634644890824064,0.21527902386506304
0.3177490234375,0.0,1.7,0.03125,3.1779858315202776,1.896817695331879,1.0,3.6368948571797075,0.21985465637896917
0.3179931640625,0.0,1.7,0.03125,3.182906318690563,1.8988437782843492,1.0,3.6391237958124005,0.22443028889287575
0.3182373046875,0.0,1.7,0.03125,3.1878057781378986,1.9008612027626641,1.0,3.641331706722144,0.22900592140678278
0.3184814453125,0.0,1.7,0.03125,3.192684209862284,1.9028699687668227,1.0,3.6435185899089375,0.2335815539206889
0.3187255859375,0.0,1.7,0.03125,3.197541613863719,1.9048700762968256,1.0,3.645684445372781,0.23815718643459505
0.3189697265625,0.0,1.7,0.03125,3.202377990142205,1.9068615253526726,1.0,3.6478292731136746,0.24273281894850163
0.3192138671875,0.0,1.7,0.03125,3.2071933386977403,1.9088443159343638,1.0,3.6499530731316185,0.24730845146240732
0.3194580078125,0.0,1.7,0.03125,3.211987659530326,1.9108184480418988,1.0,3.652055845426612,0.25188408397631346
0.3197021484375,0.0,1.7,0.03125,3.216760952639962,1.9127839216752784,1.0,3.6541375899986557,0.2564597164902205
0.3199462890625,0.0,1.7,0.03125,3.2215132180266477,1.914740736834502,1.0,3.6561983068477497,0.2610353490041266
0.3201904296875,0.0,1.7,0.03125,3.2262444556903835,1.9166888935195698,1.0,3.6582379959738938,0.26561098151803275
0.3204345703125,0.0,1.7,0.03125,3.2309546656311694,1.9186283917304816,1.0,3.6602566573770874,0.2701866140319398
0.3206787109375,0.0,1.7,0.03125,3.2356438478490057,1.9205592314672377,1.0,3.6622542910573315,0.27476224654584636
0.3209228515625,0.0,1.7,0.03125,3.2403120023438916,1.9224814127298375,1.0,3.6642308970146256,0.27933787905975205
0.3211669921875,0.0,1.7,0.03125,3.2449591291158275,1.924394935518282,1.0,3.6661864752489697,0.2839135115736582
0.3214111328125,0.0,1.7,0.03125,3.249585228164814,1.9262997998325704,1.0,3.6681210257603643,0.2884891440875643
0.3216552734375,0.0,1.7,0.03125,3.2541902994908503,1.928196005672703,1.0,3.6700345485488084,0.29306477660147134
0.3218994140625,0.0,1.7,0.03125,3.2587743430939367,1.9300835530386797,1.0,3.6719270436143026,0.2976404091153779
0.3221435546875,0.0,1.7,0.03125,3.2633373589740726,1.9319624419305006,1.0,3.673798510956847,0.3022160416292836
0.3223876953125,0.0,1.7,0.03125,3.267879347131259,1.9338326723481654,1.0,3.675648950576442,0.3067916741431893
0.3226318359375,0.0,1.7,0.03125,3.272400307565496,1.9356942442916747,1.0,3.677478362473086,0.3113673066570968
0.3228759765625,0.0,1.7,0.03125,3.2769002402767824,1.9375471577610281,1.0,3.6792867466467807,0.31594293917100336
0.3231201171875,0.0,1.7,0.03125,3.281379145265119,1.9393914127562255,1.0,3.6810741030975254,0.32051857168490905
0.3233642578125,0.0,1.7,0.03125,3.285837022530506,1.9412270092772672,1.0,3.68284043182532,0.3250942041988161
0.3236083984375,0.0,1.7,0.03125,3.2902738720729423,1.9430539473241526,1.0,3.6845857328301648,0.32966983671272176
0.3238525390625,0.0,1.7,0.03125,3.2946896938924293,1.9448722268968825,1.0,3.68631000611206,0.3342454692266279
0.3240966796875,0.0,1.7,0.03125,3.2990844879889663,1.9466818479954566,1.0,3.6880132516710047,0.3388211017405345
0.3243408203125,0.0,1.7,0.03125,3.303458254362553,1.9484828106198746,1.0,3.689695469507,0.34339673425443973
0.3245849609375,0.0,1.7,0.03125,3.30781099301319,1.950275114770137,1.0,3.6913566596200447,0.34797236676834675
0.3248291015625,0.0,1.7,0.03125,3.3121427039408773,1.9520587604462434,1.0,3.69299682201014,0.35254799928225333
0.3250732421875,0.0,1.7,0.03125,3.3164533871456143,1.953833747648194,1.0,3.694615956677285,0.35712363179615947
0.3253173828125,0.0,1.7,0.03125,3.3207430426274014,1.9556000763759889,1.0,3.6962140636214804,0.36169926431006605
0.3255615234375,0.0,1.7,0.03125,3.3250116703862385,1.9573577466296277,1.0,3.6977911428427257,0.36627489682397174
0.3258056640625,0.0,1.7,0.03125,3.329259270422126,1.9591067584091106,1.0,3.699347194341021,0.3708505293378783
0.3260498046875,0.0,1.7,0.03125,3.3334858427350635,1.960847111714438,1.0,3.7008822181163663,0.37542616185178534
0.3262939453125,0.0,1.7,0.03125,3.3376913873250507,1.9625788065456091,1.0,3.7023962141687616,0.3800017943656915
0.3265380859375,0.0,1.7,0.03125,3.3418759041920882,1.9643018429026244,1.0,3.7038891824982074,0.3845774268795972
0.3267822265625,0.0,1.7,0.03125,3.346039393336176,1.966016220785484,1.0,3.705361123104703,0.3891530593935042
0.3270263671875,0.0,1.7,0.03125,3.3501818547573134,1.967721940194188,1.0,3.7068120359882486,0.39372869190741033
0.3272705078125,0.0,1.7,0.03125,3.354303288455501,1.9694190011287356,1.0,3.7082419211488444,0.398304324421316
0.3275146484375,0.0,1.7,0.03125,3.358403694430739,1.971107403589128,1.0,3.7096507785864903,0.4028799569352235
0.3277587890625,0.0,1.7,0.03125,3.362483072683027,1.972787147575364,1.0,3.711038608301186,0.4074555894491292
0.3280029296875,0.0,1.7,0.03125,3.3665414232123645,1.974458233087444,1.0,3.712405410292932,0.4120312219630349
0.3282470703125,0.0,1.7,0.03125,3.3705787460187526,1.9761206601253685,1.0,3.713751184561728,0.41660685447694146
0.3284912109375,0.0,1.7,0.03125,3.3745950411021908,1.9777744286891372,1.0,3.715075931107574,0.4211824869908485
0.3287353515625,0.0,1.7,0.03125,3.3785903084626785,1.9794195387787499,1.0,3.71637964993047,0.4257581195047542
0.3289794921875,0.0,1.7,0.03125,3.3825645481002167,1.9810559903942069,1.0,3.717662341030416,0.4303337520186612
0.3292236328125,0.0,1.7,0.03125,3.386517760014805,1.9826837835355078,1.0,3.7189240044074126,0.4349093845325669
0.3294677734375,0.0,1.7,0.03125,3.390449944206443,1.984302918202653,1.0,3.7201646400614585,0.4394850170464739
0.3297119140625,0.0,1.7,0.03125,3.3943611006751317,1.9859133943956424,1.0,3.721384247992555,0.4440606495603805
0.3299560546875,0.0,1.7,0.03125,3.39825122942087,1.987515212114476,1.0,3.7225828282007014,0.44863628207428663
0.3302001953125,0.0,1.7,0.03125,3.4021203304436582,1.9891083713591533,1.0,3.723760380685898,0.45321191458819277
0.3304443359375,0.0,1.7,0.03125,3.405968403743497,1.990692872129675,1.0,3.7249169054481444,0.45778754710209935
0.3306884765625,0.0,1.7,0.03125,3.4097954493203857,1.9922687144260411,1.0,3.7260524024874413,0.4623631796160055
0.3309326171875,0.0,1.7,0.03125,3.413601467174324,1.993835898248251,1.0,3.727166871803788,0.4669388121299112
0.3311767578125,0.0,1.7,0.03125,3.4173864573053128,1.9953944235963053,1.0,3.7282603133971843,0.4715144446438182
0.3314208984375,0.0,1.7,0.03125,3.4211504197133515,1.9969442904702035,1.0,3.7293327272676313,0.47609007715772433
0.3316650390625,0.0,1.7,0.03125,3.4248933543984403,1.9984854988699459,1.0,3.7303841134151283,0.48066570967163
0.3319091796875,0.0,1.7,0.03125,3.428615261360579,2.000018048795533,1.0,3.731414471839675,0.4852413421855375
0.3321533203125,0.0,1.7,0.03125,3.4323161405997684,2.0015419402469634,1.0,3.732423802541272,0.4898169746994441
0.3323974609375,0.0,1.7,0.03125,3.4359959921160073,2.003057173224238,1.0,3.733412105519919,0.49439260721334977
0.3326416015625,0.0,1.7,0.03125,3.439654815909296,2.004563747727357,1.0,3.734379380775616,0.4989682397272559
0.3328857421875,0.0,1.7,0.03125,3.4432926119796354,2.0060616637563204,1.0,3.7353256283083636,0.503543872241162
0.3331298828125,0.0,1.7,0.03125,3.4469093803270248,2.0075509213111276,1.0,3.7362508481181607,0.5081195047550686
0.3333740234375,0.0,1.7,0.03125,3.450505120951464,2.0090315203917792,1.0,3.7371550402050078,0.5126951372689756
0.3336181640625,0.0,1.7,0.03125,3.454079833852953,2.0105034609982746,1.0,3.7380382045689053,0.5172707697828809
0.3338623046875,0.0,1.7,0.03125,3.457633519031493,2.0119667431306145,1.0,3.738900341209853,0.5218464022967875
0.3341064453125,0.0,1.7,0.03125,3.4611661764870822,2.0134213667887986,1.0,3.73974145012785,0.5264220348106949
0.3343505859375,0.0,1.7,0.03125,3.4646778062197217,2.0148673319728267,1.0,3.7405615313228977,0.5309976673246011
0.3345947265625,0.0,1.7,0.03125,3.468168408229411,2.0163046386826986,1.0,3.7413605847949953,0.5355732998385068
0.3348388671875,0.0,1.7,0.03125,3.471637982516151,2.017733286918415,1.0,3.742138610544143,0.5401489323524133
0.3350830078125,0.0,1.7,0.03125,3.4750865290799404,2.0191532766799756,1.0,3.7428956085703406,0.5447245648663199
0.3353271484375,0.0,1.7,0.03125,3.4785140479207803,2.02056460796738,1.0,3.7436315788735888,0.5493001973802252
0.3355712890625,0.0,1.7,0.03125,3.4819205390386703,2.021967280780629,1.0,3.7443465214538865,0.5538758298941326
0.3358154296875,0.0,1.7,0.03125,3.48530600243361,2.023361295119722,1.0,3.7450404363112346,0.5584514624080388
0.3360595703125,0.0,1.7,0.03125,3.4886704381055997,2.0247466509846586,1.0,3.7457133234456323,0.5630270949219445
0.3363037109375,0.0,1.7,0.03125,3.49201384605464,2.02612334837544,1.0,3.7463651828570805,0.5676027274358515
0.3365478515625,0.0,1.7,0.03125,3.49533622628073,2.0274913872920655,1.0,3.7469960145455787,0.5721783599497576
0.3367919921875,0.0,1.7,0.03125,3.49863757878387,2.028850767734535,1.0,3.747605818511127,0.5767539924636638
0.3370361328125,0.0,1.7,0.03125,3.50191790356406,2.0302014897028484,1.0,3.748194594753725,0.5813296249775699
0.3372802734375,0.0,1.7,0.03125,3.5051772006213007,2.031543553197006,1.0,3.7487623432733734,0.585905257491476
0.3375244140625,0.0,1.7,0.03125,3.508415469955591,2.032876958217008,1.0,3.7493090640700717,0.5904808900053826
0.3377685546875,0.0,1.7,0.03125,3.5116327115669312,2.034201704762854,1.0,3.74983475714382,0.5950565225192888
0.3380126953125,0.0,1.7,0.03125,3.5148289254553218,2.0355177928345443,1.0,3.7503394224946187,0.5996321550331953
0.3382568359375,0.0,1.7,0.03125,3.5180041116207623,2.0368252224320784,1.0,3.750823060122467,0.6042077875471019
0.3385009765625,0.0,1.7,0.03125,3.521158270063253,2.038123993555457,1.0,3.751285670027366,0.608783420061008
0.3387451171875,0.0,1.7,0.03125,3.5242914007827935,2.0394141062046796,1.0,3.7517272522093146,0.6133590525749142
0.3389892578125,0.0,1.7,0.03125,3.5274035037793845,2.0406955603797465,1.0,3.7521478066683134,0.6179346850888208
0.3392333984375,0.0,1.7,0.03125,3.530494579053025,2.0419683560806576,1.0,3.752547333404362,0.6225103176027273
0.3394775390625,0.0,1.7,0.03125,3.5335646266037157,2.0432324933074124,1.0,3.752925832417461,0.627085950116633
0.3397216796875,0.0,1.7,0.03125,3.536613646431457,2.0444879720600118,1.0,3.75328330370761,0.6316615826305401
0.3399658203125,0.0,1.7,0.03125,3.539641638536248,2.045734792338455,1.0,3.7536197472748087,0.6362372151444462
0.3402099609375,0.0,1.7,0.03125,3.5426486029180886,2.0469729541427424,1.0,3.753935163119058,0.6408128476583519
0.3404541015625,0.0,1.7,0.03125,3.5456345395769797,2.048202457472874,1.0,3.754229551240357,0.6453884801722589
0.3406982421875,0.0,1.7,0.03125,3.548599448512921,2.04942330232885,1.0,3.7545029116387063,0.649964112686165
0.3409423828125,0.0,1.7,0.03125,3.551543329725912,2.0506354887106695,1.0,3.7547552443141052,0.6545397452000712
0.3411865234375,0.0,1.7,0.03125,3.5544661832159536,2.051839016618334,1.0,3.7549865492665546,0.6591153777139787
0.3414306640625,0.0,1.7,0.03125,3.557368008983045,2.053033886051842,1.0,3.755196826496054,0.6636910102278839
0.3416748046875,0.0,1.7,0.03125,3.560248807027186,2.054220097011194,1.0,3.7553860760026034,0.6682666427417905
0.3419189453125,0.0,1.7,0.03125,3.5631085773483777,2.055397649496391,1.0,3.755554297786203,0.6728422752556975
0.3421630859375,0.0,1.7,0.03125,3.5659473199466194,2.0565665435074316,1.0,3.7557014918468528,0.6774179077696036
0.3424072265625,0.0,1.7,0.03125,3.5687650348219107,2.0577267790443163,1.0,3.755827658184552,0.6819935402835098
0.3426513671875,0.0,1.7,0.03125,3.5715617219742524,2.058878356107045,1.0,3.7559327967993017,0.6865691727974164
0.3428955078125,0.0,1.7,0.03125,3.574337381403644,2.060021274695618,1.0,3.7560169076911016,0.691144805311322
0.3431396484375,0.0,1.7,0.03125,3.577092013110086,2.061155534810035,1.0,3.7560799908599516,0.6957204378252282
0.3433837890625,0.0,1.7,0.03125,3.5798256170935776,2.062281136450297,1.0,3.756122046305851,0.7002960703391357
0.3436279296875,0.0,1.7,0.03125,3.58253819335412,2.063398079616402,1.0,3.756143074028801,0.7048717028530418
0.3438720703125,0.0,1.7,0.03125,3.5852297418917116,2.0645063643083517,1.0,3.756143074028801,0.7094473353669475
0.3441162109375,0.0,1.7,0.03125,3.587900262706354,2.0656059905261457,1.0,3.756122046305851,0.7140229678808545
0.3443603515625,0.0,1.7,0.03125,3.5905497557980457,2.0666969582697834,1.0,3.7560799908599516,0.7185986003947598
0.3446044921875,0.0,1.7,0.03125,3.593178221166788,2.0677792675392657,1.0,3.7560169076911016,0.7231742329086668
0.3448486328125,0.0,1.7,0.03125,3.5957856588125803,2.0688529183345916,1.0,3.7559327967993017,0.7277498654225734
0.3450927734375,0.0,1.7,0.03125,3.5983720687354226,2.069917910655762,1.0,3.755827658184552,0.7323254979364795
0.3453369140625,0.0,1.7,0.03125,3.600937450935315,2.070974244502777,1.0,3.7557014918468528,0.7369011304503856
0.3455810546875,0.0,1.7,0.03125,3.6034818054122573,2.072021919875635,1.0,3.755554297786203,0.7414767629642922
0.3458251953125,0.0,1.7,0.03125,3.6060051321662496,2.073060936774338,1.0,3.7553860760026034,0.7460523954781983
0.3460693359375,0.0,1.7,0.03125,3.608507431197292,2.074091295198885,1.0,3.755196826496054,0.7506280279921049
0.3463134765625,0.0,1.7,0.03125,3.610988702505385,2.075112995149276,1.0,3.7549865492665546,0.7552036605060115
0.3465576171875,0.0,1.7,0.03125,3.6134489460905272,2.076126036625511,1.0,3.7547552443141052,0.7597792930199172
0.3468017578125,0.0,1.7,0.03125,3.61588816195272,2.077130419627591,1.0,3.7545029116387063,0.7643549255338238
0.3470458984375,0.0,1.7,0.03125,3.618306350091963,2.0781261441555143,1.0,3.754229551240357,0.7689305580477308
0.3472900390625,0.0,1.7,0.03125,3.620703510508256,2.0791132102092815,1.0,3.753935163119058,0.773506190561636
0.3475341796875,0.0,1.7,0.03125,3.623079643201599,2.0800916177888937,1.0,3.7536197472748087,0.7780818230755435
0.3477783203125,0.0,1.7,0.03125,3.6254347481719917,2.0810613668943496,1.0,3.75328330370761,0.7826574555894492
0.3480224609375,0.0,1.7,0.03125,3.6277688254194347,2.0820224575256496,1.0,3.752925832417461,0.7872330881033553
0.3482666015625,0.0,1.7,0.03125,3.6300818749439276,2.0829748896827938,1.0,3.752547333404362,0.7918087206172615
0.3485107421875,0.0,1.7,0.03125,3.632373896745471,2.0839186633657825,1.0,3.7521478066683134,0.7963843531311685
0.3487548828125,0.0,1.7,0.03125,3.634644890824064,2.0848537785746144,1.0,3.7517272522093146,0.8009599856450738
0.3489990234375,0.0,1.7,0.03125,3.6368948571797075,2.0857802353092914,1.0,3.751285670027366,0.8055356181589812
0.3492431640625,0.0,1.7,0.03125,3.6391237958124005,2.086698033569812,1.0,3.750823060122467,0.8101112506728869
0.3494873046875,0.0,1.7,0.03125,3.641331706722144,2.087607173356177,1.0,3.7503394224946187,0.8146868831867935
0.3497314453125,0.0,1.7,0.03125,3.6435185899089375,2.088507654668386,1.0,3.74983475714382,0.8192625157007001
0.3499755859375,0.0,1.7,0.03125,3.645684445372781,2.089399477506439,1.0,3.7493090640700717,0.8238381482146058
0.3502197265625,0.0,1.7,0.03125,3.6478292731136746,2.0902826418703366,1.0,3.7487623432733734,0.8284137807285119
0.3504638671875,0.0,1.7,0.03125,3.6499530731316185,2.0911571477600783,1.0,3.748194594753725,0.8329894132424189
0.3507080078125,0.0,1.7,0.03125,3.652055845426612,2.0920229951756637,1.0,3.747605818511127,0.8375650457563246
0.3509521484375,0.0,1.7,0.03125,3.6541375899986557,2.092880184117093,1.0,3.7469960145455787,0.8421406782702303
0.3511962890625,0.0,1.7,0.03125,3.6561983068477497,2.0937287145843673,1.0,3.7463651828570805,0.8467163107841373
0.3514404296875,0.0,1.7,0.03125,3.6582379959738938,2.0945685865774855,1.0,3.7457133234456323,0.8512919432980439
0.3516845703125,0.0,1.7,0.03125,3.6602566573770874,2.0953998000964478,1.0,3.7450404363112346,0.8558675758119496
0.3519287109375,0.0,1.7,0.03125,3.6622542910573315,2.096222355141254,1.0,3.7443465214538865,0.8604432083258566
0.3521728515625,0.0,1.7,0.03125,3.6642308970146256,2.0970362517119048,1.0,3.7436315788735888,0.8650188408397628
0.3524169921875,0.0,1.7,0.03125,3.6661864752489697,2.0978414898083995,1.0,3.7428956085703406,0.8695944733536698
0.3526611328125,0.0,1.7,0.03125,3.6681210257603643,2.0986380694307383,1.0,3.742138610544143,0.8741701058675764
0.3529052734375,0.0,1.7,0.03125,3.6700345485488084,2.099425990578921,1.0,3.7413605847949953,0.8787457383814825
0.3531494140625,0.0,1.7,0.03125,3.6719270436143026,2.1002052532529483,1.0,3.7405615313228977,0.8833213708953886
0.3533935546875,0.0,1.7,0.03125,3.673798510956847,2.1009758574528195,1.0,3.73974145012785,0.8878970034092952
0.3536376953125,0.0,1.7,0.03125,3.675648950576442,2.1017378031785348,1.0,3.738900341209853,0.8924726359232009
0.3538818359375,0.0,1.7,0.03125,3.677478362473086,2.102491090430094,1.0,3.7380382045689053,0.897048268437107
0.3541259765625,0.0,1.7,0.03125,3.6792867466467807,2.1032357192074977,1.0,3.7371550402050078,0.9016239009510136
0.3543701171875,0.0,1.7,0.03125,3.6810741030975254,2.103971689510746,1.0,3.7362508481181607,0.9061995334649202
0.3546142578125,0.0,1.7,0.03125,3.68284043182532,2.1046990013398377,1.0,3.7353256283083636,0.9107751659788259
0.3548583984375,0.0,1.7,0.03125,3.6845857328301648,2.1054176546947736,1.0,3.734379380775616,0.9153507984927325
0.3551025390625,0.0,1.7,0.03125,3.68631000611206,2.106127649575554,1.0,3.733412105519919,0.9199264310066395
0.3553466796875,0.0,1.7,0.03125,3.6880132516710047,2.1068289859821783,1.0,3.732423802541272,0.9245020635205456
0.3555908203125,0.0,1.7,0.03125,3.689695469507,2.107521663914647,1.0,3.731414471839675,0.9290776960344527
0.3558349609375,0.0,1.7,0.03125,3.6913566596200447,2.1082056833729594,1.0,3.7303841134151283,0.9336533285483575
0.3560791015625,0.0,1.7,0.03125,3.69299682201014,2.1088810443571164,1.0,3.7293327272676313,0.9382289610622645
0.3563232421875,0.0,1.7,0.03125,3.694615956677285,2.1095477468671175,1.0,3.7282603133971843,0.9428045935761715
0.3565673828125,0.0,1.7,0.03125,3.6962140636214804,2.1102057909029623,1.0,3.727166871803788,0.9473802260900772
0.3568115234375,0.0,1.7,0.03125,3.6977911428427257,2.1108551764646517,1.0,3.7260524024874413,0.9519558586039834
0.3570556640625,0.0,1.7,0.03125,3.699347194341021,2.111495903552185,1.0,3.7249169054481444,0.9565314911178904
0.3572998046875,0.0,1.7,0.03125,3.7008822181163663,2.1121279721655624,1.0,3.723760380685898,0.9611071236317961
0.3575439453125,0.0,1.7,0.03125,3.7023962141687616,2.112751382304784,1.0,3.7225828282007014,0.9656827561457022
0.3577880859375,0.0,1.7,0.03125,3.7038891824982074,2.11336613396985,1.0,3.721384247992555,0.9702583886596088
0.3580322265625,0.0,1.7,0.03125,3.705361123104703,2.11397222716076,1.0,3.7201646400614585,0.9748340211735154
0.3582763671875,0.0,1.7,0.03125,3.7068120359882486,2.114569661877514,1.0,3.7189240044074126,0.9794096536874211
0.3585205078125,0.0,1.7,0.03125,3.7082419211488444,2.1151584381201123,1.0,3.717662341030416,0.9839852862013281
0.3587646484375,0.0,1.7,0.03125,3.7096507785864903,2.1157385558885546,1.0,3.71637964993047,0.9885609187152338
0.3590087890625,0.0,1.7,0.03125,3.711038608301186,2.1163100151828416,1.0,3.715075931107574,0.9931365512291412
0.3592529296875,0.0,1.7,0.03125,3.712405410292932,2.1168728160029717,1.0,3.713751184561728,0.9977121837430465
0.3594970703125,0.0,1.7,0.03125,3.713751184561728,2.117426958348947,1.0,3.712405410292932,1.002287816256953
0.3597412109375,0.0,1.7,0.03125,3.715075931107574,2.1179724422207657,1.0,3.711038608301186,1.0068634487708592
0.3599853515625,0.0,1.7,0.03125,3.71637964993047,2.118509267618429,1.0,3.7096507785864903,1.0114390812847662
0.3602294921875,0.0,1.7,0.03125,3.717662341030416,2.119037434541936,1.0,3.7082419211488444,1.0160147137986715
0.3604736328125,0.0,1.7,0.03125,3.7189240044074126,2.1195569429912875,1.0,3.7068120359882486,1.020590346312579
0.3607177734375,0.0,1.7,0.03125,3.7201646400614585,2.120067792966483,1.0,3.705361123104703,1.0251659788264846
0.3609619140625,0.0,1.7,0.03125,3.721384247992555,2.1205699844675228,1.0,3.7038891824982074,1.0297416113403912
0.3612060546875,0.0,1.7,0.03125,3.7225828282007014,2.1210635174944064,1.0,3.7023962141687616,1.0343172438542974
0.3614501953125,0.0,1.7,0.03125,3.723760380685898,2.1215483920471345,1.0,3.7008822181163663,1.038892876368204
0.3616943359375,0.0,1.7,0.03125,3.7249169054481444,2.1220246081257064,1.0,3.699347194341021,1.0434685088821096
0.3619384765625,0.0,1.7,0.03125,3.7260524024874413,2.122492165730123,1.0,3.6977911428427257,1.0480441413960162
0.3621826171875,0.0,1.7,0.03125,3.727166871803788,2.1229510648603833,1.0,3.6962140636214804,1.0526197739099228
0.3624267578125,0.0,1.7,0.03125,3.7282603133971843,2.1234013055164875,1.0,3.694615956677285,1.0571954064238285
0.3626708984375,0.0,1.7,0.03125,3.7293327272676313,2.1238428876984363,1.0,3.69299682201014,1.0617710389377355
0.3629150390625,0.0,1.7,0.03125,3.7303841134151283,2.1242758114062292,1.0,3.6913566596200447,1.066346671451642
0.3631591796875,0.0,1.7,0.03125,3.731414471839675,2.124700076639866,1.0,3.689695469507,1.0709223039655469
0.3634033203125,0.0,1.7,0.03125,3.732423802541272,2.125115683399347,1.0,3.6880132516710047,1.075497936479454
0.3636474609375,0.0,1.7,0.03125,3.733412105519919,2.1255226316846727,1.0,3.68631000611206,1.080073568993361
0.3638916015625,0.0,1.7,0.03125,3.734379380775616,2.1259209214958417,1.0,3.6845857328301648,1.0846492015072666
0.3641357421875,0.0,1.7,0.03125,3.7353256283083636,2.1263105528328556,1.0,3.68284043182532,1.089224834021174
0.3643798828125,0.0,1.7,0.03125,3.7362508481181607,2.126691525695713,1.0,3.6810741030975254,1.0938004665350793
0.3646240234375,0.0,1.7,0.03125,3.7371550402050078,2.127063840084415,1.0,3.6792867466467807,1.0983760990489864
0.3648681640625,0.0,1.7,0.03125,3.7380382045689053,2.127427495998961,1.0,3.677478362473086,1.102951731562893
0.3651123046875,0.0,1.7,0.03125,3.738900341209853,2.1277824934393514,1.0,3.675648950576442,1.1075273640767995
0.3653564453125,0.0,1.7,0.03125,3.73974145012785,2.128128832405585,1.0,3.673798510956847,1.1121029965907048
0.3656005859375,0.0,1.7,0.03125,3.7405615313228977,2.128466512897664,1.0,3.6719270436143026,1.1166786291046118
0.3658447265625,0.0,1.7,0.03125,3.7413605847949953,2.1287955349155863,1.0,3.6700345485488084,1.121254261618518
0.3660888671875,0.0,1.7,0.03125,3.742138610544143,2.129115898459353,1.0,3.6681210257603643,1.1258298941324236
0.3663330078125,0.0,1.7,0.03125,3.7428956085703406,2.129427603528964,1.0,3.6661864752489697,1.1304055266463306
0.3665771484375,0.0,1.7,0.03125,3.7436315788735888,2.1297306501244186,1.0,3.6642308970146256,1.1349811591602372
0.3668212890625,0.0,1.7,0.03125,3.7443465214538865,2.130025038245718,1.0,3.6622542910573315,1.1395567916741438
0.3670654296875,0.0,1.7,0.03125,3.7450404363112346,2.130310767892861,1.0,3.6602566573770874,1.14413242418805
0.3673095703125,0.0,1.7,0.03125,3.7457133234456323,2.1305878390658486,1.0,3.6582379959738938,1.1487080567019556
0.3675537109375,0.0,1.7,0.03125,3.7463651828570805,2.13085625176468,1.0,3.6561983068477497,1.1532836892158618
0.3677978515625,0.0,1.7,0.03125,3.7469960145455787,2.1311160059893557,1.0,3.6541375899986557,1.1578593217297688
0.3680419921875,0.0,1.7,0.03125,3.747605818511127,2.131367101739876,1.0,3.652055845426612,1.1624349542436758
0.3682861328125,0.0,1.7,0.03125,3.748194594753725,2.1316095390162397,1.0,3.6499530731316185,1.167010586757581
0.3685302734375,0.0,1.7,0.03125,3.7487623432733734,2.131843317818448,1.0,3.6478292731136746,1.171586219271488
0.3687744140625,0.0,1.7,0.03125,3.7493090640700717,2.1320684381465003,1.0,3.645684445372781,1.1761618517853947
0.3690185546875,0.0,1.7,0.03125,3.74983475714382,2.1322849000003963,1.0,3.6435185899089375,1.1807374842993
0.3692626953125,0.0,1.7,0.03125,3.7503394224946187,2.1324927033801373,1.0,3.641331706722144,1.1853131168132074
0.3695068359375,0.0,1.7,0.03125,3.750823060122467,2.1326918482857216,1.0,3.6391237958124005,1.1898887493271126
0.3697509765625,0.0,1.7,0.03125,3.751285670027366,2.132882334717151,1.0,3.6368948571797075,1.1944643818410197
0.3699951171875,0.0,1.7,0.03125,3.7517272522093146,2.133064162674424,1.0,3.634644890824064,1.1990400143549262
0.3702392578125,0.0,1.7,0.03125,3.7521478066683134,2.133237332157541,1.0,3.632373896745471,1.203615646868832
0.3704833984375,0.0,1.7,0.03125,3.752547333404362,2.133401843166502,1.0,3.6300818749439276,1.208191279382739
0.3707275390625,0.0,1.7,0.03125,3.752925832417461,2.1335576957013074,1.0,3.6277688254194347,1.2127669118966447
0.3709716796875,0.0,1.7,0.03125,3.75328330370761,2.133704889761957,1.0,3.6254347481719917,1.2173425444105508
0.3712158203125,0.0,1.7,0.03125,3.7536197472748087,2.1338434253484504,1.0,3.623079643201599,1.2219181769244565
0.3714599609375,0.0,1.7,0.03125,3.753935163119058,2.1339733024607885,1.0,3.620703510508256,1.2264938094383635
0.3717041015625,0.0,1.7,0.03125,3.754229551240357,2.1340945210989704,1.0,3.618306350091963,1.2310694419522696
0.3719482421875,0.0,1.7,0.03125,3.7545029116387063,2.1342070812629967,1.0,3.61588816195272,1.2356450744661767
0.3721923828125,0.0,1.7,0.03125,3.7547552443141052,2.134310982952867,1.0,3.6134489460905272,1.2402207069800824
0.3724365234375,0.0,1.7,0.03125,3.7549865492665546,2.1344062261685814,1.0,3.610988702505385,1.244796339493989
0.3726806640625,0.0,1.7,0.03125,3.755196826496054,2.1344928109101398,1.0,3.608507431197292,1.249371972007895
0.3729248046875,0.0,1.7,0.03125,3.7553860760026034,2.1345707371775426,1.0,3.6060051321662496,1.2539476045218017
0.3731689453125,0.0,1.7,0.03125,3.755554297786203,2.134640004970789,1.0,3.6034818054122573,1.2585232370357073
0.3734130859375,0.0,1.7,0.03125,3.7557014918468528,2.1347006142898803,1.0,3.600937450935315,1.263098869549614
0.3736572265625,0.0,1.7,0.03125,3.755827658184552,2.1347525651348156,1.0,3.5983720687354226,1.2676745020635205
0.3739013671875,0.0,1.7,0.03125,3.7559327967993017,2.134795857505595,1.0,3.5957856588125803,1.2722501345774266
0.3741455078125,0.0,1.7,0.03125,3.7560169076911016,2.134830491402218,1.0,3.593178221166788,1.2768257670913328
0.3743896484375,0.0,1.7,0.03125,3.7560799908599516,2.134856466824686,1.0,3.5905497557980457,1.2814013996052402
0.3746337890625,0.0,1.7,0.03125,3.756122046305851,2.1348737837729974,1.0,3.587900262706354,1.285977032119145
0.3748779296875,0.0,1.7,0.03125,3.756143074028801,2.1348824422471533,1.0,3.5852297418917116,1.290552664633052
0.3751220703125,0.0,1.7,0.03125,3.756143074028801,2.1348824422471533,1.0,3.58253819335412,1.2951282971469582
0.3753662109375,0.0,1.7,0.03125,3.756122046305851,2.1348737837729974,1.0,3.5798256170935776,1.2997039296608648
0.3756103515625,0.0,1.7,0.03125,3.7560799908599516,2.134856466824686,1.0,3.577092013110086,1.3042795621747723
0.3758544921875,0.0,1.7,0.03125,3.7560169076911016,2.134830491402218,1.0,3.574337381403644,1.3088551946886775
0.3760986328125,0.0,1.7,0.03125,3.7559327967993017,2.134795857505595,1.0,3.5715617219742524,1.313430827202584
0.3763427734375,0.0,1.7,0.03125,3.755827658184552,2.1347525651348156,1.0,3.5687650348219107,1.3180064597164907
0.3765869140625,0.0,1.7,0.03125,3.7557014918468528,2.1347006142898803,1.0,3.5659473199466194,1.3225820922303964
0.3768310546875,0.0,1.7,0.03125,3.755554297786203,2.134640004970789,1.0,3.5631085773483777,1.3271577247443025
0.3770751953125,0.0,1.7,0.03125,3.7553860760026034,2.1345707371775426,1.0,3.560248807027186,1.3317333572582095
0.3773193359375,0.0,1.7,0.03125,3.755196826496054,2.1344928109101398,1.0,3.557368008983045,1.3363089897721157
0.3775634765625,0.0,1.7,0.03125,3.7549865492665546,2.1344062261685814,1.0,3.5544661832159536,1.3408846222860218
0.3778076171875,0.0,1.7,0.03125,3.7547552443141052,2.134310982952867,1.0,3.551543329725912,1.3454602547999284
0.3780517578125,0.0,1.7,0.03125,3.7545029116387063,2.1342070812629967,1.0,3.548599448512921,1.3500358873138354
0.3782958984375,0.0,1.7,0.03125,3.754229551240357,2.1340945210989704,1.0,3.5456345395769797,1.354611519827741
0.3785400390625,0.0,1.7,0.03125,3.753935163119058,2.1339733024607885,1.0,3.5426486029180886,1.359187152341648
0.3787841796875,0.0,1.7,0.03125,3.7536197472748087,2.1338434253484504,1.0,3.539641638536248,1.363762784855553
0.3790283203125,0.0,1.7,0.03125,3.75328330370761,2.133704889761957,1.0,3.536613646431457,1.36833841736946
0.3792724609375,0.0,1.7,0.03125,3.752925832417461,2.1335576957013074,1.0,3.5335646266037157,1.372914049883367
0.3795166015625,0.0,1.7,0.03125,3.752547333404362,2.133401843166502,1.0,3.530494579053025,1.377489682397273
0.3797607421875,0.0,1.7,0.03125,3.7521478066683134,2.133237332157541,1.0,3.5274035037793845,1.3820653149111792
0.3800048828125,0.0,1.7,0.03125,3.7517272522093146,2.133064162674424,1.0,3.5242914007827935,1.3866409474250863
0.3802490234375,0.0,1.7,0.03125,3.751285670027366,2.132882334717151,1.0,3.521158270063253,1.3912165799389924
0.3804931640625,0.0,1.7,0.03125,3.750823060122467,2.1326918482857216,1.0,3.5180041116207623,1.3957922124528976
0.3807373046875,0.0,1.7,0.03125,3.7503394224946187,2.1324927033801373,1.0,3.5148289254553218,1.400367844966805
0.3809814453125,0.0,1.7,0.03125,3.74983475714382,2.1322849000003963,1.0,3.5116327115669312,1.4049434774807108
0.3812255859375,0.0,1.7,0.03125,3.7493090640700717,2.1320684381465003,1.0,3.508415469955591,1.4095191099946174
0.3814697265625,0.0,1.7,0.03125,3.7487623432733734,2.131843317818448,1.0,3.5051772006213007,1.414094742508524
0.3817138671875,0.0,1.7,0.03125,3.748194594753725,2.1316095390162397,1.0,3.50191790356406,1.4186703750224305
0.3819580078125,0.0,1.7,0.03125,3.747605818511127,2.131367101739876,1.0,3.49863757878387,1.4232460075363371
0.3822021484375,0.0,1.7,0.03125,3.7469960145455787,2.1311160059893557,1.0,3.49533622628073,1.4278216400502424
0.3824462890625,0.0,1.7,0.03125,3.7463651828570805,2.13085625176468,1.0,3.49201384605464,1.432397272564148
0.3826904296875,0.0,1.7,0.03125,3.7457133234456323,2.1305878390658486,1.0,3.4886704381055997,1.4369729050780555
0.3829345703125,0.0,1.7,0.03125,3.7450404363112346,2.130310767892861,1.0,3.48530600243361,1.4415485375919612
0.3831787109375,0.0,1.7,0.03125,3.7443465214538865,2.130025038245718,1.0,3.4819205390386703,1.4461241701058678
0.3834228515625,0.0,1.7,0.03125,3.7436315788735888,2.1297306501244186,1.0,3.4785140479207803,1.450699802619774
0.3836669921875,0.0,1.7,0.03125,3.7428956085703406,2.129427603528964,1.0,3.4750865290799404,1.4552754351336805
0.3839111328125,0.0,1.7,0.03125,3.742138610544143,2.129115898459353,1.0,3.471637982516151,1.4598510676475862
0.3841552734375,0.0,1.7,0.03125,3.7413605847949953,2.1287955349155863,1.0,3.468168408229411,1.4644267001614932
0.3843994140625,0.0,1.7,0.03125,3.7405615313228977,2.128466512897664,1.0,3.4646778062197217,1.4690023326753994
0.3846435546875,0.0,1.7,0.03125,3.73974145012785,2.128128832405585,1.0,3.4611661764870822,1.473577965189305
0.3848876953125,0.0,1.7,0.03125,3.738900341209853,2.1277824934393514,1.0,3.457633519031493,1.4781535977032125
0.3851318359375,0.0,1.7,0.03125,3.7380382045689053,2.127427495998961,1.0,3.454079833852953,1.482729230217119
0.3853759765625,0.0,1.7,0.03125,3.7371550402050078,2.127063840084415,1.0,3.450505120951464,1.4873048627310244
0.3856201171875,0.0,1.7,0.03125,3.7362508481181607,2.126691525695713,1.0,3.4469093803270248,1.4918804952449305
0.3858642578125,0.0,1.7,0.03125,3.7353256283083636,2.1263105528328556,1.0,3.4432926119796354,1.496456127758838
0.3861083984375,0.0,1.7,0.03125,3.734379380775616,2.1259209214958417,1.0,3.439654815909296,1.5010317602727437
0.3863525390625,0.0,1.7,0.03125,3.733412105519919,2.1255226316846727,1.0,3.4359959921160073,1.5056073927866502
0.3865966796875,0.0,1.7,0.03125,3.732423802541272,2.125115683399347,1.0,3.4323161405997684,1.5101830253005555
0.3868408203125,0.0,1.7,0.03125,3.731414471839675,2.124700076639866,1.0,3.428615261360579,1.5147586578144625
0.3870849609375,0.0,1.7,0.03125,3.7303841134151283,2.1242758114062292,1.0,3.4248933543984403,1.5193342903283695
0.3873291015625,0.0,1.7,0.03125,3.7293327272676313,2.1238428876984363,1.0,3.4211504197133515,1.5239099228422757
0.3875732421875,0.0,1.7,0.03125,3.7282603133971843,2.1234013055164875,1.0,3.4173864573053128,1.5284855553561814
0.3878173828125,0.0,1.7,0.03125,3.727166871803788,2.1229510648603833,1.0,3.413601467174324,1.5330611878700888
0.3880615234375,0.0,1.7,0.03125,3.7260524024874413,2.122492165730123,1.0,3.4097954493203857,1.5376368203839945
0.3883056640625,0.0,1.7,0.03125,3.7249169054481444,2.1220246081257064,1.0,3.405968403743497,1.5422124528979002
0.3885498046875,0.0,1.7,0.03125,3.723760380685898,2.1215483920471345,1.0,3.4021203304436582,1.5467880854118077
0.3887939453125,0.0,1.7,0.03125,3.7225828282007014,2.1210635174944064,1.0,3.39825122942087,1.5513637179257134
0.3890380859375,0.0,1.7,0.03125,3.721384247992555,2.1205699844675228,1.0,3.3943611006751317,1.55593935043962
0.3892822265625,0.0,1.7,0.03125,3.7201646400614585,2.120067792966483,1.0,3.390449944206443,1.560514982953526
0.3895263671875,0.0,1.7,0.03125,3.7189240044074126,2.1195569429912875,1.0,3.386517760014805,1.565090615467433
0.3897705078125,0.0,1.7,0.03125,3.717662341030416,2.119037434541936,1.0,3.3825645481002167,1.5696662479813388
0.3900146484375,0.0,1.7,0.03125,3.71637964993047,2.118509267618429,1.0,3.3785903084626785,1.5742418804952463
0.3902587890625,0.0,1.7,0.03125,3.715075931107574,2.1179724422207657,1.0,3.3745950411021908,1.5788175130091515
0.3905029296875,0.0,1.7,0.03125,3.713751184561728,2.117426958348947,1.0,3.3705787460187526,1.583393145523058
0.3907470703125,0.0,1.7,0.03125,3.712405410292932,2.1168728160029717,1.0,3.3665414232123645,1.5879687780369642
0.3909912109375,0.0,1.7,0.03125,3.711038608301186,2.1163100151828416,1.0,3.362483072683027,1.5925444105508713
0.3912353515625,0.0,1.7,0.03125,3.7096507785864903,2.1157385558885546,1.0,3.358403694430739,1.5971200430647765
0.3914794921875,0.0,1.7,0.03125,3.7082419211488444,2.1151584381201123,1.0,3.354303288455501,1.6016956755786835
0.3917236328125,0.0,1.7,0.03125,3.7068120359882486,2.114569661877514,1.0,3.3501818547573134,1.6062713080925897
0.3919677734375,0.0,1.7,0.03125,3.705361123104703,2.11397222716076,1.0,3.346039393336176,1.6108469406064958
0.3922119140625,0.0,1.7,0.03125,3.7038891824982074,2.11336613396985,1.0,3.3418759041920882,1.6154225731204024
0.3924560546875,0.0,1.7,0.03125,3.7023962141687616,2.112751382304784,1.0,3.3376913873250507,1.6199982056343085
0.3927001953125,0.0,1.7,0.03125,3.7008822181163663,2.1121279721655624,1.0,3.3334858427350635,1.6245738381482142
0.3929443359375,0.0,1.7,0.03125,3.699347194341021,2.111495903552185,1.0,3.329259270422126,1.6291494706621217
0.3931884765625,0.0,1.7,0.03125,3.6977911428427257,2.1108551764646517,1.0,3.3250116703862385,1.6337251031760283
0.3934326171875,0.0,1.7,0.03125,3.6962140636214804,2.1102057909029623,1.0,3.3207430426274014,1.638300735689934
0.3936767578125,0.0,1.7,0.03125,3.694615956677285,2.1095477468671175,1.0,3.3164533871456143,1.6428763682038405
0.3939208984375,0.0,1.7,0.03125,3.69299682201014,2.1088810443571164,1.0,3.3121427039408773,1.6474520007177467
0.3941650390625,0.0,1.7,0.03125,3.6913566596200447,2.1082056833729594,1.0,3.30781099301319,1.6520276332316532
0.3944091796875,0.0,1.7,0.03125,3.689695469507,2.107521663914647,1.0,3.303458254362553,1.6566032657455603
0.3946533203125,0.0,1.7,0.03125,3.6880132516710047,2.1068289859821783,1.0,3.2990844879889663,1.661178898259465
0.3948974609375,0.0,1.7,0.03125,3.68631000611206,2.106127649575554,1.0,3.2946896938924293,1.665754530773372
0.3951416015625,0.0,1.7,0.03125,3.6845857328301648,2.1054176546947736,1.0,3.2902738720729423,1.6703301632872782
0.3953857421875,0.0,1.7,0.03125,3.68284043182532,2.1046990013398377,1.0,3.285837022530506,1.6749057958011844
0.3956298828125,0.0,1.7,0.03125,3.6810741030975254,2.103971689510746,1.0,3.281379145265119,1.6794814283150914
0.3958740234375,0.0,1.7,0.03125,3.6792867466467807,2.1032357192074977,1.0,3.2769002402767824,1.6840570608289969
0.3961181640625,0.0,1.7,0.03125,3.677478362473086,2.102491090430094,1.0,3.272400307565496,1.688632693342903
0.3963623046875,0.0,1.7,0.03125,3.675648950576442,2.1017378031785348,1.0,3.267879347131259,1.6932083258568105
0.3966064453125,0.0,1.7,0.03125,3.673798510956847,2.1009758574528195,1.0,3.2633373589740726,1.6977839583707168
0.3968505859375,0.0,1.7,0.03125,3.6719270436143026,2.1002052532529483,1.0,3.2587743430939367,1.7023595908846223
0.3970947265625,0.0,1.7,0.03125,3.6700345485488084,2.099425990578921,1.0,3.2541902994908503,1.706935223398529
0.3973388671875,0.0,1.7,0.03125,3.6681210257603643,2.0986380694307383,1.0,3.249585228164814,1.7115108559124357
0.3975830078125,0.0,1.7,0.03125,3.6661864752489697,2.0978414898083995,1.0,3.2449591291158275,1.716086488426342
0.3978271484375,0.0,1.7,0.03125,3.6642308970146256,2.0970362517119048,1.0,3.2403120023438916,1.720662120940248
0.3980712890625,0.0,1.7,0.03125,3.6622542910573315,2.096222355141254,1.0,3.2356438478490057,1.7252377534541539
0.3983154296875,0.0,1.7,0.03125,3.6602566573770874,2.0953998000964478,1.0,3.2309546656311694,1.7298133859680607
0.3985595703125,0.0,1.7,0.03125,3.6582379959738938,2.0945685865774855,1.0,3.2262444556903835,1.734389018481967
0.3988037109375,0.0,1.7,0.03125,3.6561983068477497,2.0937287145843673,1.0,3.2215132180266477,1.738964650995873
0.3990478515625,0.0,1.7,0.03125,3.6541375899986557,2.092880184117093,1.0,3.216760952639962,1.743540283509779
0.3992919921875,0.0,1.7,0.03125,3.652055845426612,2.0920229951756637,1.0,3.211987659530326,1.748115916023686
0.3995361328125,0.0,1.7,0.03125,3.6499530731316185,2.0911571477600783,1.0,3.2071933386977403,1.7526915485375933
0.3997802734375,0.0,1.7,0.03125,3.6478292731136746,2.0902826418703366,1.0,3.202377990142205,1.7572671810514986
0.4000244140625,0.0,1.7,0.03125,3.645684445372781,2.089399477506439,1.0,3.197541613863719,1.761842813565405
0.4002685546875,0.0,1.7,0.03125,3.6435185899089375,2.088507654668386,1.0,3.192684209862284,1.7664184460793113
0.4005126953125,0.0,1.7,0.03125,3.641331706722144,2.087607173356177,1.0,3.1878057781378986,1.7709940785932177
0.4007568359375,0.0,1.7,0.03125,3.6391237958124005,2.086698033569812,1.0,3.182906318690563,1.775569711107124
0.4010009765625,0.0,1.7,0.03125,3.6368948571797075,2.0857802353092914,1.0,3.1779858315202776,1.780145343621031
0.4012451171875,0.0,1.7,0.03125,3.634644890824064,2.0848537785746144,1.0,3.1730443166270423,1.7847209761349365
0.4014892578125,0.0,1.7,0.03125,3.632373896745471,2.0839186633657825,1.0,3.168081774010857,1.7892966086488442
0.4017333984375,0.0,1.7,0.03125,3.6300818749439276,2.0829748896827938,1.0,3.1630982036717223,1.793872241162749
0.4019775390625,0.0,1.7,0.03125,3.6277688254194347,2.0820224575256496,1.0,3.158093605609637,1.798447873676656
0.4022216796875,0.0,1.7,0.03125,3.6254347481719917,2.0810613668943496,1.0,3.153067979824602,1.8030235061905628
0.4024658203125,0.0,1.7,0.03125,3.623079643201599,2.0800916177888937,1.0,3.1480213263166172,1.807599138704469
0.4027099609375,0.0,1.7,0.03125,3.620703510508256,2.0791132102092815,1.0,3.142953645085682,1.812174771218375
0.4029541015625,0.0,1.7,0.03125,3.618306350091963,2.0781261441555143,1.0,3.1378649361317974,1.816750403732282
0.4031982421875,0.0,1.7,0.03125,3.61588816195272,2.077130419627591,1.0,3.1327551994549627,1.8213260362461878
0.4034423828125,0.0,1.7,0.03125,3.6134489460905272,2.076126036625511,1.0,3.127624435055178,1.8259016687600933
0.4036865234375,0.0,1.7,0.03125,3.610988702505385,2.075112995149276,1.0,3.1224726429324434,1.8304773012740005
0.4039306640625,0.0,1.7,0.03125,3.608507431197292,2.074091295198885,1.0,3.117299823086759,1.8350529337879067
0.4041748046875,0.0,1.7,0.03125,3.6060051321662496,2.073060936774338,1.0,3.112105975518124,1.8396285663018133
0.4044189453125,0.0,1.7,0.03125,3.6034818054122573,2.072021919875635,1.0,3.10689110022654,1.844204198815719
0.4046630859375,0.0,1.7,0.03125,3.600937450935315,2.070974244502777,1.0,3.1016551972120054,1.8487798313296262
0.4049072265625,0.0,1.7,0.03125,3.5983720687354226,2.069917910655762,1.0,3.0963982664745213,1.8533554638435321
0.4051513671875,0.0,1.7,0.03125,3.5957856588125803,2.0688529183345916,1.0,3.091120308014087,1.8579310963574378
0.4053955078125,0.0,1.7,0.03125,3.593178221166788,2.0677792675392657,1.0,3.0858213218307027,1.862506728871345
0.4056396484375,0.0,1.7,0.03125,3.5905497557980457,2.0666969582697834,1.0,3.0805013079243686,1.867082361385251
0.4058837890625,0.0,1.7,0.03125,3.587900262706354,2.0656059905261457,1.0,3.0751602662950845,1.8716579938991578
0.4061279296875,0.0,1.7,0.03125,3.5852297418917116,2.0645063643083517,1.0,3.069798196942851,1.8762336264130628
0.4063720703125,0.0,1.7,0.03125,3.58253819335412,2.063398079616402,1.0,3.064415099867667,1.8808092589269698
0.4066162109375,0.0,1.7,0.03125,3.5798256170935776,2.062281136450297,1.0,3.059010975069533,1.8853848914408764
0.4068603515625,0.0,1.7,0.03125,3.577092013110086,2.061155534810035,1.0,3.0535858225484493,1.8899605239547819
0.4071044921875,0.0,1.7,0.03125,3.574337381403644,2.060021274695618,1.0,3.0481396423044154,1.894536156468689
0.4073486328125,0.0,1.7,0.03125,3.5715617219742524,2.058878356107045,1.0,3.042672434337432,1.899111788982595
0.4075927734375,0.0,1.7,0.03125,3.5687650348219107,2.0577267790443163,1.0,3.0371841986474983,1.9036874214965014
0.4078369140625,0.0,1.7,0.03125,3.5659473199466194,2.0565665435074316,1.0,3.0316749352346144,1.9082630540104086
0.4080810546875,0.0,1.7,0.03125,3.5631085773483777,2.055397649496391,1.0,3.026144644098781,1.912838686524315
0.4083251953125,0.0,1.7,0.03125,3.560248807027186,2.054220097011194,1.0,3.0205933252399975,1.9174143190382205
0.4085693359375,0.0,1.7,0.03125,3.557368008983045,2.053033886051842,1.0,3.0150209786582645,1.9219899515521264
0.4088134765625,0.0,1.7,0.03125,3.5544661832159536,2.051839016618334,1.0,3.009427604353581,1.9265655840660338
0.4090576171875,0.0,1.7,0.03125,3.551543329725912,2.0506354887106695,1.0,3.0038132023259476,1.9311412165799393
0.4093017578125,0.0,1.7,0.03125,3.548599448512921,2.04942330232885,1.0,2.9981777725753647,1.935716849093846
0.4095458984375,0.0,1.7,0.03125,3.5456345395769797,2.048202457472874,1.0,2.9925213151018317,1.9402924816077518
0.4097900390625,0.0,1.7,0.03125,3.5426486029180886,2.0469729541427424,1.0,2.9868438299053484,1.9448681141216584
0.4100341796875,0.0,1.7,0.03125,3.539641638536248,2.045734792338455,1.0,2.9811453169859154,1.9494437466355647
0.4102783203125,0.0,1.7,0.03125,3.536613646431457,2.0444879720600118,1.0,2.9754257763435326,1.9540193791494715
0.4105224609375,0.0,1.7,0.03125,3.5335646266037157,2.0432324933074124,1.0,2.9696852079781997,1.9585950116633775
0.4107666015625,0.0,1.7,0.03125,3.530494579053025,2.0419683560806576,1.0,2.963923611889917,1.9631706441772845
0.4110107421875,0.0,1.7,0.03125,3.5274035037793845,2.0406955603797465,1.0,2.958140988078684,1.9677462766911908
0.4112548828125,0.0,1.7,0.03125,3.5242914007827935,2.0394141062046796,1.0,2.9523373365445016,1.972321909205096
0.4114990234375,0.0,1.7,0.03125,3.521158270063253,2.038123993555457,1.0,2.9465126572873688,1.9768975417190031
0.4117431640625,0.0,1.7,0.03125,3.5180041116207623,2.0368252224320784,1.0,2.9406669503072864,1.9814731742329088
0.4119873046875,0.0,1.7,0.03125,3.5148289254553218,2.0355177928345443,1.0,2.9348002156042536,1.9860488067468158
0.4122314453125,0.0,1.7,0.03125,3.5116327115669312,2.034201704762854,1.0,2.9289124531782713,1.9906244392607215
0.4124755859375,0.0,1.7,0.03125,3.508415469955591,2.032876958217008,1.0,2.923003663029339,1.9952000717746283
0.4127197265625,0.0,1.7,0.03125,3.5051772006213007,2.031543553197006,1.0,2.9170738451574567,1.9997757042885347
0.4129638671875,0.0,1.7,0.03125,3.50191790356406,2.0302014897028484,1.0,2.9111229995626244,2.004351336802441
0.4132080078125,0.0,1.7,0.03125,3.49863757878387,2.028850767734535,1.0,2.905151126244842,2.008926969316348
0.4134521484375,0.0,1.7,0.03125,3.49533622628073,2.0274913872920655,1.0,2.8991582252041104,2.013502601830254
0.4136962890625,0.0,1.7,0.03125,3.49201384605464,2.02612334837544,1.0,2.893144296440428,2.0180782343441606
0.4139404296875,0.0,1.7,0.03125,3.4886704381055997,2.0247466509846586,1.0,2.8871093399537964,2.0226538668580654
0.4141845703125,0.0,1.7,0.03125,3.48530600243361,2.023361295119722,1.0,2.881053355744214,2.0272294993719733
0.4144287109375,0.0,1.7,0.03125,3.4819205390386703,2.021967280780629,1.0,2.8749763438116824,2.0318051318858794
0.4146728515625,0.0,1.7,0.03125,3.4785140479207803,2.02056460796738,1.0,2.8688783041562007,2.0363807643997847
0.4149169921875,0.0,1.7,0.03125,3.4750865290799404,2.0191532766799756,1.0,2.862759236777769,2.0409563969136917
0.4151611328125,0.0,1.7,0.03125,3.471637982516151,2.017733286918415,1.0,2.8566191416763873,2.045532029427598
0.4154052734375,0.0,1.7,0.03125,3.468168408229411,2.0163046386826986,1.0,2.8504580188520556,2.050107661941504
0.4156494140625,0.0,1.7,0.03125,3.4646778062197217,2.0148673319728267,1.0,2.8442758683047744,2.054683294455411
0.4158935546875,0.0,1.7,0.03125,3.4611661764870822,2.0134213667887986,1.0,2.8380726900345428,2.059258926969317
0.4161376953125,0.0,1.7,0.03125,3.457633519031493,2.0119667431306145,1.0,2.8318484840413616,2.063834559483223
0.4163818359375,0.0,1.7,0.03125,3.454079833852953,2.0105034609982746,1.0,2.82560325032523,2.068410191997129
0.4166259765625,0.0,1.7,0.03125,3.450505120951464,2.0090315203917792,1.0,2.819336988886149,2.072985824511036
0.4168701171875,0.0,1.7,0.03125,3.4469093803270248,2.0075509213111276,1.0,2.8130496997241172,2.0775614570249425
0.4171142578125,0.0,1.7,0.03125,3.4432926119796354,2.0060616637563204,1.0,2.806741382839136,2.0821370895388487
0.4173583984375,0.0,1.7,0.03125,3.439654815909296,2.004563747727357,1.0,2.8004120382312054,2.086712722052754
0.4176025390625,0.0,1.7,0.03125,3.4359959921160073,2.003057173224238,1.0,2.7940616659003243,2.091288354566661
0.4178466796875,0.0,1.7,0.03125,3.4323161405997684,2.0015419402469634,1.0,2.787690265846493,2.0958639870805684
0.4180908203125,0.0,1.7,0.03125,3.428615261360579,2.000018048795533,1.0,2.781297838069712,2.100439619594474
0.4183349609375,0.0,1.7,0.03125,3.4248933543984403,1.9984854988699459,1.0,2.774884382569981,2.1050152521083803
0.4185791015625,0.0,1.7,0.03125,3.4211504197133515,1.9969442904702035,1.0,2.7684498993473006,2.1095908846222864
0.4188232421875,0.0,1.7,0.03125,3.4173864573053128,1.9953944235963053,1.0,2.7619943884016696,2.1141665171361934
0.4190673828125,0.0,1.7,0.03125,3.413601467174324,1.993835898248251,1.0,2.7555178497330894,2.1187421496500987
0.4193115234375,0.0,1.7,0.03125,3.4097954493203857,1.9922687144260411,1.0,2.749020283341559,2.1233177821640057
0.4195556640625,0.0,1.7,0.03125,3.405968403743497,1.990692872129675,1.0,2.742501689227078,2.127893414677912
0.4197998046875,0.0,1.7,0.03125,3.4021203304436582,1.9891083713591533,1.0,2.7359620673896474,2.132469047191818
0.4200439453125,0.0,1.7,0.03125,3.39825122942087,1.987515212114476,1.0,2.7294014178292674,2.1370446797057245
0.4202880859375,0.0,1.7,0.03125,3.3943611006751317,1.9859133943956424,1.0,2.722819740545937,2.141620312219631
0.4205322265625,0.0,1.7,0.03125,3.390449944206443,1.984302918202653,1.0,2.7162170355396564,2.1461959447335373
0.4207763671875,0.0,1.7,0.03125,3.386517760014805,1.9826837835355078,1.0,2.7095933028104264,2.1507715772474434
0.4210205078125,0.0,1.7,0.03125,3.3825645481002167,1.9810559903942069,1.0,2.7029485423582464,2.1553472097613495
0.4212646484375,0.0,1.7,0.03125,3.3785903084626785,1.9794195387787499,1.0,2.696282754183116,2.159922842275256
0.4215087890625,0.0,1.7,0.03125,3.3745950411021908,1.9777744286891372,1.0,2.689595938285036,2.1644984747891627
0.4217529296875,0.0,1.7,0.03125,3.3705787460187526,1.9761206601253685,1.0,2.682888094664006,2.169074107303069
0.4219970703125,0.0,1.7,0.03125,3.3665414232123645,1.974458233087444,1.0,2.676159223320026,2.173649739816975
0.4222412109375,0.0,1.7,0.03125,3.362483072683027,1.972787147575364,1.0,2.6694093242530963,2.178225372330882
0.4224853515625,0.0,1.7,0.03125,3.358403694430739,1.971107403589128,1.0,2.6626383974632164,2.182801004844789
0.4227294921875,0.0,1.7,0.03125,3.354303288455501,1.9694190011287356,1.0,2.655846442950387,2.187376637358694
0.4229736328125,0.0,1.7,0.03125,3.3501818547573134,1.967721940194188,1.0,2.649033460714607,2.191952269872601
0.4232177734375,0.0,1.7,0.03125,3.346039393336176,1.966016220785484,1.0,2.6421994507558777,2.1965279023865065
0.4234619140625,0.0,1.7,0.03125,3.3418759041920882,1.9643018429026244,1.0,2.635344413074198,2.2011035349004135
0.4237060546875,0.0,1.7,0.03125,3.3376913873250507,1.9625788065456091,1.0,2.6284683476695685,2.2056791674143197
0.4239501953125,0.0,1.7,0.03125,3.3334858427350635,1.960847111714438,1.0,2.621571254541989,2.2102547999282267
0.4241943359375,0.0,1.7,0.03125,3.329259270422126,1.9591067584091106,1.0,2.61465313369146,2.2148304324421324
0.4244384765625,0.0,1.7,0.03125,3.3250116703862385,1.9573577466296277,1.0,2.6077139851179805,2.219406064956039
0.4246826171875,0.0,1.7,0.03125,3.3207430426274014,1.9556000763759889,1.0,2.600753808821551,2.2239816974699456
0.4249267578125,0.0,1.7,0.03125,3.3164533871456143,1.953833747648194,1.0,2.5937726048021723,2.2285573299838513
0.4251708984375,0.0,1.7,0.03125,3.3121427039408773,1.9520587604462434,1.0,2.586770373059843,2.233132962497758
0.4254150390625,0.0,1.7,0.03125,3.30781099301319,1.950275114770137,1.0,2.579747113594564,2.2377085950116635
0.4256591796875,0.0,1.7,0.03125,3.303458254362553,1.9484828106198746,1.0,2.572702826406335,2.2422842275255706
0.4259033203125,0.0,1.7,0.03125,3.2990844879889663,1.9466818479954566,1.0,2.565637511495156,2.246859860039477
0.4261474609375,0.0,1.7,0.03125,3.2946896938924293,1.9448722268968825,1.0,2.5585511688610274,2.251435492553383
0.4263916015625,0.0,1.7,0.03125,3.2902738720729423,1.9430539473241526,1.0,2.5514437985039486,2.256011125067289
0.4266357421875,0.0,1.7,0.03125,3.285837022530506,1.9412270092772672,1.0,2.54431540042392,2.260586757581196
0.4268798828125,0.0,1.7,0.03125,3.281379145265119,1.9393914127562255,1.0,2.537165974620941,2.265162390095102
0.4271240234375,0.0,1.7,0.03125,3.2769002402767824,1.9375471577610281,1.0,2.529995521095013,2.2697380226090083
0.4273681640625,0.0,1.7,0.03125,3.272400307565496,1.9356942442916747,1.0,2.522804039846134,2.274313655122915
0.4276123046875,0.0,1.7,0.03125,3.267879347131259,1.9338326723481654,1.0,2.5155915308743055,2.2788892876368205
0.4278564453125,0.0,1.7,0.03125,3.2633373589740726,1.9319624419305006,1.0,2.5083579941795273,2.283464920150727
0.4281005859375,0.0,1.7,0.03125,3.2587743430939367,1.9300835530386797,1.0,2.501103429761799,2.2880405526646337
0.4283447265625,0.0,1.7,0.03125,3.2541902994908503,1.928196005672703,1.0,2.4938278376211205,2.2926161851785407
0.4285888671875,0.0,1.7,0.03125,3.249585228164814,1.9262997998325704,1.0,2.4865312177574923,2.297191817692447
0.4288330078125,0.0,1.7,0.03125,3.2449591291158275,1.924394935518282,1.0,2.479213570170914,2.3017674502063525
0.4290771484375,0.0,1.7,0.03125,3.2403120023438916,1.9224814127298375,1.0,2.4718748948613865,2.3063430827202582
0.4293212890625,0.0,1.7,0.03125,3.2356438478490057,1.9205592314672377,1.0,2.464515191828908,2.3109187152341666
0.4295654296875,0.0,1.7,0.03125,3.2309546656311694,1.9186283917304816,1.0,2.45713446107348,2.315494347748072
0.4298095703125,0.0,1.7,0.03125,3.2262444556903835,1.9166888935195698,1.0,2.449732702595102,2.3200699802619784
0.4300537109375,0.0,1.7,0.03125,3.2215132180266477,1.914740736834502,1.0,2.4423099163937745,2.3246456127758846
0.4302978515625,0.0,1.7,0.03125,3.216760952639962,1.9127839216752784,1.0,2.4348661024694964,2.3292212452897916
0.4305419921875,0.0,1.7,0.03125,3.211987659530326,1.9108184480418988,1.0,2.4274012608222693,2.3337968778036964
0.4307861328125,0.0,1.7,0.03125,3.2071933386977403,1.9088443159343638,1.0,2.4199153914520912,2.338372510317604
0.4310302734375,0.0,1.7,0.03125,3.202377990142205,1.9068615253526726,1.0,2.4124084943589637,2.34294814283151
0.4312744140625,0.0,1.7,0.03125,3.197541613863719,1.9048700762968256,1.0,2.404880569542886,2.347523775345416
0.4315185546875,0.0,1.7,0.03125,3.192684209862284,1.9028699687668227,1.0,2.397331617003859,2.3520994078593223
0.4317626953125,0.0,1.7,0.03125,3.1878057781378986,1.9008612027626641,1.0,2.3897616367418815,2.3566750403732293
0.4320068359375,0.0,1.7,0.03125,3.182906318690563,1.8988437782843492,1.0,2.382170628756954,2.361250672887135
0.4322509765625,0.0,1.7,0.03125,3.1779858315202776,1.896817695331879,1.0,2.374558593049077,2.365826305401041
0.4324951171875,0.0,1.7,0.03125,3.1730443166270423,1.8947829539052528,1.0,2.36692552961825,2.3704019379149472
0.4327392578125,0.0,1.7,0.03125,3.168081774010857,1.8927395540044705,1.0,2.3592714384644724,2.374977570428854
0.4329833984375,0.0,1.7,0.03125,3.1630982036717223,1.8906874956295328,1.0,2.3515963195877454,2.379553202942761
0.4332275390625,0.0,1.7,0.03125,3.158093605609637,1.8886267787804387,1.0,2.3439001729880684,2.3841288354566665
0.4334716796875,0.0,1.7,0.03125,3.153067979824602,1.886557403457189,1.0,2.3361829986654414,2.388704467970573
0.4337158203125,0.0,1.7,0.03125,3.1480213263166172,1.8844793696597835,1.0,2.3284447966198645,2.3932801004844797
0.4339599609375,0.0,1.7,0.03125,3.142953645085682,1.882392677388222,1.0,2.3206855668513375,2.397855732998386
0.4342041015625,0.0,1.7,0.03125,3.1378649361317974,1.8802973266425047,1.0,2.312905309359861,2.4024313655122915
0.4344482421875,0.0,1.7,0.03125,3.1327551994549627,1.8781933174226317,1.0,2.305104024145434,2.4070069980261986
0.4346923828125,0.0,1.7,0.03125,3.127624435055178,1.8760806497286027,1.0,2.2972817112080577,2.4115826305401047
0.4349365234375,0.0,1.7,0.03125,3.1224726429324434,1.873959323560418,1.0,2.289438370547731,2.4161582630540117
0.4351806640625,0.0,1.7,0.03125,3.117299823086759,1.8718293389180771,1.0,2.2815740021644544,2.4207338955679174
0.4354248046875,0.0,1.7,0.03125,3.112105975518124,1.8696906958015804,1.0,2.273688606058228,2.425309528081823
0.4356689453125,0.0,1.7,0.03125,3.10689110022654,1.867543394210928,1.0,2.2657821822290516,2.42988516059573
0.4359130859375,0.0,1.7,0.03125,3.1016551972120054,1.8653874341461198,1.0,2.257854730676925,2.4344607931096363
0.4361572265625,0.0,1.7,0.03125,3.0963982664745213,1.8632228156071557,1.0,2.249906251401849,2.4390364256235433
0.4364013671875,0.0,1.7,0.03125,3.091120308014087,1.8610495385940358,1.0,2.241936744403823,2.443612058137449
0.4366455078125,0.0,1.7,0.03125,3.0858213218307027,1.85886760310676,1.0,2.2339462096828466,2.4481876906513556
0.4368896484375,0.0,1.7,0.03125,3.0805013079243686,1.8566770091453282,1.0,2.2259346472389208,2.4527633231652612
0.4371337890625,0.0,1.7,0.03125,3.0751602662950845,1.8544777567097406,1.0,2.2179020570720445,2.457338955679168
0.4373779296875,0.0,1.7,0.03125,3.069798196942851,1.8522698457999973,1.0,2.2098484391822186,2.461914588193075
0.4376220703125,0.0,1.7,0.03125,3.064415099867667,1.8500532764160982,1.0,2.201773793569443,2.466490220706981
0.4378662109375,0.0,1.7,0.03125,3.059010975069533,1.847828048558043,1.0,2.1936781202337166,2.471065853220888
0.4381103515625,0.0,1.7,0.03125,3.0535858225484493,1.845594162225832,1.0,2.185561419175041,2.4756414857347937
0.4383544921875,0.0,1.7,0.03125,3.0481396423044154,1.843351617419465,1.0,2.1774236903934154,2.4802171182487
0.4385986328125,0.0,1.7,0.03125,3.042672434337432,1.8411004141389424,1.0,2.1692649338888397,2.4847927507626064
0.4388427734375,0.0,1.7,0.03125,3.0371841986474983,1.838840552384264,1.0,2.1610851496613144,2.4893683832765126
0.4390869140625,0.0,1.7,0.03125,3.0316749352346144,1.8365720321554293,1.0,2.1528843377108386,2.4939440157904187
0.4393310546875,0.0,1.7,0.03125,3.026144644098781,1.8342948534524393,1.0,2.1446624980374134,2.498519648304325
0.4395751953125,0.0,1.7,0.03125,3.0205933252399975,1.8320090162752931,1.0,2.136419630641038,2.503095280818231
0.4398193359375,0.0,1.7,0.03125,3.0150209786582645,1.829714520623991,1.0,2.1281557355217124,2.507670913332138
0.4400634765625,0.0,1.7,0.03125,3.009427604353581,1.8274113664985334,1.0,2.119870812679437,2.5122465458460446
0.4403076171875,0.0,1.7,0.03125,3.0038132023259476,1.8250995538989196,1.0,2.111564862114212,2.5168221783599507
0.4405517578125,0.0,1.7,0.03125,2.9981777725753647,1.82277908282515,1.0,2.103237883826037,2.5213978108738573
0.4407958984375,0.0,1.7,0.03125,2.9925213151018317,1.8204499532772247,1.0,2.0948898778149116,2.525973443387764
0.4410400390625,0.0,1.7,0.03125,2.9868438299053484,1.8181121652551435,1.0,2.086520844080837,2.5305490759016696
0.4412841796875,0.0,1.7,0.03125,2.9811453169859154,1.8157657187589065,1.0,2.078130782623812,2.5351247084155766
0.4415283203125,0.0,1.7,0.03125,2.9754257763435326,1.8134106137885133,1.0,2.069719693443837,2.5397003409294823
0.4417724609375,0.0,1.7,0.03125,2.9696852079781997,1.8110468503439647,1.0,2.061287576540912,2.5442759734433893
0.4420166015625,0.0,1.7,0.03125,2.963923611889917,1.8086744284252598,1.0,2.0528344319150373,2.548851605957295
0.4422607421875,0.0,1.7,0.03125,2.958140988078684,1.8062933480323993,1.0,2.0443602595662127,2.553427238471201
0.4425048828125,0.0,1.7,0.03125,2.9523373365445016,1.803903609165383,1.0,2.035865059494438,2.558002870985108
0.4427490234375,0.0,1.7,0.03125,2.9465126572873688,1.8015052118242105,1.0,2.0273488316997135,2.562578503499014
0.4429931640625,0.0,1.7,0.03125,2.9406669503072864,1.7990981560088828,1.0,2.0188115761820393,2.5671541360129204
0.4432373046875,0.0,1.7,0.03125,2.9348002156042536,1.7966824417193987,1.0,2.0102532929414147,2.5717297685268266
0.4434814453125,0.0,1.7,0.03125,2.9289124531782713,1.7942580689557588,1.0,2.00167398197784,2.576305401040733
0.4437255859375,0.0,1.7,0.03125,2.923003663029339,1.7918250377179632,1.0,1.9930736432913159,2.5808810335546397
0.4439697265625,0.0,1.7,0.03125,2.9170738451574567,1.7893833480060115,1.0,1.9844522768818416,2.585456666068546
0.4442138671875,0.0,1.7,0.03125,2.9111229995626244,1.7869329998199042,1.0,1.9758098827494175,2.590032298582452
0.4444580078125,0.0,1.7,0.03125,2.905151126244842,1.784473993159641,1.0,1.9671464608940434,2.594607931096358
0.4447021484375,0.0,1.7,0.03125,2.8991582252041104,1.782006328025222,1.0,1.9584620113157194,2.599183563610265
0.4449462890625,0.0,1.7,0.03125,2.893144296440428,1.7795300044166469,1.0,1.9497565340144454,2.603759196124171
0.4451904296875,0.0,1.7,0.03125,2.8871093399537964,1.777045022333916,1.0,1.9410300289902214,2.6083348286380774
0.4454345703125,0.0,1.7,0.03125,2.881053355744214,1.7745513817770293,1.0,1.9322824962430474,2.6129104611519836
0.4456787109375,0.0,1.7,0.03125,2.8749763438116824,1.772049082745987,1.0,1.9235139357729236,2.61748609366589
0.4459228515625,0.0,1.7,0.03125,2.8688783041562007,1.7695381252407885,1.0,1.9147243475798499,2.6220617261797963
0.4461669921875,0.0,1.7,0.03125,2.862759236777769,1.7670185092614343,1.0,1.9059137316638262,2.626637358693703
0.4464111328125,0.0,1.7,0.03125,2.8566191416763873,1.764490234807924,1.0,1.8970820880248525,2.631212991207609
0.4466552734375,0.0,1.7,0.03125,2.8504580188520556,1.7619533018802582,1.0,1.888229416662929,2.635788623721515
0.4468994140625,0.0,1.7,0.03125,2.8442758683047744,1.7594077104784365,1.0,1.8793557175780555,2.640364256235422
0.4471435546875,0.0,1.7,0.03125,2.8380726900345428,1.7568534606024588,1.0,1.870460990770232,2.6449398887493283
0.4473876953125,0.0,1.7,0.03125,2.8318484840413616,1.754290552252325,1.0,1.8615452362394587,2.6495155212632344
0.4476318359375,0.0,1.7,0.03125,2.82560325032523,1.7517189854280357,1.0,1.8526084539857353,2.6540911537771406
0.4478759765625,0.0,1.7,0.03125,2.819336988886149,1.7491387601295905,1.0,1.843650644009062,2.658666786291047
0.4481201171875,0.0,1.7,0.03125,2.8130496997241172,1.7465498763569893,1.0,1.834671806309439,2.663242418804953
0.4483642578125,0.0,1.7,0.03125,2.806741382839136,1.7439523341102325,1.0,1.8256719408868658,2.6678180513188594
0.4486083984375,0.0,1.7,0.03125,2.8004120382312054,1.7413461333893199,1.0,1.8166510477413427,2.672393683832767
0.4488525390625,0.0,1.7,0.03125,2.7940616659003243,1.738731274194251,1.0,1.8076091268728698,2.6769693163466726
0.4490966796875,0.0,1.7,0.03125,2.787690265846493,1.7361077565250265,1.0,1.798546178281447,2.6815449488605783
0.4493408203125,0.0,1.7,0.03125,2.781297838069712,1.733475580381646,1.0,1.7894622019670738,2.686120581374485
0.4495849609375,0.0,1.7,0.03125,2.774884382569981,1.73083474576411,1.0,1.7803571979297512,2.690696213888391
0.4498291015625,0.0,1.7,0.03125,2.7684498993473006,1.7281852526724177,1.0,1.7712311661694784,2.6952718464022976
0.4500732421875,0.0,1.7,0.03125,2.7619943884016696,1.7255271011065698,1.0,1.7620841066862556,2.6998474789162037
0.4503173828125,0.0,1.7,0.03125,2.7555178497330894,1.7228602910665662,1.0,1.752916019480083,2.7044231114301107
0.4505615234375,0.0,1.7,0.03125,2.749020283341559,1.7201848225524063,1.0,1.7437269045509605,2.708998743944017
0.4508056640625,0.0,1.7,0.03125,2.742501689227078,1.7175006955640908,1.0,1.734516761898888,2.713574376457923
0.4510498046875,0.0,1.7,0.03125,2.7359620673896474,1.7148079101016196,1.0,1.7252855915238654,2.7181500089718296
0.4512939453125,0.0,1.7,0.03125,2.7294014178292674,1.7121064661649925,1.0,1.7160333934258931,2.722725641485736
0.4515380859375,0.0,1.7,0.03125,2.722819740545937,1.7093963637542093,1.0,1.7067601676049708,2.7273012739996423
0.4517822265625,0.0,1.7,0.03125,2.7162170355396564,1.7066776028692703,1.0,1.6974659140610986,2.7318769065135484
0.4520263671875,0.0,1.7,0.03125,2.7095933028104264,1.7039501835101756,1.0,1.6881506327942764,2.736452539027455
0.4522705078125,0.0,1.7,0.03125,2.7029485423582464,1.701214105676925,1.0,1.6788143238045041,2.741028171541362
0.4525146484375,0.0,1.7,0.03125,2.696282754183116,1.6984693693695185,1.0,1.6694569870917824,2.7456038040552677
0.4527587890625,0.0,1.7,0.03125,2.689595938285036,1.6957159745879558,1.0,1.6600786226561102,2.7501794365691734
0.4530029296875,0.0,1.7,0.03125,2.682888094664006,1.6929539213322378,1.0,1.6506792304974884,2.75475506908308
0.4532470703125,0.0,1.7,0.03125,2.676159223320026,1.6901832096023637,1.0,1.6412588106159163,2.759330701596987
0.4534912109375,0.0,1.7,0.03125,2.6694093242530963,1.6874038393983337,1.0,1.6318173630113946,2.7639063341108927
0.4537353515625,0.0,1.7,0.03125,2.6626383974632164,1.6846158107201479,1.0,1.6223548876839229,2.768481966624799
0.4539794921875,0.0,1.7,0.03125,2.655846442950387,1.6818191235678062,1.0,1.6128713846335012,2.7730575991387054
0.4542236328125,0.0,1.7,0.03125,2.649033460714607,1.6790137779413088,1.0,1.6033668538601296,2.777633231652612
0.4544677734375,0.0,1.7,0.03125,2.6421994507558777,1.6761997738406553,1.0,1.593841295363808,2.782208864166518
0.4547119140625,0.0,1.7,0.03125,2.635344413074198,1.673377111265846,1.0,1.5842947091445365,2.786784496680424
0.4549560546875,0.0,1.7,0.03125,2.6284683476695685,1.6705457902168812,1.0,1.5747270952023151,2.791360129194331
0.4552001953125,0.0,1.7,0.03125,2.621571254541989,1.6677058106937603,1.0,1.5651384535371438,2.7959357617082374
0.4554443359375,0.0,1.7,0.03125,2.61465313369146,1.6648571726964834,1.0,1.5555287841490224,2.8005113942221436
0.4556884765625,0.0,1.7,0.03125,2.6077139851179805,1.6619998762250505,1.0,1.5458980870379513,2.8050870267360493
0.4559326171875,0.0,1.7,0.03125,2.600753808821551,1.6591339212794625,1.0,1.53624636220393,2.8096626592499563
0.4561767578125,0.0,1.7,0.03125,2.5937726048021723,1.6562593078597179,1.0,1.5265736096469589,2.8142382917638624
0.4564208984375,0.0,1.7,0.03125,2.586770373059843,1.6533760359658178,1.0,1.5168798293670378,2.818813924277769
0.4566650390625,0.0,1.7,0.03125,2.579747113594564,1.6504841055977617,1.0,1.507165021364167,2.823389556791675
0.4569091796875,0.0,1.7,0.03125,2.572702826406335,1.6475835167555497,1.0,1.497429185638346,2.8279651893055813
0.4571533203125,0.0,1.7,0.03125,2.565637511495156,1.644674269439182,1.0,1.487672322189575,2.8325408218194883
0.4573974609375,0.0,1.7,0.03125,2.5585511688610274,1.6417563636486583,1.0,1.4778944310178543,2.837116454333394
0.4576416015625,0.0,1.7,0.03125,2.5514437985039486,1.6388297993839789,1.0,1.4680955121231836,2.8416920868473006
0.4578857421875,0.0,1.7,0.03125,2.54431540042392,1.6358945766451434,1.0,1.4582755655055628,2.8462677193612067
0.4581298828125,0.0,1.7,0.03125,2.537165974620941,1.6329506954321522,1.0,1.4484345911649923,2.850843351875113
0.4583740234375,0.0,1.7,0.03125,2.529995521095013,1.6299981557450052,1.0,1.4385725891014718,2.8554189843890194
0.4586181640625,0.0,1.7,0.03125,2.522804039846134,1.6270369575837023,1.0,1.4286895593150013,2.859994616902926
0.4588623046875,0.0,1.7,0.03125,2.5155915308743055,1.6240671009482435,1.0,1.4187855018055808,2.864570249416832
0.4591064453125,0.0,1.7,0.03125,2.5083579941795273,1.6210885858386288,1.0,1.4088604165732104,2.8691458819307387
0.4593505859375,0.0,1.7,0.03125,2.501103429761799,1.6181014122548585,1.0,1.3989143036178902,2.8737215144446453
0.4595947265625,0.0,1.7,0.03125,2.4938278376211205,1.6151055801969318,1.0,1.38894716293962,2.8782971469585505
0.4598388671875,0.0,1.7,0.03125,2.4865312177574923,1.6121010896648498,1.0,1.3789589945383995,2.8828727794724576
0.4600830078125,0.0,1.7,0.03125,2.479213570170914,1.6090879406586118,1.0,1.3689497984142296,2.887448411986364
0.4603271484375,0.0,1.7,0.03125,2.4718748948613865,1.6060661331782178,1.0,1.3589195745671094,2.8920240445002707
0.4605712890625,0.0,1.7,0.03125,2.464515191828908,1.6030356672236679,1.0,1.3488683229970395,2.896599677014176
0.4608154296875,0.0,1.7,0.03125,2.45713446107348,1.5999965427949625,1.0,1.3387960437040196,2.901175309528083
0.4610595703125,0.0,1.7,0.03125,2.449732702595102,1.5969487598921008,1.0,1.3287027366880497,2.905750942041989
0.4613037109375,0.0,1.7,0.03125,2.4423099163937745,1.5938923185150835,1.0,1.3185884019491299,2.9103265745558957
0.4615478515625,0.0,1.7,0.03125,2.4348661024694964,1.59082721866391,1.0,1.3084530394872602,2.914902207069801
0.4617919921875,0.0,1.7,0.03125,2.4274012608222693,1.5877534603385814,1.0,1.2982966493024406,2.919477839583709
0.4620361328125,0.0,1.7,0.03125,2.4199153914520912,1.5846710435390965,1.0,1.288119231394671,2.9240534720976146
0.4622802734375,0.0,1.7,0.03125,2.4124084943589637,1.5815799682654554,1.0,1.2779207857639514,2.9286291046115203
0.4625244140625,0.0,1.7,0.03125,2.404880569542886,1.5784802345176587,1.0,1.2677013124102818,2.933204737125427
0.4627685546875,0.0,1.7,0.03125,2.397331617003859,1.5753718422957064,1.0,1.2574608113336625,2.9377803696393334
0.4630126953125,0.0,1.7,0.03125,2.3897616367418815,1.5722547915995981,1.0,1.2471992825340932,2.94235600215324
0.4632568359375,0.0,1.7,0.03125,2.382170628756954,1.569129082429334,1.0,1.2369167260115739,2.946931634667146
0.4635009765625,0.0,1.7,0.03125,2.374558593049077,1.565994714784914,1.0,1.2266131417661046,2.9515072671810527
0.4637451171875,0.0,1.7,0.03125,2.36692552961825,1.5628516886663382,1.0,1.2162885297976853,2.9560828996949597
0.4639892578125,0.0,1.7,0.03125,2.3592714384644724,1.5597000040736062,1.0,1.2059428901063163,2.960658532208865
0.4642333984375,0.0,1.7,0.03125,2.3515963195877454,1.5565396610067188,1.0,1.1955762226919973,2.965234164722772
0.4644775390625,0.0,1.7,0.03125,2.3439001729880684,1.5533706594656753,1.0,1.1851885275547283,2.969809797236678
0.4647216796875,0.0,1.7,0.03125,2.3361829986654414,1.550192999450476,1.0,1.1747798046945093,2.9743854297505847
0.4649658203125,0.0,1.7,0.03125,2.3284447966198645,1.5470066809611207,1.0,1.1643500541113405,2.978961062264491
0.4652099609375,0.0,1.7,0.03125,2.3206855668513375,1.5438117039976096,1.0,1.1538992758052218,2.9835366947783966
0.4654541015625,0.0,1.7,0.03125,2.312905309359861,1.5406080685599428,1.0,1.143427469776153,2.9881123272923036
0.4656982421875,0.0,1.7,0.03125,2.305104024145434,1.5373957746481197,1.0,1.1329346360241344,2.9926879598062093
0.4659423828125,0.0,1.7,0.03125,2.2972817112080577,1.5341748222621414,1.0,1.1224207745491657,2.9972635923201163
0.4661865234375,0.0,1.7,0.03125,2.289438370547731,1.5309452114020068,1.0,1.1118858853512472,3.001839224834022
0.4664306640625,0.0,1.7,0.03125,2.2815740021644544,1.5277069420677163,1.0,1.1013299684303788,3.006414857347928
0.4666748046875,0.0,1.7,0.03125,2.273688606058228,1.5244600142592704,1.0,1.0907530237865604,3.010990489861835
0.4669189453125,0.0,1.7,0.03125,2.2657821822290516,1.5212044279766683,1.0,1.080155051419792,3.0155661223757413
0.4671630859375,0.0,1.7,0.03125,2.257854730676925,1.5179401832199104,1.0,1.0695360513300736,3.020141754889648
0.4674072265625,0.0,1.7,0.03125,2.249906251401849,1.5146672799889964,1.0,1.0588960235174054,3.0247173874035536
0.4676513671875,0.0,1.7,0.03125,2.241936744403823,1.5113857182839272,1.0,1.0482349679817873,3.0292930199174606
0.4678955078125,0.0,1.7,0.03125,2.2339462096828466,1.5080954981047017,1.0,1.0375528847232192,3.0338686524313667
0.4681396484375,0.0,1.7,0.03125,2.2259346472389208,1.5047966194513203,1.0,1.026849773741701,3.0384442849452733
0.4683837890625,0.0,1.7,0.03125,2.2179020570720445,1.501489082323783,1.0,1.0161256350372332,3.043019917459179
0.4686279296875,0.0,1.7,0.03125,2.2098484391822186,1.49817288672209,1.0,1.0053804686098151,3.047595549973086
0.4688720703125,0.0,1.7,0.0311279296875,2.201773793569443,1.4948480326462412,1.0,1.0,3.043015449068053
0.4691162109375,0.0,1.7,0.0308837890625,2.1936781202337166,1.4915145200962363,1.0,1.0,3.029252804397318
0.4693603515625,0.0,1.7,0.0306396484375,2.185561419175041,1.4881723490720755,1.0,1.0,3.0154544125975695
0.4696044921875,0.0,1.7,0.0303955078125,2.1774236903934154,1.484821519573759,1.0,1.0,3.001620273668806
0.4698486328125,0.0,1.7,0.0301513671875,2.1692649338888397,1.481462031601287,1.0,1.0,2.9877503876110274
0.4700927734375,0.0,1.7,0.0299072265625,2.1610851496613144,1.4780938851546588,1.0,1.0,2.9738447544242343
0.4703369140625,0.0,1.7,0.0296630859375,2.1528843377108386,1.4747170802338747,1.0,1.0,2.9599033741084257
0.4705810546875,0.0,1.7,0.0294189453125,2.1446624980374134,1.471331616838935,1.0,1.0,2.945926246663603
0.4708251953125,0.0,1.7,0.0291748046875,2.136419630641038,1.4679374949698392,1.0,1.0,2.9319133720897645
0.4710693359375,0.0,1.7,0.0289306640625,2.1281557355217124,1.4645347146265872,1.0,1.0,2.9178647503869106
0.4713134765625,0.0,1.7,0.0286865234375,2.119870812679437,1.4611232758091799,1.0,1.0,2.903780381555043
0.4715576171875,0.0,1.7,0.0284423828125,2.111564862114212,1.4577031785176167,1.0,1.0,2.88966026559416
0.4718017578125,0.0,1.7,0.0281982421875,2.103237883826037,1.4542744227518978,1.0,1.0,2.875504402504263
0.4720458984375,0.0,1.7,0.0279541015625,2.0948898778149116,1.4508370085120226,1.0,1.0,2.86131279228535
0.4722900390625,0.0,1.7,0.0277099609375,2.086520844080837,1.4473909357979915,1.0,1.0,2.8470854349374224
0.4725341796875,0.0,1.7,0.0274658203125,2.078130782623812,1.4439362046098048,1.0,1.0,2.8328223304604796
0.4727783203125,0.0,1.7,0.0272216796875,2.069719693443837,1.4404728149474622,1.0,1.0,2.8185234788545226
0.4730224609375,0.0,1.7,0.0269775390625,2.061287576540912,1.4370007668109637,1.0,1.0,2.8041888801195505
0.4732666015625,0.0,1.7,0.0267333984375,2.0528344319150373,1.4335200602003095,1.0,1.0,2.7898185342555637
0.4735107421875,0.0,1.7,0.0264892578125,2.0443602595662127,1.4300306951154993,1.0,1.0,2.7754124412625614
0.4737548828125,0.0,1.7,0.0262451171875,2.035865059494438,1.4265326715565332,1.0,1.0,2.7609706011405444
0.4739990234375,0.0,1.7,0.0260009765625,2.0273488316997135,1.4230259895234114,1.0,1.0,2.7464930138895127
0.4742431640625,0.0,1.7,0.0257568359375,2.0188115761820393,1.4195106490161338,1.0,1.0,2.731979679509467
0.4744873046875,0.0,1.7,0.0255126953125,2.0102532929414147,1.4159866500347003,1.0,1.0,2.717430598000405
0.4747314453125,0.0,1.7,0.0252685546875,2.00167398197784,1.4124539925791106,1.0,1.0,2.7028457693623285
0.4749755859375,0.0,1.7,0.0250244140625,1.9930736432913159,1.4089126766493654,1.0,1.0,2.688225193595237
0.4752197265625,0.0,1.7,0.0247802734375,1.9844522768818416,1.4053627022454642,1.0,1.0,2.673568870699131
0.4754638671875,0.0,1.7,0.0245361328125,1.9758098827494175,1.4018040693674072,1.0,1.0,2.6588768006740096
0.4757080078125,0.0,1.7,0.0242919921875,1.9671464608940434,1.3982367780151943,1.0,1.0,2.644148983519874
0.4759521484375,0.0,1.7,0.0240478515625,1.9584620113157194,1.3946608281888258,1.0,1.0,2.629385419236723
0.4761962890625,0.0,1.7,0.0238037109375,1.9497565340144454,1.391076219888301,1.0,1.0,2.6145861078245574
0.4764404296875,0.0,1.7,0.0235595703125,1.9410300289902214,1.3874829531136206,1.0,1.0,2.5997510492833764
0.4766845703125,0.0,1.7,0.0233154296875,1.9322824962430474,1.3838810278647842,1.0,1.0,2.5848802436131804
0.4769287109375,0.0,1.7,0.0230712890625,1.9235139357729236,1.3802704441417921,1.0,1.0,2.56997369081397
0.4771728515625,0.0,1.7,0.0228271484375,1.9147243475798499,1.3766512019446442,1.0,1.0,2.5550313908857447
0.4774169921875,0.0,1.7,0.0225830078125,1.9059137316638262,1.3730233012733404,1.0,1.0,2.5400533438285047
0.4776611328125,0.0,1.7,0.0223388671875,1.8970820880248525,1.3693867421278803,1.0,1.0,2.5250395496422486
0.4779052734375,0.0,1.7,0.0220947265625,1.888229416662929,1.365741524508265,1.0,1.0,2.5099900083269793
0.4781494140625,0.0,1.7,0.0218505859375,1.8793557175780555,1.3620876484144935,1.0,1.0,2.4949047198826944
0.4783935546875,0.0,1.7,0.0216064453125,1.870460990770232,1.3584251138465662,1.0,1.0,2.4797836843093943
0.4786376953125,0.0,1.7,0.0213623046875,1.8615452362394587,1.354753920804483,1.0,1.0,2.4646269016070796
0.4788818359375,0.0,1.7,0.0211181640625,1.8526084539857353,1.351074069288244,1.0,1.0,2.44943437177575
0.4791259765625,0.0,1.7,0.0208740234375,1.843650644009062,1.3473855592978492,1.0,1.0,2.434206094815406
0.4793701171875,0.0,1.7,0.0206298828125,1.834671806309439,1.3436883908332984,1.0,1.0,2.4189420707260463
0.4796142578125,0.0,1.7,0.0203857421875,1.8256719408868658,1.3399825638945917,1.0,1.0,2.4036422995076716
0.4798583984375,0.0,1.7,0.0201416015625,1.8166510477413427,1.3362680784817293,1.0,1.0,2.3883067811602823
0.4801025390625,0.0,1.7,0.0198974609375,1.8076091268728698,1.3325449345947111,1.0,1.0,2.3729355156838787
0.4803466796875,0.0,1.7,0.0196533203125,1.798546178281447,1.328813132233537,1.0,1.0,2.35752850307846
0.4805908203125,0.0,1.7,0.0194091796875,1.7894622019670738,1.3250726713982068,1.0,1.0,2.3420857433440254
0.4808349609375,0.0,1.7,0.0191650390625,1.7803571979297512,1.321323552088721,1.0,1.0,2.326607236480577
0.4810791015625,0.0,1.7,0.0189208984375,1.7712311661694784,1.3175657743050793,1.0,1.0,2.311092982488113
0.4813232421875,0.0,1.7,0.0186767578125,1.7620841066862556,1.3137993380472814,1.0,1.0,2.295542981366634
0.4815673828125,0.0,1.7,0.0184326171875,1.752916019480083,1.3100242433153282,1.0,1.0,2.279957233116141
0.4818115234375,0.0,1.7,0.0181884765625,1.7437269045509605,1.3062404901092188,1.0,1.0,2.2643357377366327
0.4820556640625,0.0,1.7,0.0179443359375,1.734516761898888,1.3024480784289536,1.0,1.0,2.248678495228109
0.4822998046875,0.0,1.7,0.0177001953125,1.7252855915238654,1.2986470082745327,1.0,1.0,2.232985505590571
0.4825439453125,0.0,1.7,0.0174560546875,1.7160333934258931,1.294837279645956,1.0,1.0,2.217256768824018
0.4827880859375,0.0,1.7,0.0172119140625,1.7067601676049708,1.2910188925432233,1.0,1.0,2.2014922849284506
0.4830322265625,0.0,1.7,0.0169677734375,1.6974659140610986,1.2871918469663346,1.0,1.0,2.1856920539038676
0.4832763671875,0.0,1.7,0.0167236328125,1.6881506327942764,1.2833561429152904,1.0,1.0,2.1698560757502703
0.4835205078125,0.0,1.7,0.0164794921875,1.6788143238045041,1.2795117803900902,1.0,1.0,2.1539843504676575
0.4837646484375,0.0,1.7,0.0162353515625,1.6694569870917824,1.275658759390734,1.0,1.0,2.1380768780560304
0.4840087890625,0.0,1.7,0.0159912109375,1.6600786226561102,1.2717970799172218,1.0,1.0,2.1221336585153874
0.4842529296875,0.0,1.7,0.0157470703125,1.6506792304974884,1.2679267419695541,1.0,1.0,2.1061546918457306
0.4844970703125,0.0,1.7,0.0155029296875,1.6412588106159163,1.2640477455477301,1.0,1.0,2.0901399780470573
0.4847412109375,0.0,1.7,0.0152587890625,1.6318173630113946,1.2601600906517507,1.0,1.0,2.0740895171193707
0.4849853515625,0.0,1.7,0.0150146484375,1.6223548876839229,1.2562637772816152,1.0,1.0,2.0580033090626686
0.4852294921875,0.0,1.7,0.0147705078125,1.6128713846335012,1.252358805437324,1.0,1.0,2.0418813538769522
0.4854736328125,0.0,1.7,0.0145263671875,1.6033668538601296,1.2484451751188768,1.0,1.0,2.02572365156222
0.4857177734375,0.0,1.7,0.0142822265625,1.593841295363808,1.2445228863262738,1.0,1.0,2.0095302021184733
0.4859619140625,0.0,1.7,0.0140380859375,1.5842947091445365,1.240591939059515,1.0,1.0,1.993301005545712
0.4862060546875,0.0,1.7,0.0137939453125,1.5747270952023151,1.2366523333186006,1.0,1.0,1.9770360618439362
0.4864501953125,0.0,1.7,0.0135498046875,1.5651384535371438,1.2327040691035298,1.0,1.0,1.9607353710131443
0.4866943359375,0.0,1.7,0.0133056640625,1.5555287841490224,1.2287471464143034,1.0,1.0,1.9443989330533382
0.4869384765625,0.0,1.7,0.0130615234375,1.5458980870379513,1.224781565250921,1.0,1.0,1.928026747964517
0.4871826171875,0.0,1.7,0.0128173828125,1.53624636220393,1.2208073256133827,1.0,1.0,1.9116188157466805
0.4874267578125,0.0,1.7,0.0125732421875,1.5265736096469589,1.216824427501689,1.0,1.0,1.8951751363998302
0.4876708984375,0.0,1.7,0.0123291015625,1.5168798293670378,1.212832870915839,1.0,1.0,1.878695709923964
0.4879150390625,0.0,1.7,0.0120849609375,1.507165021364167,1.2088326558558335,1.0,1.0,1.862180536319084
0.4881591796875,0.0,1.7,0.0118408203125,1.497429185638346,1.2048237823216719,1.0,1.0,1.8456296155851881
0.4884033203125,0.0,1.7,0.0115966796875,1.487672322189575,1.2008062503133545,1.0,1.0,1.8290429477222776
0.4886474609375,0.0,1.7,0.0113525390625,1.4778944310178543,1.1967800598308813,1.0,1.0,1.8124205327303526
0.4888916015625,0.0,1.7,0.0111083984375,1.4680955121231836,1.1927452108742522,1.0,1.0,1.7957623706094124
0.4891357421875,0.0,1.7,0.0108642578125,1.4582755655055628,1.188701703443467,1.0,1.0,1.7790684613594567
0.4893798828125,0.0,1.7,0.0106201171875,1.4484345911649923,1.1846495375385262,1.0,1.0,1.762338804980487
0.4896240234375,0.0,1.7,0.0103759765625,1.4385725891014718,1.1805887131594295,1.0,1.0,1.745573401472502
0.4898681640625,0.0,1.7,0.0101318359375,1.4286895593150013,1.1765192303061769,1.0,1.0,1.728772250835502
0.4901123046875,0.0,1.7,0.0098876953125,1.4187855018055808,1.1724410889787686,1.0,1.0,1.7119353530694874
0.4903564453125,0.0,1.7,0.0096435546875,1.4088604165732104,1.1683542891772043,1.0,1.0,1.6950627081744576
0.4906005859375,0.0,1.7,0.0093994140625,1.3989143036178902,1.164258830901484,1.0,1.0,1.678154316150413
0.4908447265625,0.0,1.7,0.0091552734375,1.38894716293962,1.1601547141516082,1.0,1.0,1.661210176997354
0.4910888671875,0.0,1.7,0.0089111328125,1.3789589945383995,1.1560419389275762,1.0,1.0,1.644230290715279
0.4913330078125,0.0,1.7,0.0086669921875,1.3689497984142296,1.1519205052293886,1.0,1.0,1.6272146573041901
0.4915771484375,0.0,1.7,0.0084228515625,1.3589195745671094,1.1477904130570449,1.0,1.0,1.6101632767640857
0.4918212890625,0.0,1.7,0.0081787109375,1.3488683229970395,1.1436516624105457,1.0,1.0,1.5930761490949672
0.4920654296875,0.0,1.7,0.0079345703125,1.3387960437040196,1.1395042532898905,1.0,1.0,1.5759532742968334
0.4923095703125,0.0,1.7,0.0076904296875,1.3287027366880497,1.1353481856950793,1.0,1.0,1.5587946523696845
0.4925537109375,0.0,1.7,0.0074462890625,1.3185884019491299,1.1311834596261123,1.0,1.0,1.5416002833135207
0.4927978515625,0.0,1.7,0.0072021484375,1.3084530394872602,1.1270100750829894,1.0,1.0,1.5243701671283423
0.4930419921875,0.0,1.7,0.0069580078125,1.2982966493024406,1.1228280320657107,1.0,1.0,1.5071043038141487
0.4932861328125,0.0,1.7,0.0067138671875,1.288119231394671,1.1186373305742763,1.0,1.0,1.4898026933709407
0.4935302734375,0.0,1.7,0.0064697265625,1.2779207857639514,1.114437970608686,1.0,1.0,1.4724653357987176
0.4937744140625,0.0,1.7,0.0062255859375,1.2677013124102818,1.1102299521689396,1.0,1.0,1.4550922310974792
0.4940185546875,0.0,1.7,0.0059814453125,1.2574608113336625,1.1060132752550373,1.0,1.0,1.437683379267226
0.4942626953125,0.0,1.7,0.0057373046875,1.2471992825340932,1.1017879398669794,1.0,1.0,1.4202387803079581
0.4945068359375,0.0,1.7,0.0054931640625,1.2369167260115739,1.0975539460047656,1.0,1.0,1.4027584342196755
0.4947509765625,0.0,1.7,0.0052490234375,1.2266131417661046,1.093311293668396,1.0,1.0,1.3852423410023778
0.4949951171875,0.0,1.7,0.0050048828125,1.2162885297976853,1.0890599828578704,1.0,1.0,1.3676905006560651
0.4952392578125,0.0,1.7,0.0047607421875,1.2059428901063163,1.0848000135731892,1.0,1.0,1.350102913180738
0.4954833984375,0.0,1.7,0.0045166015625,1.1955762226919973,1.0805313858143517,1.0,1.0,1.3324795785763952
0.4957275390625,0.0,1.7,0.0042724609375,1.1851885275547283,1.0762540995813585,1.0,1.0,1.3148204968430377
0.4959716796875,0.0,1.7,0.0040283203125,1.1747798046945093,1.0719681548742097,1.0,1.0,1.2971256679806658
0.4962158203125,0.0,1.7,0.0037841796875,1.1643500541113405,1.067673551692905,1.0,1.0,1.279395091989279
0.4964599609375,0.0,1.7,0.0035400390625,1.1538992758052218,1.0633702900374442,1.0,1.0,1.261628768868877
0.4967041015625,0.0,1.7,0.0032958984375,1.143427469776153,1.0590583699078278,1.0,1.0,1.2438266986194602
0.4969482421875,0.0,1.7,0.0030517578125,1.1329346360241344,1.0547377913040554,1.0,1.0,1.2259888812410287
0.4971923828125,0.0,1.7,0.0028076171875,1.1224207745491657,1.050408554226127,1.0,1.0,1.2081153167335816
0.4974365234375,0.0,1.7,0.0025634765625,1.1118858853512472,1.0460706586740431,1.0,1.0,1.1902060050971206
0.4976806640625,0.0,1.7,0.0023193359375,1.1013299684303788,1.0417241046478032,1.0,1.0,1.1722609463316442
0.4979248046875,0.0,1.7,0.0020751953125,1.0907530237865604,1.0373688921474071,1.0,1.0,1.1542801404371525
0.4981689453125,0.0,1.7,0.0018310546875,1.080155051419792,1.0330050211728556,1.0,1.0,1.1362635874136466
0.4984130859375,0.0,1.7,0.0015869140625,1.0695360513300736,1.028632491724148,1.0,1.0,1.1182112872611252
0.4986572265625,0.0,1.7,0.0013427734375,1.0588960235174054,1.0242513038012846,1.0,1.0,1.1001232399795893
0.4989013671875,0.0,1.7,0.0010986328125,1.0482349679817873,1.0198614574042653,1.0,1.0,1.0819994455690383
0.4991455078125,0.0,1.7,0.0008544921875,1.0375528847232192,1.0154629525330903,1.0,1.0,1.0638399040294726
0.4993896484375,0.0,1.7,0.0006103515625,1.026849773741701,1.0110557891877592,1.0,1.0,1.0456446153608916
0.4996337890625,0.0,1.7,0.0003662109375,1.0161256350372332,1.0066399673682724,1.0,1.0,1.0274135795632964
0.4998779296875,0.0,1.7,0.0001220703125,1.0053804686098151,1.0022154870746296,1.0,1.0,1.0091467966366854
0.5001220703125,0.0,1.0,0.0,0.9946142744594473,1.0,1.0,0.9946142744594473,1.0
0.5003662109375,0.0,1.0,0.0,0.9838270525861296,1.0,1.0,0.9838270525861296,1.0
0.5006103515625,0.0,1.0,0.0,0.9730188029898618,1.0,1.0,0.9730188029898618,1.0
0.5008544921875,0.0,1.0,0.0,0.9621895256706442,1.0,1.0,0.9621895256706442,1.0
0.5010986328125,0.0,1.0,0.0,0.9513392206284765,1.0,1.0,0.9513392206284765,1.0
0.5013427734375,0.0,1.0,0.0,0.940467887863359,1.0,1.0,0.940467887863359,1.0
0.5015869140625,0.0,1.0,0.0,0.9295755273752916,1.0,1.0,0.9295755273752916,1.0
0.5018310546875,0.0,1.0,0.0,0.9186621391642741,1.0,1.0,0.9186621391642741,1.0
0.5020751953125,0.0,1.0,0.0,0.9077277232303068,1.0,1.0,0.9077277232303068,1.0
0.5023193359375,0.0,1.0,0.0,0.8967722795733895,1.0,1.0,0.8967722795733895,1.0
0.5025634765625,0.0,1.0,0.0,0.8857958081935222,1.0,1.0,0.8857958081935222,1.0
0.5028076171875,0.0,1.0,0.0,0.8747983090907051,1.0,1.0,0.8747983090907051,1.0
0.5030517578125,0.0,1.0,0.0,0.863779782264938,1.0,1.0,0.863779782264938,1.0
0.5032958984375,0.0,1.0,0.0,0.852740227716221,1.0,1.0,0.852740227716221,1.0
0.5035400390625,0.0,1.0,0.0,0.841679645444554,1.0,1.0,0.841679645444554,1.0
0.5037841796875,0.0,1.0,0.0,0.8305980354499372,1.0,1.0,0.8305980354499372,1.0
0.5040283203125,0.0,1.0,0.0,0.8194953977323702,1.0,1.0,0.8194953977323702,1.0
0.5042724609375,0.0,1.0,0.0,0.8083717322918534,1.0,1.0,0.8083717322918534,1.0
0.5045166015625,0.0,1.0,0.0,0.7972270391283868,1.0,1.0,0.7972270391283868,1.0
0.5047607421875,0.0,1.0,0.0,0.7860613182419701,1.0,1.0,0.7860613182419701,1.0
0.5050048828125,0.0,1.0,0.0,0.7748745696326035,1.0,1.0,0.7748745696326035,1.0
0.5052490234375,0.0,1.0,0.0,0.763666793300287,1.0,1.0,0.763666793300287,1.0
0.5054931640625,0.0,1.0,0.0,0.7524379892450205,1.0,1.0,0.7524379892450205,1.0
0.5057373046875,0.0,1.0,0.0,0.741188157466804,1.0,1.0,0.741188157466804,1.0
0.5059814453125,0.0,1.0,0.0,0.7299172979656378,1.0,1.0,0.7299172979656378,1.0
0.5062255859375,0.0,1.0,0.0,0.7186254107415215,1.0,1.0,0.7186254107415215,1.0
0.5064697265625,0.0,1.0,0.0,0.7073124957944552,1.0,1.0,0.7073124957944552,1.0
0.5067138671875,0.0,1.0,0.0,0.6959785531244391,1.0,1.0,0.6959785531244391,1.0
0.5069580078125,0.0,1.0,0.0,0.6846235827314731,1.0,1.0,0.6846235827314731,1.0
0.5072021484375,0.0,1.0,0.0,0.673247584615557,1.0,1.0,0.673247584615557,1.0
0.5074462890625,0.0,1.0,0.0,0.661850558776691,1.0,1.0,0.661850558776691,1.0
0.5076904296875,0.0,1.0,0.0,0.6504325052148751,1.0,1.0,0.6504325052148751,1.0
0.5079345703125,0.0,1.0,0.0,0.6389934239301092,1.0,1.0,0.6389934239301092,1.0
0.5081787109375,0.0,1.0,0.0,0.6275333149223934,1.0,1.0,0.6275333149223934,1.0
0.5084228515625,0.0,1.0,0.0,0.6160521781917278,1.0,1.0,0.6160521781917278,1.0
0.5086669921875,0.0,1.0,0.0,0.6045500137381121,1.0,1.0,0.6045500137381121,1.0
0.5089111328125,0.0,1.0,0.0,0.5930268215615465,1.0,1.0,0.5930268215615465,1.0
0.5091552734375,0.0,1.0,0.0,0.5814826016620309,1.0,1.0,0.5814826016620309,1.0
0.5093994140625,0.0,1.0,0.0,0.5699173540395654,1.0,1.0,0.5699173540395654,1.0
0.5096435546875,0.0,1.0,0.0,0.5583310786941501,1.0,1.0,0.5583310786941501,1.0
0.5098876953125,0.0,1.0,0.0,0.5467237756257848,1.0,1.0,0.5467237756257848,1.0
0.5101318359375,0.0,1.0,0.0,0.5350954448344695,1.0,1.0,0.5350954448344695,1.0
0.5103759765625,0.0,1.0,0.0,0.5234460863202043,1.0,1.0,0.5234460863202043,1.0
0.5106201171875,0.0,1.0,0.0,0.5117757000829891,1.0,1.0,0.5117757000829891,1.0
0.5108642578125,0.0,1.0,0.0,0.5000842861228241,1.0,1.0,0.5000842861228241,1.0
0.5111083984375,0.0,1.0,0.0,0.48837184443970905,1.0,1.0,0.48837184443970905,1.0
0.5113525390625,0.0,1.0,0.0,0.47663837503364404,1.0,1.0,0.47663837503364404,1.0
0.5115966796875,0.0,1.0,0.0,0.46488387790462915,1.0,1.0,0.46488387790462915,1.0
0.5118408203125,0.0,1.0,0.0,0.4531083530526643,1.0,1.0,0.4531083530526643,1.0
0.5120849609375,0.0,1.0,0.0,0.44131180047774954,1.0,1.0,0.44131180047774954,1.0
0.5123291015625,0.0,1.0,0.0,0.4294942201798848,1.0,1.0,0.4294942201798848,1.0
0.5125732421875,0.0,1.0,0.0,0.4176556121590702,1.0,1.0,0.4176556121590702,1.0
0.5128173828125,0.0,1.0,0.0,0.4057959764153056,1.0,1.0,0.4057959764153056,1.0
0.5130615234375,0.0,1.0,0.0,0.39391531294859106,1.0,1.0,0.39391531294859106,1.0
0.5133056640625,0.0,1.0,0.0,0.3820136217589266,1.0,1.0,0.3820136217589266,1.0
0.5135498046875,0.0,1.0,0.0,0.3700909028463122,1.0,1.0,0.3700909028463122,1.0
0.5137939453125,0.0,1.0,0.0,0.3581471562107479,1.0,1.0,0.3581471562107479,1.0
0.5140380859375,0.0,1.0,0.0,0.3461823818522336,1.0,1.0,0.3461823818522336,1.0
0.5142822265625,0.0,1.0,0.0,0.33419657977076933,1.0,1.0,0.33419657977076933,1.0
0.5145263671875,0.0,1.0,0.0,0.3221897499663552,1.0,1.0,0.3221897499663552,1.0
0.5147705078125,0.0,1.0,0.0,0.31016189243899117,1.0,1.0,0.31016189243899117,1.0
0.5150146484375,0.0,1.0,0.0,0.29811300718867717,1.0,1.0,0.29811300718867717,1.0
0.5152587890625,0.0,1.0,0.0,0.2860430942154132,1.0,1.0,0.2860430942154132,1.0
0.5155029296875,0.0,1.0,0.0,0.2739521535191992,1.0,1.0,0.2739521535191992,1.0
0.5157470703125,0.0,1.0,0.0,0.2618401851000355,1.0,1.0,0.2618401851000355,1.0
0.5159912109375,0.0,1.0,0.0,0.24970718895792166,1.0,1.0,0.24970718895792166,1.0
0.5162353515625,0.0,1.0,0.0,0.23755316509285795,1.0,1.0,0.23755316509285795,1.0
0.5164794921875,0.0,1.0,0.0,0.22537811350484427,1.0,1.0,0.22537811350484427,1.0
0.5167236328125,0.0,1.0,0.0,0.2131820341938807,1.0,1.0,0.2131820341938807,1.0
0.5169677734375,0.0,1.0,0.0,0.20096492715996717,1.0,1.0,0.20096492715996717,1.0
0.5172119140625,0.0,1.0,0.0,0.18872679240310375,1.0,1.0,0.18872679240310375,1.0
0.5174560546875,0.0,1.0,0.0,0.17646762992329035,1.0,1.0,0.17646762992329035,1.0
0.5177001953125,0.0,1.0,0.0,0.16418743972052707,1.0,1.0,0.16418743972052707,1.0
0.5179443359375,0.0,1.0,0.0,0.1518862217948138,1.0,1.0,0.1518862217948138,1.0
0.5181884765625,0.0,1.0,0.0,0.13956397614615057,1.0,1.0,0.13956397614615057,1.0
0.5184326171875,0.0,1.0,0.0,0.12722070277453745,1.0,1.0,0.12722070277453745,1.0
0.5186767578125,0.0,1.0,0.0,0.11485640167997435,1.0,1.0,0.11485640167997435,1.0
0.5189208984375,0.0,1.0,0.0,0.10247107286246127,1.0,1.0,0.10247107286246127,1.0
0.5191650390625,0.0,1.0,0.0,0.0900647163219983,1.0,1.0,0.0900647163219983,1.0
0.5194091796875,0.0,1.0,0.0,0.07763733205858547,1.0,1.0,0.07763733205858547,1.0
0.5196533203125,0.0,1.0,0.0,0.06518892007222266,1.0,1.0,0.06518892007222266,1.0
0.5198974609375,0.0,1.0,0.0,0.052719480362909854,1.0,1.0,0.052719480362909854,1.0
0.5201416015625,0.0,1.0,0.0,0.04022901293064718,1.0,1.0,0.04022901293064718,1.0
0.5203857421875,0.0,1.0,0.0,0.02771751777543452,1.0,1.0,0.02771751777543452,1.0
0.5206298828125,0.0,1.0,0.0,0.015184994897271986,1.0,1.0,0.015184994897271986,1.0
0.5208740234375,0.0,1.0,0.0,0.0026314442961594686,1.0,1.0,0.0026314442961594686,1.0
0.5211181640625,0.0,1.0,0.0,-0.009943134027903033,1.0,1.0,-0.009943134027903033,1.0
0.5213623046875,0.0,1.0,0.0,-0.022538740074915298,1.0,1.0,-0.022538740074915298,1.0
0.5216064453125,0.0,1.0,0.0,-0.03515537384487777,1.0,1.0,-0.03515537384487777,1.0
0.5218505859375,0.0,1.0,0.0,-0.04779303533779,1.0,1.0,-0.04779303533779,1.0
0.5220947265625,0.0,1.0,0.0,-0.06045172455365222,1.0,1.0,-0.06045172455365222,1.0
0.5223388671875,0.0,1.0,0.0,-0.07313144149246442,1.0,1.0,-0.07313144149246442,1.0
0.5225830078125,0.0,1.0,0.0,-0.08583218615422639,1.0,1.0,-0.08583218615422639,1.0
0.5228271484375,0.0,1.0,0.0,-0.09855395853893834,1.0,1.0,-0.09855395853893834,1.0
0.5230712890625,0.0,1.0,0.0,-0.11129675864660027,1.0,1.0,-0.11129675864660027,1.0
0.5233154296875,0.0,1.0,0.0,-0.12406058647721219,1.0,1.0,-0.12406058647721219,1.0
0.5235595703125,0.0,1.0,0.0,-0.1368454420307741,1.0,1.0,-0.1368454420307741,1.0
0.5238037109375,0.0,1.0,0.0,-0.14965132530728575,1.0,1.0,-0.14965132530728575,1.0
0.5240478515625,0.0,1.0,0.0,-0.16247823630674763,1.0,1.0,-0.16247823630674763,1.0
0.5242919921875,0.0,1.0,0.0,-0.17532617502915926,1.0,1.0,-0.17532617502915926,1.0
0.5245361328125,0.0,1.0,0.0,-0.18819514147452066,1.0,1.0,-0.18819514147452066,1.0
0.5247802734375,0.0,1.0,0.0,-0.20108513564283226,1.0,1.0,-0.20108513564283226,1.0
0.5250244140625,0.0,1.0,0.0,-0.21399615753409362,1.0,1.0,-0.21399615753409362,1.0
0.5252685546875,0.0,1.0,0.0,-0.22692820714830497,1.0,1.0,-0.22692820714830497,1.0
0.5255126953125,0.0,1.0,0.0,-0.2398812844854663,1.0,1.0,-0.2398812844854663,1.0
0.5257568359375,0.0,1.0,0.0,-0.2528553895455776,1.0,1.0,-0.2528553895455776,1.0
0.5260009765625,0.0,1.0,0.0,-0.2658505223286389,1.0,1.0,-0.2658505223286389,1.0
0.5262451171875,0.0,1.0,0.0,-0.27886668283465,1.0,1.0,-0.27886668283465,1.0
0.5264892578125,0.0,1.0,0.0,-0.29190387106361104,1.0,1.0,-0.29190387106361104,1.0
0.5267333984375,0.0,1.0,0.0,-0.3049620870155221,1.0,1.0,-0.3049620870155221,1.0
0.5269775390625,0.0,1.0,0.0,-0.3180413306903831,1.0,1.0,-0.3180413306903831,1.0
0.5272216796875,0.0,1.0,0.0,-0.3311416020881939,1.0,1.0,-0.3311416020881939,1.0
0.5274658203125,0.0,1.0,0.0,-0.34426290120895464,1.0,1.0,-0.34426290120895464,1.0
0.5277099609375,0.0,1.0,0.0,-0.3574052280526654,1.0,1.0,-0.3574052280526654,1.0
0.5279541015625,0.0,1.0,0.0,-0.3705685826193261,1.0,1.0,-0.3705685826193261,1.0
0.5281982421875,0.0,1.0,0.0,-0.38375296490893684,1.0,1.0,-0.38375296490893684,1.0
0.5284423828125,0.0,1.0,0.0,-0.3969583749214973,1.0,1.0,-0.3969583749214973,1.0
0.5286865234375,0.0,1.0,0.0,-0.4101848126570078,1.0,1.0,-0.4101848126570078,1.0
0.5289306640625,0.0,1.0,0.0,-0.42343227811546824,1.0,1.0,-0.42343227811546824,1.0
0.5291748046875,0.0,1.0,0.0,-0.4367007712968787,1.0,1.0,-0.4367007712968787,1.0
0.5294189453125,0.0,1.0,0.0,-0.4499902922012391,1.0,1.0,-0.4499902922012391,1.0
0.5296630859375,0.0,1.0,0.0,-0.4633008408285493,1.0,1.0,-0.4633008408285493,1.0
0.5299072265625,0.0,1.0,0.0,-0.47663241717880944,1.0,1.0,-0.47663241717880944,1.0
0.5301513671875,0.0,1.0,0.0,-0.4899850212520196,1.0,1.0,-0.4899850212520196,1.0
0.5303955078125,0.0,1.0,0.0,-0.5033586530481797,1.0,1.0,-0.5033586530481797,1.0
0.5306396484375,0.0,1.0,0.0,-0.5167533125672896,1.0,1.0,-0.5167533125672896,1.0
0.5308837890625,0.0,1.0,0.0,-0.5301689998093495,1.0,1.0,-0.5301689998093495,1.0
0.5311279296875,0.0,1.0,0.0,-0.5436057147743594,1.0,1.0,-0.5436057147743594,1.0
0.5313720703125,0.0,1.0,0.0,-0.5570634574623192,1.0,1.0,-0.5570634574623192,1.0
0.5316162109375,0.0,1.0,0.0,-0.5705422278732291,1.0,1.0,-0.5705422278732291,1.0
0.5318603515625,0.0,1.0,0.0,-0.5840420260070887,1.0,1.0,-0.5840420260070887,1.0
0.5321044921875,0.0,1.0,0.0,-0.5975628518638985,1.0,1.0,-0.5975628518638985,1.0
0.5323486328125,0.0,1.0,0.0,-0.6111047054436578,1.0,1.0,-0.6111047054436578,1.0
0.5325927734375,0.0,1.0,0.0,-0.6246675867463674,1.0,1.0,-0.6246675867463674,1.0
0.5328369140625,0.0,1.0,0.0,-0.6382514957720269,1.0,1.0,-0.6382514957720269,1.0
0.5330810546875,0.0,1.0,0.0,-0.6518564325206362,1.0,1.0,-0.6518564325206362,1.0
0.5333251953125,0.0,1.0,0.0,-0.6654823969921955,1.0,1.0,-0.6654823969921955,1.0
0.5335693359375,0.0,1.0,0.0,-0.6791293891867047,1.0,1.0,-0.6791293891867047,1.0
0.5338134765625,0.0,1.0,0.0,-0.692797409104164,1.0,1.0,-0.692797409104164,1.0
0.5340576171875,0.0,1.0,0.0,-0.706486456744573,1.0,1.0,-0.706486456744573,1.0
0.5343017578125,0.0,1.0,0.0,-0.7201965321079322,1.0,1.0,-0.7201965321079322,1.0
0.5345458984375,0.0,1.0,0.0,-0.7339276351942412,1.0,1.0,-0.7339276351942412,1.0
0.5347900390625,0.0,1.0,0.0,-0.7476797660035002,1.0,1.0,-0.7476797660035002,1.0
0.5350341796875,0.0,1.0,0.0,-0.7614529245357089,1.0,1.0,-0.7614529245357089,1.0
0.5352783203125,0.0,1.0,0.0,-0.7752471107908678,1.0,1.0,-0.7752471107908678,1.0
0.5355224609375,0.0,1.0,0.0,-0.7890623247689765,1.0,1.0,-0.7890623247689765,1.0
0.5357666015625,0.0,1.0,0.0,-0.8028985664700352,1.0,1.0,-0.8028985664700352,1.0
0.5360107421875,0.0,1.0,0.0,-0.8167558358940439,1.0,1.0,-0.8167558358940439,1.0
0.5362548828125,0.0,1.0,0.0,-0.8306341330410023,1.0,1.0,-0.8306341330410023,1.0
0.5364990234375,0.0,1.0,0.0,-0.844533457910911,1.0,1.0,-0.844533457910911,1.0
0.5367431640625,0.0,1.0,0.0,-0.8584538105037693,1.0,1.0,-0.8584538105037693,1.0
0.5369873046875,0.0,1.0,0.0,-0.8723951908195777,1.0,1.0,-0.8723951908195777,1.0
0.5372314453125,0.0,1.0,0.0,-0.8863575988583361,1.0,1.0,-0.8863575988583361,1.0
0.5374755859375,0.0,1.0,0.0,-0.9003410346200442,1.0,1.0,-0.9003410346200442,1.0
0.5377197265625,0.0,1.0,0.0,-0.9143454981047023,1.0,1.0,-0.9143454981047023,1.0
0.5379638671875,0.0,1.0,0.0,-0.9283709893123104,1.0,1.0,-0.9283709893123104,1.0
0.5382080078125,0.0,1.0,0.0,-0.9424175082428685,1.0,1.0,-0.9424175082428685,1.0
0.5384521484375,0.0,1.0,0.0,-0.9564850548963766,1.0,1.0,-0.9564850548963766,1.0
0.5386962890625,0.0,1.0,0.0,-0.9705736292728344,1.0,1.0,-0.9705736292728344,1.0
0.5389404296875,0.0,1.0,0.0,-0.9846832313722425,1.0,1.0,-0.9846832313722425,1.0
0.5391845703125,0.0,1.0,0.0,-0.9988138611946002,1.0,1.0,-0.9988138611946002,1.0
0.5394287109375,0.0,1.0,0.0,-1.0129655187399078,1.0,1.0,-1.0129655187399078,1.0
0.5396728515625,0.0,1.0,0.0,-1.0271382040081658,1.0,1.0,-1.0271382040081658,1.0
0.5399169921875,0.0,1.0,0.0,-1.0413319169993733,1.0,1.0,-1.0413319169993733,1.0
0.5401611328125,0.0,1.0,0.0,-1.0555466577135308,1.0,1.0,-1.0555466577135308,1.0
0.5404052734375,0.0,1.0,0.0,-1.0697824261506383,1.0,1.0,-1.0697824261506383,1.0
0.5406494140625,0.0,1.0,0.0,-1.0840392223106958,1.0,1.0,-1.0840392223106958,1.0
0.5408935546875,0.0,1.0,0.0,-1.0983170461937029,1.0,1.0,-1.0983170461937029,1.0
0.5411376953125,0.0,1.0,0.0,-1.1126158977996603,1.0,1.0,-1.1126158977996603,1.0
0.5413818359375,0.0,1.0,0.0,-1.1269357771285677,1.0,1.0,-1.1269357771285677,1.0
0.5416259765625,0.0,1.0,0.0,-1.1412766841804247,1.0,1.0,-1.1412766841804247,1.0
0.5418701171875,0.0,1.0,0.0,-1.1556386189552321,1.0,1.0,-1.1556386189552321,1.0
0.5421142578125,0.0,1.0,0.0,-1.170021581452989,1.0,1.0,-1.170021581452989,1.0
0.5423583984375,0.0,1.0,0.0,-1.184425571673696,1.0,1.0,-1.184425571673696,1.0
0.5426025390625,0.0,1.0,0.0,-1.198850589617353,1.0,1.0,-1.198850589617353,1.0
0.5428466796875,0.0,1.0,0.0,-1.2132966352839598,1.0,1.0,-1.2132966352839598,1.0
0.5430908203125,0.0,1.0,0.0,-1.2277637086735167,1.0,1.0,-1.2277637086735167,1.0
0.5433349609375,0.0,1.0,0.0,-1.2422518097860231,1.0,1.0,-1.2422518097860231,1.0
0.5435791015625,0.0,1.0,0.0,-1.25676093862148,1.0,1.0,-1.25676093862148,1.0
0.5438232421875,0.0,1.0,0.0,-1.2712910951798864,1.0,1.0,-1.2712910951798864,1.0
0.5440673828125,0.0,1.0,0.0,-1.2858422794612432,1.0,1.0,-1.2858422794612432,1.0
0.5443115234375,0.0,1.0,0.0,-1.3004144914655495,1.0,1.0,-1.3004144914655495,1.0
0.5445556640625,0.0,1.0,0.0,-1.315007731192806,1.0,1.0,-1.315007731192806,1.0
0.5447998046875,0.0,1.0,0.0,-1.3296219986430122,1.0,1.0,-1.3296219986430122,1.0
0.5450439453125,0.0,1.0,0.0,-1.3442572938161685,1.0,1.0,-1.3442572938161685,1.0
0.5452880859375,0.0,1.0,0.0,-1.3589136167122748,1.0,1.0,-1.3589136167122748,1.0
0.5455322265625,0.0,1.0,0.0,-1.3735909673313311,1.0,1.0,-1.3735909673313311,1.0
0.5457763671875,0.0,1.0,0.0,-1.3882893456733374,1.0,1.0,-1.3882893456733374,1.0
0.5460205078125,0.0,1.0,0.0,-1.4030087517382932,1.0,1.0,-1.4030087517382932,1.0
0.5462646484375,0.0,1.0,0.0,-1.4177491855261994,1.0,1.0,-1.4177491855261994,1.0
0.5465087890625,0.0,1.0,0.0,-1.4325106470370552,1.0,1.0,-1.4325106470370552,1.0
0.5467529296875,0.0,1.0,0.0,-1.447293136270861,1.0,1.0,-1.447293136270861,1.0
0.5469970703125,0.0,1.0,0.0,-1.4620966532276167,1.0,1.0,-1.4620966532276167,1.0
0.5472412109375,0.0,1.0,0.0,-1.4769211979073225,1.0,1.0,-1.4769211979073225,1.0
0.5474853515625,0.0,1.0,0.0,-1.4917667703099782,1.0,1.0,-1.4917667703099782,1.0
0.5477294921875,0.0,1.0,0.0,-1.5066333704355839,1.0,1.0,-1.5066333704355839,1.0
0.5479736328125,0.0,1.0,0.0,-1.5215209982841396,1.0,1.0,-1.5215209982841396,1.0
0.5482177734375,0.0,1.0,0.0,-1.5364296538556448,1.0,1.0,-1.5364296538556448,1.0
0.5484619140625,0.0,1.0,0.0,-1.5513593371501004,1.0,1.0,-1.5513593371501004,1.0
0.5487060546875,0.0,1.0,0.0,-1.5663100481675056,1.0,1.0,-1.5663100481675056,1.0
0.5489501953125,0.0,1.0,0.0,-1.5812817869078608,1.0,1.0,-1.5812817869078608,1.0
0.5491943359375,0.0,1.0,0.0,-1.596274553371166,1.0,1.0,-1.596274553371166,1.0
0.5494384765625,0.0,1.0,0.0,-1.6112883475574211,1.0,1.0,-1.6112883475574211,1.0
0.5496826171875,0.0,1.0,0.0,-1.6263231694666263,1.0,1.0,-1.6263231694666263,1.0
0.5499267578125,0.0,1.0,0.0,-1.6413790190987814,1.0,1.0,-1.6413790190987814,1.0
0.5501708984375,0.0,1.0,0.0,-1.6564558964538865,1.0,1.0,-1.6564558964538865,1.0
0.5504150390625,0.0,1.0,0.0,-1.6715538015319416,1.0,1.0,-1.6715538015319416,1.0
0.5506591796875,0.0,1.0,0.0,-1.6866727343329462,1.0,1.0,-1.6866727343329462,1.0
0.5509033203125,0.0,1.0,0.0,-1.7018126948569008,1.0,1.0,-1.7018126948569008,1.0
0.5511474609375,0.0,1.0,0.0,-1.7169736831038058,1.0,1.0,-1.7169736831038058,1.0
0.5513916015625,0.0,1.0,0.0,-1.7321556990736604,1.0,1.0,-1.7321556990736604,1.0
0.5516357421875,0.0,1.0,0.0,-1.747358742766465,1.0,1.0,-1.747358742766465,1.0
0.5518798828125,0.0,1.0,0.0,-1.7625828141822195,1.0,1.0,-1.7625828141822195,1.0
0.5521240234375,0.0,1.0,0.0,-1.777827913320924,1.0,1.0,-1.777827913320924,1.0
0.5523681640625,0.0,1.0,0.0,-1.7930940401825786,1.0,1.0,-1.7930940401825786,1.0
0.5526123046875,0.0,1.0,0.0,-1.8083811947671826,1.0,1.0,-1.8083811947671826,1.0
0.5528564453125,0.0,1.0,0.0,-1.823689377074737,1.0,1.0,-1.823689377074737,1.0
0.5531005859375,0.0,1.0,0.0,-1.8390185871052411,1.0,1.0,-1.8390185871052411,1.0
0.5533447265625,0.0,1.0,0.0,-1.8543688248586956,1.0,1.0,-1.8543688248586956,1.0
0.5535888671875,0.0,1.0,0.0,-1.8697400903350996,1.0,1.0,-1.8697400903350996,1.0
0.5538330078125,0.0,1.0,0.0,-1.8851323835344536,1.0,1.0,-1.8851323835344536,1.0
0.5540771484375,0.0,1.0,0.0,-1.9005457044567575,1.0,1.0,-1.9005457044567575,1.0
0.5543212890625,0.0,1.0,0.0,-1.9159800531020115,1.0,1.0,-1.9159800531020115,1.0
0.5545654296875,0.0,1.0,0.0,-1.9314354294702154,1.0,1.0,-1.9314354294702154,1.0
0.5548095703125,0.0,1.0,0.0,-1.9469118335613693,1.0,1.0,-1.9469118335613693,1.0
0.5550537109375,0.0,1.0,0.0,-1.9624092653754728,1.0,1.0,-1.9624092653754728,1.0
0.5552978515625,0.0,1.0,0.0,-1.9779277249125267,1.0,1.0,-1.9779277249125267,1.0
0.5555419921875,0.0,1.0,0.0,-1.99346721217253,1.0,1.0,-1.99346721217253,1.0
0.5557861328125,0.0,1.0,0.0,-2.0090277271554835,1.0,1.0,-2.0090277271554835,1.0
0.5560302734375,0.0,1.0,0.0,-2.0246092698613873,1.0,1.0,-2.0246092698613873,1.0
0.5562744140625,0.0,1.0,0.0,-2.0402118402902407,1.0,1.0,-2.0402118402902407,1.0
0.5565185546875,0.0,1.0,0.0,-2.055835438442044,1.0,1.0,-2.055835438442044,1.0
0.5567626953125,0.0,1.0,0.0,-2.071480064316797,1.0,1.0,-2.071480064316797,1.0
0.5570068359375,0.0,1.0,0.0,-2.0871457179145003,1.0,1.0,-2.0871457179145003,1.0
0.5572509765625,0.0,1.0,0.0,-2.1028323992351536,1.0,1.0,-2.1028323992351536,1.0
0.5574951171875,0.0,1.0,0.0,-2.1185401082787565,1.0,1.0,-2.1185401082787565,1.0
0.5577392578125,0.0,1.0,0.0,-2.13426884504531,1.0,1.0,-2.13426884504531,1.0
0.5579833984375,0.0,1.0,0.0,-2.1500186095348126,1.0,1.0,-2.1500186095348126,1.0
0.5582275390625,0.0,1.0,0.0,-2.1657894017472654,1.0,1.0,-2.1657894017472654,1.0
0.5584716796875,0.0,1.0,0.0,-2.181581221682668,1.0,1.0,-2.181581221682668,1.0
0.5587158203125,0.0,1.0,0.0,-2.197394069341021,1.0,1.0,-2.197394069341021,1.0
0.5589599609375,0.0,1.0,0.0,-2.2132279447223238,1.0,1.0,-2.2132279447223238,1.0
0.5592041015625,0.0,1.0,0.0,-2.2290828478265765,1.0,1.0,-2.2290828478265765,1.0
0.5594482421875,0.0,1.0,0.0,-2.2449587786537792,1.0,1.0,-2.2449587786537792,1.0
0.5596923828125,0.0,1.0,0.0,-2.2608557372039315,1.0,1.0,-2.2608557372039315,1.0
0.5599365234375,0.0,1.0,0.0,-2.276773723477034,1.0,1.0,-2.276773723477034,1.0
0.5601806640625,0.0,1.0,0.0,-2.2927127374730865,1.0,1.0,-2.2927127374730865,1.0
0.5604248046875,0.0,1.0,0.0,-2.3086727791920887,1.0,1.0,-2.3086727791920887,1.0
0.5606689453125,0.0,1.0,0.0,-2.3246538486340413,1.0,1.0,-2.3246538486340413,1.0
0.5609130859375,0.0,1.0,0.0,-2.3406559457989435,1.0,1.0,-2.3406559457989435,1.0
0.5611572265625,0.0,1.0,0.0,-2.3566790706867957,1.0,1.0,-2.3566790706867957,1.0
0.5614013671875,0.0,1.0,0.0,-2.3727232232975974,1.0,1.0,-2.3727232232975974,1.0
0.5616455078125,0.0,1.0,0.0,-2.3887884036313496,1.0,1.0,-2.3887884036313496,1.0
0.5618896484375,0.0,1.0,0.0,-2.4048746116880517,1.0,1.0,-2.4048746116880517,1.0
0.5621337890625,0.0,1.0,0.0,-2.4209818474677034,1.0,1.0,-2.4209818474677034,1.0
0.5623779296875,0.0,1.0,0.0,-2.4371101109703055,1.0,1.0,-2.4371101109703055,1.0
0.5626220703125,0.0,1.0,0.0,-2.453259402195857,1.0,1.0,-2.453259402195857,1.0
0.5628662109375,0.0,1.0,0.0,-2.4694297211443588,1.0,1.0,-2.4694297211443588,1.0
0.5631103515625,0.0,1.0,0.0,-2.4856210678158104,1.0,1.0,-2.4856210678158104,1.0
0.5633544921875,0.0,1.0,0.0,-2.501833442210212,1.0,1.0,-2.501833442210212,1.0
0.5635986328125,0.0,1.0,0.0,-2.5180668443275636,1.0,1.0,-2.5180668443275636,1.0
0.5638427734375,0.0,1.0,0.0,-2.534321274167865,1.0,1.0,-2.534321274167865,1.0
0.5640869140625,0.0,1.0,0.0,-2.5505967317311167,1.0,1.0,-2.5505967317311167,1.0
0.5643310546875,0.0,1.0,0.0,-2.5668932170173178,1.0,1.0,-2.5668932170173178,1.0
0.5645751953125,0.0,1.0,0.0,-2.5832107300264693,1.0,1.0,-2.5832107300264693,1.0
0.5648193359375,0.0,1.0,0.0,-2.5995492707585703,1.0,1.0,-2.5995492707585703,1.0
0.5650634765625,0.0,1.0,0.0,-2.6159088392136214,1.0,1.0,-2.6159088392136214,1.0
0.5653076171875,0.0,1.0,0.0,-2.6322894353916224,1.0,1.0,-2.6322894353916224,1.0
0.5655517578125,0.0,1.0,0.0,-2.6486910592925734,1.0,1.0,-2.6486910592925734,1.0
0.5657958984375,0.0,1.0,0.0,-2.6651137109164744,1.0,1.0,-2.6651137109164744,1.0
0.5660400390625,0.0,1.0,0.0,-2.6815573902633254,1.0,1.0,-2.6815573902633254,1.0
0.5662841796875,0.0,1.0,0.0,-2.6980220973331264,1.0,1.0,-2.6980220973331264,1.0
0.5665283203125,0.0,1.0,0.0,-2.714507832125877,1.0,1.0,-2.714507832125877,1.0
0.5667724609375,0.0,1.0,0.0,-2.731014594641578,1.0,1.0,-2.731014594641578,1.0
0.5670166015625,0.0,1.0,0.0,-2.7475423848802283,1.0,1.0,-2.7475423848802283,1.0
0.5672607421875,0.0,1.0,0.0,-2.764091202841829,1.0,1.0,-2.764091202841829,1.0
0.5675048828125,0.0,1.0,0.0,-2.7806610485263796,1.0,1.0,-2.7806610485263796,1.0
0.5677490234375,0.0,1.0,0.0,-2.79725192193388,1.0,1.0,-2.79725192193388,1.0
0.5679931640625,0.0,1.0,0.0,-2.8138638230643305,1.0,1.0,-2.8138638230643305,1.0
0.5682373046875,0.0,1.0,0.0,-2.830496751917731,1.0,1.0,-2.830496751917731,1.0
0.5684814453125,0.0,1.0,0.0,-2.847150708494081,1.0,1.0,-2.847150708494081,1.0
0.5687255859375,0.0,1.0,0.0,-2.863825692793381,1.0,1.0,-2.863825692793381,1.0
0.5689697265625,0.0,1.0,0.0,-2.8805217048156315,1.0,1.0,-2.8805217048156315,1.0
0.5692138671875,0.0,1.0,0.0,-2.8972387445608314,1.0,1.0,-2.8972387445608314,1.0
0.5694580078125,0.0,1.0,0.0,-2.9139768120289813,1.0,1.0,-2.9139768120289813,1.0
0.5697021484375,0.0,1.0,0.0,-2.9307359072200816,1.0,1.0,-2.9307359072200816,1.0
0.5699462890625,0.0,1.0,0.0,-2.9475160301341314,1.0,1.0,-2.9475160301341314,1.0
0.5701904296875,0.0,1.0,0.0,-2.9643171807711313,1.0,1.0,-2.9643171807711313,1.0
0.5704345703125,0.0,1.0,0.0,-2.981139359131081,1.0,1.0,-2.981139359131081,1.0
0.5706787109375,0.0,1.0,0.0,-2.9979825652139804,1.0,1.0,-2.9979825652139804,1.0
0.5709228515625,0.0,1.0,0.0,-3.01484679901983,1.0,1.0,-3.01484679901983,1.0
0.5711669921875,0.0,1.0,0.0,-3.03173206054863,1.0,1.0,-3.03173206054863,1.0
0.5714111328125,0.0,1.0,0.0,-3.0486383498003793,1.0,1.0,-3.0486383498003793,1.0
0.5716552734375,0.0,1.0,0.0,-3.065565666775079,1.0,1.0,-3.065565666775079,1.0
0.5718994140625,0.0,1.0,0.0,-3.0825140114727283,1.0,1.0,-3.0825140114727283,1.0
0.5721435546875,0.0,1.0,0.0,-3.099483383893327,1.0,1.0,-3.099483383893327,1.0
0.5723876953125,0.0,1.0,0.0,-3.1164737840368764,1.0,1.0,-3.1164737840368764,1.0
0.5726318359375,0.0,1.0,0.0,-3.133485211903376,1.0,1.0,-3.133485211903376,1.0
0.5728759765625,0.0,1.0,0.0,-3.1505176674928252,1.0,1.0,-3.1505176674928252,1.0
0.5731201171875,0.0,1.0,0.0,-3.167571150805224,1.0,1.0,-3.167571150805224,1.0
0.5733642578125,0.0,1.0,0.0,-3.184645661840573,1.0,1.0,-3.184645661840573,1.0
0.5736083984375,0.0,1.0,0.0,-3.201741200598872,1.0,1.0,-3.201741200598872,1.0
0.5738525390625,0.0,1.0,0.0,-3.218857767080121,1.0,1.0,-3.218857767080121,1.0
0.5740966796875,0.0,1.0,0.0,-3.2359953612843197,1.0,1.0,-3.2359953612843197,1.0
0.5743408203125,0.0,1.0,0.0,-3.253153983211469,1.0,1.0,-3.253153983211469,1.0
0.5745849609375,0.0,1.0,0.0,-3.2703336328615675,1.0,1.0,-3.2703336328615675,1.0
0.5748291015625,0.0,1.0,0.0,-3.2875343102346157,1.0,1.0,-3.2875343102346157,1.0
0.5750732421875,0.0,1.0,0.0,-3.3047560153306144,1.0,1.0,-3.3047560153306144,1.0
0.5753173828125,0.0,1.0,0.0,-3.3219987481495634,1.0,1.0,-3.3219987481495634,1.0
0.5755615234375,0.0,1.0,0.0,-3.339262508691461,1.0,1.0,-3.339262508691461,1.0
0.5758056640625,0.0,1.0,0.0,-3.35654729695631,1.0,1.0,-3.35654729695631,1.0
0.5760498046875,0.0,1.0,0.0,-3.373853112944108,1.0,1.0,-3.373853112944108,1.0
0.5762939453125,0.0,1.0,0.0,-3.391179956654857,1.0,1.0,-3.391179956654857,1.0
0.5765380859375,0.0,1.0,0.0,-3.4085278280885545,1.0,1.0,-3.4085278280885545,1.0
0.5767822265625,0.0,1.0,0.0,-3.4258967272452026,1.0,1.0,-3.4258967272452026,1.0
0.5770263671875,0.0,1.0,0.0,-3.443286654124801,1.0,1.0,-3.443286654124801,1.0
0.5772705078125,0.0,1.0,0.0,-3.460697608727349,1.0,1.0,-3.460697608727349,1.0
0.5775146484375,0.0,1.0,0.0,-3.4781295910528467,1.0,1.0,-3.4781295910528467,1.0
0.5777587890625,0.0,1.0,0.0,-3.4955826011012947,1.0,1.0,-3.4955826011012947,1.0
0.5780029296875,0.0,1.0,0.0,-3.5130566388726923,1.0,1.0,-3.5130566388726923,1.0
0.5782470703125,0.0,1.0,0.0,-3.5305517043670402,1.0,1.0,-3.5305517043670402,1.0
0.5784912109375,0.0,1.0,0.0,-3.5480677975843378,1.0,1.0,-3.5480677975843378,1.0
0.5787353515625,0.0,1.0,0.0,-3.5656049185245857,1.0,1.0,-3.5656049185245857,1.0
0.5789794921875,0.0,1.0,0.0,-3.583163067187783,1.0,1.0,-3.583163067187783,1.0
0.5792236328125,0.0,1.0,0.0,-3.600742243573931,1.0,1.0,-3.600742243573931,1.0
0.5794677734375,0.0,1.0,0.0,-3.6183424476830286,1.0,1.0,-3.6183424476830286,1.0
0.5797119140625,0.0,1.0,0.0,-3.6359636795150756,1.0,1.0,-3.6359636795150756,1.0
0.5799560546875,0.0,1.0,0.0,-3.653605939070073,1.0,1.0,-3.653605939070073,1.0
0.5802001953125,0.0,1.0,0.0,-3.67126922634802,1.0,1.0,-3.67126922634802,1.0
0.5804443359375,0.0,1.0,0.0,-3.6889535413489174,1.0,1.0,-3.6889535413489174,1.0
0.5806884765625,0.0,1.0,0.0,-3.7066588840727643,1.0,1.0,-3.7066588840727643,1.0
0.5809326171875,0.0,1.0,0.0,-3.7243852545195617,1.0,1.0,-3.7243852545195617,1.0
0.5811767578125,0.0,1.0,0.0,-3.7421326526893086,1.0,1.0,-3.7421326526893086,1.0
0.5814208984375,0.0,1.0,0.0,-3.759901078582005,1.0,1.0,-3.759901078582005,1.0
0.5816650390625,0.0,1.0,0.0,-3.777690532197652,1.0,1.0,-3.777690532197652,1.0
0.5819091796875,0.0,1.0,0.0,-3.7955010135362492,1.0,1.0,-3.7955010135362492,1.0
0.5821533203125,0.0,1.0,0.0,-3.813332522597796,1.0,1.0,-3.813332522597796,1.0
0.5823974609375,0.0,1.0,0.0,-3.8311850593822925,1.0,1.0,-3.8311850593822925,1.0
0.5826416015625,0.0,1.0,0.0,-3.8490586238897393,1.0,1.0,-3.8490586238897393,1.0
0.5828857421875,0.0,1.0,0.0,-3.8669532161201357,1.0,1.0,-3.8669532161201357,1.0
0.5831298828125,0.0,1.0,0.0,-3.8848688360734824,1.0,1.0,-3.8848688360734824,1.0
0.5833740234375,0.0,1.0,0.0,-3.9028054837497788,1.0,1.0,-3.9028054837497788,1.0
0.5836181640625,0.0,1.0,0.0,-3.9207631591490255,1.0,1.0,-3.9207631591490255,1.0
0.5838623046875,0.0,1.0,0.0,-3.938741862271222,1.0,1.0,-3.938741862271222,1.0
0.5841064453125,0.0,1.0,0.0,-3.9567415931163676,1.0,1.0,-3.9567415931163676,1.0
0.5843505859375,0.0,1.0,0.0,-3.974762351684464,1.0,1.0,-3.974762351684464,1.0
0.5845947265625,0.0,1.0,0.0,-3.9928041379755097,1.0,1.0,-3.9928041379755097,1.0
0.5848388671875,0.0,1.0,0.0,-4.010866951989506,1.0,1.0,-4.010866951989506,1.0
0.5850830078125,0.0,1.0,0.0,-4.028950793726452,1.0,1.0,-4.028950793726452,1.0
0.5853271484375,0.0,1.0,0.0,-4.047055663186348,1.0,1.0,-4.047055663186348,1.0
0.5855712890625,0.0,1.0,0.0,-4.065181560369194,1.0,1.0,-4.065181560369194,1.0
0.5858154296875,0.0,1.0,0.0,-4.08332848527499,1.0,1.0,-4.08332848527499,1.0
0.5860595703125,0.0,1.0,0.0,-4.1014964379037355,1.0,1.0,-4.1014964379037355,1.0
0.5863037109375,0.0,1.0,0.0,-4.119685418255431,1.0,1.0,-4.119685418255431,1.0
0.5865478515625,0.0,1.0,0.0,-4.1378954263300765,1.0,1.0,-4.1378954263300765,1.0
0.5867919921875,0.0,1.0,0.0,-4.156126462127673,1.0,1.0,-4.156126462127673,1.0
0.5870361328125,0.0,1.0,0.0,-4.174378525648218,1.0,1.0,-4.174378525648218,1.0
0.5872802734375,0.0,1.0,0.0,-4.192651616891713,1.0,1.0,-4.192651616891713,1.0
0.5875244140625,0.0,1.0,0.0,-4.210945735858159,1.0,1.0,-4.210945735858159,1.0
0.5877685546875,0.0,1.0,0.0,-4.229260882547554,1.0,1.0,-4.229260882547554,1.0
0.5880126953125,0.0,1.0,0.0,-4.247597056959899,1.0,1.0,-4.247597056959899,1.0
0.5882568359375,0.0,1.0,0.0,-4.265954259095194,1.0,1.0,-4.265954259095194,1.0
0.5885009765625,0.0,1.0,0.0,-4.2843324889534395,1.0,1.0,-4.2843324889534395,1.0
0.5887451171875,0.0,1.0,0.0,-4.302731746534635,1.0,1.0,-4.302731746534635,1.0
0.5889892578125,0.0,1.0,0.0,-4.321152031838779,1.0,1.0,-4.321152031838779,1.0
0.5892333984375,0.0,1.0,0.0,-4.339593344865874,1.0,1.0,-4.339593344865874,1.0
0.5894775390625,0.0,1.0,0.0,-4.358055685615919,1.0,1.0,-4.358055685615919,1.0
0.5897216796875,0.0,1.0,0.0,-4.376539054088914,1.0,1.0,-4.376539054088914,1.0
0.5899658203125,0.0,1.0,0.0,-4.3950434502848585,1.0,1.0,-4.3950434502848585,1.0
0.5902099609375,0.0,1.0,0.0,-4.4135688742037535,1.0,1.0,-4.4135688742037535,1.0
0.5904541015625,0.0,1.0,0.0,-4.432115325845598,1.0,1.0,-4.432115325845598,1.0
0.5906982421875,0.0,1.0,0.0,-4.450682805210393,1.0,1.0,-4.450682805210393,1.0
0.5909423828125,0.0,1.0,0.0,-4.469271312298138,1.0,1.0,-4.469271312298138,1.0
0.5911865234375,0.0,1.0,0.0,-4.487880847108832,1.0,1.0,-4.487880847108832,1.0
0.5914306640625,0.0,1.0,0.0,-4.506511409642476,1.0,1.0,-4.506511409642476,1.0
0.5916748046875,0.0,1.0,0.0,-4.52516299989907,1.0,1.0,-4.52516299989907,1.0
0.5919189453125,0.0,1.0,0.0,-4.543835617878615,1.0,1.0,-4.543835617878615,1.0
0.5921630859375,0.0,1.0,0.0,-4.5625292635811086,1.0,1.0,-4.5625292635811086,1.0
0.5924072265625,0.0,1.0,0.0,-4.581243937006553,1.0,1.0,-4.581243937006553,1.0
0.5926513671875,0.0,1.0,0.0,-4.599979638154947,1.0,1.0,-4.599979638154947,1.0
0.5928955078125,0.0,1.0,0.0,-4.618736367026291,1.0,1.0,-4.618736367026291,1.0
0.5931396484375,0.0,1.0,0.0,-4.637514123620585,1.0,1.0,-4.637514123620585,1.0
0.5933837890625,0.0,1.0,0.0,-4.656312907937829,1.0,1.0,-4.656312907937829,1.0
0.5936279296875,0.0,1.0,0.0,-4.675132719978023,1.0,1.0,-4.675132719978023,1.0
0.5938720703125,0.0,1.0,0.0,-4.693973559741166,1.0,1.0,-4.693973559741166,1.0
0.5941162109375,0.0,1.0,0.0,-4.71283542722726,1.0,1.0,-4.71283542722726,1.0
0.5943603515625,0.0,1.0,0.0,-4.731718322436303,1.0,1.0,-4.731718322436303,1.0
0.5946044921875,0.0,1.0,0.0,-4.750622245368297,1.0,1.0,-4.750622245368297,1.0
0.5948486328125,0.0,1.0,0.0,-4.7695471960232405,1.0,1.0,-4.7695471960232405,1.0
0.5950927734375,0.0,1.0,0.0,-4.788493174401134,1.0,1.0,-4.788493174401134,1.0
0.5953369140625,0.0,1.0,0.0,-4.807460180501978,1.0,1.0,-4.807460180501978,1.0
0.5955810546875,0.0,1.0,0.0,-4.8264482143257705,1.0,1.0,-4.8264482143257705,1.0
0.5958251953125,0.0,1.0,0.0,-4.845457275872514,1.0,1.0,-4.845457275872514,1.0
0.5960693359375,0.0,1.0,0.0,-4.864487365142207,1.0,1.0,-4.864487365142207,1.0
0.5963134765625,0.0,1.0,0.0,-4.88353848213485,1.0,1.0,-4.88353848213485,1.0
0.5965576171875,0.0,1.0,0.0,-4.902610626850444,1.0,1.0,-4.902610626850444,1.0
0.5968017578125,0.0,1.0,0.0,-4.921703799288986,1.0,1.0,-4.921703799288986,1.0
0.5970458984375,0.0,1.0,0.0,-4.940817999450479,1.0,1.0,-4.940817999450479,1.0
0.5972900390625,0.0,1.0,0.0,-4.959953227334922,1.0,1.0,-4.959953227334922,1.0
0.5975341796875,0.0,1.0,0.0,-4.979109482942315,1.0,1.0,-4.979109482942315,1.0
0.5977783203125,0.0,1.0,0.0,-4.998286766272658,1.0,1.0,-4.998286766272658,1.0
0.5980224609375,0.0,1.0,0.0,-5.01748507732595,1.0,1.0,-5.01748507732595,1.0
0.5982666015625,0.0,1.0,0.0,-5.036704416102193,1.0,1.0,-5.036704416102193,1.0
0.5985107421875,0.0,1.0,0.0,-5.055944782601386,1.0,1.0,-5.055944782601386,1.0
0.5987548828125,0.0,1.0,0.0,-5.075206176823528,1.0,1.0,-5.075206176823528,1.0
0.5989990234375,0.0,1.0,0.0,-5.094488598768621,1.0,1.0,-5.094488598768621,1.0
0.5992431640625,0.0,1.0,0.0,-5.113792048436663,1.0,1.0,-5.113792048436663,1.0
0.5994873046875,0.0,1.0,0.0,-5.1331165258276545,1.0,1.0,-5.1331165258276545,1.0
0.5997314453125,0.0,1.0,0.0,-5.152462030941598,1.0,1.0,-5.152462030941598,1.0
0.5999755859375,0.0,1.0,0.0,-5.171828563778489,1.0,1.0,-5.171828563778489,1.0
0.6002197265625,0.0,1.0,0.0,-5.1912161243383315,1.0,1.0,-5.1912161243383315,1.0
0.6004638671875,0.0,1.0,0.0,-5.210624712621123,1.0,1.0,-5.210624712621123,1.0
0.6007080078125,0.0,1.0,0.0,-5.230054328626865,1.0,1.0,-5.230054328626865,1.0
0.6009521484375,0.0,1.0,0.0,-5.249504972355558,1.0,1.0,-5.249504972355558,1.0
0.6011962890625,0.0,1.0,0.0,-5.268976643807199,1.0,1.0,-5.268976643807199,1.0
0.6014404296875,0.0,1.0,0.0,-5.2884693429817915,1.0,1.0,-5.2884693429817915,1.0
0.6016845703125,0.0,1.0,0.0,-5.307983069879333,1.0,1.0,-5.307983069879333,1.0
0.6019287109375,0.0,1.0,0.0,-5.327517824499824,1.0,1.0,-5.327517824499824,1.0
0.6021728515625,0.0,1.0,0.0,-5.347073606843266,1.0,1.0,-5.347073606843266,1.0
0.6024169921875,0.0,1.0,0.0,-5.366650416909658,1.0,1.0,-5.366650416909658,1.0
0.6026611328125,0.0,1.0,0.0,-5.386248254698999,1.0,1.0,-5.386248254698999,1.0
0.6029052734375,0.0,1.0,0.0,-5.4058671202112905,1.0,1.0,-5.4058671202112905,1.0
0.6031494140625,0.0,1.0,0.0,-5.4255070134465315,1.0,1.0,-5.4255070134465315,1.0
0.6033935546875,0.0,1.0,0.0,-5.445167934404723,1.0,1.0,-5.445167934404723,1.0
0.6036376953125,0.0,1.0,0.0,-5.464849883085864,1.0,1.0,-5.464849883085864,1.0
0.6038818359375,0.0,1.0,0.0,-5.4845528594899555,1.0,1.0,-5.4845528594899555,1.0
0.6041259765625,0.0,1.0,0.0,-5.5042768636169965,1.0,1.0,-5.5042768636169965,1.0
0.6043701171875,0.0,1.0,0.0,-5.524021895466988,1.0,1.0,-5.524021895466988,1.0
0.6046142578125,0.0,1.0,0.0,-5.543787955039929,1.0,1.0,-5.543787955039929,1.0
0.6048583984375,0.0,1.0,0.0,-5.5635750423358195,1.0,1.0,-5.5635750423358195,1.0
0.6051025390625,0.0,1.0,0.0,-5.58338315735466,1.0,1.0,-5.58338315735466,1.0
0.6053466796875,0.0,1.0,0.0,-5.603212300096451,1.0,1.0,-5.603212300096451,1.0
0.6055908203125,0.0,1.0,0.0,-5.623062470561192,1.0,1.0,-5.623062470561192,1.0
0.6058349609375,0.0,1.0,0.0,-5.642933668748882,1.0,1.0,-5.642933668748882,1.0
0.6060791015625,0.0,1.0,0.0,-5.662825894659523,1.0,1.0,-5.662825894659523,1.0
0.6063232421875,0.0,1.0,0.0,-5.6827391482931136,1.0,1.0,-5.6827391482931136,1.0
0.6065673828125,0.0,1.0,0.0,-5.702673429649654,1.0,1.0,-5.702673429649654,1.0
0.6068115234375,0.0,1.0,0.0,-5.722628738729145,1.0,1.0,-5.722628738729145,1.0
0.6070556640625,0.0,1.0,0.0,-5.742605075531585,1.0,1.0,-5.742605075531585,1.0
0.6072998046875,0.0,1.0,0.0,-5.762602440056975,1.0,1.0,-5.762602440056975,1.0
0.6075439453125,0.0,1.0,0.0,-5.782620832305316,1.0,1.0,-5.782620832305316,1.0
0.6077880859375,0.0,1.0,0.0,-5.802660252276605,1.0,1.0,-5.802660252276605,1.0
0.6080322265625,0.0,1.0,0.0,-5.822720699970846,1.0,1.0,-5.822720699970846,1.0
0.6082763671875,0.0,1.0,0.0,-5.8428021753880355,1.0,1.0,-5.8428021753880355,1.0
0.6085205078125,0.0,1.0,0.0,-5.862904678528176,1.0,1.0,-5.862904678528176,1.0
0.6087646484375,0.0,1.0,0.0,-5.883028209391266,1.0,1.0,-5.883028209391266,1.0
0.6090087890625,0.0,1.0,0.0,-5.903172767977305,1.0,1.0,-5.903172767977305,1.0
0.6092529296875,0.0,1.0,0.0,-5.923338354286296,1.0,1.0,-5.923338354286296,1.0
0.6094970703125,0.0,1.0,0.0,-5.943524968318235,1.0,1.0,-5.943524968318235,1.0
0.6097412109375,0.0,1.0,0.0,-5.963732610073125,1.0,1.0,-5.963732610073125,1.0
0.6099853515625,0.0,1.0,0.0,-5.9839612795509645,1.0,1.0,-5.9839612795509645,1.0
0.6102294921875,0.0,1.0,0.0,-6.004210976751754,1.0,1.0,-6.004210976751754,1.0
0.6104736328125,0.0,1.0,0.0,-6.0244817016754935,1.0,1.0,-6.0244817016754935,1.0
0.6107177734375,0.0,1.0,0.0,-6.044773454322183,1.0,1.0,-6.044773454322183,1.0
0.6109619140625,0.0,1.0,0.0,-6.065086234691822,1.0,1.0,-6.065086234691822,1.0
0.6112060546875,0.0,1.0,0.0,-6.085420042784412,1.0,1.0,-6.085420042784412,1.0
0.6114501953125,0.0,1.0,0.0,-6.10577487859995,1.0,1.0,-6.10577487859995,1.0
0.6116943359375,0.0,1.0,0.0,-6.12615074213844,1.0,1.0,-6.12615074213844,1.0
0.6119384765625,0.0,1.0,0.0,-6.146547633399879,1.0,1.0,-6.146547633399879,1.0
0.6121826171875,0.0,1.0,0.0,-6.1669655523842675,1.0,1.0,-6.1669655523842675,1.0
0.6124267578125,0.0,1.0,0.0,-6.187404499091607,1.0,1.0,-6.187404499091607,1.0
0.6126708984375,0.0,1.0,0.0,-6.207864473521895,1.0,1.0,-6.207864473521895,1.0
0.6129150390625,0.0,1.0,0.0,-6.228345475675135,1.0,1.0,-6.228345475675135,1.0
0.6131591796875,0.0,1.0,0.0,-6.248847505551323,1.0,1.0,-6.248847505551323,1.0
0.6134033203125,0.0,1.0,0.0,-6.269370563150462,1.0,1.0,-6.269370563150462,1.0
0.6136474609375,0.0,1.0,0.0,-6.289914648472551,1.0,1.0,-6.289914648472551,1.0
0.6138916015625,0.0,1.0,0.0,-6.310479761517589,1.0,1.0,-6.310479761517589,1.0
0.6141357421875,0.0,1.0,0.0,-6.3310659022855775,1.0,1.0,-6.3310659022855775,1.0
0.6143798828125,0.0,1.0,0.0,-6.351673070776516,1.0,1.0,-6.351673070776516,1.0
0.6146240234375,0.0,1.0,0.0,-6.372301266990405,1.0,1.0,-6.372301266990405,1.0
0.6148681640625,0.0,1.0,0.0,-6.392950490927243,1.0,1.0,-6.392950490927243,1.0
0.6151123046875,0.0,1.0,0.0,-6.413620742587032,1.0,1.0,-6.413620742587032,1.0
0.6153564453125,0.0,1.0,0.0,-6.434312021969769,1.0,1.0,-6.434312021969769,1.0
0.6156005859375,0.0,1.0,0.0,-6.455024329075457,1.0,1.0,-6.455024329075457,1.0
0.6158447265625,0.0,1.0,0.0,-6.475757663904096,1.0,1.0,-6.475757663904096,1.0
0.6160888671875,0.0,1.0,0.0,-6.496512026455684,1.0,1.0,-6.496512026455684,1.0
0.6163330078125,0.0,1.0,0.0,-6.5172874167302215,1.0,1.0,-6.5172874167302215,1.0
0.6165771484375,0.0,1.0,0.0,-6.5380838347277095,1.0,1.0,-6.5380838347277095,1.0
0.6168212890625,0.0,1.0,0.0,-6.558901280448148,1.0,1.0,-6.558901280448148,1.0
0.6170654296875,0.0,1.0,0.0,-6.579739753891535,1.0,1.0,-6.579739753891535,1.0
0.6173095703125,0.0,1.0,0.0,-6.600599255057873,1.0,1.0,-6.600599255057873,1.0
0.6175537109375,0.0,1.0,0.0,-6.62147978394716,1.0,1.0,-6.62147978394716,1.0
0.6177978515625,0.0,1.0,0.0,-6.642381340559398,1.0,1.0,-6.642381340559398,1.0
0.6180419921875,0.0,1.0,0.0,-6.663303924894586,1.0,1.0,-6.663303924894586,1.0
0.6182861328125,0.0,1.0,0.0,-6.684247536952723,1.0,1.0,-6.684247536952723,1.0
0.6185302734375,0.0,1.0,0.0,-6.70521217673381,1.0,1.0,-6.70521217673381,1.0
0.6187744140625,0.0,1.0,0.0,-6.726197844237848,1.0,1.0,-6.726197844237848,1.0
0.6190185546875,0.0,1.0,0.0,-6.7472045394648354,1.0,1.0,-6.7472045394648354,1.0
0.6192626953125,0.0,1.0,0.0,-6.768232262414773,1.0,1.0,-6.768232262414773,1.0
0.6195068359375,0.0,1.0,0.0,-6.78928101308766,1.0,1.0,-6.78928101308766,1.0
0.6197509765625,0.0,1.0,0.0,-6.810350791483497,1.0,1.0,-6.810350791483497,1.0
0.6199951171875,0.0,1.0,0.0,-6.831441597602284,1.0,1.0,-6.831441597602284,1.0
0.6202392578125,0.0,1.0,0.0,-6.85255343144402,1.0,1.0,-6.85255343144402,1.0
0.6204833984375,0.0,1.0,0.0,-6.873686293008707,1.0,1.0,-6.873686293008707,1.0
0.6207275390625,0.0,1.0,0.0,-6.8948401822963445,1.0,1.0,-6.8948401822963445,1.0
0.6209716796875,0.0,1.0,0.0,-6.916015099306931,1.0,1.0,-6.916015099306931,1.0
0.6212158203125,0.0,1.0,0.0,-6.937211044040468,1.0,1.0,-6.937211044040468,1.0
0.6214599609375,0.0,1.0,0.0,-6.9584280164969545,1.0,1.0,-6.9584280164969545,1.0
0.6217041015625,0.0,1.0,0.0,-6.979666016676391,1.0,1.0,-6.979666016676391,1.0
0.6219482421875,0.0,1.0,0.0,-7.000925044578777,1.0,1.0,-7.000925044578777,1.0
0.6221923828125,0.0,1.0,0.0,-7.022205100204115,1.0,1.0,-7.022205100204115,1.0
0.6224365234375,0.0,1.0,0.0,-7.043506183552401,1.0,1.0,-7.043506183552401,1.0
0.6226806640625,0.0,1.0,0.0,-7.064828294623636,1.0,1.0,-7.064828294623636,1.0
0.6229248046875,0.0,1.0,0.0,-7.086171433417823,1.0,1.0,-7.086171433417823,1.0
0.6231689453125,0.0,1.0,0.0,-7.107535599934959,1.0,1.0,-7.107535599934959,1.0
0.6234130859375,0.0,1.0,0.0,-7.128920794175045,1.0,1.0,-7.128920794175045,1.0
0.6236572265625,0.0,1.0,0.0,-7.150327016138082,1.0,1.0,-7.150327016138082,1.0
0.6239013671875,0.0,1.0,0.0,-7.171754265824067,1.0,1.0,-7.171754265824067,1.0
0.6241455078125,0.0,1.0,0.0,-7.193202543233003,1.0,1.0,-7.193202543233003,1.0
0.6243896484375,0.0,1.0,0.0,-7.214671848364889,1.0,1.0,-7.214671848364889,1.0
0.6246337890625,0.0,1.0,0.0,-7.236162181219726,1.0,1.0,-7.236162181219726,1.0
0.6248779296875,0.0,1.0,0.0,-7.2576735417975105,1.0,1.0,-7.2576735417975105,1.0
0.6251220703125,0.0,1.0,0.0,-7.279205930098247,1.0,1.0,-7.279205930098247,1.0
0.6253662109375,0.0,1.0,0.0,-7.300759346121932,1.0,1.0,-7.300759346121932,1.0
0.6256103515625,0.0,1.0,0.0,-7.322333789868567,1.0,1.0,-7.322333789868567,1.0
0.6258544921875,0.0,1.0,0.0,-7.343929261338154,1.0,1.0,-7.343929261338154,1.0
0.6260986328125,0.0,1.0,0.0,-7.365545760530688,1.0,1.0,-7.365545760530688,1.0
0.6263427734375,0.0,1.0,0.0,-7.387183287446174,1.0,1.0,-7.387183287446174,1.0
0.6265869140625,0.0,1.0,0.0,-7.408841842084609,1.0,1.0,-7.408841842084609,1.0
0.6268310546875,0.0,1.0,0.0,-7.430521424445995,1.0,1.0,-7.430521424445995,1.0
0.6270751953125,0.0,1.0,0.0,-7.45222203453033,1.0,1.0,-7.45222203453033,1.0
0.6273193359375,0.0,1.0,0.0,-7.473943672337615,1.0,1.0,-7.473943672337615,1.0
0.6275634765625,0.0,1.0,0.0,-7.49568633786785,1.0,1.0,-7.49568633786785,1.0
0.6278076171875,0.0,1.0,0.0,-7.517450031121035,1.0,1.0,-7.517450031121035,1.0
0.6280517578125,0.0,1.0,0.0,-7.539234752097171,1.0,1.0,-7.539234752097171,1.0
0.6282958984375,0.0,1.0,0.0,-7.5610405007962544,1.0,1.0,-7.5610405007962544,1.0
0.6285400390625,0.0,1.0,0.0,-7.5828672772182895,1.0,1.0,-7.5828672772182895,1.0
0.6287841796875,0.0,1.0,0.0,-7.604715081363274,1.0,1.0,-7.604715081363274,1.0
0.6290283203125,0.0,1.0,0.0,-7.62658391323121,1.0,1.0,-7.62658391323121,1.0
0.6292724609375,0.0,1.0,0.0,-7.6484737728220935,1.0,1.0,-7.6484737728220935,1.0
0.6295166015625,0.0,1.0,0.0,-7.6703846601359285,1.0,1.0,-7.6703846601359285,1.0
0.6297607421875,0.0,1.0,0.0,-7.692316575172713,1.0,1.0,-7.692316575172713,1.0
0.6300048828125,0.0,1.0,0.0,-7.714269517932447,1.0,1.0,-7.714269517932447,1.0
0.6302490234375,0.0,1.0,0.0,-7.736243488415132,1.0,1.0,-7.736243488415132,1.0
0.6304931640625,0.0,1.0,0.0,-7.758238486620765,1.0,1.0,-7.758238486620765,1.0
0.6307373046875,0.0,1.0,0.0,-7.78025451254935,1.0,1.0,-7.78025451254935,1.0
0.6309814453125,0.0,1.0,0.0,-7.802291566200884,1.0,1.0,-7.802291566200884,1.0
0.6312255859375,0.0,1.0,0.0,-7.824349647575369,1.0,1.0,-7.824349647575369,1.0
0.6314697265625,0.0,1.0,0.0,-7.846428756672802,1.0,1.0,-7.846428756672802,1.0
0.6317138671875,0.0,1.0,0.0,-7.8685288934931865,1.0,1.0,-7.8685288934931865,1.0
0.6319580078125,0.0,1.0,0.0,-7.89065005803652,1.0,1.0,-7.89065005803652,1.0
0.6322021484375,0.0,1.0,0.0,-7.912792250302804,1.0,1.0,-7.912792250302804,1.0
0.6324462890625,0.0,1.0,0.0,-7.934955470292039,1.0,1.0,-7.934955470292039,1.0
0.6326904296875,0.0,1.0,0.0,-7.957139718004223,1.0,1.0,-7.957139718004223,1.0
0.6329345703125,0.0,1.0,0.0,-7.979344993439357,1.0,1.0,-7.979344993439357,1.0
0.6331787109375,0.0,1.0,0.0,-8.00157129659744,1.0,1.0,-8.00157129659744,1.0
0.6334228515625,0.0,1.0,0.0,-8.023818627478473,1.0,1.0,-8.023818627478473,1.0
0.6336669921875,0.0,1.0,0.0,-8.046086986082457,1.0,1.0,-8.046086986082457,1.0
0.6339111328125,0.0,1.0,0.0,-8.06837637240939,1.0,1.0,-8.06837637240939,1.0
0.6341552734375,0.0,1.0,0.0,-8.090686786459273,1.0,1.0,-8.090686786459273,1.0
0.6343994140625,0.0,1.0,0.0,-8.113018228232107,1.0,1.0,-8.113018228232107,1.0
0.6346435546875,0.0,1.0,0.0,-8.13537069772789,1.0,1.0,-8.13537069772789,1.0
0.6348876953125,0.0,1.0,0.0,-8.157744194946623,1.0,1.0,-8.157744194946623,1.0
0.6351318359375,0.0,1.0,0.0,-8.180138719888307,1.0,1.0,-8.180138719888307,1.0
0.6353759765625,0.0,1.0,0.0,-8.20255427255294,1.0,1.0,-8.20255427255294,1.0
0.6356201171875,0.0,1.0,0.0,-8.224990852940522,1.0,1.0,-8.224990852940522,1.0
0.6358642578125,0.0,1.0,0.0,-8.247448461051055,1.0,1.0,-8.247448461051055,1.0
0.6361083984375,0.0,1.0,0.0,-8.269927096884539,1.0,1.0,-8.269927096884539,1.0
0.6363525390625,0.0,1.0,0.0,-8.292426760440971,1.0,1.0,-8.292426760440971,1.0
0.6365966796875,0.0,1.0,0.0,-8.314947451720354,1.0,1.0,-8.314947451720354,1.0
0.6368408203125,0.0,1.0,0.0,-8.337489170722687,1.0,1.0,-8.337489170722687,1.0
0.6370849609375,0.0,1.0,0.0,-8.360051917447969,1.0,1.0,-8.360051917447969,1.0
0.6373291015625,0.0,1.0,0.0,-8.382635691896201,1.0,1.0,-8.382635691896201,1.0
0.6375732421875,0.0,1.0,0.0,-8.405240494067383,1.0,1.0,-8.405240494067383,1.0
0.6378173828125,0.0,1.0,0.0,-8.427866323961517,1.0,1.0,-8.427866323961517,1.0
0.6380615234375,0.0,1.0,0.0,-8.450513181578598,1.0,1.0,-8.450513181578598,1.0
0.6383056640625,0.0,1.0,0.0,-8.473181066918631,1.0,1.0,-8.473181066918631,1.0
0.6385498046875,0.0,1.0,0.0,-8.495869979981613,1.0,1.0,-8.495869979981613,1.0
0.6387939453125,0.0,1.0,0.0,-8.518579920767547,1.0,1.0,-8.518579920767547,1.0
0.6390380859375,0.0,1.0,0.0,-8.541310889276428,1.0,1.0,-8.541310889276428,1.0
0.6392822265625,0.0,1.0,0.0,-8.56406288550826,1.0,1.0,-8.56406288550826,1.0
0.6395263671875,0.0,1.0,0.0,-8.586835909463042,1.0,1.0,-8.586835909463042,1.0
0.6397705078125,0.0,1.0,0.0,-8.609629961140774,1.0,1.0,-8.609629961140774,1.0
0.6400146484375,0.0,1.0,0.0,-8.632445040541455,1.0,1.0,-8.632445040541455,1.0
0.6402587890625,0.0,1.0,0.0,-8.655281147665088,1.0,1.0,-8.655281147665088,1.0
0.6405029296875,0.0,1.0,0.0,-8.67813828251167,1.0,1.0,-8.67813828251167,1.0
0.6407470703125,0.0,1.0,0.0,-8.701016445081201,1.0,1.0,-8.701016445081201,1.0
0.6409912109375,0.0,1.0,0.0,-8.723915635373682,1.0,1.0,-8.723915635373682,1.0
0.6412353515625,0.0,1.0,0.0,-8.746835853389115,1.0,1.0,-8.746835853389115,1.0
0.6414794921875,0.0,1.0,0.0,-8.769777099127495,1.0,1.0,-8.769777099127495,1.0
0.6417236328125,0.0,1.0,0.0,-8.792739372588827,1.0,1.0,-8.792739372588827,1.0
0.6419677734375,0.0,1.0,0.0,-8.81572267377311,1.0,1.0,-8.81572267377311,1.0
0.6422119140625,0.0,1.0,0.0,-8.83872700268034,1.0,1.0,-8.83872700268034,1.0
0.6424560546875,0.0,1.0,0.0,-8.861752359310522,1.0,1.0,-8.861752359310522,1.0
0.6427001953125,0.0,1.0,0.0,-8.884798743663652,1.0,1.0,-8.884798743663652,1.0
0.6429443359375,0.0,1.0,0.0,-8.907866155739733,1.0,1.0,-8.907866155739733,1.0
0.6431884765625,0.0,1.0,0.0,-8.930954595538765,1.0,1.0,-8.930954595538765,1.0
0.6434326171875,0.0,1.0,0.0,-8.954064063060745,1.0,1.0,-8.954064063060745,1.0
0.6436767578125,0.0,1.0,0.0,-8.977194558305676,1.0,1.0,-8.977194558305676,1.0
0.6439208984375,0.0,1.0,0.0,-9.000346081273557,1.0,1.0,-9.000346081273557,1.0
0.6441650390625,0.0,1.0,0.0,-9.023518631964388,1.0,1.0,-9.023518631964388,1.0
0.6444091796875,0.0,1.0,0.0,-9.04671221037817,1.0,1.0,-9.04671221037817,1.0
0.6446533203125,0.0,1.0,0.0,-9.069926816514899,1.0,1.0,-9.069926816514899,1.0
0.6448974609375,0.0,1.0,0.0,-9.09316245037458,1.0,1.0,-9.09316245037458,1.0
0.6451416015625,0.0,1.0,0.0,-9.11641911195721,1.0,1.0,-9.11641911195721,1.0
0.6453857421875,0.0,1.0,0.0,-9.139696801262792,1.0,1.0,-9.139696801262792,1.0
0.6456298828125,0.0,1.0,0.0,-9.162995518291321,1.0,1.0,-9.162995518291321,1.0
0.6458740234375,0.0,1.0,0.0,-9.186315263042802,1.0,1.0,-9.186315263042802,1.0
0.6461181640625,0.0,1.0,0.0,-9.209656035517233,1.0,1.0,-9.209656035517233,1.0
0.6463623046875,0.0,1.0,0.0,-9.233017835714612,1.0,1.0,-9.233017835714612,1.0
0.6466064453125,0.0,1.0,0.0,-9.256400663634942,1.0,1.0,-9.256400663634942,1.0
0.6468505859375,0.0,1.0,0.0,-9.279804519278223,1.0,1.0,-9.279804519278223,1.0
0.6470947265625,0.0,1.0,0.0,-9.303229402644453,1.0,1.0,-9.303229402644453,1.0
0.6473388671875,0.0,1.0,0.0,-9.326675313733633,1.0,1.0,-9.326675313733633,1.0
0.6475830078125,0.0,1.0,0.0,-9.350142252545762,1.0,1.0,-9.350142252545762,1.0
0.6478271484375,0.0,1.0,0.0,-9.373630219080843,1.0,1.0,-9.373630219080843,1.0
0.6480712890625,0.0,1.0,0.0,-9.397139213338873,1.0,1.0,-9.397139213338873,1.0
0.6483154296875,0.0,1.0,0.0,-9.420669235319853,1.0,1.0,-9.420669235319853,1.0
0.6485595703125,0.0,1.0,0.0,-9.444220285023782,1.0,1.0,-9.444220285023782,1.0
0.6488037109375,0.0,1.0,0.0,-9.46779236245066,1.0,1.0,-9.46779236245066,1.0
0.6490478515625,0.0,1.0,0.0,-9.491385467600491,1.0,1.0,-9.491385467600491,1.0
0.6492919921875,0.0,1.0,0.0,-9.51499960047327,1.0,1.0,-9.51499960047327,1.0
0.6495361328125,0.0,1.0,0.0,-9.538634761069,1.0,1.0,-9.538634761069,1.0
0.6497802734375,0.0,1.0,0.0,-9.562290949387679,1.0,1.0,-9.562290949387679,1.0
0.6500244140625,0.0,1.0,0.0,-9.585968165429309,1.0,1.0,-9.585968165429309,1.0
0.6502685546875,0.0,1.0,0.0,-9.609666409193888,1.0,1.0,-9.609666409193888,1.0
0.6505126953125,0.0,1.0,0.0,-9.633385680681418,1.0,1.0,-9.633385680681418,1.0
0.6507568359375,0.0,1.0,0.0,-9.657125979891896,1.0,1.0,-9.657125979891896,1.0
0.6510009765625,0.0,1.0,0.0,-9.680887306825325,1.0,1.0,-9.680887306825325,1.0
0.6512451171875,0.0,1.0,0.0,-9.704669661481704,1.0,1.0,-9.704669661481704,1.0
0.6514892578125,0.0,1.0,0.0,-9.728473043861033,1.0,1.0,-9.728473043861033,1.0
0.6517333984375,0.0,1.0,0.0,-9.752297453963312,1.0,1.0,-9.752297453963312,1.0
0.6519775390625,0.0,1.0,0.0,-9.77614289178854,1.0,1.0,-9.77614289178854,1.0
0.6522216796875,0.0,1.0,0.0,-9.80000935733672,1.0,1.0,-9.80000935733672,1.0
0.6524658203125,0.0,1.0,0.0,-9.823896850607849,1.0,1.0,-9.823896850607849,1.0
0.6527099609375,0.0,1.0,0.0,-9.847805371601927,1.0,1.0,-9.847805371601927,1.0
0.6529541015625,0.0,1.0,0.0,-9.871734920318955,1.0,1.0,-9.871734920318955,1.0
0.6531982421875,0.0,1.0,0.0,-9.895685496758933,1.0,1.0,-9.895685496758933,1.0
0.6534423828125,0.0,1.0,0.0,-9.919657100921862,1.0,1.0,-9.919657100921862,1.0
0.6536865234375,0.0,1.0,0.0,-9.94364973280774,1.0,1.0,-9.94364973280774,1.0
0.6539306640625,0.0,1.0,0.0,-9.967663392416569,1.0,1.0,-9.967663392416569,1.0
0.6541748046875,0.0,1.0,0.0,-9.991698079748346,1.0,1.0,-9.991698079748346,1.0
0.6544189453125,0.0,1.0,0.0,-10.015753794803075,1.0,1.0,-10.015753794803075,1.0
0.6546630859375,0.0,1.0,0.0,-10.039830537580754,1.0,1.0,-10.039830537580754,1.0
0.6549072265625,0.0,1.0,0.0,-10.063928308081382,1.0,1.0,-10.063928308081382,1.0
0.6551513671875,0.0,1.0,0.0,-10.088047106304959,1.0,1.0,-10.088047106304959,1.0
0.6553955078125,0.0,1.0,0.0,-10.112186932251488,1.0,1.0,-10.112186932251488,1.0
0.6556396484375,0.0,1.0,0.0,-10.136347785920965,1.0,1.0,-10.136347785920965,1.0
0.6558837890625,0.0,1.0,0.0,-10.160529667313392,1.0,1.0,-10.160529667313392,1.0
0.6561279296875,0.0,1.0,0.0,-10.18473257642877,1.0,1.0,-10.18473257642877,1.0
0.6563720703125,0.0,1.0,0.0,-10.208956513267099,1.0,1.0,-10.208956513267099,1.0
0.6566162109375,0.0,1.0,0.0,-10.233201477828375,1.0,1.0,-10.233201477828375,1.0
0.6568603515625,0.0,1.0,0.0,-10.257467470112603,1.0,1.0,-10.257467470112603,1.0
0.6571044921875,0.0,1.0,0.0,-10.28175449011978,1.0,1.0,-10.28175449011978,1.0
0.6573486328125,0.0,1.0,0.0,-10.306062537849908,1.0,1.0,-10.306062537849908,1.0
0.6575927734375,0.0,1.0,0.0,-10.330391613302986,1.0,1.0,-10.330391613302986,1.0
0.6578369140625,0.0,1.0,0.0,-10.354741716479014,1.0,1.0,-10.354741716479014,1.0
0.6580810546875,0.0,1.0,0.0,-10.379112847377991,1.0,1.0,-10.379112847377991,1.0
0.6583251953125,0.0,1.0,0.0,-10.403505005999918,1.0,1.0,-10.403505005999918,1.0
0.6585693359375,0.0,1.0,0.0,-10.427918192344794,1.0,1.0,-10.427918192344794,1.0
0.6588134765625,0.0,1.0,0.0,-10.452352406412622,1.0,1.0,-10.452352406412622,1.0
0.6590576171875,0.0,1.0,0.0,-10.476807648203398,1.0,1.0,-10.476807648203398,1.0
0.6593017578125,0.0,1.0,0.0,-10.501283917717126,1.0,1.0,-10.501283917717126,1.0
0.6595458984375,0.0,1.0,0.0,-10.525781214953803,1.0,1.0,-10.525781214953803,1.0
0.6597900390625,0.0,1.0,0.0,-10.550299539913429,1.0,1.0,-10.550299539913429,1.0
0.6600341796875,0.0,1.0,0.0,-10.574838892596006,1.0,1.0,-10.574838892596006,1.0
0.6602783203125,0.0,1.0,0.0,-10.599399273001533,1.0,1.0,-10.599399273001533,1.0
0.6605224609375,0.0,1.0,0.0,-10.623980681130009,1.0,1.0,-10.623980681130009,1.0
0.6607666015625,0.0,1.0,0.0,-10.648583116981435,1.0,1.0,-10.648583116981435,1.0
0.6610107421875,0.0,1.0,0.0,-10.673206580555812,1.0,1.0,-10.673206580555812,1.0
0.6612548828125,0.0,1.0,0.0,-10.697851071853139,1.0,1.0,-10.697851071853139,1.0
0.6614990234375,0.0,1.0,0.0,-10.722516590873415,1.0,1.0,-10.722516590873415,1.0
0.6617431640625,0.0,1.0,0.0,-10.74720313761664,1.0,1.0,-10.74720313761664,1.0
0.6619873046875,0.0,1.0,0.0,-10.771910712082818,1.0,1.0,-10.771910712082818,1.0
0.6622314453125,0.0,1.0,0.0,-10.796639314271943,1.0,1.0,-10.796639314271943,1.0
0.6624755859375,0.0,1.0,0.0,-10.821388944184019,1.0,1.0,-10.821388944184019,1.0
0.6627197265625,0.0,1.0,0.0,-10.846159601819046,1.0,1.0,-10.846159601819046,1.0
0.6629638671875,0.0,1.0,0.0,-10.870951287177022,1.0,1.0,-10.870951287177022,1.0
0.6632080078125,0.0,1.0,0.0,-10.895764000257948,1.0,1.0,-10.895764000257948,1.0
0.6634521484375,0.0,1.0,0.0,-10.920597741061822,1.0,1.0,-10.920597741061822,1.0
0.6636962890625,0.0,1.0,0.0,-10.94545250958865,1.0,1.0,-10.94545250958865,1.0
0.6639404296875,0.0,1.0,0.0,-10.970328305838425,1.0,1.0,-10.970328305838425,1.0
0.6641845703125,0.0,1.0,0.0,-10.99522512981115,1.0,1.0,-10.99522512981115,1.0
0.6644287109375,0.0,1.0,0.0,-11.020142981506826,1.0,1.0,-11.020142981506826,1.0
0.6646728515625,0.0,1.0,0.0,-11.045081860925452,1.0,1.0,-11.045081860925452,1.0
0.6649169921875,0.0,1.0,0.0,-11.070041768067027,1.0,1.0,-11.070041768067027,1.0
0.6651611328125,0.0,1.0,0.0,-11.095022702931553,1.0,1.0,-11.095022702931553,1.0
0.6654052734375,0.0,1.0,0.0,-11.120024665519027,1.0,1.0,-11.120024665519027,1.0
0.6656494140625,0.0,1.0,0.0,-11.145047655829453,1.0,1.0,-11.145047655829453,1.0
0.6658935546875,0.0,1.0,0.0,-11.170091673862828,1.0,1.0,-11.170091673862828,1.0
0.6661376953125,0.0,1.0,0.0,-11.195156719619153,1.0,1.0,-11.195156719619153,1.0
0.6663818359375,0.0,1.0,0.0,-11.220242793098429,1.0,1.0,-11.220242793098429,1.0
0.6666259765625,0.0,1.0,0.0,-11.245349894300654,1.0,1.0,-11.245349894300654,1.0
0.6668701171875,0.0,1.0,0.0,-11.270478023225829,1.0,1.0,-11.270478023225829,1.0
0.6671142578125,0.0,1.0,0.0,-11.295627179873954,1.0,1.0,-11.295627179873954,1.0
0.6673583984375,0.0,1.0,0.0,-11.320797364245028,1.0,1.0,-11.320797364245028,1.0
0.6676025390625,0.0,1.0,0.0,-11.345988576339053,1.0,1.0,-11.345988576339053,1.0
0.6678466796875,0.0,1.0,0.0,-11.371200816156028,1.0,1.0,-11.371200816156028,1.0
0.6680908203125,0.0,1.0,0.0,-11.396434083695953,1.0,1.0,-11.396434083695953,1.0
0.6683349609375,0.0,1.0,0.0,-11.421688378958827,1.0,1.0,-11.421688378958827,1.0
0.6685791015625,0.0,1.0,0.0,-11.446963701944652,1.0,1.0,-11.446963701944652,1.0
0.6688232421875,0.0,1.0,0.0,-11.472260052653427,1.0,1.0,-11.472260052653427,1.0
0.6690673828125,0.0,1.0,0.0,-11.49757743108515,1.0,1.0,-11.49757743108515,1.0
0.6693115234375,0.0,1.0,0.0,-11.522915837239825,1.0,1.0,-11.522915837239825,1.0
0.6695556640625,0.0,1.0,0.0,-11.548275271117449,1.0,1.0,-11.548275271117449,1.0
0.6697998046875,0.0,1.0,0.0,-11.573655732718024,1.0,1.0,-11.573655732718024,1.0
0.6700439453125,0.0,1.0,0.0,-11.599057222041548,1.0,1.0,-11.599057222041548,1.0
0.6702880859375,0.0,1.0,0.0,-11.624479739088022,1.0,1.0,-11.624479739088022,1.0
0.6705322265625,0.0,1.0,0.0,-11.649923283857445,1.0,1.0,-11.649923283857445,1.0
0.6707763671875,0.0,1.0,0.0,-11.67538785634982,1.0,1.0,-11.67538785634982,1.0
0.6710205078125,0.0,1.0,0.0,-11.700873456565143,1.0,1.0,-11.700873456565143,1.0
0.6712646484375,0.0,1.0,0.0,-11.726380084503417,1.0,1.0,-11.726380084503417,1.0
0.6715087890625,0.0,1.0,0.0,-11.751907740164642,1.0,1.0,-11.751907740164642,1.0
0.6717529296875,0.0,1.0,0.0,-11.777456423548815,1.0,1.0,-11.777456423548815,1.0
0.6719970703125,0.0,1.0,0.0,-11.803026134655939,1.0,1.0,-11.803026134655939,1.0
0.6722412109375,0.0,1.0,0.0,-11.828616873486013,1.0,1.0,-11.828616873486013,1.0
0.6724853515625,0.0,1.0,0.0,-11.854228640039036,1.0,1.0,-11.854228640039036,1.0
0.6727294921875,0.0,1.0,0.0,-11.879861434315009,1.0,1.0,-11.879861434315009,1.0
0.6729736328125,0.0,1.0,0.0,-11.905515256313933,1.0,1.0,-11.905515256313933,1.0
0.6732177734375,0.0,1.0,0.0,-11.931190106035805,1.0,1.0,-11.931190106035805,1.0
0.6734619140625,0.0,1.0,0.0,-11.956885983480628,1.0,1.0,-11.956885983480628,1.0
0.6737060546875,0.0,1.0,0.0,-11.982602888648403,1.0,1.0,-11.982602888648403,1.0
0.6739501953125,0.0,1.0,0.0,-12.008340821539125,1.0,1.0,-12.008340821539125,1.0
0.6741943359375,0.0,1.0,0.0,-12.034099782152799,1.0,1.0,-12.034099782152799,1.0
0.6744384765625,0.0,1.0,0.0,-12.059879770489422,1.0,1.0,-12.059879770489422,1.0
0.6746826171875,0.0,1.0,0.0,-12.085680786548995,1.0,1.0,-12.085680786548995,1.0
0.6749267578125,0.0,1.0,0.0,-12.111502830331517,1.0,1.0,-12.111502830331517,1.0
0.6751708984375,0.0,1.0,0.0,-12.13734590183699,1.0,1.0,-12.13734590183699,1.0
0.6754150390625,0.0,1.0,0.0,-12.163210001065412,1.0,1.0,-12.163210001065412,1.0
0.6756591796875,0.0,1.0,0.0,-12.189095128016785,1.0,1.0,-12.189095128016785,1.0
0.6759033203125,0.0,1.0,0.0,-12.215001282691109,1.0,1.0,-12.215001282691109,1.0
0.6761474609375,0.0,1.0,0.0,-12.24092846508838,1.0,1.0,-12.24092846508838,1.0
0.6763916015625,0.0,1.0,0.0,-12.266876675208604,1.0,1.0,-12.266876675208604,1.0
0.6766357421875,0.0,1.0,0.0,-12.292845913051776,1.0,1.0,-12.292845913051776,1.0
0.6768798828125,0.0,1.0,0.0,-12.318836178617898,1.0,1.0,-12.318836178617898,1.0
0.6771240234375,0.0,1.0,0.0,-12.34484747190697,1.0,1.0,-12.34484747190697,1.0
0.6773681640625,0.0,1.0,0.0,-12.370879792918993,1.0,1.0,-12.370879792918993,1.0
0.6776123046875,0.0,1.0,0.0,-12.396933141653966,1.0,1.0,-12.396933141653966,1.0
0.6778564453125,0.0,1.0,0.0,-12.423007518111888,1.0,1.0,-12.423007518111888,1.0
0.6781005859375,0.0,1.0,0.0,-12.44910292229276,1.0,1.0,-12.44910292229276,1.0
0.6783447265625,0.0,1.0,0.0,-12.47521935419658,1.0,1.0,-12.47521935419658,1.0
0.6785888671875,0.0,1.0,0.0,-12.501356813823353,1.0,1.0,-12.501356813823353,1.0
0.6788330078125,0.0,1.0,0.0,-12.527515301173075,1.0,1.0,-12.527515301173075,1.0
0.6790771484375,0.0,1.0,0.0,-12.553694816245747,1.0,1.0,-12.553694816245747,1.0
0.6793212890625,0.0,1.0,0.0,-12.579895359041368,1.0,1.0,-12.579895359041368,1.0
0.6795654296875,0.0,1.0,0.0,-12.60611692955994,1.0,1.0,-12.60611692955994,1.0
0.6798095703125,0.0,1.0,0.0,-12.632359527801462,1.0,1.0,-12.632359527801462,1.0
0.6800537109375,0.0,1.0,0.0,-12.658623153765934,1.0,1.0,-12.658623153765934,1.0
0.6802978515625,0.0,1.0,0.0,-12.684907807453355,1.0,1.0,-12.684907807453355,1.0
0.6805419921875,0.0,1.0,0.0,-12.711213488863727,1.0,1.0,-12.711213488863727,1.0
0.6807861328125,0.0,1.0,0.0,-12.737540197997047,1.0,1.0,-12.737540197997047,1.0
0.6810302734375,0.0,1.0,0.0,-12.763887934853319,1.0,1.0,-12.763887934853319,1.0
0.6812744140625,0.0,1.0,0.0,-12.79025669943254,1.0,1.0,-12.79025669943254,1.0
0.6815185546875,0.0,1.0,0.0,-12.816646491734712,1.0,1.0,-12.816646491734712,1.0
0.6817626953125,0.0,1.0,0.0,-12.843057311759832,1.0,1.0,-12.843057311759832,1.0
0.6820068359375,0.0,1.0,0.0,-12.869489159507904,1.0,1.0,-12.869489159507904,1.0
0.6822509765625,0.0,1.0,0.0,-12.895942034978924,1.0,1.0,-12.895942034978924,1.0
0.6824951171875,0.0,1.0,0.0,-12.922415938172895,1.0,1.0,-12.922415938172895,1.0
0.6827392578125,0.0,1.0,0.0,-12.948910869089817,1.0,1.0,-12.948910869089817,1.0
0.6829833984375,0.0,1.0,0.0,-12.975426827729688,1.0,1.0,-12.975426827729688,1.0
0.6832275390625,0.0,1.0,0.0,-13.001963814092509,1.0,1.0,-13.001963814092509,1.0
0.6834716796875,0.0,1.0,0.0,-13.02852182817828,1.0,1.0,-13.02852182817828,1.0
0.6837158203125,0.0,1.0,0.0,-13.055100869987,1.0,1.0,-13.055100869987,1.0
0.6839599609375,0.0,1.0,0.0,-13.08170093951867,1.0,1.0,-13.08170093951867,1.0
0.6842041015625,0.0,1.0,0.0,-13.108322036773291,1.0,1.0,-13.108322036773291,1.0
0.6844482421875,0.0,1.0,0.0,-13.134964161750862,1.0,1.0,-13.134964161750862,1.0
0.6846923828125,0.0,1.0,0.0,-13.161627314451382,1.0,1.0,-13.161627314451382,1.0
0.6849365234375,0.0,1.0,0.0,-13.188311494874851,1.0,1.0,-13.188311494874851,1.0
0.6851806640625,0.0,1.0,0.0,-13.215016703021272,1.0,1.0,-13.215016703021272,1.0
0.6854248046875,0.0,1.0,0.0,-13.241742938890642,1.0,1.0,-13.241742938890642,1.0
0.6856689453125,0.0,1.0,0.0,-13.268490202482962,1.0,1.0,-13.268490202482962,1.0
0.6859130859375,0.0,1.0,0.0,-13.295258493798233,1.0,1.0,-13.295258493798233,1.0
0.6861572265625,0.0,1.0,0.0,-13.322047812836452,1.0,1.0,-13.322047812836452,1.0
0.6864013671875,0.0,1.0,0.0,-13.348858159597622,1.0,1.0,-13.348858159597622,1.0
0.6866455078125,0.0,1.0,0.0,-13.375689534081742,1.0,1.0,-13.375689534081742,1.0
0.6868896484375,0.0,1.0,0.0,-13.402541936288811,1.0,1.0,-13.402541936288811,1.0
0.6871337890625,0.0,1.0,0.0,-13.429415366218832,1.0,1.0,-13.429415366218832,1.0
0.6873779296875,0.0,1.0,0.0,-13.456309823871802,1.0,1.0,-13.456309823871802,1.0
0.6876220703125,0.0,1.0,0.0,-13.483225309247722,1.0,1.0,-13.483225309247722,1.0
0.6878662109375,0.0,1.0,0.0,-13.510161822346591,1.0,1.0,-13.510161822346591,1.0
0.6881103515625,0.0,1.0,0.0,-13.53711936316841,1.0,1.0,-13.53711936316841,1.0
0.6883544921875,0.0,1.0,0.0,-13.56409793171318,1.0,1.0,-13.56409793171318,1.0
0.6885986328125,0.0,1.0,0.0,-13.5910975279809,1.0,1.0,-13.5910975279809,1.0
0.6888427734375,0.0,1.0,0.0,-13.618118151971569,1.0,1.0,-13.618118151971569,1.0
0.6890869140625,0.0,1.0,0.0,-13.645159803685187,1.0,1.0,-13.645159803685187,1.0
0.6893310546875,0.0,1.0,0.0,-13.672222483121757,1.0,1.0,-13.672222483121757,1.0
0.6895751953125,0.0,1.0,0.0,-13.699306190281275,1.0,1.0,-13.699306190281275,1.0
0.6898193359375,0.0,1.0,0.0,-13.726410925163744,1.0,1.0,-13.726410925163744,1.0
0.6900634765625,0.0,1.0,0.0,-13.753536687769165,1.0,1.0,-13.753536687769165,1.0
0.6903076171875,0.0,1.0,0.0,-13.780683478097533,1.0,1.0,-13.780683478097533,1.0
0.6905517578125,0.0,1.0,0.0,-13.807851296148852,1.0,1.0,-13.807851296148852,1.0
0.6907958984375,0.0,1.0,0.0,-13.83504014192312,1.0,1.0,-13.83504014192312,1.0
0.6910400390625,0.0,1.0,0.0,-13.86225001542034,1.0,1.0,-13.86225001542034,1.0
0.6912841796875,0.0,1.0,0.0,-13.889480916640508,1.0,1.0,-13.889480916640508,1.0
0.6915283203125,0.0,1.0,0.0,-13.916732845583626,1.0,1.0,-13.916732845583626,1.0
0.6917724609375,0.0,1.0,0.0,-13.944005802249695,1.0,1.0,-13.944005802249695,1.0
0.6920166015625,0.0,1.0,0.0,-13.971299786638713,1.0,1.0,-13.971299786638713,1.0
0.6922607421875,0.0,1.0,0.0,-13.998614798750681,1.0,1.0,-13.998614798750681,1.0
0.6925048828125,0.0,1.0,0.0,-14.0259508385856,1.0,1.0,-14.0259508385856,1.0
0.6927490234375,0.0,1.0,0.0,-14.053307906143468,1.0,1.0,-14.053307906143468,1.0
0.6929931640625,0.0,1.0,0.0,-14.080686001424287,1.0,1.0,-14.080686001424287,1.0
0.6932373046875,0.0,1.0,0.0,-14.108085124428055,1.0,1.0,-14.108085124428055,1.0
0.6934814453125,0.0,1.0,0.0,-14.135505275154774,1.0,1.0,-14.135505275154774,1.0
0.6937255859375,0.0,1.0,0.0,-14.162946453604441,1.0,1.0,-14.162946453604441,1.0
0.6939697265625,0.0,1.0,0.0,-14.19040865977706,1.0,1.0,-14.19040865977706,1.0
0.6942138671875,0.0,1.0,0.0,-14.217891893672627,1.0,1.0,-14.217891893672627,1.0
0.6944580078125,0.0,1.0,0.0,-14.245396155291145,1.0,1.0,-14.245396155291145,1.0
0.6947021484375,0.0,1.0,0.0,-14.272921444632614,1.0,1.0,-14.272921444632614,1.0
0.6949462890625,0.0,1.0,0.0,-14.30046776169703,1.0,1.0,-14.30046776169703,1.0
0.6951904296875,0.0,1.0,0.0,-14.328035106484398,1.0,1.0,-14.328035106484398,1.0
0.6954345703125,0.0,1.0,0.0,-14.355623478994715,1.0,1.0,-14.355623478994715,1.0
0.6956787109375,0.0,1.0,0.0,-14.383232879227984,1.0,1.0,-14.383232879227984,1.0
0.6959228515625,0.0,1.0,0.0,-14.4108633071842,1.0,1.0,-14.4108633071842,1.0
0.6961669921875,0.0,1.0,0.0,-14.438514762863369,1.0,1.0,-14.438514762863369,1.0
0.6964111328125,0.0,1.0,0.0,-14.466187246265486,1.0,1.0,-14.466187246265486,1.0
0.6966552734375,0.0,1.0,0.0,-14.493880757390553,1.0,1.0,-14.493880757390553,1.0
0.6968994140625,0.0,1.0,0.0,-14.521595296238571,1.0,1.0,-14.521595296238571,1.0
0.6971435546875,0.0,1.0,0.0,-14.549330862809537,1.0,1.0,-14.549330862809537,1.0
0.6973876953125,0.0,1.0,0.0,-14.577087457103454,1.0,1.0,-14.577087457103454,1.0
0.6976318359375,0.0,1.0,0.0,-14.604865079120321,1.0,1.0,-14.604865079120321,1.0
0.6978759765625,0.0,1.0,0.0,-14.63266372886014,1.0,1.0,-14.63266372886014,1.0
0.6981201171875,0.0,1.0,0.0,-14.660483406322905,1.0,1.0,-14.660483406322905,1.0
0.6983642578125,0.0,1.0,0.0,-14.688324111508622,1.0,1.0,-14.688324111508622,1.0
0.6986083984375,0.0,1.0,0.0,-14.71618584441729,1.0,1.0,-14.71618584441729,1.0
0.6988525390625,0.0,1.0,0.0,-14.744068605048906,1.0,1.0,-14.744068605048906,1.0
0.6990966796875,0.0,1.0,0.0,-14.771972393403473,1.0,1.0,-14.771972393403473,1.0
0.6993408203125,0.0,1.0,0.0,-14.799897209480989,1.0,1.0,-14.799897209480989,1.0
0.6995849609375,0.0,1.0,0.0,-14.827843053281455,1.0,1.0,-14.827843053281455,1.0
0.6998291015625,0.0,1.0,0.0,-14.855809924804873,1.0,1.0,-14.855809924804873,1.0
0.7000732421875,0.0,1.0,0.0,-14.88379782405124,1.0,1.0,-14.88379782405124,1.0
0.7003173828125,0.0,1.0,0.0,-14.911806751020555,1.0,1.0,-14.911806751020555,1.0
0.7005615234375,0.0,1.0,0.0,-14.939836705712821,1.0,1.0,-14.939836705712821,1.0
0.7008056640625,0.0,1.0,0.0,-14.967887688128037,1.0,1.0,-14.967887688128037,1.0
0.7010498046875,0.0,1.0,0.0,-14.995959698266205,1.0,1.0,-14.995959698266205,1.0
0.7012939453125,0.0,1.0,0.0,-15.02405273612732,1.0,1.0,-15.02405273612732,1.0
0.7015380859375,0.0,1.0,0.0,-15.052166801711387,1.0,1.0,-15.052166801711387,1.0
0.7017822265625,0.0,1.0,0.0,-15.080301895018401,1.0,1.0,-15.080301895018401,1.0
0.7020263671875,0.0,1.0,0.0,-15.108458016048367,1.0,1.0,-15.108458016048367,1.0
0.7022705078125,0.0,1.0,0.0,-15.136635164801284,1.0,1.0,-15.136635164801284,1.0
0.7025146484375,0.0,1.0,0.0,-15.164833341277149,1.0,1.0,-15.164833341277149,1.0
0.7027587890625,0.0,1.0,0.0,-15.193052545475965,1.0,1.0,-15.193052545475965,1.0
0.7030029296875,0.0,1.0,0.0,-15.221292777397732,1.0,1.0,-15.221292777397732,1.0
0.7032470703125,0.0,1.0,0.0,-15.249554037042447,1.0,1.0,-15.249554037042447,1.0
0.7034912109375,0.0,1.0,0.0,-15.277836324410114,1.0,1.0,-15.277836324410114,1.0
0.7037353515625,0.0,1.0,0.0,-15.306139639500728,1.0,1.0,-15.306139639500728,1.0
0.7039794921875,0.0,1.0,0.0,-15.334463982314293,1.0,1.0,-15.334463982314293,1.0
0.7042236328125,0.0,1.0,0.0,-15.36280935285081,1.0,1.0,-15.36280935285081,1.0
0.7044677734375,0.0,1.0,0.0,-15.391175751110275,1.0,1.0,-15.391175751110275,1.0
0.7047119140625,0.0,1.0,0.0,-15.41956317709269,1.0,1.0,-15.41956317709269,1.0
0.7049560546875,0.0,1.0,0.0,-15.447971630798055,1.0,1.0,-15.447971630798055,1.0
0.7052001953125,0.0,1.0,0.0,-15.47640111222637,1.0,1.0,-15.47640111222637,1.0
0.7054443359375,0.0,1.0,0.0,-15.504851621377636,1.0,1.0,-15.504851621377636,1.0
0.7056884765625,0.0,1.0,0.0,-15.53332315825185,1.0,1.0,-15.53332315825185,1.0
0.7059326171875,0.0,1.0,0.0,-15.561815722849015,1.0,1.0,-15.561815722849015,1.0
0.7061767578125,0.0,1.0,0.0,-15.590329315169129,1.0,1.0,-15.590329315169129,1.0
0.7064208984375,0.0,1.0,0.0,-15.618863935212193,1.0,1.0,-15.618863935212193,1.0
0.7066650390625,0.0,1.0,0.0,-15.647419582978209,1.0,1.0,-15.647419582978209,1.0
0.7069091796875,0.0,1.0,0.0,-15.675996258467173,1.0,1.0,-15.675996258467173,1.0
0.7071533203125,0.0,1.0,0.0,-15.704593961679087,1.0,1.0,-15.704593961679087,1.0
0.7073974609375,0.0,1.0,0.0,-15.733212692613954,1.0,1.0,-15.733212692613954,1.0
0.7076416015625,0.0,1.0,0.0,-15.761852451271768,1.0,1.0,-15.761852451271768,1.0
0.7078857421875,0.0,1.0,0.0,-15.790513237652533,1.0,1.0,-15.790513237652533,1.0
0.7081298828125,0.0,1.0,0.0,-15.819195051756246,1.0,1.0,-15.819195051756246,1.0
0.7083740234375,0.0,1.0,0.0,-15.84789789358291,1.0,1.0,-15.84789789358291,1.0
0.7086181640625,0.0,1.0,0.0,-15.876621763132523,1.0,1.0,-15.876621763132523,1.0
0.7088623046875,0.0,1.0,0.0,-15.90536666040509,1.0,1.0,-15.90536666040509,1.0
0.7091064453125,0.0,1.0,0.0,-15.9341325854006,1.0,1.0,-15.9341325854006,1.0
0.7093505859375,0.0,1.0,0.0,-15.962919538119067,1.0,1.0,-15.962919538119067,1.0
0.7095947265625,0.0,1.0,0.0,-15.99172751856048,1.0,1.0,-15.99172751856048,1.0
0.7098388671875,0.0,1.0,0.0,-16.020556526724846,1.0,1.0,-16.020556526724846,1.0
0.7100830078125,0.0,1.0,0.0,-16.04940656261216,1.0,1.0,-16.04940656261216,1.0
0.7103271484375,0.0,1.0,0.0,-16.078277626222423,1.0,1.0,-16.078277626222423,1.0
0.7105712890625,0.0,1.0,0.0,-16.107169717555635,1.0,1.0,-16.107169717555635,1.0
0.7108154296875,0.0,1.0,0.0,-16.1360828366118,1.0,1.0,-16.1360828366118,1.0
0.7110595703125,0.0,1.0,0.0,-16.165016983390913,1.0,1.0,-16.165016983390913,1.0
0.7113037109375,0.0,1.0,0.0,-16.193972157892976,1.0,1.0,-16.193972157892976,1.0
0.7115478515625,0.0,1.0,0.0,-16.22294836011799,1.0,1.0,-16.22294836011799,1.0
0.7117919921875,0.0,1.0,0.0,-16.251945590065954,1.0,1.0,-16.251945590065954,1.0
0.7120361328125,0.0,1.0,0.0,-16.280963847736867,1.0,1.0,-16.280963847736867,1.0
0.7122802734375,0.0,1.0,0.0,-16.31000313313073,1.0,1.0,-16.31000313313073,1.0
0.7125244140625,0.0,1.0,0.0,-16.339063446247543,1.0,1.0,-16.339063446247543,1.0
0.7127685546875,0.0,1.0,0.0,-16.368144787087306,1.0,1.0,-16.368144787087306,1.0
0.7130126953125,0.0,1.0,0.0,-16.39724715565002,1.0,1.0,-16.39724715565002,1.0
0.7132568359375,0.0,1.0,0.0,-16.426370551935683,1.0,1.0,-16.426370551935683,1.0
0.7135009765625,0.0,1.0,0.0,-16.455514975944297,1.0,1.0,-16.455514975944297,1.0
0.7137451171875,0.0,1.0,0.0,-16.48468042767586,1.0,1.0,-16.48468042767586,1.0
0.7139892578125,0.0,1.0,0.0,-16.51386690713037,1.0,1.0,-16.51386690713037,1.0
0.7142333984375,0.0,1.0,0.0,-16.543074414307835,1.0,1.0,-16.543074414307835,1.0
0.7144775390625,0.0,1.0,0.0,-16.572302949208247,1.0,1.0,-16.572302949208247,1.0
0.7147216796875,0.0,1.0,0.0,-16.60155251183161,1.0,1.0,-16.60155251183161,1.0
0.7149658203125,0.0,1.0,0.0,-16.63082310217792,1.0,1.0,-16.63082310217792,1.0
0.7152099609375,0.0,1.0,0.0,-16.660114720247186,1.0,1.0,-16.660114720247186,1.0
0.7154541015625,0.0,1.0,0.0,-16.689427366039396,1.0,1.0,-16.689427366039396,1.0
0.7156982421875,0.0,1.0,0.0,-16.71876103955456,1.0,1.0,-16.71876103955456,1.0
0.7159423828125,0.0,1.0,0.0,-16.748115740792674,1.0,1.0,-16.748115740792674,1.0
0.7161865234375,0.0,1.0,0.0,-16.777491469753734,1.0,1.0,-16.777491469753734,1.0
0.7164306640625,0.0,1.0,0.0,-16.806888226437746,1.0,1.0,-16.806888226437746,1.0
0.7166748046875,0.0,1.0,0.0,-16.83630601084471,1.0,1.0,-16.83630601084471,1.0
0.7169189453125,0.0,1.0,0.0,-16.86574482297462,1.0,1.0,-16.86574482297462,1.0
0.7171630859375,0.0,1.0,0.0,-16.89520466282748,1.0,1.0,-16.89520466282748,1.0
0.7174072265625,0.0,1.0,0.0,-16.924685530403295,1.0,1.0,-16.924685530403295,1.0
0.7176513671875,0.0,1.0,0.0,-16.954187425702056,1.0,1.0,-16.954187425702056,1.0
0.7178955078125,0.0,1.0,0.0,-16.98371034872377,1.0,1.0,-16.98371034872377,1.0
0.7181396484375,0.0,1.0,0.0,-17.01325429946843,1.0,1.0,-17.01325429946843,1.0
0.7183837890625,0.0,1.0,0.0,-17.042819277936044,1.0,1.0,-17.042819277936044,1.0
0.7186279296875,0.0,1.0,0.0,-17.072405284126603,1.0,1.0,-17.072405284126603,1.0
0.7188720703125,0.0,1.0,0.0,-17.102012318040114,1.0,1.0,-17.102012318040114,1.0
0.7191162109375,0.0,1.0,0.0,-17.131640379676575,1.0,1.0,-17.131640379676575,1.0
0.7193603515625,0.0,1.0,0.0,-17.16128946903599,1.0,1.0,-17.16128946903599,1.0
0.7196044921875,0.0,1.0,0.0,-17.19095958611835,1.0,1.0,-17.19095958611835,1.0
0.7198486328125,0.0,1.0,0.0,-17.220650730923662,1.0,1.0,-17.220650730923662,1.0
0.7200927734375,0.0,1.0,0.0,-17.250362903451922,1.0,1.0,-17.250362903451922,1.0
0.7203369140625,0.0,1.0,0.0,-17.280096103703134,1.0,1.0,-17.280096103703134,1.0
0.7205810546875,0.0,1.0,0.0,-17.309850331677296,1.0,1.0,-17.309850331677296,1.0
0.7208251953125,0.0,1.0,0.0,-17.339625587374407,1.0,1.0,-17.339625587374407,1.0
0.7210693359375,0.0,1.0,0.0,-17.369421870794465,1.0,1.0,-17.369421870794465,1.0
0.7213134765625,0.0,1.0,0.0,-17.399239181937478,1.0,1.0,-17.399239181937478,1.0
0.7215576171875,0.0,1.0,0.0,-17.42907752080344,1.0,1.0,-17.42907752080344,1.0
0.7218017578125,0.0,1.0,0.0,-17.45893688739235,1.0,1.0,-17.45893688739235,1.0
0.7220458984375,0.0,1.0,0.0,-17.48881728170421,1.0,1.0,-17.48881728170421,1.0
0.7222900390625,0.0,1.0,0.0,-17.518718703739022,1.0,1.0,-17.518718703739022,1.0
0.7225341796875,0.0,1.0,0.0,-17.54864115349678,1.0,1.0,-17.54864115349678,1.0
0.7227783203125,0.0,1.0,0.0,-17.578584630977492,1.0,1.0,-17.578584630977492,1.0
0.7230224609375,0.0,1.0,0.0,-17.608549136181153,1.0,1.0,-17.608549136181153,1.0
0.7232666015625,0.0,1.0,0.0,-17.638534669107763,1.0,1.0,-17.638534669107763,1.0
0.7235107421875,0.0,1.0,0.0,-17.668541229757324,1.0,1.0,-17.668541229757324,1.0
0.7237548828125,0.0,1.0,0.0,-17.698568818129832,1.0,1.0,-17.698568818129832,1.0
0.7239990234375,0.0,1.0,0.0,-17.728617434225296,1.0,1.0,-17.728617434225296,1.0
0.7242431640625,0.0,1.0,0.0,-17.758687078043703,1.0,1.0,-17.758687078043703,1.0
0.7244873046875,0.0,1.0,0.0,-17.788777749585066,1.0,1.0,-17.788777749585066,1.0
0.7247314453125,0.0,1.0,0.0,-17.818889448849376,1.0,1.0,-17.818889448849376,1.0
0.7249755859375,0.0,1.0,0.0,-17.849022175836634,1.0,1.0,-17.849022175836634,1.0
0.7252197265625,0.0,1.0,0.0,-17.879175930546843,1.0,1.0,-17.879175930546843,1.0
0.7254638671875,0.0,1.0,0.0,-17.909350712980004,1.0,1.0,-17.909350712980004,1.0
0.7257080078125,0.0,1.0,0.0,-17.939546523136116,1.0,1.0,-17.939546523136116,1.0
0.7259521484375,0.0,1.0,0.0,-17.969763361015175,1.0,1.0,-17.969763361015175,1.0
0.7261962890625,0.0,1.0,0.0,-18.000001226617183,1.0,1.0,-18.000001226617183,1.0
0.7264404296875,0.0,1.0,0.0,-18.03026011994214,1.0,1.0,-18.03026011994214,1.0
0.7266845703125,0.0,1.0,0.0,-18.060540040990052,1.0,1.0,-18.060540040990052,1.0
0.7269287109375,0.0,1.0,0.0,-18.090840989760913,1.0,1.0,-18.090840989760913,1.0
0.7271728515625,0.0,1.0,0.0,-18.121162966254722,1.0,1.0,-18.121162966254722,1.0
0.7274169921875,0.0,1.0,0.0,-18.151505970471483,1.0,1.0,-18.151505970471483,1.0
0.7276611328125,0.0,1.0,0.0,-18.18187000241119,1.0,1.0,-18.18187000241119,1.0
0.7279052734375,0.0,1.0,0.0,-18.21225506207385,1.0,1.0,-18.21225506207385,1.0
0.7281494140625,0.0,1.0,0.0,-18.242661149459458,1.0,1.0,-18.242661149459458,1.0
0.7283935546875,0.0,1.0,0.0,-18.273088264568017,1.0,1.0,-18.273088264568017,1.0
0.7286376953125,0.0,1.0,0.0,-18.303536407399527,1.0,1.0,-18.303536407399527,1.0
0.7288818359375,0.0,1.0,0.0,-18.334005577953988,1.0,1.0,-18.334005577953988,1.0
0.7291259765625,0.0,1.0,0.0,-18.364495776231397,1.0,1.0,-18.364495776231397,1.0
0.7293701171875,0.0,1.0,0.0,-18.395007002231754,1.0,1.0,-18.395007002231754,1.0
0.7296142578125,0.0,1.0,0.0,-18.425539255955062,1.0,1.0,-18.425539255955062,1.0
0.7298583984375,0.0,1.0,0.0,-18.45609253740132,1.0,1.0,-18.45609253740132,1.0
0.7301025390625,0.0,1.0,0.0,-18.48666684657053,1.0,1.0,-18.48666684657053,1.0
0.7303466796875,0.0,1.0,0.0,-18.51726218346269,1.0,1.0,-18.51726218346269,1.0
0.7305908203125,0.0,1.0,0.0,-18.547878548077797,1.0,1.0,-18.547878548077797,1.0
0.7308349609375,0.0,1.0,0.0,-18.578515940415855,1.0,1.0,-18.578515940415855,1.0
0.7310791015625,0.0,1.0,0.0,-18.609174360476864,1.0,1.0,-18.609174360476864,1.0
0.7313232421875,0.0,1.0,0.0,-18.639853808260824,1.0,1.0,-18.639853808260824,1.0
0.7315673828125,0.0,1.0,0.0,-18.670554283767732,1.0,1.0,-18.670554283767732,1.0
0.7318115234375,0.0,1.0,0.0,-18.70127578699759,1.0,1.0,-18.70127578699759,1.0
0.7320556640625,0.0,1.0,0.0,-18.7320183179504,1.0,1.0,-18.7320183179504,1.0
0.7322998046875,0.0,1.0,0.0,-18.762781876626157,1.0,1.0,-18.762781876626157,1.0
0.7325439453125,0.0,1.0,0.0,-18.793566463024863,1.0,1.0,-18.793566463024863,1.0
0.7327880859375,0.0,1.0,0.0,-18.82437207714652,1.0,1.0,-18.82437207714652,1.0
0.7330322265625,0.0,1.0,0.0,-18.85519871899113,1.0,1.0,-18.85519871899113,1.0
0.7332763671875,0.0,1.0,0.0,-18.88604638855869,1.0,1.0,-18.88604638855869,1.0
0.7335205078125,0.0,1.0,0.0,-18.916915085849197,1.0,1.0,-18.916915085849197,1.0
0.7337646484375,0.0,1.0,0.0,-18.947804810862653,1.0,1.0,-18.947804810862653,1.0
0.7340087890625,0.0,1.0,0.0,-18.97871556359906,1.0,1.0,-18.97871556359906,1.0
0.7342529296875,0.0,1.0,0.0,-19.00964734405842,1.0,1.0,-19.00964734405842,1.0
0.7344970703125,0.0,1.0,0.0,-19.040600152240728,1.0,1.0,-19.040600152240728,1.0
0.7347412109375,0.0,1.0,0.0,-19.071573988145985,1.0,1.0,-19.071573988145985,1.0
0.7349853515625,0.0,1.0,0.0,-19.10256885177419,1.0,1.0,-19.10256885177419,1.0
0.7352294921875,0.0,1.0,0.0,-19.13358474312535,1.0,1.0,-19.13358474312535,1.0
0.7354736328125,0.0,1.0,0.0,-19.164621662199455,1.0,1.0,-19.164621662199455,1.0
0.7357177734375,0.0,1.0,0.0,-19.195679608996514,1.0,1.0,-19.195679608996514,1.0
0.7359619140625,0.0,1.0,0.0,-19.22675858351652,1.0,1.0,-19.22675858351652,1.0
0.7362060546875,0.0,1.0,0.0,-19.25785858575948,1.0,1.0,-19.25785858575948,1.0
0.7364501953125,0.0,1.0,0.0,-19.288979615725385,1.0,1.0,-19.288979615725385,1.0
0.7366943359375,0.0,1.0,0.0,-19.320121673414242,1.0,1.0,-19.320121673414242,1.0
0.7369384765625,0.0,1.0,0.0,-19.351284758826047,1.0,1.0,-19.351284758826047,1.0
0.7371826171875,0.0,1.0,0.0,-19.382468871960807,1.0,1.0,-19.382468871960807,1.0
0.7374267578125,0.0,1.0,0.0,-19.41367401281851,1.0,1.0,-19.41367401281851,1.0
0.7376708984375,0.0,1.0,0.0,-19.44490018139917,1.0,1.0,-19.44490018139917,1.0
0.7379150390625,0.0,1.0,0.0,-19.476147377702777,1.0,1.0,-19.476147377702777,1.0
0.7381591796875,0.0,1.0,0.0,-19.50741560172933,1.0,1.0,-19.50741560172933,1.0
0.7384033203125,0.0,1.0,0.0,-19.53870485347884,1.0,1.0,-19.53870485347884,1.0
0.7386474609375,0.0,1.0,0.0,-19.570015132951294,1.0,1.0,-19.570015132951294,1.0
0.7388916015625,0.0,1.0,0.0,-19.601346440146703,1.0,1.0,-19.601346440146703,1.0
0.7391357421875,0.0,1.0,0.0,-19.63269877506506,1.0,1.0,-19.63269877506506,1.0
0.7393798828125,0.0,1.0,0.0,-19.664072137706366,1.0,1.0,-19.664072137706366,1.0
0.7396240234375,0.0,1.0,0.0,-19.69546652807062,1.0,1.0,-19.69546652807062,1.0
0.7398681640625,0.0,1.0,0.0,-19.726881946157828,1.0,1.0,-19.726881946157828,1.0
0.7401123046875,0.0,1.0,0.0,-19.758318391967983,1.0,1.0,-19.758318391967983,1.0
0.7403564453125,0.0,1.0,0.0,-19.78977586550109,1.0,1.0,-19.78977586550109,1.0
0.7406005859375,0.0,1.0,0.0,-19.821254366757145,1.0,1.0,-19.821254366757145,1.0
0.7408447265625,0.0,1.0,0.0,-19.85275389573615,1.0,1.0,-19.85275389573615,1.0
0.7410888671875,0.0,1.0,0.0,-19.884274452438106,1.0,1.0,-19.884274452438106,1.0
0.7413330078125,0.0,1.0,0.0,-19.915816036863013,1.0,1.0,-19.915816036863013,1.0
0.7415771484375,0.0,1.0,0.0,-19.94737864901087,1.0,1.0,-19.94737864901087,1.0
0.7418212890625,0.0,1.0,0.0,-19.978962288881675,1.0,1.0,-19.978962288881675,1.0
0.7420654296875,0.0,1.0,0.0,-20.01056695647543,1.0,1.0,-20.01056695647543,1.0
0.7423095703125,0.0,1.0,0.0,-20.042192651792135,1.0,1.0,-20.042192651792135,1.0
0.7425537109375,0.0,1.0,0.0,-20.073839374831792,1.0,1.0,-20.073839374831792,1.0
0.7427978515625,0.0,1.0,0.0,-20.105507125594396,1.0,1.0,-20.105507125594396,1.0
0.7430419921875,0.0,1.0,0.0,-20.137195904079952,1.0,1.0,-20.137195904079952,1.0
0.7432861328125,0.0,1.0,0.0,-20.168905710288456,1.0,1.0,-20.168905710288456,1.0
0.7435302734375,0.0,1.0,0.0,-20.20063654421991,1.0,1.0,-20.20063654421991,1.0
0.7437744140625,0.0,1.0,0.0,-20.232388405874318,1.0,1.0,-20.232388405874318,1.0
0.7440185546875,0.0,1.0,0.0,-20.26416129525167,1.0,1.0,-20.26416129525167,1.0
0.7442626953125,0.0,1.0,0.0,-20.295955212351977,1.0,1.0,-20.295955212351977,1.0
0.7445068359375,0.0,1.0,0.0,-20.327770157175234,1.0,1.0,-20.327770157175234,1.0
0.7447509765625,0.0,1.0,0.0,-20.35960612972144,1.0,1.0,-20.35960612972144,1.0
0.7449951171875,0.0,1.0,0.0,-20.391463129990594,1.0,1.0,-20.391463129990594,1.0
0.7452392578125,0.0,1.0,0.0,-20.423341157982698,1.0,1.0,-20.423341157982698,1.0
0.7454833984375,0.0,1.0,0.0,-20.455240213697753,1.0,1.0,-20.455240213697753,1.0
0.7457275390625,0.0,1.0,0.0,-20.487160297135755,1.0,1.0,-20.487160297135755,1.0
0.7459716796875,0.0,1.0,0.0,-20.519101408296713,1.0,1.0,-20.519101408296713,1.0
0.7462158203125,0.0,1.0,0.0,-20.551063547180615,1.0,1.0,-20.551063547180615,1.0
0.7464599609375,0.0,1.0,0.0,-20.58304671378747,1.0,1.0,-20.58304671378747,1.0
0.7467041015625,0.0,1.0,0.0,-20.615050908117276,1.0,1.0,-20.615050908117276,1.0
0.7469482421875,0.0,1.0,0.0,-20.647076130170028,1.0,1.0,-20.647076130170028,1.0
0.7471923828125,0.0,1.0,0.0,-20.679122379945735,1.0,1.0,-20.679122379945735,1.0
0.7474365234375,0.0,1.0,0.0,-20.71118965744439,1.0,1.0,-20.71118965744439,1.0
0.7476806640625,0.0,1.0,0.0,-20.743277962665992,1.0,1.0,-20.743277962665992,1.0
0.7479248046875,0.0,1.0,0.0,-20.775387295610546,1.0,1.0,-20.775387295610546,1.0
0.7481689453125,0.0,1.0,0.0,-20.80751765627805,1.0,1.0,-20.80751765627805,1.0
0.7484130859375,0.0,1.0,0.0,-20.839669044668504,1.0,1.0,-20.839669044668504,1.0
0.7486572265625,0.0,1.0,0.0,-20.87184146078191,1.0,1.0,-20.87184146078191,1.0
0.7489013671875,0.0,1.0,0.0,-20.90403490461826,1.0,1.0,-20.90403490461826,1.0
0.7491455078125,0.0,1.0,0.0,-20.936249376177567,1.0,1.0,-20.936249376177567,1.0
0.7493896484375,0.0,1.0,0.0,-20.96848487545982,1.0,1.0,-20.96848487545982,1.0
0.7496337890625,0.0,1.0,0.0,-21.000741402465025,1.0,1.0,-21.000741402465025,1.0
0.7498779296875,0.0,1.0,0.0,-21.03301895719318,1.0,1.0,-21.03301895719318,1.0
0.7501220703125,0.0,1.0,0.0,-21.06531753964428,1.0,1.0,-21.06531753964428,1.0
0.7503662109375,0.0,1.0,0.0,-21.097637149818333,1.0,1.0,-21.097637149818333,1.0
0.7506103515625,0.0,1.0,0.0,-21.129977787715337,1.0,1.0,-21.129977787715337,1.0
0.7508544921875,0.0,1.0,0.0,-21.162339453335292,1.0,1.0,-21.162339453335292,1.0
0.7510986328125,0.0,1.0,0.0,-21.194722146678195,1.0,1.0,-21.194722146678195,1.0
0.7513427734375,0.0,1.0,0.0,-21.227125867744046,1.0,1.0,-21.227125867744046,1.0
0.7515869140625,0.0,1.0,0.0,-21.259550616532852,1.0,1.0,-21.259550616532852,1.0
0.7518310546875,0.0,1.0,0.0,-21.291996393044602,1.0,1.0,-21.291996393044602,1.0
0.7520751953125,0.0,1.0,0.0,-21.324463197279307,1.0,1.0,-21.324463197279307,1.0
0.7523193359375,0.0,1.0,0.0,-21.35695102923696,1.0,1.0,-21.35695102923696,1.0
0.7525634765625,0.0,1.0,0.0,-21.389459888917564,1.0,1.0,-21.389459888917564,1.0
0.7528076171875,0.0,1.0,0.0,-21.421989776321116,1.0,1.0,-21.421989776321116,1.0
0.7530517578125,0.0,1.0,0.0,-21.45454069144762,1.0,1.0,-21.45454069144762,1.0
0.7532958984375,0.0,1.0,0.0,-21.48711263429707,1.0,1.0,-21.48711263429707,1.0
0.7535400390625,0.0,1.0,0.0,-21.519705604869475,1.0,1.0,-21.519705604869475,1.0
0.7537841796875,0.0,1.0,0.0,-21.552319603164825,1.0,1.0,-21.552319603164825,1.0
0.7540283203125,0.0,1.0,0.0,-21.58495462918313,1.0,1.0,-21.58495462918313,1.0
0.7542724609375,0.0,1.0,0.0,-21.617610682924383,1.0,1.0,-21.617610682924383,1.0
0.7545166015625,0.0,1.0,0.0,-21.650287764388583,1.0,1.0,-21.650287764388583,1.0
0.7547607421875,0.0,1.0,0.0,-21.682985873575735,1.0,1.0,-21.682985873575735,1.0
0.7550048828125,0.0,1.0,0.0,-21.715705010485838,1.0,1.0,-21.715705010485838,1.0
0.7552490234375,0.0,1.0,0.0,-21.748445175118892,1.0,1.0,-21.748445175118892,1.0
0.7554931640625,0.0,1.0,0.0,-21.781206367474894,1.0,1.0,-21.781206367474894,1.0
0.7557373046875,0.0,1.0,0.0,-21.813988587553844,1.0,1.0,-21.813988587553844,1.0
0.7559814453125,0.0,1.0,0.0,-21.84679183535575,1.0,1.0,-21.84679183535575,1.0
0.7562255859375,0.0,1.0,0.0,-21.879616110880598,1.0,1.0,-21.879616110880598,1.0
0.7564697265625,0.0,1.0,0.0,-21.9124614141284,1.0,1.0,-21.9124614141284,1.0
0.7567138671875,0.0,1.0,0.0,-21.945327745099153,1.0,1.0,-21.945327745099153,1.0
0.7569580078125,0.0,1.0,0.0,-21.978215103792856,1.0,1.0,-21.978215103792856,1.0
0.7572021484375,0.0,1.0,0.0,-22.011123490209506,1.0,1.0,-22.011123490209506,1.0
0.7574462890625,0.0,1.0,0.0,-22.04405290434911,1.0,1.0,-22.04405290434911,1.0
0.7576904296875,0.0,1.0,0.0,-22.077003346211658,1.0,1.0,-22.077003346211658,1.0
0.7579345703125,0.0,1.0,0.0,-22.109974815797163,1.0,1.0,-22.109974815797163,1.0
0.7581787109375,0.0,1.0,0.0,-22.14296731310561,1.0,1.0,-22.14296731310561,1.0
0.7584228515625,0.0,1.0,0.0,-22.175980838137015,1.0,1.0,-22.175980838137015,1.0
0.7586669921875,0.0,1.0,0.0,-22.209015390891366,1.0,1.0,-22.209015390891366,1.0
0.7589111328125,0.0,1.0,0.0,-22.242070971368666,1.0,1.0,-22.242070971368666,1.0
0.7591552734375,0.0,1.0,0.0,-22.27514757956892,1.0,1.0,-22.27514757956892,1.0
0.7593994140625,0.0,1.0,0.0,-22.308245215492118,1.0,1.0,-22.308245215492118,1.0
0.7596435546875,0.0,1.0,0.0,-22.34136387913827,1.0,1.0,-22.34136387913827,1.0
0.7598876953125,0.0,1.0,0.0,-22.374503570507372,1.0,1.0,-22.374503570507372,1.0
0.7601318359375,0.0,1.0,0.0,-22.407664289599424,1.0,1.0,-22.407664289599424,1.0
0.7603759765625,0.0,1.0,0.0,-22.440846036414424,1.0,1.0,-22.440846036414424,1.0
0.7606201171875,0.0,1.0,0.0,-22.474048810952375,1.0,1.0,-22.474048810952375,1.0
0.7608642578125,0.0,1.0,0.0,-22.507272613213274,1.0,1.0,-22.507272613213274,1.0
0.7611083984375,0.0,1.0,0.0,-22.540517443197125,1.0,1.0,-22.540517443197125,1.0
0.7613525390625,0.0,1.0,0.0,-22.573783300903926,1.0,1.0,-22.573783300903926,1.0
0.7615966796875,0.0,1.0,0.0,-22.607070186333676,1.0,1.0,-22.607070186333676,1.0
0.7618408203125,0.0,1.0,0.0,-22.640378099486377,1.0,1.0,-22.640378099486377,1.0
0.7620849609375,0.0,1.0,0.0,-22.67370704036203,1.0,1.0,-22.67370704036203,1.0
0.7623291015625,0.0,1.0,0.0,-22.70705700896063,1.0,1.0,-22.70705700896063,1.0
0.7625732421875,0.0,1.0,0.0,-22.74042800528218,1.0,1.0,-22.74042800528218,1.0
0.7628173828125,0.0,1.0,0.0,-22.77382002932668,1.0,1.0,-22.77382002932668,1.0
0.7630615234375,0.0,1.0,0.0,-22.80723308109413,1.0,1.0,-22.80723308109413,1.0
0.7633056640625,0.0,1.0,0.0,-22.84066716058453,1.0,1.0,-22.84066716058453,1.0
0.7635498046875,0.0,1.0,0.0,-22.87412226779788,1.0,1.0,-22.87412226779788,1.0
0.7637939453125,0.0,1.0,0.0,-22.90759840273418,1.0,1.0,-22.90759840273418,1.0
0.7640380859375,0.0,1.0,0.0,-22.94109556539343,1.0,1.0,-22.94109556539343,1.0
0.7642822265625,0.0,1.0,0.0,-22.97461375577563,1.0,1.0,-22.97461375577563,1.0
0.7645263671875,0.0,1.0,0.0,-23.00815297388078,1.0,1.0,-23.00815297388078,1.0
0.7647705078125,0.0,1.0,0.0,-23.04171321970888,1.0,1.0,-23.04171321970888,1.0
0.7650146484375,0.0,1.0,0.0,-23.07529449325993,1.0,1.0,-23.07529449325993,1.0
0.7652587890625,0.0,1.0,0.0,-23.10889679453393,1.0,1.0,-23.10889679453393,1.0
0.7655029296875,0.0,1.0,0.0,-23.14252012353088,1.0,1.0,-23.14252012353088,1.0
0.7657470703125,0.0,1.0,0.0,-23.176164480250776,1.0,1.0,-23.176164480250776,1.0
0.7659912109375,0.0,1.0,0.0,-23.209829864693628,1.0,1.0,-23.209829864693628,1.0
0.7662353515625,0.0,1.0,0.0,-23.243516276859427,1.0,1.0,-23.243516276859427,1.0
0.7664794921875,0.0,1.0,0.0,-23.277223716748175,1.0,1.0,-23.277223716748175,1.0
0.7667236328125,0.0,1.0,0.0,-23.310952184359873,1.0,1.0,-23.310952184359873,1.0
0.7669677734375,0.0,1.0,0.0,-23.344701679694523,1.0,1.0,-23.344701679694523,1.0
0.7672119140625,0.0,1.0,0.0,-23.378472202752125,1.0,1.0,-23.378472202752125,1.0
0.7674560546875,0.0,1.0,0.0,-23.412263753532674,1.0,1.0,-23.412263753532674,1.0
0.7677001953125,0.0,1.0,0.0,-23.44607633203617,1.0,1.0,-23.44607633203617,1.0
0.7679443359375,0.0,1.0,0.0,-23.47990993826262,1.0,1.0,-23.47990993826262,1.0
0.7681884765625,0.0,1.0,0.0,-23.51376457221202,1.0,1.0,-23.51376457221202,1.0
0.7684326171875,0.0,1.0,0.0,-23.54764023388437,1.0,1.0,-23.54764023388437,1.0
0.7686767578125,0.0,1.0,0.0,-23.581536923279668,1.0,1.0,-23.581536923279668,1.0
0.7689208984375,0.0,1.0,0.0,-23.615454640397918,1.0,1.0,-23.615454640397918,1.0
0.7691650390625,0.0,1.0,0.0,-23.649393385239115,1.0,1.0,-23.649393385239115,1.0
0.7694091796875,0.0,1.0,0.0,-23.683353157803264,1.0,1.0,-23.683353157803264,1.0
0.7696533203125,0.0,1.0,0.0,-23.71733395809036,1.0,1.0,-23.71733395809036,1.0
0.7698974609375,0.0,1.0,0.0,-23.75133578610041,1.0,1.0,-23.75133578610041,1.0
0.7701416015625,0.0,1.0,0.0,-23.785358641833408,1.0,1.0,-23.785358641833408,1.0
0.7703857421875,0.0,1.0,0.0,-23.819402525289355,1.0,1.0,-23.819402525289355,1.0
0.7706298828125,0.0,1.0,0.0,-23.853467436468254,1.0,1.0,-23.853467436468254,1.0
0.7708740234375,0.0,1.0,0.0,-23.887553375370103,1.0,1.0,-23.887553375370103,1.0
0.7711181640625,0.0,1.0,0.0,-23.9216603419949,1.0,1.0,-23.9216603419949,1.0
0.7713623046875,0.0,1.0,0.0,-23.95578833634265,1.0,1.0,-23.95578833634265,1.0
0.7716064453125,0.0,1.0,0.0,-23.989937358413346,1.0,1.0,-23.989937358413346,1.0
0.7718505859375,0.0,1.0,0.0,-24.024107408206994,1.0,1.0,-24.024107408206994,1.0
0.7720947265625,0.0,1.0,0.0,-24.058298485723594,1.0,1.0,-24.058298485723594,1.0
0.7723388671875,0.0,1.0,0.0,-24.09251059096314,1.0,1.0,-24.09251059096314,1.0
0.7725830078125,0.0,1.0,0.0,-24.12674372392564,1.0,1.0,-24.12674372392564,1.0
0.7728271484375,0.0,1.0,0.0,-24.16099788461109,1.0,1.0,-24.16099788461109,1.0
0.7730712890625,0.0,1.0,0.0,-24.195273073019486,1.0,1.0,-24.195273073019486,1.0
0.7733154296875,0.0,1.0,0.0,-24.22956928915083,1.0,1.0,-24.22956928915083,1.0
0.7735595703125,0.0,1.0,0.0,-24.26388653300513,1.0,1.0,-24.26388653300513,1.0
0.7738037109375,0.0,1.0,0.0,-24.29822480458238,1.0,1.0,-24.29822480458238,1.0
0.7740478515625,0.0,1.0,0.0,-24.332584103882574,1.0,1.0,-24.332584103882574,1.0
0.7742919921875,0.0,1.0,0.0,-24.36696443090572,1.0,1.0,-24.36696443090572,1.0
0.7745361328125,0.0,1.0,0.0,-24.40136578565182,1.0,1.0,-24.40136578565182,1.0
0.7747802734375,0.0,1.0,0.0,-24.435788168120865,1.0,1.0,-24.435788168120865,1.0
0.7750244140625,0.0,1.0,0.0,-24.470231578312863,1.0,1.0,-24.470231578312863,1.0
0.7752685546875,0.0,1.0,0.0,-24.50469601622781,1.0,1.0,-24.50469601622781,1.0
0.7755126953125,0.0,1.0,0.0,-24.539181481865707,1.0,1.0,-24.539181481865707,1.0
0.7757568359375,0.0,1.0,0.0,-24.573687975226555,1.0,1.0,-24.573687975226555,1.0
0.7760009765625,0.0,1.0,0.0,-24.60821549631035,1.0,1.0,-24.60821549631035,1.0
0.7762451171875,0.0,1.0,0.0,-24.642764045117097,1.0,1.0,-24.642764045117097,1.0
0.7764892578125,0.0,1.0,0.0,-24.677333621646795,1.0,1.0,-24.677333621646795,1.0
0.7767333984375,0.0,1.0,0.0,-24.71192422589944,1.0,1.0,-24.71192422589944,1.0
0.7769775390625,0.0,1.0,0.0,-24.74653585787504,1.0,1.0,-24.74653585787504,1.0
0.7772216796875,0.0,1.0,0.0,-24.781168517573583,1.0,1.0,-24.781168517573583,1.0
0.7774658203125,0.0,1.0,0.0,-24.815822204995083,1.0,1.0,-24.815822204995083,1.0
0.7777099609375,0.0,1.0,0.0,-24.850496920139527,1.0,1.0,-24.850496920139527,1.0
0.7779541015625,0.0,1.0,0.0,-24.885192663006926,1.0,1.0,-24.885192663006926,1.0
0.7781982421875,0.0,1.0,0.0,-24.919909433597272,1.0,1.0,-24.919909433597272,1.0
0.7784423828125,0.0,1.0,0.0,-24.954647231910567,1.0,1.0,-24.954647231910567,1.0
0.7786865234375,0.0,1.0,0.0,-24.989406057946812,1.0,1.0,-24.989406057946812,1.0
0.7789306640625,0.0,1.0,0.0,-25.02418591170601,1.0,1.0,-25.02418591170601,1.0
0.7791748046875,0.0,1.0,0.0,-25.058986793188154,1.0,1.0,-25.058986793188154,1.0
0.7794189453125,0.0,1.0,0.0,-25.09380870239325,1.0,1.0,-25.09380870239325,1.0
0.7796630859375,0.0,1.0,0.0,-25.128651639321298,1.0,1.0,-25.128651639321298,1.0
0.7799072265625,0.0,1.0,0.0,-25.163515603972293,1.0,1.0,-25.163515603972293,1.0
0.7801513671875,0.0,1.0,0.0,-25.19840059634624,1.0,1.0,-25.19840059634624,1.0
0.7803955078125,0.0,1.0,0.0,-25.233306616443134,1.0,1.0,-25.233306616443134,1.0
0.7806396484375,0.0,1.0,0.0,-25.26823366426298,1.0,1.0,-25.26823366426298,1.0
0.7808837890625,0.0,1.0,0.0,-25.303181739805776,1.0,1.0,-25.303181739805776,1.0
0.7811279296875,0.0,1.0,0.0,-25.33815084307152,1.0,1.0,-25.33815084307152,1.0
0.7813720703125,0.0,1.0,0.0,-25.373140974060217,1.0,1.0,-25.373140974060217,1.0
0.7816162109375,0.0,1.0,0.0,-25.408152132771864,1.0,1.0,-25.408152132771864,1.0
0.7818603515625,0.0,1.0,0.0,-25.44318431920646,1.0,1.0,-25.44318431920646,1.0
0.7821044921875,0.0,1.0,0.0,-25.478237533364002,1.0,1.0,-25.478237533364002,1.0
0.7823486328125,0.0,1.0,0.0,-25.5133117752445,1.0,1.0,-25.5133117752445,1.0
0.7825927734375,0.0,1.0,0.0,-25.548407044847945,1.0,1.0,-25.548407044847945,1.0
0.7828369140625,0.0,1.0,0.0,-25.583523342174338,1.0,1.0,-25.583523342174338,1.0
0.7830810546875,0.0,1.0,0.0,-25.618660667223683,1.0,1.0,-25.618660667223683,1.0
0.7833251953125,0.0,1.0,0.0,-25.65381901999598,1.0,1.0,-25.65381901999598,1.0
0.7835693359375,0.0,1.0,0.0,-25.688998400491226,1.0,1.0,-25.688998400491226,1.0
0.7838134765625,0.0,1.0,0.0,-25.72419880870942,1.0,1.0,-25.72419880870942,1.0
0.7840576171875,0.0,1.0,0.0,-25.759420244650563,1.0,1.0,-25.759420244650563,1.0
0.7843017578125,0.0,1.0,0.0,-25.794662708314657,1.0,1.0,-25.794662708314657,1.0
0.7845458984375,0.0,1.0,0.0,-25.829926199701703,1.0,1.0,-25.829926199701703,1.0
0.7847900390625,0.0,1.0,0.0,-25.8652107188117,1.0,1.0,-25.8652107188117,1.0
0.7850341796875,0.0,1.0,0.0,-25.900516265644644,1.0,1.0,-25.900516265644644,1.0
0.7852783203125,0.0,1.0,0.0,-25.935842840200536,1.0,1.0,-25.935842840200536,1.0
0.7855224609375,0.0,1.0,0.0,-25.971190442479383,1.0,1.0,-25.971190442479383,1.0
0.7857666015625,0.0,1.0,0.0,-26.006559072481174,1.0,1.0,-26.006559072481174,1.0
0.7860107421875,0.0,1.0,0.0,-26.04194873020592,1.0,1.0,-26.04194873020592,1.0
0.7862548828125,0.0,1.0,0.0,-26.077359415653614,1.0,1.0,-26.077359415653614,1.0
0.7864990234375,0.0,1.0,0.0,-26.11279112882426,1.0,1.0,-26.11279112882426,1.0
0.7867431640625,0.0,1.0,0.0,-26.148243869717852,1.0,1.0,-26.148243869717852,1.0
0.7869873046875,0.0,1.0,0.0,-26.183717638334397,1.0,1.0,-26.183717638334397,1.0
0.7872314453125,0.0,1.0,0.0,-26.219212434673892,1.0,1.0,-26.219212434673892,1.0
0.7874755859375,0.0,1.0,0.0,-26.254728258736336,1.0,1.0,-26.254728258736336,1.0
0.7877197265625,0.0,1.0,0.0,-26.29026511052173,1.0,1.0,-26.29026511052173,1.0
0.7879638671875,0.0,1.0,0.0,-26.325822990030073,1.0,1.0,-26.325822990030073,1.0
0.7882080078125,0.0,1.0,0.0,-26.361401897261366,1.0,1.0,-26.361401897261366,1.0
0.7884521484375,0.0,1.0,0.0,-26.39700183221561,1.0,1.0,-26.39700183221561,1.0
0.7886962890625,0.0,1.0,0.0,-26.432622794892804,1.0,1.0,-26.432622794892804,1.0
0.7889404296875,0.0,1.0,0.0,-26.46826478529295,1.0,1.0,-26.46826478529295,1.0
0.7891845703125,0.0,1.0,0.0,-26.50392780341604,1.0,1.0,-26.50392780341604,1.0
0.7894287109375,0.0,1.0,0.0,-26.539611849262084,1.0,1.0,-26.539611849262084,1.0
0.7896728515625,0.0,1.0,0.0,-26.575316922831078,1.0,1.0,-26.575316922831078,1.0
0.7899169921875,0.0,1.0,0.0,-26.61104302412302,1.0,1.0,-26.61104302412302,1.0
0.7901611328125,0.0,1.0,0.0,-26.646790153137914,1.0,1.0,-26.646790153137914,1.0
0.7904052734375,0.0,1.0,0.0,-26.682558309875755,1.0,1.0,-26.682558309875755,1.0
0.7906494140625,0.0,1.0,0.0,-26.71834749433655,1.0,1.0,-26.71834749433655,1.0
0.7908935546875,0.0,1.0,0.0,-26.754157706520292,1.0,1.0,-26.754157706520292,1.0
0.7911376953125,0.0,1.0,0.0,-26.789988946426988,1.0,1.0,-26.789988946426988,1.0
0.7913818359375,0.0,1.0,0.0,-26.82584121405663,1.0,1.0,-26.82584121405663,1.0
0.7916259765625,0.0,1.0,0.0,-26.86171450940922,1.0,1.0,-26.86171450940922,1.0
0.7918701171875,0.0,1.0,0.0,-26.897608832484764,1.0,1.0,-26.897608832484764,1.0
0.7921142578125,0.0,1.0,0.0,-26.933524183283257,1.0,1.0,-26.933524183283257,1.0
0.7923583984375,0.0,1.0,0.0,-26.969460561804702,1.0,1.0,-26.969460561804702,1.0
0.7926025390625,0.0,1.0,0.0,-27.005417968049095,1.0,1.0,-27.005417968049095,1.0
0.7928466796875,0.0,1.0,0.0,-27.041396402016435,1.0,1.0,-27.041396402016435,1.0
0.7930908203125,0.0,1.0,0.0,-27.077395863706727,1.0,1.0,-27.077395863706727,1.0
0.7933349609375,0.0,1.0,0.0,-27.11341635311997,1.0,1.0,-27.11341635311997,1.0
0.7935791015625,0.0,1.0,0.0,-27.149457870256164,1.0,1.0,-27.149457870256164,1.0
0.7938232421875,0.0,1.0,0.0,-27.185520415115306,1.0,1.0,-27.185520415115306,1.0
0.7940673828125,0.0,1.0,0.0,-27.2216039876974,1.0,1.0,-27.2216039876974,1.0
0.7943115234375,0.0,1.0,0.0,-27.25770858800244,1.0,1.0,-27.25770858800244,1.0
0.7945556640625,0.0,1.0,0.0,-27.293834216030433,1.0,1.0,-27.293834216030433,1.0
0.7947998046875,0.0,1.0,0.0,-27.329980871781373,1.0,1.0,-27.329980871781373,1.0
0.7950439453125,0.0,1.0,0.0,-27.366148555255265,1.0,1.0,-27.366148555255265,1.0
0.7952880859375,0.0,1.0,0.0,-27.402337266452108,1.0,1.0,-27.402337266452108,1.0
0.7955322265625,0.0,1.0,0.0,-27.4385470053719,1.0,1.0,-27.4385470053719,1.0
0.7957763671875,0.0,1.0,0.0,-27.47477777201464,1.0,1.0,-27.47477777201464,1.0
0.7960205078125,0.0,1.0,0.0,-27.511029566380333,1.0,1.0,-27.511029566380333,1.0
0.7962646484375,0.0,1.0,0.0,-27.547302388468974,1.0,1.0,-27.547302388468974,1.0
0.7965087890625,0.0,1.0,0.0,-27.583596238280567,1.0,1.0,-27.583596238280567,1.0
0.7967529296875,0.0,1.0,0.0,-27.619911115815107,1.0,1.0,-27.619911115815107,1.0
0.7969970703125,0.0,1.0,0.0,-27.6562470210726,1.0,1.0,-27.6562470210726,1.0
0.7972412109375,0.0,1.0,0.0,-27.69260395405304,1.0,1.0,-27.69260395405304,1.0
0.7974853515625,0.0,1.0,0.0,-27.72898191475643,1.0,1.0,-27.72898191475643,1.0
0.7977294921875,0.0,1.0,0.0,-27.765380903182773,1.0,1.0,-27.765380903182773,1.0
0.7979736328125,0.0,1.0,0.0,-27.801800919332067,1.0,1.0,-27.801800919332067,1.0
0.7982177734375,0.0,1.0,0.0,-27.838241963204307,1.0,1.0,-27.838241963204307,1.0
0.7984619140625,0.0,1.0,0.0,-27.874704034799496,1.0,1.0,-27.874704034799496,1.0
0.7987060546875,0.0,1.0,0.0,-27.91118713411764,1.0,1.0,-27.91118713411764,1.0
0.7989501953125,0.0,1.0,0.0,-27.94769126115873,1.0,1.0,-27.94769126115873,1.0
0.7991943359375,0.0,1.0,0.0,-27.98421641592277,1.0,1.0,-27.98421641592277,1.0
0.7994384765625,0.0,1.0,0.0,-28.02076259840976,1.0,1.0,-28.02076259840976,1.0
0.7996826171875,0.0,1.0,0.0,-28.057329808619702,1.0,1.0,-28.057329808619702,1.0
0.7999267578125,0.0,1.0,0.0,-28.09391804655259,1.0,1.0,-28.09391804655259,1.0
0.8001708984375,0.0,1.0,0.0,-28.130527312208432,1.0,1.0,-28.130527312208432,1.0
0.8004150390625,0.0,1.0,0.0,-28.167157605587224,1.0,1.0,-28.167157605587224,1.0
0.8006591796875,0.0,1.0,0.0,-28.203808926688964,1.0,1.0,-28.203808926688964,1.0
0.8009033203125,0.0,1.0,0.0,-28.240481275513655,1.0,1.0,-28.240481275513655,1.0
0.8011474609375,0.0,1.0,0.0,-28.277174652061294,1.0,1.0,-28.277174652061294,1.0
0.8013916015625,0.0,1.0,0.0,-28.313889056331885,1.0,1.0,-28.313889056331885,1.0
0.8016357421875,0.0,1.0,0.0,-28.350624488325426,1.0,1.0,-28.350624488325426,1.0
0.8018798828125,0.0,1.0,0.0,-28.387380948041915,1.0,1.0,-28.387380948041915,1.0
0.8021240234375,0.0,1.0,0.0,-28.424158435481356,1.0,1.0,-28.424158435481356,1.0
0.8023681640625,0.0,1.0,0.0,-28.460956950643748,1.0,1.0,-28.460956950643748,1.0
0.8026123046875,0.0,1.0,0.0,-28.497776493529088,1.0,1.0,-28.497776493529088,1.0
0.8028564453125,0.0,1.0,0.0,-28.534617064137375,1.0,1.0,-28.534617064137375,1.0
0.8031005859375,0.0,1.0,0.0,-28.571478662468618,1.0,1.0,-28.571478662468618,1.0
0.8033447265625,0.0,1.0,0.0,-28.608361288522808,1.0,1.0,-28.608361288522808,1.0
0.8035888671875,0.0,1.0,0.0,-28.645264942299946,1.0,1.0,-28.645264942299946,1.0
0.8038330078125,0.0,1.0,0.0,-28.682189623800035,1.0,1.0,-28.682189623800035,1.0
0.8040771484375,0.0,1.0,0.0,-28.719135333023075,1.0,1.0,-28.719135333023075,1.0
0.8043212890625,0.0,1.0,0.0,-28.756102069969067,1.0,1.0,-28.756102069969067,1.0
0.8045654296875,0.0,1.0,0.0,-28.793089834638007,1.0,1.0,-28.793089834638007,1.0
0.8048095703125,0.0,1.0,0.0,-28.830098627029894,1.0,1.0,-28.830098627029894,1.0
0.8050537109375,0.0,1.0,0.0,-28.867128447144733,1.0,1.0,-28.867128447144733,1.0
0.8052978515625,0.0,1.0,0.0,-28.904179294982523,1.0,1.0,-28.904179294982523,1.0
0.8055419921875,0.0,1.0,0.0,-28.941251170543264,1.0,1.0,-28.941251170543264,1.0
0.8057861328125,0.0,1.0,0.0,-28.978344073826953,1.0,1.0,-28.978344073826953,1.0
0.8060302734375,0.0,1.0,0.0,-29.01545800483359,1.0,1.0,-29.01545800483359,1.0
0.8062744140625,0.0,1.0,0.0,-29.052592963563182,1.0,1.0,-29.052592963563182,1.0
0.8065185546875,0.0,1.0,0.0,-29.089748950015718,1.0,1.0,-29.089748950015718,1.0
0.8067626953125,0.0,1.0,0.0,-29.12692596419121,1.0,1.0,-29.12692596419121,1.0
0.8070068359375,0.0,1.0,0.0,-29.164124006089647,1.0,1.0,-29.164124006089647,1.0
0.8072509765625,0.0,1.0,0.0,-29.201343075711037,1.0,1.0,-29.201343075711037,1.0
0.8074951171875,0.0,1.0,0.0,-29.238583173055375,1.0,1.0,-29.238583173055375,1.0
0.8077392578125,0.0,1.0,0.0,-29.275844298122664,1.0,1.0,-29.275844298122664,1.0
0.8079833984375,0.0,1.0,0.0,-29.313126450912904,1.0,1.0,-29.313126450912904,1.0
0.8082275390625,0.0,1.0,0.0,-29.350429631426092,1.0,1.0,-29.350429631426092,1.0
0.8084716796875,0.0,1.0,0.0,-29.387753839662228,1.0,1.0,-29.387753839662228,1.0
0.8087158203125,0.0,1.0,0.0,-29.42509907562132,1.0,1.0,-29.42509907562132,1.0
0.8089599609375,0.0,1.0,0.0,-29.462465339303357,1.0,1.0,-29.462465339303357,1.0
0.8092041015625,0.0,1.0,0.0,-29.499852630708343,1.0,1.0,-29.499852630708343,1.0
0.8094482421875,0.0,1.0,0.0,-29.537260949836284,1.0,1.0,-29.537260949836284,1.0
0.8096923828125,0.0,1.0,0.0,-29.574690296687173,1.0,1.0,-29.574690296687173,1.0
0.8099365234375,0.0,1.0,0.0,-29.61214067126101,1.0,1.0,-29.61214067126101,1.0
0.8101806640625,0.0,1.0,0.0,-29.649612073557797,1.0,1.0,-29.649612073557797,1.0
0.8104248046875,0.0,1.0,0.0,-29.687104503577537,1.0,1.0,-29.687104503577537,1.0
0.8106689453125,0.0,1.0,0.0,-29.724617961320224,1.0,1.0,-29.724617961320224,1.0
0.8109130859375,0.0,1.0,0.0,-29.762152446785862,1.0,1.0,-29.762152446785862,1.0
0.8111572265625,0.0,1.0,0.0,-29.799707959974448,1.0,1.0,-29.799707959974448,1.0
0.8114013671875,0.0,1.0,0.0,-29.837284500885985,1.0,1.0,-29.837284500885985,1.0
0.8116455078125,0.0,1.0,0.0,-29.874882069520474,1.0,1.0,-29.874882069520474,1.0
0.8118896484375,0.0,1.0,0.0,-29.912500665877914,1.0,1.0,-29.912500665877914,1.0
0.8121337890625,0.0,1.0,0.0,-29.9501402899583,1.0,1.0,-29.9501402899583,1.0
0.8123779296875,0.0,1.0,0.0,-29.987800941761638,1.0,1.0,-29.987800941761638,1.0
0.8126220703125,0.0,1.0,0.0,-30.025482621287924,1.0,1.0,-30.025482621287924,1.0
0.8128662109375,0.0,1.0,0.0,-30.063185328537163,1.0,1.0,-30.063185328537163,1.0
0.8131103515625,0.0,1.0,0.0,-30.10090906350935,1.0,1.0,-30.10090906350935,1.0
0.8133544921875,0.0,1.0,0.0,-30.138653826204486,1.0,1.0,-30.138653826204486,1.0
0.8135986328125,0.0,1.0,0.0,-30.176419616622574,1.0,1.0,-30.176419616622574,1.0
0.8138427734375,0.0,1.0,0.0,-30.21420643476361,1.0,1.0,-30.21420643476361,1.0
0.8140869140625,0.0,1.0,0.0,-30.2520142806276,1.0,1.0,-30.2520142806276,1.0
0.8143310546875,0.0,1.0,0.0,-30.289843154214537,1.0,1.0,-30.289843154214537,1.0
0.8145751953125,0.0,1.0,0.0,-30.327693055524424,1.0,1.0,-30.327693055524424,1.0
0.8148193359375,0.0,1.0,0.0,-30.36556398455726,1.0,1.0,-30.36556398455726,1.0
0.8150634765625,0.0,1.0,0.0,-30.403455941313048,1.0,1.0,-30.403455941313048,1.0
0.8153076171875,0.0,1.0,0.0,-30.44136892579178,1.0,1.0,-30.44136892579178,1.0
0.8155517578125,0.0,1.0,0.0,-30.47930293799347,1.0,1.0,-30.47930293799347,1.0
0.8157958984375,0.0,1.0,0.0,-30.517257977918106,1.0,1.0,-30.517257977918106,1.0
0.8160400390625,0.0,1.0,0.0,-30.555234045565694,1.0,1.0,-30.555234045565694,1.0
0.8162841796875,0.0,1.0,0.0,-30.59323114093623,1.0,1.0,-30.59323114093623,1.0
0.8165283203125,0.0,1.0,0.0,-30.631249264029716,1.0,1.0,-30.631249264029716,1.0
0.8167724609375,0.0,1.0,0.0,-30.669288414846154,1.0,1.0,-30.669288414846154,1.0
0.8170166015625,0.0,1.0,0.0,-30.70734859338554,1.0,1.0,-30.70734859338554,1.0
0.8172607421875,0.0,1.0,0.0,-30.745429799647876,1.0,1.0,-30.745429799647876,1.0
0.8175048828125,0.0,1.0,0.0,-30.78353203363316,1.0,1.0,-30.78353203363316,1.0
0.8177490234375,0.0,1.0,0.0,-30.821655295341397,1.0,1.0,-30.821655295341397,1.0
0.8179931640625,0.0,1.0,0.0,-30.859799584772585,1.0,1.0,-30.859799584772585,1.0
0.8182373046875,0.0,1.0,0.0,-30.89796490192672,1.0,1.0,-30.89796490192672,1.0
0.8184814453125,0.0,1.0,0.0,-30.936151246803806,1.0,1.0,-30.936151246803806,1.0
0.8187255859375,0.0,1.0,0.0,-30.97435861940384,1.0,1.0,-30.97435861940384,1.0
0.8189697265625,0.0,1.0,0.0,-31.01258701972683,1.0,1.0,-31.01258701972683,1.0
0.8192138671875,0.0,1.0,0.0,-31.050836447772767,1.0,1.0,-31.050836447772767,1.0
0.8194580078125,0.0,1.0,0.0,-31.089106903541648,1.0,1.0,-31.089106903541648,1.0
0.8197021484375,0.0,1.0,0.0,-31.127398387033487,1.0,1.0,-31.127398387033487,1.0
0.8199462890625,0.0,1.0,0.0,-31.16571089824827,1.0,1.0,-31.16571089824827,1.0
0.8201904296875,0.0,1.0,0.0,-31.204044437186006,1.0,1.0,-31.204044437186006,1.0
0.8204345703125,0.0,1.0,0.0,-31.242399003846693,1.0,1.0,-31.242399003846693,1.0
0.8206787109375,0.0,1.0,0.0,-31.28077459823033,1.0,1.0,-31.28077459823033,1.0
0.8209228515625,0.0,1.0,0.0,-31.319171220336912,1.0,1.0,-31.319171220336912,1.0
0.8211669921875,0.0,1.0,0.0,-31.357588870166445,1.0,1.0,-31.357588870166445,1.0
0.8214111328125,0.0,1.0,0.0,-31.39602754771893,1.0,1.0,-31.39602754771893,1.0
0.8216552734375,0.0,1.0,0.0,-31.434487252994366,1.0,1.0,-31.434487252994366,1.0
0.8218994140625,0.0,1.0,0.0,-31.472967985992753,1.0,1.0,-31.472967985992753,1.0
0.8221435546875,0.0,1.0,0.0,-31.51146974671409,1.0,1.0,-31.51146974671409,1.0
0.8223876953125,0.0,1.0,0.0,-31.549992535158374,1.0,1.0,-31.549992535158374,1.0
0.8226318359375,0.0,1.0,0.0,-31.588536351325608,1.0,1.0,-31.588536351325608,1.0
0.8228759765625,0.0,1.0,0.0,-31.627101195215793,1.0,1.0,-31.627101195215793,1.0
0.8231201171875,0.0,1.0,0.0,-31.66568706682893,1.0,1.0,-31.66568706682893,1.0
0.8233642578125,0.0,1.0,0.0,-31.70429396616501,1.0,1.0,-31.70429396616501,1.0
0.8236083984375,0.0,1.0,0.0,-31.74292189322405,1.0,1.0,-31.74292189322405,1.0
0.8238525390625,0.0,1.0,0.0,-31.781570848006034,1.0,1.0,-31.781570848006034,1.0
0.8240966796875,0.0,1.0,0.0,-31.82024083051097,1.0,1.0,-31.82024083051097,1.0
0.8243408203125,0.0,1.0,0.0,-31.858931840738848,1.0,1.0,-31.858931840738848,1.0
0.8245849609375,0.0,1.0,0.0,-31.897643878689685,1.0,1.0,-31.897643878689685,1.0
0.8248291015625,0.0,1.0,0.0,-31.936376944363467,1.0,1.0,-31.936376944363467,1.0
0.8250732421875,0.0,1.0,0.0,-31.975131037760207,1.0,1.0,-31.975131037760207,1.0
0.8253173828125,0.0,1.0,0.0,-32.01390615887989,1.0,1.0,-32.01390615887989,1.0
0.8255615234375,0.0,1.0,0.0,-32.05270230772252,1.0,1.0,-32.05270230772252,1.0
0.8258056640625,0.0,1.0,0.0,-32.091519484288106,1.0,1.0,-32.091519484288106,1.0
0.8260498046875,0.0,1.0,0.0,-32.13035768857664,1.0,1.0,-32.13035768857664,1.0
0.8262939453125,0.0,1.0,0.0,-32.16921692058813,1.0,1.0,-32.16921692058813,1.0
0.8265380859375,0.0,1.0,0.0,-32.20809718032256,1.0,1.0,-32.20809718032256,1.0
0.8267822265625,0.0,1.0,0.0,-32.24699846777994,1.0,1.0,-32.24699846777994,1.0
0.8270263671875,0.0,1.0,0.0,-32.285920782960275,1.0,1.0,-32.285920782960275,1.0
0.8272705078125,0.0,1.0,0.0,-32.324864125863556,1.0,1.0,-32.324864125863556,1.0
0.8275146484375,0.0,1.0,0.0,-32.363828496489795,1.0,1.0,-32.363828496489795,1.0
0.8277587890625,0.0,1.0,0.0,-32.40281389483898,1.0,1.0,-32.40281389483898,1.0
0.8280029296875,0.0,1.0,0.0,-32.44182032091111,1.0,1.0,-32.44182032091111,1.0
0.8282470703125,0.0,1.0,0.0,-32.48084777470619,1.0,1.0,-32.48084777470619,1.0
0.8284912109375,0.0,1.0,0.0,-32.51989625622423,1.0,1.0,-32.51989625622423,1.0
0.8287353515625,0.0,1.0,0.0,-32.55896576546521,1.0,1.0,-32.55896576546521,1.0
0.8289794921875,0.0,1.0,0.0,-32.59805630242914,1.0,1.0,-32.59805630242914,1.0
0.8292236328125,0.0,1.0,0.0,-32.63716786711603,1.0,1.0,-32.63716786711603,1.0
0.8294677734375,0.0,1.0,0.0,-32.67630045952586,1.0,1.0,-32.67630045952586,1.0
0.8297119140625,0.0,1.0,0.0,-32.71545407965864,1.0,1.0,-32.71545407965864,1.0
0.8299560546875,0.0,1.0,0.0,-32.75462872751437,1.0,1.0,-32.75462872751437,1.0
0.8302001953125,0.0,1.0,0.0,-32.79382440309306,1.0,1.0,-32.79382440309306,1.0
0.8304443359375,0.0,1.0,0.0,-32.83304110639469,1.0,1.0,-32.83304110639469,1.0
0.8306884765625,0.0,1.0,0.0,-32.87227883741927,1.0,1.0,-32.87227883741927,1.0
0.8309326171875,0.0,1.0,0.0,-32.91153759616681,1.0,1.0,-32.91153759616681,1.0
0.8311767578125,0.0,1.0,0.0,-32.95081738263729,1.0,1.0,-32.95081738263729,1.0
0.8314208984375,0.0,1.0,0.0,-32.99011819683072,1.0,1.0,-32.99011819683072,1.0
0.8316650390625,0.0,1.0,0.0,-33.029440038747104,1.0,1.0,-33.029440038747104,1.0
0.8319091796875,0.0,1.0,0.0,-33.06878290838644,1.0,1.0,-33.06878290838644,1.0
0.8321533203125,0.0,1.0,0.0,-33.10814680574872,1.0,1.0,-33.10814680574872,1.0
0.8323974609375,0.0,1.0,0.0,-33.147531730833954,1.0,1.0,-33.147531730833954,1.0
0.8326416015625,0.0,1.0,0.0,-33.186937683642135,1.0,1.0,-33.186937683642135,1.0
0.8328857421875,0.0,1.0,0.0,-33.22636466417327,1.0,1.0,-33.22636466417327,1.0
0.8331298828125,0.0,1.0,0.0,-33.26581267242735,1.0,1.0,-33.26581267242735,1.0
0.8333740234375,0.0,1.0,0.0,-33.30528170840438,1.0,1.0,-33.30528170840438,1.0
0.8336181640625,0.0,1.0,0.0,-33.344771772104366,1.0,1.0,-33.344771772104366,1.0
0.8338623046875,0.0,1.0,0.0,-33.3842828635273,1.0,1.0,-33.3842828635273,1.0
0.8341064453125,0.0,1.0,0.0,-33.42381498267318,1.0,1.0,-33.42381498267318,1.0
0.8343505859375,0.0,1.0,0.0,-33.46336812954201,1.0,1.0,-33.46336812954201,1.0
0.8345947265625,0.0,1.0,0.0,-33.50294230413379,1.0,1.0,-33.50294230413379,1.0
0.8348388671875,0.0,1.0,0.0,-33.542537506448525,1.0,1.0,-33.542537506448525,1.0
0.8350830078125,0.0,1.0,0.0,-33.582153736486205,1.0,1.0,-33.582153736486205,1.0
0.8353271484375,0.0,1.0,0.0,-33.62179099424684,1.0,1.0,-33.62179099424684,1.0
0.8355712890625,0.0,1.0,0.0,-33.66144927973042,1.0,1.0,-33.66144927973042,1.0
0.8358154296875,0.0,1.0,0.0,-33.701128592936946,1.0,1.0,-33.701128592936946,1.0
0.8360595703125,0.0,1.0,0.0,-33.74082893386643,1.0,1.0,-33.74082893386643,1.0
0.8363037109375,0.0,1.0,0.0,-33.78055030251886,1.0,1.0,-33.78055030251886,1.0
0.8365478515625,0.0,1.0,0.0,-33.82029269889424,1.0,1.0,-33.82029269889424,1.0
0.8367919921875,0.0,1.0,0.0,-33.860056122992575,1.0,1.0,-33.860056122992575,1.0
0.8370361328125,0.0,1.0,0.0,-33.89984057481386,1.0,1.0,-33.89984057481386,1.0
0.8372802734375,0.0,1.0,0.0,-33.939646054358086,1.0,1.0,-33.939646054358086,1.0
0.8375244140625,0.0,1.0,0.0,-33.979472561625265,1.0,1.0,-33.979472561625265,1.0
0.8377685546875,0.0,1.0,0.0,-34.0193200966154,1.0,1.0,-34.0193200966154,1.0
0.8380126953125,0.0,1.0,0.0,-34.05918865932848,1.0,1.0,-34.05918865932848,1.0
0.8382568359375,0.0,1.0,0.0,-34.09907824976451,1.0,1.0,-34.09907824976451,1.0
0.8385009765625,0.0,1.0,0.0,-34.138988867923494,1.0,1.0,-34.138988867923494,1.0
0.8387451171875,0.0,1.0,0.0,-34.17892051380542,1.0,1.0,-34.17892051380542,1.0
0.8389892578125,0.0,1.0,0.0,-34.2188731874103,1.0,1.0,-34.2188731874103,1.0
0.8392333984375,0.0,1.0,0.0,-34.258846888738134,1.0,1.0,-34.258846888738134,1.0
0.8394775390625,0.0,1.0,0.0,-34.298841617788916,1.0,1.0,-34.298841617788916,1.0
0.8397216796875,0.0,1.0,0.0,-34.33885737456264,1.0,1.0,-34.33885737456264,1.0
0.8399658203125,0.0,1.0,0.0,-34.37889415905933,1.0,1.0,-34.37889415905933,1.0
0.8402099609375,0.0,1.0,0.0,-34.41895197127896,1.0,1.0,-34.41895197127896,1.0
0.8404541015625,0.0,1.0,0.0,-34.45903081122154,1.0,1.0,-34.45903081122154,1.0
0.8406982421875,0.0,1.0,0.0,-34.49913067888706,1.0,1.0,-34.49913067888706,1.0
0.8409423828125,0.0,1.0,0.0,-34.539251574275546,1.0,1.0,-34.539251574275546,1.0
0.8411865234375,0.0,1.0,0.0,-34.579393497386974,1.0,1.0,-34.579393497386974,1.0
0.8414306640625,0.0,1.0,0.0,-34.61955644822136,1.0,1.0,-34.61955644822136,1.0
0.8416748046875,0.0,1.0,0.0,-34.65974042677869,1.0,1.0,-34.65974042677869,1.0
0.8419189453125,0.0,1.0,0.0,-34.699945433058964,1.0,1.0,-34.699945433058964,1.0
0.8421630859375,0.0,1.0,0.0,-34.7401714670622,1.0,1.0,-34.7401714670622,1.0
0.8424072265625,0.0,1.0,0.0,-34.780418528788374,1.0,1.0,-34.780418528788374,1.0
0.8426513671875,0.0,1.0,0.0,-34.82068661823751,1.0,1.0,-34.82068661823751,1.0
0.8428955078125,0.0,1.0,0.0,-34.86097573540959,1.0,1.0,-34.86097573540959,1.0
0.8431396484375,0.0,1.0,0.0,-34.90128588030461,1.0,1.0,-34.90128588030461,1.0
0.8433837890625,0.0,1.0,0.0,-34.941617052922595,1.0,1.0,-34.941617052922595,1.0
0.8436279296875,0.0,1.0,0.0,-34.98196925326352,1.0,1.0,-34.98196925326352,1.0
0.8438720703125,0.0,1.0,0.0,-35.02234248132741,1.0,1.0,-35.02234248132741,1.0
0.8441162109375,0.0,1.0,0.0,-35.062736737114236,1.0,1.0,-35.062736737114236,1.0
0.8443603515625,0.0,1.0,0.0,-35.103152020624016,1.0,1.0,-35.103152020624016,1.0
0.8446044921875,0.0,1.0,0.0,-35.14358833185674,1.0,1.0,-35.14358833185674,1.0
0.8448486328125,0.0,1.0,0.0,-35.184045670812424,1.0,1.0,-35.184045670812424,1.0
0.8450927734375,0.0,1.0,0.0,-35.22452403749105,1.0,1.0,-35.22452403749105,1.0
0.8453369140625,0.0,1.0,0.0,-35.26502343189263,1.0,1.0,-35.26502343189263,1.0
0.8455810546875,0.0,1.0,0.0,-35.30554385401716,1.0,1.0,-35.30554385401716,1.0
0.8458251953125,0.0,1.0,0.0,-35.34608530386464,1.0,1.0,-35.34608530386464,1.0
0.8460693359375,0.0,1.0,0.0,-35.386647781435066,1.0,1.0,-35.386647781435066,1.0
0.8463134765625,0.0,1.0,0.0,-35.42723128672844,1.0,1.0,-35.42723128672844,1.0
0.8465576171875,0.0,1.0,0.0,-35.46783581974477,1.0,1.0,-35.46783581974477,1.0
0.8468017578125,0.0,1.0,0.0,-35.50846138048405,1.0,1.0,-35.50846138048405,1.0
0.8470458984375,0.0,1.0,0.0,-35.54910796894628,1.0,1.0,-35.54910796894628,1.0
0.8472900390625,0.0,1.0,0.0,-35.58977558513146,1.0,1.0,-35.58977558513146,1.0
0.8475341796875,0.0,1.0,0.0,-35.63046422903959,1.0,1.0,-35.63046422903959,1.0
0.8477783203125,0.0,1.0,0.0,-35.67117390067067,1.0,1.0,-35.67117390067067,1.0
0.8480224609375,0.0,1.0,0.0,-35.711904600024695,1.0,1.0,-35.711904600024695,1.0
0.8482666015625,0.0,1.0,0.0,-35.752656327101676,1.0,1.0,-35.752656327101676,1.0
0.8485107421875,0.0,1.0,0.0,-35.7934290819016,1.0,1.0,-35.7934290819016,1.0
0.8487548828125,0.0,1.0,0.0,-35.83422286442448,1.0,1.0,-35.83422286442448,1.0
0.8489990234375,0.0,1.0,0.0,-35.87503767467031,1.0,1.0,-35.87503767467031,1.0
0.8492431640625,0.0,1.0,0.0,-35.91587351263909,1.0,1.0,-35.91587351263909,1.0
0.8494873046875,0.0,1.0,0.0,-35.95673037833082,1.0,1.0,-35.95673037833082,1.0
0.8497314453125,0.0,1.0,0.0,-35.99760827174549,1.0,1.0,-35.99760827174549,1.0
0.8499755859375,0.0,1.0,0.0,-36.03850719288312,1.0,1.0,-36.03850719288312,1.0
0.8502197265625,0.0,1.0,0.0,-36.0794271417437,1.0,1.0,-36.0794271417437,1.0
0.8504638671875,0.0,1.0,0.0,-36.12036811832723,1.0,1.0,-36.12036811832723,1.0
0.8507080078125,0.0,1.0,0.0,-36.1613301226337,1.0,1.0,-36.1613301226337,1.0
0.8509521484375,0.0,1.0,0.0,-36.20231315466313,1.0,1.0,-36.20231315466313,1.0
0.8511962890625,0.0,1.0,0.0,-36.243317214415505,1.0,1.0,-36.243317214415505,1.0
0.8514404296875,0.0,1.0,0.0,-36.28434230189084,1.0,1.0,-36.28434230189084,1.0
0.8516845703125,0.0,1.0,0.0,-36.325388417089115,1.0,1.0,-36.325388417089115,1.0
0.8519287109375,0.0,1.0,0.0,-36.366455560010344,1.0,1.0,-36.366455560010344,1.0
0.8521728515625,0.0,1.0,0.0,-36.40754373065452,1.0,1.0,-36.40754373065452,1.0
0.8524169921875,0.0,1.0,0.0,-36.44865292902165,1.0,1.0,-36.44865292902165,1.0
0.8526611328125,0.0,1.0,0.0,-36.48978315511172,1.0,1.0,-36.48978315511172,1.0
0.8529052734375,0.0,1.0,0.0,-36.53093440892475,1.0,1.0,-36.53093440892475,1.0
0.8531494140625,0.0,1.0,0.0,-36.57210669046073,1.0,1.0,-36.57210669046073,1.0
0.8533935546875,0.0,1.0,0.0,-36.61329999971965,1.0,1.0,-36.61329999971965,1.0
0.8536376953125,0.0,1.0,0.0,-36.65451433670153,1.0,1.0,-36.65451433670153,1.0
0.8538818359375,0.0,1.0,0.0,-36.695749701406356,1.0,1.0,-36.695749701406356,1.0
0.8541259765625,0.0,1.0,0.0,-36.73700609383413,1.0,1.0,-36.73700609383413,1.0
0.8543701171875,0.0,1.0,0.0,-36.77828351398486,1.0,1.0,-36.77828351398486,1.0
0.8546142578125,0.0,1.0,0.0,-36.81958196185854,1.0,1.0,-36.81958196185854,1.0
0.8548583984375,0.0,1.0,0.0,-36.86090143745516,1.0,1.0,-36.86090143745516,1.0
0.8551025390625,0.0,1.0,0.0,-36.90224194077474,1.0,1.0,-36.90224194077474,1.0
0.8553466796875,0.0,1.0,0.0,-36.94360347181727,1.0,1.0,-36.94360347181727,1.0
0.8555908203125,0.0,1.0,0.0,-36.984986030582746,1.0,1.0,-36.984986030582746,1.0
0.8558349609375,0.0,1.0,0.0,-37.02638961707117,1.0,1.0,-37.02638961707117,1.0
0.8560791015625,0.0,1.0,0.0,-37.06781423128255,1.0,1.0,-37.06781423128255,1.0
0.8563232421875,0.0,1.0,0.0,-37.10925987321687,1.0,1.0,-37.10925987321687,1.0
0.8565673828125,0.0,1.0,0.0,-37.150726542874146,1.0,1.0,-37.150726542874146,1.0
0.8568115234375,0.0,1.0,0.0,-37.19221424025437,1.0,1.0,-37.19221424025437,1.0
0.8570556640625,0.0,1.0,0.0,-37.23372296535755,1.0,1.0,-37.23372296535755,1.0
0.8572998046875,0.0,1.0,0.0,-37.27525271818368,1.0,1.0,-37.27525271818368,1.0
0.8575439453125,0.0,1.0,0.0,-37.31680349873275,1.0,1.0,-37.31680349873275,1.0
0.8577880859375,0.0,1.0,0.0,-37.35837530700478,1.0,1.0,-37.35837530700478,1.0
0.8580322265625,0.0,1.0,0.0,-37.399968142999754,1.0,1.0,-37.399968142999754,1.0
0.8582763671875,0.0,1.0,0.0,-37.44158200671768,1.0,1.0,-37.44158200671768,1.0
0.8585205078125,0.0,1.0,0.0,-37.48321689815855,1.0,1.0,-37.48321689815855,1.0
0.8587646484375,0.0,1.0,0.0,-37.52487281732238,1.0,1.0,-37.52487281732238,1.0
0.8590087890625,0.0,1.0,0.0,-37.56654976420916,1.0,1.0,-37.56654976420916,1.0
0.8592529296875,0.0,1.0,0.0,-37.60824773881888,1.0,1.0,-37.60824773881888,1.0
0.8594970703125,0.0,1.0,0.0,-37.64996674115156,1.0,1.0,-37.64996674115156,1.0
0.8597412109375,0.0,1.0,0.0,-37.69170677120719,1.0,1.0,-37.69170677120719,1.0
0.8599853515625,0.0,1.0,0.0,-37.73346782898576,1.0,1.0,-37.73346782898576,1.0
0.8602294921875,0.0,1.0,0.0,-37.77524991448728,1.0,1.0,-37.77524991448728,1.0
0.8604736328125,0.0,1.0,0.0,-37.81705302771176,1.0,1.0,-37.81705302771176,1.0
0.8607177734375,0.0,1.0,0.0,-37.858877168659184,1.0,1.0,-37.858877168659184,1.0
0.8609619140625,0.0,1.0,0.0,-37.90072233732956,1.0,1.0,-37.90072233732956,1.0
0.8612060546875,0.0,1.0,0.0,-37.94258853372288,1.0,1.0,-37.94258853372288,1.0
0.8614501953125,0.0,1.0,0.0,-37.98447575783916,1.0,1.0,-37.98447575783916,1.0
0.8616943359375,0.0,1.0,0.0,-38.02638400967838,1.0,1.0,-38.02638400967838,1.0
0.8619384765625,0.0,1.0,0.0,-38.06831328924056,1.0,1.0,-38.06831328924056,1.0
0.8621826171875,0.0,1.0,0.0,-38.110263596525684,1.0,1.0,-38.110263596525684,1.0
0.8624267578125,0.0,1.0,0.0,-38.152234931533755,1.0,1.0,-38.152234931533755,1.0
0.8626708984375,0.0,1.0,0.0,-38.194227294264785,1.0,1.0,-38.194227294264785,1.0
0.8629150390625,0.0,1.0,0.0,-38.23624068471876,1.0,1.0,-38.23624068471876,1.0
0.8631591796875,0.0,1.0,0.0,-38.278275102895684,1.0,1.0,-38.278275102895684,1.0
0.8634033203125,0.0,1.0,0.0,-38.32033054879555,1.0,1.0,-38.32033054879555,1.0
0.8636474609375,0.0,1.0,0.0,-38.36240702241838,1.0,1.0,-38.36240702241838,1.0
0.8638916015625,0.0,1.0,0.0,-38.40450452376415,1.0,1.0,-38.40450452376415,1.0
0.8641357421875,0.0,1.0,0.0,-38.44662305283288,1.0,1.0,-38.44662305283288,1.0
0.8643798828125,0.0,1.0,0.0,-38.48876260962455,1.0,1.0,-38.48876260962455,1.0
0.8646240234375,0.0,1.0,0.0,-38.53092319413918,1.0,1.0,-38.53092319413918,1.0
0.8648681640625,0.0,1.0,0.0,-38.573104806376755,1.0,1.0,-38.573104806376755,1.0
0.8651123046875,0.0,1.0,0.0,-38.615307446337276,1.0,1.0,-38.615307446337276,1.0
0.8653564453125,0.0,1.0,0.0,-38.65753111402075,1.0,1.0,-38.65753111402075,1.0
0.8656005859375,0.0,1.0,0.0,-38.69977580942717,1.0,1.0,-38.69977580942717,1.0
0.8658447265625,0.0,1.0,0.0,-38.74204153255655,1.0,1.0,-38.74204153255655,1.0
0.8660888671875,0.0,1.0,0.0,-38.78432828340887,1.0,1.0,-38.78432828340887,1.0
0.8663330078125,0.0,1.0,0.0,-38.826636061984146,1.0,1.0,-38.826636061984146,1.0
0.8665771484375,0.0,1.0,0.0,-38.86896486828237,1.0,1.0,-38.86896486828237,1.0
0.8668212890625,0.0,1.0,0.0,-38.91131470230354,1.0,1.0,-38.91131470230354,1.0
0.8670654296875,0.0,1.0,0.0,-38.95368556404767,1.0,1.0,-38.95368556404767,1.0
0.8673095703125,0.0,1.0,0.0,-38.99607745351474,1.0,1.0,-38.99607745351474,1.0
0.8675537109375,0.0,1.0,0.0,-39.038490370704764,1.0,1.0,-39.038490370704764,1.0
0.8677978515625,0.0,1.0,0.0,-39.080924315617736,1.0,1.0,-39.080924315617736,1.0
0.8680419921875,0.0,1.0,0.0,-39.12337928825366,1.0,1.0,-39.12337928825366,1.0
0.8682861328125,0.0,1.0,0.0,-39.16585528861253,1.0,1.0,-39.16585528861253,1.0
0.8685302734375,0.0,1.0,0.0,-39.20835231669435,1.0,1.0,-39.20835231669435,1.0
0.8687744140625,0.0,1.0,0.0,-39.25087037249913,1.0,1.0,-39.25087037249913,1.0
0.8690185546875,0.0,1.0,0.0,-39.29340945602685,1.0,1.0,-39.29340945602685,1.0
0.8692626953125,0.0,1.0,0.0,-39.33596956727752,1.0,1.0,-39.33596956727752,1.0
0.8695068359375,0.0,1.0,0.0,-39.37855070625115,1.0,1.0,-39.37855070625115,1.0
0.8697509765625,0.0,1.0,0.0,-39.42115287294772,1.0,1.0,-39.42115287294772,1.0
0.8699951171875,0.0,1.0,0.0,-39.46377606736724,1.0,1.0,-39.46377606736724,1.0
0.8702392578125,0.0,1.0,0.0,-39.50642028950971,1.0,1.0,-39.50642028950971,1.0
0.8704833984375,0.0,1.0,0.0,-39.549085539375135,1.0,1.0,-39.549085539375135,1.0
0.8707275390625,0.0,1.0,0.0,-39.59177181696351,1.0,1.0,-39.59177181696351,1.0
0.8709716796875,0.0,1.0,0.0,-39.63447912227483,1.0,1.0,-39.63447912227483,1.0
0.8712158203125,0.0,1.0,0.0,-39.6772074553091,1.0,1.0,-39.6772074553091,1.0
0.8714599609375,0.0,1.0,0.0,-39.71995681606633,1.0,1.0,-39.71995681606633,1.0
0.8717041015625,0.0,1.0,0.0,-39.7627272045465,1.0,1.0,-39.7627272045465,1.0
0.8719482421875,0.0,1.0,0.0,-39.80551862074962,1.0,1.0,-39.80551862074962,1.0
0.8721923828125,0.0,1.0,0.0,-39.84833106467569,1.0,1.0,-39.84833106467569,1.0
0.8724365234375,0.0,1.0,0.0,-39.891164536324716,1.0,1.0,-39.891164536324716,1.0
0.8726806640625,0.0,1.0,0.0,-39.934019035696686,1.0,1.0,-39.934019035696686,1.0
0.8729248046875,0.0,1.0,0.0,-39.97689456279161,1.0,1.0,-39.97689456279161,1.0
0.8731689453125,0.0,1.0,0.0,-40.01979111760948,1.0,1.0,-40.01979111760948,1.0
0.8734130859375,0.0,1.0,0.0,-40.0627087001503,1.0,1.0,-40.0627087001503,1.0
0.8736572265625,0.0,1.0,0.0,-40.10564731041408,1.0,1.0,-40.10564731041408,1.0
0.8739013671875,0.0,1.0,0.0,-40.1486069484008,1.0,1.0,-40.1486069484008,1.0
0.8741455078125,0.0,1.0,0.0,-40.19158761411047,1.0,1.0,-40.19158761411047,1.0
0.8743896484375,0.0,1.0,0.0,-40.23458930754309,1.0,1.0,-40.23458930754309,1.0
0.8746337890625,0.0,1.0,0.0,-40.27761202869866,1.0,1.0,-40.27761202869866,1.0
0.8748779296875,0.0,1.0,0.0,-40.32065577757718,1.0,1.0,-40.32065577757718,1.0
0.8751220703125,0.0,1.0,0.0,-40.363720554178656,1.0,1.0,-40.363720554178656,1.0
0.8753662109375,0.0,1.0,0.0,-40.406806358503076,1.0,1.0,-40.406806358503076,1.0
0.8756103515625,0.0,1.0,0.0,-40.44991319055045,1.0,1.0,-40.44991319055045,1.0
0.8758544921875,0.0,1.0,0.0,-40.49304105032077,1.0,1.0,-40.49304105032077,1.0
0.8760986328125,0.0,1.0,0.0,-40.53618993781404,1.0,1.0,-40.53618993781404,1.0
0.8763427734375,0.0,1.0,0.0,-40.57935985303026,1.0,1.0,-40.57935985303026,1.0
0.8765869140625,0.0,1.0,0.0,-40.62255079596943,1.0,1.0,-40.62255079596943,1.0
0.8768310546875,0.0,1.0,0.0,-40.66576276663155,1.0,1.0,-40.66576276663155,1.0
0.8770751953125,0.0,1.0,0.0,-40.708995765016624,1.0,1.0,-40.708995765016624,1.0
0.8773193359375,0.0,1.0,0.0,-40.75224979112465,1.0,1.0,-40.75224979112465,1.0
0.8775634765625,0.0,1.0,0.0,-40.795524844955615,1.0,1.0,-40.795524844955615,1.0
0.8778076171875,0.0,1.0,0.0,-40.838820926509534,1.0,1.0,-40.838820926509534,1.0
0.8780517578125,0.0,1.0,0.0,-40.882138035786404,1.0,1.0,-40.882138035786404,1.0
0.8782958984375,0.0,1.0,0.0,-40.925476172786226,1.0,1.0,-40.925476172786226,1.0
0.8785400390625,0.0,1.0,0.0,-40.968835337509,1.0,1.0,-40.968835337509,1.0
0.8787841796875,0.0,1.0,0.0,-41.012215529954716,1.0,1.0,-41.012215529954716,1.0
0.8790283203125,0.0,1.0,0.0,-41.05561675012339,1.0,1.0,-41.05561675012339,1.0
0.8792724609375,0.0,1.0,0.0,-41.09903899801501,1.0,1.0,-41.09903899801501,1.0
0.8795166015625,0.0,1.0,0.0,-41.14248227362958,1.0,1.0,-41.14248227362958,1.0
0.8797607421875,0.0,1.0,0.0,-41.1859465769671,1.0,1.0,-41.1859465769671,1.0
0.8800048828125,0.0,1.0,0.0,-41.22943190802757,1.0,1.0,-41.22943190802757,1.0
0.8802490234375,0.0,1.0,0.0,-41.27293826681099,1.0,1.0,-41.27293826681099,1.0
0.8804931640625,0.0,1.0,0.0,-41.31646565331736,1.0,1.0,-41.31646565331736,1.0
0.8807373046875,0.0,1.0,0.0,-41.36001406754668,1.0,1.0,-41.36001406754668,1.0
0.8809814453125,0.0,1.0,0.0,-41.40358350949895,1.0,1.0,-41.40358350949895,1.0
0.8812255859375,0.0,1.0,0.0,-41.44717397917417,1.0,1.0,-41.44717397917417,1.0
0.8814697265625,0.0,1.0,0.0,-41.49078547657234,1.0,1.0,-41.49078547657234,1.0
0.8817138671875,0.0,1.0,0.0,-41.53441800169346,1.0,1.0,-41.53441800169346,1.0
0.8819580078125,0.0,1.0,0.0,-41.57807155453753,1.0,1.0,-41.57807155453753,1.0
0.8822021484375,0.0,1.0,0.0,-41.62174613510455,1.0,1.0,-41.62174613510455,1.0
0.8824462890625,0.0,1.0,0.0,-41.66544174339452,1.0,1.0,-41.66544174339452,1.0
0.8826904296875,0.0,1.0,0.0,-41.709158379407434,1.0,1.0,-41.709158379407434,1.0
0.8829345703125,0.0,1.0,0.0,-41.75289604314331,1.0,1.0,-41.75289604314331,1.0
0.8831787109375,0.0,1.0,0.0,-41.79665473460213,1.0,1.0,-41.79665473460213,1.0
0.8834228515625,0.0,1.0,0.0,-41.84043445378389,1.0,1.0,-41.84043445378389,1.0
0.8836669921875,0.0,1.0,0.0,-41.884235200688614,1.0,1.0,-41.884235200688614,1.0
0.8839111328125,0.0,1.0,0.0,-41.92805697531628,1.0,1.0,-41.92805697531628,1.0
0.8841552734375,0.0,1.0,0.0,-41.971899777666906,1.0,1.0,-41.971899777666906,1.0
0.8843994140625,0.0,1.0,0.0,-42.015763607740475,1.0,1.0,-42.015763607740475,1.0
0.8846435546875,0.0,1.0,0.0,-42.05964846553699,1.0,1.0,-42.05964846553699,1.0
0.8848876953125,0.0,1.0,0.0,-42.10355435105646,1.0,1.0,-42.10355435105646,1.0
0.8851318359375,0.0,1.0,0.0,-42.147481264298875,1.0,1.0,-42.147481264298875,1.0
0.8853759765625,0.0,1.0,0.0,-42.19142920526425,1.0,1.0,-42.19142920526425,1.0
0.8856201171875,0.0,1.0,0.0,-42.23539817395257,1.0,1.0,-42.23539817395257,1.0
0.8858642578125,0.0,1.0,0.0,-42.27938817036384,1.0,1.0,-42.27938817036384,1.0
0.8861083984375,0.0,1.0,0.0,-42.32339919449805,1.0,1.0,-42.32339919449805,1.0
0.8863525390625,0.0,1.0,0.0,-42.367431246355224,1.0,1.0,-42.367431246355224,1.0
0.8865966796875,0.0,1.0,0.0,-42.41148432593534,1.0,1.0,-42.41148432593534,1.0
0.8868408203125,0.0,1.0,0.0,-42.45555843323841,1.0,1.0,-42.45555843323841,1.0
0.8870849609375,0.0,1.0,0.0,-42.49965356826443,1.0,1.0,-42.49965356826443,1.0
0.8873291015625,0.0,1.0,0.0,-42.5437697310134,1.0,1.0,-42.5437697310134,1.0
0.8875732421875,0.0,1.0,0.0,-42.58790692148531,1.0,1.0,-42.58790692148531,1.0
0.8878173828125,0.0,1.0,0.0,-42.63206513968018,1.0,1.0,-42.63206513968018,1.0
0.8880615234375,0.0,1.0,0.0,-42.676244385598,1.0,1.0,-42.676244385598,1.0
0.8883056640625,0.0,1.0,0.0,-42.720444659238765,1.0,1.0,-42.720444659238765,1.0
0.8885498046875,0.0,1.0,0.0,-42.764665960602485,1.0,1.0,-42.764665960602485,1.0
0.8887939453125,0.0,1.0,0.0,-42.80890828968915,1.0,1.0,-42.80890828968915,1.0
0.8890380859375,0.0,1.0,0.0,-42.85317164649877,1.0,1.0,-42.85317164649877,1.0
0.8892822265625,0.0,1.0,0.0,-42.89745603103134,1.0,1.0,-42.89745603103134,1.0
0.8895263671875,0.0,1.0,0.0,-42.94176144328686,1.0,1.0,-42.94176144328686,1.0
0.8897705078125,0.0,1.0,0.0,-42.98608788326533,1.0,1.0,-42.98608788326533,1.0
0.8900146484375,0.0,1.0,0.0,-43.03043535096674,1.0,1.0,-43.03043535096674,1.0
0.8902587890625,0.0,1.0,0.0,-43.074803846391106,1.0,1.0,-43.074803846391106,1.0
0.8905029296875,0.0,1.0,0.0,-43.11919336953843,1.0,1.0,-43.11919336953843,1.0
0.8907470703125,0.0,1.0,0.0,-43.1636039204087,1.0,1.0,-43.1636039204087,1.0
0.8909912109375,0.0,1.0,0.0,-43.20803549900191,1.0,1.0,-43.20803549900191,1.0
0.8912353515625,0.0,1.0,0.0,-43.25248810531808,1.0,1.0,-43.25248810531808,1.0
0.8914794921875,0.0,1.0,0.0,-43.296961739357194,1.0,1.0,-43.296961739357194,1.0
0.8917236328125,0.0,1.0,0.0,-43.34145640111926,1.0,1.0,-43.34145640111926,1.0
0.8919677734375,0.0,1.0,0.0,-43.38597209060428,1.0,1.0,-43.38597209060428,1.0
0.8922119140625,0.0,1.0,0.0,-43.430508807812245,1.0,1.0,-43.430508807812245,1.0
0.8924560546875,0.0,1.0,0.0,-43.475066552743165,1.0,1.0,-43.475066552743165,1.0
0.8927001953125,0.0,1.0,0.0,-43.51964532539703,1.0,1.0,-43.51964532539703,1.0
0.8929443359375,0.0,1.0,0.0,-43.564245125773844,1.0,1.0,-43.564245125773844,1.0
0.8931884765625,0.0,1.0,0.0,-43.60886595387361,1.0,1.0,-43.60886595387361,1.0
0.8934326171875,0.0,1.0,0.0,-43.65350780969633,1.0,1.0,-43.65350780969633,1.0
0.8936767578125,0.0,1.0,0.0,-43.698170693242,1.0,1.0,-43.698170693242,1.0
0.8939208984375,0.0,1.0,0.0,-43.74285460451061,1.0,1.0,-43.74285460451061,1.0
0.8941650390625,0.0,1.0,0.0,-43.787559543502184,1.0,1.0,-43.787559543502184,1.0
0.8944091796875,0.0,1.0,0.0,-43.8322855102167,1.0,1.0,-43.8322855102167,1.0
0.8946533203125,0.0,1.0,0.0,-43.87703250465417,1.0,1.0,-43.87703250465417,1.0
0.8948974609375,0.0,1.0,0.0,-43.92180052681458,1.0,1.0,-43.92180052681458,1.0
0.8951416015625,0.0,1.0,0.0,-43.96658957669795,1.0,1.0,-43.96658957669795,1.0
0.8953857421875,0.0,1.0,0.0,-44.01139965430426,1.0,1.0,-44.01139965430426,1.0
0.8956298828125,0.0,1.0,0.0,-44.05623075963353,1.0,1.0,-44.05623075963353,1.0
0.8958740234375,0.0,1.0,0.0,-44.101082892685746,1.0,1.0,-44.101082892685746,1.0
0.8961181640625,0.0,1.0,0.0,-44.145956053460914,1.0,1.0,-44.145956053460914,1.0
0.8963623046875,0.0,1.0,0.0,-44.190850241959026,1.0,1.0,-44.190850241959026,1.0
0.8966064453125,0.0,1.0,0.0,-44.23576545818009,1.0,1.0,-44.23576545818009,1.0
0.8968505859375,0.0,1.0,0.0,-44.280701702124105,1.0,1.0,-44.280701702124105,1.0
0.8970947265625,0.0,1.0,0.0,-44.32565897379107,1.0,1.0,-44.32565897379107,1.0
0.8973388671875,0.0,1.0,0.0,-44.37063727318099,1.0,1.0,-44.37063727318099,1.0
0.8975830078125,0.0,1.0,0.0,-44.41563660029386,1.0,1.0,-44.41563660029386,1.0
0.8978271484375,0.0,1.0,0.0,-44.46065695512967,1.0,1.0,-44.46065695512967,1.0
0.8980712890625,0.0,1.0,0.0,-44.505698337688436,1.0,1.0,-44.505698337688436,1.0
0.8983154296875,0.0,1.0,0.0,-44.55076074797015,1.0,1.0,-44.55076074797015,1.0
0.8985595703125,0.0,1.0,0.0,-44.59584418597482,1.0,1.0,-44.59584418597482,1.0
0.8988037109375,0.0,1.0,0.0,-44.64094865170243,1.0,1.0,-44.64094865170243,1.0
0.8990478515625,0.0,1.0,0.0,-44.686074145153,1.0,1.0,-44.686074145153,1.0
0.8992919921875,0.0,1.0,0.0,-44.731220666326514,1.0,1.0,-44.731220666326514,1.0
0.8995361328125,0.0,1.0,0.0,-44.77638821522298,1.0,1.0,-44.77638821522298,1.0
0.8997802734375,0.0,1.0,0.0,-44.821576791842396,1.0,1.0,-44.821576791842396,1.0
0.9000244140625,0.0,1.0,0.0,-44.86678639618476,1.0,1.0,-44.86678639618476,1.0
0.9002685546875,0.0,1.0,0.0,-44.91201702825008,1.0,1.0,-44.91201702825008,1.0
0.9005126953125,0.0,1.0,0.0,-44.95726868803834,1.0,1.0,-44.95726868803834,1.0
0.9007568359375,0.0,1.0,0.0,-45.002541375549555,1.0,1.0,-45.002541375549555,1.0
0.9010009765625,0.0,1.0,0.0,-45.04783509078372,1.0,1.0,-45.04783509078372,1.0
0.9012451171875,0.0,1.0,0.0,-45.09314983374083,1.0,1.0,-45.09314983374083,1.0
0.9014892578125,0.0,1.0,0.0,-45.1384856044209,1.0,1.0,-45.1384856044209,1.0
0.9017333984375,0.0,1.0,0.0,-45.18384240282391,1.0,1.0,-45.18384240282391,1.0
0.9019775390625,0.0,1.0,0.0,-45.22922022894988,1.0,1.0,-45.22922022894988,1.0
0.9022216796875,0.0,1.0,0.0,-45.27461908279879,1.0,1.0,-45.27461908279879,1.0
0.9024658203125,0.0,1.0,0.0,-45.32003896437065,1.0,1.0,-45.32003896437065,1.0
0.9027099609375,0.0,1.0,0.0,-45.36547987366547,1.0,1.0,-45.36547987366547,1.0
0.9029541015625,0.0,1.0,0.0,-45.410941810683234,1.0,1.0,-45.410941810683234,1.0
0.9031982421875,0.0,1.0,0.0,-45.45642477542395,1.0,1.0,-45.45642477542395,1.0
0.9034423828125,0.0,1.0,0.0,-45.50192876788761,1.0,1.0,-45.50192876788761,1.0
0.9036865234375,0.0,1.0,0.0,-45.54745378807423,1.0,1.0,-45.54745378807423,1.0
0.9039306640625,0.0,1.0,0.0,-45.59299983598379,1.0,1.0,-45.59299983598379,1.0
0.9041748046875,0.0,1.0,0.0,-45.6385669116163,1.0,1.0,-45.6385669116163,1.0
0.9044189453125,0.0,1.0,0.0,-45.684155014971765,1.0,1.0,-45.684155014971765,1.0
0.9046630859375,0.0,1.0,0.0,-45.72976414605018,1.0,1.0,-45.72976414605018,1.0
0.9049072265625,0.0,1.0,0.0,-45.775394304851545,1.0,1.0,-45.775394304851545,1.0
0.9051513671875,0.0,1.0,0.0,-45.821045491375855,1.0,1.0,-45.821045491375855,1.0
0.9053955078125,0.0,1.0,0.0,-45.866717705623124,1.0,1.0,-45.866717705623124,1.0
0.9056396484375,0.0,1.0,0.0,-45.91241094759334,1.0,1.0,-45.91241094759334,1.0
0.9058837890625,0.0,1.0,0.0,-45.9581252172865,1.0,1.0,-45.9581252172865,1.0
0.9061279296875,0.0,1.0,0.0,-46.003860514702616,1.0,1.0,-46.003860514702616,1.0
0.9063720703125,0.0,1.0,0.0,-46.049616839841676,1.0,1.0,-46.049616839841676,1.0
0.9066162109375,0.0,1.0,0.0,-46.09539419270369,1.0,1.0,-46.09539419270369,1.0
0.9068603515625,0.0,1.0,0.0,-46.141192573288656,1.0,1.0,-46.141192573288656,1.0
0.9071044921875,0.0,1.0,0.0,-46.18701198159657,1.0,1.0,-46.18701198159657,1.0
0.9073486328125,0.0,1.0,0.0,-46.23285241762743,1.0,1.0,-46.23285241762743,1.0
0.9075927734375,0.0,1.0,0.0,-46.27871388138124,1.0,1.0,-46.27871388138124,1.0
0.9078369140625,0.0,1.0,0.0,-46.324596372858004,1.0,1.0,-46.324596372858004,1.0
0.9080810546875,0.0,1.0,0.0,-46.370499892057715,1.0,1.0,-46.370499892057715,1.0
0.9083251953125,0.0,1.0,0.0,-46.41642443898038,1.0,1.0,-46.41642443898038,1.0
0.9085693359375,0.0,1.0,0.0,-46.46237001362599,1.0,1.0,-46.46237001362599,1.0
0.9088134765625,0.0,1.0,0.0,-46.50833661599456,1.0,1.0,-46.50833661599456,1.0
0.9090576171875,0.0,1.0,0.0,-46.55432424608607,1.0,1.0,-46.55432424608607,1.0
0.9093017578125,0.0,1.0,0.0,-46.60033290390053,1.0,1.0,-46.60033290390053,1.0
0.9095458984375,0.0,1.0,0.0,-46.64636258943794,1.0,1.0,-46.64636258943794,1.0
0.9097900390625,0.0,1.0,0.0,-46.692413302698306,1.0,1.0,-46.692413302698306,1.0
0.9100341796875,0.0,1.0,0.0,-46.73848504368162,1.0,1.0,-46.73848504368162,1.0
0.9102783203125,0.0,1.0,0.0,-46.78457781238788,1.0,1.0,-46.78457781238788,1.0
0.9105224609375,0.0,1.0,0.0,-46.83069160881709,1.0,1.0,-46.83069160881709,1.0
0.9107666015625,0.0,1.0,0.0,-46.87682643296925,1.0,1.0,-46.87682643296925,1.0
0.9110107421875,0.0,1.0,0.0,-46.922982284844366,1.0,1.0,-46.922982284844366,1.0
0.9112548828125,0.0,1.0,0.0,-46.96915916444243,1.0,1.0,-46.96915916444243,1.0
0.9114990234375,0.0,1.0,0.0,-47.01535707176344,1.0,1.0,-47.01535707176344,1.0
0.9117431640625,0.0,1.0,0.0,-47.06157600680741,1.0,1.0,-47.06157600680741,1.0
0.9119873046875,0.0,1.0,0.0,-47.10781596957432,1.0,1.0,-47.10781596957432,1.0
0.9122314453125,0.0,1.0,0.0,-47.15407696006418,1.0,1.0,-47.15407696006418,1.0
0.9124755859375,0.0,1.0,0.0,-47.20035897827699,1.0,1.0,-47.20035897827699,1.0
0.9127197265625,0.0,1.0,0.0,-47.24666202421275,1.0,1.0,-47.24666202421275,1.0
0.9129638671875,0.0,1.0,0.0,-47.29298609787146,1.0,1.0,-47.29298609787146,1.0
0.9132080078125,0.0,1.0,0.0,-47.339331199253124,1.0,1.0,-47.339331199253124,1.0
0.9134521484375,0.0,1.0,0.0,-47.385697328357736,1.0,1.0,-47.385697328357736,1.0
0.9136962890625,0.0,1.0,0.0,-47.4320844851853,1.0,1.0,-47.4320844851853,1.0
0.9139404296875,0.0,1.0,0.0,-47.47849266973581,1.0,1.0,-47.47849266973581,1.0
0.9141845703125,0.0,1.0,0.0,-47.524921882009274,1.0,1.0,-47.524921882009274,1.0
0.9144287109375,0.0,1.0,0.0,-47.571372122005684,1.0,1.0,-47.571372122005684,1.0
0.9146728515625,0.0,1.0,0.0,-47.617843389725046,1.0,1.0,-47.617843389725046,1.0
0.9149169921875,0.0,1.0,0.0,-47.66433568516735,1.0,1.0,-47.66433568516735,1.0
0.9151611328125,0.0,1.0,0.0,-47.710849008332616,1.0,1.0,-47.710849008332616,1.0
0.9154052734375,0.0,1.0,0.0,-47.757383359220825,1.0,1.0,-47.757383359220825,1.0
0.9156494140625,0.0,1.0,0.0,-47.803938737831984,1.0,1.0,-47.803938737831984,1.0
0.9158935546875,0.0,1.0,0.0,-47.850515144166096,1.0,1.0,-47.850515144166096,1.0
0.9161376953125,0.0,1.0,0.0,-47.89711257822316,1.0,1.0,-47.89711257822316,1.0
0.9163818359375,0.0,1.0,0.0,-47.94373104000317,1.0,1.0,-47.94373104000317,1.0
0.9166259765625,0.0,1.0,0.0,-47.99037052950613,1.0,1.0,-47.99037052950613,1.0
0.9168701171875,0.0,1.0,0.0,-48.03703104673204,1.0,1.0,-48.03703104673204,1.0
0.9171142578125,0.0,1.0,0.0,-48.0837125916809,1.0,1.0,-48.0837125916809,1.0
0.9173583984375,0.0,1.0,0.0,-48.13041516435271,1.0,1.0,-48.13041516435271,1.0
0.9176025390625,0.0,1.0,0.0,-48.177138764747475,1.0,1.0,-48.177138764747475,1.0
0.9178466796875,0.0,1.0,0.0,-48.22388339286518,1.0,1.0,-48.22388339286518,1.0
0.9180908203125,0.0,1.0,0.0,-48.27064904870584,1.0,1.0,-48.27064904870584,1.0
0.9183349609375,0.0,1.0,0.0,-48.31743573226945,1.0,1.0,-48.31743573226945,1.0
0.9185791015625,0.0,1.0,0.0,-48.36424344355601,1.0,1.0,-48.36424344355601,1.0
0.9188232421875,0.0,1.0,0.0,-48.411072182565526,1.0,1.0,-48.411072182565526,1.0
0.9190673828125,0.0,1.0,0.0,-48.45792194929798,1.0,1.0,-48.45792194929798,1.0
0.9193115234375,0.0,1.0,0.0,-48.5047927437534,1.0,1.0,-48.5047927437534,1.0
0.9195556640625,0.0,1.0,0.0,-48.55168456593176,1.0,1.0,-48.55168456593176,1.0
0.9197998046875,0.0,1.0,0.0,-48.59859741583306,1.0,1.0,-48.59859741583306,1.0
0.9200439453125,0.0,1.0,0.0,-48.645531293457324,1.0,1.0,-48.645531293457324,1.0
0.9202880859375,0.0,1.0,0.0,-48.69248619880454,1.0,1.0,-48.69248619880454,1.0
0.9205322265625,0.0,1.0,0.0,-48.739462131874696,1.0,1.0,-48.739462131874696,1.0
0.9207763671875,0.0,1.0,0.0,-48.786459092667805,1.0,1.0,-48.786459092667805,1.0
0.9210205078125,0.0,1.0,0.0,-48.833477081183865,1.0,1.0,-48.833477081183865,1.0
0.9212646484375,0.0,1.0,0.0,-48.88051609742287,1.0,1.0,-48.88051609742287,1.0
0.9215087890625,0.0,1.0,0.0,-48.92757614138483,1.0,1.0,-48.92757614138483,1.0
0.9217529296875,0.0,1.0,0.0,-48.97465721306974,1.0,1.0,-48.97465721306974,1.0
0.9219970703125,0.0,1.0,0.0,-49.0217593124776,1.0,1.0,-49.0217593124776,1.0
0.9222412109375,0.0,1.0,0.0,-49.06888243960841,1.0,1.0,-49.06888243960841,1.0
0.9224853515625,0.0,1.0,0.0,-49.11602659446217,1.0,1.0,-49.11602659446217,1.0
0.9227294921875,0.0,1.0,0.0,-49.16319177703888,1.0,1.0,-49.16319177703888,1.0
0.9229736328125,0.0,1.0,0.0,-49.21037798733854,1.0,1.0,-49.21037798733854,1.0
0.9232177734375,0.0,1.0,0.0,-49.25758522536115,1.0,1.0,-49.25758522536115,1.0
0.9234619140625,0.0,1.0,0.0,-49.30481349110671,1.0,1.0,-49.30481349110671,1.0
0.9237060546875,0.0,1.0,0.0,-49.35206278457522,1.0,1.0,-49.35206278457522,1.0
0.9239501953125,0.0,1.0,0.0,-49.39933310576667,1.0,1.0,-49.39933310576667,1.0
0.9241943359375,0.0,1.0,0.0,-49.446624454681086,1.0,1.0,-49.446624454681086,1.0
0.9244384765625,0.0,1.0,0.0,-49.49393683131844,1.0,1.0,-49.49393683131844,1.0
0.9246826171875,0.0,1.0,0.0,-49.54127023567875,1.0,1.0,-49.54127023567875,1.0
0.9249267578125,0.0,1.0,0.0,-49.58862466776201,1.0,1.0,-49.58862466776201,1.0
0.9251708984375,0.0,1.0,0.0,-49.63600012756822,1.0,1.0,-49.63600012756822,1.0
0.9254150390625,0.0,1.0,0.0,-49.68339661509737,1.0,1.0,-49.68339661509737,1.0
0.9256591796875,0.0,1.0,0.0,-49.730814130349486,1.0,1.0,-49.730814130349486,1.0
0.9259033203125,0.0,1.0,0.0,-49.778252673324545,1.0,1.0,-49.778252673324545,1.0
0.9261474609375,0.0,1.0,0.0,-49.82571224402255,1.0,1.0,-49.82571224402255,1.0
0.9263916015625,0.0,1.0,0.0,-49.87319284244351,1.0,1.0,-49.87319284244351,1.0
0.9266357421875,0.0,1.0,0.0,-49.92069446858742,1.0,1.0,-49.92069446858742,1.0
0.9268798828125,0.0,1.0,0.0,-49.96821712245428,1.0,1.0,-49.96821712245428,1.0
0.9271240234375,0.0,1.0,0.0,-50.015760804044085,1.0,1.0,-50.015760804044085,1.0
0.9273681640625,0.0,1.0,0.0,-50.063325513356844,1.0,1.0,-50.063325513356844,1.0
0.9276123046875,0.0,1.0,0.0,-50.11091125039255,1.0,1.0,-50.11091125039255,1.0
0.9278564453125,0.0,1.0,0.0,-50.15851801515121,1.0,1.0,-50.15851801515121,1.0
0.9281005859375,0.0,1.0,0.0,-50.206145807632815,1.0,1.0,-50.206145807632815,1.0
0.9283447265625,0.0,1.0,0.0,-50.25379462783737,1.0,1.0,-50.25379462783737,1.0
0.9285888671875,0.0,1.0,0.0,-50.30146447576488,1.0,1.0,-50.30146447576488,1.0
0.9288330078125,0.0,1.0,0.0,-50.34915535141534,1.0,1.0,-50.34915535141534,1.0
0.9290771484375,0.0,1.0,0.0,-50.396867254788745,1.0,1.0,-50.396867254788745,1.0
0.9293212890625,0.0,1.0,0.0,-50.4446001858851,1.0,1.0,-50.4446001858851,1.0
0.9295654296875,0.0,1.0,0.0,-50.49235414470441,1.0,1.0,-50.49235414470441,1.0
0.9298095703125,0.0,1.0,0.0,-50.540129131246665,1.0,1.0,-50.540129131246665,1.0
0.9300537109375,0.0,1.0,0.0,-50.587925145511875,1.0,1.0,-50.587925145511875,1.0
0.9302978515625,0.0,1.0,0.0,-50.63574218750003,1.0,1.0,-50.63574218750003,1.0
0.9305419921875,0.0,1.0,0.0,-50.68358025721114,1.0,1.0,-50.68358025721114,1.0
0.9307861328125,0.0,1.0,0.0,-50.7314393546452,1.0,1.0,-50.7314393546452,1.0
0.9310302734375,0.0,1.0,0.0,-50.779319479802204,1.0,1.0,-50.779319479802204,1.0
0.9312744140625,0.0,1.0,0.0,-50.82722063268216,1.0,1.0,-50.82722063268216,1.0
0.9315185546875,0.0,1.0,0.0,-50.875142813285066,1.0,1.0,-50.875142813285066,1.0
0.9317626953125,0.0,1.0,0.0,-50.92308602161092,1.0,1.0,-50.92308602161092,1.0
0.9320068359375,0.0,1.0,0.0,-50.97105025765973,1.0,1.0,-50.97105025765973,1.0
0.9322509765625,0.0,1.0,0.0,-51.01903552143149,1.0,1.0,-51.01903552143149,1.0
0.9324951171875,0.0,1.0,0.0,-51.06704181292619,1.0,1.0,-51.06704181292619,1.0
0.9327392578125,0.0,1.0,0.0,-51.11506913214385,1.0,1.0,-51.11506913214385,1.0
0.9329833984375,0.0,1.0,0.0,-51.163117479084455,1.0,1.0,-51.163117479084455,1.0
0.9332275390625,0.0,1.0,0.0,-51.21118685374801,1.0,1.0,-51.21118685374801,1.0
0.9334716796875,0.0,1.0,0.0,-51.25927725613452,1.0,1.0,-51.25927725613452,1.0
0.9337158203125,0.0,1.0,0.0,-51.307388686243975,1.0,1.0,-51.307388686243975,1.0
0.9339599609375,0.0,1.0,0.0,-51.355521144076384,1.0,1.0,-51.355521144076384,1.0
0.9342041015625,0.0,1.0,0.0,-51.40367462963174,1.0,1.0,-51.40367462963174,1.0
0.9344482421875,0.0,1.0,0.0,-51.45184914291004,1.0,1.0,-51.45184914291004,1.0
0.9346923828125,0.0,1.0,0.0,-51.5000446839113,1.0,1.0,-51.5000446839113,1.0
0.9349365234375,0.0,1.0,0.0,-51.548261252635506,1.0,1.0,-51.548261252635506,1.0
0.9351806640625,0.0,1.0,0.0,-51.596498849082664,1.0,1.0,-51.596498849082664,1.0
0.9354248046875,0.0,1.0,0.0,-51.64475747325277,1.0,1.0,-51.64475747325277,1.0
0.9356689453125,0.0,1.0,0.0,-51.69303712514583,1.0,1.0,-51.69303712514583,1.0
0.9359130859375,0.0,1.0,0.0,-51.741337804761834,1.0,1.0,-51.741337804761834,1.0
0.9361572265625,0.0,1.0,0.0,-51.78965951210078,1.0,1.0,-51.78965951210078,1.0
0.9364013671875,0.0,1.0,0.0,-51.83800224716269,1.0,1.0,-51.83800224716269,1.0
0.9366455078125,0.0,1.0,0.0,-51.88636600994755,1.0,1.0,-51.88636600994755,1.0
0.9368896484375,0.0,1.0,0.0,-51.934750800455355,1.0,1.0,-51.934750800455355,1.0
0.9371337890625,0.0,1.0,0.0,-51.98315661868611,1.0,1.0,-51.98315661868611,1.0
0.9373779296875,0.0,1.0,0.0,-52.031583464639816,1.0,1.0,-52.031583464639816,1.0
0.9376220703125,0.0,1.0,0.0,-52.080031338316466,1.0,1.0,-52.080031338316466,1.0
0.9378662109375,0.0,1.0,0.0,-52.128500239716075,1.0,1.0,-52.128500239716075,1.0
0.9381103515625,0.0,1.0,0.0,-52.17699016883863,1.0,1.0,-52.17699016883863,1.0
0.9383544921875,0.0,1.0,0.0,-52.22550112568413,1.0,1.0,-52.22550112568413,1.0
0.9385986328125,0.0,1.0,0.0,-52.27403311025259,1.0,1.0,-52.27403311025259,1.0
0.9388427734375,0.0,1.0,0.0,-52.322586122543996,1.0,1.0,-52.322586122543996,1.0
0.9390869140625,0.0,1.0,0.0,-52.37116016255835,1.0,1.0,-52.37116016255835,1.0
0.9393310546875,0.0,1.0,0.0,-52.41975523029566,1.0,1.0,-52.41975523029566,1.0
0.9395751953125,0.0,1.0,0.0,-52.46837132575591,1.0,1.0,-52.46837132575591,1.0
0.9398193359375,0.0,1.0,0.0,-52.517008448939116,1.0,1.0,-52.517008448939116,1.0
0.9400634765625,0.0,1.0,0.0,-52.56566659984527,1.0,1.0,-52.56566659984527,1.0
0.9403076171875,0.0,1.0,0.0,-52.61434577847437,1.0,1.0,-52.61434577847437,1.0
0.9405517578125,0.0,1.0,0.0,-52.663045984826425,1.0,1.0,-52.663045984826425,1.0
0.9407958984375,0.0,1.0,0.0,-52.711767218901436,1.0,1.0,-52.711767218901436,1.0
0.9410400390625,0.0,1.0,0.0,-52.76050948069939,1.0,1.0,-52.76050948069939,1.0
0.9412841796875,0.0,1.0,0.0,-52.80927277022029,1.0,1.0,-52.80927277022029,1.0
0.9415283203125,0.0,1.0,0.0,-52.85805708746415,1.0,1.0,-52.85805708746415,1.0
0.9417724609375,0.0,1.0,0.0,-52.90686243243095,1.0,1.0,-52.90686243243095,1.0
0.9420166015625,0.0,1.0,0.0,-52.9556888051207,1.0,1.0,-52.9556888051207,1.0
0.9422607421875,0.0,1.0,0.0,-53.004536205533405,1.0,1.0,-53.004536205533405,1.0
0.9425048828125,0.0,1.0,0.0,-53.05340463366906,1.0,1.0,-53.05340463366906,1.0
0.9427490234375,0.0,1.0,0.0,-53.10229408952767,1.0,1.0,-53.10229408952767,1.0
0.9429931640625,0.0,1.0,0.0,-53.15120457310922,1.0,1.0,-53.15120457310922,1.0
0.9432373046875,0.0,1.0,0.0,-53.20013608441372,1.0,1.0,-53.20013608441372,1.0
0.9434814453125,0.0,1.0,0.0,-53.24908862344118,1.0,1.0,-53.24908862344118,1.0
0.9437255859375,0.0,1.0,0.0,-53.29806219019158,1.0,1.0,-53.29806219019158,1.0
0.9439697265625,0.0,1.0,0.0,-53.347056784664936,1.0,1.0,-53.347056784664936,1.0
0.9442138671875,0.0,1.0,0.0,-53.39607240686124,1.0,1.0,-53.39607240686124,1.0
0.9444580078125,0.0,1.0,0.0,-53.445109056780495,1.0,1.0,-53.445109056780495,1.0
0.9447021484375,0.0,1.0,0.0,-53.4941667344227,1.0,1.0,-53.4941667344227,1.0
0.9449462890625,0.0,1.0,0.0,-53.54324543978785,1.0,1.0,-53.54324543978785,1.0
0.9451904296875,0.0,1.0,0.0,-53.59234517287595,1.0,1.0,-53.59234517287595,1.0
0.9454345703125,0.0,1.0,0.0,-53.64146593368701,1.0,1.0,-53.64146593368701,1.0
0.9456787109375,0.0,1.0,0.0,-53.69060772222101,1.0,1.0,-53.69060772222101,1.0
0.9459228515625,0.0,1.0,0.0,-53.73977053847796,1.0,1.0,-53.73977053847796,1.0
0.9461669921875,0.0,1.0,0.0,-53.78895438245787,1.0,1.0,-53.78895438245787,1.0
0.9464111328125,0.0,1.0,0.0,-53.83815925416072,1.0,1.0,-53.83815925416072,1.0
0.9466552734375,0.0,1.0,0.0,-53.88738515358652,1.0,1.0,-53.88738515358652,1.0
0.9468994140625,0.0,1.0,0.0,-53.93663208073527,1.0,1.0,-53.93663208073527,1.0
0.9471435546875,0.0,1.0,0.0,-53.98590003560698,1.0,1.0,-53.98590003560698,1.0
0.9473876953125,0.0,1.0,0.0,-54.03518901820163,1.0,1.0,-54.03518901820163,1.0
0.9476318359375,0.0,1.0,0.0,-54.08449902851923,1.0,1.0,-54.08449902851923,1.0
0.9478759765625,0.0,1.0,0.0,-54.13383006655979,1.0,1.0,-54.13383006655979,1.0
0.9481201171875,0.0,1.0,0.0,-54.18318213232329,1.0,1.0,-54.18318213232329,1.0
0.9483642578125,0.0,1.0,0.0,-54.23255522580974,1.0,1.0,-54.23255522580974,1.0
0.9486083984375,0.0,1.0,0.0,-54.28194934701914,1.0,1.0,-54.28194934701914,1.0
0.9488525390625,0.0,1.0,0.0,-54.3313644959515,1.0,1.0,-54.3313644959515,1.0
0.9490966796875,0.0,1.0,0.0,-54.380800672606796,1.0,1.0,-54.380800672606796,1.0
0.9493408203125,0.0,1.0,0.0,-54.43025787698505,1.0,1.0,-54.43025787698505,1.0
0.9495849609375,0.0,1.0,0.0,-54.479736109086254,1.0,1.0,-54.479736109086254,1.0
0.9498291015625,0.0,1.0,0.0,-54.529235368910406,1.0,1.0,-54.529235368910406,1.0
0.9500732421875,0.0,1.0,0.0,-54.57875565645751,1.0,1.0,-54.57875565645751,1.0
0.9503173828125,0.0,1.0,0.0,-54.62829697172756,1.0,1.0,-54.62829697172756,1.0
0.9505615234375,0.0,1.0,0.0,-54.677859314720564,1.0,1.0,-54.677859314720564,1.0
0.9508056640625,0.0,1.0,0.0,-54.727442685436515,1.0,1.0,-54.727442685436515,1.0
0.9510498046875,0.0,1.0,0.0,-54.777047083875416,1.0,1.0,-54.777047083875416,1.0
0.9512939453125,0.0,1.0,0.0,-54.82667251003727,1.0,1.0,-54.82667251003727,1.0
0.9515380859375,0.0,1.0,0.0,-54.87631896392207,1.0,1.0,-54.87631896392207,1.0
0.9517822265625,0.0,1.0,0.0,-54.92598644552982,1.0,1.0,-54.92598644552982,1.0
0.9520263671875,0.0,1.0,0.0,-54.97567495486052,1.0,1.0,-54.97567495486052,1.0
0.9522705078125,0.0,1.0,0.0,-55.025384491914174,1.0,1.0,-55.025384491914174,1.0
0.9525146484375,0.0,1.0,0.0,-55.07511505669078,1.0,1.0,-55.07511505669078,1.0
0.9527587890625,0.0,1.0,0.0,-55.124866649190324,1.0,1.0,-55.124866649190324,1.0
0.9530029296875,0.0,1.0,0.0,-55.17463926941283,1.0,1.0,-55.17463926941283,1.0
0.9532470703125,0.0,1.0,0.0,-55.22443291735828,1.0,1.0,-55.22443291735828,1.0
0.9534912109375,0.0,1.0,0.0,-55.27424759302668,1.0,1.0,-55.27424759302668,1.0
0.9537353515625,0.0,1.0,0.0,-55.32408329641803,1.0,1.0,-55.32408329641803,1.0
0.9539794921875,0.0,1.0,0.0,-55.373940027532335,1.0,1.0,-55.373940027532335,1.0
0.9542236328125,0.0,1.0,0.0,-55.42381778636958,1.0,1.0,-55.42381778636958,1.0
0.9544677734375,0.0,1.0,0.0,-55.47371657292979,1.0,1.0,-55.47371657292979,1.0
0.9547119140625,0.0,1.0,0.0,-55.52363638721294,1.0,1.0,-55.52363638721294,1.0
0.9549560546875,0.0,1.0,0.0,-55.57357722921904,1.0,1.0,-55.57357722921904,1.0
0.9552001953125,0.0,1.0,0.0,-55.623539098948086,1.0,1.0,-55.623539098948086,1.0
0.9554443359375,0.0,1.0,0.0,-55.67352199640009,1.0,1.0,-55.67352199640009,1.0
0.9556884765625,0.0,1.0,0.0,-55.72352592157504,1.0,1.0,-55.72352592157504,1.0
0.9559326171875,0.0,1.0,0.0,-55.77355087447294,1.0,1.0,-55.77355087447294,1.0
0.9561767578125,0.0,1.0,0.0,-55.82359685509379,1.0,1.0,-55.82359685509379,1.0
0.9564208984375,0.0,1.0,0.0,-55.87366386343759,1.0,1.0,-55.87366386343759,1.0
0.9566650390625,0.0,1.0,0.0,-55.92375189950434,1.0,1.0,-55.92375189950434,1.0
0.9569091796875,0.0,1.0,0.0,-55.973860963294044,1.0,1.0,-55.973860963294044,1.0
0.9571533203125,0.0,1.0,0.0,-56.02399105480669,1.0,1.0,-56.02399105480669,1.0
0.9573974609375,0.0,1.0,0.0,-56.074142174042294,1.0,1.0,-56.074142174042294,1.0
0.9576416015625,0.0,1.0,0.0,-56.124314321000845,1.0,1.0,-56.124314321000845,1.0
0.9578857421875,0.0,1.0,0.0,-56.17450749568234,1.0,1.0,-56.17450749568234,1.0
0.9581298828125,0.0,1.0,0.0,-56.224721698086796,1.0,1.0,-56.224721698086796,1.0
0.9583740234375,0.0,1.0,0.0,-56.274956928214195,1.0,1.0,-56.274956928214195,1.0
0.9586181640625,0.0,1.0,0.0,-56.325213186064545,1.0,1.0,-56.325213186064545,1.0
0.9588623046875,0.0,1.0,0.0,-56.375490471637846,1.0,1.0,-56.375490471637846,1.0
0.9591064453125,0.0,1.0,0.0,-56.42578878493409,1.0,1.0,-56.42578878493409,1.0
0.9593505859375,0.0,1.0,0.0,-56.476108125953296,1.0,1.0,-56.476108125953296,1.0
0.9595947265625,0.0,1.0,0.0,-56.526448494695444,1.0,1.0,-56.526448494695444,1.0
0.9598388671875,0.0,1.0,0.0,-56.57680989116054,1.0,1.0,-56.57680989116054,1.0
0.9600830078125,0.0,1.0,0.0,-56.627192315348594,1.0,1.0,-56.627192315348594,1.0
0.9603271484375,0.0,1.0,0.0,-56.67759576725959,1.0,1.0,-56.67759576725959,1.0
0.9605712890625,0.0,1.0,0.0,-56.72802024689354,1.0,1.0,-56.72802024689354,1.0
0.9608154296875,0.0,1.0,0.0,-56.77846575425044,1.0,1.0,-56.77846575425044,1.0
0.9610595703125,0.0,1.0,0.0,-56.82893228933029,1.0,1.0,-56.82893228933029,1.0
0.9613037109375,0.0,1.0,0.0,-56.87941985213309,1.0,1.0,-56.87941985213309,1.0
0.9615478515625,0.0,1.0,0.0,-56.929928442658834,1.0,1.0,-56.929928442658834,1.0
0.9617919921875,0.0,1.0,0.0,-56.98045806090754,1.0,1.0,-56.98045806090754,1.0
0.9620361328125,0.0,1.0,0.0,-57.031008706879184,1.0,1.0,-57.031008706879184,1.0
0.9622802734375,0.0,1.0,0.0,-57.08158038057378,1.0,1.0,-57.08158038057378,1.0
0.9625244140625,0.0,1.0,0.0,-57.13217308199133,1.0,1.0,-57.13217308199133,1.0
0.9627685546875,0.0,1.0,0.0,-57.182786811131834,1.0,1.0,-57.182786811131834,1.0
0.9630126953125,0.0,1.0,0.0,-57.23342156799528,1.0,1.0,-57.23342156799528,1.0
0.9632568359375,0.0,1.0,0.0,-57.28407735258168,1.0,1.0,-57.28407735258168,1.0
0.9635009765625,0.0,1.0,0.0,-57.33475416489103,1.0,1.0,-57.33475416489103,1.0
0.9637451171875,0.0,1.0,0.0,-57.38545200492333,1.0,1.0,-57.38545200492333,1.0
0.9639892578125,0.0,1.0,0.0,-57.436170872678574,1.0,1.0,-57.436170872678574,1.0
0.9642333984375,0.0,1.0,0.0,-57.486910768156775,1.0,1.0,-57.486910768156775,1.0
0.9644775390625,0.0,1.0,0.0,-57.53767169135792,1.0,1.0,-57.53767169135792,1.0
0.9647216796875,0.0,1.0,0.0,-57.58845364228202,1.0,1.0,-57.58845364228202,1.0
0.9649658203125,0.0,1.0,0.0,-57.63925662092907,1.0,1.0,-57.63925662092907,1.0
0.9652099609375,0.0,1.0,0.0,-57.69008062729907,1.0,1.0,-57.69008062729907,1.0
0.9654541015625,0.0,1.0,0.0,-57.74092566139201,1.0,1.0,-57.74092566139201,1.0
0.9656982421875,0.0,1.0,0.0,-57.791791723207915,1.0,1.0,-57.791791723207915,1.0
0.9659423828125,0.0,1.0,0.0,-57.84267881274676,1.0,1.0,-57.84267881274676,1.0
0.9661865234375,0.0,1.0,0.0,-57.89358693000856,1.0,1.0,-57.89358693000856,1.0
0.9664306640625,0.0,1.0,0.0,-57.94451607499331,1.0,1.0,-57.94451607499331,1.0
0.9666748046875,0.0,1.0,0.0,-57.995466247701,1.0,1.0,-57.995466247701,1.0
0.9669189453125,0.0,1.0,0.0,-58.046437448131655,1.0,1.0,-58.046437448131655,1.0
0.9671630859375,0.0,1.0,0.0,-58.09742967628525,1.0,1.0,-58.09742967628525,1.0
0.9674072265625,0.0,1.0,0.0,-58.1484429321618,1.0,1.0,-58.1484429321618,1.0
0.9676513671875,0.0,1.0,0.0,-58.1994772157613,1.0,1.0,-58.1994772157613,1.0
0.9678955078125,0.0,1.0,0.0,-58.25053252708374,1.0,1.0,-58.25053252708374,1.0
0.9681396484375,0.0,1.0,0.0,-58.30160886612914,1.0,1.0,-58.30160886612914,1.0
0.9683837890625,0.0,1.0,0.0,-58.35270623289749,1.0,1.0,-58.35270623289749,1.0
0.9686279296875,0.0,1.0,0.0,-58.403824627388786,1.0,1.0,-58.403824627388786,1.0
0.9688720703125,0.0,1.0,0.0,-58.454964049603035,1.0,1.0,-58.454964049603035,1.0
0.9691162109375,0.0,1.0,0.0,-58.50612449954023,1.0,1.0,-58.50612449954023,1.0
0.9693603515625,0.0,1.0,0.0,-58.55730597720038,1.0,1.0,-58.55730597720038,1.0
0.9696044921875,0.0,1.0,0.0,-58.608508482583474,1.0,1.0,-58.608508482583474,1.0
0.9698486328125,0.0,1.0,0.0,-58.65973201568952,1.0,1.0,-58.65973201568952,1.0
0.9700927734375,0.0,1.0,0.0,-58.71097657651852,1.0,1.0,-58.71097657651852,1.0
0.9703369140625,0.0,1.0,0.0,-58.76224216507047,1.0,1.0,-58.76224216507047,1.0
0.9705810546875,0.0,1.0,0.0,-58.81352878134536,1.0,1.0,-58.81352878134536,1.0
0.9708251953125,0.0,1.0,0.0,-58.864836425343206,1.0,1.0,-58.864836425343206,1.0
0.9710693359375,0.0,1.0,0.0,-58.91616509706401,1.0,1.0,-58.91616509706401,1.0
0.9713134765625,0.0,1.0,0.0,-58.96751479650775,1.0,1.0,-58.96751479650775,1.0
0.9715576171875,0.0,1.0,0.0,-59.01888552367445,1.0,1.0,-59.01888552367445,1.0
0.9718017578125,0.0,1.0,0.0,-59.0702772785641,1.0,1.0,-59.0702772785641,1.0
0.9720458984375,0.0,1.0,0.0,-59.12169006117669,1.0,1.0,-59.12169006117669,1.0
0.9722900390625,0.0,1.0,0.0,-59.17312387151224,1.0,1.0,-59.17312387151224,1.0
0.9725341796875,0.0,1.0,0.0,-59.224578709570736,1.0,1.0,-59.224578709570736,1.0
0.9727783203125,0.0,1.0,0.0,-59.276054575352184,1.0,1.0,-59.276054575352184,1.0
0.9730224609375,0.0,1.0,0.0,-59.327551468856576,1.0,1.0,-59.327551468856576,1.0
0.9732666015625,0.0,1.0,0.0,-59.37906939008393,1.0,1.0,-59.37906939008393,1.0
0.9735107421875,0.0,1.0,0.0,-59.43060833903422,1.0,1.0,-59.43060833903422,1.0
0.9737548828125,0.0,1.0,0.0,-59.48216831570747,1.0,1.0,-59.48216831570747,1.0
0.9739990234375,0.0,1.0,0.0,-59.53374932010366,1.0,1.0,-59.53374932010366,1.0
0.9742431640625,0.0,1.0,0.0,-59.58535135222281,1.0,1.0,-59.58535135222281,1.0
0.9744873046875,0.0,1.0,0.0,-59.6369744120649,1.0,1.0,-59.6369744120649,1.0
0.9747314453125,0.0,1.0,0.0,-59.688618499629946,1.0,1.0,-59.688618499629946,1.0
0.9749755859375,0.0,1.0,0.0,-59.74028361491794,1.0,1.0,-59.74028361491794,1.0
0.9752197265625,0.0,1.0,0.0,-59.79196975792889,1.0,1.0,-59.79196975792889,1.0
0.9754638671875,0.0,1.0,0.0,-59.84367692866279,1.0,1.0,-59.84367692866279,1.0
0.9757080078125,0.0,1.0,0.0,-59.89540512711963,1.0,1.0,-59.89540512711963,1.0
0.9759521484375,0.0,1.0,0.0,-59.947154353299425,1.0,1.0,-59.947154353299425,1.0
0.9761962890625,0.0,1.0,0.0,-59.99892460720217,1.0,1.0,-59.99892460720217,1.0
0.9764404296875,0.0,1.0,0.0,-60.05071588882787,1.0,1.0,-60.05071588882787,1.0
0.9766845703125,0.0,1.0,0.0,-60.102528198176515,1.0,1.0,-60.102528198176515,1.0
0.9769287109375,0.0,1.0,0.0,-60.15436153524811,1.0,1.0,-60.15436153524811,1.0
0.9771728515625,0.0,1.0,0.0,-60.20621590004265,1.0,1.0,-60.20621590004265,1.0
0.9774169921875,0.0,1.0,0.0,-60.25809129256015,1.0,1.0,-60.25809129256015,1.0
0.9776611328125,0.0,1.0,0.0,-60.30998771280059,1.0,1.0,-60.30998771280059,1.0
0.9779052734375,0.0,1.0,0.0,-60.36190516076399,1.0,1.0,-60.36190516076399,1.0
0.9781494140625,0.0,1.0,0.0,-60.41384363645033,1.0,1.0,-60.41384363645033,1.0
0.9783935546875,0.0,1.0,0.0,-60.46580313985963,1.0,1.0,-60.46580313985963,1.0
0.9786376953125,0.0,1.0,0.0,-60.517783670991875,1.0,1.0,-60.517783670991875,1.0
0.9788818359375,0.0,1.0,0.0,-60.56978522984707,1.0,1.0,-60.56978522984707,1.0
0.9791259765625,0.0,1.0,0.0,-60.62180781642521,1.0,1.0,-60.62180781642521,1.0
0.9793701171875,0.0,1.0,0.0,-60.67385143072631,1.0,1.0,-60.67385143072631,1.0
0.9796142578125,0.0,1.0,0.0,-60.72591607275035,1.0,1.0,-60.72591607275035,1.0
0.9798583984375,0.0,1.0,0.0,-60.778001742497345,1.0,1.0,-60.778001742497345,1.0
0.9801025390625,0.0,1.0,0.0,-60.83010843996729,1.0,1.0,-60.83010843996729,1.0
0.9803466796875,0.0,1.0,0.0,-60.88223616516019,1.0,1.0,-60.88223616516019,1.0
0.9805908203125,0.0,1.0,0.0,-60.93438491807603,1.0,1.0,-60.93438491807603,1.0
0.9808349609375,0.0,1.0,0.0,-60.986554698714826,1.0,1.0,-60.986554698714826,1.0
0.9810791015625,0.0,1.0,0.0,-61.03874550707657,1.0,1.0,-61.03874550707657,1.0
0.9813232421875,0.0,1.0,0.0,-61.090957343161264,1.0,1.0,-61.090957343161264,1.0
0.9815673828125,0.0,1.0,0.0,-61.1431902069689,1.0,1.0,-61.1431902069689,1.0
0.9818115234375,0.0,1.0,0.0,-61.1954440984995,1.0,1.0,-61.1954440984995,1.0
0.9820556640625,0.0,1.0,0.0,-61.24771901775304,1.0,1.0,-61.24771901775304,1.0
0.9822998046875,0.0,1.0,0.0,-61.300014964729534,1.0,1.0,-61.300014964729534,1.0
0.9825439453125,0.0,1.0,0.0,-61.35233193942898,1.0,1.0,-61.35233193942898,1.0
0.9827880859375,0.0,1.0,0.0,-61.404669941851374,1.0,1.0,-61.404669941851374,1.0
0.9830322265625,0.0,1.0,0.0,-61.45702897199672,1.0,1.0,-61.45702897199672,1.0
0.9832763671875,0.0,1.0,0.0,-61.50940902986501,1.0,1.0,-61.50940902986501,1.0
0.9835205078125,0.0,1.0,0.0,-61.561810115456254,1.0,1.0,-61.561810115456254,1.0
0.9837646484375,0.0,1.0,0.0,-61.61423222877045,1.0,1.0,-61.61423222877045,1.0
0.9840087890625,0.0,1.0,0.0,-61.66667536980759,1.0,1.0,-61.66667536980759,1.0
0.9842529296875,0.0,1.0,0.0,-61.71913953856769,1.0,1.0,-61.71913953856769,1.0
0.9844970703125,0.0,1.0,0.0,-61.77162473505073,1.0,1.0,-61.77162473505073,1.0
0.9847412109375,0.0,1.0,0.0,-61.82413095925672,1.0,1.0,-61.82413095925672,1.0
0.9849853515625,0.0,1.0,0.0,-61.876658211185664,1.0,1.0,-61.876658211185664,1.0
0.9852294921875,0.0,1.0,0.0,-61.92920649083756,1.0,1.0,-61.92920649083756,1.0
0.9854736328125,0.0,1.0,0.0,-61.981775798212404,1.0,1.0,-61.981775798212404,1.0
0.9857177734375,0.0,1.0,0.0,-62.03436613331019,1.0,1.0,-62.03436613331019,1.0
0.9859619140625,0.0,1.0,0.0,-62.086977496130935,1.0,1.0,-62.086977496130935,1.0
0.9862060546875,0.0,1.0,0.0,-62.139609886674634,1.0,1.0,-62.139609886674634,1.0
0.9864501953125,0.0,1.0,0.0,-62.19226330494127,1.0,1.0,-62.19226330494127,1.0
0.9866943359375,0.0,1.0,0.0,-62.244937750930866,1.0,1.0,-62.244937750930866,1.0
0.9869384765625,0.0,1.0,0.0,-62.297633224643405,1.0,1.0,-62.297633224643405,1.0
0.9871826171875,0.0,1.0,0.0,-62.3503497260789,1.0,1.0,-62.3503497260789,1.0
0.9874267578125,0.0,1.0,0.0,-62.403087255237345,1.0,1.0,-62.403087255237345,1.0
0.9876708984375,0.0,1.0,0.0,-62.45584581211874,1.0,1.0,-62.45584581211874,1.0
0.9879150390625,0.0,1.0,0.0,-62.508625396723076,1.0,1.0,-62.508625396723076,1.0
0.9881591796875,0.0,1.0,0.0,-62.56142600905037,1.0,1.0,-62.56142600905037,1.0
0.9884033203125,0.0,1.0,0.0,-62.61424764910061,1.0,1.0,-62.61424764910061,1.0
0.9886474609375,0.0,1.0,0.0,-62.667090316873804,1.0,1.0,-62.667090316873804,1.0
0.9888916015625,0.0,1.0,0.0,-62.719954012369946,1.0,1.0,-62.719954012369946,1.0
0.9891357421875,0.0,1.0,0.0,-62.77283873558904,1.0,1.0,-62.77283873558904,1.0
0.9893798828125,0.0,1.0,0.0,-62.82574448653108,1.0,1.0,-62.82574448653108,1.0
0.9896240234375,0.0,1.0,0.0,-62.878671265196076,1.0,1.0,-62.878671265196076,1.0
0.9898681640625,0.0,1.0,0.0,-62.93161907158402,1.0,1.0,-62.93161907158402,1.0
0.9901123046875,0.0,1.0,0.0,-62.98458790569491,1.0,1.0,-62.98458790569491,1.0
0.9903564453125,0.0,1.0,0.0,-63.037577767528745,1.0,1.0,-63.037577767528745,1.0
0.9906005859375,0.0,1.0,0.0,-63.09058865708555,1.0,1.0,-63.09058865708555,1.0
0.9908447265625,0.0,1.0,0.0,-63.143620574365286,1.0,1.0,-63.143620574365286,1.0
0.9910888671875,0.0,1.0,0.0,-63.19667351936798,1.0,1.0,-63.19667351936798,1.0
0.9913330078125,0.0,1.0,0.0,-63.24974749209362,1.0,1.0,-63.24974749209362,1.0
0.9915771484375,0.0,1.0,0.0,-63.30284249254221,1.0,1.0,-63.30284249254221,1.0
0.9918212890625,0.0,1.0,0.0,-63.35595852071374,1.0,1.0,-63.35595852071374,1.0
0.9920654296875,0.0,1.0,0.0,-63.40909557660824,1.0,1.0,-63.40909557660824,1.0
0.9923095703125,0.0,1.0,0.0,-63.462253660225684,1.0,1.0,-63.462253660225684,1.0
0.9925537109375,0.0,1.0,0.0,-63.51543277156607,1.0,1.0,-63.51543277156607,1.0
0.9927978515625,0.0,1.0,0.0,-63.56863291062942,1.0,1.0,-63.56863291062942,1.0
0.9930419921875,0.0,1.0,0.0,-63.621854077415705,1.0,1.0,-63.621854077415705,1.0
0.9932861328125,0.0,1.0,0.0,-63.67509627192494,1.0,1.0,-63.67509627192494,1.0
0.9935302734375,0.0,1.0,0.0,-63.72835949415713,1.0,1.0,-63.72835949415713,1.0
0.9937744140625,0.0,1.0,0.0,-63.78164374411227,1.0,1.0,-63.78164374411227,1.0
0.9940185546875,0.0,1.0,0.0,-63.834949021790365,1.0,1.0,-63.834949021790365,1.0
0.9942626953125,0.0,1.0,0.0,-63.88827532719141,1.0,1.0,-63.88827532719141,1.0
0.9945068359375,0.0,1.0,0.0,-63.9416226603154,1.0,1.0,-63.9416226603154,1.0
0.9947509765625,0.0,1.0,0.0,-63.994991021162335,1.0,1.0,-63.994991021162335,1.0
0.9949951171875,0.0,1.0,0.0,-64.04838040973223,1.0,1.0,-64.04838040973223,1.0
0.9952392578125,0.0,1.0,0.0,-64.10179082602507,1.0,1.0,-64.10179082602507,1.0
0.9954833984375,0.0,1.0,0.0,-64.15522227004087,1.0,1.0,-64.15522227004087,1.0
0.9957275390625,0.0,1.0,0.0,-64.2086747417796,1.0,1.0,-64.2086747417796,1.0
0.9959716796875,0.0,1.0,0.0,-64.26214824124129,1.0,1.0,-64.26214824124129,1.0
0.9962158203125,0.0,1.0,0.0,-64.31564276842593,1.0,1.0,-64.31564276842593,1.0
0.9964599609375,0.0,1.0,0.0,-64.36915832333352,1.0,1.0,-64.36915832333352,1.0
0.9967041015625,0.0,1.0,0.0,-64.42269490596406,1.0,1.0,-64.42269490596406,1.0
0.9969482421875,0.0,1.0,0.0,-64.47625251631756,1.0,1.0,-64.47625251631756,1.0
0.9971923828125,0.0,1.0,0.0,-64.52983115439399,1.0,1.0,-64.52983115439399,1.0
0.9974365234375,0.0,1.0,0.0,-64.58343082019339,1.0,1.0,-64.58343082019339,1.0
0.9976806640625,0.0,1.0,0.0,-64.63705151371572,1.0,1.0,-64.63705151371572,1.0
0.9979248046875,0.0,1.0,0.0,-64.69069323496102,1.0,1.0,-64.69069323496102,1.0
0.9981689453125,0.0,1.0,0.0,-64.74435598392925,1.0,1.0,-64.74435598392925,1.0
0.9984130859375,0.0,1.0,0.0,-64.79803976062044,1.0,1.0,-64.79803976062044,1.0
0.9986572265625,0.0,1.0,0.0,-64.85174456503458,1.0,1.0,-64.85174456503458,1.0
0.9989013671875,0.0,1.0,0.0,-64.90547039717167,1.0,1.0,-64.90547039717167,1.0
0.9991455078125,0.0,1.0,0.0,-64.95921725703171,1.0,1.0,-64.95921725703171,1.0
0.9993896484375,0.0,1.0,0.0,-65.0129851446147,1.0,1.0,-65.0129851446147,1.0
0.9996337890625,0.0,1.0,0.0,-65.06677405992065,1.0,1.0,-65.06677405992065,1.0
0.9998779296875,0.0,1.0,0.0,-65.12058400294953,1.0,1.0,-65.12058400294953,1.0
