time,condition_a,condition_b,comparison,paired_rms_mean,paired_rms_std,baseline_projection_scale_mean,baseline_projection_scale_std,rbf_bandwidth_mean,rbf_bandwidth_std,swd_mean_mean,swd_mean_std,swd_std_mean,swd_std_std,linear_mmd2_mean_mean,linear_mmd2_mean_std,linear_mmd2_std_mean,linear_mmd2_std_std,c2st_auc_mean_mean,c2st_auc_mean_std,c2st_auc_std_mean,c2st_auc_std_std,swd_mean_excess_over_split_null_mean,swd_mean_excess_over_split_null_std,linear_mmd2_mean_excess_over_split_null_mean,linear_mmd2_mean_excess_over_split_null_std,c2st_auc_mean_excess_over_split_null_mean,c2st_auc_mean_excess_over_split_null_std,seed_count
0.0,baseline,baseline,within_condition_split,0.0,0.0,1.000962495803833,0.0013046978425032356,7.970922962466224,0.03784303564250046,0.10910645832467185,0.0005213578511226254,0.003881360677634,0.0005693235986630909,0.0027396784772798,0.001497084573946297,0.0045993965458914,8.303494138123656e-05,,,,,,,,,,,2
0.0,factorized_g1_r1p5,factorized_g1_r1p5,within_condition_split,0.0,0.0,1.000962495803833,0.0013046978425032356,7.970922962466224,0.03784303564250046,0.10989683385536761,0.002136220082083888,0.0044595128151726,0.001266925881769557,-0.00013235204903384997,3.9662493347099075e-06,0.0037318259373120997,0.0015741843988966635,,,,,,,,,,,2
0.0,factorized_g1p5_r1p35,factorized_g1p5_r1p35,within_condition_split,0.0,0.0,1.000962495803833,0.0013046978425032356,7.970922962466224,0.03784303564250046,0.1092122650586354,0.00012607919222864207,0.0033448182550002,0.0025498189211420356,0.0010464241634945502,0.003165812798241678,0.0061216787026082,0.003324026940193791,,,,,,,,,,,2
0.0,factorized_g2_r1p35,factorized_g2_r1p35,within_condition_split,0.0,0.0,1.000962495803833,0.0013046978425032356,7.970922962466224,0.03784303564250046,0.10870946138979046,0.002498727650251472,0.00498954176309185,0.00015926498243514831,-0.0016820236948669,0.0001197742025966463,0.0050729559847958,0.0009614482060031954,,,,,,,,,,,2
0.0,factorized_g2p5_r1p35,factorized_g2p5_r1p35,within_condition_split,0.0,0.0,1.000962495803833,0.0013046978425032356,7.970922962466224,0.03784303564250046,0.1097812470594399,0.0007638191219481646,0.0036863172363877502,0.0002670384894756578,0.00205533760841075,0.0035158104610789813,0.00480919810601695,0.00017631030904476582,,,,,,,,,,,2
0.0,factorized_g3_r1,factorized_g3_r1,within_condition_split,0.0,0.0,1.000962495803833,0.0013046978425032356,7.970922962466224,0.03784303564250046,0.10926821436845019,3.667091559959567e-05,0.00268117445494165,0.0015529748738491397,-0.0012301867762976502,0.003283290550567582,0.006799754799833401,0.0002794332891040012,,,,,,,,,,,2
0.0,closed_g3,closed_g3,within_condition_split,0.0,0.0,1.000962495803833,0.0013046978425032356,7.970922962466224,0.03784303564250046,0.10914282155073185,0.0013600413018698427,0.0036089319693242998,0.0009334524937059918,0.0013119447894384972,0.0019021278828200993,0.00373121541626045,0.0005550863206963084,,,,,,,,,,,2
0.0,baseline,factorized_g1_r1p5,cross_condition,0.0,0.0,1.000962495803833,0.0013046978425032356,7.970922962466224,0.03784303564250046,0.08121098852526196,0.00018536680445504407,0.0024325547428162998,0.00019260658444395515,-0.0025353122007723,0.0007510323123412341,0.00686692288803055,0.0020497809619088756,,,,,-0.028290657564757772,0.0011434221621482053,-0.003838975414895275,0.0015015577239817376,,,2
0.0,baseline,factorized_g1p5_r1p35,cross_condition,0.0,0.0,1.000962495803833,0.0013046978425032356,7.970922962466224,0.03784303564250046,0.08032265330377895,0.0004337376974972559,0.00326689139397405,0.0007307626822526935,-0.0042458185839372,0.0025408772300857143,0.008831907733504049,0.0005015722391264739,,,,,-0.028836708387874672,0.000757456219172897,-0.006138869904324376,0.00020942854399172642,,,2
0.0,baseline,factorized_g2_r1p35,cross_condition,0.0,0.0,1.000962495803833,0.0013046978425032356,7.970922962466224,0.03784303564250046,0.0795857085006638,0.0010250687531372612,0.0027495271539097,0.0003983111393798045,-0.00036093797144335,0.0036481762194015667,0.0061052836970639,0.0032166908796507983,,,,,-0.029322251356567346,0.002535111503824312,-0.0008897653626498,0.0029595210337267416,,,2
0.0,baseline,factorized_g2p5_r1p35,cross_condition,0.0,0.0,1.000962495803833,0.0013046978425032356,7.970922962466224,0.03784303564250046,0.0794912672731179,0.0010923259296931173,0.0038029517981091497,0.00044090478168558236,-0.00011718090907450007,0.004158592408105791,0.005783656740082,2.782033448341371e-05,,,,,-0.02995258541893797,0.0012135565651058822,-0.002514688951919775,0.0031492294645394494,,,2
0.0,baseline,factorized_g3_r1,cross_condition,0.0,0.0,1.000962495803833,0.0013046978425032356,7.970922962466224,0.03784303564250046,0.080996103666398,0.0009503701649915459,0.0033006070828191496,0.00044357961343139985,-0.00113854347168405,0.0007413844806786635,0.0051234907324268,0.0004153095977109926,,,,,-0.028191232680163013,0.0007080266972300285,-0.0018932893221751247,0.0031315720429356026,,,2
0.0,baseline,closed_g3,cross_condition,0.0,0.0,1.000962495803833,0.0013046978425032356,7.970922962466224,0.03784303564250046,0.08038592989196214,0.001690281682599413,0.0035422786089598,0.0005440291648395502,-0.0007211685002998501,1.9425436580386355e-06,0.0073648338858388,0.0011176674370834557,,,,,-0.028738710045739697,0.0007495821061031741,-0.0027469801336589984,0.0017015487720412367,,,2
0.0,factorized_g1_r1p5,factorized_g1p5_r1p35,cross_condition,0.0,0.0,1.000962495803833,0.0013046978425032356,7.970922962466224,0.03784303564250046,0.0809642874528278,0.0007824750587459498,0.0028959195220909003,0.0008919111537763855,-0.00020647447298910603,0.00018227847034999706,0.0069519793358174,0.0004033487739226705,,,,,-0.028590262004173694,0.00034867457841032516,-0.000663510530219456,0.0014026110534381968,,,2
0.0,factorized_g1_r1p5,factorized_g2_r1p35,cross_condition,0.0,0.0,1.000962495803833,0.0013046978425032356,7.970922962466224,0.03784303564250046,0.0817861011375326,0.0006215847452874977,0.0037335335760892,0.00024366471092595107,-0.0006066022595404,0.0025083262621091707,0.0058521396648701495,0.0010262632323724005,,,,,-0.027517046485046423,0.0016958891208801923,0.00030058561240997497,0.002566230238740139,,,2
0.0,factorized_g1_r1p5,factorized_g2p5_r1p35,cross_condition,0.0,0.0,1.000962495803833,0.0013046978425032356,7.970922962466224,0.03784303564250046,0.07967061072347095,0.0015268020171308803,0.0019703669000593997,0.0006848074053092002,-0.00145391322395235,0.0004398776411735358,0.0040075153504218995,0.000923302723837774,,,,,-0.030168429733932807,0.0008406015370630161,-0.0024154060036408,0.0021957997470456714,,,2
0.0,factorized_g1_r1p5,factorized_g3_r1,cross_condition,0.0,0.0,1.000962495803833,0.0013046978425032356,7.970922962466224,0.03784303564250046,0.08057560019005619,0.0010257241131718846,0.0041549815396819,0.0008010354115756515,-0.0013780939278816,0.0012940244932893705,0.005315147062846351,0.0002943635367792314,,,,,-0.029006923921852702,0.0020754986964140257,-0.00069682451521585,0.0003496039066617751,,,2
0.0,factorized_g1_r1p5,closed_g3,cross_condition,0.0,0.0,1.000962495803833,0.0013046978425032356,7.970922962466224,0.03784303564250046,0.0799439563021436,0.0012234796096112757,0.00287776339906465,0.00013926222907820042,-0.00101448576226875,0.0012084727952501595,0.0062898058868234505,0.0027115793343980275,,,,,-0.02957587140090613,0.0005246510823655872,-0.0016042821324710735,0.0002554257291727549,,,2
0.0,factorized_g1p5_r1p35,factorized_g2_r1p35,cross_condition,0.0,0.0,1.000962495803833,0.0013046978425032356,7.970922962466224,0.03784303564250046,0.0802856991420722,0.0009343747877312343,0.0028974644969612003,0.00019525972755064685,-0.00274712351994935,0.0005659583061791793,0.00448320310361115,0.000534138278215872,,,,,-0.028675164082140728,0.00037802863350882275,-0.0024293237542631746,0.002088977604001695,,,2
0.0,factorized_g1p5_r1p35,factorized_g2p5_r1p35,cross_condition,0.0,0.0,1.000962495803833,0.0013046978425032356,7.970922962466224,0.03784303564250046,0.07979839882605125,0.0007941535562515098,0.0034904792347957,0.00041889229278082224,-0.0007934905970409501,0.0006801142237801229,0.0034910347827434495,0.0009708607203135252,,,,,-0.02969835723298639,0.0011130235211112686,-0.0023443714829936,0.0008551130551987746,,,2
0.0,factorized_g1p5_r1p35,factorized_g3_r1,cross_condition,0.0,0.0,1.000962495803833,0.0013046978425032356,7.970922962466224,0.03784303564250046,0.0820079142859118,0.00023596760871096833,0.0036421675460292,0.0005053168678491776,-0.00069934887583625,0.000408089266119797,0.005513676740777,0.0019289389517638655,,,,,-0.027232325427631,0.00019126347039643532,-0.0006074675694347,0.0028164624082848326,,,2
0.0,factorized_g1p5_r1p35,closed_g3,cross_condition,0.0,0.0,1.000962495803833,0.0013046978425032356,7.970922962466224,0.03784303564250046,0.0793425422694228,0.0020005303839722415,0.0032890866699754,0.0007479313126665872,-0.0019177965395085002,0.0010375589872460096,0.0050986797943472,0.0014577997435224013,,,,,-0.029835001035260822,0.0012574701369229967,-0.0030969810159750233,0.001496411353284879,,,2
0.0,factorized_g2_r1p35,factorized_g2p5_r1p35,cross_condition,0.0,0.0,1.000962495803833,0.0013046978425032356,7.970922962466224,0.03784303564250046,0.08006021387143916,0.002856974165007455,0.00328469053277385,0.0002314699035091986,-0.00023308831267285007,0.004235275488484065,0.00448568024381065,0.0019752452033451402,,,,,-0.02918514035317602,0.001989519900855799,-0.0004197452694447751,0.006053067820321879,,,2
0.0,factorized_g2_r1p35,factorized_g3_r1,cross_condition,0.0,0.0,1.000962495803833,0.0013046978425032356,7.970922962466224,0.03784303564250046,0.08095144958687005,0.000577673851147223,0.00338217525665485,4.379856590115116e-05,-0.0008712365970895502,0.0016461573393625304,0.0070076263374141004,0.0017158383393561527,,,,,-0.028037388292250276,0.0006533545161787053,0.0005848686384927247,0.0032279155133479983,,,2
0.0,factorized_g2_r1p35,closed_g3,cross_condition,0.0,0.0,1.000962495803833,0.0013046978425032356,7.970922962466224,0.03784303564250046,0.0810248385454599,0.0014485975070988154,0.0030823364473383996,0.0010052177696406213,-0.0008730536192283501,0.0014198849871699562,0.0065417976411759,0.002019922913207911,,,,,-0.027901302924801252,0.0004807869689618394,-0.0006880141665141486,0.0005287081470582295,,,2
0.0,factorized_g2p5_r1p35,factorized_g3_r1,cross_condition,0.0,0.0,1.000962495803833,0.0013046978425032356,7.970922962466224,0.03784303564250046,0.0813500038459352,0.0003840455301087804,0.00259924547546695,0.0011245334047022399,0.0022594012622585,8.152991004167849e-05,0.00576478449306375,0.0002692807088453252,,,,,-0.02817472686800984,0.0007842905488826582,0.00184682584620195,0.00019778986529737824,,,2
0.0,factorized_g2p5_r1p35,closed_g3,cross_condition,0.0,0.0,1.000962495803833,0.0013046978425032356,7.970922962466224,0.03784303564250046,0.07997084303123475,0.0003344986307941403,0.00320026555725875,0.0005385315511011742,-0.0024625275583101,0.002089323976810854,0.0063261055047449995,0.0032985758605923467,,,,,-0.029491191273851122,0.0006326097207549891,-0.004146168757234723,0.002896165265940296,,,2
0.0,factorized_g3_r1,closed_g3,cross_condition,0.0,0.0,1.000962495803833,0.0013046978425032356,7.970922962466224,0.03784303564250046,0.0813670016530238,4.7092918212886824e-05,0.00360552500239115,0.002320204833176846,-0.0026835623930563,0.002038119061822141,0.00389202028492985,0.0010215067772229305,,,,,-0.027838516306567217,0.0007087781113480078,-0.002724441399626724,0.0005545901548716997,,,2
0.02,baseline,baseline,within_condition_split,0.0,0.0,0.9810866713523865,0.0012962684728010962,7.812833037612706,0.03688624232455909,0.10766725563688334,0.0011595919134541918,0.00428211765741115,0.0014899427778198673,-0.0007229178729066559,0.0011316701165483998,0.005441011489474,0.0005908970612653048,,,,,,,,,,,2
0.02,factorized_g1_r1p5,factorized_g1_r1p5,within_condition_split,0.0,0.0,0.9810866713523865,0.0012962684728010962,7.812833037612706,0.03688624232455909,0.10780625509256694,0.0002914535861311278,0.00358034458647615,0.00028961977814694707,0.0005141282845403999,0.0020620246900688883,0.00617257530913575,0.0014647984135483703,,,,,,,,,,,2
0.02,factorized_g1p5_r1p35,factorized_g1p5_r1p35,within_condition_split,0.0,0.0,0.9810866713523865,0.0012962684728010962,7.812833037612706,0.03688624232455909,0.10883301942318065,0.001270401001112954,0.00309940646676205,0.0007663400704576062,0.0006283514290155001,0.00046175406111168503,0.0059004024351708,0.001978049736619058,,,,,,,,,,,2
0.02,factorized_g2_r1p35,factorized_g2_r1p35,within_condition_split,0.0,0.0,0.9810866713523865,0.0012962684728010962,7.812833037612706,0.03688624232455909,0.10772541572726474,0.000852606844554788,0.0041031807240156995,0.0010593920297146371,8.691189757504994e-05,0.0024282200056385426,0.00708572978324405,0.0003380318837319859,,,,,,,,,,,2
0.02,factorized_g2p5_r1p35,factorized_g2p5_r1p35,within_condition_split,0.0,0.0,0.9810866713523865,0.0012962684728010962,7.812833037612706,0.03688624232455909,0.1061722969620723,0.0005910041218158712,0.0030859809266004503,0.0007895196959380696,-0.00190131218851175,0.0007536668176222102,0.0052187704221862,5.6080614916120185e-05,,,,,,,,,,,2
0.02,factorized_g3_r1,factorized_g3_r1,within_condition_split,0.0,0.0,0.9810866713523865,0.0012962684728010962,7.812833037612706,0.03688624232455909,0.10840641604398416,0.001004791506804404,0.00511756439837665,0.0005086805708977598,-0.00037695679222091193,0.000555004541598157,0.0060060454184124,0.0008289971322054863,,,,,,,,,,,2
0.02,closed_g3,closed_g3,within_condition_split,0.0,0.0,0.9810866713523865,0.0012962684728010962,7.812833037612706,0.03688624232455909,0.10755456639558104,0.0011594851344249111,0.00326732632161635,0.0008956008334654593,0.0005315496373564999,0.00031912460325489103,0.00591197847199675,0.0010350156566406488,,,,,,,,,,,2
0.02,baseline,factorized_g1_r1p5,cross_condition,0.00042470690095795,2.7102810816410125e-06,0.9810866713523865,0.0012962684728010962,7.812833037612706,0.03688624232455909,0.0785642419429527,0.0001387669927865032,0.00309628501715065,0.0004870286379396156,-0.00147105518454195,0.0031699461590353555,0.0061706377655107,0.0003054207971964347,,,,,-0.029172513421772447,0.0005728361564480401,-0.0013666603903588219,0.0015730987557267114,,,2
0.02,baseline,factorized_g1p5_r1p35,cross_condition,0.00057174195535475,4.1630714252383856e-06,0.9810866713523865,0.0012962684728010962,7.812833037612706,0.03688624232455909,0.079187980153795,0.001724790563494328,0.00294887124426095,0.000867262863201229,-0.0009224715638663252,0.0014170852053111919,0.0046494451923319,0.0005584582119602397,,,,,-0.02906215737623699,0.0016693860196649395,-0.0008751883419207474,0.002213797294141235,,,2
0.02,baseline,factorized_g2_r1p35,cross_condition,0.0007241760613396499,5.986087259476229e-06,0.9810866713523865,0.0012962684728010962,7.812833037612706,0.03688624232455909,0.07833190730290876,0.001686208518438162,0.0030476728578335997,0.0008060294103406957,-0.0008956044052530999,0.0008836993796551472,0.0068553040055806,0.001446077818953256,,,,,-0.0293644283791653,0.0018397010528878738,-0.000577601417587297,0.00023542443511007598,,,2
0.02,baseline,factorized_g2p5_r1p35,cross_condition,0.00088062719441945,7.669738612249566e-06,0.9810866713523865,0.0012962684728010962,7.812833037612706,0.03688624232455909,0.0777443519869129,0.0003831565721059423,0.0030366224222982,0.0023570420361860448,-0.0008943050060823,0.0025062629848061984,0.006990485990221999,0.00122548085595659,,,,,-0.029175424312564924,0.0004921414455291014,0.00041781002462690296,0.0026952646342692935,,,2
0.02,baseline,factorized_g3_r1,cross_condition,0.0010365326306782,8.972586603191162e-06,0.9810866713523865,0.0012962684728010962,7.812833037612706,0.03688624232455909,0.0779487156819632,0.0007082379347315025,0.0027231525955637003,0.0002095992684573053,-0.00105213053968335,0.0025294366039854024,0.0071615508797015,0.0008021856846560973,,,,,-0.030088120158470552,0.0007856381380563964,-0.000502193207119566,0.0016860992749121242,,,2
0.02,baseline,closed_g3,cross_condition,0.0010356459533795502,9.336185489654222e-06,0.9810866713523865,0.0012962684728010962,7.812833037612706,0.03688624232455909,0.07891981740881024,0.00031242199925539296,0.0022663250941283002,0.0005011464781414851,-0.0023236098187771996,0.0023385452218454257,0.00545473882496025,0.0010413421525598274,,,,,-0.028691093607421947,0.0003123686097407501,-0.0022279257010021218,0.0016131478619437806,,,2
0.02,factorized_g1_r1p5,factorized_g1p5_r1p35,cross_condition,0.00027592625701795,7.657637856921248e-07,0.9810866713523865,0.0012962684728010962,7.812833037612706,0.03688624232455909,0.079693725040457,0.002769679566430891,0.0024591991000209,0.0003482392511480339,-0.00108586862902855,0.003357285167274979,0.0051209721191878,0.0012491532042162295,,,,,-0.028625912217416796,0.001988752272808848,-0.0016571084858064999,0.002095395791684692,,,2
0.02,factorized_g1_r1p5,factorized_g2_r1p35,cross_condition,0.00042410902096885,2.2502877427931376e-06,0.9810866713523865,0.0012962684728010962,7.812833037612706,0.03688624232455909,0.0788997286774358,0.000514956944377167,0.0028615628692859997,0.00038249291531620446,0.0004372947873477499,0.0064802990987850055,0.0081909696639398,0.0017249482068071346,,,,,-0.02886610673248005,5.707327096578114e-05,0.0001367746962900253,0.006663396756569833,,,2
0.02,factorized_g1_r1p5,factorized_g2p5_r1p35,cross_condition,0.0005716021114494,4.026464598914472e-06,0.9810866713523865,0.0012962684728010962,7.812833037612706,0.03688624232455909,0.07948396785378635,0.0014335405135367,0.00222785228946855,0.0009040623483670133,-0.0033502422383173,0.002421373062876905,0.00748364803221385,0.0008870399673694757,,,,,-0.02750530817353327,0.0015833157813790694,-0.002656650286331625,0.001767194126653566,,,2
0.02,factorized_g1_r1p5,factorized_g3_r1,cross_condition,0.0007207924209069,5.366602672699938e-06,0.9810866713523865,0.0012962684728010962,7.812833037612706,0.03688624232455909,0.0798226463508229,0.0011826118313235218,0.0034686623567137496,0.0008923098815858929,-0.00026978594441184997,0.0008583241725368658,0.00592868935198365,0.002480200518340065,,,,,-0.028283689217452647,0.0005344892848557608,-0.0003383716905715939,0.0021668387883703884,,,2
0.02,factorized_g1_r1p5,closed_g3,cross_condition,0.0007200779218692001,5.708057999991346e-06,0.9810866713523865,0.0012962684728010962,7.812833037612706,0.03688624232455909,0.0770887719710788,0.00014953694098699763,0.0031339284682732997,0.00021033427448076297,-0.0027268816619515,0.0011777228133990967,0.0058758108824556,0.0008501045552082117,,,,,-0.030591638772995193,0.0005759324192910242,-0.0032497206228999497,1.2851833262792991e-05,,,2
0.02,factorized_g1p5_r1p35,factorized_g2_r1p35,cross_condition,0.0002766534598777,9.082769331136371e-07,0.9810866713523865,0.0012962684728010962,7.812833037612706,0.03688624232455909,0.0799616340269161,9.222014914717247e-05,0.00186916800303565,0.0001925788740671473,-0.001547644860071,0.0034067097616738693,0.00792289421750415,0.0002857138130064833,,,,,-0.028317583548306595,0.0009692837736866911,-0.001905276523366275,0.0024234767894104406,,,2
0.02,factorized_g1p5_r1p35,factorized_g2p5_r1p35,cross_condition,0.00042474677320565005,2.459499101156511e-06,0.9810866713523865,0.0012962684728010962,7.812833037612706,0.03688624232455909,0.08026475855250835,0.0026145750406494864,0.0032029739649176003,0.0009412872732497601,0.0017562769537064,0.0012147323790725954,0.0071063661065805,0.00011049404674594323,,,,,-0.02723789964011812,0.002274876601000935,0.002392757333454525,0.0013606887573278578,,,2
0.02,factorized_g1p5_r1p35,factorized_g3_r1,cross_condition,0.0005692361155524,3.8547079594205556e-06,0.9810866713523865,0.0012962684728010962,7.812833037612706,0.03688624232455909,0.07863662843998935,0.0011083869859216955,0.0026163295886702997,0.00018644461464020307,-0.00011425962502294997,0.001695072383617883,0.0071460204579049,0.000903354410337328,,,,,-0.02998308929359305,2.9209268036981012e-05,-0.000239956943420244,0.0011866930822629618,,,2
0.02,factorized_g1p5_r1p35,closed_g3,cross_condition,0.00056866038357835,4.166693420060311e-06,0.9810866713523865,0.0012962684728010962,7.812833037612706,0.03688624232455909,0.07874623487928645,0.0007415422607397034,0.0020076099421757,0.0008950786495064388,0.00017494400358529998,0.0015704032041148608,0.00362533231863225,0.0018377587787555395,,,,,-0.029447558030094398,0.00047340080702923897,-0.00040500652960069996,0.0011799638719315728,,,2
0.02,factorized_g2_r1p35,factorized_g2p5_r1p35,cross_condition,0.0002766033285297,1.0462625870431514e-06,0.9810866713523865,0.0012962684728010962,7.812833037612706,0.03688624232455909,0.0783160555784839,0.0016098508982912642,0.00404107842618965,0.00019713416307469238,-0.00069762090003705,0.00033167602928513935,0.00599307370458335,0.003904178227724611,,,,,-0.028632800766184623,0.0014790495369218083,0.00020957924543130017,0.0012592673823452372,,,2
0.02,factorized_g2_r1p35,factorized_g3_r1,cross_condition,0.0004220319533487,2.2495263007247954e-06,0.9810866713523865,0.0012962684728010962,7.812833037612706,0.03688624232455909,0.0782433478617668,0.0016376187584428087,0.00305703771214095,0.0006364391952168592,-0.00221906737599515,0.0018404879601991986,0.00539342684812635,0.001810712193798727,,,,,-0.029822568023857646,0.0007089195827632028,-0.0020740449286722187,0.0009038802281790061,,,2
0.02,factorized_g2_r1p35,closed_g3,cross_condition,0.0004217545210849,2.521813875278865e-06,0.9810866713523865,0.0012962684728010962,7.812833037612706,0.03688624232455909,0.0796755164861377,0.00036916605883677745,0.0039839181996701,0.001180526303753373,0.0005323441609151001,0.002094525018608712,0.00487199397792065,0.0007258751471849338,,,,,-0.027964474575285198,0.0013752120483266196,0.00022311339344932514,0.0010399773174168865,,,2
0.02,factorized_g2p5_r1p35,factorized_g3_r1,cross_condition,0.00027444449369790004,8.946327140838103e-07,0.9810866713523865,0.0012962684728010962,7.812833037612706,0.03688624232455909,0.07987189171039374,0.001088962439690712,0.00270044819179175,0.0004866860437641029,0.0011459411645951,0.002080083735985507,0.0061859280243937,0.001733229807947593,,,,,-0.027417464792634474,0.000882068747196448,0.0022850756549614307,0.0019807525979734803,,,2
0.02,factorized_g2p5_r1p35,closed_g3,cross_condition,0.00027490781212685,1.0627056202021398e-06,0.9810866713523865,0.0012962684728010962,7.812833037612706,0.03688624232455909,0.0790233358072576,0.0008131821576235137,0.00269243078075285,0.00013277200398193018,-0.00206672841494175,0.0021116564475693036,0.005801275024319499,0.0004785984053643496,,,,,-0.02784009587156907,0.0010974226639280384,-0.001381847139364125,0.0023289275547529634,,,2
0.02,factorized_g3_r1,closed_g3,cross_condition,9.975512148230337e-05,1.3815543494422322e-07,0.9810866713523865,0.0012962684728010962,7.812833037612706,0.03688624232455909,0.07863621663134915,0.0009506741054987883,0.00246890594863175,0.0013954355092243628,-0.00129434181933895,0.001658546813078932,0.00708499783407715,0.0022868059995434435,,,,,-0.029344274588433444,0.0001314642151158669,-0.0013716382419067439,0.0012214822406524078,,,2
0.05,baseline,baseline,within_condition_split,0.0,0.0,0.9518264532089233,0.0013094182895365734,7.579698722199321,0.03534207048283092,0.10495680011820845,0.0006214901384973585,0.0036819006404593497,0.00033310672480725285,0.0011385231911375,0.0010381657130670804,0.0052786902517774,0.0020374375525824876,,,,,,,,,,,2
0.05,factorized_g1_r1p5,factorized_g1_r1p5,within_condition_split,0.0,0.0,0.9518264532089233,0.0013094182895365734,7.579698722199321,0.03534207048283092,0.1043973884483632,0.0021976327124476214,0.0046215357596221,0.0004283994061135772,0.00076750856260375,0.001279587871895187,0.0042681178986346,0.0016392913856699306,,,,,,,,,,,2
0.05,factorized_g1p5_r1p35,factorized_g1p5_r1p35,within_condition_split,0.0,0.0,0.9518264532089233,0.0013094182895365734,7.579698722199321,0.03534207048283092,0.1045734216806648,0.0015209368193978255,0.0042454937452943,0.0006507756253416546,-0.000830943687771362,0.0012742158031558127,0.0044129870730138,0.0007870804148760834,,,,,,,,,,,2
0.05,factorized_g2_r1p35,factorized_g2_r1p35,within_condition_split,0.0,0.0,0.9518264532089233,0.0013094182895365734,7.579698722199321,0.03534207048283092,0.1046861913077142,0.0006108540199033268,0.0033055578588543997,0.0007799061525529488,0.00051507869517145,0.0008699960344485147,0.00596509074826445,5.043010160942337e-05,,,,,,,,,,,2
0.05,factorized_g2p5_r1p35,factorized_g2p5_r1p35,within_condition_split,0.0,0.0,0.9518264532089233,0.0013094182895365734,7.579698722199321,0.03534207048283092,0.10435133911608785,0.0021365733854903906,0.00381810149433305,0.0004984733012414163,-0.00149058698862635,1.4732622724065778e-05,0.0043778595441215,0.0010069740368130503,,,,,,,,,,,2
0.05,factorized_g3_r1,factorized_g3_r1,within_condition_split,0.0,0.0,0.9518264532089233,0.0013094182895365734,7.579698722199321,0.03534207048283092,0.10474061409046351,0.001597997970955675,0.00360665385535,0.0017475186249158669,9.502075889679997e-05,0.0008328044315095352,0.0062990532315152,0.0016925519007350016,,,,,,,,,,,2
0.05,closed_g3,closed_g3,within_condition_split,0.0,0.0,0.9518264532089233,0.0013094182895365734,7.579698722199321,0.03534207048283092,0.1041099467917607,0.00102367376599665,0.0031529869267668,0.0004132426599678028,-0.00228907508259355,0.000722101699236489,0.0060040531141408,0.0008259220008805525,,,,,,,,,,,2
0.05,baseline,factorized_g1_r1p5,cross_condition,0.00097109266789625,2.4570542547047558e-05,0.9518264532089233,0.0013094182895365734,7.579698722199321,0.03534207048283092,0.0772356525171023,0.0005253734396660963,0.0023968365797159,8.319981846798237e-05,0.00033270372847645,0.0007971145521234229,0.0040604459334409,0.0005572189928460778,,,,,-0.027441441766183523,0.0008841879858063987,-0.000620312148394175,0.0019559913446045565,,,2
0.05,baseline,factorized_g1p5_r1p35,cross_condition,0.00139937567291775,3.612108394476228e-05,0.9518264532089233,0.0013094182895365734,7.579698722199321,0.03534207048283092,0.07656688946303145,0.0006765918699989604,0.0020911756398687,0.00022897950871055857,-0.00018887212325439994,0.002151726677355256,0.00524627161199795,0.002375687807913231,,,,,-0.02819822143640517,0.0003946216089486365,-0.0003426618749374689,0.0009955359192438096,,,2
0.05,baseline,factorized_g2_r1p35,cross_condition,0.00184893666300915,4.823739739295688e-05,0.9518264532089233,0.0013094182895365734,7.579698722199321,0.03534207048283092,0.07749190695426925,0.0027616837759550025,0.0025731677816421003,4.162496992789409e-05,-0.00435415365733365,0.001630513207183883,0.00518251502796395,0.0008612692225412022,,,,,-0.027329588758692083,0.00214551169675466,-0.005180954600488124,0.001714598046493166,,,2
0.05,baseline,factorized_g2p5_r1p35,cross_condition,0.00230101891793305,6.037140922480842e-05,0.9518264532089233,0.0013094182895365734,7.579698722199321,0.03534207048283092,0.0763891538366023,0.00033023203240953455,0.0033276766725959,0.0006263340001653288,-0.0034043398222365,0.002626857835931383,0.00446750792903395,0.0016197784598522811,,,,,-0.02826491578054586,0.0010487997295843352,-0.003228307923492075,0.0031533070038269554,,,2
0.05,baseline,factorized_g3_r1,cross_condition,0.0026583465514704004,6.608971582379859e-05,0.9518264532089233,0.0013094182895365734,7.579698722199321,0.03534207048283092,0.0762823631171395,0.0011393007569690725,0.0018165776814771,0.00012925685219880183,-0.0019140074654394,0.001347186140234152,0.0067146331020222,0.00022246805061087264,,,,,-0.02856634398719647,2.9556702242548535e-05,-0.00253077944045655,0.0004117010679458441,,,2
0.05,baseline,closed_g3,cross_condition,0.0026485525304451,6.614404574570332e-05,0.9518264532089233,0.0013094182895365734,7.579698722199321,0.03534207048283092,0.07717520768958995,0.000778114040480109,0.00281571636825105,0.00033166783942718017,-0.0022338773374003503,0.0017489542066490057,0.0067699172648656,0.0008211244653121512,,,,,-0.02735816576539462,4.446791176689758e-05,-0.0016586013916723248,0.00262908791280079,,,2
0.05,factorized_g1_r1p5,factorized_g1p5_r1p35,cross_condition,0.0005144519091117999,9.504484770493227e-06,0.9518264532089233,0.0013094182895365734,7.579698722199321,0.03534207048283092,0.0770429188942574,4.0683002151572706e-05,0.00318418939022135,0.00022274611546611249,-0.0018281219551518001,0.0012401685199953552,0.00518116409048875,0.0026259708919030744,,,,,-0.027442486170256603,0.0018999677680742915,-0.0017964043925679939,0.0025170703575208547,,,2
0.05,factorized_g1_r1p5,factorized_g2_r1p35,cross_condition,0.00093962447135705,2.2095197218633695e-05,0.9518264532089233,0.0013094182895365734,7.579698722199321,0.03534207048283092,0.0767993553261094,0.001760490344438485,0.00270501740832895,0.001293181377307157,-0.0025743227076157503,0.00032009128451780146,0.006479246793846,0.001627070516025746,,,,,-0.02774243455192931,0.00035624697826301563,-0.00321561633650335,0.0005248872032411372,,,2
0.05,factorized_g1_r1p5,factorized_g2p5_r1p35,cross_condition,0.0013823738554491999,3.4381291672815086e-05,0.9518264532089233,0.0013094182895365734,7.579698722199321,0.03534207048283092,0.07677967407652465,0.0014362004665983083,0.0027482846218506,0.0006136478544438192,-0.0015187878315869,0.0018682013057634524,0.00488205518673405,0.00025320857681269347,,,,,-0.02759468970570088,0.0036033035155673145,-0.0011572486185756,0.002515361553073079,,,2
0.05,factorized_g1_r1p5,factorized_g3_r1,cross_condition,0.0017399890348315,4.0140428031211175e-05,0.9518264532089233,0.0013094182895365734,7.579698722199321,0.03534207048283092,0.07782875596051661,0.0005718523449405518,0.0029102408075793503,0.00019022182374031643,-0.0019287594287144502,0.0009318703209851017,0.00825634538909475,0.0038358608412056507,,,,,-0.026740245308896744,0.001325962996761099,-0.002360024089464725,0.001988066472687463,,,2
0.05,factorized_g1_r1p5,closed_g3,cross_condition,0.00173274817643685,4.019566345178572e-05,0.9518264532089233,0.0013094182895365734,7.579698722199321,0.03534207048283092,0.0758184186607551,0.0008462762705039413,0.00325514017419835,0.0006914208220182053,-0.0052388315016251,0.0020591273907887685,0.00729852990969655,0.0009939128398824362,,,,,-0.028435248959306846,0.0007643769687181969,-0.0044780482416302,0.003059972176354606,,,2
0.05,factorized_g1p5_r1p35,factorized_g2_r1p35,cross_condition,0.0005273556453174999,1.0441964036619976e-05,0.9518264532089233,0.0013094182895365734,7.579698722199321,0.03534207048283092,0.07595831622057525,0.0017329688712294652,0.0028937328137278503,0.000944203323484337,-0.0024643684065496,0.002872903466697015,0.0061968256216708,0.0020277010996342533,,,,,-0.02867149027361425,0.0006670734515788791,-0.0023064359102496442,0.002670793582343366,,,2
0.05,factorized_g1p5_r1p35,factorized_g2p5_r1p35,cross_condition,0.00095394364325325,2.294080952586776e-05,0.9518264532089233,0.0013094182895365734,7.579698722199321,0.03534207048283092,0.07607003714945981,0.00015034779018821133,0.0028848377641286,0.0005047910236571928,-0.0017547412855439,0.0015346796264311448,0.0051344824947509495,0.0008493586483039322,,,,,-0.02839234324891652,0.0016784073122559017,-0.000593975947345044,0.0008902054134912056,,,2
0.05,factorized_g1p5_r1p35,factorized_g3_r1,cross_condition,0.0013066258397884,2.8823422979623764e-05,0.9518264532089233,0.0013094182895365734,7.579698722199321,0.03534207048283092,0.07699563117187785,0.0003417936876458663,0.00214626095537895,0.0005820087759996713,-0.00177190074656465,0.0007535076683679619,0.00574895857801715,0.0009135258566368267,,,,,-0.027661386713686308,0.0012176737075308766,-0.001403939282127369,0.0003000024489647121,,,2
0.05,factorized_g1p5_r1p35,closed_g3,cross_condition,0.00130159425316375,2.877485532214417e-05,0.9518264532089233,0.0013094182895365734,7.579698722199321,0.03534207048283092,0.0773971304835114,0.0004224526177940759,0.00266575413169675,0.00025535132644261086,9.575610456674999e-05,0.0007685765593575519,0.00506373929515325,0.0012357146346905566,,,,,-0.02694455375270135,0.0008498526749031544,0.0016557654897492063,0.001766735310553703,,,2
0.05,factorized_g2_r1p35,factorized_g2p5_r1p35,cross_condition,0.0005272111447993,1.0458057218021576e-05,0.9518264532089233,0.0013094182895365734,7.579698722199321,0.03534207048283092,0.0766646944390119,0.0017850651769695026,0.0035727950982517,0.0008295133072486493,-0.00141709663518385,0.0007319601105675222,0.00681156301531795,0.0004818706235830286,,,,,-0.027854070772889122,0.0004113514742726439,-0.0009293424884564,0.0003043284047052977,,,2
0.05,factorized_g2_r1p35,factorized_g3_r1,cross_condition,0.00086982818902465,1.6465876446287798e-05,0.9518264532089233,0.0013094182895365734,7.579698722199321,0.03534207048283092,0.07642862623863919,0.0009409853288785815,0.00321491528128795,0.0009499202726731375,-0.00044008034476815004,0.0023675634754533443,0.0054555894516618506,0.00018270236535529257,,,,,-0.028284776460449655,0.00016344066655093152,-0.000745130071802275,0.0023861592769228346,,,2
0.05,factorized_g2_r1p35,closed_g3,cross_condition,0.0008694727730471,1.627703880860336e-05,0.9518264532089233,0.0013094182895365734,7.579698722199321,0.03534207048283092,0.0769102376051182,0.0007447771484276932,0.0027448806551781503,0.0010437102684008178,-0.00212937962573245,0.003400235986873593,0.0061153191779738,0.001884353217049093,,,,,-0.02748783144461925,7.248674452228773e-05,-0.0012423814320213999,0.0033262888192675797,,,2
0.05,factorized_g2p5_r1p35,factorized_g3_r1,cross_condition,0.0004643223219318,3.867817111031878e-06,0.9518264532089233,0.0013094182895365734,7.579698722199321,0.03534207048283092,0.07560922914763135,0.000307585287155334,0.00323720194425495,0.00017363744445445846,-0.00018741022415710005,0.001795356015256882,0.0052298577326565,0.001254842288436649,,,,,-0.028936747455644327,0.001559700391067706,0.0005103728907076749,0.0022191245423736823,,,2
0.05,factorized_g2p5_r1p35,closed_g3,cross_condition,0.00047689661732865,3.265845692180919e-06,0.9518264532089233,0.0013094182895365734,7.579698722199321,0.03534207048283092,0.07575722928540475,0.00022685664549656757,0.00203680730332435,0.0008820497935063726,-0.00024332922500969992,0.0037374672151302486,0.0064846085550051,0.0018808137188986156,,,,,-0.02847341366851952,0.0013532669302469453,0.0016465018106002502,0.004105884376110526,,,2
0.05,factorized_g3_r1,closed_g3,cross_condition,0.00021374688367355,6.334580781397257e-07,0.9518264532089233,0.0013094182895365734,7.579698722199321,0.03534207048283092,0.0757084722770143,2.549955226924508e-05,0.00299497048738035,0.0014639393582960923,-0.00019795574624259992,0.0028609325999877522,0.0066616014132486,0.0009583044166551847,,,,,-0.028716808164097794,0.0012853363162069222,0.0008990714156057751,0.00208347953461474,,,2
0.1,baseline,baseline,within_condition_split,0.0,0.0,0.9046894609928131,0.0013944284829829291,7.205011343220026,0.03271110026317642,0.09851826044474479,0.001771994178793409,0.00226234562888525,0.0006668899935552211,-0.00263936818827385,0.00014453197050303502,0.00800980223393905,0.0007646307809151246,,,,,,,,,,,2
0.1,factorized_g1_r1p5,factorized_g1_r1p5,within_condition_split,0.0,0.0,0.9046894609928131,0.0013944284829829291,7.205011343220026,0.03271110026317642,0.09943056240043566,0.0011835659715663939,0.0029552121629446,0.0008263199579718809,0.001042372851662,0.0010998580063516943,0.0053553977841903,0.0005399352585102366,,,,,,,,,,,2
0.1,factorized_g1p5_r1p35,factorized_g1p5_r1p35,within_condition_split,0.0,0.0,0.9046894609928131,0.0013944284829829291,7.205011343220026,0.03271110026317642,0.0983074713184747,1.5900383383581382e-05,0.0038606549144592503,6.706685035939279e-05,-0.000413556852967,0.004668259776344087,0.0068561665109517,0.0020586695176379025,,,,,,,,,,,2
0.1,factorized_g2_r1p35,factorized_g2_r1p35,within_condition_split,0.0,0.0,0.9046894609928131,0.0013944284829829291,7.205011343220026,0.03271110026317642,0.09934831216801855,0.0021896354745660047,0.0034916603517868997,0.00032839304050718654,-0.0005651837624233501,0.00286278066189243,0.00470937531888845,3.621588231324566e-05,,,,,,,,,,,2
0.1,factorized_g2p5_r1p35,factorized_g2p5_r1p35,within_condition_split,0.0,0.0,0.9046894609928131,0.0013944284829829291,7.205011343220026,0.03271110026317642,0.1003507126883049,0.001282977392546842,0.00299873575418575,0.000658683276071955,-0.000356532762155631,0.0003753242163134527,0.00437505366346655,0.0008242548905365217,,,,,,,,,,,2
0.1,factorized_g3_r1,factorized_g3_r1,within_condition_split,0.0,0.0,0.9046894609928131,0.0013944284829829291,7.205011343220026,0.03271110026317642,0.10139866268822034,0.0016523393148593203,0.00312006686421335,0.0014230002515205594,0.0002398907671177,2.0202731052908995e-05,0.004066819976253799,0.0017223065794505625,,,,,,,,,,,2
0.1,closed_g3,closed_g3,within_condition_split,0.0,0.0,0.9046894609928131,0.0013944284829829291,7.205011343220026,0.03271110026317642,0.09846589015971045,0.0013924924176345638,0.0029186908916034,0.00031453900197984887,0.0038693917962589,8.491867734154687e-05,0.00730945748538755,0.0010024934175826233,,,,,,,,,,,2
0.1,baseline,factorized_g1_r1p5,cross_condition,0.0028657155344262,0.00015441469305113955,0.9046894609928131,0.0013944284829829291,7.205011343220026,0.03271110026317642,0.0719082847276265,0.0013532435498706545,0.002172034573668,0.0004116675082654942,-0.00107509346117455,0.003830310241325228,0.0049311021929392,8.97134266212959e-05,,,,,-0.02706612669496373,0.00012453652530923203,-0.00027659579286862506,0.0032081152528978633,,,2
0.1,baseline,factorized_g1p5_r1p35,cross_condition,0.00400387996342025,0.00022232742470910531,0.9046894609928131,0.0013944284829829291,7.205011343220026,0.03271110026317642,0.07100038491474595,0.00045919366437201866,0.00226844062216885,0.0005121161515676596,3.853914789310001e-05,0.0005358716511696619,0.00713108027696655,0.0003458879744462888,,,,,-0.027412480966863793,0.0004188532333328926,0.0015650016685135248,0.0018705242222538992,,,2
0.1,baseline,factorized_g2_r1p35,cross_condition,0.0053148812148719506,0.00028804769706389694,0.9046894609928131,0.0013944284829829291,7.205011343220026,0.03271110026317642,0.07292688465262995,0.001497494876970914,0.00225964653948355,0.00036029483941681746,-0.00086541175644625,0.0013888433850572349,0.0050638321323558,0.0022258722744505394,,,,,-0.026006401653751732,0.0004833199497087953,0.0007368642189023499,0.00011481293114049756,,,2
0.1,baseline,factorized_g2p5_r1p35,cross_condition,0.00661727669648825,0.0003503782761999677,0.9046894609928131,0.0013944284829829291,7.205011343220026,0.03271110026317642,0.0723482272866081,0.00048077560157369084,0.0030758477022798,5.9840503554493496e-05,-0.0012699149401319515,0.0017481701814839924,0.005540416581121,0.00140291198906575,,,,,-0.027086259279916758,0.0020082613872438116,0.00022803553508278897,0.0016327740585787833,,,2
0.1,baseline,factorized_g3_r1,cross_condition,0.0070505240000784,0.0003601639183163379,0.9046894609928131,0.0013944284829829291,7.205011343220026,0.03271110026317642,0.07297356304353125,0.0014042375679415113,0.00291405883150175,0.0005523319583710989,-0.0018333926593856501,0.0017004334315960101,0.005538061044458351,0.0006029609267245434,,,,,-0.02698489852295133,0.00030792917888484343,-0.0006336539488075751,0.0017625980513210732,,,2
0.1,baseline,closed_g3,cross_condition,0.00712296203710135,0.00032795154298056686,0.9046894609928131,0.0013944284829829291,7.205011343220026,0.03271110026317642,0.0732556412376381,0.0008521436590951583,0.0028439861414212998,0.0010479378052641103,-0.0021490123478709548,0.0030407824918641173,0.0079028852823392,0.00035019413577179747,,,,,-0.025236434064589523,0.0007300996391188207,-0.0027640241518634796,0.003155507815786408,,,2
0.1,factorized_g1_r1p5,factorized_g1p5_r1p35,cross_condition,0.00119618821190665,5.92613501385655e-05,0.9046894609928131,0.0013944284829829291,7.205011343220026,0.03271110026317642,0.07191276586379139,2.6305891831336573e-05,0.0022319050985437003,0.0011792579980708915,0.0037296881113817997,0.002027476204555842,0.005738877727774899,0.000628971291864569,,,,,-0.02695625099566378,0.0006101386859227452,0.0034152801120343,0.004911535095903733,,,2
0.1,factorized_g1_r1p5,factorized_g2_r1p35,cross_condition,0.0024907337501645,0.00012714057834467587,0.9046894609928131,0.0013944284829829291,7.205011343220026,0.03271110026317642,0.07374753863580785,0.0005924970098510737,0.0031744268647342496,0.001334020655296603,-0.00135220961823625,0.002755156182078931,0.0059000106549236,0.0012958990661153813,,,,,-0.025641898648419252,0.0010941037132151232,-0.0015908041628555749,0.0007738368479568685,,,2
0.1,factorized_g1_r1p5,factorized_g2p5_r1p35,cross_condition,0.0037922073388471497,0.0001896224580814428,0.9046894609928131,0.0013944284829829291,7.205011343220026,0.03271110026317642,0.073877007861335,0.0008197174439058139,0.00298865363455955,0.0004341445524789295,-0.001084058944383,0.0011155978254487817,0.0049805574476319,0.0024367775943027266,,,,,-0.026013629683035278,0.00041355423815080404,-0.0014269789891361844,0.0014778647204679025,,,2
0.1,factorized_g1_r1p5,factorized_g3_r1,cross_condition,0.00430375174619255,0.00018609183633798993,0.9046894609928131,0.0013944284829829291,7.205011343220026,0.03271110026317642,0.0732643795417441,0.00193401625595783,0.0023808938230143,0.0002012217471770545,-0.00399297024488645,0.003250577109412931,0.0066479986006725,0.0024702834934452063,,,,,-0.0271502330025839,0.0005160636127449828,-0.0046341020542763,0.002710749471763539,,,2
0.1,factorized_g1_r1p5,closed_g3,cross_condition,0.0044208369217812495,0.00017221004738197403,0.9046894609928131,0.0013944284829829291,7.205011343220026,0.03271110026317642,0.07327166201981235,0.0008355206973217906,0.0026553942356624,0.0013055907999938207,0.00091595099213845,0.0014379147197219576,0.0062205214306916504,0.0009749458563012649,,,,,-0.0256765642602607,0.00045250849727869556,-0.001539931331822,0.0008455263778753366,,,2
0.1,factorized_g1p5_r1p35,factorized_g2_r1p35,cross_condition,0.0013441281043924,6.317722041915261e-05,0.9046894609928131,0.0013944284829829291,7.205011343220026,0.03271110026317642,0.0733623261661968,0.00036937428788523936,0.0022168151669200503,0.00020934460201888137,-0.004479308306996,0.0020132446178704293,0.00585928931953085,0.0017054109335045533,,,,,-0.025465565577049827,0.0007174932577059722,-0.003989937999300825,0.005778764836988687,,,2
0.1,factorized_g1p5_r1p35,factorized_g2p5_r1p35,cross_condition,0.00263970275409515,0.0001257161465739048,0.9046894609928131,0.0013944284829829291,7.205011343220026,0.03271110026317642,0.07318072209392959,0.0023166633659548177,0.00299259904478235,0.0006483668479167061,0.0011122629743058,7.00210094137645e-05,0.0072929055420027,0.0014457431305933128,,,,,-0.026148369909460206,0.00168312486137319,0.0014973077818671156,0.0020764467706015526,,,2
0.1,factorized_g1p5_r1p35,factorized_g3_r1,cross_condition,0.0031500004697591,0.00012517877425538107,0.9046894609928131,0.0013944284829829291,7.205011343220026,0.03271110026317642,0.0733039435123525,0.0008164396681439766,0.0026567873147761,0.00011276504830005856,-0.00267656146310765,0.0001927199103515577,0.0069518734566831,0.0016093204877954427,,,,,-0.026549123490995023,1.7797975938805873e-06,-0.0025897284201830003,0.0025167484329971473,,,2
0.1,factorized_g1p5_r1p35,closed_g3,cross_condition,0.0033123814500867496,0.00012113992078793516,0.9046894609928131,0.0013944284829829291,7.205011343220026,0.03271110026317642,0.07133969549760255,0.0006828971142844314,0.00280727803115125,0.00012975240327011518,-0.0006820135764227499,0.0020336507085907543,0.00632538690578075,0.0035091378059073216,,,,,-0.027046985241490032,5.398902841054922e-06,-0.0024099310480686998,0.0003429385182520626,,,2
0.1,factorized_g2_r1p35,factorized_g2p5_r1p35,cross_condition,0.0013353661051951,6.057975624349017e-05,0.9046894609928131,0.0013944284829829291,7.205011343220026,0.03271110026317642,0.07117200624898376,0.002017728051146833,0.00327310201069845,0.0016365832149566808,-0.0021861314109244,0.0004683462343248709,0.00677822023561165,0.0009160018940969144,,,,,-0.028677506179177976,0.0002814216175904223,-0.0017252731486349093,0.0017120744571143592,,,2
0.1,factorized_g2_r1p35,factorized_g3_r1,cross_condition,0.00194203905994065,4.3090460472774754e-05,0.9046894609928131,0.0013944284829829291,7.205011343220026,0.03271110026317642,0.07281040668839235,0.00017686467958600815,0.00279522337685835,0.00042431456884514744,-0.000401277848672,1.5491030884358284e-05,0.0071264700407643496,7.761490927276417e-05,,,,,-0.027563080739727103,0.002097852074298673,-0.000238631351019175,0.0014367799963041189,,,2
0.1,factorized_g2_r1p35,closed_g3,cross_condition,0.0021878809202462,5.727559149275835e-05,0.9046894609928131,0.0013944284829829291,7.205011343220026,0.03271110026317642,0.07173788472258741,0.0009800201880289657,0.0026012602404262,0.001167052174429493,-0.0031381778113828,0.0016420378941736978,0.005260130704763799,0.0011493502383978572,,,,,-0.0271692164412771,0.0008110437580713135,-0.004790281828300575,0.003115887563790686,,,2
0.1,factorized_g2p5_r1p35,factorized_g3_r1,cross_condition,0.0010366029455325999,4.90759715058438e-05,0.9046894609928131,0.0013944284829829291,7.205011343220026,0.03271110026317642,0.0721316772598706,0.0004794643516362403,0.0029937811503957003,0.0005353704436470791,7.271967541500003e-05,0.002194080377562098,0.0081755166694086,0.0016421978260936123,,,,,-0.028743010428392037,0.000988194002066831,0.00013104067293396551,0.002391843851245279,,,2
0.1,factorized_g2p5_r1p35,closed_g3,cross_condition,0.001430730393622,1.392451203095227e-05,0.9046894609928131,0.0013944284829829291,7.205011343220026,0.03271110026317642,0.07151522530157439,0.00046254474424593746,0.00213038647723915,0.000543165824183383,-0.0007173247556535498,0.004094329171426604,0.0054131549482021,0.0003202588688292564,,,,,-0.027893076122433275,0.0008751901608447728,-0.0024737542727051847,0.003949126401940652,,,2
0.1,factorized_g3_r1,closed_g3,cross_condition,0.0011225275811739001,0.0001300752996264008,0.9046894609928131,0.0013944284829829291,7.205011343220026,0.03271110026317642,0.07206418302527265,0.000427195230384805,0.0029933738907556504,0.00025583265733047033,-0.0009022180434699999,0.00048590663496346145,0.00646991990979555,0.002405925185925109,,,,,-0.02786809339869275,0.0019496110966317397,-0.0029568593251583,0.0005182646081077799,,,2
0.15,baseline,baseline,within_condition_split,0.0,0.0,0.8598451018333435,0.0015642381356333211,6.847439757106466,0.028972235203394845,0.0934309039179433,8.117338938496153e-05,0.0029166104287194,0.0010283221604485916,0.0019706096878659,0.0004784425736808877,0.0053159860853801,0.002253942751556829,,,,,,,,,,,2
0.15,factorized_g1_r1p5,factorized_g1_r1p5,within_condition_split,0.0,0.0,0.8598451018333435,0.0015642381356333211,6.847439757106466,0.028972235203394845,0.09485147402968894,0.00010513357571483052,0.0036531621241376504,0.0013008084146046218,0.0023496177469185,0.0028506369397674055,0.00739311166731935,0.002726526562325137,,,,,,,,,,,2
0.15,factorized_g1p5_r1p35,factorized_g1p5_r1p35,within_condition_split,0.0,0.0,0.8598451018333435,0.0015642381356333211,6.847439757106466,0.028972235203394845,0.09341440955969141,0.001109538287385505,0.0023395364605326,0.001469975805422632,-0.00213494908222165,0.0006498739450736758,0.0039982641234148,0.0006598353471005804,,,,,,,,,,,2
0.15,factorized_g2_r1p35,factorized_g2_r1p35,within_condition_split,0.0,0.0,0.8598451018333435,0.0015642381356333211,6.847439757106466,0.028972235203394845,0.09465572109321235,0.0020722381063522596,0.0029488233786055997,0.0011726424314592262,-0.00072042637263015,0.000640741875607782,0.00479655358148795,0.0006682261020752306,,,,,,,,,,,2
0.15,factorized_g2p5_r1p35,factorized_g2p5_r1p35,within_condition_split,0.0,0.0,0.8598451018333435,0.0015642381356333211,6.847439757106466,0.028972235203394845,0.0948396796127958,0.001313522137509327,0.00250614191370495,0.0008809404936241346,-0.001037298189189,0.0020786510483426306,0.00554336547352345,6.476042624235354e-06,,,,,,,,,,,2
0.15,factorized_g3_r1,factorized_g3_r1,within_condition_split,0.0,0.0,0.8598451018333435,0.0015642381356333211,6.847439757106466,0.028972235203394845,0.09390693684963636,0.0010275521015627974,0.0022969300481748,0.00044479115828281875,-0.00222954468370315,0.001807352726203587,0.0040419512324414,0.00021004411692909035,,,,,,,,,,,2
0.15,closed_g3,closed_g3,within_condition_split,0.0,0.0,0.8598451018333435,0.0015642381356333211,6.847439757106466,0.028972235203394845,0.0942117667618324,0.002098478345278992,0.0032555250813924,0.0005968979657613414,0.00279340429385,0.0006185917073282927,0.0058256609218166,0.0034087039554409463,,,,,,,,,,,2
0.15,baseline,factorized_g1_r1p5,cross_condition,0.0062926539685576495,0.0004630881687411828,0.8598451018333435,0.0015642381356333211,6.847439757106466,0.028972235203394845,0.0693563473331006,0.0007799743381496366,0.0019927592148902,0.00013506515567187575,0.00116287128199815,0.00038379628859160065,0.00624856554490985,0.002785656694441447,,,,,-0.024784841640715517,0.0007679942449846947,-0.00099724243539405,0.0015698934716348594,,,2
0.15,baseline,factorized_g1p5_r1p35,cross_condition,0.00836023362353435,0.0005675988528857935,0.8598451018333435,0.0015642381356333211,6.847439757106466,0.028972235203394845,0.06883676313051984,0.0007292354047631649,0.0028961436554587,0.0002781945367941589,-0.0013189147605192,0.002061232410367568,0.0065934944990329,0.001698486466471111,,,,,-0.024585893608297507,0.00013387956637792917,-0.0012367450633413248,0.0019755167246711743,,,2
0.15,baseline,factorized_g2_r1p35,cross_condition,0.0110049163922667,0.0006858069335241804,0.8598451018333435,0.0015642381356333211,6.847439757106466,0.028972235203394845,0.06904755086870876,3.939893673471423e-05,0.0025448469338537503,0.00026592557672381034,-0.00016952137541054993,0.002373117079642107,0.004692080910822851,0.0003835337443535315,,,,,-0.024995761636869077,0.00111610468460332,-0.0007946130330284248,0.001813524854997772,,,2
0.15,baseline,factorized_g2p5_r1p35,cross_condition,0.0136042525991797,0.0007680973381526851,0.8598451018333435,0.0015642381356333211,6.847439757106466,0.028972235203394845,0.0700317019672026,0.0020396147291232287,0.0018580867482139501,0.0008226855473774337,-0.00156635329484905,0.0025601552895808807,0.0059477050752538,0.0006736879366756143,,,,,-0.024103589798166958,0.002655789103185409,-0.0020330090441875,0.0012816084785691217,,,2
0.15,baseline,factorized_g3_r1,cross_condition,0.0135599919594824,0.0006886182600287348,0.8598451018333435,0.0015642381356333211,6.847439757106466,0.028972235203394845,0.067990628258492,0.00042227911566856746,0.0027852665626918,0.0004068873295215879,-0.0031138757315666,0.0003040138508049281,0.0051955607379600005,0.0020539447881034283,,,,,-0.025678292125297833,0.0009766418611424493,-0.002984408233647975,0.0014469115007471652,,,2
0.15,baseline,closed_g3,cross_condition,0.0138404718600213,0.0005743397144694579,0.8598451018333435,0.0015642381356333211,6.847439757106466,0.028972235203394845,0.068681896415987,0.0003780905797846831,0.0021054741094186,6.4263917152300005e-06,-0.00188418269986365,0.00039866250105934233,0.0065157897609087,0.0014074176032254024,,,,,-0.02513943892390085,0.0014679164471166576,-0.0042661896907216,0.00046873706788304494,,,2
0.15,factorized_g1_r1p5,factorized_g1p5_r1p35,cross_condition,0.00221453560516235,9.9344073207265e-05,0.8598451018333435,0.0015642381356333211,6.847439757106466,0.028972235203394845,0.06818783329395076,0.0010155534616073736,0.0032148810293508,0.001401710310428227,0.0012507757630058,0.0029812571332964687,0.00644577337883695,0.0002488869657874498,,,,,-0.025945108500739424,0.0005133511057720315,0.0011434414306573746,0.004731512575717009,,,2
0.15,factorized_g1_r1p5,factorized_g2_r1p35,cross_condition,0.00485625420697025,0.00023099996197088862,0.8598451018333435,0.0015642381356333211,6.847439757106466,0.028972235203394845,0.0698858648090949,7.553452216210168e-05,0.00192152317291725,0.00029304487747937915,-0.0027034318052477496,0.00017323166591812696,0.00461675601013985,0.0024406384372657503,,,,,-0.024867732752355744,0.0009080177431566105,-0.003518027492391925,0.0012781791979979387,,,2
0.15,factorized_g1_r1p5,factorized_g2p5_r1p35,cross_condition,0.0074813046958297005,0.0003185343565164845,0.8598451018333435,0.0015642381356333211,6.847439757106466,0.028972235203394845,0.0680414776522287,0.0031601183086237246,0.00271330997268315,0.0005260319034737417,-0.00127118700746985,0.001363195669742063,0.0055426768398932,0.00014196570436186603,,,,,-0.02680409916901367,0.0038694461652358085,-0.0019273467863346002,0.0009772027240296756,,,2
0.15,factorized_g1_r1p5,factorized_g3_r1,cross_condition,0.00776265305466945,0.0002473647929942629,0.8598451018333435,0.0015642381356333211,6.847439757106466,0.028972235203394845,0.06758846844161455,0.0003870857022812761,0.00193417275253215,0.00013195010010961123,-0.0022738937661424498,0.0026575249879461915,0.00735408417939745,0.00011083899703186837,,,,,-0.026790736998048098,0.0008482949652052596,-0.002333930297750125,0.002135882881164282,,,2
0.15,factorized_g1_r1p5,closed_g3,cross_condition,0.008287345990538549,0.00019016789757016187,0.8598451018333435,0.0015642381356333211,6.847439757106466,0.028972235203394845,0.06953050905277845,0.0004366440268879168,0.00181044768839515,9.148402816445873e-05,0.00046809214602885,0.0002764477164088734,0.007346614163046401,0.00018912632916812406,,,,,-0.02500111134298222,0.0005600283578941739,-0.0021034188743554,0.0020110620399567225,,,2
0.15,factorized_g1p5_r1p35,factorized_g2_r1p35,cross_condition,0.0027057225815951503,0.00011358147619752702,0.8598451018333435,0.0015642381356333211,6.847439757106466,0.028972235203394845,0.06972227486512265,0.0007238979478448945,0.00210683615052195,0.0012250542038374532,-0.0025227641359453,0.00016847920911250698,0.006092717974363501,0.000935529341702889,,,,,-0.02431279046132922,0.0008669902490239952,-0.0010950764085194,0.0001730452438454538,,,2
0.15,factorized_g1p5_r1p35,factorized_g2p5_r1p35,cross_condition,0.0053375870920717,0.00019582018508215975,0.8598451018333435,0.0015642381356333211,6.847439757106466,0.028972235203394845,0.06978392214868134,0.0021845718231711035,0.0028915487085587497,0.0006547658183210166,0.001080907291048967,0.0013900477493414437,0.00447895777684225,0.0015594667546200993,,,,,-0.024343122437562252,0.0022865637482330195,0.002667030926754292,0.0006756591977069665,,,2
0.15,factorized_g1p5_r1p35,factorized_g3_r1,cross_condition,0.0056043546646833,0.00015746194312570992,0.8598451018333435,0.0015642381356333211,6.847439757106466,0.028972235203394845,0.0691446707616408,0.002168039882452296,0.00259199886245405,0.0005925707267146223,-0.00332873854646,0.0021315088666302474,0.005731508357756,0.0016010147710727933,,,,,-0.02451600244302307,0.00109949468797814,-0.0011464916634976,0.002710248257195203,,,2
0.15,factorized_g1p5_r1p35,closed_g3,cross_condition,0.006353102624416299,0.00013048993571220988,0.8598451018333435,0.0015642381356333211,6.847439757106466,0.028972235203394845,0.06870494422356754,0.0017467280679391562,0.0024225103171447004,0.0002954134823409245,-0.00173736559045055,0.002211318984225289,0.00737241582958575,8.196483855110967e-05,,,,,-0.02510814393719435,0.00014271975160689776,-0.002066593196264725,0.0028455518104262734,,,2
0.15,factorized_g2_r1p35,factorized_g2p5_r1p35,cross_condition,0.0026538823731243003,8.13009415052313e-05,0.8598451018333435,0.0015642381356333211,6.847439757106466,0.028972235203394845,0.06942648117942735,7.367468839038945e-05,0.00244845564415455,0.00023872477502152024,-0.00048571101430785,2.5936729839409554e-05,0.0046293774523187,0.0017037841855344377,,,,,-0.025321219173576735,0.0003056832960310795,0.00039315126660172486,0.0013337597321357965,,,2
0.15,factorized_g2_r1p35,factorized_g3_r1,cross_condition,0.0034228871809318002,2.7212705431436374e-06,0.8598451018333435,0.0015642381356333211,6.847439757106466,0.028972235203394845,0.0699667191586027,2.8281667292378975e-05,0.0020173552696223,0.0003060518496062997,-0.0006657529790488499,0.005181867072108146,0.0056584907380686,0.003198920199614023,,,,,-0.02431460981282165,0.001521613436665162,0.0008092325491178003,0.00640591437301383,,,2
0.15,factorized_g2_r1p35,closed_g3,cross_condition,0.00452989316545425,3.561507480849074e-05,0.8598451018333435,0.0015642381356333211,6.847439757106466,0.028972235203394845,0.0673612331249866,0.0003096222051674074,0.0023417520038779,0.0012841500131009845,-0.00160186341028765,0.0018948651964148927,0.004999404925244999,0.0011622400653610574,,,,,-0.027072510802535768,0.001775736020648231,-0.002638352370897575,0.001905940280554637,,,2
0.15,factorized_g2p5_r1p35,factorized_g3_r1,cross_condition,0.0024842778220771997,0.00013518041897038778,0.8598451018333435,0.0015642381356333211,6.847439757106466,0.028972235203394845,0.06883987568541469,0.0013125044922049213,0.002399569261795,0.0006603005396022677,0.00110392293195355,0.005667669140301825,0.006296201662926999,0.0006405666707265019,,,,,-0.025533432545801378,0.0014554895101781813,0.002737344368399625,0.003724667253028716,,,2
0.15,factorized_g2p5_r1p35,closed_g3,cross_condition,0.0038487531710415497,2.340697671952288e-05,0.8598451018333435,0.0015642381356333211,6.847439757106466,0.028972235203394845,0.06951054571961965,0.0005671296223382553,0.00217983189626015,0.0005674087048394483,-0.00312615039543825,0.0009615157791715217,0.005305182590155701,0.00021523213620341363,,,,,-0.025015177467694452,0.00017465151845343248,-0.00400420344776875,0.00023148610866435292,,,2
0.15,factorized_g3_r1,closed_g3,cross_condition,0.0034075151197612,0.00028719784537637437,0.8598451018333435,0.0015642381356333211,6.847439757106466,0.028972235203394845,0.06750633879301815,8.11918742500448e-05,0.0020911247703524,0.0007390535131201512,-0.001269103028966,0.0068468688968734885,0.0072291762546815,0.002435248481091161,,,,,-0.026553013012716217,0.0014818233491708547,-0.0015510328340394251,0.007441249406311136,,,2
0.2,baseline,baseline,within_condition_split,0.0,0.0,0.8176860511302948,0.0018122723391199324,6.511401936625038,0.024798614775331903,0.09018257120941364,0.0001851578757469363,0.0033514819637104,0.00031747334261467933,0.0030225091721080496,0.0007764207391651512,0.0052628823528387,0.0026387298441566654,0.5246592592592592,0.0007856742013184697,0.013536670673428602,0.006799810539741539,,,,,,,2
0.2,factorized_g1_r1p5,factorized_g1_r1p5,within_condition_split,0.0,0.0,0.8176860511302948,0.0018122723391199324,6.511401936625038,0.024798614775331903,0.08978813296566321,0.0023824760606469832,0.0038758319455391,0.0011951516308925734,0.00023129772450749997,0.0008894712782786499,0.00449073385562015,0.0006902652770533716,0.5320740740740741,0.00014665918424607824,0.02298563274693155,0.0021867295143672525,,,,,,,2
0.2,factorized_g1p5_r1p35,factorized_g1p5_r1p35,within_condition_split,0.0,0.0,0.8176860511302948,0.0018122723391199324,6.511401936625038,0.024798614775331903,0.08825762367421269,0.0014333983106397503,0.0031971982129388498,0.0008621618633947395,-0.0002942061861205999,0.002020394986735674,0.0074009599180496505,0.001662652219006632,0.5185111111111111,0.0018541911151114488,0.01543352241619615,0.0049775725456960304,,,,,,,2
0.2,factorized_g2_r1p35,factorized_g2_r1p35,within_condition_split,0.0,0.0,0.8176860511302948,0.0018122723391199324,6.511401936625038,0.024798614775331903,0.0905585859642156,0.00037811966093585336,0.00263522921427065,0.0012886755888769374,0.00239792380205245,0.0017931445682801948,0.00417996477073355,0.0013237405719270141,0.5229185185185186,0.00733295921230505,0.02481850719837565,0.01707514575441262,,,,,,,2
0.2,factorized_g2p5_r1p35,factorized_g2p5_r1p35,within_condition_split,0.0,0.0,0.8176860511302948,0.0018122723391199324,6.511401936625038,0.024798614775331903,0.08867438112107165,0.0016836993504061152,0.0027233190790729497,0.0002751953245891913,-0.00077988104184815,0.0006187132271502437,0.005007441612767449,0.0014789265853811118,0.5289259259259259,0.004787374800033327,0.0230592502974921,0.003542112433099728,,,,,,,2
0.2,factorized_g3_r1,factorized_g3_r1,within_condition_split,0.0,0.0,0.8176860511302948,0.0018122723391199324,6.511401936625038,0.024798614775331903,0.09008419020100696,0.0011934828066959354,0.0031109708102388996,0.0012747440306610488,0.0004653216766232999,0.0021589848024898893,0.0045369288354899,0.0010577162053413904,0.533162962962963,0.009019539831135126,0.02549506867056675,0.012245082344205465,,,,,,,2
0.2,closed_g3,closed_g3,within_condition_split,0.0,0.0,0.8176860511302948,0.0018122723391199324,6.511401936625038,0.024798614775331903,0.08918501703665685,0.0013519569000785033,0.0026824875062153,0.0004816548500659172,-0.0015120270019991146,0.0022334456218135773,0.0053070318373662495,0.0022523630221553156,0.5127111111111111,0.004776899144015837,0.00928183181843775,0.0020783151155052294,,,,,,,2
0.2,baseline,factorized_g1_r1p5,cross_condition,0.0112495678476989,0.0009149600074224384,0.8176860511302948,0.0018122723391199324,6.511401936625038,0.024798614775331903,0.06592696923183641,0.0003230094475071193,0.0023230732228036,0.0005818510770907981,-0.0017111480997423,0.0004662152903257601,0.0065196652528983,0.0012233415475369181,0.5012444444444444,0.0011732734739686652,0.00028151627882325,0.00013644233609392726,-0.02405838285570202,0.0016068264157040838,-0.003338051548050075,0.0003667307183961403,-0.027122222222222214,0.0014927809825049001,2
0.2,baseline,factorized_g1p5_r1p35,cross_condition,0.014286437537521051,0.0009751957564785808,0.8176860511302948,0.0018122723391199324,6.511401936625038,0.024798614775331903,0.06550068439031134,0.002094052795963244,0.0018937660900519501,0.00044908469554016955,-0.00138347809994695,0.002178418098364088,0.0055103193906715,0.000915092404416203,0.5009629629629629,0.00010475656017584306,0.00092654229215605,0.0002090387473804389,-0.02371941305150182,0.0012847747027699007,-0.002747629592940675,0.0007800102354136755,-0.020622222222222264,0.001424689218390822,2
0.2,baseline,factorized_g2_r1p35,cross_condition,0.0186104811728,0.0011133169059493334,0.8176860511302948,0.0018122723391199324,6.511401936625038,0.024798614775331903,0.0661498139167634,0.0002464046814218478,0.0024737394739478,0.0008408021617222342,-0.00072248389658145,0.0012983953943013276,0.0048894529967709,0.003669080227933272,0.501325925925926,0.0013304083142325475,0.0009343144089964682,0.001190479207000068,-0.024220764670051215,0.000528043449763245,-0.0034327003836617,0.0018067573088588495,-0.022462962962962907,0.0019432341912608213,2
0.2,baseline,factorized_g2p5_r1p35,cross_condition,0.0228302478790283,0.0011781598323833868,0.8176860511302948,0.0018122723391199324,6.511401936625038,0.024798614775331903,0.0655942828984377,7.850294973263962e-05,0.00208263428922715,0.00038977313516689194,-0.0008295174528074009,0.001123580220713649,0.0041152672374778505,0.00011541087628619509,0.5019259259259259,0.002137033827585919,0.0012489250635132,0.0013979563070701405,-0.02383419326680495,0.0010129315628091581,-0.0019508315179373507,0.0018211472038713464,-0.024866666666666593,0.00013618352822847036,2
0.2,baseline,factorized_g3_r1,cross_condition,0.0216012010350823,0.0009725977983945627,0.8176860511302948,0.0018122723391199324,6.511401936625038,0.024798614775331903,0.06544627932449965,0.00012289633710022336,0.0022239791549187498,0.0005024439066996026,0.0004607080986482,0.001592656772806417,0.00597787876034315,0.001043378144068188,0.5019259259259259,0.0006075880490194894,0.0007704568717283501,0.0003831242450698251,-0.024687101380710653,0.0005664240041212099,-0.0012832073257174749,0.000901374741144048,-0.026985185185185168,0.00350934476588878,2
0.2,baseline,closed_g3,cross_condition,0.0221729697659611,0.0007157101225427015,0.8176860511302948,0.0018122723391199324,6.511401936625038,0.024798614775331903,0.0663671292008271,0.00010714487290712035,0.0031040185288877,0.000592319194355038,-0.001150380383414,0.0012159855907400228,0.0057617394620285995,0.0025818202258767026,0.5020962962962963,0.0020637042354629386,0.00084964840306815,0.0007468877244018678,-0.023316664922208158,0.000661412515005597,-0.0019056214684684677,0.0002889475897493412,-0.016588888888888986,0.004844990908130072,2
0.2,factorized_g1_r1p5,factorized_g1p5_r1p35,cross_condition,0.003413310740143,0.000110553159277618,0.8176860511302948,0.0018122723391199324,6.511401936625038,0.024798614775331903,0.06542658888011199,0.0003083888008119345,0.0027393641348873003,0.0001376654935313353,-0.0030731312103472,0.000714787564150312,0.0067728069334978,0.0012591471946085168,0.5004814814814815,0.00011523221619337242,0.00041596672398634996,0.00042196989870081945,-0.023596289439825953,0.001599548384831437,-0.00304167697954065,0.0007401455683568501,-0.024811111111111117,0.000738533749239254,2
0.2,factorized_g1_r1p5,factorized_g2_r1p35,cross_condition,0.007786183618009,0.00028166607150929867,0.8176860511302948,0.0018122723391199324,6.511401936625038,0.024798614775331903,0.06432138718827346,0.00020081591922873794,0.0023885199326485,0.00012493915203380408,-0.00023218169205075002,0.00048700831090149003,0.0052248227575228505,0.00033970332676484257,0.5006,1.047565601764711e-05,0.00038940889008355,1.6140858030237082e-05,-0.02585197227666594,0.0015811137800201488,-0.001546792455330725,3.5171665900717724e-05,-0.026896296296296307,0.003750284854293172,2
0.2,factorized_g1_r1p5,factorized_g2p5_r1p35,cross_condition,0.01210418809205285,0.00036248001935089625,0.8176860511302948,0.0018122723391199324,6.511401936625038,0.024798614775331903,0.0655229044888922,0.0003863904679481805,0.0029566792363460498,0.0010004004962441842,-0.0005767623145133483,0.0006848464403932724,0.0044563680752183,0.0008741885144582178,0.5008666666666668,0.000513307144861372,0.0005820417261855,0.00013078632848763776,-0.02370835255447523,0.001646697237578376,-0.00030247065584302317,0.0014389386931077195,-0.02963333333333329,0.0019537098472783114,2
0.2,factorized_g1_r1p5,factorized_g3_r1,cross_condition,0.0116730276495218,0.00026798415081145705,0.8176860511302948,0.0018122723391199324,6.511401936625038,0.024798614775331903,0.06548478665771484,0.00015032990513465754,0.0018788100464913002,0.0003119074656353982,-0.0013126811790691137,0.0018459819781947795,0.0054030538758554,0.0016761540945234093,0.5018666666666667,0.0008380524814063913,0.0008442815831571999,0.0003383186681364714,-0.024451374925620224,0.0019383093388061193,-0.0016609908796345137,0.0024807387403003992,-0.030751851851851864,0.00374504702628427,2
0.2,factorized_g1_r1p5,closed_g3,cross_condition,0.0130287292413413,0.00011409086037447726,0.8176860511302948,0.0018122723391199324,6.511401936625038,0.024798614775331903,0.06594053131937395,0.0012960985319774028,0.0023586485811483,3.3209016075756076e-05,0.0018736423943576498,0.0003062350091502269,0.00403439685485005,0.0006521902675417638,0.5007407407407408,0.0,0.0005026517072444,7.502682497582201e-05,-0.023546043681786075,0.000571117948385338,0.002514007033103457,0.00186769345919634,-0.021651851851851756,0.00231511997988486,2
0.2,factorized_g1p5_r1p35,factorized_g2_r1p35,cross_condition,0.00451339175924655,0.00013986365823885185,0.8176860511302948,0.0018122723391199324,6.511401936625038,0.024798614775331903,0.0646603325341544,0.0016675604460433201,0.0015239135947254,0.00022814602656291033,-0.0040217367106466,0.0031691890733224286,0.00636153474752175,0.001881853593666916,0.5008740740740741,0.0005237828008789013,0.0001970408800235,0.00013350293715072627,-0.024747772285059755,0.0007618014602555208,-0.005073595518612525,0.003282814282550169,-0.019840740740740714,0.002215601247717919,2
0.2,factorized_g1p5_r1p35,factorized_g2p5_r1p35,cross_condition,0.0088519342243671,0.00020830684749810228,0.8176860511302948,0.0018122723391199324,6.511401936625038,0.024798614775331903,0.06531488497659675,0.0008962572949118119,0.0021831213284645,0.0006019778024914779,-0.00041832723730950003,0.0011339744177692448,0.00624737627097125,0.00023542714010125131,0.500688888888889,0.00017808615229886256,0.000412294368668,9.485726405953475e-05,-0.02315111742104542,0.0006622915356111136,0.00011871637667487499,0.00018557968917371425,-0.023029629629629622,0.001288505690162116,2
0.2,factorized_g1p5_r1p35,factorized_g3_r1,cross_condition,0.00836486648768185,0.00017938093852940554,0.8176860511302948,0.0018122723391199324,6.511401936625038,0.024798614775331903,0.065428507286693,0.0004285489206941397,0.00211569386539245,0.00014552376607515922,-0.0019955020678557,0.0005371688786333283,0.0061509456559398,0.00018409711157027785,0.5005925925925925,0.0002723670564570585,0.0004144428904591,0.0003594876670234314,-0.02374239965091683,0.0008848916379737056,-0.00208105981310705,0.000606463786510436,-0.025244444444444514,0.003855041414468858,2
0.2,factorized_g1p5_r1p35,closed_g3,cross_condition,0.010338191874325199,8.018437929199e-05,0.8176860511302948,0.0018122723391199324,6.511401936625038,0.024798614775331903,0.0655493971885826,0.0005793116032307272,0.0023403088181698497,0.0006090381849390517,-0.00190742056414685,0.001511460354453157,0.0039761165515911495,0.002260329193983491,0.5010444444444444,0.00034569664858003873,0.0002194239626018,2.2279423891911208e-05,-0.023171923166852175,0.0008133660021283922,-0.0010043039700869927,0.0036383806587277825,-0.014566666666666672,0.0036612417781437213,2
0.2,factorized_g2_r1p35,factorized_g2p5_r1p35,cross_condition,0.004370598588138749,6.762527698024574e-05,0.8176860511302948,0.0018122723391199324,6.511401936625038,0.024798614775331903,0.06535041559773061,0.00016970930420145606,0.0029866500019656503,0.0003024362212533091,-0.00116630995830265,0.002305480034997951,0.005551458751293301,0.0010839733263505328,0.5008222222222223,0.00028284271247470564,0.00031111111111105003,6.285393610547874e-05,-0.024266067944913018,0.0012006188098724355,-0.0019753313384047997,0.0028926957055629265,-0.02510000000000001,0.005777324293694542,2
0.2,factorized_g2_r1p35,factorized_g3_r1,cross_condition,0.0052924111951141994,1.8414550804406375e-05,0.8176860511302948,0.0018122723391199324,6.511401936625038,0.024798614775331903,0.0660828530393137,0.0004615962491144483,0.0021217705191034,0.0013344515025092956,-0.0013913974652420501,0.0008706777095287498,0.006035182170123899,0.001486364212185404,0.5009481481481481,0.0001466591842461175,0.0006126538586813,0.00026028198723234276,-0.024238535043297572,0.0012473974829303425,-0.002823020204579925,0.002846742394913792,-0.027092592592592557,0.008322908705966147,2
0.2,factorized_g2_r1p35,closed_g3,cross_condition,0.0080762156285345,2.6605856666982242e-05,0.8176860511302948,0.0018122723391199324,6.511401936625038,0.024798614775331903,0.0654124632596508,0.0012875339358257604,0.0023431183761283,0.00033024052734532375,-0.00121401815999805,0.004579519274028504,0.00626907012284445,0.0010332503300445645,0.5011111111111111,2.0951312035254968e-05,0.00047163760176220003,0.00014363268604378676,-0.024459338240785417,0.00042249565531859187,-0.0016569665600247177,0.004359368747261813,-0.01670370370370372,0.0012989813461798416,2
0.2,factorized_g2p5_r1p35,factorized_g3_r1,cross_condition,0.00492915743961925,0.00011566807447116333,0.8176860511302948,0.0018122723391199324,6.511401936625038,0.024798614775331903,0.06516791865688525,0.00033900814623754927,0.0021287439624849,0.0002451670138044748,-0.0009750388320447501,0.0007920058755630902,0.0065411419853930505,0.0015425474694245533,0.5008962962962962,0.00021998877636913698,0.00044638117416595003,0.00021277618036540525,-0.024211367004154057,0.001099582932313476,-0.000817759149432325,0.001562141663232913,-0.0301481481481482,0.007123446091953325,2
0.2,factorized_g2p5_r1p35,closed_g3,cross_condition,0.00785666145384305,9.16891518464245e-05,0.8176860511302948,0.0018122723391199324,6.511401936625038,0.024798614775331903,0.06673750305697679,0.001294493921259002,0.0028075206147911,0.0006873548935930452,-0.00165444620447405,0.0007800767632216056,0.0059702170610231,0.0021013970559023523,0.5003555555555556,6.285393610556863e-05,0.00022556311239525,3.096149279124818e-05,-0.022192196021887454,0.00022333420398332177,-0.0005084921825504177,0.0006460026612603048,-0.02046296296296296,5.761610809682359e-05,2
0.2,factorized_g3_r1,closed_g3,cross_condition,0.0071095372550189,0.00032215865621617077,0.8176860511302948,0.0018122723391199324,6.511401936625038,0.024798614775331903,0.0656040743203187,0.0007431021697873849,0.00224496842509125,0.0001391539335595641,-0.00043423145596915,0.00198294764905378,0.00732485903215215,0.0018509978252849637,0.5007111111111111,0.00041902624070305826,0.00041529164484315,4.5404671790977896e-05,-0.024030529298513195,0.0005296176835998343,8.91212067187573e-05,0.001945717239391936,-0.022225925925925927,0.0025403465842627026,2
0.3,baseline,baseline,within_condition_split,0.0,0.0,0.743124932050705,0.0025973838331808663,5.915682583666136,0.01665402553181512,0.08164069117815656,0.001840759797926273,0.0027170256638225,0.0006703542120714681,0.0010153110615503998,0.0032523956194108025,0.0069332656628672,0.0014961374969026055,,,,,,,,,,,2
0.3,factorized_g1_r1p5,factorized_g1_r1p5,within_condition_split,0.0,0.0,0.743124932050705,0.0025973838331808663,5.915682583666136,0.01665402553181512,0.08217119986942276,0.0013932618336752077,0.0020938297742295,9.048395768547838e-06,-0.00056860708032995,0.0016785610183500965,0.0049274978365942,0.0004465818285845161,,,,,,,,,,,2
0.3,factorized_g1p5_r1p35,factorized_g1p5_r1p35,within_condition_split,0.0,0.0,0.743124932050705,0.0025973838331808663,5.915682583666136,0.01665402553181512,0.0813575654209954,0.0005487663138050529,0.0022683919143851,3.5124200536478385e-05,0.0053452737288775,0.0011665326611677426,0.0064602944444112,0.00042629544665033503,,,,,,,,,,,2
0.3,factorized_g2_r1p35,factorized_g2_r1p35,within_condition_split,0.0,0.0,0.743124932050705,0.0025973838331808663,5.915682583666136,0.01665402553181512,0.08235280992532976,0.002459964923888833,0.0029894262975236497,0.00037555783460587475,-0.00019495916243219993,0.0025019506416592645,0.005078509276841199,0.0009714662114229892,,,,,,,,,,,2
0.3,factorized_g2p5_r1p35,factorized_g2p5_r1p35,within_condition_split,0.0,0.0,0.743124932050705,0.0025973838331808663,5.915682583666136,0.01665402553181512,0.0811110458805582,0.0014870421179726933,0.00235251031754175,0.0002013172777872073,0.00024847464762845005,0.0013384754377753036,0.0063435007435336,0.0016042070806631668,,,,,,,,,,,2
0.3,factorized_g3_r1,factorized_g3_r1,within_condition_split,0.0,0.0,0.743124932050705,0.0025973838331808663,5.915682583666136,0.01665402553181512,0.0813132826084038,0.0021934147704611388,0.0028961081726479,0.0005492273409324622,-2.3171031950999788e-06,0.0028385509040967255,0.0054797510582606495,5.0367590273403914e-05,,,,,,,,,,,2
0.3,closed_g3,closed_g3,within_condition_split,0.0,0.0,0.743124932050705,0.0025973838331808663,5.915682583666136,0.01665402553181512,0.08193106598323266,0.002450285037131406,0.0028001564757571,0.000733374592188207,-0.00183797561106145,0.0016055655647932978,0.0075434768505683,0.001294099778679239,,,,,,,,,,,2
0.3,baseline,factorized_g1_r1p5,cross_condition,0.02608340606093405,0.001801290450904788,0.743124932050705,0.0025973838331808663,5.915682583666136,0.01665402553181512,0.05939902610725725,0.0007913164125904986,0.00210516675779875,0.0001889590905591954,-0.00144682026498625,0.0030862357220643316,0.00521709551322465,9.88123030559235e-06,,,,,-0.02250691941653241,0.0024083272283912413,-0.001670172255596475,0.0038731530225946846,,,2
0.3,baseline,factorized_g1p5_r1p35,cross_condition,0.0307240597903728,0.0016705799027824,0.743124932050705,0.0025973838331808663,5.915682583666136,0.01665402553181512,0.0590596887405196,0.00010214361924884675,0.0023154554727050003,3.388664419225597e-05,-0.0020901836187648,0.0012555787077071956,0.0061070883370698496,0.0019095974292048542,,,,,-0.02243943955905638,0.001092619436616821,-0.00527047601397875,0.0034650428479964675,,,2
0.3,baseline,factorized_g2_r1p35,cross_condition,0.03919737972319125,0.0017140464744872792,0.743124932050705,0.0025973838331808663,5.915682583666136,0.01665402553181512,0.060325506776969254,0.0005333332633498785,0.0013499640264819,0.00013148702331956767,-0.00344162743670905,0.00126840885785952,0.007514504997055551,0.0009845043448993508,,,,,-0.021671243774773908,0.0026836956242574338,-0.0038518033862681503,0.0016087642726755136,,,2
0.3,baseline,factorized_g2p5_r1p35,cross_condition,0.04733654297888275,0.0017112963926219434,0.743124932050705,0.0025973838331808663,5.915682583666136,0.01665402553181512,0.0606516243369615,0.0011065102617452967,0.0022494760820401002,0.0006994825417024439,-0.00254202417869075,0.0014225374768088658,0.004572854304112899,0.0009421947394848074,,,,,-0.020724244192395873,0.0005573906962041937,-0.0031739170332801747,0.00046557738599111614,,,2
0.3,baseline,factorized_g3_r1,cross_condition,0.041125021874904605,0.0012827814812775733,0.743124932050705,0.0025973838331808663,5.915682583666136,0.01665402553181512,0.05971396992621305,0.0004386317164302898,0.0015213301774158,0.00020297873809575973,-0.00021055102893009997,0.0017728179858580442,0.0064559462713867505,0.0005241751318963322,,,,,-0.02176301696706713,0.0015784555677634234,-0.0007170480081077498,0.0048182912476118075,,,2
0.3,baseline,closed_g3,cross_condition,0.043237725272774655,0.0009262217770534515,0.743124932050705,0.0025973838331808663,5.915682583666136,0.01665402553181512,0.0595605222300163,0.0014446509181165728,0.00232189855406595,0.0002652939741823236,-0.00418014503101335,0.0011323314182099694,0.007120450287476,0.003090919413526168,,,,,-0.022225356350678294,0.0007008714994122717,-0.003768812756257825,0.001296649173892081,,,2
0.3,factorized_g1_r1p5,factorized_g1p5_r1p35,cross_condition,0.006248744437471,0.00011474183162061205,0.743124932050705,0.0025973838331808663,5.915682583666136,0.01665402553181512,0.059456191388528604,0.0005400277143837182,0.0022523774412644,0.0010648192119905022,-0.00341040621604405,0.0019104432015780114,0.006455507087069301,0.0006076033378786859,,,,,-0.02230819125668047,0.000430986359356417,-0.005798739540317825,0.0021664573801691875,,,2
0.3,factorized_g1_r1p5,factorized_g2_r1p35,cross_condition,0.015097586903721,0.00023091138773455514,0.743124932050705,0.0025973838331808663,5.915682583666136,0.01665402553181512,0.05976326947430845,0.00012415919455775886,0.00165664611232715,2.3652532199571244e-05,0.0008960502509617,0.000830341094875601,0.0050720087366283,0.0009264848082985172,,,,,-0.0224987354230678,0.0018024541842242689,0.001277833372342775,0.00041864628322101685,,,2
0.3,factorized_g1_r1p5,factorized_g2p5_r1p35,cross_condition,0.0237360335886478,0.0003013341617846627,0.743124932050705,0.0025973838331808663,5.915682583666136,0.01665402553181512,0.05941850493636715,0.0010192706112791632,0.002308009612623,0.0007915702052787056,-0.00096282841288285,0.0028111834530061323,0.0056966546259395005,0.0013754195259314292,,,,,-0.02222261793862332,0.0004208813645447872,-0.0008027621965320999,0.004319701681068832,,,2
0.3,factorized_g1_r1p5,factorized_g3_r1,cross_condition,0.02043527923524375,0.0003074744307770862,0.743124932050705,0.0025973838331808663,5.915682583666136,0.01665402553181512,0.059499394766412805,0.0007368581068081136,0.00152889123482955,0.0006380353718943138,-0.00183163786877025,0.0014740471758107356,0.00665975432146765,0.0007800410452532986,,,,,-0.022242846472500476,0.0010564801952600547,-0.001546175777007725,0.0020540421186840503,,,2
0.3,factorized_g1_r1p5,closed_g3,cross_condition,0.025621267035603502,0.00017876058960287477,0.743124932050705,0.0025973838331808663,5.915682583666136,0.01665402553181512,0.05974284154839195,0.0009940116760454602,0.00199993327396335,0.0011001322714341542,-0.0024525366002464497,0.0012382701772265339,0.0041400309590078,0.0006351636130259537,,,,,-0.02230829137793575,0.0009277617593578541,-0.0012492452545507498,0.0012017724504481343,,,2
0.3,factorized_g1p5_r1p35,factorized_g2_r1p35,cross_condition,0.00940707838162775,4.1237398545408534e-05,0.743124932050705,0.0025973838331808663,5.915682583666136,0.01665402553181512,0.059166603710684995,0.0002699829914822125,0.00201931745165245,0.0005099321312967629,0.00208040378828195,0.0011514562782763763,0.0069817358873608005,0.002179676309834295,,,,,-0.02268858396247757,0.0012343826273647402,-0.0004947534949407003,0.00298569792968988,,,2
0.3,factorized_g1p5_r1p35,factorized_g2p5_r1p35,cross_condition,0.0181465353816747,0.00010756402575587034,0.743124932050705,0.0025973838331808663,5.915682583666136,0.01665402553181512,0.05986997495069325,0.0008399933284849281,0.0021640378508662,0.0004821165202604134,-0.0005080908666344,0.0011883875905226388,0.00673766229767725,0.0014413491035905792,,,,,-0.02136433070008355,0.001857897544373789,-0.003304965054887375,0.0011024162022188584,,,2
0.3,factorized_g1p5_r1p35,factorized_g3_r1,cross_condition,0.014567340724170201,0.00022556729905227844,0.743124932050705,0.0025973838331808663,5.915682583666136,0.01665402553181512,0.060357818222101706,0.0008292110621620698,0.00236041799061445,7.476878437134094e-05,-0.0012756296795880498,0.0034008759062694165,0.0058936078241343,0.0006183349724669818,,,,,-0.020977605792597897,0.0005418794799710236,-0.00394710799242925,0.0013983341236371825,,,2
0.3,factorized_g1p5_r1p35,closed_g3,cross_condition,0.02168175764381885,0.00015396243761029468,0.743124932050705,0.0025973838331808663,5.915682583666136,0.01665402553181512,0.060087709211906495,0.00023964323615826175,0.0020508743164282,0.00047629916406253153,-0.00280083619869445,0.0005193917828970146,0.0065086261379666,0.0008110327977622719,,,,,-0.02155660649020753,0.0017391689116264912,-0.004554485257602475,0.001905440895877535,,,2
0.3,factorized_g2_r1p35,factorized_g2p5_r1p35,cross_condition,0.0090223997831344,8.583469117047989e-05,0.743124932050705,0.0025973838331808663,5.915682583666136,0.01665402553181512,0.0599049385455471,0.0022770405933513808,0.0030198272992349,0.0009316152637349824,-0.00240240451224895,0.0006019080663560566,0.0052272544947807,0.001090920261916554,,,,,-0.021826989357396874,0.0003035370724206198,-0.002429162254847075,2.0170464414076072e-05,,,2
0.3,factorized_g2_r1p35,factorized_g3_r1,cross_condition,0.010841775685548751,5.199077181618844e-05,0.743124932050705,0.0025973838331808663,5.915682583666136,0.01665402553181512,0.0594483590104999,0.0014502485329402637,0.00203740738184105,0.0010282911402122801,-0.0005002620903294,0.003901307872387269,0.00631912053426635,0.002165012635642894,,,,,-0.022384687256366876,0.0008764413142347222,-0.0004016239575157499,0.001231057099509274,,,2
0.3,factorized_g2_r1p35,closed_g3,cross_condition,0.01918429695069785,2.8902201366327183e-05,0.743124932050705,0.0025973838331808663,5.915682583666136,0.01665402553181512,0.05994245397271055,0.0005384263494855479,0.0024608318978279,0.0005608777414469028,-0.0039061289881026,0.0008220724450224787,0.0059363992785623505,0.0015978297730175196,,,,,-0.02219948398157065,0.0019166986310245764,-0.002889661601355775,0.00287583054824876,,,2
0.3,factorized_g2p5_r1p35,factorized_g3_r1,cross_condition,0.0132348388433456,0.0001369996481737083,0.743124932050705,0.0025973838331808663,5.915682583666136,0.01665402553181512,0.0585491203396688,0.00022892913448895155,0.00245154550658305,0.0004959131014876221,0.0008573579914057999,0.002896057285914852,0.0044666700678115505,0.001590103310482495,,,,,-0.022663043904812195,0.002069157578705865,0.0007342792191891249,0.002146019552754141,,,2
0.3,factorized_g2p5_r1p35,closed_g3,cross_condition,0.02039028797298665,4.172669711474095e-05,0.743124932050705,0.0025973838331808663,5.915682583666136,0.01665402553181512,0.06035857680346405,0.0017445633950602833,0.0026115958062599,0.00039821994707644174,-0.0006886078997032179,0.0009673963765342771,0.005126324047084499,0.0003245073602556277,,,,,-0.02116247912843138,0.00022410018249177375,0.00010614258201328207,0.0011009414400432742,,,2
0.3,factorized_g3_r1,closed_g3,cross_condition,0.0184324067085981,0.00019330915487322778,0.743124932050705,0.0025973838331808663,5.915682583666136,0.01665402553181512,0.059224661769912354,0.0016257597609276272,0.0022990092650836003,0.0003144267301391421,-0.0022121710561927,0.0008350658009742953,0.005686866186517699,0.0017647429551192373,,,,,-0.022397512525905872,0.0006960901428686503,-0.0012920246990644254,0.003057124035419307,,,2
0.4,baseline,baseline,within_condition_split,0.0,0.0,0.6849730908870697,0.003789465296462993,5.445558373034997,0.009445375064944186,0.0752472497323084,6.324802018635922e-05,0.0017043030064222,0.0001310284053512096,-0.0004105240345576,0.0008405564428942964,0.00782127094024365,3.9426816739853346e-05,0.5139481481481482,0.011030865786510182,0.00785388729738685,0.0011173837747047504,,,,,,,2
0.4,factorized_g1_r1p5,factorized_g1_r1p5,within_condition_split,0.0,0.0,0.6849730908870697,0.003789465296462993,5.445558373034997,0.009445375064944186,0.07654705142019336,0.0006475979464894137,0.002965608014209,0.000644362754081262,0.0017678972518145502,0.001505758674551665,0.00522203010790105,0.00042406985460551115,0.5286888888888889,0.00017808615229874478,0.01458612969825895,0.01367228772191101,,,,,,,2
0.4,factorized_g1p5_r1p35,factorized_g1p5_r1p35,within_condition_split,0.0,0.0,0.6849730908870697,0.003789465296462993,5.445558373034997,0.009445375064944186,0.07497212104485755,0.001211850486888461,0.0041196207034633996,0.00047275003344510397,-0.00168989685088275,0.001550898454822531,0.0059117837116553,0.0020367802320591004,0.5319555555555555,0.020804652850910915,0.01734459993657325,0.010587149322258509,,,,,,,2
0.4,factorized_g2_r1p35,factorized_g2_r1p35,within_condition_split,0.0,0.0,0.6849730908870697,0.003789465296462993,5.445558373034997,0.009445375064944186,0.0754845927472753,0.0007912704504980379,0.00177887958540555,0.0003458418950601664,0.0012666799717899499,0.0013853830872954252,0.005368864854843751,0.0012660487546915097,0.5308962962962964,0.006107307458248346,0.0081979933969842,0.0015726984906411427,,,,,,,2
0.4,factorized_g2p5_r1p35,factorized_g2p5_r1p35,within_condition_split,0.0,0.0,0.6849730908870697,0.003789465296462993,5.445558373034997,0.009445375064944186,0.07546473180869445,0.0008129962272040346,0.00223029435539565,0.0005487967014765105,0.00289372722720085,0.005935439452675972,0.0075445559325252,0.0035688051273484373,0.5235037037037037,0.001288505690162116,0.0139745457910341,0.0037935975889562485,,,,,,,2
0.4,factorized_g3_r1,factorized_g3_r1,within_condition_split,0.0,0.0,0.6849730908870697,0.003789465296462993,5.445558373034997,0.009445375064944186,0.07522319133072375,0.00046483464912597944,0.0034971041499573504,0.001228047314835552,0.002678102166475,0.002650711648348789,0.0077776693484915005,0.002983260683600601,0.5176592592592593,0.01927520707234433,0.01600429680602115,0.017130153797781444,,,,,,,2
0.4,closed_g3,closed_g3,within_condition_split,0.0,0.0,0.6849730908870697,0.003789465296462993,5.445558373034997,0.009445375064944186,0.0752871439159993,0.0002751700669692403,0.0027608857179601,0.0011776482546457332,0.00035897138840430007,0.0024470291010074657,0.0056074044402539,0.0005437753118216247,0.5259407407407408,0.0017599102109532136,0.01654147832893075,0.005472608341725051,,,,,,,2
0.4,baseline,factorized_g1_r1p5,cross_condition,0.048442054539918844,0.002422021333239103,0.6849730908870697,0.003789465296462993,5.445558373034997,0.009445375064944186,0.0556169690754673,0.0009239455745419296,0.0022104482979646498,0.000589450308263823,-0.00155748643215815,0.0034476132959567903,0.0056888756229261,0.00539063067768274,0.5017703703703704,0.0014351648744081943,0.0013172342758898,0.0010409287107237023,-0.02028018150078357,0.0006317706113903949,-0.002236173040786625,0.0022744557372338095,-0.019548148148148148,0.003991224942697564,2
0.4,baseline,factorized_g1p5_r1p35,cross_condition,0.053804161027073805,0.0022205146163305797,0.6849730908870697,0.003789465296462993,5.445558373034997,0.009445375064944186,0.0552683564922898,0.000766386541066612,0.0021086127943327,0.0015984006461368136,-0.0035665141801457497,4.478558344994198e-05,0.0062222148106416,0.0007703066004045306,0.5008222222222222,5.237828008792153e-05,0.00068962834492465,0.00016709321338297166,-0.01984132889629318,0.0014039357946040198,-0.0025163037374255747,0.0003103854225141752,-0.02212962962962972,0.01597013759879845,2
0.4,baseline,factorized_g2_r1p35,cross_condition,0.06725179776549335,0.0021715057340464935,0.6849730908870697,0.003789465296462993,5.445558373034997,0.009445375064944186,0.055914508302201,0.0009520390943060411,0.0027686484551673,0.00012629449001032883,-0.0004576505074127,0.0009083447092279413,0.008557799624857951,0.00022463024699270322,0.5031407407407407,0.0010894682258281163,0.0027502370135198996,9.920331950584666e-05,-0.019451412937590846,0.0005247798589638425,-0.000885728476028875,0.0011807580314285057,-0.01928148148148151,0.007479618396551128,2
0.4,baseline,factorized_g2p5_r1p35,cross_condition,0.0799026004970073,0.0020992871091230375,0.6849730908870697,0.003789465296462993,5.445558373034997,0.009445375064944186,0.056028143334053704,0.00021436349494789478,0.00176344918956045,0.0002712040804038866,-0.00127729245451535,0.0016458111337501486,0.00863504535612685,0.00357745644318688,0.5018148148148148,0.0006809176411426659,0.0008822202268427,2.4012263317583066e-05,-0.019327847436447724,0.00022375862874731442,-0.002518894050836975,0.0009016303711406893,-0.0169111111111111,0.0054787680971934835,2
0.4,baseline,factorized_g3_r1,cross_condition,0.0647856183350086,0.0015311792013326228,0.6849730908870697,0.003789465296462993,5.445558373034997,0.009445375064944186,0.0550851913109899,0.0005483110616752978,0.00226701879561855,0.0005635518102759091,-5.19984078943e-05,0.0005836101528335208,0.007287207604974101,0.00018107542134505525,0.5019851851851852,0.0013199326582149003,0.0011346983807621,8.924369378993663e-05,-0.020150029220526174,0.00034751774720547787,-0.0011857874738529998,0.0023292441984550634,-0.013818518518518563,0.016472969087642217,2
0.4,baseline,closed_g3,cross_condition,0.0700117982923984,0.001024194760595064,0.6849730908870697,0.003789465296462993,5.445558373034997,0.009445375064944186,0.055908211042517905,0.00030778868118163446,0.00199951193043965,0.00047516741348193746,-0.0002949654486133499,0.0010934514351493248,0.00527983437399065,0.0002165134823916497,0.5033703703703704,0.0007647228892832148,0.00313355823527675,0.002286797870888405,-0.01935898578163595,0.0004769977247594293,-0.00026918912553670004,0.0018966877642059095,-0.016574074074074074,0.005630665109448424,2
0.4,factorized_g1_r1p5,factorized_g1p5_r1p35,cross_condition,0.010102896485477651,0.0002903740055383253,0.6849730908870697,0.003789465296462993,5.445558373034997,0.009445375064944186,0.0550911785643688,0.00011203171785634271,0.00144676548185995,0.0006929687847476297,0.0001720279736541,0.00674534888791665,0.00595981309996485,0.002002719923847325,0.5006296296296296,0.0003875992726504309,0.0003039023374392,0.00010724145824970442,-0.020668407668156655,0.00017009455234317361,0.00013302777318820007,0.006722778997781217,-0.029692592592592548,0.009925684076655714,2
0.4,factorized_g1_r1p5,factorized_g2_r1p35,cross_condition,0.02451529446989295,0.00032065454055988307,0.6849730908870697,0.003789465296462993,5.445558373034997,0.009445375064944186,0.05471234920181335,0.0007033000474992612,0.002360474792703,0.0007878552716418196,0.0006550103704043,0.004127709158944957,0.0044364013474797,0.0008408375620100917,0.5011111111111111,0.0008799551054765479,0.000496418973302,8.300296567714005e-05,-0.021303472881920978,0.0007751362995035757,-0.00086227824139795,0.004067521365316838,-0.028681481481481585,0.002084655547498194,2
0.4,factorized_g1_r1p5,factorized_g2p5_r1p35,cross_condition,0.03848004899919025,0.0003113414041280037,0.6849730908870697,0.003789465296462993,5.445558373034997,0.009445375064944186,0.05574413672594475,0.0009739695085409723,0.00215816589301815,0.0010364523806777103,-0.0029033101049008,0.0007026607492635833,0.005777761174016601,0.0009992744441272557,0.502051851851852,0.0007856742013184697,0.0017836207350702,0.0002725189439987315,-0.020261754888499146,0.0010566686488982827,-0.005234122344408501,0.0015121796397985698,-0.02404444444444437,0.00023046443238674484,2
0.4,factorized_g1_r1p5,factorized_g3_r1,cross_condition,0.031321164220571504,0.0005346643834970654,0.6849730908870697,0.003789465296462993,5.445558373034997,0.009445375064944186,0.05536991625728275,0.0017664287628722777,0.0021402078615728,0.00030504755760006505,0.00084110462069435,0.0014278093094796608,0.00680846021690085,0.0012968088870768922,0.5017925925925926,0.0001676104962812547,0.00166245411651165,0.0007555983291264674,-0.020515205118175804,0.0012102124650645739,-0.001381895088450425,0.003506044470929888,-0.0213814814814815,0.009716170956304027,2
0.4,factorized_g1_r1p5,closed_g3,cross_condition,0.0430016294121742,0.0004250562355884277,0.6849730908870697,0.003789465296462993,5.445558373034997,0.009445375064944186,0.0560212103989529,0.0013758814581802607,0.00203419606159555,0.0005921379568737133,-0.0020566629435537,0.0005026221089352514,0.0066766506760292995,0.0010787495678338877,0.5023037037037037,0.0007018689531778031,0.00159371168138575,0.0009319221589976552,-0.01989588726914343,0.001189667518420169,-0.003120097263663125,3.1986895707351336e-05,-0.02501111111111115,0.001492780982505057,2
0.4,factorized_g1p5_r1p35,factorized_g2_r1p35,cross_condition,0.0161461113020777,0.00010662494128748698,0.6849730908870697,0.003789465296462993,5.445558373034997,0.009445375064944186,0.055137729981165,0.0006656833288971335,0.0021894858100839,0.0003752886066900706,-8.663503120064997e-05,0.0015464364490355045,0.0054053660895053,0.0017998267182632868,0.5009111111111111,0.00030379402450972506,0.00029895265946435,1.8688633018728837e-05,-0.020090626914901426,0.0016672437975903734,0.00012497340834575013,7.829567797652637e-05,-0.030514814814814883,0.013152186130069904,2
0.4,factorized_g1p5_r1p35,factorized_g2p5_r1p35,cross_condition,0.03044147882610555,7.049192122342246e-05,0.6849730908870697,0.003789465296462993,5.445558373034997,0.009445375064944186,0.054636485753684,0.00010152930984586401,0.0027791465418514003,0.0006719837992002558,-0.00115763569877855,0.00020436847082905512,0.0058804264698633,0.00037842602817311386,0.5018222222222222,0.0007751985453009011,0.0014776364653528,0.00045750698329330994,-0.020581940673092,0.0009108940472003839,-0.0017595508869376,0.003538800482920197,-0.02590740740740738,0.010271380725235634,2
0.4,factorized_g1p5_r1p35,factorized_g3_r1,cross_condition,0.0224519409239292,0.0003574237146186049,0.6849730908870697,0.003789465296462993,5.445558373034997,0.009445375064944186,0.055111754729015,9.381111560645683e-05,0.0022191678776627,0.0005552827612895052,-2.919075594149962e-06,0.0020120425286664144,0.0052963505402083,0.000583601466034068,0.5014222222222222,0.0002933183684921172,0.00167555645657755,4.626514029161794e-05,-0.01998590145877565,0.00046731903448769764,-0.0004970217333902749,0.0025619491254295435,-0.02338518518518523,0.02033324833011982,2
0.4,factorized_g1p5_r1p35,closed_g3,cross_condition,0.0379221923649311,0.00029390577973466546,0.6849730908870697,0.003789465296462993,5.445558373034997,0.009445375064944186,0.0546905544856546,7.611860201042857e-06,0.00239535108359885,0.001045035498560155,-0.00418977468752475,0.00030825847665141436,0.0057423589296937,0.0010675605969023355,0.5015777777777778,0.00036664796061529375,0.00067084314054055,0.0005913128577459393,-0.020439077994773822,0.0007358984167278029,-0.003524311956285525,0.0016907053012635836,-0.027370370370370378,0.010915633570316849,2
0.4,factorized_g2_r1p35,factorized_g2p5_r1p35,cross_condition,0.015356847085058651,6.486531694729966e-05,0.6849730908870697,0.003789465296462993,5.445558373034997,0.009445375064944186,0.05516717818563455,0.000490390496304363,0.00196528049000625,0.0011816083661514538,0.0006482548315126,0.0027340633397179475,0.0049418760469562,0.002203702992894371,0.5014222222222222,0.00041902624070321525,0.0010719609550493,0.001061285150499384,-0.02030748409235032,0.001292523835155397,-0.0014319487679827997,0.006394474609703646,-0.025777777777777844,0.0032788803335019566,2
0.4,factorized_g2_r1p35,factorized_g3_r1,cross_condition,0.0204246016219258,6.894565871874772e-05,0.6849730908870697,0.003789465296462993,5.445558373034997,0.009445375064944186,0.05493841753920175,0.0009463970796064258,0.00162413646857925,0.00031599775381662115,0.0002567410629172001,0.0023845599308305408,0.0047614079061424,0.001889673557102101,0.5015333333333334,3.142696805274507e-05,0.0008442546408672,0.0006352983592120109,-0.020415474499797782,0.0007831791789203965,-0.0017156500062152748,0.0030172242113572223,-0.02274444444444451,0.012659830297243553,2
0.4,factorized_g2_r1p35,closed_g3,cross_condition,0.03590993396937845,3.0121825795119767e-05,0.6849730908870697,0.003789465296462993,5.445558373034997,0.009445375064944186,0.05474114957142145,3.08678059598349e-05,0.00137189603064805,7.94924851552525e-05,-0.00183208398882885,0.0005388229109432538,0.0070798268708485,0.0009343754630903395,0.5017259259259259,0.0012256517540567044,0.00111088594528425,0.0002520953707192948,-0.020644718760215855,0.0005023524527737968,-0.0026449096689259754,0.0013773831832081915,-0.026692592592592712,0.002707957080544036,2
0.4,factorized_g2p5_r1p35,factorized_g3_r1,cross_condition,0.02686085924506185,0.0002192663451999139,0.6849730908870697,0.003789465296462993,5.445558373034997,0.009445375064944186,0.05562566236941065,0.0007438866497064172,0.0018498668189036,0.00041540468846968585,0.0017019806537495498,0.0006433304907541795,0.00660540265916395,2.4808215691149173e-05,0.5010666666666667,0.00018856180831639191,0.0004809177289819,0.0003920874547826703,-0.019718299200298453,0.0005698058606673896,-0.0010839340430883755,0.0022856943929177717,-0.019514814814814818,0.010470418189569595,2
0.4,factorized_g2p5_r1p35,closed_g3,cross_condition,0.0390768181532621,3.448929297209305e-05,0.6849730908870697,0.003789465296462993,5.445558373034997,0.009445375064944186,0.05525603585735855,0.0006729589245487816,0.0021851222380165,0.0002217133050028547,-0.0013806989802166,0.0031849295108102764,0.0060720974325964,0.00013787547687041615,0.5015703703703704,8.38052481406666e-05,0.0010131615433059,0.0003014559455195837,-0.020119902004988324,0.0012170420716354118,-0.003007048288019175,0.0010063047660314425,-0.023151851851851868,0.0014404027024170572,2
0.4,factorized_g3_r1,closed_g3,cross_condition,0.0350599996745586,2.4961471030557363e-05,0.6849730908870697,0.003789465296462993,5.445558373034997,0.009445375064944186,0.0547363500168002,0.0001812504963518203,0.00192997293587965,0.00030140074474568576,-0.0020514096325889002,2.6331984897326424e-06,0.00603001983341225,0.0006978412054148708,0.5009407407407407,0.0002828427124746271,0.0008066909308253,0.0003549495685055309,-0.020518817606561324,8.641820527345318e-05,-0.0035699464100285502,0.00010447447216039424,-0.0208592592592593,0.010234715929174104,2
0.5,baseline,baseline,within_condition_split,0.0,0.0,0.6476196050643921,0.005261949742888098,5.130892766009302,0.001250067023880592,0.07040446291550781,0.0014073012984762586,0.00349403685602615,0.00014330951036759464,0.00131333154075845,0.0010455792198385094,0.00652499664392655,0.0036163559605582795,,,,,,,,,,,2
0.5,factorized_g1_r1p5,factorized_g1_r1p5,within_condition_split,0.0,0.0,0.6476196050643921,0.005261949742888098,5.130892766009302,0.001250067023880592,0.07126138001415855,0.0006385037494387151,0.00293919295032215,0.0007717070262153092,0.0036588358395774,0.0014554018905867327,0.006391033685105451,0.0004717888578089301,,,,,,,,,,,2
0.5,factorized_g1p5_r1p35,factorized_g1p5_r1p35,within_condition_split,0.0,0.0,0.6476196050643921,0.005261949742888098,5.130892766009302,0.001250067023880592,0.0717389081565237,0.0004568440380918578,0.0031241958262866,0.00022413800652844757,-0.00275900978436265,0.002147868699312149,0.00462574559489255,0.001029038435230881,,,,,,,,,,,2
0.5,factorized_g2_r1p35,factorized_g2_r1p35,within_condition_split,0.0,0.0,0.6476196050643921,0.005261949742888098,5.130892766009302,0.001250067023880592,0.0732493034127253,0.0008717665200974482,0.0035293585440814,0.0006399709099039385,-0.00160421813530975,0.00021487463550680567,0.00423350684541575,0.0008282883737263083,,,,,,,,,,,2
0.5,factorized_g2p5_r1p35,factorized_g2p5_r1p35,within_condition_split,0.0,0.0,0.6476196050643921,0.005261949742888098,5.130892766009302,0.001250067023880592,0.0719547811862685,0.000408892031228913,0.0027614412276086,0.0002294213729305221,-0.00263300423948555,0.0011356252359384486,0.00655107074372865,0.0007184033613833124,,,,,,,,,,,2
0.5,factorized_g3_r1,factorized_g3_r1,within_condition_split,0.0,0.0,0.6476196050643921,0.005261949742888098,5.130892766009302,0.001250067023880592,0.07238318181918024,0.00040103625278349993,0.0020225399203745,0.00040982902595958475,0.0003642674733401,0.0013545623763140092,0.005973975976682351,0.0012945530699138559,,,,,,,,,,,2
0.5,closed_g3,closed_g3,within_condition_split,0.0,0.0,0.6476196050643921,0.005261949742888098,5.130892766009302,0.001250067023880592,0.07198004799940845,0.0010728004321796034,0.0018015902197459,0.000701338270877602,-0.0022693555924895503,0.0001447430785312301,0.0050824045272092,0.00043032997674777366,,,,,,,,,,,2
0.5,baseline,factorized_g1_r1p5,cross_condition,0.0795139037072658,0.0027152738368219206,0.6476196050643921,0.005261949742888098,5.130892766009302,0.001250067023880592,0.0529124639172005,0.0008370004286757948,0.00287180747234415,0.0001207946917791132,-0.0003830698488519,0.002100549712656408,0.00521181062975,0.0018002052547903317,,,,,-0.017920457547632673,0.0018599029526332866,-0.002869153539019825,0.0018956383772822968,,,2
0.5,baseline,factorized_g1p5_r1p35,cross_condition,0.0842291451990604,0.002526276831386983,0.6476196050643921,0.005261949742888098,5.130892766009302,0.001250067023880592,0.053694200577803206,0.00011627347264656989,0.0016625240339941498,0.0009872032301083103,-0.0006131819098670001,0.003663304914479698,0.0043133577430139,0.0003726506966109589,,,,,-0.017377484958212546,0.0008157991956374933,0.0001096572119351001,0.004214449654216517,,,2
0.5,baseline,factorized_g2_r1p35,cross_condition,0.10327307507395739,0.0024277058894320268,0.6476196050643921,0.005261949742888098,5.130892766009302,0.001250067023880592,0.0542863569183035,0.00014188621401119627,0.002329126258813,0.00036061718594129544,-4.799024608295006e-05,0.002114785801099738,0.0090674228227819,0.001158302723114208,,,,,-0.017540526245813048,0.0001258811751782089,9.74530511927001e-05,0.0025301380932655896,,,2
0.5,baseline,factorized_g2p5_r1p35,cross_condition,0.12080089375376696,0.0023372587525276973,0.6476196050643921,0.005261949742888098,5.130892766009302,0.001250067023880592,0.0544427139659359,0.0018804187684929204,0.00174088443236085,2.870642702971743e-05,-0.0032575276373406,0.001939284707417805,0.00694949294447245,0.0017201819348576643,,,,,-0.016736908084952255,0.0009723221036403247,-0.00259769128797705,0.0019843077154677747,,,2
0.5,baseline,factorized_g3_r1,cross_condition,0.09244671463966364,0.0017048189488413639,0.6476196050643921,0.005261949742888098,5.130892766009302,0.001250067023880592,0.05448502035758725,0.0008355850880192173,0.0017829560189351,0.000250015760704125,-0.0002853386279611,0.0006451806617673253,0.0064608830246603004,0.0007727763516386649,,,,,-0.016908802009756776,0.0017397538636491087,-0.001124138135010375,0.000554890136308934,,,2
0.5,baseline,closed_g3,cross_condition,0.1024704501032829,0.0009485464358740926,0.6476196050643921,0.005261949742888098,5.130892766009302,0.001250067023880592,0.0551149082962758,0.0015140190803980783,0.0021277915876693502,0.0011827071138338,-0.00313010136103135,0.0018477041587767848,0.0064806897949198,0.002388558939392098,,,,,-0.016077347161182323,0.0002739682150701497,-0.0026520893351658,0.0024428653079616547,,,2
0.5,factorized_g1_r1p5,factorized_g1p5_r1p35,cross_condition,0.01590343005955215,0.0005985063222789268,0.6476196050643921,0.005261949742888098,5.130892766009302,0.001250067023880592,0.0524978487384196,0.00015961658847057277,0.00213500715852535,0.000493099497138698,-0.00087811951782195,0.000626952690811621,0.0071135355464834,0.000286921902600981,,,,,-0.019002295346921525,0.0007072904822358568,-0.001328032545429325,0.0024285879857610616,,,2
0.5,factorized_g1_r1p5,factorized_g2_r1p35,cross_condition,0.036629494279623004,0.0005603160091719898,0.6476196050643921,0.005261949742888098,5.130892766009302,0.001250067023880592,0.052971331446313455,0.0009619462286942765,0.0025477623463154,0.0004749103238959134,-0.0017184920213087678,0.0024024565841645634,0.00801211790374565,0.0028259434917269977,,,,,-0.019284010267128466,0.0010785776140236453,-0.002745800873442593,0.0015673183211177943,,,2
0.5,factorized_g1_r1p5,factorized_g2p5_r1p35,cross_condition,0.05677323043346405,0.0004427263018266225,0.6476196050643921,0.005261949742888098,5.130892766009302,0.001250067023880592,0.05420942248251955,0.0002744246925119726,0.0014183739682122,0.00024158794221651282,-0.00048423633972755,0.00012698985100138697,0.0076224999957518,0.0014814445860058013,,,,,-0.017398658117693977,0.00024927319782184386,-0.000997152139773475,0.0011685237122612034,,,2
0.5,factorized_g1_r1p5,factorized_g3_r1,cross_condition,0.04642044007778165,0.0007773090587303352,0.6476196050643921,0.005261949742888098,5.130892766009302,0.001250067023880592,0.052771999671063746,0.000806385400097188,0.00183523480434625,0.0007896480543934186,0.00188380236455015,0.001901351789578097,0.00810423026917915,0.0011837780598581468,,,,,-0.019050281245605653,0.00028661539898607556,-0.00012774929190860007,0.0019517715467144588,,,2
0.5,factorized_g1_r1p5,closed_g3,cross_condition,0.0661109760403633,0.0006234467198852918,0.6476196050643921,0.005261949742888098,5.130892766009302,0.001250067023880592,0.05323352936683595,0.001289796374196617,0.00202519572631965,0.00043150898139124625,-0.001462700271228,1.4932813213135137e-05,0.0072162345705935,0.0027037767762128372,,,,,-0.018387184639947544,0.00043414428338746017,-0.002157440394771925,0.0006702622192408863,,,2
0.5,factorized_g1p5_r1p35,factorized_g2_r1p35,cross_condition,0.02513201907277105,0.00023604605926331237,0.6476196050643921,0.005261949742888098,5.130892766009302,0.001250067023880592,0.05276803521945085,0.0014027989005104171,0.0013672834203447498,0.00015623838323833595,-0.00080243212051895,0.0016199921632317714,0.007489378226939,0.0015504989804199867,,,,,-0.019726070565173642,0.0016102601415132125,0.00137918183931725,0.0028013638306412488,,,2
0.5,factorized_g1p5_r1p35,factorized_g2p5_r1p35,cross_condition,0.046093165874481146,0.00023125448942315526,0.6476196050643921,0.005261949742888098,5.130892766009302,0.001250067023880592,0.052727592611226,0.0015357192974336865,0.00236163673243025,3.177792243816966e-05,-0.0040246334061172,0.0046295013876988655,0.0050385720385391995,0.0008186713809024812,,,,,-0.019119252060170108,0.0019685873320940744,-0.0013286263941931,0.006271248355324164,,,2
0.5,factorized_g1p5_r1p35,factorized_g3_r1,cross_condition,0.033617082983255345,0.00042758504649906173,0.6476196050643921,0.005261949742888098,5.130892766009302,0.001250067023880592,0.0534987810403033,0.00037442076908077756,0.00154733573196825,0.0008489520944029529,0.00098881147820595,0.0043260478239583395,0.0053953530917534,0.00019003453619157026,,,,,-0.01856226394754868,0.0008033609145184589,0.002186182633717225,0.00392939466245927,,,2
0.5,factorized_g1p5_r1p35,closed_g3,cross_condition,0.059495136141777,0.00031624360944546633,0.6476196050643921,0.005261949742888098,5.130892766009302,0.001250067023880592,0.05332030429581805,0.0002801878415863808,0.0031931133943773997,0.0005813738470626347,-0.0025838327657819998,0.0019848001273079863,0.0068956601166214,0.0005740557007864571,,,,,-0.01853917378214802,0.0010450100767221114,-6.965007735589967e-05,0.0009832373169175268,,,2
0.5,factorized_g2_r1p35,factorized_g2p5_r1p35,cross_condition,0.02360021974891415,4.2559097372891214e-05,0.6476196050643921,0.005261949742888098,5.130892766009302,0.001250067023880592,0.0528004149685991,0.0010247467560610712,0.002239988819177,0.0006692633120287539,-4.196042462938175e-05,0.00011024337132704236,0.0106126165740819,0.0006216078283377985,,,,,-0.019801627330897797,0.0012561840004953362,0.002076650762768268,0.0005650065643955847,,,2
0.5,factorized_g2_r1p35,factorized_g3_r1,cross_condition,0.03544218279421325,8.79025209251163e-06,0.6476196050643921,0.005261949742888098,5.130892766009302,0.001250067023880592,0.052530782500693596,0.0013947915777028901,0.0016386392784037,0.000386817186437419,-0.00017596038718710005,0.004518926805203139,0.00613879992956595,0.002355415874344943,,,,,-0.020285460115259172,0.0011594264440459208,0.0004440149437977248,0.00508877067560674,,,2
0.5,factorized_g2_r1p35,closed_g3,cross_condition,0.0586776621639728,8.487321618851846e-06,0.6476196050643921,0.005261949742888098,5.130892766009302,0.001250067023880592,0.05375875944284095,0.0009869406595290995,0.00232445326728875,0.0005812724855436155,-0.0007263817827145501,0.0012144870989221788,0.005839921478914449,0.00037224498888182526,,,,,-0.018855916263225928,0.0008864237034880219,0.0012104050811850998,0.0012495528774099664,,,2
0.5,factorized_g2p5_r1p35,factorized_g3_r1,cross_condition,0.04662379249930375,0.000320721712099685,0.6476196050643921,0.005261949742888098,5.130892766009302,0.001250067023880592,0.0538516413594438,0.0007465036311234898,0.0025540309165695,9.163538604320867e-05,2.722025073465003e-05,0.0006750054872528926,0.0071173240904114,0.001811018993464098,,,,,-0.018317340143280576,0.0011514677731296913,0.001161588633807375,0.0007844740574406729,,,2
0.5,factorized_g2p5_r1p35,closed_g3,cross_condition,0.06432054936885831,0.00010728480288451511,0.6476196050643921,0.005261949742888098,5.130892766009302,0.001250067023880592,0.05357348636546765,0.00036072359247288566,0.00189976980876085,0.00010594041160140849,-0.00498586589246565,0.0009701289108977943,0.00479241026527295,0.00029551311609345594,,,,,-0.01839392822737082,0.0011015698241771464,-0.0025346859764781,0.0014655699896014035,,,2
0.5,factorized_g3_r1,closed_g3,cross_condition,0.0568410269916057,0.00021299963566190865,0.6476196050643921,0.005261949742888098,5.130892766009302,0.001250067023880592,0.0536853123771044,0.0013232821156641485,0.00213735302967295,0.0003078348584531875,-0.0021665993177808498,0.002767359549691132,0.0077572216759559005,0.0012990169021932655,,,,,-0.018496302532189944,0.0005863637731825943,-0.0012140552582061248,0.0035170122771137516,,,2
0.6,baseline,baseline,within_condition_split,0.0,0.0,0.634727269411087,0.006879419348190678,4.99959651373692,0.012470195643700143,0.06884331554810344,0.001590408245225083,0.0036933031936849,0.0017475666151839599,0.00044342726223989997,0.0016508904527719843,0.00798306355830985,0.002581974340012006,0.536637037037037,0.012466030660918299,0.0264405984763195,0.013596896519539997,,,,,,,2
0.6,factorized_g1_r1p5,factorized_g1_r1p5,within_condition_split,0.0,0.0,0.634727269411087,0.006879419348190678,4.99959651373692,0.012470195643700143,0.07170574367939075,0.0019028150497186111,0.00418189843213255,0.0021084746724980416,0.0009238709813350499,0.00044537324475589583,0.0055878433004788505,0.00019080035295483415,0.5297407407407406,0.00602350221010764,0.01616013862756165,0.003048214005495463,,,,,,,2
0.6,factorized_g1p5_r1p35,factorized_g1p5_r1p35,within_condition_split,0.0,0.0,0.634727269411087,0.006879419348190678,4.99959651373692,0.012470195643700143,0.0701743739758255,0.00042823757656810927,0.0022726869539394503,5.7939715485123367e-05,-0.0008165255893004499,0.0015057899894043705,0.00459599381982415,4.051851764746616e-05,0.5342740740740741,0.006526333698951404,0.015255239069555601,0.011982125393250987,,,,,,,2
0.6,factorized_g2_r1p35,factorized_g2_r1p35,within_condition_split,0.0,0.0,0.634727269411087,0.006879419348190678,4.99959651373692,0.012470195643700143,0.07148432073784355,0.0025300103957212323,0.00278623406041725,0.0009681253984622001,8.741864150059998e-05,0.0005079737224938856,0.0062841569331103,0.0001340205140791862,0.5476222222222222,0.009103345079275557,0.02110350920261815,0.00634133447705275,,,,,,,2
0.6,factorized_g2p5_r1p35,factorized_g2p5_r1p35,within_condition_split,0.0,0.0,0.634727269411087,0.006879419348190678,4.99959651373692,0.012470195643700143,0.07298646452986346,0.0020857176725059025,0.0028872116369666996,0.0005521838667564574,-0.00028691229754745,0.0005659165561660478,0.00885486524594055,0.000198325518736403,0.537162962962963,0.011596551211459359,0.025771707580358898,0.006171298546993655,,,,,,,2
0.6,factorized_g3_r1,factorized_g3_r1,within_condition_split,0.0,0.0,0.634727269411087,0.006879419348190678,4.99959651373692,0.012470195643700143,0.07145273240318725,0.001108243739546896,0.0023895859527983,0.0011117351938421144,0.00022917225324985,0.0015995355901138792,0.0065284459026999,0.001082551640904222,0.5307777777777778,0.01574491099442045,0.02253401442380635,0.006820871581399291,,,,,,,2
0.6,closed_g3,closed_g3,within_condition_split,0.0,0.0,0.634727269411087,0.006879419348190678,4.99959651373692,0.012470195643700143,0.0714595346244809,0.0008907843047793154,0.001972958675753,0.0003475355625699596,-0.0016190128705194,0.00018188493049590748,0.006170768867362749,0.0022608695609130217,0.5151111111111111,0.0029331836849219965,0.01505503089298535,0.0040431101677137204,,,,,,,2
0.6,baseline,factorized_g1_r1p5,cross_condition,0.1201425120234489,0.0027646436014963885,0.634727269411087,0.006879419348190678,4.99959651373692,0.012470195643700143,0.05364958614532935,0.00021287916086104748,0.00163876989090765,0.0001980533856762768,-0.00040170661841475,0.00178828631413867,0.0050704765061537,0.0005009603099138534,0.5053925925925926,0.004190262407031367,0.004514530460315649,0.0038606813804668485,-0.016624943468417745,0.0015337324866108093,-0.0010853557402022251,0.0028364181629026105,-0.027796296296296208,0.005054504028481601,2
0.6,baseline,factorized_g1p5_r1p35,cross_condition,0.1225546039640903,0.002627176386722005,0.634727269411087,0.006879419348190678,4.99959651373692,0.012470195643700143,0.05456347060046885,0.0003049163467802579,0.00086212624530405,0.00048030308534992067,0.0010672248870045998,0.004100950200863337,0.007339065046462151,0.00034759190364758744,0.5048222222222223,0.0009951873216699988,0.0012046475452036,0.0002237779417382716,-0.014945374161495627,0.00027616898754822156,0.001253774050534875,0.0025226099797751598,-0.030633333333333346,0.003965035802653446,2
0.6,baseline,factorized_g2_r1p35,cross_condition,0.14766449481248856,0.002489667025099149,0.634727269411087,0.006879419348190678,4.99959651373692,0.012470195643700143,0.05548638919611415,0.002368443099456885,0.0024401827778819498,0.00029726260965074266,0.0013927104110181001,0.004120073678818547,0.0070403361641249995,0.00224537980591227,0.5043407407407408,0.0007332959212304304,0.0025448159539120502,0.0027745915917217843,-0.014677428946859347,0.00030823377898372766,0.0011272874591478502,0.005199505766451482,-0.037788888888888816,0.011517983791327398,2
0.6,baseline,factorized_g2p5_r1p35,cross_condition,0.1703189611434936,0.002433643326716043,0.634727269411087,0.006879419348190678,4.99959651373692,0.012470195643700143,0.0569515886310818,0.00031244053058262773,0.0016807795194058498,0.0002850962747147887,-0.0039995870320088,0.0011662572931144576,0.004784048398839899,0.0013452099069971362,0.5079111111111111,0.0013408839702500376,0.0036162744512782,0.00022556485306230071,-0.013963301407901647,0.0015256224282828553,-0.0040778445143550245,5.785378864544141e-05,-0.028988888888888842,0.013372174906438924,2
0.6,baseline,factorized_g3_r1,cross_condition,0.12408478185534474,0.0017864415893388134,0.634727269411087,0.006879419348190678,4.99959651373692,0.012470195643700143,0.05501500113481715,0.001112924374076872,0.0019798702559919,0.00022532252705403854,-0.00186862576875255,0.0012419184588950691,0.005483655743342751,0.0014862846561363792,0.5071925925925925,0.003781711822345799,0.0038580475831729,0.0011948412073900128,-0.015133022840828202,0.0008718421212377859,-0.0022049255264974246,0.0028671314803380005,-0.026514814814814824,0.005421151989096817,2
0.6,baseline,closed_g3,cross_condition,0.140456311404705,0.0007617305298495058,0.634727269411087,0.006879419348190678,4.99959651373692,0.012470195643700143,0.05513238107365915,0.0004419813454675338,0.0023932607176947998,0.001243618241557078,-0.0003749338787131,0.0016329385407163554,0.007339072701021651,0.0008865821503829712,0.503325925925926,0.0016656293067950569,0.0023212685578183,0.00211474557448488,-0.015019044012633022,0.0007986149295346654,0.00021285892542665004,0.002549326232350301,-0.022548148148148095,0.009365236479715282,2
0.6,factorized_g1_r1p5,factorized_g1p5_r1p35,cross_condition,0.0244749300181865,0.0010279036832639933,0.634727269411087,0.006879419348190678,4.99959651373692,0.012470195643700143,0.05170559770796995,0.00023454605778727329,0.00185954092003375,0.00024113312072320133,0.0013332326961292,0.004897121588975335,0.0058336574928199506,0.00021966418231360722,0.5013555555555556,0.00017808615229886256,0.00094776461403225,0.0003419065817391279,-0.019234461119638172,0.0009718347943625193,0.0012795600001119,0.003921539971895201,-0.030651851851851764,0.00042950189672062684,2
0.6,factorized_g1_r1p5,factorized_g2_r1p35,cross_condition,0.052118605002760846,0.0009360472611125094,0.634727269411087,0.006879419348190678,4.99959651373692,0.012470195643700143,0.052276041303777304,1.1830923643045811e-05,0.0017484020208171501,0.000514326033244198,-0.00068686260848245,0.0007555134352979862,0.00609852167573475,0.000648887636105277,0.5022962962962962,0.0016551536507774097,0.00175848769525565,0.0007651687418678702,-0.019318990904839854,0.002204581799076878,-0.001192507419900275,0.00027883995167309554,-0.03638518518518519,0.005908269993914189,2
0.6,factorized_g1_r1p5,factorized_g2p5_r1p35,cross_condition,0.07927724346518514,0.0006996851004854501,0.634727269411087,0.006879419348190678,4.99959651373692,0.012470195643700143,0.0544875092116356,0.0004559179864100997,0.00243853716026335,0.000568263946052501,-0.0008458031894486499,0.0015419458177276394,0.0081683539314584,0.000909021904995314,0.5010148148148148,0.00032474533654498,0.00089246941415525,0.0007580031042520103,-0.017858594892991502,0.0015383483747021596,-0.00116428253134245,0.002047590718188611,-0.032437037037036986,0.008485281374238499,2
0.6,factorized_g1_r1p5,factorized_g3_r1,cross_condition,0.0678305439651012,0.0009196705762880271,0.634727269411087,0.006879419348190678,4.99959651373692,0.012470195643700143,0.05388053978469245,0.0002495948756080303,0.00198616440885875,0.00027577892089243584,0.0014736237494390502,0.00400893437225444,0.0057627393342336505,0.0006590908151751945,0.5022814814814816,0.0005866367369844307,0.0012063727871873,0.0015175069486017456,-0.017698698256596555,0.0001476907794778346,0.0008971021321466,0.005031388789689328,-0.027977777777777768,0.004274067655172073,2
0.6,factorized_g1_r1p5,closed_g3,cross_condition,0.095923189073801,0.0007377647781149888,0.634727269411087,0.006879419348190678,4.99959651373692,0.012470195643700143,0.054300450400038044,0.0007652255904044304,0.00257752828470495,0.00042257016607201875,0.0006127427864972499,0.0022840296147934548,0.00388235884272615,0.0018845208341266028,0.5022518518518518,4.190262407027442e-05,0.0014129127505417998,0.0012571233964647648,-0.01728218875189778,0.0006315740868445402,0.000960313731089425,0.0019704005271675533,-0.020174074074074122,0.004520245571585054,2
0.6,factorized_g1p5_r1p35,factorized_g2_r1p35,cross_condition,0.03674172982573505,0.0003352781799042111,0.634727269411087,0.006879419348190678,4.99959651373692,0.012470195643700143,0.0535204072056306,0.0005959893204714133,0.00295633500041375,0.00044260026488132897,-0.0012494098946937,0.004028618385039036,0.0062961343358446,0.0038703306662489765,0.5013037037037038,0.0006704419851251365,0.00120100070700665,0.00015332110337582582,-0.017308940151203923,0.00045489708910515317,-0.0008848564207937747,0.0050355002409881635,-0.03964444444444443,0.0019589476752872132,2
0.6,factorized_g1p5_r1p35,factorized_g2p5_r1p35,cross_condition,0.0655698664486408,0.0003332287893953002,0.634727269411087,0.006879419348190678,4.99959651373692,0.012470195643700143,0.05429240670462445,0.0027129972314520155,0.0019388065627861,6.7417945176547614e-06,-0.0003290591658306999,0.004023490675487707,0.00787231163799185,0.0007436247773920429,0.5039185185185184,7.332959212294099e-05,0.00249314903462735,0.00021242316541131157,-0.01728801254822003,0.0018842571834831116,0.00022265977759325004,0.005059343948272916,-0.031799999999999995,0.002608438348376938,2
0.6,factorized_g1p5_r1p35,factorized_g3_r1,cross_condition,0.04960812442004675,0.0003538570375633803,0.634727269411087,0.006879419348190678,4.99959651373692,0.012470195643700143,0.052862908818289506,0.00048017752793792437,0.00207754195132585,0.00026455846971477014,-0.0019878105093391997,0.003575708058707558,0.0075491671637494505,0.0006097615558579985,0.5023185185185185,0.0023151199798849384,0.00057089132576045,0.0005170523600907104,-0.017950644371216875,0.0012484181859954294,-0.0016941338413138999,0.005128370848466683,-0.03020740740740746,0.00882050236680093,2
0.6,factorized_g1p5_r1p35,closed_g3,cross_condition,0.08687268570065496,0.00021910566033997103,0.634727269411087,0.006879419348190678,4.99959651373692,0.012470195643700143,0.05353402594521785,0.0002603823438496725,0.00223974701438535,0.0014170798899218835,0.00143304520942745,0.001875684898271603,0.0043991391894982,0.001027395271412115,0.5037111111111111,0.001267554378126979,0.00243071221719885,0.0017158377777597143,-0.017282928354935348,2.910897974406209e-05,0.002650814439337375,0.0027195223582217425,-0.02098148148148149,0.0030641293851416825,2
0.6,factorized_g2_r1p35,factorized_g2p5_r1p35,cross_condition,0.034168226644396754,5.960354632850241e-05,0.634727269411087,0.006879419348190678,4.99959651373692,0.012470195643700143,0.0532349987150285,0.0005991183066721789,0.0025013396839027,0.00013953496664257002,-0.002277598072574,0.00021403151339991595,0.0065452979563323,0.00022875484895417254,0.5014444444444444,0.0005971123930019601,0.0011744935037684501,0.0010613963058049773,-0.019000393918824993,0.0017087457274413934,-0.002177851244550575,0.0007509766527298826,-0.04094814814814818,0.010947060538369477,2
0.6,factorized_g2_r1p35,factorized_g3_r1,cross_condition,0.05673047155141825,0.0002024629235341483,0.634727269411087,0.006879419348190678,4.99959651373692,0.012470195643700143,0.0528027735798489,0.0014252013647134461,0.00195245054156875,0.0009193581409272979,-0.0016413767095621499,0.0007509282637062789,0.008832151257045399,0.0004608264495342675,0.5023185185185185,0.0015189701225487824,0.0016760223911598,0.0005409988739964835,-0.018665752990666494,0.0007143180366262706,-0.001799672156937375,0.0018046829200101615,-0.03688148148148146,0.004839753080121171,2
0.6,factorized_g2_r1p35,closed_g3,cross_condition,0.08793814852833745,0.00011144153581884805,0.634727269411087,0.006879419348190678,4.99959651373692,0.012470195643700143,0.0534781477297405,2.41020245937962e-05,0.00266085437583025,0.0010001221061969705,-0.0008815847220638,0.005086576104050276,0.00587006687362145,0.0009071910452266129,0.5019481481481483,0.00036664796061525444,0.00162323395500955,0.0002721972949261991,-0.01799377995142172,0.0016862953256564824,-0.00011578760755440003,0.005431505430545172,-0.029418518518518455,0.00638491234271407,2
0.6,factorized_g2p5_r1p35,factorized_g3_r1,cross_condition,0.07315468043088905,0.00043754750781583164,0.634727269411087,0.006879419348190678,4.99959651373692,0.012470195643700143,0.053060462976898704,0.0010687088705529394,0.0017211207403522001,0.00024230926964282322,-0.0016841697343878501,0.00032152776698173095,0.0072194053212458,0.0006769269716884825,0.5031777777777777,9.42809041581567e-05,0.0024068894083024497,0.0011542466248257177,-0.01915913548962665,0.000579971904073441,-0.0016552997122390501,0.0014042538401216943,-0.030792592592592594,0.002168460795638664,2
0.6,factorized_g2p5_r1p35,closed_g3,cross_condition,0.0965315364301204,0.00020660911975648605,0.634727269411087,0.006879419348190678,4.99959651373692,0.012470195643700143,0.055182872953720194,0.0006916708328897662,0.00286189956011795,0.0011747495275305575,-0.00023834132180175,0.0001657916330466105,0.0051970698655,0.0007553191983142604,0.503325925925926,0.002168460795638703,0.00250415011044195,0.003279721244958371,-0.01704012662345197,0.0007965801557528503,0.0007146212622316749,0.0005396923763775881,-0.022811111111111115,0.005096406652551876,2
0.6,factorized_g3_r1,closed_g3,cross_condition,0.0836040116846561,0.0005126795336425396,0.634727269411087,0.006879419348190678,4.99959651373692,0.012470195643700143,0.05370701688307185,0.0012775072636250582,0.00243303161737115,6.701741120984674e-05,0.0007270503077175499,0.0028165998520694718,0.00719969730265775,0.0018807779352926263,0.5023407407407408,0.0,0.0017907465082589,7.44884992610534e-05,-0.017749116630762223,0.0013862369810088411,0.0014219706163523247,0.0037073101123743647,-0.02060370370370379,0.006405863654749286,2
0.7,baseline,baseline,within_condition_split,0.0,0.0,0.6478109061717987,0.008543039752612688,5.070706281503463,0.022072125755150426,0.07073333123790054,0.0002800965084000502,0.00244175062348005,6.712217379644728e-05,-0.00031069987171145,0.00023106043302298108,0.0041762933721069,0.00043901679026848756,,,,,,,,,,,2
0.7,factorized_g1_r1p5,factorized_g1_r1p5,within_condition_split,0.0,0.0,0.6478109061717987,0.008543039752612688,5.070706281503463,0.022072125755150426,0.0732650785038466,0.0015863636955032476,0.0035842524568881,0.0007086818590377756,-0.00230529596678935,0.0024395177896319228,0.0053016712336645,0.000851798872924539,,,,,,,,,,,2
0.7,factorized_g1p5_r1p35,factorized_g1p5_r1p35,within_condition_split,0.0,0.0,0.6478109061717987,0.008543039752612688,5.070706281503463,0.022072125755150426,0.07344405838601364,0.0017000724809960557,0.00366431378512215,0.0008752249137576563,0.00130491292577245,0.00133729948420489,0.0083748358134482,0.003357894329587957,,,,,,,,,,,2
0.7,factorized_g2_r1p35,factorized_g2_r1p35,within_condition_split,0.0,0.0,0.6478109061717987,0.008543039752612688,5.070706281503463,0.022072125755150426,0.07504515256255184,0.00042887502511426327,0.0018973150587664502,0.000374037709710882,0.002678458484603,0.00023275121080062284,0.00759070574673605,0.00014286154835446225,,,,,,,,,,,2
0.7,factorized_g2p5_r1p35,factorized_g2p5_r1p35,within_condition_split,0.0,0.0,0.6478109061717987,0.008543039752612688,5.070706281503463,0.022072125755150426,0.0767270331908615,0.0025282937381831717,0.00202224309999735,0.00024622194838323563,-0.0008281165377636074,0.0011401261194569211,0.00554082397026915,0.001685431219533217,,,,,,,,,,,2
0.7,factorized_g3_r1,factorized_g3_r1,within_condition_split,0.0,0.0,0.6478109061717987,0.008543039752612688,5.070706281503463,0.022072125755150426,0.07320033544943205,0.0003532797916666398,0.0030243320320887997,0.0010330116877435153,-0.00287292324216165,0.005857157385965462,0.00394272084039265,0.0008930936132143323,,,,,,,,,,,2
0.7,closed_g3,closed_g3,within_condition_split,0.0,0.0,0.6478109061717987,0.008543039752612688,5.070706281503463,0.022072125755150426,0.0741759419336098,0.0030138368989590806,0.0035950912649137497,0.0007548836105667732,0.00038757578458465,0.0007539926573635765,0.00703207975660425,0.00319626839515812,,,,,,,,,,,2
0.7,baseline,factorized_g1_r1p5,cross_condition,0.17034175992012018,0.0027147417328594018,0.6478109061717987,0.008543039752612688,5.070706281503463,0.022072125755150426,0.057643703054429854,0.0022588527473170476,0.0024160291737489997,0.0005212273537134506,-0.0007282581849870999,0.0041119679810272146,0.00599242415431195,0.0008445969344042995,,,,,-0.014355501816443728,0.0013256226453654085,0.0005797397342633,0.005216196659331685,,,2
0.7,baseline,factorized_g1p5_r1p35,cross_condition,0.16865007579326624,0.0026493087505463173,0.6478109061717987,0.008543039752612688,5.070706281503463,0.022072125755150426,0.057177493292617496,0.00024403248308416163,0.0022415385615797,0.0003983163485934599,-0.0016578627532147,0.0025475933927487718,0.00813657339644715,0.001187407207129926,,,,,-0.014911201519339602,0.0007460520116138889,-0.0021549692802452004,0.0033317733513627077,,,2
0.7,baseline,factorized_g2_r1p35,cross_condition,0.20019239932298655,0.002458183329261541,0.6478109061717987,0.008543039752612688,5.070706281503463,0.022072125755150426,0.060644766336994296,0.0008442289718439499,0.0019400850358164499,0.0006423029035094628,-0.00279653922092765,0.0008773122785894902,0.00811289695511575,0.0019649334107217343,,,,,-0.0122444755632319,0.0009186182302010588,-0.003980418527373425,0.001109218100501292,,,2
0.7,baseline,factorized_g2p5_r1p35,cross_condition,0.2281519994139671,0.0024551276827444323,0.6478109061717987,0.008543039752612688,5.070706281503463,0.022072125755150426,0.0636211493182636,0.0006875036960337844,0.0028758399974008,0.0007833151262687078,-0.0013151945383516,0.002865957106477618,0.0065932459475392495,0.0007682009022229189,,,,,-0.010109032896117427,0.0007166914272578217,-0.0007457863336140715,0.003551550382717569,,,2
0.7,baseline,factorized_g3_r1,cross_condition,0.15923102200031275,0.0018693813188521938,0.6478109061717987,0.008543039752612688,5.070706281503463,0.022072125755150426,0.05924729831570285,0.000599405740758455,0.0027800227215710504,0.0003291594071800398,8.518633726329998e-05,0.0016563326087950714,0.00485828636055625,0.00038892528817835925,,,,,-0.012719535027963448,0.0006359973823917498,0.00167699789419985,0.0013877763006991495,,,2
0.7,baseline,closed_g3,cross_condition,0.1833604350686073,0.0005401013269549401,0.6478109061717987,0.008543039752612688,5.070706281503463,0.022072125755150426,0.0593505995387356,0.00022840436707110168,0.00238618066546545,0.0005095536146718043,-0.00137013050992755,0.0005274289822763833,0.0052587108277015,0.0009911106340263068,,,,,-0.013104037047019578,0.0014185623366084563,-0.00140856846636415,0.0007888950944466808,,,2
0.7,factorized_g1_r1p5,factorized_g1p5_r1p35,cross_condition,0.0364407449960708,0.0015769664838836013,0.6478109061717987,0.008543039752612688,5.070706281503463,0.022072125755150426,0.054229669337848896,0.0007045641679617356,0.00314055320610845,0.0012407916641238989,-0.0035575556996856,0.00020715448659380895,0.0079859322090711,0.0012497528133326753,,,,,-0.01912489910708123,0.0009386539202879112,-0.00305736417917715,0.00034395466611970735,,,2
0.7,factorized_g1_r1p5,factorized_g2_r1p35,cross_condition,0.07152062654495235,0.00138650487546294,0.6478109061717987,0.008543039752612688,5.070706281503463,0.022072125755150426,0.05633397757549925,0.0005275314290136056,0.0032417698028118,6.159759215731407e-05,-0.0042491166085932,0.0009296859709786456,0.0057102017482069,0.0016557547033410828,,,,,-0.01782113795769998,5.121290618087678e-05,-0.004435697867500025,0.00017369731843700452,,,2
0.7,factorized_g1_r1p5,factorized_g2p5_r1p35,cross_condition,0.10648833960294721,0.0010067301602433474,0.6478109061717987,0.008543039752612688,5.070706281503463,0.022072125755150426,0.05800345574100215,0.00010057739920611516,0.0022950409164732,0.00011114327003811673,-0.00202916090251145,0.0016928148940101306,0.007990695829982901,0.0036118109445403917,,,,,-0.016992600106351903,0.0019567513176370873,-0.00046245465023497134,0.00104311905892263,,,2
0.7,factorized_g1_r1p5,factorized_g3_r1,cross_condition,0.09687153995037076,0.0009331839095918177,0.6478109061717987,0.008543039752612688,5.070706281503463,0.022072125755150426,0.05569965739886995,9.495461542538071e-05,0.0017616544237193,0.0005069826855462211,-0.00120880289183455,0.00027711945996011306,0.008016141071034849,0.001039068167000387,,,,,-0.01753304957776937,0.0005215873364929306,0.00138030671264095,0.001985939258126882,,,2
0.7,factorized_g1_r1p5,closed_g3,cross_condition,0.13291403651237485,0.0008106946311070859,0.6478109061717987,0.008543039752612688,5.070706281503463,0.022072125755150426,0.0561452662814941,0.0004276688088489975,0.00218804195055565,0.0003878379503925302,0.00150614583585675,0.0027496187571145855,0.0089513749148385,0.0026286912453666934,,,,,-0.017575243937234107,0.0018724314883821593,0.0024650059269591,0.001152863533616836,,,2
0.7,factorized_g1p5_r1p35,factorized_g2_r1p35,cross_condition,0.0512194130569696,0.0004527809593745591,0.6478109061717987,0.008543039752612688,5.070706281503463,0.022072125755150426,0.055545449517331105,0.002365096399680823,0.00312045487996945,0.0007858854861014902,-0.00576608265495555,0.003086885431027282,0.0070652093449242,0.001449401519762286,,,,,-0.01869915595695165,0.001729497671739934,-0.0077577683601432745,0.0023018600835245265,,,2
0.7,factorized_g1p5_r1p35,factorized_g2p5_r1p35,cross_condition,0.08914785832166666,0.00043413361308645905,0.6478109061717987,0.008543039752612688,5.070706281503463,0.022072125755150426,0.057670481217022354,0.001609584844621628,0.0021894429504363,0.00046799061301195136,0.0017346015282617001,0.0018774546266361793,0.007442042179817,0.0016887891129483603,,,,,-0.017415064571415225,0.0005045982649679785,0.0014962033342572787,0.0031161674284670847,,,2
0.7,factorized_g1p5_r1p35,factorized_g3_r1,cross_condition,0.07133190706372255,0.00015971021407593471,0.6478109061717987,0.008543039752612688,5.070706281503463,0.022072125755150426,0.0546082682783294,0.0004214663363117713,0.0023361514769338,0.00011859337468321735,0.0008492725678633001,0.0013845947373883369,0.0048056811422707,0.00045688342286759846,,,,,-0.01871392863939345,0.0010948626809764769,0.0016332777260579003,0.004981823172473513,,,2
0.7,factorized_g1p5_r1p35,closed_g3,cross_condition,0.12005621567368505,8.450969962044074e-05,0.6478109061717987,0.008543039752612688,5.070706281503463,0.022072125755150426,0.05729241954131205,4.5710725105070093e-07,0.0018021582508705,0.00024472312396329207,-0.0036082422994391503,0.006307054062857566,0.0048562722010337,0.0015701365956829864,,,,,-0.016517580618499676,0.0023574117972286163,-0.004454486654617701,0.006015400649436909,,,2
0.7,factorized_g2_r1p35,factorized_g2p5_r1p35,cross_condition,0.0472680609673261,0.00010987419988990806,0.6478109061717987,0.008543039752612688,5.070706281503463,0.022072125755150426,0.055731375424350096,0.003517754888326795,0.00247695987082935,0.0003463012389060211,-0.0013022015715572,0.001179446417134101,0.00642928106740865,0.00515545101234012,,,,,-0.020154717452356575,0.0024680455317923427,-0.0022273725449768965,0.0018658850822628728,,,2
0.7,factorized_g2_r1p35,factorized_g3_r1,cross_condition,0.08465449884533874,0.0004998458182709773,0.6478109061717987,0.008543039752612688,5.070706281503463,0.022072125755150426,0.0565320100371276,0.0001924366656926511,0.00238176807609685,0.00019157644590218084,0.0013190995737939516,0.0017317078700827828,0.007165179252776899,0.0020425795514207655,,,,,-0.017590733968864347,0.00019864074269780043,0.0014163319525732768,0.004776662168465825,,,2
0.7,factorized_g2_r1p35,closed_g3,cross_condition,0.1235879100859165,0.0002431504374153919,0.6478109061717987,0.008543039752612688,5.070706281503463,0.022072125755150426,0.05746556004773705,0.0007693292706593848,0.0024320198521469,0.0009466068049364567,-0.0019615546725419196,0.002876156238536822,0.00710451516966975,3.6503234836804875e-05,,,,,-0.017144987200343777,0.0005231516662630188,-0.0034945718071357447,0.003136776961818299,,,2
0.7,factorized_g2p5_r1p35,factorized_g3_r1,cross_condition,0.10670839250087735,0.0006397259401226247,0.6478109061717987,0.008543039752612688,5.070706281503463,0.022072125755150426,0.056697572346238706,0.000899881775583661,0.00270831028964245,0.001032640274837661,-0.00215800966650215,0.00230666596198085,0.006069506061619901,0.0026615917749423863,,,,,-0.01826611197390807,0.0001876251976746026,-0.00030748977653952136,0.001191975790730341,,,2
0.7,factorized_g2p5_r1p35,closed_g3,cross_condition,0.13555094599723816,0.0003303048517798667,0.6478109061717987,0.008543039752612688,5.070706281503463,0.022072125755150426,0.0580449792246159,0.00028460035249161183,0.00169677112529465,0.0003749849972256134,-0.0021885721134502004,0.004572309348463379,0.00801347000570945,0.0013222881588250248,,,,,-0.017406508337619753,0.0024864649660795092,-0.0019683017368607213,0.0043792426174167065,,,2
0.7,factorized_g3_r1,closed_g3,cross_condition,0.11473206058144564,0.000839886592056831,0.6478109061717987,0.008543039752612688,5.070706281503463,0.022072125755150426,0.056254787012687754,0.0009749649365312381,0.0023312419979094,4.3082090170993555e-05,-0.00168187399872735,0.0027662379910534545,0.008495642387069749,0.00040483676833489153,,,,,-0.017433351678833173,0.0003553136171149798,-0.0004392002699388501,0.00021465562675251242,,,2
0.8,baseline,baseline,within_condition_split,0.0,0.0,0.6854553520679474,0.010139730961599397,5.338550429464721,0.03209751377705764,0.0760463567358344,0.0002791998367755909,0.0029094886183738,0.0025444708431530873,0.00016025920863849998,0.004411257317080362,0.0055420007947926,0.002649492995273147,0.522562962962963,0.004504532087558739,0.0141302073428606,0.016169704291130793,,,,,,,2
0.8,factorized_g1_r1p5,factorized_g1_r1p5,within_condition_split,0.0,0.0,0.6854553520679474,0.010139730961599397,5.338550429464721,0.03209751377705764,0.07844239215240456,0.0017623906656951934,0.0037923654667381002,0.0001716662709622296,-5.458362881134997e-05,0.0020562966818491774,0.008778789685746451,0.000665459273276027,0.5285703703703704,0.008349097846009951,0.0171875770816022,0.0015900103722704746,,,,,,,2
0.8,factorized_g1p5_r1p35,factorized_g1p5_r1p35,within_condition_split,0.0,0.0,0.6854553520679474,0.010139730961599397,5.338550429464721,0.03209751377705764,0.0786238380200454,0.0032694826172252234,0.00292507205736935,0.0015414189439311883,0.00099654824873055,0.003940334465130932,0.004667799456787551,9.093392599573037e-06,0.5243185185185184,0.00210560685953337,0.0234934030947258,0.011789715361814156,,,,,,,2
0.8,factorized_g2_r1p35,factorized_g2_r1p35,within_condition_split,0.0,0.0,0.6854553520679474,0.010139730961599397,5.338550429464721,0.03209751377705764,0.0791053662618158,0.003207564094259099,0.0031775878924554498,0.00029366518002910694,-0.0022062838961586,0.0017129345043514102,0.00831921134661075,0.003743399877325781,0.5200518518518519,0.001581824058654351,0.015768993036437,0.00023487399446150346,,,,,,,2
0.8,factorized_g2p5_r1p35,factorized_g2p5_r1p35,within_condition_split,0.0,0.0,0.6854553520679474,0.010139730961599397,5.338550429464721,0.03209751377705764,0.08035323927193219,0.003404083986524779,0.00303467827023455,0.0004253537637071551,0.00097495617064735,0.002975579120037972,0.0058224386210127006,0.0015779904039294316,0.5305333333333333,0.006767273787355717,0.02852919082614385,0.0036824584802366616,,,,,,,2
0.8,factorized_g3_r1,factorized_g3_r1,within_condition_split,0.0,0.0,0.6854553520679474,0.010139730961599397,5.338550429464721,0.03209751377705764,0.08077759240028784,0.000969911999753853,0.0039661612585747,0.000532274585569284,-0.0006520241595188815,0.0008191215116183612,0.0105856645128687,0.0029091062375719372,0.5209703703703703,0.001162797817951175,0.0255829071114133,0.0019025473201294118,,,,,,,2
0.8,closed_g3,closed_g3,within_condition_split,0.0,0.0,0.6854553520679474,0.010139730961599397,5.338550429464721,0.03209751377705764,0.0796657661121814,0.0017091652556888092,0.0034378626787046,0.0007516107891113394,0.0018510560217204,0.0018721049211735158,0.00691577561518165,0.002031788471910617,0.5154444444444444,0.010884206602264026,0.01195891836869195,0.010232674994942906,,,,,,,2
0.8,baseline,factorized_g1_r1p5,cross_condition,0.2286450862884521,0.002647496436060359,0.6854553520679474,0.010139730961599397,5.338550429464721,0.03209751377705764,0.0650650212699791,0.0020235219294870775,0.0023222835050177,0.0008715196524155808,0.0008081275992116504,0.007537579641242379,0.0090064561622503,0.0040596424483478185,0.507711111111111,0.002692243596517683,0.0083090439925432,0.0012118362320782707,-0.012179353174140387,0.001002726678251688,0.0007552898092980755,0.006360099323626786,-0.017855555555555624,0.0037345713702667013,2
0.8,baseline,factorized_g1p5_r1p35,cross_condition,0.2211551591753959,0.00264596861280177,0.6854553520679474,0.010139730961599397,5.338550429464721,0.03209751377705764,0.06457633880779026,0.0018407906110870017,0.0035906615935095,0.0007092022100120404,-0.0004226917127279,0.0008910728705129934,0.00534214964565885,0.00036363216751065944,0.5087925925925926,0.0044102511834005435,0.0090901531127764,0.0038810877117194447,-0.012758758570149652,6.644938408659926e-05,-0.001001095441412425,0.001126534296487708,-0.014648148148148132,0.0011051817098544693,2
0.8,baseline,factorized_g2_r1p35,cross_condition,0.25940418243408203,0.0023845843950493035,0.6854553520679474,0.010139730961599397,5.338550429464721,0.03209751377705764,0.06901155988055174,0.00288604015215033,0.0031684193697247,0.0004160209018460711,-0.0023022197981449498,0.0025063583607564006,0.008318204193689751,1.4703691928399872e-05,0.5127555555555556,0.0067463224753205805,0.0027092010345126996,0.0003418159007607299,-0.008564301618273346,0.0011426581866329725,-0.0012792074543849,0.0038555197671208763,-0.008551851851851866,0.009789500548427086,2
0.8,baseline,factorized_g2p5_r1p35,cross_condition,0.29280199110507965,0.002449553762028906,0.6854553520679474,0.010139730961599397,5.338550429464721,0.03209751377705764,0.07304309722236504,0.0004021062203798028,0.0023666052488237497,9.332207099120032e-05,0.0016968815876783501,0.0010439457307184338,0.008052169054294601,0.00048532877156054726,0.5111703703703704,0.0032055507413789766,0.00660287736577465,0.004500030680908123,-0.00515670078151826,0.0014395356912703845,0.0011292738980354252,0.001761784829239629,-0.015377777777777768,0.002430352196078193,2
0.8,baseline,factorized_g3_r1,cross_condition,0.1967712044715881,0.001981281201648657,0.6854553520679474,0.010139730961599397,5.338550429464721,0.03209751377705764,0.06497123145601365,0.001619452317696754,0.0031965694741705004,0.0006231960733679404,0.0005919959117297,0.003361042198250544,0.00842386753411685,0.00028666386985174835,0.5039777777777779,0.0010580412577755674,0.00391893627487075,0.003360960877035305,-0.013440743112047474,0.0009948963994320394,0.0008378783871698908,0.0007458527839011822,-0.01778888888888891,0.0027289083925792516,2
0.8,baseline,closed_g3,cross_condition,0.229705698788166,0.0003240987283366768,0.6854553520679474,0.010139730961599397,5.338550429464721,0.03209751377705764,0.0655608171892267,0.0003078282471486836,0.0035829573109469,0.00014971754716473377,-0.00453342355311025,0.0037145598865460576,0.00728077157827925,0.0021861789454557983,0.5087481481481482,0.003656003950134937,0.00853814843216845,0.005218978652357971,-0.012295244234781205,0.0010228109566052927,-0.0055390811682897,0.004984136084499481,-0.010255555555555629,0.0113503732950463,2
0.8,factorized_g1_r1p5,factorized_g1p5_r1p35,cross_condition,0.051771866157650906,0.002105817236464265,0.6854553520679474,0.010139730961599397,5.338550429464721,0.03209751377705764,0.058384951832053944,0.0019166478614128935,0.0026726014843805003,0.0012033104114391533,-0.0011871732696936998,0.00019629031867491396,0.009833126801071401,0.002560546083976157,0.501562962962963,0.0011418465059160378,0.0005869492471257405,0.0006992306839864965,-0.02014816325417103,0.0005992887800473248,-0.0016581555796532999,0.0028020252548151413,-0.024881481481481504,0.004085505846855525,2
0.8,factorized_g1_r1p5,factorized_g2_r1p35,cross_condition,0.09459207579493514,0.0018553200765177617,0.6854553520679474,0.010139730961599397,5.338550429464721,0.03209751377705764,0.059074613894117,0.0017892077480815807,0.0023379485542539,0.0005590934701353154,-0.0051497083250519,0.00210350560857752,0.0084879904873608,0.0031894588888134482,0.5023777777777778,0.0009532846975995674,0.001936330656186,5.3018542388026676e-05,-0.019699265312993174,0.0006957696318955705,-0.004019274562566925,0.003988121201677814,-0.02193333333333336,0.005918745649931679,2
0.8,factorized_g1_r1p5,factorized_g2p5_r1p35,cross_condition,0.13804164528846735,0.0012993662661666076,0.6854553520679474,0.010139730961599397,5.338550429464721,0.03209751377705764,0.0627619558917579,0.00016244074006709018,0.00249661108087175,0.0010784054675359932,-0.0014499524656375999,0.005736737197826457,0.0070398672317557,0.0013355668522820362,0.5039407407407408,0.0020741798914805072,0.00338080818899285,0.0014999123304557098,-0.01663585982041048,0.002745678066177086,-0.0019101387365556,0.003220799296882882,-0.025611111111111085,0.005484005925202228,2
0.8,factorized_g1_r1p5,factorized_g3_r1,cross_condition,0.13333881646394724,0.0008174486635809175,0.6854553520679474,0.010139730961599397,5.338550429464721,0.03209751377705764,0.0603332878133259,0.0015478559025058364,0.00163652459401825,0.00027137656519068986,-0.0017122518906071,0.002719806637144987,0.0065434005116007995,0.000876329067618604,0.5084296296296296,0.0003980749286680388,0.0035019925133977503,0.0003927299198008786,-0.0192767044630203,0.0001817045697813232,-0.0013589479964419842,0.002101219052029579,-0.01634074074074071,0.0031950750853614075,2
0.8,factorized_g1_r1p5,closed_g3,cross_condition,0.17628296464681625,0.000874325835646369,0.6854553520679474,0.010139730961599397,5.338550429464721,0.03209751377705764,0.061427962139711995,0.0005545182921437125,0.0022041983643491,8.508715703792317e-05,-0.0026602152431499503,0.0021544466181069527,0.006793906988892449,0.0032065897317727302,0.5044518518518518,0.00030379402450988205,0.0034470272125720503,0.0008786204355492467,-0.017626116992580983,0.0005279055871405204,-0.0035584514396044755,0.004118647419618299,-0.017555555555555602,0.009920446248646889,2
0.8,factorized_g1p5_r1p35,factorized_g2_r1p35,cross_condition,0.06829650327563286,0.0005790713567593794,0.6854553520679474,0.010139730961599397,5.338550429464721,0.03209751377705764,0.0584384821753728,0.0010219763073878005,0.0018540854536309498,0.0006148267288464252,8.508266274800014e-06,0.0005714567352751722,0.00732097708420555,0.002815079625361851,0.5021407407407408,9.42809041582352e-05,0.0012087227953532,6.875593923794342e-05,-0.02042611996555779,0.002216547048354361,0.0006133760899888249,0.002255177749465999,-0.020044444444444476,0.0017494345549355272,2
0.8,factorized_g1p5_r1p35,factorized_g2p5_r1p35,cross_condition,0.1164094619452953,0.0005637931241741607,0.6854553520679474,0.010139730961599397,5.338550429464721,0.03209751377705764,0.06304826811297201,0.00027093771222956716,0.0015003216202688502,0.0008458300639150038,-0.0020693699685155,0.00021686703749478528,0.00582633397966255,0.0019812581710938948,0.503562962962963,0.0019589476752872523,0.0028272938948114,0.0011588181984190664,-0.01644027053301679,0.0030658455896454316,-0.00305512217820445,0.003241089755089667,-0.02386296296296292,0.006395387998731718,2
0.8,factorized_g1p5_r1p35,factorized_g3_r1,cross_condition,0.0985869318246841,0.00011812707966388862,0.6854553520679474,0.010139730961599397,5.338550429464721,0.03209751377705764,0.0595409371933091,0.00017975446583868836,0.002998007866237,0.0013165484854933123,0.0040476490126373,0.004548367089618553,0.00793538439158995,0.002559111101182544,0.503,0.0009323333855644695,0.0016913109678270998,0.0004996338746448742,-0.020159778016857526,0.0019399428426508424,0.003875386968031466,0.006108973566374839,-0.01964444444444441,0.0014037379063555277,2
0.8,factorized_g1p5_r1p35,closed_g3,cross_condition,0.15806401520967478,5.6719121383466955e-05,0.6854553520679474,0.010139730961599397,5.338550429464721,0.03209751377705764,0.061932962457203256,0.0005975225800344598,0.0031087784585776502,0.0011655992077503642,0.0010935525193018,2.4820114292568044e-05,0.00666350657299555,0.0025335318498153755,0.5043259259259261,0.0019484720192695269,0.00374016875172045,0.0014551355435933767,-0.017211839608910155,0.00018263610073374496,-0.0003302496159236749,0.0028813995788596557,-0.01555555555555549,0.004546434711629093,2
0.8,factorized_g2_r1p35,factorized_g2p5_r1p35,cross_condition,0.06262791529297826,0.000125992735267298,0.6854553520679474,0.010139730961599397,5.338550429464721,0.03209751377705764,0.0610119488118807,0.0012234294794168737,0.0017701781933027,0.0009729269702014114,0.00161113582144055,0.000701676996367475,0.01029510950039635,0.002693110537792957,0.5020740740740741,0.00020951312035152913,0.0015552300837631,0.0002448822835309761,-0.0187173539549933,0.0020823945609750555,0.002226799684196175,0.0016425798158272162,-0.023218518518518527,0.003965035802653525,2
0.8,factorized_g2_r1p35,factorized_g3_r1,cross_condition,0.11860637739300725,0.0008824338356286129,0.6854553520679474,0.010139730961599397,5.338550429464721,0.03209751377705764,0.0607891914845079,0.000984899907073966,0.0018490607412155,0.0002452206599856589,0.0007619079648008999,0.0027456560810035628,0.00657073385063945,0.004676088115882371,0.505162962962963,0.002294168667849762,0.00363278346775195,0.001235353298033919,-0.01915228784654392,0.0011038381399325222,0.002191061992639641,0.002298749584637038,-0.01534814814814811,0.0025036817882013304,2
0.8,factorized_g2_r1p35,closed_g3,cross_condition,0.16459000855684275,0.000381818837372356,0.6854553520679474,0.010139730961599397,5.338550429464721,0.03209751377705764,0.06195307618630724,0.0012478266050200309,0.0028070988648777,5.8559483451730315e-05,-0.0012889029868383,0.005244793829835012,0.010169331505918651,0.0009716632239793048,0.5079703703703704,0.003687430918187721,0.0037013961220709,0.0008985540265661472,-0.017432490000691348,0.000498627185734876,-0.0011112890496192001,0.0034522741170725482,-0.009777777777777774,0.009920446248646811,2
0.8,factorized_g2p5_r1p35,factorized_g3_r1,cross_condition,0.1465384513139724,0.0009306445619690512,0.6854553520679474,0.010139730961599397,5.338550429464721,0.03209751377705764,0.06285285433449585,0.000522892535196047,0.0043079331317316,7.140102830025097e-05,-0.00267945628969535,0.001428219769190587,0.00817645087372305,0.0009994252109521338,0.5015481481481482,0.0001571348402637646,0.0018908354279135,0.00041625566341464427,-0.017712561501614175,0.001664105457943264,-0.002840922295259584,0.00034999096498078186,-0.024203703703703727,0.002645103144438467,2
0.8,factorized_g2p5_r1p35,closed_g3,cross_condition,0.18029221892356873,0.0004449864265780486,0.6854553520679474,0.010139730961599397,5.338550429464721,0.03209751377705764,0.06515941068499481,0.0025509232414383095,0.0028996861817488003,0.0005739577407311409,-0.00307122074910235,0.001445171193510527,0.00707075389995295,0.000368553336551297,0.5074444444444444,0.001602775370689606,0.00529535082460615,0.0016029296572889573,-0.014850092007061999,0.0017034638760203271,-0.004484226845286226,0.0009786708270952172,-0.015544444444444472,0.007222964824120265,2
0.8,factorized_g3_r1,closed_g3,cross_condition,0.14891973137855524,0.0011975394801642483,0.6854553520679474,0.010139730961599397,5.338550429464721,0.03209751377705764,0.0615348965150494,0.0012451730985783317,0.00235100047162,0.0011070603283327594,-0.0011003155363555,7.777763960460541e-05,0.00709767361832825,0.00019739684603183838,0.5044962962962963,0.002545584412271605,0.0020907575471903,0.001358836616797078,-0.01868678274118522,0.0016147997265458147,-0.0016998314674562592,0.0004487140651729717,-0.013711111111111007,0.007406288804427991,2
0.85,baseline,baseline,within_condition_split,0.0,0.0,0.7123931348323822,0.010878818097086435,5.540335348600079,0.036607243843689595,0.08030385509517995,0.000358560496324896,0.0045338243755601495,0.0008984168215337094,-0.00143416876232155,0.001691098167351021,0.00786421646056295,0.0023295565051664768,,,,,,,,,,,2
0.85,factorized_g1_r1p5,factorized_g1_r1p5,within_condition_split,0.0,0.0,0.7123931348323822,0.010878818097086435,5.540335348600079,0.036607243843689595,0.08387798865710985,0.000977865313347541,0.00371776471536695,0.0006025619929703991,0.0020377323827261,0.00024556224377332174,0.00782626480848455,0.0008771303252091473,,,,,,,,,,,2
0.85,factorized_g1p5_r1p35,factorized_g1p5_r1p35,within_condition_split,0.0,0.0,0.7123931348323822,0.010878818097086435,5.540335348600079,0.036607243843689595,0.08201479963793376,0.0014364706651998251,0.00298858090178655,0.000603017617375612,0.0032547732334345003,0.002683026502026839,0.0057491810250593495,0.0018522019453514843,,,,,,,,,,,2
0.85,factorized_g2_r1p35,factorized_g2_r1p35,within_condition_split,0.0,0.0,0.7123931348323822,0.010878818097086435,5.540335348600079,0.036607243843689595,0.08480794508661285,0.0005045583466823259,0.0037514063318919502,0.0021339048344140763,0.0029233773982527997,0.0018130080125017037,0.0069309346811954,0.0022249047127732885,,,,,,,,,,,2
0.85,factorized_g2p5_r1p35,factorized_g2p5_r1p35,within_condition_split,0.0,0.0,0.7123931348323822,0.010878818097086435,5.540335348600079,0.036607243843689595,0.0845684351149207,0.002639138240824303,0.00267962860112695,0.00028566309575153134,-0.0027531005483433,0.000630881344565851,0.0055164633488198,0.0031106914062252614,,,,,,,,,,,2
0.85,factorized_g3_r1,factorized_g3_r1,within_condition_split,0.0,0.0,0.7123931348323822,0.010878818097086435,5.540335348600079,0.036607243843689595,0.08399570711100174,0.0030377313684942166,0.00381010721273645,0.0010570644653477832,-0.00110856968588075,0.0017982522101328718,0.0044884599590054,0.0012075016936251718,,,,,,,,,,,2
0.85,closed_g3,closed_g3,within_condition_split,0.0,0.0,0.7123931348323822,0.010878818097086435,5.540335348600079,0.036607243843689595,0.08240431602125485,0.0006212813015108826,0.0026639703087412,0.000527699202507378,-0.0032434870881908,0.0014805287730384684,0.006692362044935949,0.00200120675418375,,,,,,,,,,,2
0.85,baseline,factorized_g1_r1p5,cross_condition,0.25971126556396484,0.0026255800748346547,0.7123931348323822,0.010878818097086435,5.540335348600079,0.036607243843689595,0.06958901499610254,0.0018338571013036997,0.002989678542905,0.00037513011658775225,0.00018594822185799998,0.0018600071077918571,0.0080035284845657,0.0014849460056232814,,,,,-0.012501906880042359,0.0025020700061399058,-0.00011583358834427496,0.002582775069580707,,,2
0.85,baseline,factorized_g1p5_r1p35,cross_condition,0.24881537258625025,0.0026472646283935094,0.7123931348323822,0.010878818097086435,5.540335348600079,0.036607243843689595,0.0680474591697172,0.0018394053357055284,0.0016932280828190998,7.031524536643192e-05,0.00134653364633235,0.000941393164023604,0.00521929776806615,0.00041334274030677354,,,,,-0.013111868196839647,0.0013004502512680661,0.00043623141077587494,0.001245669170665326,,,2
0.85,baseline,factorized_g2_r1p35,cross_condition,0.2904950678348541,0.002350150419815982,0.7123931348323822,0.010878818097086435,5.540335348600079,0.036607243843689595,0.0736477705086616,0.0027044454762490664,0.00298427358618745,0.00011334869924165684,-0.0027209013900714504,0.0047442168458102065,0.0060158116557384005,0.0004303952144124767,,,,,-0.008908129582234803,0.002631446551070344,-0.003465505708037075,0.004683261923234865,,,2
0.85,baseline,factorized_g2p5_r1p35,cross_condition,0.3266607820987701,0.0024548431915170227,0.7123931348323822,0.010878818097086435,5.540335348600079,0.036607243843689595,0.0804827313470674,0.0021337184196960225,0.0035025444963629505,0.0021209542366813923,-0.00226428406572245,0.003709703316144007,0.0060964169563828,0.0013933919715698013,,,,,-0.0019534137579829136,0.000993429547446319,-0.00017064941039002485,0.004239811727536591,,,2
0.85,baseline,factorized_g3_r1,cross_condition,0.21574743837118143,0.002044828112490987,0.7123931348323822,0.010878818097086435,5.540335348600079,0.036607243843689595,0.06865262694075105,0.000405769827209102,0.00289133355716785,0.0006228397598419591,-0.0009864850211646998,0.0018448652943765856,0.0076218020382369,0.00025941003419836805,,,,,-0.013497154162339799,0.0009338156088755607,0.0002848842029364502,0.0035895404831185326,,,2
0.85,baseline,closed_g3,cross_condition,0.2532440721988678,0.00023058540820310126,0.7123931348323822,0.010878818097086435,5.540335348600079,0.036607243843689595,0.0686671442031334,0.0022971103127278282,0.00259582461596835,2.9072484301952385e-05,0.00055765722500895,0.0016788432071624638,0.00650078696030935,0.0007341486097444119,,,,,-0.012686941355084004,0.002165749910134835,0.002896485150265125,0.0032646566773572084,,,2
0.85,factorized_g1_r1p5,factorized_g1p5_r1p35,cross_condition,0.0604014880955219,0.0023232870722463017,0.7123931348323822,0.010878818097086435,5.540335348600079,0.036607243843689595,0.06161724318443275,0.002996796082844528,0.00219258572298465,3.581046741888017e-05,-0.003057464316143,0.0018611611805492009,0.0085957811012636,0.0005649975263745939,,,,,-0.02132915096308905,0.002767493406918381,-0.0057037171242233006,0.00307989330967596,,,2
0.85,factorized_g1_r1p5,factorized_g2_r1p35,cross_condition,0.10706654563546175,0.0020810480604299725,0.7123931348323822,0.010878818097086435,5.540335348600079,0.036607243843689595,0.06408342948618735,0.00045059773544936835,0.00187879845993145,0.00028868652277879407,-0.00224868834137295,0.0012395334108001124,0.00920750872437625,0.0033381988358884332,,,,,-0.020259537385673994,0.0006872512187819709,-0.0047292432318624,0.0022688185389376247,,,2
0.85,factorized_g1_r1p5,factorized_g2p5_r1p35,cross_condition,0.1549120098352432,0.0014254907103354187,0.7123931348323822,0.010878818097086435,5.540335348600079,0.036607243843689595,0.06842815088796936,0.0014898143923272999,0.0016479301491593998,0.0001265341133489928,0.0010661126003338002,0.004050302342674078,0.00812894394115155,0.00044319479077895143,,,,,-0.015795060998045916,0.0006591779285889164,0.0014237966831424,0.004488524136843664,,,2
0.85,factorized_g1_r1p5,factorized_g3_r1,cross_condition,0.1536522582173347,0.0007339557566807971,0.7123931348323822,0.010878818097086435,5.540335348600079,0.036607243843689595,0.06278255237464139,4.7462622337732414e-05,0.00243659170437935,0.0001468044880602892,-0.00251525749375855,0.006305308026720381,0.00450032009085575,0.0018766065304351444,,,,,-0.021154295509414396,0.0009824704052356103,-0.002979838842181225,0.007081653009900156,,,2
0.85,factorized_g1_r1p5,closed_g3,cross_condition,0.19952207803726196,0.0009223205593881594,0.7123931348323822,0.010878818097086435,5.540335348600079,0.036607243843689595,0.06560023159465665,0.0024800133355636876,0.0034465305077914,0.000554106527760809,0.00131733694757575,0.003683099537749132,0.007845832708552,0.002197116505627364,,,,,-0.0175409207445257,0.0026583053414820095,0.0019202143003081,0.004300582802381705,,,2
0.85,factorized_g1p5_r1p35,factorized_g2_r1p35,cross_condition,0.07747181504964826,0.0006434348627915588,0.7123931348323822,0.010878818097086435,5.540335348600079,0.036607243843689595,0.06299515397457345,0.0028883223479992965,0.0031451055650031003,0.0005394683477387888,-0.0014404115633029,0.002305263660670026,0.0080281709961941,0.0004343563684296952,,,,,-0.020416218387699848,0.0019178078420582132,-0.00452948687914655,0.0018702544159074584,,,2
0.85,factorized_g1p5_r1p35,factorized_g2p5_r1p35,cross_condition,0.13095007091760635,0.0006448151720802955,0.7123931348323822,0.010878818097086435,5.540335348600079,0.036607243843689595,0.06876689919139725,0.0008419462464147839,0.00325261888110975,0.0013212960799333158,-0.00441958449278865,0.0011461239238259315,0.00531797993089545,0.00011556483996352978,,,,,-0.014524718185029976,0.0028797506994268454,-0.00467042083533425,0.00012005134509543712,,,2
0.85,factorized_g1p5_r1p35,factorized_g3_r1,cross_condition,0.11374057456851006,0.00025981951600148487,0.7123931348323822,0.010878818097086435,5.540335348600079,0.036607243843689595,0.06331977780551634,0.0034359369814925995,0.0030405680546929,0.0005568147828674654,-0.00152824488764305,0.0028372632036164362,0.00621265256034585,0.002213322616948373,,,,,-0.0196854755689514,0.0011988359646455734,-0.0026013466614199254,0.0050779025596962915,,,2
0.85,factorized_g1p5_r1p35,closed_g3,cross_condition,0.17808718979358668,0.00010578858976231458,0.7123931348323822,0.010878818097086435,5.540335348600079,0.036607243843689595,0.06400652318853685,0.0006581118912881474,0.00257344040965535,0.0012197679932243577,0.0007766935832947039,0.0009715157941874726,0.00937120183915105,0.003867371269686638,,,,,-0.01820303464105745,0.00037076409206720395,0.0007710505106728537,0.003053293431720126,,,2
0.85,factorized_g2_r1p35,factorized_g2p5_r1p35,cross_condition,0.07086331769824025,0.00010782744355909777,0.7123931348323822,0.010878818097086435,5.540335348600079,0.036607243843689595,0.06423154942760455,0.0010540480614783132,0.0025517207603793,0.00015763403146545955,-0.0024442205904566497,0.004746860229768798,0.00821723896644715,0.0016494838925075203,,,,,-0.02045664067316222,0.0005178002322750083,-0.0025293590154113997,0.00352491555123502,,,2
0.85,factorized_g2_r1p35,factorized_g3_r1,cross_condition,0.1371936425566673,0.0010835427916544862,0.7123931348323822,0.010878818097086435,5.540335348600079,0.036607243843689595,0.06525493686619266,0.0016818191670291886,0.00377136534238745,0.0018204196301791018,-0.0019011884661452503,0.004376691524533816,0.007522293590619551,0.0018094222423429246,,,,,-0.019146889232614643,8.932569055907755e-05,-0.002808592322331275,0.0043693136233494,,,2
0.85,factorized_g2_r1p35,closed_g3,cross_condition,0.18630161136388773,0.000442004537045844,0.7123931348323822,0.010878818097086435,5.540335348600079,0.036607243843689595,0.06499775688953975,0.0022660975402165094,0.00256242256385715,0.0007739778813208217,-0.0019117762888061001,0.0067400658691673014,0.0063121252508358,0.004494608736226844,,,,,-0.0186083736643941,0.0017031777161198981,-0.0017517214438371,0.0065738262494356835,,,2
0.85,factorized_g2p5_r1p35,factorized_g3_r1,cross_condition,0.16811098903417585,0.0010914453257502396,0.7123931348323822,0.010878818097086435,5.540335348600079,0.036607243843689595,0.0667372102263013,0.0021871134764610647,0.0031857166925065,0.0008895416687754239,-0.0017895364077206001,0.0020798837698742176,0.00682776884857585,0.00246054047953465,,,,,-0.01754486088665992,0.0006513213281981877,0.00014129870939142493,0.0014961983370907074,,,2
0.85,factorized_g2p5_r1p35,closed_g3,cross_condition,0.20400891453027725,0.00048695415098277137,0.7123931348323822,0.010878818097086435,5.540335348600079,0.036607243843689595,0.0670818924887185,0.0024498238047004337,0.0022967451345052,0.0001336329229898463,-0.0037601706664098,0.001158043531815133,0.008472311564678,0.003011754372843957,,,,,-0.016404483079369273,0.0008196140335328512,-0.0007618768481427501,0.0015828672460514415,,,2
0.85,factorized_g3_r1,closed_g3,cross_condition,0.166382722556591,0.0013705628300136746,0.7123931348323822,0.010878818097086435,5.540335348600079,0.036607243843689595,0.06347546617860306,0.00014731806001020036,0.00256594992887765,0.001164042437113894,0.00538854473685685,0.002118158556434509,0.0062233635560531,0.0007670237865866454,,,,,-0.01972454538752525,0.001976824395012747,0.007564573123892625,0.003757549048020179,,,2
0.9,baseline,baseline,within_condition_split,0.0,0.0,0.7440283298492432,0.011580605271641332,5.779745009074375,0.04140530319485846,0.0844446479180204,0.0029647316890507114,0.00447800859477285,0.0018435468349685378,0.00230527141497715,0.004950434765089544,0.0101717450475147,0.0008299868931832061,,,,,,,,,,,2
0.9,factorized_g1_r1p5,factorized_g1_r1p5,within_condition_split,0.0,0.0,0.7440283298492432,0.011580605271641332,5.779745009074375,0.04140530319485846,0.08790276428859475,0.0030405271115050243,0.00388554097135575,0.0029974420741754764,-0.0002131608525543,0.0005598417803075246,0.0070283240494598,1.9560448057916252e-05,,,,,,,,,,,2
0.9,factorized_g1p5_r1p35,factorized_g1p5_r1p35,within_condition_split,0.0,0.0,0.7440283298492432,0.011580605271641332,5.779745009074375,0.04140530319485846,0.08569321064188334,0.003095015847375935,0.0042927634159491,0.0006638423568119647,0.00020943682838359996,0.0010178497032142344,0.007094232072588949,0.0009800547800799873,,,,,,,,,,,2
0.9,factorized_g2_r1p35,factorized_g2_r1p35,within_condition_split,0.0,0.0,0.7440283298492432,0.011580605271641332,5.779745009074375,0.04140530319485846,0.08782737038830105,0.0025283326061074736,0.00334686606760125,0.0011455541385971373,-0.0012140179010304499,0.000629069250528512,0.005878922266930001,0.0015927936898654464,,,,,,,,,,,2
0.9,factorized_g2p5_r1p35,factorized_g2p5_r1p35,within_condition_split,0.0,0.0,0.7440283298492432,0.011580605271641332,5.779745009074375,0.04140530319485846,0.09139311291180185,0.0015089421887960264,0.0045500593756564005,0.00233739275902357,0.0028107542434869,0.002517988238294911,0.005210221008765101,0.0002879685775263128,,,,,,,,,,,2
0.9,factorized_g3_r1,factorized_g3_r1,within_condition_split,0.0,0.0,0.7440283298492432,0.011580605271641332,5.779745009074375,0.04140530319485846,0.0882907511421892,0.00017070557048462918,0.0060248345911056,0.0017816963876900347,0.0003379941893138001,0.0025821326265266144,0.00808835664628725,5.2421722172637214e-05,,,,,,,,,,,2
0.9,closed_g3,closed_g3,within_condition_split,0.0,0.0,0.7440283298492432,0.011580605271641332,5.779745009074375,0.04140530319485846,0.08512976727785146,0.0015956304508953421,0.0035831023275015497,0.00019547218638833177,-0.0003847499230427,0.002709544108459824,0.00699425656184705,0.00036296401932559035,,,,,,,,,,,2
0.9,baseline,factorized_g1_r1p5,cross_condition,0.29099154472351074,0.0026264230118048138,0.7440283298492432,0.011580605271641332,5.779745009074375,0.04140530319485846,0.07386267537770105,0.0023736320167163758,0.00361891367732855,0.0009504611090668408,-0.0005447651675820199,0.0007542264081104619,0.0093594144918407,0.00450356679086418,,,,,-0.012311030725606527,0.0006289973835614773,-0.0015908204487934446,0.003509364680808996,,,2
0.9,baseline,factorized_g1p5_r1p35,cross_condition,0.2764650881290436,0.0026638494132825465,0.7440283298492432,0.011580605271641332,5.779745009074375,0.04140530319485846,0.07191023707794,0.00028641435099004034,0.0031157480078428997,0.0002999820088459018,-0.0015693752287176499,0.002618373121331301,0.007212220424136401,0.0024632848392917342,,,,,-0.013158692202011879,0.002743459417223278,-0.002826729350398025,0.004584665652268956,,,2
0.9,baseline,factorized_g2_r1p35,cross_condition,0.3216113895177841,0.002332343376320129,0.7440283298492432,0.011580605271641332,5.779745009074375,0.04140530319485846,0.07912476495410185,0.0016199787263392821,0.00331554443403655,0.0028298929414587812,-0.00058774950738885,0.002327644706178166,0.00911858826393605,0.0008258731117187314,,,,,-0.007011244199058873,0.0011265534212398132,-0.0011333762643622003,0.0001669619488976499,,,2
0.9,baseline,factorized_g2p5_r1p35,cross_condition,0.3605853021144867,0.0024812692655333535,0.7440283298492432,0.011580605271641332,5.779745009074375,0.04140530319485846,0.08596276837625395,0.0012529445475428366,0.0045857716626793,0.00012811913146184317,-0.00164765630116765,0.001224292142121971,0.0069546068001272,0.0022969754922276798,,,,,-0.0019561120386571706,0.0009838923913805424,-0.004205669130399675,0.0049585036438141985,,,2
0.9,baseline,factorized_g3_r1,cross_condition,0.23420914262533185,0.0021177000135662537,0.7440283298492432,0.011580605271641332,5.779745009074375,0.04140530319485846,0.074192452614814,0.003124847497150737,0.0048295108326603005,0.0005552214458758322,-0.00243833271792605,0.0029046890076272476,0.007853053109516,0.000990624870717372,,,,,-0.012175246915290802,0.0017278344378676956,-0.003759965520071525,0.006670972703435327,,,2
0.9,baseline,closed_g3,cross_condition,0.2761194705963135,0.0001619703388273854,0.7440283298492432,0.011580605271641332,5.779745009074375,0.04140530319485846,0.07335512639860085,0.0017005473187989624,0.00243000830904915,0.0010533130801400942,0.00047943422633301195,0.000584332579313056,0.007248598285213299,0.000992474524239014,,,,,-0.011432081199335073,0.0005796337511740546,-0.000480826519634213,0.0032456568574616277,,,2
0.9,factorized_g1_r1p5,factorized_g1p5_r1p35,cross_condition,0.06930732354521744,0.002507900805436214,0.7440283298492432,0.011580605271641332,5.779745009074375,0.04140530319485846,0.0655164982271512,0.0028449144546792257,0.0035706167970756,0.00019759531791258423,-0.00099752287846905,0.00021228815001145948,0.0061408178906407,0.0006398983553085577,,,,,-0.02128148923808785,0.00022285702476125874,-0.0009956608663837,1.671581144189564e-05,,,2
0.9,factorized_g1_r1p5,factorized_g2_r1p35,cross_condition,0.11967695504426955,0.0022978567175260703,0.7440283298492432,0.011580605271641332,5.779745009074375,0.04140530319485846,0.066988542984755,0.0001644432611971028,0.0039324957603725005,2.4052061318604002e-05,-0.0059315235248348,0.0014198544623156843,0.0093578479125418,0.0036703477001221213,,,,,-0.020876524353692895,0.002948873120003359,-0.005217934148042425,0.0014544681974261776,,,2
0.9,factorized_g1_r1p5,factorized_g2p5_r1p35,cross_condition,0.17191671580076215,0.0015397613533605801,0.7440283298492432,0.011580605271641332,5.779745009074375,0.04140530319485846,0.07169734513580475,0.0002582126726798826,0.00287232372247565,0.0003464759564012947,-0.0005799709543366367,0.0009278037927824421,0.00699191687563385,0.002416607321363728,,,,,-0.017950593464393552,0.0020165219774706425,-0.0018787676498029367,0.0006111112165187757,,,2
0.9,factorized_g1_r1p5,factorized_g3_r1,cross_condition,0.1745147034525871,0.0006493038114466664,0.7440283298492432,0.011580605271641332,5.779745009074375,0.04140530319485846,0.06776589541785664,0.0011176892837631385,0.0026596893290688,0.0006401024388812787,0.00422141000311875,0.00400063247110162,0.0068947125463782,0.00010576621796569923,,,,,-0.02033086229753532,0.00031722148674706395,0.004158993334739,0.002429645267684551,,,2
0.9,factorized_g1_r1p5,closed_g3,cross_condition,0.22289143502712244,0.0009828012870012432,0.7440283298492432,0.011580605271641332,5.779745009074375,0.04140530319485846,0.06867250822064305,0.0014227757118969444,0.0036708941574717002,0.0005365264981199669,-0.0013230721434666203,0.0018159218503097962,0.00637028702039885,0.0010607824983744057,,,,,-0.017843757562580054,0.0008953030693032387,-0.0010241167556681204,0.00018122890592612182,,,2
0.9,factorized_g1p5_r1p35,factorized_g2_r1p35,cross_condition,0.08671788871288294,0.0007146103532143016,0.7440283298492432,0.011580605271641332,5.779745009074375,0.04140530319485846,0.06571176058209674,0.0017180854732856132,0.0024783077125277,0.0006064955687058527,0.0005290118949893001,0.005311608586325001,0.0119123986524682,0.0037986409108046342,,,,,-0.021048529932995448,0.0010935887534560982,0.0010313024313127253,0.004488149109453629,,,2
0.9,factorized_g1p5_r1p35,factorized_g2p5_r1p35,cross_condition,0.14560176432132715,0.0007396139710933847,0.7440283298492432,0.011580605271641332,5.779745009074375,0.04140530319485846,0.0711319840262315,0.002789806158481414,0.00235351996211865,0.000547032163345217,-0.00175298138505865,0.0018783597681184543,0.0075205138442132,0.00346511970103818,,,,,-0.0174111777506111,0.00048782714039543343,-0.0032630769209939,0.002628429035658792,,,2
0.9,factorized_g1p5_r1p35,factorized_g3_r1,cross_condition,0.12925361096858973,0.0003935251245462666,0.7440283298492432,0.011580605271641332,5.779745009074375,0.04140530319485846,0.06398319208557221,0.0008350944663332465,0.0020758200515659,0.0002044272450502274,0.00253595728415175,0.0023350634854959053,0.00750557998571115,0.00042973668773526273,,,,,-0.02300878880646407,0.0006270606721124112,0.00226224177530305,0.003117204947152095,,,2
0.9,factorized_g1p5_r1p35,closed_g3,cross_condition,0.1979666873812675,0.00013873688858573544,0.7440283298492432,0.011580605271641332,5.779745009074375,0.04140530319485846,0.0665942304746988,0.0019747315882313924,0.00165753301105055,0.0007343863335713817,-0.0023163457916301,0.001218026996047122,0.008891199635013301,0.0015307789444610586,,,,,-0.018817258485168603,0.00037059156090424604,-0.00222868924430055,0.0003721797934243272,,,2
0.9,factorized_g2_r1p35,factorized_g2p5_r1p35,cross_condition,0.07915829122066495,7.301941504508466e-05,0.7440283298492432,0.011580605271641332,5.779745009074375,0.04140530319485846,0.06569013146218394,0.002352892967089258,0.0024572210429102,0.0005869666661008912,-0.0002582227515930502,0.0034392682901364553,0.008398839887911399,0.001451493142325314,,,,,-0.0239201101878675,0.000334255569637506,-0.0010565909228212752,0.002494808796253256,,,2
0.9,factorized_g2_r1p35,factorized_g3_r1,cross_condition,0.1561474949121475,0.001280020862700107,0.7440283298492432,0.011580605271641332,5.779745009074375,0.04140530319485846,0.0679563068030021,0.002665130713700543,0.00130092882914175,0.00019900154748031862,-0.0003347996988582,0.0007032744287727399,0.0062277462942025505,5.357787999031382e-05,,,,,-0.020102753962243022,0.0014863171958891135,0.000103212157000125,0.0002732572592263114,,,2
0.9,factorized_g2_r1p35,closed_g3,cross_condition,0.20800147950649256,0.0005006413400366842,0.7440283298492432,0.011580605271641332,5.779745009074375,0.04140530319485846,0.0695834439023014,0.003023024346281249,0.00306872727106845,0.0009278996544235552,-0.00018215071977875,0.0006956693622027004,0.00813995495838875,0.0029027722429644533,,,,,-0.016895124930774844,0.0009610428177798288,0.0006172331922578249,0.00034456806676295564,,,2
0.9,factorized_g2p5_r1p35,factorized_g3_r1,cross_condition,0.1900621429085731,0.0012526148744558983,0.7440283298492432,0.011580605271641332,5.779745009074375,0.04140530319485846,0.07046084586316459,0.0014815290012137848,0.0031182406846620497,0.0009205098310343187,-0.005592090408172649,0.0006930164986970609,0.0079893914546949,0.0016384447336188854,,,,,-0.019381086163830934,0.0008124106920580765,-0.007166464624572999,0.0018570439337137008,,,2
0.9,factorized_g2p5_r1p35,closed_g3,cross_condition,0.22781547158956525,0.0005232847343991718,0.7440283298492432,0.011580605271641332,5.779745009074375,0.04140530319485846,0.07434578436167286,0.0038590063062668534,0.00263778304644575,0.0003313826105677401,-0.0040190148460217,0.0002799725392819727,0.008877414083447301,0.003022202984154122,,,,,-0.0139156557331538,0.002306719986421169,-0.0052320170062438,0.0023337936340953945,,,2
0.9,factorized_g3_r1,closed_g3,cross_condition,0.18330335617065424,0.0015245147309118428,0.7440283298492432,0.011580605271641332,5.779745009074375,0.04140530319485846,0.06882574771105104,0.0010133102533464741,0.0030062877324316,0.00029001650021370426,0.0012782741387274501,0.0012496948013825124,0.0087053079285746,0.001745309433983235,,,,,-0.017884511498969274,0.00030084781314111274,0.0013016520055919001,0.0013961435661107072,,,2
0.93,baseline,baseline,within_condition_split,0.0,0.0,0.7650340497493744,0.011985847220073578,5.940427453517675,0.04327406733572779,0.08549480165806154,0.0015572360416105952,0.0032805102514284,0.0012526897929471474,0.0017233713884563001,0.004071642253847719,0.009150293356992599,0.0005415998740782351,,,,,,,,,,,2
0.93,factorized_g1_r1p5,factorized_g1_r1p5,within_condition_split,0.0,0.0,0.7650340497493744,0.011985847220073578,5.940427453517675,0.04327406733572779,0.08969787405200774,0.0037085886544578647,0.0025420500296785,0.0016778822914925422,-0.0017634061825427,0.0009401891468158754,0.00759624532690865,0.0002797136662005367,,,,,,,,,,,2
0.93,factorized_g1p5_r1p35,factorized_g1p5_r1p35,within_condition_split,0.0,0.0,0.7650340497493744,0.011985847220073578,5.940427453517675,0.04327406733572779,0.0897308998128825,0.00383572903818575,0.005249450789616399,0.0013789160204622148,-0.0012546065182818997,0.0041393301793221215,0.0055475522555944005,0.0020635899088465143,,,,,,,,,,,2
0.93,factorized_g2_r1p35,factorized_g2_r1p35,within_condition_split,0.0,0.0,0.7650340497493744,0.011985847220073578,5.940427453517675,0.04327406733572779,0.09042170674970705,0.002470652860851232,0.00276602559380555,0.0009982691673160822,-0.0006804098766248999,0.001241944774499084,0.0054523377479397004,0.0034320638635038873,,,,,,,,,,,2
0.93,factorized_g2p5_r1p35,factorized_g2p5_r1p35,within_condition_split,0.0,0.0,0.7650340497493744,0.011985847220073578,5.940427453517675,0.04327406733572779,0.09268059843695545,0.0038390919350661423,0.00439322705552205,0.0030418646252805452,-0.0011514672500571499,0.002822568457046669,0.00790771857655885,0.00045884674273283943,,,,,,,,,,,2
0.93,factorized_g3_r1,factorized_g3_r1,within_condition_split,0.0,0.0,0.7650340497493744,0.011985847220073578,5.940427453517675,0.04327406733572779,0.08986137774500655,0.0033615111857744533,0.00456098944366765,0.001048926929516145,-0.0017688441541243,0.0036052188299900566,0.00830233204853165,0.001156465349435837,,,,,,,,,,,2
0.93,closed_g3,closed_g3,within_condition_split,0.0,0.0,0.7650340497493744,0.011985847220073578,5.940427453517675,0.04327406733572779,0.08751050559748966,0.003626829204990986,0.00278729291200995,0.0011311335462017582,-0.00110578819800915,0.0007169420583121324,0.0061733388681148,0.0023455149089613245,,,,,,,,,,,2
0.93,baseline,factorized_g1_r1p5,cross_condition,0.30936770141124725,0.002645831635544139,0.7650340497493744,0.011985847220073578,5.940427453517675,0.04327406733572779,0.07645261730791189,0.0005172727021695807,0.0028173699471956,0.00016919505834980434,-0.00243341466790055,0.0015021961756312432,0.0082608963463848,0.00030862652728686835,,,,,-0.011143720547122746,0.0021156396458646568,-0.00241339727085735,0.00400811187596304,,,2
0.93,baseline,factorized_g1p5_r1p35,cross_condition,0.29259730875492096,0.002688357805691631,0.7650340497493744,0.011985847220073578,5.940427453517675,0.04327406733572779,0.07587714547301899,0.003808911685033268,0.0044708104791162506,0.0012338431261963525,0.00157722601516885,0.0031213752695128873,0.00668848717100995,0.000835831064441776,,,,,-0.011735705262453024,0.0011124291451350902,0.00134284358008165,0.003087531306775686,,,2
0.93,baseline,factorized_g2_r1p35,cross_condition,0.33983656764030457,0.0023364105472013516,0.7650340497493744,0.011985847220073578,5.940427453517675,0.04327406733572779,0.08306245556533715,0.0024291684582444972,0.00453223073161695,0.00017836133034591478,-0.0019240125421335,0.0033770339607822578,0.0069249371703412,0.002263641805482309,,,,,-0.0048957986385471455,0.00041522400701357885,-0.0024454932980492,0.0019621852211079405,,,2
0.93,baseline,factorized_g2p5_r1p35,cross_condition,0.3805205821990967,0.0025123736397344126,0.7650340497493744,0.011985847220073578,5.940427453517675,0.04327406733572779,0.0903108114121445,0.0005710443992503238,0.00425856605358055,0.0028426463222297415,0.00044288362186275,0.00208224462917251,0.00832254843961485,0.0014083342708673995,,,,,0.0012231113646360078,0.0021271195890880472,0.00015693155266317512,0.005529349984619704,,,2
0.93,baseline,factorized_g3_r1,cross_condition,0.2447319775819778,0.002166727335096512,0.7650340497493744,0.011985847220073578,5.940427453517675,0.04327406733572779,0.0762605863036557,0.0017864788051854918,0.00334656866089715,0.0014232773606869726,-0.0032475347144469502,0.0047451971209791655,0.006088271434646001,0.003036745678916496,,,,,-0.01141750339787835,0.0006728948085070325,-0.0032247983316129503,0.004511985409050335,,,2
0.93,baseline,closed_g3,cross_condition,0.2890636920928955,0.0001392953343284459,0.7650340497493744,0.011985847220073578,5.940427453517675,0.04327406733572779,0.07590202862785894,0.0018946927704699844,0.00441032790144405,0.0007430826377267197,-0.0036240961143696997,0.0022584357959090115,0.0084185667353287,0.002183214863966531,,,,,-0.010600624999916645,0.0006973398528308085,-0.003932887709593275,0.0005810856981412188,,,2
0.93,factorized_g1_r1p5,factorized_g1p5_r1p35,cross_condition,0.07458771392703055,0.0026061345726029407,0.7650340497493744,0.011985847220073578,5.940427453517675,0.04327406733572779,0.06605008883295074,0.0010021798810715945,0.0020481923547952,0.0005164813716568665,0.00227334424999275,0.00040182147134675987,0.0096951617054998,0.00023430103487749045,,,,,-0.02366429809949438,0.0027699789652502107,0.00378235060040505,0.002001391987599883,,,2
0.93,factorized_g1_r1p5,factorized_g2_r1p35,cross_condition,0.12705727666616434,0.0024251612734531866,0.7650340497493744,0.011985847220073578,5.940427453517675,0.04327406733572779,0.06771302640734556,0.001782551846149696,0.00286992476245595,0.0008031843031448989,0.0011341056133670501,0.0037034635055452508,0.0073836888066823,0.0022107101647190924,,,,,-0.022346763993511848,0.0013070689115048451,0.0023560136429508502,0.003552585691703647,,,2
0.93,factorized_g1_r1p5,factorized_g2p5_r1p35,cross_condition,0.18188314884901044,0.001604899307734206,0.7650340497493744,0.011985847220073578,5.940427453517675,0.04327406733572779,0.0729489442520665,0.00058147680850133,0.0028123615496347997,0.0006409315600144637,-0.00015938720807255006,0.005178247700105228,0.008640079582979649,0.001649276546627235,,,,,-0.0182402919924151,0.003192363486260674,0.001298049508227375,0.0070596265020364994,,,2
0.93,factorized_g1_r1p5,factorized_g3_r1,cross_condition,0.18685796856880185,0.0006064720766475097,0.7650340497493744,0.011985847220073578,5.940427453517675,0.04327406733572779,0.0696101762572916,0.0013289153061854045,0.0027635699148931,0.00042959319595431845,-0.00426748451759475,0.0027629550389114818,0.00999056049409575,0.001596298935005355,,,,,-0.020169449641215545,0.002206134613930747,-0.00250135934926125,0.0040954698804985725,,,2
0.93,factorized_g1_r1p5,closed_g3,cross_condition,0.23650907725095743,0.0010264970321950207,0.7650340497493744,0.011985847220073578,5.940427453517675,0.04327406733572779,0.0725195877261018,0.0012727867190226619,0.0024365537213345,0.0011131889496182577,-0.0025568994033778,0.0007766638995932855,0.0085066565117902,0.0025456721009117444,,,,,-0.0160846020986469,0.002394922210701773,-0.001122302213101875,0.000888287443845157,,,2
0.93,factorized_g1p5_r1p35,factorized_g2_r1p35,cross_condition,0.09212240576744075,0.0007618148235464785,0.7650340497493744,0.011985847220073578,5.940427453517675,0.04327406733572779,0.06813026116036436,0.0012579665056628546,0.0023778515934153,0.001309280352438392,0.0032562734302308,0.002113645561357592,0.00834507421701805,0.0004403321553570386,,,,,-0.021946042120930424,0.0018952244438556315,0.004223781627684199,0.0005769919155530112,,,2
0.93,factorized_g1p5_r1p35,factorized_g2p5_r1p35,cross_condition,0.154198408126831,0.0008032346389206185,0.7650340497493744,0.011985847220073578,5.940427453517675,0.04327406733572779,0.07366219165044774,0.00012219473941653273,0.0029734108347009,0.0001647417253992758,0.0009790105850790217,0.0014151640674902293,0.0085958927025849,0.002123320378991386,,,,,-0.017543557474471234,0.003715215747209411,0.0021820474692485466,0.002073544928627956,,,2
0.93,factorized_g1p5_r1p35,factorized_g3_r1,cross_condition,0.1383792385458946,0.00046404733881703176,0.7650340497493744,0.011985847220073578,5.940427453517675,0.04327406733572779,0.06780800060623995,0.002293133501726905,0.00280284791590855,0.0007377746060581477,-0.00343643353081755,0.0005673820172509507,0.0074294352169305,0.0027258812910071557,,,,,-0.021988138172704563,0.001305486610253197,-0.0019247081946144502,0.0044396565219070394,,,2
0.93,factorized_g1p5_r1p35,closed_g3,cross_condition,0.20939955115318293,0.0001510121582145824,0.7650340497493744,0.011985847220073578,5.940427453517675,0.04327406733572779,0.0696900792070547,0.0009578396458554415,0.0030028512391503497,0.0004561802750896694,-0.00218597032308595,0.0004675481861473337,0.0082515374040161,0.002722826012391279,,,,,-0.018930623498131377,0.0027734394757329387,-0.0010057729649404251,0.001960587932669793,,,2
0.93,factorized_g2_r1p35,factorized_g2p5_r1p35,cross_condition,0.08400760218501085,4.605070035420087e-05,0.7650340497493744,0.011985847220073578,5.940427453517675,0.04327406733572779,0.07081773971507875,0.003852035567314786,0.003368799134167,0.0008498372423714104,-0.0032507374111929,0.0005289962330768783,0.009433944905986,0.0014628003330835239,,,,,-0.020733412878252505,0.000697163169356106,-0.0023347988478518754,0.0013193080743506707,,,2
0.93,factorized_g2_r1p35,factorized_g3_r1,cross_condition,0.1673231869935989,0.0013886122178884256,0.7650340497493744,0.011985847220073578,5.940427453517675,0.04327406733572779,0.0709286174327327,0.002426810550213895,0.00206869608998435,0.00115265709345591,-0.0031753061557786002,0.0004184272560334042,0.0054926700440314,0.0019303661377637034,,,,,-0.019212924814624097,0.0004892714730989475,-0.0019506791404040001,0.002005154546211166,,,2
0.93,factorized_g2_r1p35,closed_g3,cross_condition,0.22059576213359824,0.0005358550319675067,0.7650340497493744,0.011985847220073578,5.940427453517675,0.04327406733572779,0.07190274588562005,0.004077405200683005,0.0032282379514021,0.0005830642449883831,-0.0021484748351337,0.0005574015924070429,0.0091208875904279,0.002553132902449029,,,,,-0.0170633602879783,0.0010286641677618885,-0.0012553757978166751,0.0015368450088126511,,,2
0.93,factorized_g2p5_r1p35,factorized_g3_r1,cross_condition,0.20303825289011002,0.0013443474902398494,0.7650340497493744,0.011985847220073578,5.940427453517675,0.04327406733572779,0.07308052958186025,0.0013562396057308478,0.0035392230185593,0.00043767130594870283,-0.0029483245922552,0.002659664587332739,0.006779349053528101,0.0023291757826084235,,,,,-0.018190458509120752,0.002244061954689443,-0.0014881688901644751,0.0022683394008610447,,,2
0.93,factorized_g2p5_r1p35,closed_g3,cross_condition,0.24173037707805628,0.0005443265485182063,0.7650340497493744,0.011985847220073578,5.940427453517675,0.04327406733572779,0.0769951151477287,0.002002545664518568,0.0036375874765043497,0.00041736702753949567,-0.0016776804867017002,0.0027615791228454284,0.00724370535164925,0.0017475906642093729,,,,,-0.013100436869493852,0.0017304149055100112,-0.00054905276266855,0.0038143923222126964,,,2
0.93,factorized_g3_r1,closed_g3,cross_condition,0.19278104603290555,0.0016046569633553077,0.7650340497493744,0.011985847220073578,5.940427453517675,0.04327406733572779,0.07031395117616729,0.003485880837445428,0.00329305938595455,0.00161113054733115,0.0007970384966143498,0.004394955480014527,0.0065424130806272,0.00046265484313619265,,,,,-0.018371990495080807,8.289357937294057e-06,0.002234354672681075,0.006556035924165622,,,2
0.95,baseline,baseline,within_condition_split,0.0,0.0,0.7797992527484894,0.012251288071995188,6.053947370439424,0.04463135690385588,0.0890179756192052,0.0014912953606357816,0.0042209213599119,0.001421662981204662,0.0011803471166443,0.0032450186631238793,0.0046834976902988,0.0015348196012990622,0.531125925925926,0.005761610809668111,0.0165431654468116,0.005824436609472799,,,,,,,2
0.95,factorized_g1_r1p5,factorized_g1_r1p5,within_condition_split,0.0,0.0,0.7797992527484894,0.012251288071995188,6.053947370439424,0.04463135690385588,0.0932127150553768,0.0019606448787910145,0.0048108707119285,0.0006678544777434591,-6.094395291840037e-05,0.005715006986386374,0.004894613191137801,0.0001839317698937301,0.5266888888888889,0.0032998316455371724,0.015269168228256,0.010831883243114083,,,,,,,2
0.95,factorized_g1p5_r1p35,factorized_g1p5_r1p35,within_condition_split,0.0,0.0,0.7797992527484894,0.012251288071995188,6.053947370439424,0.04463135690385588,0.09196664761607545,0.005338178086494724,0.00453960612593715,0.00014863904558019196,0.0011393536710024,0.002607381642247183,0.0071284335379359,3.291494081593297e-05,0.526525925925926,0.011345135467037398,0.0190697365523556,0.001286686883904982,,,,,,,2
0.95,factorized_g2_r1p35,factorized_g2_r1p35,within_condition_split,0.0,0.0,0.7797992527484894,0.012251288071995188,6.053947370439424,0.04463135690385588,0.09415897156843375,0.0010640185537100042,0.0036093811237585503,0.0009834673560661083,-0.0014050402826292002,2.613358573522842e-05,0.007188224231397301,0.0018626304754800968,0.5414,0.03374208803262027,0.012974922168817401,0.0030322395467803384,,,,,,,2
0.95,factorized_g2p5_r1p35,factorized_g2p5_r1p35,within_condition_split,0.0,0.0,0.7797992527484894,0.012251288071995188,6.053947370439424,0.04463135690385588,0.0949733279511194,0.0014296099025425837,0.0038478101057220996,0.0008208493452857617,-0.002175398468508045,0.0031945402093935256,0.00812863144472145,0.002127772172600081,0.5211185185185184,0.014278319151959434,0.02020004022253595,0.004486729519973534,,,,,,,2
0.95,factorized_g3_r1,factorized_g3_r1,within_condition_split,0.0,0.0,0.7797992527484894,0.012251288071995188,6.053947370439424,0.04463135690385588,0.09047853434098516,0.00017406202696729578,0.0028552966714749,0.000797476075360438,-0.0019838014856948002,0.002522612320862912,0.006789064674383951,0.00036767331065937155,0.5335851851851852,0.00046092886477345043,0.02831402725627865,0.0021932070753606777,,,,,,,2
0.95,closed_g3,closed_g3,within_condition_split,0.0,0.0,0.7797992527484894,0.012251288071995188,6.053947370439424,0.04463135690385588,0.0887462696650968,0.00267660842823538,0.004475394710433751,0.0002774267145418543,-0.00038614453989535005,0.002293857026423477,0.0083650366174294,0.0031463837582949863,0.5260814814814816,0.01105181709854528,0.01885605645570205,0.006032681767060113,,,,,,,2
0.95,baseline,factorized_g1_r1p5,cross_condition,0.32125052809715265,0.0026701292937106698,0.7797992527484894,0.012251288071995188,6.053947370439424,0.04463135690385588,0.07881890798123906,0.001996406558262273,0.0026887334093720003,0.0001483681864565829,0.00201835632394135,0.005351753363166084,0.0076238570973985,0.0006947590141138722,0.5101555555555556,0.008181487349728695,0.010274136639815551,0.004944993113507243,-0.012296437356051945,0.0002704364385488749,0.0014586547420784002,0.006586747524797331,-0.018751851851851853,0.012712208577331317,2
0.95,baseline,factorized_g1p5_r1p35,cross_condition,0.30297110974788666,0.0027137302084951896,0.7797992527484894,0.012251288071995188,6.053947370439424,0.04463135690385588,0.07614799417838189,0.0006458941591956066,0.0024851017474764,0.00028486977956156595,-0.0037533841445718,0.0009177005022678534,0.0086731778133736,0.0007378058920397551,0.5049925925925927,0.0007751985453007441,0.0045047411380701,0.0017965574505655272,-0.014344317439258424,0.004060630882760872,-0.00491323453839515,0.000598881991829505,-0.023833333333333317,0.00777817459305203,2
0.95,baseline,factorized_g2_r1p35,cross_condition,0.35160814225673676,0.002348106297663125,0.7797992527484894,0.012251288071995188,6.053947370439424,0.04463135690385588,0.08478448580274339,0.005165676640094426,0.00467656391131,0.0015961459219150707,-0.0015337491834926998,0.0006450664665468178,0.0059617493071414,0.0018318273522571094,0.5096444444444446,0.005091168824543092,0.00670385839905455,0.0023001926263911125,-0.00680398779107607,0.003888019682921521,-0.00142140260050025,0.0009643760721475079,-0.02661851851851843,0.019081407436019153,2
0.95,baseline,factorized_g2p5_r1p35,cross_condition,0.3934449255466461,0.0025412442309643755,0.7797992527484894,0.012251288071995188,6.053947370439424,0.04463135690385588,0.09177694131489719,0.0037376871471494783,0.00335983162882845,3.0485314861607632e-05,-0.00136897163589465,0.001365308474041992,0.00710026731844005,6.534921586144284e-05,0.5096814814814814,0.0010370899457402734,0.00929911856354465,0.0008148504758025254,-0.00021871047026510854,0.002277234515560291,-0.0008714459599627774,0.004585087910300695,-0.0164407407407407,0.008982875035073596,2
0.95,baseline,factorized_g3_r1,cross_condition,0.2513875067234039,0.002202973624815989,0.7797992527484894,0.012251288071995188,6.053947370439424,0.04463135690385588,0.07612896002752956,0.0013289464585644177,0.0038775764001009,0.0007980338484198881,-0.0018810838781489,0.0031363485012044054,0.007372287051789701,0.0010015943020565596,0.511037037037037,0.00775198545300803,0.0066093762215314,0.00453843528158849,-0.01361929495256562,0.0004962677647628863,-0.0014793566936236499,0.002775145330073922,-0.02131851851851857,0.01086325529022885,2
0.95,baseline,closed_g3,cross_condition,0.2971778512001037,0.0001342377125071975,0.7797992527484894,0.012251288071995188,6.053947370439424,0.04463135690385588,0.0776787500011876,0.0028977571711238203,0.0029347742246425496,0.0010245007468411367,0.0008829560858436001,3.181547747830876e-05,0.00639615080327625,0.0007645157943717011,0.5114518518518518,0.0031845994293438393,0.0051049338598462,0.0011148641048884592,-0.011203372640963397,0.0008138052766882346,0.0004858547974691251,0.00044376534087189255,-0.017151851851851918,0.005829702573782385,2
0.95,factorized_g1_r1p5,factorized_g1p5_r1p35,cross_condition,0.07799005880951876,0.002668480298262686,0.7797992527484894,0.012251288071995188,6.053947370439424,0.04463135690385588,0.06820188648711956,0.0019274356712293938,0.0042408345781152,0.0021201270002142647,-0.0020295927871247003,0.00403757780535851,0.01194762601633705,0.0027987235905628446,0.5022888888888888,1.0475656017607858e-05,0.00148415026044375,2.9174524547810236e-05,-0.024387794848606578,0.0017219758114134685,-0.0025687976461667003,0.008198772119675289,-0.024318518518518573,0.007312007900269716,2
0.95,factorized_g1_r1p5,factorized_g2_r1p35,cross_condition,0.1317881122231483,0.0025096024844447626,0.7797992527484894,0.012251288071995188,6.053947370439424,0.04463135690385588,0.07080758700055415,0.0007944591794362214,0.0034824848526202,0.0009730606167863605,0.00154169925381345,0.004023623302187867,0.00926362550215095,0.0004365217169337519,0.5037703703703704,0.0008904307614941951,0.00405335042818185,0.0021083317463419233,-0.022878256311351125,0.0007178725368142903,0.00227469137158725,0.001153053016127066,-0.03027407407407401,0.014330697432047354,2
0.95,factorized_g1_r1p5,factorized_g2p5_r1p35,cross_condition,0.1882966235280037,0.001646856495426801,0.7797992527484894,0.012251288071995188,6.053947370439424,0.04463135690385588,0.07437437918774381,0.0005846261552483054,0.0026725944666961,0.0006344284226498585,-0.0015660026696731502,0.008786681710511012,0.007110165155651,0.0010729531474169857,0.5062740740740741,0.0038236144464162307,0.00284503611623725,0.001593768698837066,-0.01971864231550429,0.0011105012354184888,-0.00044783145895992745,0.010046915099007438,-0.01762962962962955,0.004965460952332072,2
0.95,factorized_g1_r1p5,factorized_g3_r1,cross_condition,0.1948146596550941,0.0005852616751343532,0.7797992527484894,0.012251288071995188,6.053947370439424,0.04463135690385588,0.0701038260521277,0.00031041339603373955,0.0025345606148041502,0.00046633166855255636,0.0006447923009809001,0.0012587336154552963,0.0079586927490027,0.0017126385109481957,0.5116222222222222,0.004075030190838034,0.00408454261272935,0.002592919021279259,-0.021741798646053273,0.0007569400568454278,0.0016671650202875004,0.00537754326907994,-0.018514814814814817,0.005955410445993366,2
0.95,factorized_g1_r1p5,closed_g3,cross_condition,0.2452122643589973,0.0010598773362156192,0.7797992527484894,0.012251288071995188,6.053947370439424,0.04463135690385588,0.0711164349100481,0.0019476146395033319,0.0023193976700791,0.000873787095438839,-0.00110728080266685,0.001237536212000194,0.006510727346668899,0.0008304551739938416,0.5053333333333334,0.0014875431544961158,0.0035952503917978497,0.002557494325329707,-0.019863057450188702,0.00037101201400986525,-0.0008837365562599749,0.002766895794404732,-0.021051851851851877,0.0023884495720079973,2
0.95,factorized_g1p5_r1p35,factorized_g2_r1p35,cross_condition,0.09558556601405141,0.0007944522893622149,0.7797992527484894,0.012251288071995188,6.053947370439424,0.04463135690385588,0.06983602388748875,0.00015251050613513756,0.00371818796728225,0.000313362977203853,-0.0011680464378462001,0.0037000864917455206,0.0069585888548181,0.0001373358288011957,0.5020592592592592,0.0014665918424610178,0.0014653723556465,0.000734579064322629,-0.02322678570476585,0.003048587813967232,-0.0010352031320328,0.005016844105736726,-0.03190370370370377,0.00973188444033042,2
0.95,factorized_g1p5_r1p35,factorized_g2p5_r1p35,cross_condition,0.15973820537328715,0.0008476679539632677,0.7797992527484894,0.012251288071995188,6.053947370439424,0.04463135690385588,0.0757887472160812,0.0025606969149622846,0.0044363292383262,1.6636750399931593e-05,-0.00159369027387285,0.003236572457381759,0.00690264022990875,0.0037978015067865385,0.5062444444444445,5.237828008788228e-05,0.00231307578807865,0.0010808940700290242,-0.017681240567516222,0.0008231970795563673,-0.0010756678751200274,0.0035301517409549303,-0.017577777777777748,0.012864105589586259,2
0.95,factorized_g1p5_r1p35,factorized_g3_r1,cross_condition,0.14422129094600672,0.0005031490775230432,0.7797992527484894,0.012251288071995188,6.053947370439424,0.04463135690385588,0.06992249171569305,0.0038234322446175106,0.0029758918391487,0.0005698087512863264,-0.0007213665325091503,0.004699858579617275,0.0082535749893283,0.005289530699886403,0.5030888888888889,0.0011208951938808612,0.00227522073990655,0.0013858754036413612,-0.021300099262837255,0.0010673121878864954,-0.0002991426251629501,0.007264855561172322,-0.026966666666666694,0.007023927359786227,2
0.95,factorized_g1p5_r1p35,closed_g3,cross_condition,0.21662759035825724,0.00015508986580800157,0.7797992527484894,0.012251288071995188,6.053947370439424,0.04463135690385588,0.0719206572086116,0.0019055782993912841,0.003096385371882,0.0007914650707984855,-0.0005714802659814,0.0017560178606596043,0.008233938577837399,0.0029796662807232374,0.5101111111111111,0.00042950189672070533,0.0056976093261367,0.0020323945533982394,-0.018435801431974527,0.002101814957973766,-0.000948084831534925,0.0006946014736757259,-0.016192592592592647,0.00028284271247458785,2
0.95,factorized_g2_r1p35,factorized_g2p5_r1p35,cross_condition,0.08711770549416535,2.6536709493671653e-05,0.7797992527484894,0.012251288071995188,6.053947370439424,0.04463135690385588,0.07025641335498364,0.0016974080041284548,0.0036551068339434004,0.0020907075469414624,0.0018836466896032002,0.0007879006925529952,0.007526125651233,0.003501634372993347,0.5019777777777777,0.0006180637050370972,0.00091213586664185,0.0002189759757361181,-0.02430973640479292,0.00045059377600215837,0.0036738660651718224,0.0007963026192761533,-0.029281481481481464,0.009113820735293323,2
0.95,factorized_g2_r1p35,factorized_g3_r1,cross_condition,0.1745190471410751,0.0014530758226858774,0.7797992527484894,0.012251288071995188,6.053947370439424,0.04463135690385588,0.07204856427025835,0.0014647568301358249,0.00455674604261745,0.0026731832296346967,-0.0002729932337825501,0.0029559106261610466,0.00730356604816815,0.005257789601354173,0.5050370370370372,0.0010475656017579203,0.00206664848484865,0.0003232838416710674,-0.0202701886844511,0.00084571653979717,0.0014214276503794502,0.0042302835794601175,-0.032455555555555515,0.01559301398216559,2
0.95,factorized_g2_r1p35,closed_g3,cross_condition,0.2286264076828956,0.0005573604614202296,0.7797992527484894,0.012251288071995188,6.053947370439424,0.04463135690385588,0.0729131998305795,0.00040126784620390276,0.0030371982779552,0.0009228920778163726,-0.0042994483553495,0.002254863427996826,0.00584900827109925,0.0016550497477807451,0.5084444444444445,0.00898811286308246,0.00610190228828875,0.005432480881999396,-0.018539420786185777,0.001469045644768782,-0.003403855944087225,0.003414858734076178,-0.025296296296296317,0.013408839702500298,2
0.95,factorized_g2p5_r1p35,factorized_g3_r1,cross_condition,0.21143595874309534,0.001400329041774415,0.7797992527484894,0.012251288071995188,6.053947370439424,0.04463135690385588,0.07531465627279245,0.0017003952505717092,0.0028211051503858,6.934606860836151e-05,-0.0005152354363576,0.00046239403340659176,0.0090351871686756,0.0011802669590672812,0.5050222222222223,0.002095131203515762,0.00285876654646465,0.0011486663634837479,-0.017411274873259823,0.0008985592858167621,0.0015643645407438227,0.00012643008914128517,-0.022329629629629588,0.009464755211882146,2
0.95,factorized_g2p5_r1p35,closed_g3,cross_condition,0.2506670653820038,0.0005555797570706052,0.7797992527484894,0.012251288071995188,6.053947370439424,0.04463135690385588,0.0798108925634596,0.000496470639535257,0.00313919002796975,0.00171169948322789,0.00217096442569235,6.072295144037405e-05,0.0065981689943886,0.0015662065131669667,0.5071555555555556,0.0054473411291408565,0.005727210203147551,0.005292569820248315,-0.012048906244648501,0.0025495798049242437,0.0034517359298940472,0.0005110645429253984,-0.016444444444444373,0.007060592155847992,2
0.95,factorized_g3_r1,closed_g3,cross_condition,0.19864297658205032,0.0016505864915200056,0.7797992527484894,0.012251288071995188,6.053947370439424,0.04463135690385588,0.06952599596987499,0.0017264359481804156,0.00301151873982905,0.001783493616037948,0.00029525894874110007,0.005388499024109894,0.0070901228505717995,0.0005707733813947459,0.5021703703703704,0.0019379963632519977,0.0018352884151751998,0.0011580709561585503,-0.02008640603316597,0.00030110072057907536,0.0014802319615361752,0.0029802643504667,-0.027662962962963,0.0033574477536339174,2
0.97,baseline,baseline,within_condition_split,0.0,0.0,0.7951284050941467,0.012512809267005286,6.172245300686589,0.045827768733470095,0.08772628091784405,0.003884867394609582,0.004178367941334801,0.0006752827665806645,0.00042914608594795,0.0019754016858474217,0.00997937846539505,0.0012194545165943806,,,,,,,,,,,2
0.97,factorized_g1_r1p5,factorized_g1_r1p5,within_condition_split,0.0,0.0,0.7951284050941467,0.012512809267005286,6.172245300686589,0.045827768733470095,0.0918095819238832,0.001564270069067104,0.00330330690898045,0.0011228163083059045,-0.00296456828625,0.001884068209695237,0.00721811166251885,0.0002842888990376075,,,,,,,,,,,2
0.97,factorized_g1p5_r1p35,factorized_g1p5_r1p35,within_condition_split,0.0,0.0,0.7951284050941467,0.012512809267005286,6.172245300686589,0.045827768733470095,0.0919707383818372,0.0014344254586905348,0.00396692444716475,0.0011110451618309225,-8.458684267935001e-05,0.0027281547665831524,0.0069248848071231,0.0037775478253286726,,,,,,,,,,,2
0.97,factorized_g2_r1p35,factorized_g2_r1p35,within_condition_split,0.0,0.0,0.7951284050941467,0.012512809267005286,6.172245300686589,0.045827768733470095,0.0953193107317756,0.0016884164724251553,0.0051897852718098495,0.00050131166554084,0.0006583007013172142,0.0010557950163049418,0.00978029089892675,0.003369827571049863,,,,,,,,,,,2
0.97,factorized_g2p5_r1p35,factorized_g2p5_r1p35,within_condition_split,0.0,0.0,0.7951284050941467,0.012512809267005286,6.172245300686589,0.045827768733470095,0.096777027922541,0.0008917912429959247,0.0039907827322092,0.0016475715084217951,1.954466759979996e-05,0.00138934320609071,0.00501549865487375,0.0005550205292151095,,,,,,,,,,,2
0.97,factorized_g3_r1,factorized_g3_r1,within_condition_split,0.0,0.0,0.7951284050941467,0.012512809267005286,6.172245300686589,0.045827768733470095,0.09460950649273625,0.001424012303350417,0.0038768470143944,3.462550915466463e-05,0.00243940957369395,0.002094955760275252,0.00477736109070125,0.0007239475680491307,,,,,,,,,,,2
0.97,closed_g3,closed_g3,within_condition_split,0.0,0.0,0.7951284050941467,0.012512809267005286,6.172245300686589,0.045827768733470095,0.0923230341635427,0.0013078387813454265,0.0028888869662542,0.0006216156171677826,0.00078201186415575,0.0009397799716769176,0.00824746357962265,0.0009452718500039556,,,,,,,,,,,2
0.97,baseline,factorized_g1_r1p5,cross_condition,0.3327031433582306,0.0027062069960360146,0.7951284050941467,0.012512809267005286,6.172245300686589,0.045827768733470095,0.08243273344523244,0.002104999686572329,0.00284089479896855,0.0003900375973734149,-0.00283138194472295,0.00296613722820659,0.00873327780540805,0.0008020197211537347,,,,,-0.007335197975631182,0.0006195690452660117,-0.0015636708445719248,0.00489587217597792,,,2
0.97,baseline,factorized_g1p5_r1p35,cross_condition,0.31290784478187555,0.0027493232220626397,0.7951284050941467,0.012512809267005286,6.172245300686589,0.045827768733470095,0.0786733653888904,0.004159349899273671,0.0043802017426027,0.0004357813232566164,0.0011760561809059,0.003384132239068852,0.00627692197129335,0.0019064043088027117,,,,,-0.011175144260950218,0.001499703472623612,0.0010037765592716,0.0037605087794367175,,,2
0.97,baseline,factorized_g2_r1p35,cross_condition,0.36294354498386383,0.002369221868767083,0.7951284050941467,0.012512809267005286,6.172245300686589,0.045827768733470095,0.0881109863607143,0.0005707756810776814,0.0033729443954792,0.0001047838618900935,-0.0004602821552172501,0.0021363159654894126,0.005409010585645101,0.0002985138744354832,,,,,-0.0034118094640955207,0.0022158662524396923,-0.0010040055488498322,0.0016765126307181724,,,2
0.97,baseline,factorized_g2p5_r1p35,cross_condition,0.4059455692768097,0.0025777434017748096,0.7951284050941467,0.012512809267005286,6.172245300686589,0.045827768733470095,0.09561174936626365,0.0038073592923444166,0.00321748787237045,0.0009604735120695671,0.00111645765352785,0.0027099023693011714,0.00699328423510015,0.00015860639325118042,,,,,0.003360094946071125,0.0014190299735416562,0.000892112276753975,0.0010275299233321051,,,2
0.97,baseline,factorized_g3_r1,cross_condition,0.2576695531606674,0.0022430763511739767,0.7951284050941467,0.012512809267005286,6.172245300686589,0.045827768733470095,0.07883285885681116,0.0014880759234643035,0.0033222204984742,0.0010782442821116942,-0.000461574502511,0.0020105134084865235,0.0059608275436981994,0.0014043661825227486,,,,,-0.012335034848478997,0.001166363925515691,-0.00189585233233195,0.00404569213154786,,,2
0.97,baseline,closed_g3,cross_condition,0.3047550469636917,0.00013830488338843988,0.7951284050941467,0.012512809267005286,6.172245300686589,0.045827768733470095,0.080517998629944,0.0016006561891841193,0.0035941444408319496,0.0009859454347228562,-0.0003217207261031502,0.003320791363968499,0.00638856661472655,0.0008761411240212788,,,,,-0.009506658910749373,0.0009956968987933975,-0.0009272997011550005,0.0047783821927306685,,,2
0.97,factorized_g1_r1p5,factorized_g1p5_r1p35,cross_condition,0.08122370019555089,0.0027329544397721966,0.7951284050941467,0.012512809267005286,6.172245300686589,0.045827768733470095,0.06993038295645004,0.0013399860112571662,0.00298280904902215,0.00018485732104959896,0.0022750116515003,0.004086960853566312,0.0063216666893807,0.0012863937643459342,,,,,-0.021959777196410152,0.00015936175262166048,0.003799589215964975,0.00450900413201027,,,2
0.97,factorized_g1_r1p5,factorized_g2_r1p35,cross_condition,0.13628305494785306,0.0025957401060889024,0.7951284050941467,0.012512809267005286,6.172245300686589,0.045827768733470095,0.07243969200664085,0.002136971651699232,0.0034818324453499503,0.00010253004078336412,-0.00623368233274725,0.0024181123065983687,0.01000333837671815,0.002706124848981514,,,,,-0.021124754321188557,0.0005106283809531048,-0.005080548540280857,0.002832248903293516,,,2
0.97,factorized_g1_r1p5,factorized_g2p5_r1p35,cross_condition,0.1944276615977287,0.0016890665642105007,0.7951284050941467,0.012512809267005286,6.172245300686589,0.045827768733470095,0.07751356683206975,0.0020988689465420473,0.0030862994663761,0.0003618432307991104,-0.0035108886807385,0.0023309729169739965,0.008081248528723651,7.238011328468222e-05,,,,,-0.016779738091142353,0.0008708382905105476,-0.0020383768714134,0.0039676786248669695,,,2
0.97,factorized_g1_r1p5,factorized_g3_r1,cross_condition,0.20239719748497004,0.0005769482092656186,0.7951284050941467,0.012512809267005286,6.172245300686589,0.045827768733470095,0.07292689373826844,0.002113842258867011,0.00315486874624035,0.00014709992963878653,-0.00190927565160825,0.0018655720065373438,0.00857222777037335,0.00018486332903157982,,,,,-0.020282650470041283,0.0006197010726582433,-0.001646696295330225,0.00012393997844790039,,,2
0.97,factorized_g1_r1p5,closed_g3,cross_condition,0.25346407294273376,0.0011000748929828647,0.7951284050941467,0.012512809267005286,6.172245300686589,0.045827768733470095,0.0740707331264879,0.0028829505139348825,0.0035676478237961,0.0015259217418400674,0.00045444330661645,0.0025554646818276437,0.0070693307940039,0.0009059614867457977,,,,,-0.017995574917225046,0.0014468960887286174,0.0015457215176635749,0.003967388772513721,,,2
0.97,factorized_g1p5_r1p35,factorized_g2_r1p35,cross_condition,0.09887614846229545,0.0008270159981928904,0.7951284050941467,0.012512809267005286,6.172245300686589,0.045827768733470095,0.0737822389112662,0.0031847078538447754,0.00397022585940215,0.0016030802633652007,0.0012896620763883002,0.0039014043763391697,0.00843587657253045,0.0007777221040108616,,,,,-0.019862785645540205,0.0016232868882869354,0.001002805147069368,0.0020094294848951224,,,2
0.97,factorized_g1p5_r1p35,factorized_g2p5_r1p35,cross_condition,0.1650432795286178,0.0008922698563998821,0.7951284050941467,0.012512809267005286,6.172245300686589,0.045827768733470095,0.07743619820261195,0.004390114473522899,0.0050972449992701,0.0031887292592929477,-0.0006679466337309,0.0012933063786799365,0.0067497707515491,0.001634841590856027,,,,,-0.01693768494957714,0.0032270061226796626,-0.000635425546191125,0.0006239005984337151,,,2
0.97,factorized_g1p5_r1p35,factorized_g3_r1,cross_condition,0.14973404258489606,0.0005308500937068772,0.7951284050941467,0.012512809267005286,6.172245300686589,0.045827768733470095,0.0699857868022777,0.0010140601531317087,0.00359725033178615,0.0001495519469715728,0.00216893817151215,0.0011338499837810676,0.0100981841012923,0.0035205500735572075,,,,,-0.023304335635009027,0.0004151587278887672,0.00099152680600485,0.001450449486935018,,,2
0.97,factorized_g1p5_r1p35,closed_g3,cross_condition,0.2234042510390281,0.00015346721214032233,0.7951284050941467,0.012512809267005286,6.172245300686589,0.045827768733470095,0.07341590535947584,0.001459764887680572,0.0028166993685583503,0.0005243886461724182,-0.00143783974190455,0.00108177919727593,0.00692737721189735,0.0015414477631487977,,,,,-0.018730980913214103,8.863276766257908e-05,-0.00178655225264275,0.00018759179982281245,,,2
0.97,factorized_g2_r1p35,factorized_g2p5_r1p35,cross_condition,0.09007752686738965,7.270331368089968e-06,0.7951284050941467,0.012512809267005286,6.172245300686589,0.045827768733470095,0.0719184093610479,0.002466146711093193,0.00309471966228655,0.0007347631665165458,-0.0033269255646772,0.001966202107400537,0.007821688892982251,0.0019798793001915916,,,,,-0.0241297599661104,0.0011760428533826501,-0.003665848249135707,0.001799428012507653,,,2
0.97,factorized_g2_r1p35,factorized_g3_r1,cross_condition,0.18137178570032114,0.0015061703150973976,0.7951284050941467,0.012512809267005286,6.172245300686589,0.045827768733470095,0.07335733595207006,0.002818531644044809,0.0020652267743068997,0.00019951104302149485,-0.0015249894969264998,0.003431653676696297,0.0065824797594754,0.001660029872684569,,,,,-0.021607072660185876,0.0012623172561570279,-0.003073844634432082,0.002912073304711142,,,2
0.97,factorized_g2_r1p35,closed_g3,cross_condition,0.23622558265924448,0.000574050613430475,0.7951284050941467,0.012512809267005286,6.172245300686589,0.045827768733470095,0.07713060915073916,0.0037578038653415685,0.0049598442627843495,0.002492553702190236,0.00117152070924435,0.00012267997993214608,0.00863789616795545,0.0006038340138699732,,,,,-0.01669056329692,0.0022596762384562755,0.00045136442650786803,0.000180687502246158,,,2
0.97,factorized_g2p5_r1p35,factorized_g3_r1,cross_condition,0.2194948717951774,0.001447775856485554,0.7951284050941467,0.012512809267005286,6.172245300686589,0.045827768733470095,0.0785776892966081,0.0007949087710607155,0.0040314688246957,0.000682858265613089,-0.0024338270156531497,0.002143976393001238,0.00549068376314515,9.199219429305535e-05,,,,,-0.01711557791103052,0.0003629930021124577,-0.0036633041363000247,0.003886125876184219,,,2
0.97,factorized_g2p5_r1p35,closed_g3,cross_condition,0.25919361412525177,0.0005634401443179457,0.7951284050941467,0.012512809267005286,6.172245300686589,0.045827768733470095,0.08213505083623901,0.003252269935602542,0.0040910274232643495,0.0005823171528901237,0.00077302920661245,0.0017306970453371917,0.0058465384134509,0.0016029533178584707,,,,,-0.012414980206802838,0.0021524549234318664,0.000372250940734675,0.002895258634221005,,,2
0.97,factorized_g3_r1,closed_g3,cross_condition,0.20401807874441147,0.0016885608020283601,0.7951284050941467,0.012512809267005286,6.172245300686589,0.045827768733470095,0.07202735807985941,0.0014309629579478658,0.0032499186824165,0.0006917344271657585,0.0022966156658102,0.0048063020727262635,0.0090074408683163,0.00431523100938655,,,,,-0.021438912248280075,6.50374155999417e-05,0.0006859049468853503,0.006323669938702349,,,2
0.98,baseline,baseline,within_condition_split,0.0,0.0,0.8030025660991669,0.012641399301812023,6.233044389758572,0.04621067022405807,0.09109690478183605,0.003652395822663321,0.0038975629795447,0.0007096903729057988,0.0011831911702635,0.007948584154244041,0.0083549764403295,0.001283078673273316,,,,,,,,,,,2
0.98,factorized_g1_r1p5,factorized_g1_r1p5,within_condition_split,0.0,0.0,0.8030025660991669,0.012641399301812023,6.233044389758572,0.04621067022405807,0.09482569019736195,0.0005141214557438103,0.0050358981279114,0.0013232893841472633,0.0016694275139021001,0.002762212791643298,0.005888726432735501,0.0003049480341629088,,,,,,,,,,,2
0.98,factorized_g1p5_r1p35,factorized_g1p5_r1p35,within_condition_split,0.0,0.0,0.8030025660991669,0.012641399301812023,6.233044389758572,0.04621067022405807,0.09244570582703404,0.0013697594979282673,0.005428743841507299,0.0026908868837470833,0.00163402475732995,0.001421215868395732,0.007111452955175851,0.0014398923071336552,,,,,,,,,,,2
0.98,factorized_g2_r1p35,factorized_g2_r1p35,within_condition_split,0.0,0.0,0.8030025660991669,0.012641399301812023,6.233044389758572,0.04621067022405807,0.09569012755678595,0.001509139657386369,0.00307575981266605,0.0004934895502969171,0.0013615849617393,0.0027222328508474227,0.0076164427053023,0.0043819155231483555,,,,,,,,,,,2
0.98,factorized_g2p5_r1p35,factorized_g2p5_r1p35,within_condition_split,0.0,0.0,0.8030025660991669,0.012641399301812023,6.233044389758572,0.04621067022405807,0.09881274363945475,0.005144769501521598,0.006047361425753449,0.0029650372990943355,-0.0025093860106383,0.00043804759421036174,0.0073509942119047,0.0025496077609084285,,,,,,,,,,,2
0.98,factorized_g3_r1,factorized_g3_r1,within_condition_split,0.0,0.0,0.8030025660991669,0.012641399301812023,6.233044389758572,0.04621067022405807,0.09321401324238696,7.946595104542554e-05,0.0037109206907963,0.0008826402887660123,0.004927354052810751,0.0012397991857705975,0.00708029192865585,0.0004931330301848111,,,,,,,,,,,2
0.98,closed_g3,closed_g3,within_condition_split,0.0,0.0,0.8030025660991669,0.012641399301812023,6.233044389758572,0.04621067022405807,0.0931836006280174,0.002001098642157569,0.0037870575469680498,0.0010193826809522376,-0.0012033660264196,0.0015293225555329652,0.008628129908364,0.0036074985160879534,,,,,,,,,,,2
0.98,baseline,factorized_g1_r1p5,cross_condition,0.33822792768478394,0.002730694315020844,0.8030025660991669,0.012641399301812023,6.233044389758572,0.04621067022405807,0.08099370383786515,0.002044482287360585,0.00260658007828905,0.002123702844262327,0.00216147417877035,0.004280655080538542,0.0081705477630231,0.002361545324218096,,,,,-0.011967593651733846,0.00047534510390082713,0.0007351648366875499,0.0010747433924051272,,,2
0.98,baseline,factorized_g1p5_r1p35,cross_condition,0.3176706284284591,0.002772398621622354,0.8030025660991669,0.012641399301812023,6.233044389758572,0.04621067022405807,0.07919551678577591,0.0007682909393460774,0.00295683904998125,0.0007770770540636189,-0.0038294851767771,0.0011310249312936659,0.0079643576283627,0.0004890952056195309,,,,,-0.012575788518659155,0.001742786720949707,-0.005238093140573825,0.003553875080026221,,,2
0.98,baseline,factorized_g2_r1p35,cross_condition,0.36840616166591644,0.0023851533775042597,0.8030025660991669,0.012641399301812023,6.233044389758572,0.04621067022405807,0.0887968676231409,0.0006863185898013198,0.0036552635075335,0.0015716076926452504,-0.00157747832440285,0.0009323379326526706,0.008371627790188449,0.001441241473170359,,,,,-0.004596648546170097,0.0018944491502235277,-0.00284986639040425,0.0035455135843509796,,,2
0.98,baseline,factorized_g2p5_r1p35,cross_condition,0.4119985550642013,0.0026007766544859936,0.8030025660991669,0.012641399301812023,6.233044389758572,0.04621067022405807,0.09588938247537779,0.0006752707889201071,0.0038362367663438,0.0005199046880225198,0.00060656450856645,0.0013377750947366342,0.0067477109735613,0.0015746545900487594,,,,,0.0009345582647323908,0.005073853451012566,0.00126966192875385,0.0028555407794905677,,,2
0.98,baseline,factorized_g3_r1,cross_condition,0.2606486976146698,0.002265140226369489,0.8030025660991669,0.012641399301812023,6.233044389758572,0.04621067022405807,0.07969777144946366,0.0019773271809944357,0.00286811902844505,0.0006332212624939092,-0.0013892509189487499,0.003458032827839283,0.0076666234822829,0.0003266272354513995,,,,,-0.012457687562647847,0.00019086224518549287,-0.004444523530485875,0.008052224497846603,,,2
0.98,baseline,closed_g3,cross_condition,0.30829448997974396,0.00014403685478598036,0.8030025660991669,0.012641399301812023,6.233044389758572,0.04621067022405807,0.07953463552241595,0.0010473035292574609,0.00403708567704115,0.0012797277030682582,-0.0012541769851609499,0.00025863205056932256,0.00931458624449375,0.00031504081011193055,,,,,-0.012605617182510777,0.0017794437031529793,-0.0012440895570828999,0.004997585405457826,,,2
0.98,factorized_g1_r1p5,factorized_g1p5_r1p35,cross_condition,0.08274713903665534,0.0027674252934980635,0.8030025660991669,0.012641399301812023,6.233044389758572,0.04621067022405807,0.06995489941313635,0.00014431708148762265,0.00295357463066975,0.0006823405203419496,0.0005151518172828585,0.0008354721726058317,0.00576954009006665,0.001347587653039578,,,,,-0.02368079859906165,0.0005721361025798586,-0.0011365743183331663,0.0029271865026253467,,,2
0.98,factorized_g1_r1p5,factorized_g2_r1p35,cross_condition,0.1384109333157539,0.0026397519526464032,0.8030025660991669,0.012641399301812023,6.233044389758572,0.04621067022405807,0.07273153854464764,0.0011922293651497923,0.0034183777252723,0.0009236725141805576,-0.0007376803439437501,1.3634115307411563e-05,0.006437476061538151,0.0007642640242929285,,,,,-0.022526370332426306,0.000694720264328513,-0.00225318658176445,6.355855090526219e-06,,,2
0.98,factorized_g1_r1p5,factorized_g2p5_r1p35,cross_condition,0.19735264033079145,0.0017112147331029756,0.8030025660991669,0.012641399301812023,6.233044389758572,0.04621067022405807,0.07673803280613184,0.0005479126572538669,0.0034312104150302503,0.0010164272503491068,0.00256840187586865,0.00012903141967730546,0.0071478107717814,0.00042649689212461084,,,,,-0.020081184112276503,0.002863236680142768,0.00298838112423675,0.0014710987732495244,,,2
0.98,factorized_g1_r1p5,factorized_g3_r1,cross_condition,0.20599226653575894,0.0005791187719639787,0.8030025660991669,0.012641399301812023,6.233044389758572,0.04621067022405807,0.0740418567184517,0.0006688317691475039,0.0027674126976450003,0.0004154645891647815,-0.0007269528599653,0.0017481040118011476,0.0079972108896144,0.0015046051433902452,,,,,-0.01997799500142275,0.0009656254725421194,-0.0040253436433217256,0.0002529019769058003,,,2
0.98,factorized_g1_r1p5,closed_g3,cross_condition,0.2573680877685547,0.0011241407434825657,0.8030025660991669,0.012641399301812023,6.233044389758572,0.04621067022405807,0.07493573266558795,0.0010891460177357244,0.00270117085093055,2.948457719817825e-05,0.0005136856635052499,0.004938455547109643,0.009139846054469651,0.0005445759748806034,,,,,-0.01906891274710172,0.00034565742452884245,0.00028065491976399985,0.0027926878735215115,,,2
0.98,factorized_g1p5_r1p35,factorized_g2_r1p35,cross_condition,0.10043384507298465,0.000842489159952472,0.8030025660991669,0.012641399301812023,6.233044389758572,0.04621067022405807,0.0708912698780315,0.00016265271438707784,0.0034297037369120497,0.0005354567494386139,-0.00014681815031565,0.0006744952761712019,0.00855329043587865,0.0016436898144198738,,,,,-0.023176646813878495,0.001276796863270233,-0.0016446230098502751,0.0013250037673970473,,,2
0.98,factorized_g1p5_r1p35,factorized_g2p5_r1p35,cross_condition,0.16757880896329874,0.000913122009700696,0.8030025660991669,0.012641399301812023,6.233044389758572,0.04621067022405807,0.07840091695901935,0.0026003604586748597,0.00389844656532395,0.00014584788244414003,0.0011748093426435001,0.004504539598082697,0.0071539552513653504,0.0020121215772918657,,,,,-0.017228307774225057,0.0006569040410500681,0.001612489969297675,0.0035749078667796494,,,2
0.98,factorized_g1p5_r1p35,factorized_g3_r1,cross_condition,0.15231602638959885,0.0005393426836817832,0.8030025660991669,0.012641399301812023,6.233044389758572,0.04621067022405807,0.07231601257333364,0.002472456279500062,0.00274285806324925,0.0007997152688925565,-0.0014444896692217,1.0060179024111535e-05,0.00685071594099085,0.0005762285466297289,,,,,-0.02051384696137685,0.001827309506058646,-0.004725179074292049,0.001320447348059053,,,2
0.98,factorized_g1p5_r1p35,closed_g3,cross_condition,0.22657535225152964,0.00014965292235010605,0.8030025660991669,0.012641399301812023,6.233044389758572,0.04621067022405807,0.0735284292851628,0.0005824395350973836,0.00232563360498475,0.000832766097316495,0.0035703799626617,0.001302502689839318,0.00934585805787485,0.0002738698504453476,,,,,-0.01928622394236293,0.0011029895349455297,0.003355050597206525,0.0027777719018036665,,,2
0.98,factorized_g2_r1p35,factorized_g2p5_r1p35,cross_condition,0.09148240834474561,1.5805068191143672e-06,0.8030025660991669,0.012641399301812023,6.233044389758572,0.04621067022405807,0.0736190636804595,0.0029288128771097553,0.00374826220439025,0.0014956483084301525,-0.00100010498836165,0.0011519647998896136,0.009501356768503801,0.00010070222003600668,,,,,-0.02363237191766085,0.0003981417023442259,-0.00042620446391215014,0.002294057428208144,,,2
0.98,factorized_g2_r1p35,factorized_g3_r1,cross_condition,0.18461593240499496,0.0015268644177163153,0.8030025660991669,0.012641399301812023,6.233044389758572,0.04621067022405807,0.07303847455247556,0.0018626714859413438,0.0025126163914217,0.001034136541028567,-0.0028213254273724998,0.0007565575235641334,0.00918033731507245,0.001083444228848282,,,,,-0.021413595847110896,0.0011478346327708695,-0.005965794934647525,1.5340691025721137e-05,,,2
0.98,factorized_g2_r1p35,closed_g3,cross_condition,0.23981420695781705,0.0005787815971758915,0.8030025660991669,0.012641399301812023,6.233044389758572,0.04621067022405807,0.0760486829591489,0.0006874044462405849,0.0027514161254385498,0.0009265848508467324,-0.00420524576795505,0.0017147724015375595,0.0093500047942539,0.00018269095204465196,,,,,-0.018388181133252766,0.0010677147035313866,-0.004284355235614899,0.001118317253880331,,,2
0.98,factorized_g2p5_r1p35,factorized_g3_r1,cross_condition,0.22334632277488703,0.0014654669961480114,0.8030025660991669,0.012641399301812023,6.233044389758572,0.04621067022405807,0.0805288417908234,0.0008819317989423647,0.00274821461173855,0.0003920271105553411,-0.0012303081195169999,0.002125239033835601,0.00879948818148945,0.0017480957228548297,,,,,-0.015484536650097448,0.003414583574180456,-0.0024392921406032253,0.0012863156438451212,,,2
0.98,factorized_g2p5_r1p35,closed_g3,cross_condition,0.26325535774230957,0.0005640934204698646,0.8030025660991669,0.012641399301812023,6.233044389758572,0.04621067022405807,0.0841351326208464,0.003086217763555814,0.0062903343588882,0.00012672832775388008,0.0005986637970844,0.001334065433484555,0.00748756298992735,0.00019862406893280432,,,,,-0.011863039512889681,0.0004867163082837598,0.0024550398156133503,0.00035038035861289173,,,2
0.98,factorized_g3_r1,closed_g3,cross_condition,0.20647565275430674,0.0017039233283105614,0.8030025660991669,0.012641399301812023,6.233044389758572,0.04621067022405807,0.07271703941564375,0.0024479689368924113,0.0026571261127483,0.00014593452998250375,0.0020246620919112,0.006588187878678241,0.00850184077311075,0.001530155947140752,,,,,-0.020481767519558422,0.0014871525913363395,0.00016266807871562487,0.0052036270080264594,,,2
0.99,baseline,baseline,within_condition_split,0.0,0.0,0.8110198974609375,0.012772518147529414,6.295122512809307,0.046626211241031244,0.09036156431828629,0.0015749918018736842,0.0046819626926651,0.0002808003164928172,0.0013108653848450565,0.0018004867093416644,0.00558872068445715,0.0009002677078750954,,,,,,,,,,,2
0.99,factorized_g1_r1p5,factorized_g1_r1p5,within_condition_split,0.0,0.0,0.8110198974609375,0.012772518147529414,6.295122512809307,0.046626211241031244,0.09491276123724296,0.0009894173124174448,0.0033619162164787997,0.00139358364648285,-0.00051806083170915,0.0014652352825640827,0.007317760831833249,0.00024492287147598476,,,,,,,,,,,2
0.99,factorized_g1p5_r1p35,factorized_g1p5_r1p35,within_condition_split,0.0,0.0,0.8110198974609375,0.012772518147529414,6.295122512809307,0.046626211241031244,0.09577955030522356,0.002549014766561028,0.0043551083159950495,0.001095931782976221,-0.00168256076923885,0.0009469434509794354,0.00737084446105855,0.0006527470143168966,,,,,,,,,,,2
0.99,factorized_g2_r1p35,factorized_g2_r1p35,within_condition_split,0.0,0.0,0.8110198974609375,0.012772518147529414,6.295122512809307,0.046626211241031244,0.097062592499553,0.00037465058240336005,0.00518666220306485,0.0024498132479250593,0.00019750037416584997,0.0011489518743909711,0.00937082805067695,0.000201684866792313,,,,,,,,,,,2
0.99,factorized_g2p5_r1p35,factorized_g2p5_r1p35,within_condition_split,0.0,0.0,0.8110198974609375,0.012772518147529414,6.295122512809307,0.046626211241031244,0.0986795697350869,0.0032640672414858294,0.004304528562083,0.0010488204699338687,0.00136169973697715,0.0016355729594395416,0.00649743699251935,0.003652912065526081,,,,,,,,,,,2
0.99,factorized_g3_r1,factorized_g3_r1,within_condition_split,0.0,0.0,0.8110198974609375,0.012772518147529414,6.295122512809307,0.046626211241031244,0.09535597308547915,0.002827591408778153,0.0048212875419122,0.0018009023722621409,0.00110417305526545,0.0020167975808723314,0.00789065738107705,0.0017536529051304778,,,,,,,,,,,2
0.99,closed_g3,closed_g3,within_condition_split,0.0,0.0,0.8110198974609375,0.012772518147529414,6.295122512809307,0.046626211241031244,0.09311656593918405,0.006761025225668418,0.0041806112553451,0.0006416318110766435,0.0024667226054741,0.0040283941996235965,0.0096243929961257,0.0013979229369542995,,,,,,,,,,,2
0.99,baseline,factorized_g1_r1p5,cross_condition,0.3436044454574585,0.002759649199947828,0.8110198974609375,0.012772518147529414,6.295122512809307,0.046626211241031244,0.08326264191260274,0.0024346408692194075,0.00369279747545495,0.0007237066660653962,-1.2055209271350214e-05,0.005748026728492185,0.006600742364630201,0.0024888727542112304,,,,,-0.009374520865161877,0.0011524363120738383,-0.00040845748583930334,0.0073808877244450595,,,2
0.99,baseline,factorized_g1p5_r1p35,cross_condition,0.32227602601051325,0.002799604412336136,0.8110198974609375,0.012772518147529414,6.295122512809307,0.046626211241031244,0.08405773070008946,0.004533946004029838,0.00432765092240965,0.0011794672871385222,0.00261699353940125,0.006423817508492402,0.00754355659820415,0.0002624327487169071,,,,,-0.009012826611665477,0.002471942719812477,0.002802841231598147,0.0068505891376735165,,,2
0.99,baseline,factorized_g2_r1p35,cross_condition,0.3737122118473053,0.002405615672456299,0.8110198974609375,0.012772518147529414,6.295122512809307,0.046626211241031244,0.0909555656896899,0.0017909150722524422,0.00315986800157455,0.0010119371119129113,-0.0009647916419050044,0.001274173001303606,0.00894917119462225,0.00011255141212194666,,,,,-0.002756512719229748,0.0008160938801139224,-0.0017189745214104578,0.00020054629056271182,,,2
0.99,baseline,factorized_g2p5_r1p35,cross_condition,0.4179001450538635,0.0026271816550780687,0.8110198974609375,0.012772518147529414,6.295122512809307,0.046626211241031244,0.09802332266298219,0.0010519299773039104,0.0044796031026024,0.0010164011586285336,0.00181721283596675,0.00015428321512938342,0.0065752852740853,0.0008156458311545211,,,,,0.0035027556362956028,0.0013675995443758612,0.00048093027505564673,0.0015637466192612195,,,2
0.99,baseline,factorized_g3_r1,cross_condition,0.26350682973861694,0.002288573874141546,0.8110198974609375,0.012772518147529414,6.295122512809307,0.046626211241031244,0.08068701784509315,0.0014285406296152652,0.0034762203839283,0.00038063361198822064,-0.001015071022004,0.0006880973231313661,0.00979087679661725,0.0032259566793767687,,,,,-0.012171750856789579,0.0007727509757106558,-0.0022225902420592533,0.0005799418873660328,,,2
0.99,baseline,closed_g3,cross_condition,0.3116491734981537,0.00015042210233532193,0.8110198974609375,0.012772518147529414,6.295122512809307,0.046626211241031244,0.07952931373554595,0.0014234059770624847,0.00275884980900235,0.0007364653433331509,-0.00337181911657175,0.004496886677636694,0.0083254599805573,0.0027416879132900647,,,,,-0.012209751393189229,0.0027446025367085687,-0.005260613111731328,0.0015824462231540629,,,2
0.99,factorized_g1_r1p5,factorized_g1p5_r1p35,cross_condition,0.08419069275259965,0.002804435494846697,0.8110198974609375,0.012772518147529414,6.295122512809307,0.046626211241031244,0.07002036524735886,0.002735213798893549,0.0029206573046646,0.00010380761425541334,-0.00294038333766,0.005208274146344539,0.01002363934749275,0.0014188314739094128,,,,,-0.025325790523874396,0.0009659977594043129,-0.001840072537186,0.005467420062136862,,,2
0.99,factorized_g1_r1p5,factorized_g2_r1p35,cross_condition,0.14044187217950815,0.002683479307976466,0.8110198974609375,0.012772518147529414,6.295122512809307,0.046626211241031244,0.07443112070347176,0.0007295478560878834,0.0031662666135300003,0.0008750542162533166,0.0005646385955663002,0.00541545101945354,0.01231969386328895,0.0052989009436732485,,,,,-0.021556556164926216,4.751390867747359e-05,0.0007249188243379501,0.006722544597931067,,,2
0.99,factorized_g1_r1p5,factorized_g2p5_r1p35,cross_condition,0.20016510039567945,0.001734142618692902,0.8110198974609375,0.012772518147529414,6.295122512809307,0.046626211241031244,0.08011480127305015,0.0010532543520469617,0.00383311737949385,0.0002533932911222925,0.00010894832787060002,0.001338330718650169,0.0069756124375697,0.005698713583049516,,,,,-0.016681364213114766,0.0010734879249046803,-0.00031287112476339996,0.002888734839651981,,,2
0.99,factorized_g1_r1p5,factorized_g3_r1,cross_condition,0.20942811667919153,0.000586536617301847,0.8110198974609375,0.012772518147529414,6.295122512809307,0.046626211241031244,0.07452705714926484,0.0001988946799379455,0.0034041006410257,0.0010079146672588282,-0.0036808003181045,0.0007031255881192485,0.005709368977767949,0.0013597132502691962,,,,,-0.020607310012096203,0.001709609680659851,-0.00397385642988265,0.00042734443896512447,,,2
0.99,factorized_g1_r1p5,closed_g3,cross_condition,0.2610993832349777,0.0011503350098321058,0.8110198974609375,0.012772518147529414,6.295122512809307,0.046626211241031244,0.07699282206134636,0.0023229754300758167,0.0030513851292958503,0.002036209954928434,0.0006163138164663,0.0013314146010390585,0.0085905839493702,0.0008951326036341821,,,,,-0.017021841526867143,0.0015522458389671072,-0.0003580170704161748,0.0040782293421328985,,,2
0.99,factorized_g1p5_r1p35,factorized_g2_r1p35,cross_condition,0.10192005336284635,0.0008564028883170721,0.8110198974609375,0.012772518147529414,6.295122512809307,0.046626211241031244,0.0736316636960304,0.0004445873297635217,0.0039413317560544996,0.00013694177252452944,0.00107327588237,0.0023221440248637776,0.006690527688998,0.0021266839860044737,,,,,-0.022789407706357873,0.0010172453447186698,0.0018158060799065,0.00222113981315801,,,2
0.99,factorized_g1p5_r1p35,factorized_g2p5_r1p35,cross_condition,0.17001990973949432,0.0009312767646967047,0.8110198974609375,0.012772518147529414,6.295122512809307,0.046626211241031244,0.0805724893876299,0.0027950118463294757,0.00472866809565,0.0018072362012814082,0.00194892105892225,0.002034659601894822,0.009994450359878549,0.0008891176545302956,,,,,-0.01665707063252532,0.00011152915769396289,0.0021093515750531,0.0016903448476647692,,,2
0.99,factorized_g1p5_r1p35,factorized_g3_r1,cross_condition,0.15475198626518244,0.0005437364926390145,0.8110198974609375,0.012772518147529414,6.295122512809307,0.046626211241031244,0.07359370736499495,0.0026625219171133407,0.0038788929784904502,0.0005493207851400526,0.0005077796099940001,3.333603968773321e-05,0.00918404022100195,0.003707789928862627,,,,,-0.02197405433035641,2.5781170556247052e-05,0.0007969734669807,0.0015152065556136164,,,2
0.99,factorized_g1p5_r1p35,closed_g3,cross_condition,0.2295783013105392,0.00014353109260384963,0.8110198974609375,0.012772518147529414,6.295122512809307,0.046626211241031244,0.0748854562998961,0.0008400521900595309,0.00396911803738415,0.00013574583364294834,-0.0021216472623570995,0.0056048134642833185,0.00770913512878675,0.0013940463166802726,,,,,-0.019562601822307693,0.003814967806055204,-0.002513728180474725,0.007145538838605399,,,2
0.99,factorized_g2_r1p35,factorized_g2p5_r1p35,cross_condition,0.09282615035772321,7.670726429036686e-06,0.8110198974609375,0.012772518147529414,6.295122512809307,0.046626211241031244,0.07540015244382295,0.0022300634971918615,0.00259939492192415,0.0010239319761550102,-0.0041438404984997,0.0064426277487268846,0.00683865096114645,0.0008526223115787024,,,,,-0.022470928673496995,0.0004107045852472694,-0.004923440554071201,0.007834890165642141,,,2
0.99,factorized_g2_r1p35,factorized_g3_r1,cross_condition,0.18770901113748545,0.0015419529894832253,0.8110198974609375,0.012772518147529414,6.295122512809307,0.046626211241031244,0.07452251075216654,0.0031527078036943956,0.0025570961981919,0.00045520313799703627,0.0005617745687992999,0.0034304990233026047,0.00648472679579,0.0015171109403907508,,,,,-0.02168677204034953,0.0015515868081036439,-8.906214591634996e-05,0.0029965761700619245,,,2
0.99,factorized_g2_r1p35,closed_g3,cross_condition,0.24323797225952146,0.000581205040965268,0.8110198974609375,0.012772518147529414,6.295122512809307,0.046626211241031244,0.07725363775624615,0.0016472800510151688,0.00339290599715515,0.0002059121119587139,-0.0008920680715948002,0.004586464915035664,0.0084201177753894,0.0032066858754180166,,,,,-0.017835941463122368,0.0019205578530207203,-0.002224179561414775,0.0019977918780283792,,,2
0.99,factorized_g2p5_r1p35,factorized_g3_r1,cross_condition,0.227050706744194,0.0014780267570042873,0.8110198974609375,0.012772518147529414,6.295122512809307,0.046626211241031244,0.0814174045528072,0.003873010709333734,0.004277996676973501,0.00015988005736021222,-1.7951136194450023e-05,0.0023027730957453133,0.00957369742465055,0.0013565688678527674,,,,,-0.015600366857475824,0.0008271813842017458,-0.0012508875323157499,0.002493385406461708,,,2
0.99,factorized_g2p5_r1p35,closed_g3,cross_condition,0.2671581208705902,0.0005625339870749615,0.8110198974609375,0.012772518147529414,6.295122512809307,0.046626211241031244,0.08334860878934869,0.0007453686698205436,0.0039281927771752,0.0014374015881517285,-0.0018850795857584,0.0001730971925789085,0.00895438023362315,0.0013535500018999943,,,,,-0.012549459047786773,0.004267177563756592,-0.003799290756984025,0.0030050807721104774,,,2
0.99,factorized_g3_r1,closed_g3,cross_condition,0.20876322686672205,0.0017168940209397793,0.8110198974609375,0.012772518147529414,6.295122512809307,0.046626211241031244,0.07353442258538889,0.001619247482880582,0.0052505937107343,0.0015555869930858565,0.0010912498273168,0.00020842731374374755,0.00766809825418395,0.0005356736520211946,,,,,-0.0207018469269427,0.003175060834342708,-0.0006941980030529748,0.0007973709956318849,,,2
1.0,baseline,baseline,within_condition_split,0.0,0.0,0.8191427886486053,0.012900518126456999,6.3581953606287325,0.04716497846863284,0.09593948058589655,0.00465994114094552,0.0049708039374759,0.0013361621459240993,-0.0008244547846872501,0.004655732885581866,0.006488313049539601,3.3459498798185745e-05,0.523125925925926,0.017242929804934214,0.0194491962274794,0.018082046700206002,,,,,,,2
1.0,factorized_g1_r1p5,factorized_g1_r1p5,within_condition_split,0.0,0.0,0.8191427886486053,0.012900518126456999,6.3581953606287325,0.04716497846863284,0.09621096757745035,0.002215190676224354,0.00483890891054135,0.0006652469774385462,0.00060105639563615,0.0035075899086986946,0.00906739074359535,0.0014175887900365113,0.5334962962962964,0.008066255133535481,0.0252411697040942,0.007669304177822911,,,,,,,2
1.0,factorized_g1p5_r1p35,factorized_g1p5_r1p35,within_condition_split,0.0,0.0,0.8191427886486053,0.012900518126456999,6.3581953606287325,0.04716497846863284,0.0972700446317587,0.003780302860426247,0.0054415840737467,0.002468833890040499,-0.0018947198411505,0.001014454364585928,0.00737115643212925,0.0014770957239834503,0.5335407407407408,0.004483580775523602,0.0090050950744626,0.0017514434636494776,,,,,,,2
1.0,factorized_g2_r1p35,factorized_g2_r1p35,within_condition_split,0.0,0.0,0.8191427886486053,0.012900518126456999,6.3581953606287325,0.04716497846863284,0.09766301617572876,0.002758700312735676,0.00549698322244695,0.003157951212089623,-0.00321727556094935,0.002111620144341442,0.0078635443158926,0.001599573823260935,0.5406666666666666,0.010328996833332263,0.0219367515487449,0.015482899195693902,,,,,,,2
1.0,factorized_g2p5_r1p35,factorized_g2p5_r1p35,within_condition_split,0.0,0.0,0.8191427886486053,0.012900518126456999,6.3581953606287325,0.04716497846863284,0.1013598558288165,0.0038113513772774932,0.0037355212996293,0.00030512047151430246,-0.00042332599522399995,0.0008487629812336156,0.00777486441857685,0.0030112435937393596,0.5317407407407407,0.007050116499830344,0.0175647129134199,0.007447422867647201,,,,,,,2
1.0,factorized_g3_r1,factorized_g3_r1,within_condition_split,0.0,0.0,0.8191427886486053,0.012900518126456999,6.3581953606287325,0.04716497846863284,0.0962967374662204,0.0034945363681281134,0.00352764282196625,0.001056055241522066,0.0017916888773726,0.0007095959344576371,0.00672365304281185,0.0006847560041277701,0.5296296296296297,0.019484720192695974,0.0038265052418925997,5.43881043039442e-05,,,,,,,2
1.0,closed_g3,closed_g3,within_condition_split,0.0,0.0,0.8191427886486053,0.012900518126456999,6.3581953606287325,0.04716497846863284,0.09714090890838589,0.003501534177975316,0.0043949265824415,0.0011862950462186272,0.0016470325705164502,0.005801411544891423,0.0088889169043229,0.00033738588117211303,0.5171703703703703,0.0075005697085862265,0.0104980304314921,0.008998225598036943,,,,,,,2
1.0,baseline,factorized_g1_r1p5,cross_condition,0.3488764762878418,0.0027947153779088723,0.8191427886486053,0.012900518126456999,6.3581953606287325,0.04716497846863284,0.08323035594352626,0.0011318639650043183,0.0035090269224036,0.0021829446597948507,-0.00355391227520075,0.0014942990584687836,0.006968826815070649,0.002017368335191675,0.5077407407407407,0.004556910367646661,0.0042365534820175,0.0010317684141496392,-0.012844868138147197,0.0023057019435806085,-0.0034422130806752,0.0020683705469103694,-0.02057037037037046,0.008097682101588148,2
1.0,baseline,factorized_g1p5_r1p35,cross_condition,0.32675437629222864,0.002832120705962291,0.8191427886486053,0.012900518126456999,6.3581953606287325,0.04716497846863284,0.08425039923611599,0.004852311940195369,0.0033607646212619503,0.00047782343946764304,0.00191898962729415,0.0038858091721064433,0.00656138169775375,0.001988106572289078,0.5211259259259259,0.006494906730898658,0.00567185462389635,0.001633159036980283,-0.012354363372711633,0.0006321899395094886,0.003278576940213025,0.002065169911608474,-0.007207407407407496,0.004368348559330191,2
1.0,baseline,factorized_g2_r1p35,cross_condition,0.3788917362689972,0.0024330111239883796,0.8191427886486053,0.012900518126456999,6.3581953606287325,0.04716497846863284,0.0897993435291355,0.0013375756030705845,0.00330526112709275,0.0004594016242174176,-0.0005868993046610001,0.004653106306404625,0.0074588064781191,0.00015169143764738217,0.5134000000000001,0.0010370899457403124,0.010814485333133748,0.0027936412158359766,-0.007001904851677149,0.0023717451237700135,0.0014339658681572997,0.00803678282136628,-0.018496296296296233,0.012748873373392847,2
1.0,baseline,factorized_g2p5_r1p35,cross_condition,0.4236784279346466,0.002658033148188043,0.8191427886486053,0.012900518126456999,6.3581953606287325,0.04716497846863284,0.10103687150637886,0.0004314314119519984,0.0053469836923537,0.00022233078755445348,6.111157556105e-05,0.0003531457830011554,0.0086636604444707,0.0009700333859780117,0.5135777777777778,0.0035512473899591327,0.00758924598411545,0.002405913377541818,0.0023872032990223183,0.003804214847159496,0.0006850019655166749,0.002256630735175281,-0.01385555555555551,0.00864765404251101,2
1.0,baseline,factorized_g3_r1,cross_condition,0.2662520259618759,0.002312829385459585,0.8191427886486053,0.012900518126456999,6.3581953606287325,0.04716497846863284,0.08042240423628445,0.0036707296752591656,0.00317105636457885,0.000802091123006388,-0.0005467102824621,0.0005969527582016498,0.0076228506457069,0.0011058430366843106,0.5049037037037036,0.0028074758127110164,0.0027718989037738,0.0009437168506419003,-0.01569570478977403,0.00040650907927765334,-0.0010303273288047748,0.0020857116518181017,-0.02147407407407409,0.0016865806188300372,2
1.0,baseline,closed_g3,cross_condition,0.3148632347583771,0.0001532880880341216,0.8191427886486053,0.012900518126456999,6.3581953606287325,0.04716497846863284,0.08026007822651854,0.0010786375427400089,0.0038322565345585502,0.002390011459482665,0.00015154318640009983,0.00027932962440320864,0.00709550037385135,0.004361946499411578,0.5126666666666667,0.0020113259553750564,0.00515038707001415,0.0008501932293286109,-0.016280116520622688,0.003002100116720409,-0.00025974570651450014,0.004949242590833436,-0.007481481481481422,0.010360423801385164,2
1.0,factorized_g1_r1p5,factorized_g1p5_r1p35,cross_condition,0.0855702087283134,0.002841508916468053,0.8191427886486053,0.012900518126456999,6.3581953606287325,0.04716497846863284,0.0726479724756519,0.0029910779619947083,0.0029882538573854,0.000505638047417303,-0.00264838086106485,0.003950959008802531,0.00647958103486305,0.0014685413693774165,0.5034444444444445,0.0006180637050370972,0.0021335550650287997,0.0007603881217694779,-0.024092533628952625,6.668806330594757e-06,-0.0020015491383076752,0.0016899368721602203,-0.03007407407407403,0.005656854249492385,2
1.0,factorized_g1_r1p5,factorized_g2_r1p35,cross_condition,0.14239509403705597,0.002725362738684206,0.8191427886486053,0.012900518126456999,6.3581953606287325,0.04716497846863284,0.07484388415992141,0.0018504188083679292,0.0023376531054787,3.183463038174623e-05,-0.0035031845274581,0.001083678465994151,0.00789201978174145,0.0010487217329590481,0.5031481481481481,0.0001780861522989018,0.0029189368415332498,0.0006357865080178683,-0.02209310771666815,0.0006365266861120811,-0.0021950749448015,0.0003856935838155248,-0.03393333333333337,0.00901953983113497,2
1.0,factorized_g1_r1p5,factorized_g2p5_r1p35,cross_condition,0.20288695394992823,0.0017565963522370317,0.8191427886486053,0.012900518126456999,6.3581953606287325,0.04716497846863284,0.08091363468282686,0.0005084518830801536,0.00432176790185455,0.0018753956800702774,-0.0003854624441657999,0.00327478437487364,0.00669078909951045,0.0018302127804380771,0.5056518518518519,0.0014351648744082336,0.0026936128953877,0.0019296713839121343,-0.017871777020306567,0.0025048191436707677,-0.00047432764437187495,0.001096607929907485,-0.026966666666666583,0.0019432341912608213,2
1.0,factorized_g1_r1p5,factorized_g3_r1,cross_condition,0.21274102479219437,0.0005971681598387004,0.8191427886486053,0.012900518126456999,6.3581953606287325,0.04716497846863284,0.0745832670263511,0.0011709136398431296,0.00233157617760965,0.0005214688499780791,-0.004232446073450549,0.003890002961491158,0.00746298271057925,0.000633403361751653,0.5099703703703704,0.0029960376210274474,0.0068209614355759,0.0015670996983255657,-0.021670585495484278,0.0016839498823330967,-0.005428818709954925,0.0024910059743706286,-0.021592592592592608,0.008705270150607755,2
1.0,factorized_g1_r1p5,closed_g3,cross_condition,0.26469422876834864,0.0011784891046373635,0.8191427886486053,0.012900518126456999,6.3581953606287325,0.04716497846863284,0.07616240368094715,0.0010736230341667015,0.0027376549178508,0.0005886266954494007,-0.00459418067275715,0.004786471649652651,0.00666181691008305,0.004556400412130207,0.5049851851851852,0.0010370899457402734,0.00390508080581725,0.0006583028916800126,-0.02051353456197097,0.0017847393929331288,-0.00571822515583345,0.005933382467749015,-0.02034814814814817,0.006746322475320541,2
1.0,factorized_g1p5_r1p35,factorized_g2_r1p35,cross_condition,0.1033469103276729,0.0008693367024538919,0.8191427886486053,0.012900518126456999,6.3581953606287325,0.04716497846863284,0.0730640159896173,0.0014706665024649865,0.0042388103012842,0.0007221438937797235,-0.00215705699457955,0.0011361061390654551,0.00707426358920205,0.0006924904864281984,0.5033703703703702,0.0004504532087559603,0.0028382351404181,0.0006207281858757975,-0.02440251441412642,0.0017988350841159826,0.000398940706470375,0.001684689028943212,-0.03373333333333345,0.007856742013183912,2
1.0,factorized_g1p5_r1p35,factorized_g2p5_r1p35,cross_condition,0.172383964061737,0.0009476929621916684,0.8191427886486053,0.012900518126456999,6.3581953606287325,0.04716497846863284,0.07911866636911105,0.0006418951616702185,0.0037857999809163,9.577943935731043e-05,-0.0007297992876177501,0.0026661950032611523,0.00699748383314665,0.0014206233692207184,0.5038222222222222,0.0026189140043946634,0.00315575037834995,0.0020242586623278745,-0.020196283861176556,0.0031539319571816465,0.0004292236305694999,0.0017345863303513806,-0.028818518518518577,0.001335646142241371,2
1.0,factorized_g1p5_r1p35,factorized_g3_r1,cross_condition,0.1570642739534378,0.0005456752476705745,0.8191427886486053,0.012900518126456999,6.3581953606287325,0.04716497846863284,0.07167795348831124,0.0015725733174531628,0.00399691460306065,0.002679555679902023,-0.00276347209444505,0.0008843708523023951,0.0078340743463635,0.00031810691432296935,0.5042148148148149,0.0026712922844825456,0.0023607124465355,0.0006348580022023135,-0.025105437560678297,0.0020648462968240223,-0.0027119566125561,0.0010368000673665406,-0.027370370370370434,0.010171861993068694,2
1.0,factorized_g1p5_r1p35,closed_g3,cross_condition,0.2324454709887504,0.00013452220373460678,0.8191427886486053,0.012900518126456999,6.3581953606287325,0.04716497846863284,0.0740765411897451,0.0024370550913668525,0.0032626223986904,0.00020539562361909222,-0.0002702633096535,0.0007012317269186067,0.00597799952602295,0.0005785268264575267,0.5050148148148148,0.0004085505846855681,0.00237073340644075,0.00044894404764971496,-0.023128935580327192,0.0012038634278339218,-0.00014641967433647496,0.003094710317071354,-0.02034074074074077,0.005583524657369327,2
1.0,factorized_g2_r1p35,factorized_g2p5_r1p35,cross_condition,0.0941202640533447,1.1600920052603955e-05,0.8191427886486053,0.012900518126456999,6.3581953606287325,0.04716497846863284,0.0762609046174626,0.0017267973849083647,0.0044991879250580995,0.000494816902309544,0.003449361335256,0.0004705306577347386,0.0056667012191549,0.003631991091265692,0.5025555555555556,0.00013618352822850963,0.0017348156562585,3.0192418369648954e-05,-0.023250531384810022,0.0015582284600982276,0.005269662113342675,0.00016089792381917447,-0.033648148148148094,0.0017756236949795663,2
1.0,factorized_g2_r1p35,factorized_g3_r1,cross_condition,0.19067674875259394,0.0015527109725655228,0.8191427886486053,0.012900518126456999,6.3581953606287325,0.04716497846863284,0.076487042432954,0.004304129885758898,0.0041248652994414,0.000705852690368451,-0.00404019419690405,0.0050736650769371856,0.0093457750152273,0.0003388630996255246,0.5068518518518519,0.0007647228892832148,0.007450770497316,0.004796588822287943,-0.020492834388020582,0.0011775115453269962,-0.0033274008551156748,0.006484273116336725,-0.02829629629629632,0.005342584568965091,2
1.0,factorized_g2_r1p35,closed_g3,cross_condition,0.24652764201164246,0.0005776225588417929,0.8191427886486053,0.012900518126456999,6.3581953606287325,0.04716497846863284,0.07693342305467415,0.0017876757055730393,0.00324645624943795,0.001461108675304987,-0.0007767183436085501,0.0015161506420246248,0.0058850832778316,0.0025503483671746024,0.5146814814814815,0.009700457472277752,0.0064934296986236,0.002487160597048675,-0.020468539487383176,0.001342441539782462,8.403151607899988e-06,0.0054726664866410575,-0.014237037037037104,0.0007856742013184304,2
1.0,factorized_g2p5_r1p35,factorized_g3_r1,cross_condition,0.23063491284847254,0.0014862875393123539,0.8191427886486053,0.012900518126456999,6.3581953606287325,0.04716497846863284,0.0822641143558499,0.003384412554048808,0.0059600345211124,0.0027508253389773958,-0.0010064156626033499,0.0027030545352554067,0.01031621882930335,0.0014711518649006003,0.5115777777777778,0.006945359939654501,0.00746605411675165,0.0038738786827934375,-0.016564182291668554,0.0002685313186540004,-0.0016905971036776499,0.0027726380586433966,-0.019107407407407406,0.020212778285917662,2
1.0,factorized_g2p5_r1p35,closed_g3,cross_condition,0.27093228697776794,0.0005564648408893339,0.8191427886486053,0.012900518126456999,6.3581953606287325,0.04716497846863284,0.08395803697539075,0.0019284620926059192,0.0042790012890175,0.0007027478998977444,0.00019010927959119996,0.0032778663708192077,0.00644453728143605,1.7339404181749967e-05,0.5092000000000001,0.0028912810608516435,0.00808271139029715,0.00032401429148365873,-0.015292345393210456,0.0017279806850204829,-0.0004217440080550251,0.005754190652648112,-0.015255555555555522,0.0031165076652296827,2
1.0,factorized_g3_r1,closed_g3,cross_condition,0.2109275013208389,0.0017318772255854413,0.8191427886486053,0.012900518126456999,6.3581953606287325,0.04716497846863284,0.0731652606864664,0.0010103156583331292,0.0027421926172769,0.0004948702536902744,-0.0028661125629344,0.0023969978973433803,0.00716667658319435,1.0331195650382212e-05,0.5052666666666665,0.00384456575845125,0.0035987191317422,0.0014166575408048956,-0.023553562500836747,0.002487719614718593,-0.004585473286878925,0.0008585058423311499,-0.018133333333333446,0.009836641000506106,2
