seed,D,curvature,scale_mode,hidden,loss_space,condition,kind,strength,swd_2d,mmd_2d,mmd_sigma2,manifold_consistency_rms,swd_delta_vs_x_boot_mean,swd_delta_vs_x_ci_low,swd_delta_vs_x_ci_high,setting_path
20260807,512,0.5,unit_rms,128,direct,x,x,0.0,0.0473556463378495,0.0005284547805786,1.4793424606323242,0.0269983392208814,0.0,0.0,0.0,/data/users/zhoushunyu/eqvae/experiments/prediction_target_toy_v4_direct_loss/seed20260807/D512/curv0p5/scale_unit_rms/loss_direct/H128
20260807,512,0.5,unit_rms,128,direct,v,v,0.0,0.0579158661318097,0.001156210899353,1.4793424606323242,0.9416679739952089,0.0083777845727231,-0.0056863405273331,0.0194439509670498,/data/users/zhoushunyu/eqvae/experiments/prediction_target_toy_v4_direct_loss/seed20260807/D512/curv0p5/scale_unit_rms/loss_direct/H128
20260807,512,0.5,unit_rms,128,direct,eps,eps,0.0,1.465863564324562,0.2771527469158172,1.4793424606323242,43.959129333496094,1.410820059974239,1.337924720056321,1.4843614068475368,/data/users/zhoushunyu/eqvae/experiments/prediction_target_toy_v4_direct_loss/seed20260807/D512/curv0p5/scale_unit_rms/loss_direct/H128
20260807,512,0.5,unit_rms,128,direct,oracle,oracle,0.0,0.0664998741896379,0.0010217428207397,1.4793424606323242,0.0203367508947849,0.0144608963935413,0.0038056097071198,0.0251377448966219,/data/users/zhoushunyu/eqvae/experiments/prediction_target_toy_v4_direct_loss/seed20260807/D512/curv0p5/scale_unit_rms/loss_direct/H128
20260807,512,0.5,unit_rms,128,direct,xv_gm0p1,xv,-0.1,0.0470688552253292,0.0005363225936889,1.4793424606323242,0.0261518247425556,-2.027564107797572e-05,-0.0018408941600069,0.0025522395966093,/data/users/zhoushunyu/eqvae/experiments/prediction_target_toy_v4_direct_loss/seed20260807/D512/curv0p5/scale_unit_rms/loss_direct/H128
20260807,512,0.5,unit_rms,128,direct,xeps_gm0p1,xeps,-0.1,0.0461183731611164,0.0007326602935791,1.4793424606323242,0.0310962758958339,0.0008013493167296,-0.0187779059575423,0.0195172264569298,/data/users/zhoushunyu/eqvae/experiments/prediction_target_toy_v4_direct_loss/seed20260807/D512/curv0p5/scale_unit_rms/loss_direct/H128
20260807,512,0.5,unit_rms,128,direct,xv_tan_gm0p1,xv_tangent,-0.1,0.0473063651887423,0.0005323886871337,1.4793424606323242,0.0268112905323505,0.0001370171573618,-0.001310214729258,0.0014627356794987,/data/users/zhoushunyu/eqvae/experiments/prediction_target_toy_v4_direct_loss/seed20260807/D512/curv0p5/scale_unit_rms/loss_direct/H128
20260807,512,0.5,unit_rms,128,direct,xv_normcomp_gm0p1,xv_normal,-0.1,0.0473069999317445,0.0005342960357666,1.4793424606323242,0.0262562502175569,-7.976384243849618e-05,-0.0010589340418847,0.000818876675948,/data/users/zhoushunyu/eqvae/experiments/prediction_target_toy_v4_direct_loss/seed20260807/D512/curv0p5/scale_unit_rms/loss_direct/H128
20260807,512,0.5,unit_rms,128,direct,xv_gm0p03,xv,-0.03,0.0472699765030394,0.0005292892456054,1.4793424606323242,0.0266394410282373,0.0001014882226994,-0.0004729107981706,0.0008672018270102,/data/users/zhoushunyu/eqvae/experiments/prediction_target_toy_v4_direct_loss/seed20260807/D512/curv0p5/scale_unit_rms/loss_direct/H128
20260807,512,0.5,unit_rms,128,direct,xeps_gm0p03,xeps,-0.03,0.0445291205210604,0.0005043745040893,1.4793424606323242,0.0277597624808549,-0.0022287725978134,-0.0095701566302465,0.0039956534459136,/data/users/zhoushunyu/eqvae/experiments/prediction_target_toy_v4_direct_loss/seed20260807/D512/curv0p5/scale_unit_rms/loss_direct/H128
20260807,512,0.5,unit_rms,128,direct,xv_tan_gm0p03,xv_tangent,-0.03,0.0473123478121906,0.0005285739898681,1.4793424606323242,0.0269103329628705,0.0001299340202449,-0.0004573317752767,0.0009023973821845,/data/users/zhoushunyu/eqvae/experiments/prediction_target_toy_v4_direct_loss/seed20260807/D512/curv0p5/scale_unit_rms/loss_direct/H128
20260807,512,0.5,unit_rms,128,direct,xv_normcomp_gm0p03,xv_normal,-0.03,0.0472073437154301,0.0005279779434204,1.4793424606323242,0.0266978852450847,-3.0969660822494775e-05,-0.0006119610788729,0.0003719493110492,/data/users/zhoushunyu/eqvae/experiments/prediction_target_toy_v4_direct_loss/seed20260807/D512/curv0p5/scale_unit_rms/loss_direct/H128
20260807,512,0.5,unit_rms,128,direct,xv_gm0p01,xv,-0.01,0.047292002874267,0.000527024269104,1.4793424606323242,0.0268406793475151,6.125475062540117e-05,-0.0002281188608331,0.0004365208714975,/data/users/zhoushunyu/eqvae/experiments/prediction_target_toy_v4_direct_loss/seed20260807/D512/curv0p5/scale_unit_rms/loss_direct/H128
20260807,512,0.5,unit_rms,128,direct,xeps_gm0p01,xeps,-0.01,0.0463053307931969,0.0005121231079101,1.4793424606323242,0.0272538140416145,-0.0008508981736494,-0.0037131644492081,0.0018954968501275,/data/users/zhoushunyu/eqvae/experiments/prediction_target_toy_v4_direct_loss/seed20260807/D512/curv0p5/scale_unit_rms/loss_direct/H128
20260807,512,0.5,unit_rms,128,direct,xv_tan_gm0p01,xv_tangent,-0.01,0.047307610878638,0.0005272626876831,1.4793424606323242,0.0269457325339317,6.966975402478057e-05,-0.0001933240173343,0.000417538362779,/data/users/zhoushunyu/eqvae/experiments/prediction_target_toy_v4_direct_loss/seed20260807/D512/curv0p5/scale_unit_rms/loss_direct/H128
20260807,512,0.5,unit_rms,128,direct,xv_normcomp_gm0p01,xv_normal,-0.01,0.047331506498516,0.000528335571289,1.4793424606323242,0.0268908385187387,4.919560375298976e-06,-0.0001693529780994,0.0003122261320863,/data/users/zhoushunyu/eqvae/experiments/prediction_target_toy_v4_direct_loss/seed20260807/D512/curv0p5/scale_unit_rms/loss_direct/H128
20260807,512,0.5,unit_rms,128,direct,xv_g0p003,xv,0.003,0.0473578096322856,0.0005285739898681,1.4793424606323242,0.0270349122583866,-4.554753564257677e-05,-0.0005485780335465,9.411790102483312e-05,/data/users/zhoushunyu/eqvae/experiments/prediction_target_toy_v4_direct_loss/seed20260807/D512/curv0p5/scale_unit_rms/loss_direct/H128
20260807,512,0.5,unit_rms,128,direct,xeps_g0p003,xeps,0.003,0.0479037662223992,0.0005416870117187,1.4793424606323242,0.0269445981830358,0.0003431989335396,-0.0003379395276111,0.0012824250246517,/data/users/zhoushunyu/eqvae/experiments/prediction_target_toy_v4_direct_loss/seed20260807/D512/curv0p5/scale_unit_rms/loss_direct/H128
20260807,512,0.5,unit_rms,128,direct,xv_tan_g0p003,xv_tangent,0.003,0.0473509273838975,0.0005271434783935,1.4793424606323242,0.027003239840269,-5.130236800302085e-05,-0.000524026226298,5.889754886243478e-05,/data/users/zhoushunyu/eqvae/experiments/prediction_target_toy_v4_direct_loss/seed20260807/D512/curv0p5/scale_unit_rms/loss_direct/H128
20260807,512,0.5,unit_rms,128,direct,xv_normcomp_g0p003,xv_normal,0.003,0.0473621209392848,0.0005272626876831,1.4793424606323242,0.0270298328250646,-3.5417361578390235e-06,-0.0001372661397193,6.999313263835334e-05,/data/users/zhoushunyu/eqvae/experiments/prediction_target_toy_v4_direct_loss/seed20260807/D512/curv0p5/scale_unit_rms/loss_direct/H128
20260807,512,0.5,unit_rms,128,direct,xv_g0p01,xv,0.01,0.0473763094761868,0.0005273818969726,1.4793424606323242,0.0271235778927803,-2.5312064308851895e-05,-0.000536951140935,0.0003911495342883,/data/users/zhoushunyu/eqvae/experiments/prediction_target_toy_v4_direct_loss/seed20260807/D512/curv0p5/scale_unit_rms/loss_direct/H128
20260807,512,0.5,unit_rms,128,direct,xeps_g0p01,xeps,0.01,0.0492944342840783,0.0005692243576049,1.4793424606323242,0.0268321465700864,0.0012654453372835,-0.0010506345746468,0.0035820009923836,/data/users/zhoushunyu/eqvae/experiments/prediction_target_toy_v4_direct_loss/seed20260807/D512/curv0p5/scale_unit_rms/loss_direct/H128
20260807,512,0.5,unit_rms,128,direct,xv_tan_g0p01,xv_tangent,0.01,0.0473353335875869,0.0005298852920532,1.4793424606323242,0.0270246993750333,-6.595730532605045e-05,-0.0005648550956206,0.0001104528957142,/data/users/zhoushunyu/eqvae/experiments/prediction_target_toy_v4_direct_loss/seed20260807/D512/curv0p5/scale_unit_rms/loss_direct/H128
20260807,512,0.5,unit_rms,128,direct,xv_normcomp_g0p01,xv_normal,0.01,0.0473787901362205,0.0005297660827636,1.4793424606323242,0.0270957946777343,-9.327110826396407e-06,-0.0005527904097375,0.0002927170130253,/data/users/zhoushunyu/eqvae/experiments/prediction_target_toy_v4_direct_loss/seed20260807/D512/curv0p5/scale_unit_rms/loss_direct/H128
20260807,512,0.5,unit_rms,128,direct,xv_g0p03,xv,0.03,0.0473845822728661,0.0005239248275756,1.4793424606323242,0.0273978170007467,-2.968475370496833e-05,-0.0009517874876015,0.0007509794468568,/data/users/zhoushunyu/eqvae/experiments/prediction_target_toy_v4_direct_loss/seed20260807/D512/curv0p5/scale_unit_rms/loss_direct/H128
20260807,512,0.5,unit_rms,128,direct,xeps_g0p03,xeps,0.03,0.0545191692469163,0.0006974935531616,1.4793424606323242,0.0261496175080537,0.0052433185227469,-0.0019903685007386,0.0119487032622844,/data/users/zhoushunyu/eqvae/experiments/prediction_target_toy_v4_direct_loss/seed20260807/D512/curv0p5/scale_unit_rms/loss_direct/H128
20260807,512,0.5,unit_rms,128,direct,xv_tan_g0p03,xv_tangent,0.03,0.0471735486011263,0.0005220174789428,1.4793424606323242,0.0271375123411417,-0.0001436014407081,-0.000679568629179,0.0004029831524045,/data/users/zhoushunyu/eqvae/experiments/prediction_target_toy_v4_direct_loss/seed20260807/D512/curv0p5/scale_unit_rms/loss_direct/H128
20260807,512,0.5,unit_rms,128,direct,xv_normcomp_g0p03,xv_normal,0.03,0.0475173243901977,0.0005295276641845,1.4793424606323242,0.0273031573742628,3.321750549655542e-05,-0.0004673918390423,0.0004908607838646,/data/users/zhoushunyu/eqvae/experiments/prediction_target_toy_v4_direct_loss/seed20260807/D512/curv0p5/scale_unit_rms/loss_direct/H128
20260807,512,0.5,unit_rms,128,direct,xv_g0p1,xv,0.1,0.0479317349050651,0.0005276203155517,1.4793424606323242,0.0282437149435281,-0.0002089420402867,-0.003098420411843,0.0018214765454758,/data/users/zhoushunyu/eqvae/experiments/prediction_target_toy_v4_direct_loss/seed20260807/D512/curv0p5/scale_unit_rms/loss_direct/H128
20260807,512,0.5,unit_rms,128,direct,xeps_g0p1,xeps,0.1,0.0749092378397872,0.0014444589614868,1.4793424606323242,0.0249986201524734,0.0233698527070998,0.0076138698260239,0.0371156137981568,/data/users/zhoushunyu/eqvae/experiments/prediction_target_toy_v4_direct_loss/seed20260807/D512/curv0p5/scale_unit_rms/loss_direct/H128
20260807,512,0.5,unit_rms,128,direct,xv_tan_g0p1,xv_tangent,0.1,0.047557234218896,0.0005310773849487,1.4793424606323242,0.0273199696093797,-0.0002559735467406,-0.0022221399139332,0.0013553352814889,/data/users/zhoushunyu/eqvae/experiments/prediction_target_toy_v4_direct_loss/seed20260807/D512/curv0p5/scale_unit_rms/loss_direct/H128
20260807,512,0.5,unit_rms,128,direct,xv_normcomp_g0p1,xv_normal,0.1,0.047757229262517,0.0005249977111816,1.4793424606323242,0.0280265249311923,6.917691160619423e-05,-0.0014615873278758,0.0010325892123241,/data/users/zhoushunyu/eqvae/experiments/prediction_target_toy_v4_direct_loss/seed20260807/D512/curv0p5/scale_unit_rms/loss_direct/H128
20260807,512,0.5,unit_rms,128,direct,xv_g0p3,xv,0.3,0.0480401989821815,0.0005125999450683,1.4793424606323242,0.0308371018618345,-0.0001831553655221,-0.0042779026136585,0.0046116511562005,/data/users/zhoushunyu/eqvae/experiments/prediction_target_toy_v4_direct_loss/seed20260807/D512/curv0p5/scale_unit_rms/loss_direct/H128
20260807,512,0.5,unit_rms,128,direct,xeps_g0p3,xeps,0.3,0.1586536726281813,0.0076451301574707,1.4793424606323242,0.0221038572490215,0.1015451879954053,0.078444195049443,0.1198541739241244,/data/users/zhoushunyu/eqvae/experiments/prediction_target_toy_v4_direct_loss/seed20260807/D512/curv0p5/scale_unit_rms/loss_direct/H128
20260807,512,0.5,unit_rms,128,direct,xv_tan_g0p3,xv_tangent,0.3,0.0472186287122203,0.000512957572937,1.4793424606323242,0.027729082852602,-0.0005431581885287,-0.0040307888881673,0.0029649729191326,/data/users/zhoushunyu/eqvae/experiments/prediction_target_toy_v4_direct_loss/seed20260807/D512/curv0p5/scale_unit_rms/loss_direct/H128
20260807,512,0.5,unit_rms,128,direct,xv_normcomp_g0p3,xv_normal,0.3,0.0480339396696588,0.0005180835723876,1.4793424606323242,0.0299674067646265,0.0003878948102587,-0.0018901228144648,0.0025698057259864,/data/users/zhoushunyu/eqvae/experiments/prediction_target_toy_v4_direct_loss/seed20260807/D512/curv0p5/scale_unit_rms/loss_direct/H128
20260807,512,0.5,unit_rms,128,direct,xv_rms_etam0p03,xv_norm,-0.03,0.0480993130490555,0.0005968809127807,1.4793424606323242,0.0363569296896457,0.0005206751080646,-0.0035302800863742,0.0040102017726708,/data/users/zhoushunyu/eqvae/experiments/prediction_target_toy_v4_direct_loss/seed20260807/D512/curv0p5/scale_unit_rms/loss_direct/H128
20260807,512,0.5,unit_rms,128,direct,xv_rms_etam0p01,xv_norm,-0.01,0.0475047034131431,0.0005478858947753,1.4793424606323242,0.0262373778969049,0.0001328001959762,-0.0017684158979315,0.0018107807517384,/data/users/zhoushunyu/eqvae/experiments/prediction_target_toy_v4_direct_loss/seed20260807/D512/curv0p5/scale_unit_rms/loss_direct/H128
20260807,512,0.5,unit_rms,128,direct,xv_rms_eta0p01,xv_norm,0.01,0.0475910623720694,0.0005257129669189,1.4793424606323242,0.0320151485502719,0.0003144531577689,-0.0016273955655025,0.0027143290818348,/data/users/zhoushunyu/eqvae/experiments/prediction_target_toy_v4_direct_loss/seed20260807/D512/curv0p5/scale_unit_rms/loss_direct/H128
20260807,512,0.5,unit_rms,128,direct,xv_rms_eta0p03,xv_norm,0.03,0.0511324285591287,0.000665545463562,1.4793424606323242,0.0434610284864902,0.0035156704385992,-0.0034984724269073,0.0113691347201554,/data/users/zhoushunyu/eqvae/experiments/prediction_target_toy_v4_direct_loss/seed20260807/D512/curv0p5/scale_unit_rms/loss_direct/H128
20260807,512,0.5,unit_rms,256,direct,x,x,0.0,0.0606834915522019,0.0007797479629516,1.419660568237305,0.0307271908968687,0.0,0.0,0.0,/data/users/zhoushunyu/eqvae/experiments/prediction_target_toy_v4_direct_loss/seed20260807/D512/curv0p5/scale_unit_rms/loss_direct/H256
20260807,512,0.5,unit_rms,256,direct,v,v,0.0,0.0477156683056225,0.0006223917007446,1.419660568237305,0.8571088910102844,-0.0071058193270985,-0.0208691068144215,0.0068086368575368,/data/users/zhoushunyu/eqvae/experiments/prediction_target_toy_v4_direct_loss/seed20260807/D512/curv0p5/scale_unit_rms/loss_direct/H256
20260807,512,0.5,unit_rms,256,direct,eps,eps,0.0,1.4484352700677594,0.2697594463825226,1.419660568237305,39.13816833496094,1.3831383969891502,1.310956984829301,1.460056492888116,/data/users/zhoushunyu/eqvae/experiments/prediction_target_toy_v4_direct_loss/seed20260807/D512/curv0p5/scale_unit_rms/loss_direct/H256
20260807,512,0.5,unit_rms,256,direct,oracle,oracle,0.0,0.0618653944761383,0.0008177757263183,1.419660568237305,0.0204220488667488,0.0032748047730921,-0.0118635550113605,0.0153269363917258,/data/users/zhoushunyu/eqvae/experiments/prediction_target_toy_v4_direct_loss/seed20260807/D512/curv0p5/scale_unit_rms/loss_direct/H256
20260807,512,0.5,unit_rms,256,direct,xv_gm0p1,xv,-0.1,0.0590930155954559,0.0007296800613403,1.419660568237305,0.0288731921464204,-0.0014492526271032,-0.0039989750041808,0.0012026414806153,/data/users/zhoushunyu/eqvae/experiments/prediction_target_toy_v4_direct_loss/seed20260807/D512/curv0p5/scale_unit_rms/loss_direct/H256
20260807,512,0.5,unit_rms,256,direct,xeps_gm0p1,xeps,-0.1,0.0556483832628443,0.0008176565170288,1.419660568237305,0.0340417213737964,-0.0007529988454978,-0.0148398447148487,0.0158548447104917,/data/users/zhoushunyu/eqvae/experiments/prediction_target_toy_v4_direct_loss/seed20260807/D512/curv0p5/scale_unit_rms/loss_direct/H256
20260807,512,0.5,unit_rms,256,direct,xv_tan_gm0p1,xv_tangent,-0.1,0.0594621573845276,0.0007390975952148,1.419660568237305,0.0298788268119096,-0.001249021211796,-0.0027718166487369,0.0008250043577324,/data/users/zhoushunyu/eqvae/experiments/prediction_target_toy_v4_direct_loss/seed20260807/D512/curv0p5/scale_unit_rms/loss_direct/H256
20260807,512,0.5,unit_rms,256,direct,xv_normcomp_gm0p1,xv_normal,-0.1,0.0610158240879902,0.000787615776062,1.419660568237305,0.0297479908913373,-0.0001751835565989,-0.0012498177192317,0.0010448531326152,/data/users/zhoushunyu/eqvae/experiments/prediction_target_toy_v4_direct_loss/seed20260807/D512/curv0p5/scale_unit_rms/loss_direct/H256
20260807,512,0.5,unit_rms,256,direct,xv_gm0p03,xv,-0.03,0.0608148999071356,0.0007804632186889,1.419660568237305,0.0301550887525081,-0.0003803269913697,-0.0013773963079228,0.0007984165253269,/data/users/zhoushunyu/eqvae/experiments/prediction_target_toy_v4_direct_loss/seed20260807/D512/curv0p5/scale_unit_rms/loss_direct/H256
20260807,512,0.5,unit_rms,256,direct,xeps_gm0p03,xeps,-0.03,0.0571882259948595,0.0006972551345825,1.419660568237305,0.0315121710300445,-0.0023919282898206,-0.0077975709637372,0.0033436568832873,/data/users/zhoushunyu/eqvae/experiments/prediction_target_toy_v4_direct_loss/seed20260807/D512/curv0p5/scale_unit_rms/loss_direct/H256
20260807,512,0.5,unit_rms,256,direct,xv_tan_gm0p03,xv_tangent,-0.03,0.0604713940160986,0.0007678270339965,1.419660568237305,0.0304568130522966,-0.0003610909604553,-0.0011969658925687,0.0008365037993295,/data/users/zhoushunyu/eqvae/experiments/prediction_target_toy_v4_direct_loss/seed20260807/D512/curv0p5/scale_unit_rms/loss_direct/H256
20260807,512,0.5,unit_rms,256,direct,xv_normcomp_gm0p03,xv_normal,-0.03,0.0608554945428181,0.0007833242416381,1.419660568237305,0.0304044913500547,-3.011978927102206e-05,-0.0006770618876108,0.0005905181992173,/data/users/zhoushunyu/eqvae/experiments/prediction_target_toy_v4_direct_loss/seed20260807/D512/curv0p5/scale_unit_rms/loss_direct/H256
20260807,512,0.5,unit_rms,256,direct,xv_gm0p01,xv,-0.01,0.0606179940733236,0.0007765293121337,1.419660568237305,0.0305406209081411,-0.0002000556718646,-0.0008076656495907,0.0003223989743041,/data/users/zhoushunyu/eqvae/experiments/prediction_target_toy_v4_direct_loss/seed20260807/D512/curv0p5/scale_unit_rms/loss_direct/H256
20260807,512,0.5,unit_rms,256,direct,xeps_gm0p01,xeps,-0.01,0.0597906750654767,0.0007503032684326,1.419660568237305,0.0309617295861244,-0.0010939127454567,-0.003531917448222,0.0005802534533076,/data/users/zhoushunyu/eqvae/experiments/prediction_target_toy_v4_direct_loss/seed20260807/D512/curv0p5/scale_unit_rms/loss_direct/H256
20260807,512,0.5,unit_rms,256,direct,xv_tan_gm0p01,xv_tangent,-0.01,0.0605317054933183,0.0007702112197875,1.419660568237305,0.0306472983211278,-0.0001787529053702,-0.0008904909971925,0.0003197211770203,/data/users/zhoushunyu/eqvae/experiments/prediction_target_toy_v4_direct_loss/seed20260807/D512/curv0p5/scale_unit_rms/loss_direct/H256
20260807,512,0.5,unit_rms,256,direct,xv_normcomp_gm0p01,xv_normal,-0.01,0.0606780104536058,0.0007777214050292,1.419660568237305,0.0306227281689643,-3.745374688928514e-05,-0.0004174764661178,0.0001960527499939,/data/users/zhoushunyu/eqvae/experiments/prediction_target_toy_v4_direct_loss/seed20260807/D512/curv0p5/scale_unit_rms/loss_direct/H256
20260807,512,0.5,unit_rms,256,direct,xv_g0p003,xv,0.003,0.0607160381557605,0.0007801055908203,1.419660568237305,0.0307923294603824,3.732054696501716e-05,-2.3959466706277576e-05,9.203463644997e-05,/data/users/zhoushunyu/eqvae/experiments/prediction_target_toy_v4_direct_loss/seed20260807/D512/curv0p5/scale_unit_rms/loss_direct/H256
20260807,512,0.5,unit_rms,256,direct,xeps_g0p003,xeps,0.003,0.0613629865278717,0.0007952451705932,1.419660568237305,0.0306669678539037,0.0003613694676208,-0.0006170679088852,0.0016450243147629,/data/users/zhoushunyu/eqvae/experiments/prediction_target_toy_v4_direct_loss/seed20260807/D512/curv0p5/scale_unit_rms/loss_direct/H256
20260807,512,0.5,unit_rms,256,direct,xv_tan_g0p003,xv_tangent,0.003,0.0607139636489011,0.0007810592651367,1.419660568237305,0.0307558588683605,3.142633627061818e-05,-1.2030116948907876e-05,7.258029708807827e-05,/data/users/zhoushunyu/eqvae/experiments/prediction_target_toy_v4_direct_loss/seed20260807/D512/curv0p5/scale_unit_rms/loss_direct/H256
20260807,512,0.5,unit_rms,256,direct,xv_normcomp_g0p003,xv_normal,0.003,0.0606862270320706,0.0007791519165039,1.419660568237305,0.0307593774050474,7.571434786610015e-06,-1.3725054044855418e-05,3.077354914804563e-05,/data/users/zhoushunyu/eqvae/experiments/prediction_target_toy_v4_direct_loss/seed20260807/D512/curv0p5/scale_unit_rms/loss_direct/H256
20260807,512,0.5,unit_rms,256,direct,xv_g0p01,xv,0.01,0.0608467024605506,0.0007839202880859,1.419660568237305,0.0309178940951824,0.0001295623830829,-0.0001176076269733,0.0004005222146332,/data/users/zhoushunyu/eqvae/experiments/prediction_target_toy_v4_direct_loss/seed20260807/D512/curv0p5/scale_unit_rms/loss_direct/H256
20260807,512,0.5,unit_rms,256,direct,xeps_g0p01,xeps,0.01,0.0629035137503687,0.0008294582366943,1.419660568237305,0.030512111261487,0.0013133206002768,-0.000850409167101,0.0032000127085172,/data/users/zhoushunyu/eqvae/experiments/prediction_target_toy_v4_direct_loss/seed20260807/D512/curv0p5/scale_unit_rms/loss_direct/H256
20260807,512,0.5,unit_rms,256,direct,xv_tan_g0p01,xv_tangent,0.01,0.0608363477176425,0.0007835626602172,1.419660568237305,0.0308118853718042,0.0001064934764115,-0.000168597295098,0.0003694011050507,/data/users/zhoushunyu/eqvae/experiments/prediction_target_toy_v4_direct_loss/seed20260807/D512/curv0p5/scale_unit_rms/loss_direct/H256
20260807,512,0.5,unit_rms,256,direct,xv_normcomp_g0p01,xv_normal,0.01,0.060694491098823,0.0007776021957397,1.419660568237305,0.0308327265083789,2.173430767337045e-05,-0.0001379140986549,0.0001665532527517,/data/users/zhoushunyu/eqvae/experiments/prediction_target_toy_v4_direct_loss/seed20260807/D512/curv0p5/scale_unit_rms/loss_direct/H256
20260807,512,0.5,unit_rms,256,direct,xv_g0p03,xv,0.03,0.0611712092298266,0.0007879734039306,1.419660568237305,0.0313767120242118,0.0003868855114866,-9.974765655772104e-05,0.0009806873500435,/data/users/zhoushunyu/eqvae/experiments/prediction_target_toy_v4_direct_loss/seed20260807/D512/curv0p5/scale_unit_rms/loss_direct/H256
20260807,512,0.5,unit_rms,256,direct,xeps_g0p03,xeps,0.03,0.0660513975978486,0.0009056329727172,1.419660568237305,0.0301081966608762,0.0043053756016728,-0.0017961762810631,0.0102136471097372,/data/users/zhoushunyu/eqvae/experiments/prediction_target_toy_v4_direct_loss/seed20260807/D512/curv0p5/scale_unit_rms/loss_direct/H256
20260807,512,0.5,unit_rms,256,direct,xv_tan_g0p03,xv_tangent,0.03,0.0610895801979234,0.0007874965667724,1.419660568237305,0.0309866480529308,0.0003633555440463,-5.095766572703886e-05,0.0008348833280607,/data/users/zhoushunyu/eqvae/experiments/prediction_target_toy_v4_direct_loss/seed20260807/D512/curv0p5/scale_unit_rms/loss_direct/H256
20260807,512,0.5,unit_rms,256,direct,xv_normcomp_g0p03,xv_normal,0.03,0.0606482379621993,0.0007729530334472,1.419660568237305,0.0310653671622276,4.9634630532446736e-05,-0.0003057870598615,0.0003753648479653,/data/users/zhoushunyu/eqvae/experiments/prediction_target_toy_v4_direct_loss/seed20260807/D512/curv0p5/scale_unit_rms/loss_direct/H256
20260807,512,0.5,unit_rms,256,direct,xv_g0p1,xv,0.1,0.0623252570315746,0.000807762145996,1.419660568237305,0.0329547263681888,0.0013903278539155,-8.200985761783706e-05,0.0032475898790676,/data/users/zhoushunyu/eqvae/experiments/prediction_target_toy_v4_direct_loss/seed20260807/D512/curv0p5/scale_unit_rms/loss_direct/H256
20260807,512,0.5,unit_rms,256,direct,xeps_g0p1,xeps,0.1,0.0825757224303086,0.0016497373580932,1.419660568237305,0.0290418118238449,0.0198503490743113,0.0016611405673289,0.0341832014192932,/data/users/zhoushunyu/eqvae/experiments/prediction_target_toy_v4_direct_loss/seed20260807/D512/curv0p5/scale_unit_rms/loss_direct/H256
20260807,512,0.5,unit_rms,256,direct,xv_tan_g0p1,xv_tangent,0.1,0.0622407652609037,0.0008102655410766,1.419660568237305,0.0316468514502048,0.0012581575665741,-0.0001866250046002,0.0026138929593393,/data/users/zhoushunyu/eqvae/experiments/prediction_target_toy_v4_direct_loss/seed20260807/D512/curv0p5/scale_unit_rms/loss_direct/H256
20260807,512,0.5,unit_rms,256,direct,xv_normcomp_g0p1,xv_normal,0.1,0.0609361648054677,0.0007776021957397,1.419660568237305,0.0319624729454517,0.0001601219185802,-0.0005584349672404,0.0007897210830255,/data/users/zhoushunyu/eqvae/experiments/prediction_target_toy_v4_direct_loss/seed20260807/D512/curv0p5/scale_unit_rms/loss_direct/H256
20260807,512,0.5,unit_rms,256,direct,xv_g0p3,xv,0.3,0.0676129537687539,0.0009737014770507,1.419660568237305,0.0376726314425468,0.0054770588598574,0.0007988270767578,0.0101317312025601,/data/users/zhoushunyu/eqvae/experiments/prediction_target_toy_v4_direct_loss/seed20260807/D512/curv0p5/scale_unit_rms/loss_direct/H256
20260807,512,0.5,unit_rms,256,direct,xeps_g0p3,xeps,0.3,0.1567693332002261,0.0076562166213989,1.419660568237305,0.0254230927675962,0.0925773671461086,0.065567073693031,0.1151066586314249,/data/users/zhoushunyu/eqvae/experiments/prediction_target_toy_v4_direct_loss/seed20260807/D512/curv0p5/scale_unit_rms/loss_direct/H256
20260807,512,0.5,unit_rms,256,direct,xv_tan_g0p3,xv_tangent,0.3,0.0660850132155723,0.0009338855743408,1.419660568237305,0.0335517302155494,0.0042373641511023,0.0002728655649882,0.0082050148621999,/data/users/zhoushunyu/eqvae/experiments/prediction_target_toy_v4_direct_loss/seed20260807/D512/curv0p5/scale_unit_rms/loss_direct/H256
20260807,512,0.5,unit_rms,256,direct,xv_normcomp_g0p3,xv_normal,0.3,0.0617514881297192,0.000801682472229,1.419660568237305,0.0342477820813655,0.0009317531842142,-0.0009879103783192,0.0033046695446626,/data/users/zhoushunyu/eqvae/experiments/prediction_target_toy_v4_direct_loss/seed20260807/D512/curv0p5/scale_unit_rms/loss_direct/H256
20260807,512,0.5,unit_rms,256,direct,xv_rms_etam0p03,xv_norm,-0.03,0.0593395911874082,0.0008052587509155,1.419660568237305,0.0382182002067565,-0.002027651037046,-0.0060604735000249,0.0010111975293371,/data/users/zhoushunyu/eqvae/experiments/prediction_target_toy_v4_direct_loss/seed20260807/D512/curv0p5/scale_unit_rms/loss_direct/H256
20260807,512,0.5,unit_rms,256,direct,xv_rms_etam0p01,xv_norm,-0.01,0.0597945787028051,0.0007747411727905,1.419660568237305,0.0296873748302459,-0.0010121702944823,-0.0026897735052157,0.0005010293428756,/data/users/zhoushunyu/eqvae/experiments/prediction_target_toy_v4_direct_loss/seed20260807/D512/curv0p5/scale_unit_rms/loss_direct/H256
20260807,512,0.5,unit_rms,256,direct,xv_rms_eta0p01,xv_norm,0.01,0.0622744077914771,0.0008096694946289,1.419660568237305,0.035855296999216,0.0015348576433854,-0.0002119570355899,0.0033553877613122,/data/users/zhoushunyu/eqvae/experiments/prediction_target_toy_v4_direct_loss/seed20260807/D512/curv0p5/scale_unit_rms/loss_direct/H256
20260807,512,0.5,unit_rms,256,direct,xv_rms_eta0p03,xv_norm,0.03,0.0683141150735486,0.0010427236557006,1.419660568237305,0.0455772578716278,0.0075314412464237,0.0011922600751941,0.0140343569112293,/data/users/zhoushunyu/eqvae/experiments/prediction_target_toy_v4_direct_loss/seed20260807/D512/curv0p5/scale_unit_rms/loss_direct/H256
20260807,512,0.5,unit_rms,512,direct,x,x,0.0,0.042243669827438,0.0006183385848999,1.4402437210083008,0.0207576062530279,0.0,0.0,0.0,/data/users/zhoushunyu/eqvae/experiments/prediction_target_toy_v4_direct_loss/seed20260807/D512/curv0p5/scale_unit_rms/loss_direct/H512
20260807,512,0.5,unit_rms,512,direct,v,v,0.0,0.0318741561657643,0.0001132488250732,1.4402437210083008,0.6914451718330383,-0.0063090552776024,-0.0152034294144549,0.0032346766552861,/data/users/zhoushunyu/eqvae/experiments/prediction_target_toy_v4_direct_loss/seed20260807/D512/curv0p5/scale_unit_rms/loss_direct/H512
20260807,512,0.5,unit_rms,512,direct,eps,eps,0.0,1.449970933031538,0.2754841148853302,1.4402437210083008,28.67448616027832,1.407660706488123,1.3305304017234594,1.4798475186553954,/data/users/zhoushunyu/eqvae/experiments/prediction_target_toy_v4_direct_loss/seed20260807/D512/curv0p5/scale_unit_rms/loss_direct/H512
20260807,512,0.5,unit_rms,512,direct,oracle,oracle,0.0,0.0396530078730005,0.0001298189163208,1.4402437210083008,0.0203399844467639,0.0098542345918511,-0.0138240469404719,0.0292825856037515,/data/users/zhoushunyu/eqvae/experiments/prediction_target_toy_v4_direct_loss/seed20260807/D512/curv0p5/scale_unit_rms/loss_direct/H512
20260807,512,0.5,unit_rms,512,direct,xv_gm0p1,xv,-0.1,0.041436437817252,0.000567078590393,1.4402437210083008,0.0205508954823017,-0.0006510246215833,-0.0022506935467325,0.0011686426647748,/data/users/zhoushunyu/eqvae/experiments/prediction_target_toy_v4_direct_loss/seed20260807/D512/curv0p5/scale_unit_rms/loss_direct/H512
20260807,512,0.5,unit_rms,512,direct,xeps_gm0p1,xeps,-0.1,0.0448794008619079,0.0007432699203491,1.4402437210083008,0.0229977406561374,-0.0011194814772784,-0.0208667176498751,0.0171522146331653,/data/users/zhoushunyu/eqvae/experiments/prediction_target_toy_v4_direct_loss/seed20260807/D512/curv0p5/scale_unit_rms/loss_direct/H512
20260807,512,0.5,unit_rms,512,direct,xv_tan_gm0p1,xv_tangent,-0.1,0.041087030697811,0.0005577802658081,1.4402437210083008,0.0206214524805545,-0.0007187569518992,-0.0020029374902771,0.000770267074073,/data/users/zhoushunyu/eqvae/experiments/prediction_target_toy_v4_direct_loss/seed20260807/D512/curv0p5/scale_unit_rms/loss_direct/H512
20260807,512,0.5,unit_rms,512,direct,xv_normcomp_gm0p1,xv_normal,-0.1,0.042417810066324,0.0006201267242431,1.4402437210083008,0.0206919759511947,0.0001677691025494,-0.0009787340263929,0.0017059205748041,/data/users/zhoushunyu/eqvae/experiments/prediction_target_toy_v4_direct_loss/seed20260807/D512/curv0p5/scale_unit_rms/loss_direct/H512
20260807,512,0.5,unit_rms,512,direct,xv_gm0p03,xv,-0.03,0.0419926403451458,0.0006011724472045,1.4402437210083008,0.0206473898142576,-0.0001625117058953,-0.001237444586611,0.0010250920316953,/data/users/zhoushunyu/eqvae/experiments/prediction_target_toy_v4_direct_loss/seed20260807/D512/curv0p5/scale_unit_rms/loss_direct/H512
20260807,512,0.5,unit_rms,512,direct,xeps_gm0p03,xeps,-0.03,0.0400196530311985,0.0005327463150024,1.4402437210083008,0.0213139727711677,-0.003146771254351,-0.0093554029380832,0.002663714058111,/data/users/zhoushunyu/eqvae/experiments/prediction_target_toy_v4_direct_loss/seed20260807/D512/curv0p5/scale_unit_rms/loss_direct/H512
20260807,512,0.5,unit_rms,512,direct,xv_tan_gm0p03,xv_tangent,-0.03,0.0420093808578316,0.0006048679351806,1.4402437210083008,0.0207262262701988,-0.0002061929475637,-0.0010741978257833,0.0008858661896727,/data/users/zhoushunyu/eqvae/experiments/prediction_target_toy_v4_direct_loss/seed20260807/D512/curv0p5/scale_unit_rms/loss_direct/H512
20260807,512,0.5,unit_rms,512,direct,xv_normcomp_gm0p03,xv_normal,-0.03,0.0423089018567999,0.0006219148635864,1.4402437210083008,0.0206961203366518,2.237624562123841e-05,-0.0004538752090839,0.000411829066717,/data/users/zhoushunyu/eqvae/experiments/prediction_target_toy_v4_direct_loss/seed20260807/D512/curv0p5/scale_unit_rms/loss_direct/H512
20260807,512,0.5,unit_rms,512,direct,xv_gm0p01,xv,-0.01,0.0422497207081623,0.0006170272827148,1.4402437210083008,0.0207238029688596,-7.224409507429641e-05,-0.0006237119532476,0.0004200918749438,/data/users/zhoushunyu/eqvae/experiments/prediction_target_toy_v4_direct_loss/seed20260807/D512/curv0p5/scale_unit_rms/loss_direct/H512
20260807,512,0.5,unit_rms,512,direct,xeps_gm0p01,xeps,-0.01,0.0415183555323611,0.0005874633789062,1.4402437210083008,0.0209913440048694,-0.0012086456393136,-0.0036596016196348,0.0010597728006684,/data/users/zhoushunyu/eqvae/experiments/prediction_target_toy_v4_direct_loss/seed20260807/D512/curv0p5/scale_unit_rms/loss_direct/H512
20260807,512,0.5,unit_rms,512,direct,xv_tan_gm0p01,xv_tangent,-0.01,0.0422366203119597,0.0006138086318969,1.4402437210083008,0.0207469090819358,-8.695474974399674e-05,-0.0005963432913105,0.0004062516187634,/data/users/zhoushunyu/eqvae/experiments/prediction_target_toy_v4_direct_loss/seed20260807/D512/curv0p5/scale_unit_rms/loss_direct/H512
20260807,512,0.5,unit_rms,512,direct,xv_normcomp_gm0p01,xv_normal,-0.01,0.0422745975894296,0.0006207227706909,1.4402437210083008,0.0207352265715599,-9.159118550002704e-07,-0.0003051786437971,0.0002881204227417,/data/users/zhoushunyu/eqvae/experiments/prediction_target_toy_v4_direct_loss/seed20260807/D512/curv0p5/scale_unit_rms/loss_direct/H512
20260807,512,0.5,unit_rms,512,direct,xv_g0p003,xv,0.003,0.0422733417987095,0.0006200075149536,1.4402437210083008,0.0207710955291986,1.78709867026524e-05,-2.252949709232108e-05,5.7699246388592455e-05,/data/users/zhoushunyu/eqvae/experiments/prediction_target_toy_v4_direct_loss/seed20260807/D512/curv0p5/scale_unit_rms/loss_direct/H512
20260807,512,0.5,unit_rms,512,direct,xeps_g0p003,xeps,0.003,0.0423761207014504,0.0006241798400878,1.4402437210083008,0.0207318570464849,0.0002690755204908,-0.0004460843518435,0.0012869977907041,/data/users/zhoushunyu/eqvae/experiments/prediction_target_toy_v4_direct_loss/seed20260807/D512/curv0p5/scale_unit_rms/loss_direct/H512
20260807,512,0.5,unit_rms,512,direct,xv_tan_g0p003,xv_tangent,0.003,0.0422782234819863,0.0006202459335327,1.4402437210083008,0.020762899890542,2.027662297965714e-05,-1.314401216897295e-05,5.0647393648923e-05,/data/users/zhoushunyu/eqvae/experiments/prediction_target_toy_v4_direct_loss/seed20260807/D512/curv0p5/scale_unit_rms/loss_direct/H512
20260807,512,0.5,unit_rms,512,direct,xv_normcomp_g0p003,xv_normal,0.003,0.042240133661926,0.0006191730499267,1.4402437210083008,0.0207638964056968,-1.6013982914273722e-06,-2.944821865662351e-05,1.5103034609570051e-05,/data/users/zhoushunyu/eqvae/experiments/prediction_target_toy_v4_direct_loss/seed20260807/D512/curv0p5/scale_unit_rms/loss_direct/H512
20260807,512,0.5,unit_rms,512,direct,xv_g0p01,xv,0.01,0.0423204435528614,0.0006211996078491,1.4402437210083008,0.0208370517939329,3.8118934006121234e-05,-0.0003651779166208,0.0003576889853063,/data/users/zhoushunyu/eqvae/experiments/prediction_target_toy_v4_direct_loss/seed20260807/D512/curv0p5/scale_unit_rms/loss_direct/H512
20260807,512,0.5,unit_rms,512,direct,xeps_g0p01,xeps,0.01,0.0429450977989298,0.0006420612335205,1.4402437210083008,0.020673532038927,0.0012376578002297,-0.0010060959870939,0.0034015330638892,/data/users/zhoushunyu/eqvae/experiments/prediction_target_toy_v4_direct_loss/seed20260807/D512/curv0p5/scale_unit_rms/loss_direct/H512
20260807,512,0.5,unit_rms,512,direct,xv_tan_g0p01,xv_tangent,0.01,0.0423395001065318,0.0006201267242431,1.4402437210083008,0.0207987483590841,5.092049735128827e-05,-0.0002331447933345,0.000350419805228,/data/users/zhoushunyu/eqvae/experiments/prediction_target_toy_v4_direct_loss/seed20260807/D512/curv0p5/scale_unit_rms/loss_direct/H512
20260807,512,0.5,unit_rms,512,direct,xv_normcomp_g0p01,xv_normal,0.01,0.042228578167025,0.0006176233291625,1.4402437210083008,0.0207852199673652,-8.210293216715376e-06,-7.934296339688722e-05,3.876881038345249e-05,/data/users/zhoushunyu/eqvae/experiments/prediction_target_toy_v4_direct_loss/seed20260807/D512/curv0p5/scale_unit_rms/loss_direct/H512
20260807,512,0.5,unit_rms,512,direct,xv_g0p03,xv,0.03,0.0425288522161189,0.000632882118225,1.4402437210083008,0.0209654346108436,0.0001790312961581,-0.0004722796117013,0.0009603653177584,/data/users/zhoushunyu/eqvae/experiments/prediction_target_toy_v4_direct_loss/seed20260807/D512/curv0p5/scale_unit_rms/loss_direct/H512
20260807,512,0.5,unit_rms,512,direct,xeps_g0p03,xeps,0.03,0.0474016106026915,0.0007989406585693,1.4402437210083008,0.0204632561653852,0.0050334832750661,-0.0010401800219152,0.0111717906763715,/data/users/zhoushunyu/eqvae/experiments/prediction_target_toy_v4_direct_loss/seed20260807/D512/curv0p5/scale_unit_rms/loss_direct/H512
20260807,512,0.5,unit_rms,512,direct,xv_tan_g0p03,xv_tangent,0.03,0.0425935684159361,0.0006343126296997,1.4402437210083008,0.0208826214075088,0.000168601839875,-0.0004054136181615,0.0008785074057766,/data/users/zhoushunyu/eqvae/experiments/prediction_target_toy_v4_direct_loss/seed20260807/D512/curv0p5/scale_unit_rms/loss_direct/H512
20260807,512,0.5,unit_rms,512,direct,xv_normcomp_g0p03,xv_normal,0.03,0.042211497155123,0.0006170272827148,1.4402437210083008,0.0208646822720766,-2.4012489102814978e-05,-0.0005541267514023,0.0004098753690745,/data/users/zhoushunyu/eqvae/experiments/prediction_target_toy_v4_direct_loss/seed20260807/D512/curv0p5/scale_unit_rms/loss_direct/H512
20260807,512,0.5,unit_rms,512,direct,xv_g0p1,xv,0.1,0.0437199315792975,0.0006798505783081,1.4402437210083008,0.0212804749608039,0.0009061415845581,-0.0007895886905924,0.0023535212527146,/data/users/zhoushunyu/eqvae/experiments/prediction_target_toy_v4_direct_loss/seed20260807/D512/curv0p5/scale_unit_rms/loss_direct/H512
20260807,512,0.5,unit_rms,512,direct,xeps_g0p1,xeps,0.1,0.0692381766737855,0.0017033815383911,1.4402437210083008,0.0195445902645587,0.0233699195245481,0.0080493949562326,0.0362174198300915,/data/users/zhoushunyu/eqvae/experiments/prediction_target_toy_v4_direct_loss/seed20260807/D512/curv0p5/scale_unit_rms/loss_direct/H512
20260807,512,0.5,unit_rms,512,direct,xv_tan_g0p1,xv_tangent,0.1,0.0436471624089976,0.0006779432296752,1.4402437210083008,0.0209931600838899,0.0007646227339651,-0.0004402587233147,0.0021465821360741,/data/users/zhoushunyu/eqvae/experiments/prediction_target_toy_v4_direct_loss/seed20260807/D512/curv0p5/scale_unit_rms/loss_direct/H512
20260807,512,0.5,unit_rms,512,direct,xv_normcomp_g0p1,xv_normal,0.1,0.0419604119303373,0.0006099939346313,1.4402437210083008,0.0211205501109361,-7.668065407216831e-05,-0.0012175560023138,0.0008500282343522,/data/users/zhoushunyu/eqvae/experiments/prediction_target_toy_v4_direct_loss/seed20260807/D512/curv0p5/scale_unit_rms/loss_direct/H512
20260807,512,0.5,unit_rms,512,direct,xv_g0p3,xv,0.3,0.0469310008878089,0.000817060470581,1.4402437210083008,0.0221894215792417,0.003007926312666,-0.0005510840387014,0.0059976595266139,/data/users/zhoushunyu/eqvae/experiments/prediction_target_toy_v4_direct_loss/seed20260807/D512/curv0p5/scale_unit_rms/loss_direct/H512
20260807,512,0.5,unit_rms,512,direct,xeps_g0p3,xeps,0.3,0.1553319102380526,0.0082755088806152,1.4402437210083008,0.0173704456537961,0.1035349506599589,0.0793807732916899,0.1231997755757587,/data/users/zhoushunyu/eqvae/experiments/prediction_target_toy_v4_direct_loss/seed20260807/D512/curv0p5/scale_unit_rms/loss_direct/H512
20260807,512,0.5,unit_rms,512,direct,xv_tan_g0p3,xv_tangent,0.3,0.046348532633451,0.0007996559143066,1.4402437210083008,0.021238213405013,0.0031103220261136,0.000437019818861,0.0059841253852413,/data/users/zhoushunyu/eqvae/experiments/prediction_target_toy_v4_direct_loss/seed20260807/D512/curv0p5/scale_unit_rms/loss_direct/H512
20260807,512,0.5,unit_rms,512,direct,xv_normcomp_g0p3,xv_normal,0.3,0.0423782339166999,0.0006101131439208,1.4402437210083008,0.0216433443129062,-8.53288965657572e-06,-0.0021259712167286,0.001689738961187,/data/users/zhoushunyu/eqvae/experiments/prediction_target_toy_v4_direct_loss/seed20260807/D512/curv0p5/scale_unit_rms/loss_direct/H512
20260807,512,0.5,unit_rms,512,direct,xv_rms_etam0p03,xv_norm,-0.03,0.0388765997587261,0.0004945993423461,1.4402437210083008,0.0347575917840004,-0.0016416555595576,-0.0034993379671987,0.001569917994138,/data/users/zhoushunyu/eqvae/experiments/prediction_target_toy_v4_direct_loss/seed20260807/D512/curv0p5/scale_unit_rms/loss_direct/H512
20260807,512,0.5,unit_rms,512,direct,xv_rms_etam0p01,xv_norm,-0.01,0.0408345870006714,0.000568151473999,1.4402437210083008,0.0221908129751682,-0.0007555668080734,-0.0015766991360623,0.0004598955221175,/data/users/zhoushunyu/eqvae/experiments/prediction_target_toy_v4_direct_loss/seed20260807/D512/curv0p5/scale_unit_rms/loss_direct/H512
20260807,512,0.5,unit_rms,512,direct,xv_rms_eta0p01,xv_norm,0.01,0.0444782117526189,0.0006941556930541,1.4402437210083008,0.0234824083745479,0.0011256082209275,-0.0005189148583417,0.0022463927066047,/data/users/zhoushunyu/eqvae/experiments/prediction_target_toy_v4_direct_loss/seed20260807/D512/curv0p5/scale_unit_rms/loss_direct/H512
20260807,512,0.5,unit_rms,512,direct,xv_rms_eta0p03,xv_norm,0.03,0.0520235377587719,0.001013159751892,1.4402437210083008,0.0263260975480079,0.0058157598740022,-0.0005960191747165,0.0093622406391108,/data/users/zhoushunyu/eqvae/experiments/prediction_target_toy_v4_direct_loss/seed20260807/D512/curv0p5/scale_unit_rms/loss_direct/H512
20260808,512,0.5,unit_rms,128,direct,x,x,0.0,0.0427205143514706,0.0003682374954223,1.4543702602386477,0.0403450354933738,0.0,0.0,0.0,/data/users/zhoushunyu/eqvae/experiments/prediction_target_toy_v4_direct_loss/seed20260808/D512/curv0p5/scale_unit_rms/loss_direct/H128
20260808,512,0.5,unit_rms,128,direct,v,v,0.0,0.0387090804483,0.0004496574401855,1.4543702602386477,0.9396872520446776,-0.0016772759091734,-0.0135576425969235,0.009321465158156,/data/users/zhoushunyu/eqvae/experiments/prediction_target_toy_v4_direct_loss/seed20260808/D512/curv0p5/scale_unit_rms/loss_direct/H128
20260808,512,0.5,unit_rms,128,direct,eps,eps,0.0,1.4866542406229457,0.2813371419906616,1.4543702602386477,44.00493621826172,1.4249559523804036,1.3663926160112343,1.4899043647732773,/data/users/zhoushunyu/eqvae/experiments/prediction_target_toy_v4_direct_loss/seed20260808/D512/curv0p5/scale_unit_rms/loss_direct/H128
20260808,512,0.5,unit_rms,128,direct,oracle,oracle,0.0,0.0383517449192824,0.00013267993927,1.4543702602386477,0.0166173167526721,0.0003480652431635,-0.0278762304530453,0.0295666222345204,/data/users/zhoushunyu/eqvae/experiments/prediction_target_toy_v4_direct_loss/seed20260808/D512/curv0p5/scale_unit_rms/loss_direct/H128
20260808,512,0.5,unit_rms,128,direct,xv_gm0p1,xv,-0.1,0.0406037129111285,0.0003172159194946,1.4543702602386477,0.0378832966089248,-0.0013049289851673,-0.0030278865933123,0.0005017890705126,/data/users/zhoushunyu/eqvae/experiments/prediction_target_toy_v4_direct_loss/seed20260808/D512/curv0p5/scale_unit_rms/loss_direct/H128
20260808,512,0.5,unit_rms,128,direct,xeps_gm0p1,xeps,-0.1,0.0582507451675915,0.001099944114685,1.4543702602386477,0.0439213290810585,0.0071454271661087,-0.0066101731590246,0.0220064510286409,/data/users/zhoushunyu/eqvae/experiments/prediction_target_toy_v4_direct_loss/seed20260808/D512/curv0p5/scale_unit_rms/loss_direct/H128
20260808,512,0.5,unit_rms,128,direct,xv_tan_gm0p1,xv_tangent,-0.1,0.0413915511023411,0.0003294944763183,1.4543702602386477,0.0395880974829196,-0.000766303272175,-0.0024531305842115,0.0009115728213406,/data/users/zhoushunyu/eqvae/experiments/prediction_target_toy_v4_direct_loss/seed20260808/D512/curv0p5/scale_unit_rms/loss_direct/H128
20260808,512,0.5,unit_rms,128,direct,xv_normcomp_gm0p1,xv_normal,-0.1,0.0418427929821816,0.0003527402877807,1.4543702602386477,0.0385207198560237,-0.0005268303628982,-0.0014541650574439,0.0006513336768485,/data/users/zhoushunyu/eqvae/experiments/prediction_target_toy_v4_direct_loss/seed20260808/D512/curv0p5/scale_unit_rms/loss_direct/H128
20260808,512,0.5,unit_rms,128,direct,xv_gm0p03,xv,-0.03,0.0421225453887524,0.0003528594970703,1.4543702602386477,0.0394366048276424,-0.000216298817981,-0.0010883097680427,0.0008064291303593,/data/users/zhoushunyu/eqvae/experiments/prediction_target_toy_v4_direct_loss/seed20260808/D512/curv0p5/scale_unit_rms/loss_direct/H128
20260808,512,0.5,unit_rms,128,direct,xeps_gm0p03,xeps,-0.03,0.0451327193229326,0.0005096197128295,1.4543702602386477,0.0411282889544963,0.0002746432432759,-0.0051389758369187,0.0055871309575931,/data/users/zhoushunyu/eqvae/experiments/prediction_target_toy_v4_direct_loss/seed20260808/D512/curv0p5/scale_unit_rms/loss_direct/H128
20260808,512,0.5,unit_rms,128,direct,xv_tan_gm0p03,xv_tangent,-0.03,0.042347997531732,0.000356912612915,1.4543702602386477,0.0400835610926151,-0.0001500256293754,-0.0008618574523689,0.0005399823029465,/data/users/zhoushunyu/eqvae/experiments/prediction_target_toy_v4_direct_loss/seed20260808/D512/curv0p5/scale_unit_rms/loss_direct/H128
20260808,512,0.5,unit_rms,128,direct,xv_normcomp_gm0p03,xv_normal,-0.03,0.0424614092798464,0.0003639459609985,1.4543702602386477,0.0397390946745872,-0.0001505684913049,-0.0005747853302998,0.0003961203692618,/data/users/zhoushunyu/eqvae/experiments/prediction_target_toy_v4_direct_loss/seed20260808/D512/curv0p5/scale_unit_rms/loss_direct/H128
20260808,512,0.5,unit_rms,128,direct,xv_gm0p01,xv,-0.01,0.0424773568721651,0.0003606081008911,1.4543702602386477,0.0400654636323452,-0.0001369191304983,-0.0005379251389649,0.0002639500559508,/data/users/zhoushunyu/eqvae/experiments/prediction_target_toy_v4_direct_loss/seed20260808/D512/curv0p5/scale_unit_rms/loss_direct/H128
20260808,512,0.5,unit_rms,128,direct,xeps_gm0p01,xeps,-0.01,0.0431010540625287,0.0004036426544189,1.4543702602386477,0.0406328774988651,-0.0002441594208488,-0.003080017287982,0.0023421125572207,/data/users/zhoushunyu/eqvae/experiments/prediction_target_toy_v4_direct_loss/seed20260808/D512/curv0p5/scale_unit_rms/loss_direct/H128
20260808,512,0.5,unit_rms,128,direct,xv_tan_gm0p01,xv_tangent,-0.01,0.0425586260217979,0.000364065170288,1.4543702602386477,0.0402563661336898,-7.788788566810847e-05,-0.0004513661992872,0.0002603548014096,/data/users/zhoushunyu/eqvae/experiments/prediction_target_toy_v4_direct_loss/seed20260808/D512/curv0p5/scale_unit_rms/loss_direct/H128
20260808,512,0.5,unit_rms,128,direct,xv_normcomp_gm0p01,xv_normal,-0.01,0.0426173827660833,0.0003668069839477,1.4543702602386477,0.0401364080607891,-6.247521130061267e-05,-0.0001790705600338,0.0001103793307822,/data/users/zhoushunyu/eqvae/experiments/prediction_target_toy_v4_direct_loss/seed20260808/D512/curv0p5/scale_unit_rms/loss_direct/H128
20260808,512,0.5,unit_rms,128,direct,xv_g0p003,xv,0.003,0.0427963165944657,0.000373363494873,1.4543702602386477,0.040419828146696,9.266438501113612e-05,-0.0001842617094847,0.0006641672646223,/data/users/zhoushunyu/eqvae/experiments/prediction_target_toy_v4_direct_loss/seed20260808/D512/curv0p5/scale_unit_rms/loss_direct/H128
20260808,512,0.5,unit_rms,128,direct,xeps_g0p003,xeps,0.003,0.0425217000551279,0.0003589391708374,1.4543702602386477,0.0402145162224769,1.1384293422194436e-05,-0.0010443815622059,0.000868092157606,/data/users/zhoushunyu/eqvae/experiments/prediction_target_toy_v4_direct_loss/seed20260808/D512/curv0p5/scale_unit_rms/loss_direct/H128
20260808,512,0.5,unit_rms,128,direct,xv_tan_g0p003,xv_tangent,0.003,0.0427717908043662,0.0003720521926879,1.4543702602386477,0.0403701961040496,9.138613288414498e-05,-0.0001997618618742,0.0005882224325573,/data/users/zhoushunyu/eqvae/experiments/prediction_target_toy_v4_direct_loss/seed20260808/D512/curv0p5/scale_unit_rms/loss_direct/H128
20260808,512,0.5,unit_rms,128,direct,xv_normcomp_g0p003,xv_normal,0.003,0.0427195090584719,0.0003668069839477,1.4543702602386477,0.0403887331485748,3.540441792955928e-05,-0.0001722653620727,0.0003160925696616,/data/users/zhoushunyu/eqvae/experiments/prediction_target_toy_v4_direct_loss/seed20260808/D512/curv0p5/scale_unit_rms/loss_direct/H128
20260808,512,0.5,unit_rms,128,direct,xv_g0p01,xv,0.01,0.0429009457132831,0.000373363494873,1.4543702602386477,0.040587730705738,0.0001868500796379,-0.0002105717031185,0.0008429349227569,/data/users/zhoushunyu/eqvae/experiments/prediction_target_toy_v4_direct_loss/seed20260808/D512/curv0p5/scale_unit_rms/loss_direct/H128
20260808,512,0.5,unit_rms,128,direct,xeps_g0p01,xeps,0.01,0.0421476176350477,0.000342845916748,1.4543702602386477,0.0400523878633976,0.0002100489627522,-0.0020857523038275,0.0019082777572422,/data/users/zhoushunyu/eqvae/experiments/prediction_target_toy_v4_direct_loss/seed20260808/D512/curv0p5/scale_unit_rms/loss_direct/H128
20260808,512,0.5,unit_rms,128,direct,xv_tan_g0p01,xv_tangent,0.01,0.0428057180114647,0.0003741979598999,1.4543702602386477,0.0403960756957531,0.0001194785869434,-0.0003429264176522,0.0007770510751482,/data/users/zhoushunyu/eqvae/experiments/prediction_target_toy_v4_direct_loss/seed20260808/D512/curv0p5/scale_unit_rms/loss_direct/H128
20260808,512,0.5,unit_rms,128,direct,xv_normcomp_g0p01,xv_normal,0.01,0.0427757225388654,0.0003684759140014,1.4543702602386477,0.0405254177749156,8.191560599084324e-05,-0.00021416065342,0.0004326849898317,/data/users/zhoushunyu/eqvae/experiments/prediction_target_toy_v4_direct_loss/seed20260808/D512/curv0p5/scale_unit_rms/loss_direct/H128
20260808,512,0.5,unit_rms,128,direct,xv_g0p03,xv,0.03,0.0432498394176939,0.0003814697265625,1.4543702602386477,0.0411685183644294,0.0004480768438297,-0.0004351033841259,0.0013574987879418,/data/users/zhoushunyu/eqvae/experiments/prediction_target_toy_v4_direct_loss/seed20260808/D512/curv0p5/scale_unit_rms/loss_direct/H128
20260808,512,0.5,unit_rms,128,direct,xeps_g0p03,xeps,0.03,0.0427253148508496,0.000309944152832,1.4543702602386477,0.0395976863801479,0.0011449157571583,-0.0043663049964918,0.0061372252963697,/data/users/zhoushunyu/eqvae/experiments/prediction_target_toy_v4_direct_loss/seed20260808/D512/curv0p5/scale_unit_rms/loss_direct/H128
20260808,512,0.5,unit_rms,128,direct,xv_tan_g0p03,xv_tangent,0.03,0.0431180072053973,0.0003832578659057,1.4543702602386477,0.0405146852135658,0.0002714667449448,-0.0003660992984071,0.0011343005946398,/data/users/zhoushunyu/eqvae/experiments/prediction_target_toy_v4_direct_loss/seed20260808/D512/curv0p5/scale_unit_rms/loss_direct/H128
20260808,512,0.5,unit_rms,128,direct,xv_normcomp_g0p03,xv_normal,0.03,0.0429788834302085,0.000374436378479,1.4543702602386477,0.0409263037145137,0.0002627572167018,-0.0001486911536756,0.0008457250019248,/data/users/zhoushunyu/eqvae/experiments/prediction_target_toy_v4_direct_loss/seed20260808/D512/curv0p5/scale_unit_rms/loss_direct/H128
20260808,512,0.5,unit_rms,128,direct,xv_g0p1,xv,0.1,0.0446655987875413,0.0004240274429321,1.4543702602386477,0.0430963039398193,0.0013344464903112,-0.0004786873698373,0.0030767173476082,/data/users/zhoushunyu/eqvae/experiments/prediction_target_toy_v4_direct_loss/seed20260808/D512/curv0p5/scale_unit_rms/loss_direct/H128
20260808,512,0.5,unit_rms,128,direct,xeps_g0p1,xeps,0.1,0.0533165885301798,0.0004675388336181,1.4543702602386477,0.0384075604379177,0.0095305850379913,-0.0029617862323203,0.023105979198093,/data/users/zhoushunyu/eqvae/experiments/prediction_target_toy_v4_direct_loss/seed20260808/D512/curv0p5/scale_unit_rms/loss_direct/H128
20260808,512,0.5,unit_rms,128,direct,xv_tan_g0p1,xv_tangent,0.1,0.0439370250735348,0.0004096031188964,1.4543702602386477,0.0409931614995002,0.0008070589900164,-0.0005636319922602,0.00267693414122,/data/users/zhoushunyu/eqvae/experiments/prediction_target_toy_v4_direct_loss/seed20260808/D512/curv0p5/scale_unit_rms/loss_direct/H128
20260808,512,0.5,unit_rms,128,direct,xv_normcomp_g0p1,xv_normal,0.1,0.0432857762763213,0.0003790855407714,1.4543702602386477,0.0423461720347404,0.0004650155083691,-0.0004644872333982,0.0013050807962313,/data/users/zhoushunyu/eqvae/experiments/prediction_target_toy_v4_direct_loss/seed20260808/D512/curv0p5/scale_unit_rms/loss_direct/H128
20260808,512,0.5,unit_rms,128,direct,xv_g0p3,xv,0.3,0.0495392792832182,0.0005569458007812,1.4543702602386477,0.0488599725067615,0.004472746915591,0.0012400912944234,0.0083590694196179,/data/users/zhoushunyu/eqvae/experiments/prediction_target_toy_v4_direct_loss/seed20260808/D512/curv0p5/scale_unit_rms/loss_direct/H128
20260808,512,0.5,unit_rms,128,direct,xeps_g0p3,xeps,0.3,0.1271227985808947,0.0042800903320312,1.4543702602386477,0.0344572663307189,0.0718040212029278,0.0504914782862594,0.0964058285002611,/data/users/zhoushunyu/eqvae/experiments/prediction_target_toy_v4_direct_loss/seed20260808/D512/curv0p5/scale_unit_rms/loss_direct/H128
20260808,512,0.5,unit_rms,128,direct,xv_tan_g0p3,xv_tangent,0.3,0.0466865214265034,0.0005031824111938,1.4543702602386477,0.0424733757972717,0.0025656012187366,-0.0004804927270963,0.0066014092738267,/data/users/zhoushunyu/eqvae/experiments/prediction_target_toy_v4_direct_loss/seed20260808/D512/curv0p5/scale_unit_rms/loss_direct/H128
20260808,512,0.5,unit_rms,128,direct,xv_normcomp_g0p3,xv_normal,0.3,0.0450094259625636,0.0004125833511352,1.4543702602386477,0.0462592840194702,0.0014327364589798,-0.0007410992206316,0.0035460414599426,/data/users/zhoushunyu/eqvae/experiments/prediction_target_toy_v4_direct_loss/seed20260808/D512/curv0p5/scale_unit_rms/loss_direct/H128
20260808,512,0.5,unit_rms,128,direct,xv_rms_etam0p03,xv_norm,-0.03,0.037239484480544,0.0002427101135253,1.4543702602386477,0.0434317998588085,-0.0032794843347742,-0.0073113740423513,6.54222140594948e-05,/data/users/zhoushunyu/eqvae/experiments/prediction_target_toy_v4_direct_loss/seed20260808/D512/curv0p5/scale_unit_rms/loss_direct/H128
20260808,512,0.5,unit_rms,128,direct,xv_rms_etam0p01,xv_norm,-0.01,0.0401297665898766,0.0002985000610351,1.4543702602386477,0.0376227349042892,-0.0016762020923418,-0.003371271426265,-0.0004414792672712,/data/users/zhoushunyu/eqvae/experiments/prediction_target_toy_v4_direct_loss/seed20260808/D512/curv0p5/scale_unit_rms/loss_direct/H128
20260808,512,0.5,unit_rms,128,direct,xv_rms_eta0p01,xv_norm,0.01,0.0464820787438988,0.0005013942718505,1.4543702602386477,0.0471207611262798,0.0026468551951817,0.000991125118901,0.004659888530907,/data/users/zhoushunyu/eqvae/experiments/prediction_target_toy_v4_direct_loss/seed20260808/D512/curv0p5/scale_unit_rms/loss_direct/H128
20260808,512,0.5,unit_rms,128,direct,xv_rms_eta0p03,xv_norm,0.03,0.0588349797913173,0.0010902881622314,1.4543702602386477,0.0624679364264011,0.0117270038632131,0.0057191740494084,0.0180848821849827,/data/users/zhoushunyu/eqvae/experiments/prediction_target_toy_v4_direct_loss/seed20260808/D512/curv0p5/scale_unit_rms/loss_direct/H128
20260808,512,0.5,unit_rms,256,direct,x,x,0.0,0.0429275629087717,0.0004281997680664,1.4652330875396729,0.0248290970921516,0.0,0.0,0.0,/data/users/zhoushunyu/eqvae/experiments/prediction_target_toy_v4_direct_loss/seed20260808/D512/curv0p5/scale_unit_rms/loss_direct/H256
20260808,512,0.5,unit_rms,256,direct,v,v,0.0,0.0269809654615919,4.291534423828125e-05,1.4652330875396729,0.8581985235214233,-0.0058338953037947,-0.0195130086569782,0.0121057014162187,/data/users/zhoushunyu/eqvae/experiments/prediction_target_toy_v4_direct_loss/seed20260808/D512/curv0p5/scale_unit_rms/loss_direct/H256
20260808,512,0.5,unit_rms,256,direct,eps,eps,0.0,1.4814381411735744,0.2873575687408447,1.4652330875396729,39.09341812133789,1.4026315605478823,1.330601104879552,1.4765478341756606,/data/users/zhoushunyu/eqvae/experiments/prediction_target_toy_v4_direct_loss/seed20260808/D512/curv0p5/scale_unit_rms/loss_direct/H256
20260808,512,0.5,unit_rms,256,direct,oracle,oracle,0.0,0.0412275793962219,0.0002580881118774,1.4652330875396729,0.0165136028081178,0.0029923130566243,-0.0148362601442575,0.0205140320555124,/data/users/zhoushunyu/eqvae/experiments/prediction_target_toy_v4_direct_loss/seed20260808/D512/curv0p5/scale_unit_rms/loss_direct/H256
20260808,512,0.5,unit_rms,256,direct,xv_gm0p1,xv,-0.1,0.0414948861224857,0.0003941059112548,1.4652330875396729,0.0240113567560911,-0.000741791612912,-0.0029893812653937,0.0015993949677996,/data/users/zhoushunyu/eqvae/experiments/prediction_target_toy_v4_direct_loss/seed20260808/D512/curv0p5/scale_unit_rms/loss_direct/H256
20260808,512,0.5,unit_rms,256,direct,xeps_gm0p1,xeps,-0.1,0.0526507646374917,0.0006841421127319,1.4652330875396729,0.0271342620253562,0.0010564748393956,-0.0184021289429193,0.0205328762621437,/data/users/zhoushunyu/eqvae/experiments/prediction_target_toy_v4_direct_loss/seed20260808/D512/curv0p5/scale_unit_rms/loss_direct/H256
20260808,512,0.5,unit_rms,256,direct,xv_tan_gm0p1,xv_tangent,-0.1,0.0417472471719301,0.0003926753997802,1.4652330875396729,0.0245521496981382,-0.0006315704540001,-0.0022140670079182,0.0012660076492712,/data/users/zhoushunyu/eqvae/experiments/prediction_target_toy_v4_direct_loss/seed20260808/D512/curv0p5/scale_unit_rms/loss_direct/H256
20260808,512,0.5,unit_rms,256,direct,xv_normcomp_gm0p1,xv_normal,-0.1,0.0422851185734661,0.0004056692123413,1.4652330875396729,0.02426153793931,-9.177385223873796e-05,-0.0014668869396976,0.0018848582123227,/data/users/zhoushunyu/eqvae/experiments/prediction_target_toy_v4_direct_loss/seed20260808/D512/curv0p5/scale_unit_rms/loss_direct/H256
20260808,512,0.5,unit_rms,256,direct,xv_gm0p03,xv,-0.03,0.0423323021134225,0.0004091262817382,1.4652330875396729,0.024537855759263,-0.0003309559254354,-0.0016638584963232,0.0012116744254943,/data/users/zhoushunyu/eqvae/experiments/prediction_target_toy_v4_direct_loss/seed20260808/D512/curv0p5/scale_unit_rms/loss_direct/H256
20260808,512,0.5,unit_rms,256,direct,xeps_gm0p03,xeps,-0.03,0.0430879468351842,0.0003809928894042,1.4652330875396729,0.025381039828062,-0.0017536444400799,-0.008461949144983,0.0056391322516268,/data/users/zhoushunyu/eqvae/experiments/prediction_target_toy_v4_direct_loss/seed20260808/D512/curv0p5/scale_unit_rms/loss_direct/H256
20260808,512,0.5,unit_rms,256,direct,xv_tan_gm0p03,xv_tangent,-0.03,0.0425156741229775,0.0004128217697143,1.4652330875396729,0.0247206669300794,-0.0001557478039192,-0.0009293076457151,0.0010417851648199,/data/users/zhoushunyu/eqvae/experiments/prediction_target_toy_v4_direct_loss/seed20260808/D512/curv0p5/scale_unit_rms/loss_direct/H256
20260808,512,0.5,unit_rms,256,direct,xv_normcomp_gm0p03,xv_normal,-0.03,0.0427513022812173,0.000420331954956,1.4652330875396729,0.0246275514364242,-9.893812331387558e-05,-0.0010769881566767,0.0009766745550343,/data/users/zhoushunyu/eqvae/experiments/prediction_target_toy_v4_direct_loss/seed20260808/D512/curv0p5/scale_unit_rms/loss_direct/H256
20260808,512,0.5,unit_rms,256,direct,xv_gm0p01,xv,-0.01,0.0427970605557141,0.0004204511642456,1.4652330875396729,0.0247186366468668,-8.904501936788434e-05,-0.0007053418185318,0.0004892380754693,/data/users/zhoushunyu/eqvae/experiments/prediction_target_toy_v4_direct_loss/seed20260808/D512/curv0p5/scale_unit_rms/loss_direct/H256
20260808,512,0.5,unit_rms,256,direct,xeps_gm0p01,xeps,-0.01,0.0426404525598794,0.000396728515625,1.4652330875396729,0.0249273125082254,-0.0009076295386541,-0.003969915065252,0.0018715795605928,/data/users/zhoushunyu/eqvae/experiments/prediction_target_toy_v4_direct_loss/seed20260808/D512/curv0p5/scale_unit_rms/loss_direct/H256
20260808,512,0.5,unit_rms,256,direct,xv_tan_gm0p01,xv_tangent,-0.01,0.0428769168257828,0.0004222393035888,1.4652330875396729,0.0247772205621004,-2.282051931730887e-05,-0.0002534031194115,0.0003925326489675,/data/users/zhoushunyu/eqvae/experiments/prediction_target_toy_v4_direct_loss/seed20260808/D512/curv0p5/scale_unit_rms/loss_direct/H256
20260808,512,0.5,unit_rms,256,direct,xv_normcomp_gm0p01,xv_normal,-0.01,0.0429463362828023,0.0004265308380126,1.4652330875396729,0.024744851514697,-3.475523248164352e-05,-0.0006358617537576,0.0002591349142183,/data/users/zhoushunyu/eqvae/experiments/prediction_target_toy_v4_direct_loss/seed20260808/D512/curv0p5/scale_unit_rms/loss_direct/H256
20260808,512,0.5,unit_rms,256,direct,xv_g0p003,xv,0.003,0.042961079713736,0.000428557395935,1.4652330875396729,0.0248485282063484,3.458825326287662e-06,-0.0003527370429618,0.000230617705052,/data/users/zhoushunyu/eqvae/experiments/prediction_target_toy_v4_direct_loss/seed20260808/D512/curv0p5/scale_unit_rms/loss_direct/H256
20260808,512,0.5,unit_rms,256,direct,xeps_g0p003,xeps,0.003,0.0427481170391989,0.0004277229309082,1.4652330875396729,0.0247551575303077,0.0003919335156619,-0.000468875396993,0.00156607135308,/data/users/zhoushunyu/eqvae/experiments/prediction_target_toy_v4_direct_loss/seed20260808/D512/curv0p5/scale_unit_rms/loss_direct/H256
20260808,512,0.5,unit_rms,256,direct,xv_tan_g0p003,xv_tangent,0.003,0.0429631233741154,0.0004291534423828,1.4652330875396729,0.0248258225619792,3.3687779187219905e-06,-0.0003650865287534,0.0002449771677612,/data/users/zhoushunyu/eqvae/experiments/prediction_target_toy_v4_direct_loss/seed20260808/D512/curv0p5/scale_unit_rms/loss_direct/H256
20260808,512,0.5,unit_rms,256,direct,xv_normcomp_g0p003,xv_normal,0.003,0.0429266675806903,0.0004278421401977,1.4652330875396729,0.0248435921967029,1.1039644126481644e-05,-3.3607300474756965e-05,0.0001615608624728,/data/users/zhoushunyu/eqvae/experiments/prediction_target_toy_v4_direct_loss/seed20260808/D512/curv0p5/scale_unit_rms/loss_direct/H256
20260808,512,0.5,unit_rms,256,direct,xv_g0p01,xv,0.01,0.0431222691244134,0.000433325767517,1.4652330875396729,0.0249224305152893,5.011549021375142e-06,-0.000657207530607,0.0004874649251405,/data/users/zhoushunyu/eqvae/experiments/prediction_target_toy_v4_direct_loss/seed20260808/D512/curv0p5/scale_unit_rms/loss_direct/H256
20260808,512,0.5,unit_rms,256,direct,xeps_g0p01,xeps,0.01,0.0427734061572327,0.0004357099533081,1.4652330875396729,0.0247440431267023,0.0011957151183255,-0.0014108431612116,0.0038998219567928,/data/users/zhoushunyu/eqvae/experiments/prediction_target_toy_v4_direct_loss/seed20260808/D512/curv0p5/scale_unit_rms/loss_direct/H256
20260808,512,0.5,unit_rms,256,direct,xv_tan_g0p01,xv_tangent,0.01,0.0429360235335451,0.000429630279541,1.4652330875396729,0.0248347111046314,1.2587539191711431e-05,-0.0007029553843849,0.0005097434294022,/data/users/zhoushunyu/eqvae/experiments/prediction_target_toy_v4_direct_loss/seed20260808/D512/curv0p5/scale_unit_rms/loss_direct/H256
20260808,512,0.5,unit_rms,256,direct,xv_normcomp_g0p01,xv_normal,0.01,0.0429205558161661,0.0004278421401977,1.4652330875396729,0.0248964447528123,1.0953886891459377e-05,-0.0001037493878735,0.0001595333367567,/data/users/zhoushunyu/eqvae/experiments/prediction_target_toy_v4_direct_loss/seed20260808/D512/curv0p5/scale_unit_rms/loss_direct/H256
20260808,512,0.5,unit_rms,256,direct,xv_g0p03,xv,0.03,0.0430962851337696,0.0004321336746215,1.4652330875396729,0.0251160692423582,0.0001563932242025,-0.0012000667994991,0.0012248302732083,/data/users/zhoushunyu/eqvae/experiments/prediction_target_toy_v4_direct_loss/seed20260808/D512/curv0p5/scale_unit_rms/loss_direct/H256
20260808,512,0.5,unit_rms,256,direct,xeps_g0p03,xeps,0.03,0.0455619264349976,0.000545859336853,1.4652330875396729,0.0244142059236764,0.0043616385662918,-0.0016612120447079,0.0107263909069223,/data/users/zhoushunyu/eqvae/experiments/prediction_target_toy_v4_direct_loss/seed20260808/D512/curv0p5/scale_unit_rms/loss_direct/H256
20260808,512,0.5,unit_rms,256,direct,xv_tan_g0p03,xv_tangent,0.03,0.0431677611931996,0.0004352331161499,1.4652330875396729,0.0248893480747938,0.0001078115681724,-0.0009720642643791,0.0009100932170988,/data/users/zhoushunyu/eqvae/experiments/prediction_target_toy_v4_direct_loss/seed20260808/D512/curv0p5/scale_unit_rms/loss_direct/H256
20260808,512,0.5,unit_rms,256,direct,xv_normcomp_g0p03,xv_normal,0.03,0.042890986262925,0.0004278421401977,1.4652330875396729,0.0250348299741745,-6.204752663369131e-06,-0.0004777434976232,0.0004417655860063,/data/users/zhoushunyu/eqvae/experiments/prediction_target_toy_v4_direct_loss/seed20260808/D512/curv0p5/scale_unit_rms/loss_direct/H256
20260808,512,0.5,unit_rms,256,direct,xv_g0p1,xv,0.1,0.0448734170346561,0.000481367111206,1.4652330875396729,0.0258317738771438,0.0010361598990437,-0.002185174293585,0.0030842611818581,/data/users/zhoushunyu/eqvae/experiments/prediction_target_toy_v4_direct_loss/seed20260808/D512/curv0p5/scale_unit_rms/loss_direct/H256
20260808,512,0.5,unit_rms,256,direct,xeps_g0p1,xeps,0.1,0.0629883688669209,0.0012822151184082,1.4652330875396729,0.0236494410783052,0.0210038433909434,0.0052698894867359,0.0356726943584128,/data/users/zhoushunyu/eqvae/experiments/prediction_target_toy_v4_direct_loss/seed20260808/D512/curv0p5/scale_unit_rms/loss_direct/H256
20260808,512,0.5,unit_rms,256,direct,xv_tan_g0p1,xv_tangent,0.1,0.0440538516266018,0.0004593133926391,1.4652330875396729,0.0250383391976356,0.0008993619801835,-0.0016548186282165,0.0029892180516214,/data/users/zhoushunyu/eqvae/experiments/prediction_target_toy_v4_direct_loss/seed20260808/D512/curv0p5/scale_unit_rms/loss_direct/H256
20260808,512,0.5,unit_rms,256,direct,xv_normcomp_g0p1,xv_normal,0.1,0.043565185588425,0.0004445314407348,1.4652330875396729,0.0255771987140178,9.687288699083177e-05,-0.0016713047196367,0.0014021567144887,/data/users/zhoushunyu/eqvae/experiments/prediction_target_toy_v4_direct_loss/seed20260808/D512/curv0p5/scale_unit_rms/loss_direct/H256
20260808,512,0.5,unit_rms,256,direct,xv_g0p3,xv,0.3,0.0488828905204759,0.0005891323089599,1.4652330875396729,0.0280057787895202,0.0029908076625651,-0.0032544428358632,0.0079734274905585,/data/users/zhoushunyu/eqvae/experiments/prediction_target_toy_v4_direct_loss/seed20260808/D512/curv0p5/scale_unit_rms/loss_direct/H256
20260808,512,0.5,unit_rms,256,direct,xeps_g0p3,xeps,0.3,0.1489725368890189,0.0077148675918579,1.4652330875396729,0.0212568789720535,0.0987852050486485,0.0738311638411439,0.1191114388648561,/data/users/zhoushunyu/eqvae/experiments/prediction_target_toy_v4_direct_loss/seed20260808/D512/curv0p5/scale_unit_rms/loss_direct/H256
20260808,512,0.5,unit_rms,256,direct,xv_tan_g0p3,xv_tangent,0.3,0.0482844039773354,0.00057053565979,1.4652330875396729,0.0256776455789804,0.0024541553078771,-0.0025855615401367,0.0068834402189032,/data/users/zhoushunyu/eqvae/experiments/prediction_target_toy_v4_direct_loss/seed20260808/D512/curv0p5/scale_unit_rms/loss_direct/H256
20260808,512,0.5,unit_rms,256,direct,xv_normcomp_g0p3,xv_normal,0.3,0.0443394079731477,0.0004585981369018,1.4652330875396729,0.0270370654761791,0.0003442938997131,-0.003337895941638,0.0024152454423652,/data/users/zhoushunyu/eqvae/experiments/prediction_target_toy_v4_direct_loss/seed20260808/D512/curv0p5/scale_unit_rms/loss_direct/H256
20260808,512,0.5,unit_rms,256,direct,xv_rms_etam0p03,xv_norm,-0.03,0.0388592543609628,0.0003347396850585,1.4652330875396729,0.035777349025011,-0.0016691730201385,-0.0045158097872539,0.0027310584991996,/data/users/zhoushunyu/eqvae/experiments/prediction_target_toy_v4_direct_loss/seed20260808/D512/curv0p5/scale_unit_rms/loss_direct/H256
20260808,512,0.5,unit_rms,256,direct,xv_rms_etam0p01,xv_norm,-0.01,0.0410653743050111,0.0003836154937744,1.4652330875396729,0.0249022636562585,-0.0007977837045301,-0.0022357528442889,0.0013270243658361,/data/users/zhoushunyu/eqvae/experiments/prediction_target_toy_v4_direct_loss/seed20260808/D512/curv0p5/scale_unit_rms/loss_direct/H256
20260808,512,0.5,unit_rms,256,direct,xv_rms_eta0p01,xv_norm,0.01,0.0458684803184411,0.0005048513412475,1.4652330875396729,0.0289006773382425,0.0012545945379394,-0.001081237698429,0.0029724618786627,/data/users/zhoushunyu/eqvae/experiments/prediction_target_toy_v4_direct_loss/seed20260808/D512/curv0p5/scale_unit_rms/loss_direct/H256
20260808,512,0.5,unit_rms,256,direct,xv_rms_eta0p03,xv_norm,0.03,0.0554820367740608,0.0008401870727539,1.4652330875396729,0.0350013710558414,0.0068675589438373,-0.0014232292680132,0.0127456855787468,/data/users/zhoushunyu/eqvae/experiments/prediction_target_toy_v4_direct_loss/seed20260808/D512/curv0p5/scale_unit_rms/loss_direct/H256
20260808,512,0.5,unit_rms,512,direct,x,x,0.0,0.0345389470902773,-3.421306610107422e-05,1.5404722690582275,0.0215000715106725,0.0,0.0,0.0,/data/users/zhoushunyu/eqvae/experiments/prediction_target_toy_v4_direct_loss/seed20260808/D512/curv0p5/scale_unit_rms/loss_direct/H512
20260808,512,0.5,unit_rms,512,direct,v,v,0.0,0.0396466711466894,0.0004161596298217,1.5404722690582275,0.6839551329612732,-0.0020951921481387,-0.019532521165609,0.0140548049923278,/data/users/zhoushunyu/eqvae/experiments/prediction_target_toy_v4_direct_loss/seed20260808/D512/curv0p5/scale_unit_rms/loss_direct/H512
20260808,512,0.5,unit_rms,512,direct,eps,eps,0.0,1.4542526302469572,0.2631394863128662,1.5404722690582275,28.787736892700195,1.413843210964428,1.3498536700025396,1.4771539440454011,/data/users/zhoushunyu/eqvae/experiments/prediction_target_toy_v4_direct_loss/seed20260808/D512/curv0p5/scale_unit_rms/loss_direct/H512
20260808,512,0.5,unit_rms,512,direct,oracle,oracle,0.0,0.0401247206096121,0.0001555681228637,1.5404722690582275,0.0165102742612361,0.0015427883045153,-0.0104811095628227,0.0121952724831749,/data/users/zhoushunyu/eqvae/experiments/prediction_target_toy_v4_direct_loss/seed20260808/D512/curv0p5/scale_unit_rms/loss_direct/H512
20260808,512,0.5,unit_rms,512,direct,xv_gm0p1,xv,-0.1,0.0333136482140469,-3.874301910400391e-05,1.5404722690582275,0.020743953064084,-0.0013729765323276,-0.0034433767094692,0.0004889104302544,/data/users/zhoushunyu/eqvae/experiments/prediction_target_toy_v4_direct_loss/seed20260808/D512/curv0p5/scale_unit_rms/loss_direct/H512
20260808,512,0.5,unit_rms,512,direct,xeps_gm0p1,xeps,-0.1,0.0367952075822312,0.0001928806304931,1.5404722690582275,0.0231895539909601,0.0071285340266722,-0.0094053284930685,0.0205037945797939,/data/users/zhoushunyu/eqvae/experiments/prediction_target_toy_v4_direct_loss/seed20260808/D512/curv0p5/scale_unit_rms/loss_direct/H512
20260808,512,0.5,unit_rms,512,direct,xv_tan_gm0p1,xv_tangent,-0.1,0.0335504281758095,-3.731250762939453e-05,1.5404722690582275,0.0212609618902206,-0.0012093993487413,-0.0030564709571236,0.0005449167415039,/data/users/zhoushunyu/eqvae/experiments/prediction_target_toy_v4_direct_loss/seed20260808/D512/curv0p5/scale_unit_rms/loss_direct/H512
20260808,512,0.5,unit_rms,512,direct,xv_normcomp_gm0p1,xv_normal,-0.1,0.0343425121288417,-3.445148468017578e-05,1.5404722690582275,0.0209451429545879,-0.0002431666276392,-0.0013591231952382,0.0005537337437043,/data/users/zhoushunyu/eqvae/experiments/prediction_target_toy_v4_direct_loss/seed20260808/D512/curv0p5/scale_unit_rms/loss_direct/H512
20260808,512,0.5,unit_rms,512,direct,xv_gm0p03,xv,-0.03,0.0339433007874608,-3.9458274841308594e-05,1.5404722690582275,0.021244091913104,-0.000492097081631,-0.001483512237855,0.0002315771143514,/data/users/zhoushunyu/eqvae/experiments/prediction_target_toy_v4_direct_loss/seed20260808/D512/curv0p5/scale_unit_rms/loss_direct/H512
20260808,512,0.5,unit_rms,512,direct,xeps_gm0p03,xeps,-0.03,0.0309170351394585,-4.291534423828125e-05,1.5404722690582275,0.0217817537486553,1.1570624381536248e-05,-0.0067558926890285,0.0058733836300748,/data/users/zhoushunyu/eqvae/experiments/prediction_target_toy_v4_direct_loss/seed20260808/D512/curv0p5/scale_unit_rms/loss_direct/H512
20260808,512,0.5,unit_rms,512,direct,xv_tan_gm0p03,xv_tangent,-0.03,0.034094352424413,-3.790855407714844e-05,1.5404722690582275,0.0214458908885717,-0.0004160936420242,-0.0014180322850218,0.0003136496488677,/data/users/zhoushunyu/eqvae/experiments/prediction_target_toy_v4_direct_loss/seed20260808/D512/curv0p5/scale_unit_rms/loss_direct/H512
20260808,512,0.5,unit_rms,512,direct,xv_normcomp_gm0p03,xv_normal,-0.03,0.0345260006221593,-3.325939178466797e-05,1.5404722690582275,0.0212948080152273,-0.000119600722976,-0.0007646410963572,0.0003871621866154,/data/users/zhoushunyu/eqvae/experiments/prediction_target_toy_v4_direct_loss/seed20260808/D512/curv0p5/scale_unit_rms/loss_direct/H512
20260808,512,0.5,unit_rms,512,direct,xv_gm0p01,xv,-0.01,0.0344491795109316,-3.2782554626464844e-05,1.5404722690582275,0.0214036349207162,-0.0001642654844309,-0.0009196912879143,0.0003892666479719,/data/users/zhoushunyu/eqvae/experiments/prediction_target_toy_v4_direct_loss/seed20260808/D512/curv0p5/scale_unit_rms/loss_direct/H512
20260808,512,0.5,unit_rms,512,direct,xeps_gm0p01,xeps,-0.01,0.0329457223748218,-4.673004150390625e-05,1.5404722690582275,0.021546883508563,-0.0002386249957229,-0.002758177171161,0.0023569947400906,/data/users/zhoushunyu/eqvae/experiments/prediction_target_toy_v4_direct_loss/seed20260808/D512/curv0p5/scale_unit_rms/loss_direct/H512
20260808,512,0.5,unit_rms,512,direct,xv_tan_gm0p01,xv_tangent,-0.01,0.0345158909846408,-3.2901763916015625e-05,1.5404722690582275,0.0214805118739604,-0.0001544554312513,-0.0008602981523984,0.0003233671339602,/data/users/zhoushunyu/eqvae/experiments/prediction_target_toy_v4_direct_loss/seed20260808/D512/curv0p5/scale_unit_rms/loss_direct/H512
20260808,512,0.5,unit_rms,512,direct,xv_normcomp_gm0p01,xv_normal,-0.01,0.0345273747931988,-3.314018249511719e-05,1.5404722690582275,0.0214326977729797,-3.801688333178253e-05,-0.0006036361183397,0.0004230386741999,/data/users/zhoushunyu/eqvae/experiments/prediction_target_toy_v4_direct_loss/seed20260808/D512/curv0p5/scale_unit_rms/loss_direct/H512
20260808,512,0.5,unit_rms,512,direct,xv_g0p003,xv,0.003,0.0345690367785196,-3.2782554626464844e-05,1.5404722690582275,0.0215229522436857,4.190274475142357e-05,-3.87543659739982e-05,0.0001033520739982,/data/users/zhoushunyu/eqvae/experiments/prediction_target_toy_v4_direct_loss/seed20260808/D512/curv0p5/scale_unit_rms/loss_direct/H512
20260808,512,0.5,unit_rms,512,direct,xeps_g0p003,xeps,0.003,0.0350639091741869,-2.6702880859375e-05,1.5404722690582275,0.0214508790522813,8.811483614033694e-05,-0.0006611598661257,0.0008819205544064,/data/users/zhoushunyu/eqvae/experiments/prediction_target_toy_v4_direct_loss/seed20260808/D512/curv0p5/scale_unit_rms/loss_direct/H512
20260808,512,0.5,unit_rms,512,direct,xv_tan_g0p003,xv_tangent,0.003,0.0345667800355422,-3.361701965332031e-05,1.5404722690582275,0.0215031709522008,3.653293261487771e-05,-3.786458920355152e-05,9.093985337480025e-05,/data/users/zhoushunyu/eqvae/experiments/prediction_target_toy_v4_direct_loss/seed20260808/D512/curv0p5/scale_unit_rms/loss_direct/H512
20260808,512,0.5,unit_rms,512,direct,xv_normcomp_g0p003,xv_normal,0.003,0.0345432516477805,-3.337860107421875e-05,1.5404722690582275,0.0215191766619682,5.958670206897068e-06,-8.07564866587701e-06,2.795946882788863e-05,/data/users/zhoushunyu/eqvae/experiments/prediction_target_toy_v4_direct_loss/seed20260808/D512/curv0p5/scale_unit_rms/loss_direct/H512
20260808,512,0.5,unit_rms,512,direct,xv_g0p01,xv,0.01,0.034641806998466,-3.3020973205566406e-05,1.5404722690582275,0.0215934719890356,0.0001366412452169,-0.0001421061632563,0.0003880592117031,/data/users/zhoushunyu/eqvae/experiments/prediction_target_toy_v4_direct_loss/seed20260808/D512/curv0p5/scale_unit_rms/loss_direct/H512
20260808,512,0.5,unit_rms,512,direct,xeps_g0p01,xeps,0.01,0.0365961049849197,-6.67572021484375e-06,1.5404722690582275,0.0214031729847192,0.0003383339328326,-0.0010823632284823,0.0021869525067615,/data/users/zhoushunyu/eqvae/experiments/prediction_target_toy_v4_direct_loss/seed20260808/D512/curv0p5/scale_unit_rms/loss_direct/H512
20260808,512,0.5,unit_rms,512,direct,xv_tan_g0p01,xv_tangent,0.01,0.0345729163836615,-3.1948089599609375e-05,1.5404722690582275,0.0215237662196159,0.0001110712926336,-0.0001550950941221,0.0004011975974106,/data/users/zhoushunyu/eqvae/experiments/prediction_target_toy_v4_direct_loss/seed20260808/D512/curv0p5/scale_unit_rms/loss_direct/H512
20260808,512,0.5,unit_rms,512,direct,xv_normcomp_g0p01,xv_normal,0.01,0.0345474376196824,-3.314018249511719e-05,1.5404722690582275,0.0215708818286657,1.5511379014560843e-05,-5.939253318735082e-05,7.54283185424328e-05,/data/users/zhoushunyu/eqvae/experiments/prediction_target_toy_v4_direct_loss/seed20260808/D512/curv0p5/scale_unit_rms/loss_direct/H512
20260808,512,0.5,unit_rms,512,direct,xv_g0p03,xv,0.03,0.0348800215531518,-3.2782554626464844e-05,1.5404722690582275,0.0217756014317274,0.0004031478850095,-0.0006698584439371,0.0013123593815001,/data/users/zhoushunyu/eqvae/experiments/prediction_target_toy_v4_direct_loss/seed20260808/D512/curv0p5/scale_unit_rms/loss_direct/H512
20260808,512,0.5,unit_rms,512,direct,xeps_g0p03,xeps,0.03,0.0427395371312832,8.511543273925781e-05,1.5404722690582275,0.0212548002600669,0.0019763699059551,-0.0026347727584444,0.0074594360648883,/data/users/zhoushunyu/eqvae/experiments/prediction_target_toy_v4_direct_loss/seed20260808/D512/curv0p5/scale_unit_rms/loss_direct/H512
20260808,512,0.5,unit_rms,512,direct,xv_tan_g0p03,xv_tangent,0.03,0.0347624542576359,-3.230571746826172e-05,1.5404722690582275,0.0215636678040027,0.0003329279451952,-0.000539413647728,0.001015961512621,/data/users/zhoushunyu/eqvae/experiments/prediction_target_toy_v4_direct_loss/seed20260808/D512/curv0p5/scale_unit_rms/loss_direct/H512
20260808,512,0.5,unit_rms,512,direct,xv_normcomp_g0p03,xv_normal,0.03,0.0345527269649704,-3.445148468017578e-05,1.5404722690582275,0.0217310357838869,6.824906150519525e-05,-0.0003892364719133,0.000586867872325,/data/users/zhoushunyu/eqvae/experiments/prediction_target_toy_v4_direct_loss/seed20260808/D512/curv0p5/scale_unit_rms/loss_direct/H512
20260808,512,0.5,unit_rms,512,direct,xv_g0p1,xv,0.1,0.0363147094039678,-1.811981201171875e-05,1.5404722690582275,0.0224968828260898,0.0014632964458896,-0.0008718323463503,0.0036586998785231,/data/users/zhoushunyu/eqvae/experiments/prediction_target_toy_v4_direct_loss/seed20260808/D512/curv0p5/scale_unit_rms/loss_direct/H512
20260808,512,0.5,unit_rms,512,direct,xeps_g0p1,xeps,0.1,0.067099721620483,0.0007567405700683,1.5404722690582275,0.0208686627447605,0.0153207872751181,-0.0011334704849492,0.0295007083410756,/data/users/zhoushunyu/eqvae/experiments/prediction_target_toy_v4_direct_loss/seed20260808/D512/curv0p5/scale_unit_rms/loss_direct/H512
20260808,512,0.5,unit_rms,512,direct,xv_tan_g0p1,xv_tangent,0.1,0.0356202649910639,-1.9788742065429688e-05,1.5404722690582275,0.0217399932444095,0.0012148392774148,-0.0009286068477681,0.0033353120593232,/data/users/zhoushunyu/eqvae/experiments/prediction_target_toy_v4_direct_loss/seed20260808/D512/curv0p5/scale_unit_rms/loss_direct/H512
20260808,512,0.5,unit_rms,512,direct,xv_normcomp_g0p1,xv_normal,0.1,0.0345922253873053,-3.6835670471191406e-05,1.5404722690582275,0.0222575683146715,0.0001831037387922,-0.0005530881876804,0.000868028566669,/data/users/zhoushunyu/eqvae/experiments/prediction_target_toy_v4_direct_loss/seed20260808/D512/curv0p5/scale_unit_rms/loss_direct/H512
20260808,512,0.5,unit_rms,512,direct,xv_g0p3,xv,0.3,0.0395394415012982,2.944469451904297e-05,1.5404722690582275,0.0246508494019508,0.0047169271791437,-0.0002694980943234,0.010050049340168,/data/users/zhoushunyu/eqvae/experiments/prediction_target_toy_v4_direct_loss/seed20260808/D512/curv0p5/scale_unit_rms/loss_direct/H512
20260808,512,0.5,unit_rms,512,direct,xeps_g0p3,xeps,0.3,0.1516565567819628,0.0063406229019165,1.5404722690582275,0.0200340412557125,0.0892958674326238,0.057931556398185,0.1101610432408718,/data/users/zhoushunyu/eqvae/experiments/prediction_target_toy_v4_direct_loss/seed20260808/D512/curv0p5/scale_unit_rms/loss_direct/H512
20260808,512,0.5,unit_rms,512,direct,xv_tan_g0p3,xv_tangent,0.3,0.0389605888561096,3.230571746826172e-05,1.5404722690582275,0.0223268847912549,0.0038385454926042,-0.0016160700536154,0.0096314259099641,/data/users/zhoushunyu/eqvae/experiments/prediction_target_toy_v4_direct_loss/seed20260808/D512/curv0p5/scale_unit_rms/loss_direct/H512
20260808,512,0.5,unit_rms,512,direct,xv_normcomp_g0p3,xv_normal,0.3,0.0355324467541751,-3.063678741455078e-05,1.5404722690582275,0.0236629266291856,0.0005916706536738,-0.001316034165775,0.0026599884908011,/data/users/zhoushunyu/eqvae/experiments/prediction_target_toy_v4_direct_loss/seed20260808/D512/curv0p5/scale_unit_rms/loss_direct/H512
20260808,512,0.5,unit_rms,512,direct,xv_rms_etam0p03,xv_norm,-0.03,0.0333321748090934,8.344650268554688e-07,1.5404722690582275,0.0324983336031436,-0.0027404643384574,-0.0073565248872577,0.0015857988977536,/data/users/zhoushunyu/eqvae/experiments/prediction_target_toy_v4_direct_loss/seed20260808/D512/curv0p5/scale_unit_rms/loss_direct/H512
20260808,512,0.5,unit_rms,512,direct,xv_rms_etam0p01,xv_norm,-0.01,0.0337290090925701,-2.956390380859375e-05,1.5404722690582275,0.021351546049118,-0.0013280371914376,-0.0033460539965355,0.0008607980181291,/data/users/zhoushunyu/eqvae/experiments/prediction_target_toy_v4_direct_loss/seed20260808/D512/curv0p5/scale_unit_rms/loss_direct/H512
20260808,512,0.5,unit_rms,512,direct,xv_rms_eta0p01,xv_norm,0.01,0.0361939637178143,-1.4424324035644531e-05,1.5404722690582275,0.0250893272459507,0.0021345335466061,-0.0005093264948125,0.0047754353325112,/data/users/zhoushunyu/eqvae/experiments/prediction_target_toy_v4_direct_loss/seed20260808/D512/curv0p5/scale_unit_rms/loss_direct/H512
20260808,512,0.5,unit_rms,512,direct,xv_rms_eta0p03,xv_norm,0.03,0.0449336010547165,0.0002280473709106,1.5404722690582275,0.0309628900140523,0.0098766950085109,0.0013264155523805,0.0180442869681452,/data/users/zhoushunyu/eqvae/experiments/prediction_target_toy_v4_direct_loss/seed20260808/D512/curv0p5/scale_unit_rms/loss_direct/H512
20260809,512,0.5,unit_rms,128,direct,x,x,0.0,0.0419281959375257,0.0003330707550048,1.450169801712036,0.0243284758180379,0.0,0.0,0.0,/data/users/zhoushunyu/eqvae/experiments/prediction_target_toy_v4_direct_loss/seed20260809/D512/curv0p5/scale_unit_rms/loss_direct/H128
20260809,512,0.5,unit_rms,128,direct,v,v,0.0,0.0463746885351359,0.000615119934082,1.450169801712036,0.9412425756454468,0.0046559389644046,-0.0091069200279752,0.016961818092115,/data/users/zhoushunyu/eqvae/experiments/prediction_target_toy_v4_direct_loss/seed20260809/D512/curv0p5/scale_unit_rms/loss_direct/H128
20260809,512,0.5,unit_rms,128,direct,eps,eps,0.0,1.4877135430997743,0.2880452871322632,1.450169801712036,44.03237533569336,1.4024528062874384,1.3306913202665314,1.4714096795480422,/data/users/zhoushunyu/eqvae/experiments/prediction_target_toy_v4_direct_loss/seed20260809/D512/curv0p5/scale_unit_rms/loss_direct/H128
20260809,512,0.5,unit_rms,128,direct,oracle,oracle,0.0,0.0535729162738225,0.0010480880737304,1.450169801712036,0.0212405268102884,0.0068034377980688,-0.0084922140809489,0.0226053330282621,/data/users/zhoushunyu/eqvae/experiments/prediction_target_toy_v4_direct_loss/seed20260809/D512/curv0p5/scale_unit_rms/loss_direct/H128
20260809,512,0.5,unit_rms,128,direct,xv_gm0p1,xv,-0.1,0.0417568344723826,0.0003594160079956,1.450169801712036,0.0234449189156293,3.64325258755549e-05,-0.0026213635523339,0.0024011334048549,/data/users/zhoushunyu/eqvae/experiments/prediction_target_toy_v4_direct_loss/seed20260809/D512/curv0p5/scale_unit_rms/loss_direct/H128
20260809,512,0.5,unit_rms,128,direct,xeps_gm0p1,xeps,-0.1,0.0490181367633186,0.0006344318389892,1.450169801712036,0.0280830580741167,-0.0005318520527257,-0.0148581272970327,0.0128953077894958,/data/users/zhoushunyu/eqvae/experiments/prediction_target_toy_v4_direct_loss/seed20260809/D512/curv0p5/scale_unit_rms/loss_direct/H128
20260809,512,0.5,unit_rms,128,direct,xv_tan_gm0p1,xv_tangent,-0.1,0.0415129040486293,0.0003453493118286,1.450169801712036,0.0240903198719024,0.0001627474925515,-0.0015574643590535,0.0023840718588767,/data/users/zhoushunyu/eqvae/experiments/prediction_target_toy_v4_direct_loss/seed20260809/D512/curv0p5/scale_unit_rms/loss_direct/H128
20260809,512,0.5,unit_rms,128,direct,xv_normcomp_gm0p1,xv_normal,-0.1,0.0423052435699334,0.0003490447998046,1.450169801712036,0.0237915366888046,0.0001071911999243,-0.0010796984270421,0.0012999100898414,/data/users/zhoushunyu/eqvae/experiments/prediction_target_toy_v4_direct_loss/seed20260809/D512/curv0p5/scale_unit_rms/loss_direct/H128
20260809,512,0.5,unit_rms,128,direct,xv_gm0p03,xv,-0.03,0.0420345131655851,0.0003494024276733,1.450169801712036,0.0240834578871727,-3.695150573385896e-05,-0.0009123316127103,0.0009916563570637,/data/users/zhoushunyu/eqvae/experiments/prediction_target_toy_v4_direct_loss/seed20260809/D512/curv0p5/scale_unit_rms/loss_direct/H128
20260809,512,0.5,unit_rms,128,direct,xeps_gm0p03,xeps,-0.03,0.042064035039675,0.0003566741943359,1.450169801712036,0.0251407194882631,-0.0013611931986364,-0.005871454152674,0.0040070047043838,/data/users/zhoushunyu/eqvae/experiments/prediction_target_toy_v4_direct_loss/seed20260809/D512/curv0p5/scale_unit_rms/loss_direct/H128
20260809,512,0.5,unit_rms,128,direct,xv_tan_gm0p03,xv_tangent,-0.03,0.0417745306056787,0.0003390312194824,1.450169801712036,0.0243194214999675,-8.947452082939864e-05,-0.0009416088460881,0.0007961283505278,/data/users/zhoushunyu/eqvae/experiments/prediction_target_toy_v4_direct_loss/seed20260809/D512/curv0p5/scale_unit_rms/loss_direct/H128
20260809,512,0.5,unit_rms,128,direct,xv_normcomp_gm0p03,xv_normal,-0.03,0.0421704260281795,0.0003443956375122,1.450169801712036,0.0240973234176635,7.836476535514808e-05,-0.0005133644638113,0.0007185050377199,/data/users/zhoushunyu/eqvae/experiments/prediction_target_toy_v4_direct_loss/seed20260809/D512/curv0p5/scale_unit_rms/loss_direct/H128
20260809,512,0.5,unit_rms,128,direct,xv_gm0p01,xv,-0.01,0.042016497793065,0.0003384351730346,1.450169801712036,0.0242485124617815,1.2314557305297405e-05,-0.0004891630306208,0.0005052469693376,/data/users/zhoushunyu/eqvae/experiments/prediction_target_toy_v4_direct_loss/seed20260809/D512/curv0p5/scale_unit_rms/loss_direct/H128
20260809,512,0.5,unit_rms,128,direct,xeps_gm0p01,xeps,-0.01,0.0418267094374371,0.0003358125686645,1.450169801712036,0.0245959106832742,-0.0002806816948069,-0.001884326071841,0.001319161570461,/data/users/zhoushunyu/eqvae/experiments/prediction_target_toy_v4_direct_loss/seed20260809/D512/curv0p5/scale_unit_rms/loss_direct/H128
20260809,512,0.5,unit_rms,128,direct,xv_tan_gm0p01,xv_tangent,-0.01,0.0419058433905116,0.000338077545166,1.450169801712036,0.0243512392044067,-2.729436740401721e-05,-0.000733618990281,0.0004961644080013,/data/users/zhoushunyu/eqvae/experiments/prediction_target_toy_v4_direct_loss/seed20260809/D512/curv0p5/scale_unit_rms/loss_direct/H128
20260809,512,0.5,unit_rms,128,direct,xv_normcomp_gm0p01,xv_normal,-0.01,0.0418163825403401,0.0003328323364257,1.450169801712036,0.0242512710392475,3.236399037350311e-05,-0.0004907473007431,0.0005856340004979,/data/users/zhoushunyu/eqvae/experiments/prediction_target_toy_v4_direct_loss/seed20260809/D512/curv0p5/scale_unit_rms/loss_direct/H128
20260809,512,0.5,unit_rms,128,direct,xv_g0p003,xv,0.003,0.0417807424038981,0.000328779220581,1.450169801712036,0.0243946127593517,9.92638527436529e-06,-0.0005537869931982,0.0005598066754628,/data/users/zhoushunyu/eqvae/experiments/prediction_target_toy_v4_direct_loss/seed20260809/D512/curv0p5/scale_unit_rms/loss_direct/H128
20260809,512,0.5,unit_rms,128,direct,xeps_g0p003,xeps,0.003,0.0420740627037885,0.0003353357315063,1.450169801712036,0.0243023317307233,0.0003899993353548,-0.0002296334221793,0.0014593290855137,/data/users/zhoushunyu/eqvae/experiments/prediction_target_toy_v4_direct_loss/seed20260809/D512/curv0p5/scale_unit_rms/loss_direct/H128
20260809,512,0.5,unit_rms,128,direct,xv_tan_g0p003,xv_tangent,0.003,0.04182019263896,0.0003315210342407,1.450169801712036,0.0243481881916522,2.913481536610557e-05,-0.0005217646434626,0.0005823855517485,/data/users/zhoushunyu/eqvae/experiments/prediction_target_toy_v4_direct_loss/seed20260809/D512/curv0p5/scale_unit_rms/loss_direct/H128
20260809,512,0.5,unit_rms,128,direct,xv_normcomp_g0p003,xv_normal,0.003,0.0418251848220718,0.0003302097320556,1.450169801712036,0.0243783183395862,-4.743776104698262e-05,-0.0005416544781184,1.6443673535618248e-05,/data/users/zhoushunyu/eqvae/experiments/prediction_target_toy_v4_direct_loss/seed20260809/D512/curv0p5/scale_unit_rms/loss_direct/H128
20260809,512,0.5,unit_rms,128,direct,xv_g0p01,xv,0.01,0.0417735001604109,0.0003275871276855,1.450169801712036,0.024499287828803,4.894252986291127e-05,-0.0005874039875235,0.0006379480871368,/data/users/zhoushunyu/eqvae/experiments/prediction_target_toy_v4_direct_loss/seed20260809/D512/curv0p5/scale_unit_rms/loss_direct/H128
20260809,512,0.5,unit_rms,128,direct,xeps_g0p01,xeps,0.01,0.0421552393471988,0.0003416538238525,1.450169801712036,0.0243520233780145,0.0007993925399491,-0.0008076342856536,0.0024263164415426,/data/users/zhoushunyu/eqvae/experiments/prediction_target_toy_v4_direct_loss/seed20260809/D512/curv0p5/scale_unit_rms/loss_direct/H128
20260809,512,0.5,unit_rms,128,direct,xv_tan_g0p01,xv_tangent,0.01,0.0418855164344367,0.0003323554992675,1.450169801712036,0.0243797488510608,6.670239507148526e-05,-0.0005067283313958,0.0005920457343802,/data/users/zhoushunyu/eqvae/experiments/prediction_target_toy_v4_direct_loss/seed20260809/D512/curv0p5/scale_unit_rms/loss_direct/H128
20260809,512,0.5,unit_rms,128,direct,xv_normcomp_g0p01,xv_normal,0.01,0.0418007685884851,0.0003290176391601,1.450169801712036,0.0244526024907827,-5.683888126312625e-05,-0.0006348076855321,4.865615072401871e-05,/data/users/zhoushunyu/eqvae/experiments/prediction_target_toy_v4_direct_loss/seed20260809/D512/curv0p5/scale_unit_rms/loss_direct/H128
20260809,512,0.5,unit_rms,128,direct,xv_g0p03,xv,0.03,0.0414710721689674,0.0003114938735961,1.450169801712036,0.0247305873781442,3.121499264187866e-06,-0.0013442874929007,0.0011830709096116,/data/users/zhoushunyu/eqvae/experiments/prediction_target_toy_v4_direct_loss/seed20260809/D512/curv0p5/scale_unit_rms/loss_direct/H128
20260809,512,0.5,unit_rms,128,direct,xeps_g0p03,xeps,0.03,0.043095437582337,0.0003607273101806,1.450169801712036,0.0238347873091697,0.0032257267968677,-0.002412201223028,0.0088557525373847,/data/users/zhoushunyu/eqvae/experiments/prediction_target_toy_v4_direct_loss/seed20260809/D512/curv0p5/scale_unit_rms/loss_direct/H128
20260809,512,0.5,unit_rms,128,direct,xv_tan_g0p03,xv_tangent,0.03,0.0417020244093703,0.0003219842910766,1.450169801712036,0.0243959091603755,2.965303675067025e-05,-0.001015046515367,0.0009142530715103,/data/users/zhoushunyu/eqvae/experiments/prediction_target_toy_v4_direct_loss/seed20260809/D512/curv0p5/scale_unit_rms/loss_direct/H128
20260809,512,0.5,unit_rms,128,direct,xv_normcomp_g0p03,xv_normal,0.03,0.0416869348688059,0.0003261566162109,1.450169801712036,0.0246682092547416,-4.141562099959667e-05,-0.0007468200536474,0.0003881266739423,/data/users/zhoushunyu/eqvae/experiments/prediction_target_toy_v4_direct_loss/seed20260809/D512/curv0p5/scale_unit_rms/loss_direct/H128
20260809,512,0.5,unit_rms,128,direct,xv_g0p1,xv,0.1,0.0413196494684811,0.000290036201477,1.450169801712036,0.0256505664438009,-7.374098206387416e-05,-0.0018756089841159,0.0018179631418219,/data/users/zhoushunyu/eqvae/experiments/prediction_target_toy_v4_direct_loss/seed20260809/D512/curv0p5/scale_unit_rms/loss_direct/H128
20260809,512,0.5,unit_rms,128,direct,xeps_g0p1,xeps,0.1,0.0568946875506324,0.0007532835006713,1.450169801712036,0.0229621548205614,0.0168983392750796,0.0009765564849787,0.0287724631352862,/data/users/zhoushunyu/eqvae/experiments/prediction_target_toy_v4_direct_loss/seed20260809/D512/curv0p5/scale_unit_rms/loss_direct/H128
20260809,512,0.5,unit_rms,128,direct,xv_tan_g0p1,xv_tangent,0.1,0.0416947471869676,0.0003072023391723,1.450169801712036,0.0245970077812671,0.0001794961189374,-0.0013662443790838,0.0020414244085334,/data/users/zhoushunyu/eqvae/experiments/prediction_target_toy_v4_direct_loss/seed20260809/D512/curv0p5/scale_unit_rms/loss_direct/H128
20260809,512,0.5,unit_rms,128,direct,xv_normcomp_g0p1,xv_normal,0.1,0.0412989424125153,0.000312328338623,1.450169801712036,0.0253545548766851,-7.827268064623673e-05,-0.0018005658723131,0.0010088296505784,/data/users/zhoushunyu/eqvae/experiments/prediction_target_toy_v4_direct_loss/seed20260809/D512/curv0p5/scale_unit_rms/loss_direct/H128
20260809,512,0.5,unit_rms,128,direct,xv_g0p3,xv,0.3,0.0419211534391112,0.0002504587173461,1.450169801712036,0.0284279529005289,-7.43276743373026e-05,-0.0043519825344873,0.0043958054557263,/data/users/zhoushunyu/eqvae/experiments/prediction_target_toy_v4_direct_loss/seed20260809/D512/curv0p5/scale_unit_rms/loss_direct/H128
20260809,512,0.5,unit_rms,128,direct,xeps_g0p3,xeps,0.3,0.1410633242089506,0.0063666105270385,1.450169801712036,0.0203796867281198,0.0901731454803985,0.0625175037413045,0.113254519042697,/data/users/zhoushunyu/eqvae/experiments/prediction_target_toy_v4_direct_loss/seed20260809/D512/curv0p5/scale_unit_rms/loss_direct/H128
20260809,512,0.5,unit_rms,128,direct,xv_tan_g0p3,xv_tangent,0.3,0.0416645237213867,0.000273585319519,1.450169801712036,0.0251715574413537,1.11490620573311e-05,-0.003233902749258,0.0033495676029642,/data/users/zhoushunyu/eqvae/experiments/prediction_target_toy_v4_direct_loss/seed20260809/D512/curv0p5/scale_unit_rms/loss_direct/H128
20260809,512,0.5,unit_rms,128,direct,xv_normcomp_g0p3,xv_normal,0.3,0.041516920153411,0.0002951622009277,1.450169801712036,0.0274720303714275,-5.4088047728819006e-05,-0.0021480710883662,0.0018077456740059,/data/users/zhoushunyu/eqvae/experiments/prediction_target_toy_v4_direct_loss/seed20260809/D512/curv0p5/scale_unit_rms/loss_direct/H128
20260809,512,0.5,unit_rms,128,direct,xv_rms_etam0p03,xv_norm,-0.03,0.0417878577324615,0.000385046005249,1.450169801712036,0.0355853550136089,0.0003178283942955,-0.0021236017564264,0.0029832491149932,/data/users/zhoushunyu/eqvae/experiments/prediction_target_toy_v4_direct_loss/seed20260809/D512/curv0p5/scale_unit_rms/loss_direct/H128
20260809,512,0.5,unit_rms,128,direct,xv_rms_etam0p01,xv_norm,-0.01,0.0417006053818197,0.0003504753112792,1.450169801712036,0.0243737883865833,7.500903642250076e-05,-0.0010720769844963,0.0012093114922387,/data/users/zhoushunyu/eqvae/experiments/prediction_target_toy_v4_direct_loss/seed20260809/D512/curv0p5/scale_unit_rms/loss_direct/H128
20260809,512,0.5,unit_rms,128,direct,xv_rms_eta0p01,xv_norm,0.01,0.0427547497228517,0.0003304481506347,1.450169801712036,0.0292112473398447,0.0001954253757496,-0.0012939538771806,0.0018061625634208,/data/users/zhoushunyu/eqvae/experiments/prediction_target_toy_v4_direct_loss/seed20260809/D512/curv0p5/scale_unit_rms/loss_direct/H128
20260809,512,0.5,unit_rms,128,direct,xv_rms_eta0p03,xv_norm,0.03,0.0483674846212259,0.0004541873931884,1.450169801712036,0.0397787690162658,0.0024593495875351,-0.0030414028587354,0.0082765848580636,/data/users/zhoushunyu/eqvae/experiments/prediction_target_toy_v4_direct_loss/seed20260809/D512/curv0p5/scale_unit_rms/loss_direct/H128
20260809,512,0.5,unit_rms,256,direct,x,x,0.0,0.0618625492204518,0.0011320114135742,1.4627530574798584,0.0245261825621128,0.0,0.0,0.0,/data/users/zhoushunyu/eqvae/experiments/prediction_target_toy_v4_direct_loss/seed20260809/D512/curv0p5/scale_unit_rms/loss_direct/H256
20260809,512,0.5,unit_rms,256,direct,v,v,0.0,0.0677982131602487,0.0017235279083251,1.4627530574798584,0.8587351441383362,0.0019921064723099,-0.0081527909407429,0.0114740614891317,/data/users/zhoushunyu/eqvae/experiments/prediction_target_toy_v4_direct_loss/seed20260809/D512/curv0p5/scale_unit_rms/loss_direct/H256
20260809,512,0.5,unit_rms,256,direct,eps,eps,0.0,1.4790836701651455,0.2824357748031616,1.4627530574798584,39.0130500793457,1.4120030602013591,1.334720739881358,1.4751459390922186,/data/users/zhoushunyu/eqvae/experiments/prediction_target_toy_v4_direct_loss/seed20260809/D512/curv0p5/scale_unit_rms/loss_direct/H256
20260809,512,0.5,unit_rms,256,direct,oracle,oracle,0.0,0.0527079647888866,0.0008211135864257,1.4627530574798584,0.0212370622903108,-0.0058649876643996,-0.030171683552046,0.0218293087827488,/data/users/zhoushunyu/eqvae/experiments/prediction_target_toy_v4_direct_loss/seed20260809/D512/curv0p5/scale_unit_rms/loss_direct/H256
20260809,512,0.5,unit_rms,256,direct,xv_gm0p1,xv,-0.1,0.0624944201494721,0.0011806488037109,1.4627530574798584,0.0234292466193437,0.0002367715405186,-0.0018219909768851,0.002425117166194,/data/users/zhoushunyu/eqvae/experiments/prediction_target_toy_v4_direct_loss/seed20260809/D512/curv0p5/scale_unit_rms/loss_direct/H256
20260809,512,0.5,unit_rms,256,direct,xeps_gm0p1,xeps,-0.1,0.0575367240967139,0.0011112689971923,1.4627530574798584,0.0272573959082365,-0.0048942648007965,-0.0217984264466949,0.0091461411869844,/data/users/zhoushunyu/eqvae/experiments/prediction_target_toy_v4_direct_loss/seed20260809/D512/curv0p5/scale_unit_rms/loss_direct/H256
20260809,512,0.5,unit_rms,256,direct,xv_tan_gm0p1,xv_tangent,-0.1,0.0623879132117219,0.0011659860610961,1.4627530574798584,0.0242124665528535,0.0001506051242911,-0.0016459568001632,0.0020955686476926,/data/users/zhoushunyu/eqvae/experiments/prediction_target_toy_v4_direct_loss/seed20260809/D512/curv0p5/scale_unit_rms/loss_direct/H256
20260809,512,0.5,unit_rms,256,direct,xv_normcomp_gm0p1,xv_normal,-0.1,0.0622240217294528,0.0011547803878784,1.4627530574798584,0.0237866975367069,0.0001187532576306,-0.0008629032289427,0.001203181830806,/data/users/zhoushunyu/eqvae/experiments/prediction_target_toy_v4_direct_loss/seed20260809/D512/curv0p5/scale_unit_rms/loss_direct/H256
20260809,512,0.5,unit_rms,256,direct,xv_gm0p03,xv,-0.03,0.0623029004556971,0.0011571645736694,1.4627530574798584,0.0241437051445245,0.0001619941135547,-0.0007336704524383,0.0012509582104599,/data/users/zhoushunyu/eqvae/experiments/prediction_target_toy_v4_direct_loss/seed20260809/D512/curv0p5/scale_unit_rms/loss_direct/H256
20260809,512,0.5,unit_rms,256,direct,xeps_gm0p03,xeps,-0.03,0.058958719694572,0.0010497570037841,1.4627530574798584,0.0251192282885313,-0.003572808516331,-0.0091215006959312,0.0023793645503825,/data/users/zhoushunyu/eqvae/experiments/prediction_target_toy_v4_direct_loss/seed20260809/D512/curv0p5/scale_unit_rms/loss_direct/H256
20260809,512,0.5,unit_rms,256,direct,xv_tan_gm0p03,xv_tangent,-0.03,0.0622202864526115,0.0011473894119262,1.4627530574798584,0.0244189072400331,0.0001519641427555,-0.0006578751360103,0.0011221336173798,/data/users/zhoushunyu/eqvae/experiments/prediction_target_toy_v4_direct_loss/seed20260809/D512/curv0p5/scale_unit_rms/loss_direct/H256
20260809,512,0.5,unit_rms,256,direct,xv_normcomp_gm0p03,xv_normal,-0.03,0.0619499052909328,0.0011420249938964,1.4627530574798584,0.0242482163012027,9.639052824173406e-06,-0.0004519841016703,0.0005504814057821,/data/users/zhoushunyu/eqvae/experiments/prediction_target_toy_v4_direct_loss/seed20260809/D512/curv0p5/scale_unit_rms/loss_direct/H256
20260809,512,0.5,unit_rms,256,direct,xv_gm0p01,xv,-0.01,0.062036305712458,0.001142144203186,1.4627530574798584,0.024369865655899,0.0001123976926016,-0.0003509306389107,0.0008522370198883,/data/users/zhoushunyu/eqvae/experiments/prediction_target_toy_v4_direct_loss/seed20260809/D512/curv0p5/scale_unit_rms/loss_direct/H256
20260809,512,0.5,unit_rms,256,direct,xeps_gm0p01,xeps,-0.01,0.060505917907863,0.0010876655578613,1.4627530574798584,0.024712411686778,-0.0011054482372386,-0.0029972626090476,0.0005486880285519,/data/users/zhoushunyu/eqvae/experiments/prediction_target_toy_v4_direct_loss/seed20260809/D512/curv0p5/scale_unit_rms/loss_direct/H256
20260809,512,0.5,unit_rms,256,direct,xv_tan_gm0p01,xv_tangent,-0.01,0.0621180787004999,0.0011439323425292,1.4627530574798584,0.0244854036718606,8.152714289940647e-05,-0.0001008586531285,0.0005934544553543,/data/users/zhoushunyu/eqvae/experiments/prediction_target_toy_v4_direct_loss/seed20260809/D512/curv0p5/scale_unit_rms/loss_direct/H256
20260809,512,0.5,unit_rms,256,direct,xv_normcomp_gm0p01,xv_normal,-0.01,0.0619583163211659,0.0011407136917114,1.4627530574798584,0.0244355332106351,2.6210615316828585e-05,-0.0004003668584722,0.0005640566825972,/data/users/zhoushunyu/eqvae/experiments/prediction_target_toy_v4_direct_loss/seed20260809/D512/curv0p5/scale_unit_rms/loss_direct/H256
20260809,512,0.5,unit_rms,256,direct,xv_g0p003,xv,0.003,0.0618672829264592,0.0011310577392578,1.4627530574798584,0.0245784074068069,1.3278433084424092e-05,-3.189304633439693e-05,0.0001232312273703,/data/users/zhoushunyu/eqvae/experiments/prediction_target_toy_v4_direct_loss/seed20260809/D512/curv0p5/scale_unit_rms/loss_direct/H256
20260809,512,0.5,unit_rms,256,direct,xeps_g0p003,xeps,0.003,0.0626770626744989,0.0011622905731201,1.4627530574798584,0.0244997087866067,0.0004925783666928,-6.575896128203726e-05,0.0016150339572069,/data/users/zhoushunyu/eqvae/experiments/prediction_target_toy_v4_direct_loss/seed20260809/D512/curv0p5/scale_unit_rms/loss_direct/H256
20260809,512,0.5,unit_rms,256,direct,xv_tan_g0p003,xv_tangent,0.003,0.061857234857499,0.0011314153671264,1.4627530574798584,0.0245453063398599,8.158446382588447e-06,-3.1464600336516754e-05,0.0001302606750516,/data/users/zhoushunyu/eqvae/experiments/prediction_target_toy_v4_direct_loss/seed20260809/D512/curv0p5/scale_unit_rms/loss_direct/H256
20260809,512,0.5,unit_rms,256,direct,xv_normcomp_g0p003,xv_normal,0.003,0.0618719110453953,0.0011317729949951,1.4627530574798584,0.024556690827012,3.9831912821503e-06,-6.360152121698964e-06,2.0933670251922412e-05,/data/users/zhoushunyu/eqvae/experiments/prediction_target_toy_v4_direct_loss/seed20260809/D512/curv0p5/scale_unit_rms/loss_direct/H256
20260809,512,0.5,unit_rms,256,direct,xv_g0p01,xv,0.01,0.0618921451425606,0.0011314153671264,1.4627530574798584,0.0246832352131605,4.1075564005072885e-05,-0.0003982224613546,0.0004491592869047,/data/users/zhoushunyu/eqvae/experiments/prediction_target_toy_v4_direct_loss/seed20260809/D512/curv0p5/scale_unit_rms/loss_direct/H256
20260809,512,0.5,unit_rms,256,direct,xeps_g0p01,xeps,0.01,0.0638013029504676,0.0012035369873046,1.4627530574798584,0.0243588462471961,0.0013119678620956,-0.0006176404064945,0.0036577098365067,/data/users/zhoushunyu/eqvae/experiments/prediction_target_toy_v4_direct_loss/seed20260809/D512/curv0p5/scale_unit_rms/loss_direct/H256
20260809,512,0.5,unit_rms,256,direct,xv_tan_g0p01,xv_tangent,0.01,0.0618459916671369,0.0011301040649414,1.4627530574798584,0.0245729126036167,1.466966090159602e-05,-0.0004164137392294,0.0004213689700569,/data/users/zhoushunyu/eqvae/experiments/prediction_target_toy_v4_direct_loss/seed20260809/D512/curv0p5/scale_unit_rms/loss_direct/H256
20260809,512,0.5,unit_rms,256,direct,xv_normcomp_g0p01,xv_normal,0.01,0.0618973057324039,0.001131534576416,1.4627530574798584,0.0246315151453018,1.6352505787237127e-05,-1.853097696594176e-05,8.442500101671375e-05,/data/users/zhoushunyu/eqvae/experiments/prediction_target_toy_v4_direct_loss/seed20260809/D512/curv0p5/scale_unit_rms/loss_direct/H256
20260809,512,0.5,unit_rms,256,direct,xv_g0p03,xv,0.03,0.0619052862762417,0.0011241436004638,1.4627530574798584,0.0250056907534599,0.0001484242663397,-0.0008418637155041,0.001108272855804,/data/users/zhoushunyu/eqvae/experiments/prediction_target_toy_v4_direct_loss/seed20260809/D512/curv0p5/scale_unit_rms/loss_direct/H256
20260809,512,0.5,unit_rms,256,direct,xeps_g0p03,xeps,0.03,0.0679320046083551,0.0013681650161743,1.4627530574798584,0.0240865144878625,0.004632858099485,-0.0007103884571362,0.0095391585156084,/data/users/zhoushunyu/eqvae/experiments/prediction_target_toy_v4_direct_loss/seed20260809/D512/curv0p5/scale_unit_rms/loss_direct/H256
20260809,512,0.5,unit_rms,256,direct,xv_tan_g0p03,xv_tangent,0.03,0.0619769325300379,0.0011318922042846,1.4627530574798584,0.0246643088757991,0.0001423313797632,-0.0005086008242222,0.0009157270334565,/data/users/zhoushunyu/eqvae/experiments/prediction_target_toy_v4_direct_loss/seed20260809/D512/curv0p5/scale_unit_rms/loss_direct/H256
20260809,512,0.5,unit_rms,256,direct,xv_normcomp_g0p03,xv_normal,0.03,0.0620628077684805,0.0011361837387084,1.4627530574798584,0.0248418971896171,8.359598672407341e-05,-6.175092268595888e-05,0.0005536840607139,/data/users/zhoushunyu/eqvae/experiments/prediction_target_toy_v4_direct_loss/seed20260809/D512/curv0p5/scale_unit_rms/loss_direct/H256
20260809,512,0.5,unit_rms,256,direct,xv_g0p1,xv,0.1,0.0622435544453987,0.0011399984359741,1.4627530574798584,0.0260402094572782,0.0001380914113449,-0.0021660120224906,0.0020668276562768,/data/users/zhoushunyu/eqvae/experiments/prediction_target_toy_v4_direct_loss/seed20260809/D512/curv0p5/scale_unit_rms/loss_direct/H256
20260809,512,0.5,unit_rms,256,direct,xeps_g0p1,xeps,0.1,0.0854615987908238,0.0022815465927124,1.4627530574798584,0.0232484750449657,0.0194004515548367,0.0064562784987694,0.0308567168031822,/data/users/zhoushunyu/eqvae/experiments/prediction_target_toy_v4_direct_loss/seed20260809/D512/curv0p5/scale_unit_rms/loss_direct/H256
20260809,512,0.5,unit_rms,256,direct,xv_tan_g0p1,xv_tangent,0.1,0.0619088438804825,0.0011279582977294,1.4627530574798584,0.0249035358428955,0.0001499816379836,-0.0015589523531635,0.0015802905112018,/data/users/zhoushunyu/eqvae/experiments/prediction_target_toy_v4_direct_loss/seed20260809/D512/curv0p5/scale_unit_rms/loss_direct/H256
20260809,512,0.5,unit_rms,256,direct,xv_normcomp_g0p1,xv_normal,0.1,0.0623712077696999,0.0011414289474487,1.4627530574798584,0.0255895443260669,0.0003691304836533,-0.0001486184565949,0.0011213633632919,/data/users/zhoushunyu/eqvae/experiments/prediction_target_toy_v4_direct_loss/seed20260809/D512/curv0p5/scale_unit_rms/loss_direct/H256
20260809,512,0.5,unit_rms,256,direct,xv_g0p3,xv,0.3,0.0620908780097947,0.0010939836502075,1.4627530574798584,0.0286786798387765,-0.0001401587633685,-0.0052944275135791,0.0042865852320094,/data/users/zhoushunyu/eqvae/experiments/prediction_target_toy_v4_direct_loss/seed20260809/D512/curv0p5/scale_unit_rms/loss_direct/H256
20260809,512,0.5,unit_rms,256,direct,xeps_g0p3,xeps,0.3,0.1694531055044228,0.009749412536621,1.4627530574798584,0.0200021602213382,0.0984322226891637,0.0775747595610578,0.1179022654338702,/data/users/zhoushunyu/eqvae/experiments/prediction_target_toy_v4_direct_loss/seed20260809/D512/curv0p5/scale_unit_rms/loss_direct/H256
20260809,512,0.5,unit_rms,256,direct,xv_tan_g0p3,xv_tangent,0.3,0.0620598999634734,0.0011162757873535,1.4627530574798584,0.0256143119186162,-0.0001668039148481,-0.0034063688495421,0.0028226020052592,/data/users/zhoushunyu/eqvae/experiments/prediction_target_toy_v4_direct_loss/seed20260809/D512/curv0p5/scale_unit_rms/loss_direct/H256
20260809,512,0.5,unit_rms,256,direct,xv_normcomp_g0p3,xv_normal,0.3,0.0625483847363234,0.0011574029922485,1.4627530574798584,0.0275490079075098,0.0002419169453282,-0.002022380913848,0.0019189278207438,/data/users/zhoushunyu/eqvae/experiments/prediction_target_toy_v4_direct_loss/seed20260809/D512/curv0p5/scale_unit_rms/loss_direct/H256
20260809,512,0.5,unit_rms,256,direct,xv_rms_etam0p03,xv_norm,-0.03,0.063246488619748,0.001235008239746,1.4627530574798584,0.034983105957508,0.0004898255954308,-0.0018486000488565,0.0027611866332214,/data/users/zhoushunyu/eqvae/experiments/prediction_target_toy_v4_direct_loss/seed20260809/D512/curv0p5/scale_unit_rms/loss_direct/H256
20260809,512,0.5,unit_rms,256,direct,xv_rms_etam0p01,xv_norm,-0.01,0.0623400647453602,0.0011732578277587,1.4627530574798584,0.0242110770195722,0.0001511146842057,-0.0009100828545657,0.0013290701014308,/data/users/zhoushunyu/eqvae/experiments/prediction_target_toy_v4_direct_loss/seed20260809/D512/curv0p5/scale_unit_rms/loss_direct/H256
20260809,512,0.5,unit_rms,256,direct,xv_rms_eta0p01,xv_norm,0.01,0.0617880223246229,0.0011096000671386,1.4627530574798584,0.0303439330309629,0.0002143937566982,-0.0013338846810279,0.0016093918663329,/data/users/zhoushunyu/eqvae/experiments/prediction_target_toy_v4_direct_loss/seed20260809/D512/curv0p5/scale_unit_rms/loss_direct/H256
20260809,512,0.5,unit_rms,256,direct,xv_rms_eta0p03,xv_norm,0.03,0.0629352391607903,0.001155138015747,1.4627530574798584,0.0394880399107933,0.0022637806586831,-0.0035577280952563,0.0080265603051079,/data/users/zhoushunyu/eqvae/experiments/prediction_target_toy_v4_direct_loss/seed20260809/D512/curv0p5/scale_unit_rms/loss_direct/H256
20260809,512,0.5,unit_rms,512,direct,x,x,0.0,0.0539180985286314,0.0006415843963623,1.5169622898101809,0.0242933332920074,0.0,0.0,0.0,/data/users/zhoushunyu/eqvae/experiments/prediction_target_toy_v4_direct_loss/seed20260809/D512/curv0p5/scale_unit_rms/loss_direct/H512
20260809,512,0.5,unit_rms,512,direct,v,v,0.0,0.0488310513845578,0.0007952451705932,1.5169622898101809,0.6867170333862305,-0.0094497702803704,-0.0196909751882001,0.0020307870065226,/data/users/zhoushunyu/eqvae/experiments/prediction_target_toy_v4_direct_loss/seed20260809/D512/curv0p5/scale_unit_rms/loss_direct/H512
20260809,512,0.5,unit_rms,512,direct,eps,eps,0.0,1.481955047529529,0.270387202501297,1.5169622898101809,28.66238021850586,1.4221472590241258,1.3581805845653392,1.4864725524092184,/data/users/zhoushunyu/eqvae/experiments/prediction_target_toy_v4_direct_loss/seed20260809/D512/curv0p5/scale_unit_rms/loss_direct/H512
20260809,512,0.5,unit_rms,512,direct,oracle,oracle,0.0,0.0605697621846966,0.0013360977172851,1.5169622898101809,0.0212143342941999,-0.0018791840261766,-0.0212596227451868,0.0152691800872408,/data/users/zhoushunyu/eqvae/experiments/prediction_target_toy_v4_direct_loss/seed20260809/D512/curv0p5/scale_unit_rms/loss_direct/H512
20260809,512,0.5,unit_rms,512,direct,xv_gm0p1,xv,-0.1,0.0529226175403777,0.000651478767395,1.5169622898101809,0.0231398679316043,-0.0015415304791486,-0.0035259976580326,0.0003704046186326,/data/users/zhoushunyu/eqvae/experiments/prediction_target_toy_v4_direct_loss/seed20260809/D512/curv0p5/scale_unit_rms/loss_direct/H512
20260809,512,0.5,unit_rms,512,direct,xeps_gm0p1,xeps,-0.1,0.0570914448833326,0.0008406639099121,1.5169622898101809,0.0260969959199428,0.0056655056639688,-0.0074967479100505,0.0195102800128232,/data/users/zhoushunyu/eqvae/experiments/prediction_target_toy_v4_direct_loss/seed20260809/D512/curv0p5/scale_unit_rms/loss_direct/H512
20260809,512,0.5,unit_rms,512,direct,xv_tan_gm0p1,xv_tangent,-0.1,0.0530769658537793,0.0006493330001831,1.5169622898101809,0.0237450189888477,-0.0012132300811304,-0.0026883449345104,0.0004226201748963,/data/users/zhoushunyu/eqvae/experiments/prediction_target_toy_v4_direct_loss/seed20260809/D512/curv0p5/scale_unit_rms/loss_direct/H512
20260809,512,0.5,unit_rms,512,direct,xv_normcomp_gm0p1,xv_normal,-0.1,0.0541367832512466,0.000659704208374,1.5169622898101809,0.0236485376954078,-0.0001574997866996,-0.0010302038023169,0.0010271951144306,/data/users/zhoushunyu/eqvae/experiments/prediction_target_toy_v4_direct_loss/seed20260809/D512/curv0p5/scale_unit_rms/loss_direct/H512
20260809,512,0.5,unit_rms,512,direct,xv_gm0p03,xv,-0.03,0.0540630777554997,0.0006606578826904,1.5169622898101809,0.0238791517913341,-0.000252721669388,-0.0012766184128269,0.0009563969996667,/data/users/zhoushunyu/eqvae/experiments/prediction_target_toy_v4_direct_loss/seed20260809/D512/curv0p5/scale_unit_rms/loss_direct/H512
20260809,512,0.5,unit_rms,512,direct,xeps_gm0p03,xeps,-0.03,0.0539672301621236,0.0006574392318725,1.5169622898101809,0.0246774386614561,0.0007837642316936,-0.00443455235875,0.0073920115307321,/data/users/zhoushunyu/eqvae/experiments/prediction_target_toy_v4_direct_loss/seed20260809/D512/curv0p5/scale_unit_rms/loss_direct/H512
20260809,512,0.5,unit_rms,512,direct,xv_tan_gm0p03,xv_tangent,-0.03,0.0538374600014321,0.0006477832794189,1.5169622898101809,0.0241185203194618,-0.0002255659454593,-0.0011354165659889,0.0009762443956603,/data/users/zhoushunyu/eqvae/experiments/prediction_target_toy_v4_direct_loss/seed20260809/D512/curv0p5/scale_unit_rms/loss_direct/H512
20260809,512,0.5,unit_rms,512,direct,xv_normcomp_gm0p03,xv_normal,-0.03,0.0539283883990728,0.000643253326416,1.5169622898101809,0.0240569282323122,-0.000129134689539,-0.0008125341015227,0.0001441691951697,/data/users/zhoushunyu/eqvae/experiments/prediction_target_toy_v4_direct_loss/seed20260809/D512/curv0p5/scale_unit_rms/loss_direct/H512
20260809,512,0.5,unit_rms,512,direct,xv_gm0p01,xv,-0.01,0.0538768355935319,0.000643253326416,1.5169622898101809,0.0241464916616678,-0.0001541266292869,-0.0009289475774906,0.0004426103642237,/data/users/zhoushunyu/eqvae/experiments/prediction_target_toy_v4_direct_loss/seed20260809/D512/curv0p5/scale_unit_rms/loss_direct/H512
20260809,512,0.5,unit_rms,512,direct,xeps_gm0p01,xeps,-0.01,0.0539496373718085,0.0006488561630249,1.5169622898101809,0.0243987273424863,0.0006053036127257,-0.0020260731467744,0.0036832029393875,/data/users/zhoushunyu/eqvae/experiments/prediction_target_toy_v4_direct_loss/seed20260809/D512/curv0p5/scale_unit_rms/loss_direct/H512
20260809,512,0.5,unit_rms,512,direct,xv_tan_gm0p01,xv_tangent,-0.01,0.0538273907098183,0.0006425380706787,1.5169622898101809,0.0242222473025321,-8.346645859887806e-05,-0.0004146260131235,0.000331709598766,/data/users/zhoushunyu/eqvae/experiments/prediction_target_toy_v4_direct_loss/seed20260809/D512/curv0p5/scale_unit_rms/loss_direct/H512
20260809,512,0.5,unit_rms,512,direct,xv_normcomp_gm0p01,xv_normal,-0.01,0.0539208078120374,0.0006418228149414,1.5169622898101809,0.0242092553526163,-2.176187013305221e-05,-7.819677185539643e-05,1.436320221400824e-05,/data/users/zhoushunyu/eqvae/experiments/prediction_target_toy_v4_direct_loss/seed20260809/D512/curv0p5/scale_unit_rms/loss_direct/H512
20260809,512,0.5,unit_rms,512,direct,xv_g0p003,xv,0.003,0.0538889922725729,0.0006405115127563,1.5169622898101809,0.0243410971015691,1.111038915916164e-05,-0.0003776227254053,0.0002641982351708,/data/users/zhoushunyu/eqvae/experiments/prediction_target_toy_v4_direct_loss/seed20260809/D512/curv0p5/scale_unit_rms/loss_direct/H512
20260809,512,0.5,unit_rms,512,direct,xeps_g0p003,xeps,0.003,0.0544750050565385,0.0006582736968994,1.5169622898101809,0.0242380890995264,9.66377263893014e-05,-0.000917324302962,0.0009562269064457,/data/users/zhoushunyu/eqvae/experiments/prediction_target_toy_v4_direct_loss/seed20260809/D512/curv0p5/scale_unit_rms/loss_direct/H512
20260809,512,0.5,unit_rms,512,direct,xv_tan_g0p003,xv_tangent,0.003,0.0538884699768759,0.0006386041641235,1.5169622898101809,0.0243213661015033,4.695263463133578e-06,-0.0003499697239761,0.0002379125632653,/data/users/zhoushunyu/eqvae/experiments/prediction_target_toy_v4_direct_loss/seed20260809/D512/curv0p5/scale_unit_rms/loss_direct/H512
20260809,512,0.5,unit_rms,512,direct,xv_normcomp_g0p003,xv_normal,0.003,0.0538599230946574,0.0006399154663085,1.5169622898101809,0.02432606741786,-1.1155954644812422e-05,-0.0003171765050807,0.0001648775540859,/data/users/zhoushunyu/eqvae/experiments/prediction_target_toy_v4_direct_loss/seed20260809/D512/curv0p5/scale_unit_rms/loss_direct/H512
20260809,512,0.5,unit_rms,512,direct,xv_g0p01,xv,0.01,0.0540884689609152,0.0006403923034667,1.5169622898101809,0.0244400836527347,0.000195470905064,-0.0003131603252814,0.0007875806369343,/data/users/zhoushunyu/eqvae/experiments/prediction_target_toy_v4_direct_loss/seed20260809/D512/curv0p5/scale_unit_rms/loss_direct/H512
20260809,512,0.5,unit_rms,512,direct,xeps_g0p01,xeps,0.01,0.0556224718468305,0.0006871223449707,1.5169622898101809,0.0241447333246469,0.0003049240933146,-0.0022922255935849,0.0023407954551528,/data/users/zhoushunyu/eqvae/experiments/prediction_target_toy_v4_direct_loss/seed20260809/D512/curv0p5/scale_unit_rms/loss_direct/H512
20260809,512,0.5,unit_rms,512,direct,xv_tan_g0p01,xv_tangent,0.01,0.0539700436292654,0.0006378889083862,1.5169622898101809,0.0243561491370201,9.296128996708528e-05,-0.0003309078416729,0.0003880722859186,/data/users/zhoushunyu/eqvae/experiments/prediction_target_toy_v4_direct_loss/seed20260809/D512/curv0p5/scale_unit_rms/loss_direct/H512
20260809,512,0.5,unit_rms,512,direct,xv_normcomp_g0p01,xv_normal,0.01,0.0538614717608405,0.0006386041641235,1.5169622898101809,0.0243839342147111,2.094566305913953e-06,-0.0003330480314599,0.000191578363334,/data/users/zhoushunyu/eqvae/experiments/prediction_target_toy_v4_direct_loss/seed20260809/D512/curv0p5/scale_unit_rms/loss_direct/H512
20260809,512,0.5,unit_rms,512,direct,xv_g0p03,xv,0.03,0.0547805172456019,0.0006566047668457,1.5169622898101809,0.0247083362191915,0.0006792525567423,-0.0001567843874788,0.0014974911297714,/data/users/zhoushunyu/eqvae/experiments/prediction_target_toy_v4_direct_loss/seed20260809/D512/curv0p5/scale_unit_rms/loss_direct/H512
20260809,512,0.5,unit_rms,512,direct,xeps_g0p03,xeps,0.03,0.0585968859969811,0.0007780790328979,1.5169622898101809,0.0239078737795352,0.0014931371093275,-0.0037939218577642,0.0075801199796032,/data/users/zhoushunyu/eqvae/experiments/prediction_target_toy_v4_direct_loss/seed20260809/D512/curv0p5/scale_unit_rms/loss_direct/H512
20260809,512,0.5,unit_rms,512,direct,xv_tan_g0p03,xv_tangent,0.03,0.0544913439488778,0.0006493330001831,1.5169622898101809,0.0244557242840528,0.0004714781825469,-0.0001203283775649,0.0011165323486256,/data/users/zhoushunyu/eqvae/experiments/prediction_target_toy_v4_direct_loss/seed20260809/D512/curv0p5/scale_unit_rms/loss_direct/H512
20260809,512,0.5,unit_rms,512,direct,xv_normcomp_g0p03,xv_normal,0.03,0.0540692576462731,0.0006434917449951,1.5169622898101809,0.0245510526001453,0.000140175528214,-0.0003572955350776,0.0007624301047729,/data/users/zhoushunyu/eqvae/experiments/prediction_target_toy_v4_direct_loss/seed20260809/D512/curv0p5/scale_unit_rms/loss_direct/H512
20260809,512,0.5,unit_rms,512,direct,xv_g0p1,xv,0.1,0.0554387728433603,0.000644564628601,1.5169622898101809,0.0257259514182806,0.001843577970356,-0.000218641317896,0.0043658035226957,/data/users/zhoushunyu/eqvae/experiments/prediction_target_toy_v4_direct_loss/seed20260809/D512/curv0p5/scale_unit_rms/loss_direct/H512
20260809,512,0.5,unit_rms,512,direct,xeps_g0p1,xeps,0.1,0.0760384308761666,0.0014592409133911,1.5169622898101809,0.0232255030423402,0.0120749743829144,-0.0061799868293385,0.0277387209927924,/data/users/zhoushunyu/eqvae/experiments/prediction_target_toy_v4_direct_loss/seed20260809/D512/curv0p5/scale_unit_rms/loss_direct/H512
20260809,512,0.5,unit_rms,512,direct,xv_tan_g0p1,xv_tangent,0.1,0.0554292341628618,0.0006512403488159,1.5169622898101809,0.0248420946300029,0.0018508103384769,-0.0002287513943191,0.0037385377296498,/data/users/zhoushunyu/eqvae/experiments/prediction_target_toy_v4_direct_loss/seed20260809/D512/curv0p5/scale_unit_rms/loss_direct/H512
20260809,512,0.5,unit_rms,512,direct,xv_normcomp_g0p1,xv_normal,0.1,0.0545297417306973,0.0006542205810546,1.5169622898101809,0.025129098445177,0.0004147431965184,-0.0007244546573991,0.0014721192345674,/data/users/zhoushunyu/eqvae/experiments/prediction_target_toy_v4_direct_loss/seed20260809/D512/curv0p5/scale_unit_rms/loss_direct/H512
20260809,512,0.5,unit_rms,512,direct,xv_g0p3,xv,0.3,0.0575966368512756,0.000603437423706,1.5169622898101809,0.0287067536264657,0.0051931559619894,0.0009939726397294,0.0103373481747627,/data/users/zhoushunyu/eqvae/experiments/prediction_target_toy_v4_direct_loss/seed20260809/D512/curv0p5/scale_unit_rms/loss_direct/H512
20260809,512,0.5,unit_rms,512,direct,xeps_g0p3,xeps,0.3,0.1508982715099218,0.0068525075912475,1.5169622898101809,0.0205758512020111,0.0837305252688398,0.0513312431774898,0.1069799973412674,/data/users/zhoushunyu/eqvae/experiments/prediction_target_toy_v4_direct_loss/seed20260809/D512/curv0p5/scale_unit_rms/loss_direct/H512
20260809,512,0.5,unit_rms,512,direct,xv_tan_g0p3,xv_tangent,0.3,0.0576558685017761,0.0006366968154907,1.5169622898101809,0.025929233059287,0.0043896041155782,0.0010996489686256,0.0077921765574018,/data/users/zhoushunyu/eqvae/experiments/prediction_target_toy_v4_direct_loss/seed20260809/D512/curv0p5/scale_unit_rms/loss_direct/H512
20260809,512,0.5,unit_rms,512,direct,xv_normcomp_g0p3,xv_normal,0.3,0.0543686383168869,0.0006321668624877,1.5169622898101809,0.0266897585242986,0.0007386173709663,-0.0014462042652873,0.0032732413967685,/data/users/zhoushunyu/eqvae/experiments/prediction_target_toy_v4_direct_loss/seed20260809/D512/curv0p5/scale_unit_rms/loss_direct/H512
20260809,512,0.5,unit_rms,512,direct,xv_rms_etam0p03,xv_norm,-0.03,0.0519757296163838,0.000700831413269,1.5169622898101809,0.0349605716764926,-0.0032770938142899,-0.0063131284463819,0.0008350163673807,/data/users/zhoushunyu/eqvae/experiments/prediction_target_toy_v4_direct_loss/seed20260809/D512/curv0p5/scale_unit_rms/loss_direct/H512
20260809,512,0.5,unit_rms,512,direct,xv_rms_etam0p01,xv_norm,-0.01,0.0529999116151938,0.0006624460220336,1.5169622898101809,0.0243767891079187,-0.0014263200962948,-0.0029052160519277,8.151393563142744e-05,/data/users/zhoushunyu/eqvae/experiments/prediction_target_toy_v4_direct_loss/seed20260809/D512/curv0p5/scale_unit_rms/loss_direct/H512
20260809,512,0.5,unit_rms,512,direct,xv_rms_eta0p01,xv_norm,0.01,0.0557639163239971,0.0006366968154907,1.5169622898101809,0.0288899894803762,0.0021324333260864,0.0001212907886582,0.0038648982259348,/data/users/zhoushunyu/eqvae/experiments/prediction_target_toy_v4_direct_loss/seed20260809/D512/curv0p5/scale_unit_rms/loss_direct/H512
20260809,512,0.5,unit_rms,512,direct,xv_rms_eta0p03,xv_norm,0.03,0.0622012611012649,0.0006918907165527,1.5169622898101809,0.036016047000885,0.0088158563669374,0.0028542742757726,0.0141496155249371,/data/users/zhoushunyu/eqvae/experiments/prediction_target_toy_v4_direct_loss/seed20260809/D512/curv0p5/scale_unit_rms/loss_direct/H512
