family,condition,mode,gamma,nominal_scale,orthogonal_scale,response_scale,global_seed,num_samples,fid,sfid,inception_score,total_nfe,noise_fingerprint,label_fingerprint,result
v500,g1p75_r1p30_l1p25_n1000_seed0,factorized,1.75,1.0,1.25,1.3,0,1000,72.40428274745142,217.36108899035787,30.527734756469727,8212,b693d3cc2f28249d84942f74586d1afda2df10879225cd69bbf5d6a2d602c7b8,76fcd0fce6808c069a79ee8fd795edf2a1785d73758dc62306e51700c44c0758,/data/users/zhoushunyu/eqvae/imagenet_sit_flow/factorized_guidance_800k_v1/response_direction_dense_n1000_seed0/v500/g1p75_r1p30_l1p25_n1000_seed0/nominal_intervention_fid5k.json
v500,g1p75_r1p35_l1p25_n1000_seed0,factorized,1.75,1.0,1.25,1.35,0,1000,72.56766299468933,217.26119146975475,30.213043212890625,8398,b693d3cc2f28249d84942f74586d1afda2df10879225cd69bbf5d6a2d602c7b8,76fcd0fce6808c069a79ee8fd795edf2a1785d73758dc62306e51700c44c0758,/data/users/zhoushunyu/eqvae/imagenet_sit_flow/factorized_guidance_800k_v1/response_direction_dense_n1000_seed0/v500/g1p75_r1p35_l1p25_n1000_seed0/nominal_intervention_fid5k.json
v500,g1p75_r1p30_l1p0_n1000_seed0,factorized,1.75,1.0,1.0,1.3,0,1000,72.58065789431038,216.75185636745277,30.002092361450195,7846,b693d3cc2f28249d84942f74586d1afda2df10879225cd69bbf5d6a2d602c7b8,76fcd0fce6808c069a79ee8fd795edf2a1785d73758dc62306e51700c44c0758,/data/users/zhoushunyu/eqvae/imagenet_sit_flow/factorized_guidance_800k_v1/response_direction_dense_n1000_seed0/v500/g1p75_r1p30_l1p0_n1000_seed0/nominal_intervention_fid5k.json
v500,g1p75_r1p35_l1p0_n1000_seed0,factorized,1.75,1.0,1.0,1.35,0,1000,72.60745289558412,217.107607010621,30.068422317504883,7852,b693d3cc2f28249d84942f74586d1afda2df10879225cd69bbf5d6a2d602c7b8,76fcd0fce6808c069a79ee8fd795edf2a1785d73758dc62306e51700c44c0758,/data/users/zhoushunyu/eqvae/imagenet_sit_flow/factorized_guidance_800k_v1/response_direction_dense_n1000_seed0/v500/g1p75_r1p35_l1p0_n1000_seed0/nominal_intervention_fid5k.json
v500,g1p75_r1p35_l1p125_n1000_seed0,factorized,1.75,1.0,1.125,1.35,0,1000,72.67644923442379,217.37653128296904,30.11116600036621,8056,b693d3cc2f28249d84942f74586d1afda2df10879225cd69bbf5d6a2d602c7b8,76fcd0fce6808c069a79ee8fd795edf2a1785d73758dc62306e51700c44c0758,/data/users/zhoushunyu/eqvae/imagenet_sit_flow/factorized_guidance_800k_v1/response_direction_dense_n1000_seed0/v500/g1p75_r1p35_l1p125_n1000_seed0/nominal_intervention_fid5k.json
v500,g1p75_r1p35_l0p875_n1000_seed0,factorized,1.75,1.0,0.875,1.35,0,1000,72.69410929864955,216.69950354766706,29.74471092224121,7786,b693d3cc2f28249d84942f74586d1afda2df10879225cd69bbf5d6a2d602c7b8,76fcd0fce6808c069a79ee8fd795edf2a1785d73758dc62306e51700c44c0758,/data/users/zhoushunyu/eqvae/imagenet_sit_flow/factorized_guidance_800k_v1/response_direction_dense_n1000_seed0/v500/g1p75_r1p35_l0p875_n1000_seed0/nominal_intervention_fid5k.json
v500,g1p75_r1p30_l0p875_n1000_seed0,factorized,1.75,1.0,0.875,1.3,0,1000,72.70681184522374,216.47459310218585,29.919057846069336,7750,b693d3cc2f28249d84942f74586d1afda2df10879225cd69bbf5d6a2d602c7b8,76fcd0fce6808c069a79ee8fd795edf2a1785d73758dc62306e51700c44c0758,/data/users/zhoushunyu/eqvae/imagenet_sit_flow/factorized_guidance_800k_v1/response_direction_dense_n1000_seed0/v500/g1p75_r1p30_l0p875_n1000_seed0/nominal_intervention_fid5k.json
v500,g1p75_r1p30_l1p125_n1000_seed0,factorized,1.75,1.0,1.125,1.3,0,1000,72.70890384570384,217.23680489579715,30.31916046142578,7960,b693d3cc2f28249d84942f74586d1afda2df10879225cd69bbf5d6a2d602c7b8,76fcd0fce6808c069a79ee8fd795edf2a1785d73758dc62306e51700c44c0758,/data/users/zhoushunyu/eqvae/imagenet_sit_flow/factorized_guidance_800k_v1/response_direction_dense_n1000_seed0/v500/g1p75_r1p30_l1p125_n1000_seed0/nominal_intervention_fid5k.json
v500,g1p75_r1p25_l1p125_n1000_seed0,factorized,1.75,1.0,1.125,1.25,0,1000,72.71537572751936,217.14897724934326,30.48330307006836,7918,b693d3cc2f28249d84942f74586d1afda2df10879225cd69bbf5d6a2d602c7b8,76fcd0fce6808c069a79ee8fd795edf2a1785d73758dc62306e51700c44c0758,/data/users/zhoushunyu/eqvae/imagenet_sit_flow/factorized_guidance_800k_v1/response_direction_dense_n1000_seed0/v500/g1p75_r1p25_l1p125_n1000_seed0/nominal_intervention_fid5k.json
v500,g1p5_r1p35_l1p25_n1000_seed0,factorized,1.5,1.0,1.25,1.35,0,1000,72.80126804218395,216.99338689941874,29.962839126586914,7816,b693d3cc2f28249d84942f74586d1afda2df10879225cd69bbf5d6a2d602c7b8,76fcd0fce6808c069a79ee8fd795edf2a1785d73758dc62306e51700c44c0758,/data/users/zhoushunyu/eqvae/imagenet_sit_flow/factorized_guidance_800k_v1/response_direction_dense_n1000_seed0/v500/g1p5_r1p35_l1p25_n1000_seed0/nominal_intervention_fid5k.json
v500,g1p75_r1p25_l1p25_n1000_seed0,factorized,1.75,1.0,1.25,1.25,0,1000,72.80720792837997,217.40506850859833,30.85628890991211,8146,b693d3cc2f28249d84942f74586d1afda2df10879225cd69bbf5d6a2d602c7b8,76fcd0fce6808c069a79ee8fd795edf2a1785d73758dc62306e51700c44c0758,/data/users/zhoushunyu/eqvae/imagenet_sit_flow/factorized_guidance_800k_v1/response_direction_dense_n1000_seed0/v500/g1p75_r1p25_l1p25_n1000_seed0/nominal_intervention_fid5k.json
v500,g1p5_r1p30_l1p125_n1000_seed0,factorized,1.5,1.0,1.125,1.3,0,1000,72.95575666386947,216.77017307145888,30.501724243164062,7666,b693d3cc2f28249d84942f74586d1afda2df10879225cd69bbf5d6a2d602c7b8,76fcd0fce6808c069a79ee8fd795edf2a1785d73758dc62306e51700c44c0758,/data/users/zhoushunyu/eqvae/imagenet_sit_flow/factorized_guidance_800k_v1/response_direction_dense_n1000_seed0/v500/g1p5_r1p30_l1p125_n1000_seed0/nominal_intervention_fid5k.json
v500,g1p5_r1p30_l1p25_n1000_seed0,factorized,1.5,1.0,1.25,1.3,0,1000,72.96473157024661,217.0370325114152,30.798856735229492,7786,b693d3cc2f28249d84942f74586d1afda2df10879225cd69bbf5d6a2d602c7b8,76fcd0fce6808c069a79ee8fd795edf2a1785d73758dc62306e51700c44c0758,/data/users/zhoushunyu/eqvae/imagenet_sit_flow/factorized_guidance_800k_v1/response_direction_dense_n1000_seed0/v500/g1p5_r1p30_l1p25_n1000_seed0/nominal_intervention_fid5k.json
v500,g1p5_r1p35_l1p125_n1000_seed0,factorized,1.5,1.0,1.125,1.35,0,1000,73.01432336712293,216.74176010203462,30.03247833251953,7852,b693d3cc2f28249d84942f74586d1afda2df10879225cd69bbf5d6a2d602c7b8,76fcd0fce6808c069a79ee8fd795edf2a1785d73758dc62306e51700c44c0758,/data/users/zhoushunyu/eqvae/imagenet_sit_flow/factorized_guidance_800k_v1/response_direction_dense_n1000_seed0/v500/g1p5_r1p35_l1p125_n1000_seed0/nominal_intervention_fid5k.json
v500,g1p75_r1p25_l1p0_n1000_seed0,factorized,1.75,1.0,1.0,1.25,0,1000,73.01860145313572,216.83815948521863,30.55413818359375,7672,b693d3cc2f28249d84942f74586d1afda2df10879225cd69bbf5d6a2d602c7b8,76fcd0fce6808c069a79ee8fd795edf2a1785d73758dc62306e51700c44c0758,/data/users/zhoushunyu/eqvae/imagenet_sit_flow/factorized_guidance_800k_v1/response_direction_dense_n1000_seed0/v500/g1p75_r1p25_l1p0_n1000_seed0/nominal_intervention_fid5k.json
v500,g1p75_r1p35_l0p75_n1000_seed0,factorized,1.75,1.0,0.75,1.35,0,1000,73.02987621097088,216.27194548699413,29.688703536987305,7804,b693d3cc2f28249d84942f74586d1afda2df10879225cd69bbf5d6a2d602c7b8,76fcd0fce6808c069a79ee8fd795edf2a1785d73758dc62306e51700c44c0758,/data/users/zhoushunyu/eqvae/imagenet_sit_flow/factorized_guidance_800k_v1/response_direction_dense_n1000_seed0/v500/g1p75_r1p35_l0p75_n1000_seed0/nominal_intervention_fid5k.json
v500,g1p75_r1p30_l0p75_n1000_seed0,factorized,1.75,1.0,0.75,1.3,0,1000,73.03757250620924,216.29677361532617,29.82529640197754,7714,b693d3cc2f28249d84942f74586d1afda2df10879225cd69bbf5d6a2d602c7b8,76fcd0fce6808c069a79ee8fd795edf2a1785d73758dc62306e51700c44c0758,/data/users/zhoushunyu/eqvae/imagenet_sit_flow/factorized_guidance_800k_v1/response_direction_dense_n1000_seed0/v500/g1p75_r1p30_l0p75_n1000_seed0/nominal_intervention_fid5k.json
v500,g1p5_r1p35_l1p0_n1000_seed0,factorized,1.5,1.0,1.0,1.35,0,1000,73.07364058162023,216.56950112430923,29.593181610107422,7684,b693d3cc2f28249d84942f74586d1afda2df10879225cd69bbf5d6a2d602c7b8,76fcd0fce6808c069a79ee8fd795edf2a1785d73758dc62306e51700c44c0758,/data/users/zhoushunyu/eqvae/imagenet_sit_flow/factorized_guidance_800k_v1/response_direction_dense_n1000_seed0/v500/g1p5_r1p35_l1p0_n1000_seed0/nominal_intervention_fid5k.json
v500,g1p75_r1p25_l0p875_n1000_seed0,factorized,1.75,1.0,0.875,1.25,0,1000,73.10491265268814,216.50877534558776,30.46111488342285,7798,b693d3cc2f28249d84942f74586d1afda2df10879225cd69bbf5d6a2d602c7b8,76fcd0fce6808c069a79ee8fd795edf2a1785d73758dc62306e51700c44c0758,/data/users/zhoushunyu/eqvae/imagenet_sit_flow/factorized_guidance_800k_v1/response_direction_dense_n1000_seed0/v500/g1p75_r1p25_l0p875_n1000_seed0/nominal_intervention_fid5k.json
v500,g1p75_r1p35_l0p625_n1000_seed0,factorized,1.75,1.0,0.625,1.35,0,1000,73.13376693193914,216.00804398967205,29.419376373291016,7822,b693d3cc2f28249d84942f74586d1afda2df10879225cd69bbf5d6a2d602c7b8,76fcd0fce6808c069a79ee8fd795edf2a1785d73758dc62306e51700c44c0758,/data/users/zhoushunyu/eqvae/imagenet_sit_flow/factorized_guidance_800k_v1/response_direction_dense_n1000_seed0/v500/g1p75_r1p35_l0p625_n1000_seed0/nominal_intervention_fid5k.json
v500,g1p5_r1p30_l1p0_n1000_seed0,factorized,1.5,1.0,1.0,1.3,0,1000,73.13974888329017,216.5138156537871,30.367298126220703,7726,b693d3cc2f28249d84942f74586d1afda2df10879225cd69bbf5d6a2d602c7b8,76fcd0fce6808c069a79ee8fd795edf2a1785d73758dc62306e51700c44c0758,/data/users/zhoushunyu/eqvae/imagenet_sit_flow/factorized_guidance_800k_v1/response_direction_dense_n1000_seed0/v500/g1p5_r1p30_l1p0_n1000_seed0/nominal_intervention_fid5k.json
v500,g1p75_r1p40_l0p625_n1000_seed0,factorized,1.75,1.0,0.625,1.4,0,1000,73.1987661736344,215.93240901803222,29.027023315429688,7840,b693d3cc2f28249d84942f74586d1afda2df10879225cd69bbf5d6a2d602c7b8,76fcd0fce6808c069a79ee8fd795edf2a1785d73758dc62306e51700c44c0758,/data/users/zhoushunyu/eqvae/imagenet_sit_flow/factorized_guidance_800k_v1/response_direction_dense_n1000_seed0/v500/g1p75_r1p40_l0p625_n1000_seed0/nominal_intervention_fid5k.json
v500,g1p5_r1p35_l0p875_n1000_seed0,factorized,1.5,1.0,0.875,1.35,0,1000,73.25299161918758,216.29142742458112,29.466562271118164,7906,b693d3cc2f28249d84942f74586d1afda2df10879225cd69bbf5d6a2d602c7b8,76fcd0fce6808c069a79ee8fd795edf2a1785d73758dc62306e51700c44c0758,/data/users/zhoushunyu/eqvae/imagenet_sit_flow/factorized_guidance_800k_v1/response_direction_dense_n1000_seed0/v500/g1p5_r1p35_l0p875_n1000_seed0/nominal_intervention_fid5k.json
v500,g1p75_r1p40_l0p875_n1000_seed0,factorized,1.75,1.0,0.875,1.4,0,1000,73.31803109422697,216.85833112659247,28.95472526550293,8062,b693d3cc2f28249d84942f74586d1afda2df10879225cd69bbf5d6a2d602c7b8,76fcd0fce6808c069a79ee8fd795edf2a1785d73758dc62306e51700c44c0758,/data/users/zhoushunyu/eqvae/imagenet_sit_flow/factorized_guidance_800k_v1/response_direction_dense_n1000_seed0/v500/g1p75_r1p40_l0p875_n1000_seed0/nominal_intervention_fid5k.json
v500,g1p5_r1p40_l1p125_n1000_seed0,factorized,1.5,1.0,1.125,1.4,0,1000,73.32525777666626,216.86977902089154,30.284591674804688,7882,b693d3cc2f28249d84942f74586d1afda2df10879225cd69bbf5d6a2d602c7b8,76fcd0fce6808c069a79ee8fd795edf2a1785d73758dc62306e51700c44c0758,/data/users/zhoushunyu/eqvae/imagenet_sit_flow/factorized_guidance_800k_v1/response_direction_dense_n1000_seed0/v500/g1p5_r1p40_l1p125_n1000_seed0/nominal_intervention_fid5k.json
v500,g1p75_r1p40_l0p75_n1000_seed0,factorized,1.75,1.0,0.75,1.4,0,1000,73.32869927909616,216.37966982703074,29.092586517333984,7960,b693d3cc2f28249d84942f74586d1afda2df10879225cd69bbf5d6a2d602c7b8,76fcd0fce6808c069a79ee8fd795edf2a1785d73758dc62306e51700c44c0758,/data/users/zhoushunyu/eqvae/imagenet_sit_flow/factorized_guidance_800k_v1/response_direction_dense_n1000_seed0/v500/g1p75_r1p40_l0p75_n1000_seed0/nominal_intervention_fid5k.json
v500,g1p5_r1p30_l0p875_n1000_seed0,factorized,1.5,1.0,0.875,1.3,0,1000,73.36415893005699,216.39107386097749,30.64825439453125,7816,b693d3cc2f28249d84942f74586d1afda2df10879225cd69bbf5d6a2d602c7b8,76fcd0fce6808c069a79ee8fd795edf2a1785d73758dc62306e51700c44c0758,/data/users/zhoushunyu/eqvae/imagenet_sit_flow/factorized_guidance_800k_v1/response_direction_dense_n1000_seed0/v500/g1p5_r1p30_l0p875_n1000_seed0/nominal_intervention_fid5k.json
v500,g1p25_r1p40_l1p125_n1000_seed0,factorized,1.25,1.0,1.125,1.4,0,1000,73.3743936397625,216.5495833213497,29.9200496673584,7774,b693d3cc2f28249d84942f74586d1afda2df10879225cd69bbf5d6a2d602c7b8,76fcd0fce6808c069a79ee8fd795edf2a1785d73758dc62306e51700c44c0758,/data/users/zhoushunyu/eqvae/imagenet_sit_flow/factorized_guidance_800k_v1/response_direction_dense_n1000_seed0/v500/g1p25_r1p40_l1p125_n1000_seed0/nominal_intervention_fid5k.json
v500,g1p5_r1p25_l1p25_n1000_seed0,factorized,1.5,1.0,1.25,1.25,0,1000,73.37453933089103,217.07740887375212,31.314800262451172,7708,b693d3cc2f28249d84942f74586d1afda2df10879225cd69bbf5d6a2d602c7b8,76fcd0fce6808c069a79ee8fd795edf2a1785d73758dc62306e51700c44c0758,/data/users/zhoushunyu/eqvae/imagenet_sit_flow/factorized_guidance_800k_v1/response_direction_dense_n1000_seed0/v500/g1p5_r1p25_l1p25_n1000_seed0/nominal_intervention_fid5k.json
v500,g1p75_r1p40_l1p0_n1000_seed0,factorized,1.75,1.0,1.0,1.4,0,1000,73.38965562565522,217.02388616440078,29.17119026184082,8140,b693d3cc2f28249d84942f74586d1afda2df10879225cd69bbf5d6a2d602c7b8,76fcd0fce6808c069a79ee8fd795edf2a1785d73758dc62306e51700c44c0758,/data/users/zhoushunyu/eqvae/imagenet_sit_flow/factorized_guidance_800k_v1/response_direction_dense_n1000_seed0/v500/g1p75_r1p40_l1p0_n1000_seed0/nominal_intervention_fid5k.json
v500,g1p25_r1p40_l1p25_n1000_seed0,factorized,1.25,1.0,1.25,1.4,0,1000,73.38987457284702,216.69353645617377,29.896930694580078,7714,b693d3cc2f28249d84942f74586d1afda2df10879225cd69bbf5d6a2d602c7b8,76fcd0fce6808c069a79ee8fd795edf2a1785d73758dc62306e51700c44c0758,/data/users/zhoushunyu/eqvae/imagenet_sit_flow/factorized_guidance_800k_v1/response_direction_dense_n1000_seed0/v500/g1p25_r1p40_l1p25_n1000_seed0/nominal_intervention_fid5k.json
v500,g1p75_r1p20_l1p25_n1000_seed0,factorized,1.75,1.0,1.25,1.2,0,1000,73.40463714837017,217.6282637473721,31.224225997924805,8020,b693d3cc2f28249d84942f74586d1afda2df10879225cd69bbf5d6a2d602c7b8,76fcd0fce6808c069a79ee8fd795edf2a1785d73758dc62306e51700c44c0758,/data/users/zhoushunyu/eqvae/imagenet_sit_flow/factorized_guidance_800k_v1/response_direction_dense_n1000_seed0/v500/g1p75_r1p20_l1p25_n1000_seed0/nominal_intervention_fid5k.json
v500,g1p25_r1p35_l1p25_n1000_seed0,factorized,1.25,1.0,1.25,1.35,0,1000,73.42963799174663,216.58970070419002,30.720212936401367,7786,b693d3cc2f28249d84942f74586d1afda2df10879225cd69bbf5d6a2d602c7b8,76fcd0fce6808c069a79ee8fd795edf2a1785d73758dc62306e51700c44c0758,/data/users/zhoushunyu/eqvae/imagenet_sit_flow/factorized_guidance_800k_v1/response_direction_dense_n1000_seed0/v500/g1p25_r1p35_l1p25_n1000_seed0/nominal_intervention_fid5k.json
v500,g1p5_r1p40_l1p25_n1000_seed0,factorized,1.5,1.0,1.25,1.4,0,1000,73.46223036219072,217.3116784103588,30.39894676208496,8128,b693d3cc2f28249d84942f74586d1afda2df10879225cd69bbf5d6a2d602c7b8,76fcd0fce6808c069a79ee8fd795edf2a1785d73758dc62306e51700c44c0758,/data/users/zhoushunyu/eqvae/imagenet_sit_flow/factorized_guidance_800k_v1/response_direction_dense_n1000_seed0/v500/g1p5_r1p40_l1p25_n1000_seed0/nominal_intervention_fid5k.json
v500,g1p75_r1p20_l1p125_n1000_seed0,factorized,1.75,1.0,1.125,1.2,0,1000,73.46364489016253,217.40180339696417,31.330036163330078,7996,b693d3cc2f28249d84942f74586d1afda2df10879225cd69bbf5d6a2d602c7b8,76fcd0fce6808c069a79ee8fd795edf2a1785d73758dc62306e51700c44c0758,/data/users/zhoushunyu/eqvae/imagenet_sit_flow/factorized_guidance_800k_v1/response_direction_dense_n1000_seed0/v500/g1p75_r1p20_l1p125_n1000_seed0/nominal_intervention_fid5k.json
v500,g1p5_r1p35_l0p75_n1000_seed0,factorized,1.5,1.0,0.75,1.35,0,1000,73.49871396809885,216.20926633370595,29.621259689331055,7870,b693d3cc2f28249d84942f74586d1afda2df10879225cd69bbf5d6a2d602c7b8,76fcd0fce6808c069a79ee8fd795edf2a1785d73758dc62306e51700c44c0758,/data/users/zhoushunyu/eqvae/imagenet_sit_flow/factorized_guidance_800k_v1/response_direction_dense_n1000_seed0/v500/g1p5_r1p35_l0p75_n1000_seed0/nominal_intervention_fid5k.json
v500,g1p25_r1p35_l1p125_n1000_seed0,factorized,1.25,1.0,1.125,1.35,0,1000,73.5252134888517,216.49680115939327,30.674301147460938,7690,b693d3cc2f28249d84942f74586d1afda2df10879225cd69bbf5d6a2d602c7b8,76fcd0fce6808c069a79ee8fd795edf2a1785d73758dc62306e51700c44c0758,/data/users/zhoushunyu/eqvae/imagenet_sit_flow/factorized_guidance_800k_v1/response_direction_dense_n1000_seed0/v500/g1p25_r1p35_l1p125_n1000_seed0/nominal_intervention_fid5k.json
v500,g1p75_r1p25_l0p75_n1000_seed0,factorized,1.75,1.0,0.75,1.25,0,1000,73.54019617475723,216.29207372305825,30.68792724609375,7816,b693d3cc2f28249d84942f74586d1afda2df10879225cd69bbf5d6a2d602c7b8,76fcd0fce6808c069a79ee8fd795edf2a1785d73758dc62306e51700c44c0758,/data/users/zhoushunyu/eqvae/imagenet_sit_flow/factorized_guidance_800k_v1/response_direction_dense_n1000_seed0/v500/g1p75_r1p25_l0p75_n1000_seed0/nominal_intervention_fid5k.json
v500,g1p5_r1p40_l1p0_n1000_seed0,factorized,1.5,1.0,1.0,1.4,0,1000,73.54170763590895,216.54732111019405,29.77218246459961,7798,b693d3cc2f28249d84942f74586d1afda2df10879225cd69bbf5d6a2d602c7b8,76fcd0fce6808c069a79ee8fd795edf2a1785d73758dc62306e51700c44c0758,/data/users/zhoushunyu/eqvae/imagenet_sit_flow/factorized_guidance_800k_v1/response_direction_dense_n1000_seed0/v500/g1p5_r1p40_l1p0_n1000_seed0/nominal_intervention_fid5k.json
v500,g1p5_r1p25_l1p125_n1000_seed0,factorized,1.5,1.0,1.125,1.25,0,1000,73.58956138912095,216.79991778935937,31.355342864990234,7624,b693d3cc2f28249d84942f74586d1afda2df10879225cd69bbf5d6a2d602c7b8,76fcd0fce6808c069a79ee8fd795edf2a1785d73758dc62306e51700c44c0758,/data/users/zhoushunyu/eqvae/imagenet_sit_flow/factorized_guidance_800k_v1/response_direction_dense_n1000_seed0/v500/g1p5_r1p25_l1p125_n1000_seed0/nominal_intervention_fid5k.json
v500,g1p5_r1p40_l0p875_n1000_seed0,factorized,1.5,1.0,0.875,1.4,0,1000,73.60440852336092,216.25820543263342,29.42435073852539,7942,b693d3cc2f28249d84942f74586d1afda2df10879225cd69bbf5d6a2d602c7b8,76fcd0fce6808c069a79ee8fd795edf2a1785d73758dc62306e51700c44c0758,/data/users/zhoushunyu/eqvae/imagenet_sit_flow/factorized_guidance_800k_v1/response_direction_dense_n1000_seed0/v500/g1p5_r1p40_l0p875_n1000_seed0/nominal_intervention_fid5k.json
v500,g1p75_r1p40_l1p125_n1000_seed0,factorized,1.75,1.0,1.125,1.4,0,1000,73.61935904646629,217.42126786816402,28.854040145874023,8488,b693d3cc2f28249d84942f74586d1afda2df10879225cd69bbf5d6a2d602c7b8,76fcd0fce6808c069a79ee8fd795edf2a1785d73758dc62306e51700c44c0758,/data/users/zhoushunyu/eqvae/imagenet_sit_flow/factorized_guidance_800k_v1/response_direction_dense_n1000_seed0/v500/g1p75_r1p40_l1p125_n1000_seed0/nominal_intervention_fid5k.json
v500,g1p75_r1p20_l1p0_n1000_seed0,factorized,1.75,1.0,1.0,1.2,0,1000,73.63472474742343,217.07086115007496,30.864118576049805,7858,b693d3cc2f28249d84942f74586d1afda2df10879225cd69bbf5d6a2d602c7b8,76fcd0fce6808c069a79ee8fd795edf2a1785d73758dc62306e51700c44c0758,/data/users/zhoushunyu/eqvae/imagenet_sit_flow/factorized_guidance_800k_v1/response_direction_dense_n1000_seed0/v500/g1p75_r1p20_l1p0_n1000_seed0/nominal_intervention_fid5k.json
v500,g1p75_r1p30_l0p625_n1000_seed0,factorized,1.75,1.0,0.625,1.3,0,1000,73.66289402126415,216.1530953658587,29.67770004272461,7906,b693d3cc2f28249d84942f74586d1afda2df10879225cd69bbf5d6a2d602c7b8,76fcd0fce6808c069a79ee8fd795edf2a1785d73758dc62306e51700c44c0758,/data/users/zhoushunyu/eqvae/imagenet_sit_flow/factorized_guidance_800k_v1/response_direction_dense_n1000_seed0/v500/g1p75_r1p30_l0p625_n1000_seed0/nominal_intervention_fid5k.json
v500,g1p75_r1p40_l0p5_n1000_seed0,factorized,1.75,1.0,0.5,1.4,0,1000,73.69931669093876,215.86446136393715,29.299694061279297,7936,b693d3cc2f28249d84942f74586d1afda2df10879225cd69bbf5d6a2d602c7b8,76fcd0fce6808c069a79ee8fd795edf2a1785d73758dc62306e51700c44c0758,/data/users/zhoushunyu/eqvae/imagenet_sit_flow/factorized_guidance_800k_v1/response_direction_dense_n1000_seed0/v500/g1p75_r1p40_l0p5_n1000_seed0/nominal_intervention_fid5k.json
v500,g1p25_r1p45_l0p875_n1000_seed0,factorized,1.25,1.0,0.875,1.45,0,1000,73.70334196049424,216.39733073897776,29.3120059967041,7864,b693d3cc2f28249d84942f74586d1afda2df10879225cd69bbf5d6a2d602c7b8,76fcd0fce6808c069a79ee8fd795edf2a1785d73758dc62306e51700c44c0758,/data/users/zhoushunyu/eqvae/imagenet_sit_flow/factorized_guidance_800k_v1/response_direction_dense_n1000_seed0/v500/g1p25_r1p45_l0p875_n1000_seed0/nominal_intervention_fid5k.json
v500,g1p25_r1p40_l1p0_n1000_seed0,factorized,1.25,1.0,1.0,1.4,0,1000,73.70942232046673,216.3621754081463,29.7874813079834,7792,b693d3cc2f28249d84942f74586d1afda2df10879225cd69bbf5d6a2d602c7b8,76fcd0fce6808c069a79ee8fd795edf2a1785d73758dc62306e51700c44c0758,/data/users/zhoushunyu/eqvae/imagenet_sit_flow/factorized_guidance_800k_v1/response_direction_dense_n1000_seed0/v500/g1p25_r1p40_l1p0_n1000_seed0/nominal_intervention_fid5k.json
v500,g1p25_r1p45_l1p0_n1000_seed0,factorized,1.25,1.0,1.0,1.45,0,1000,73.74136936784066,216.48846346005814,29.24065589904785,7948,b693d3cc2f28249d84942f74586d1afda2df10879225cd69bbf5d6a2d602c7b8,76fcd0fce6808c069a79ee8fd795edf2a1785d73758dc62306e51700c44c0758,/data/users/zhoushunyu/eqvae/imagenet_sit_flow/factorized_guidance_800k_v1/response_direction_dense_n1000_seed0/v500/g1p25_r1p45_l1p0_n1000_seed0/nominal_intervention_fid5k.json
v500,g1p75_r1p40_l1p25_n1000_seed0,factorized,1.75,1.0,1.25,1.4,0,1000,73.76079757965749,217.49066782182183,29.00233268737793,8716,b693d3cc2f28249d84942f74586d1afda2df10879225cd69bbf5d6a2d602c7b8,76fcd0fce6808c069a79ee8fd795edf2a1785d73758dc62306e51700c44c0758,/data/users/zhoushunyu/eqvae/imagenet_sit_flow/factorized_guidance_800k_v1/response_direction_dense_n1000_seed0/v500/g1p75_r1p40_l1p25_n1000_seed0/nominal_intervention_fid5k.json
v500,g1p75_r1p35_l0p5_n1000_seed0,factorized,1.75,1.0,0.5,1.35,0,1000,73.79315078570801,215.9051836002477,29.66728973388672,7828,b693d3cc2f28249d84942f74586d1afda2df10879225cd69bbf5d6a2d602c7b8,76fcd0fce6808c069a79ee8fd795edf2a1785d73758dc62306e51700c44c0758,/data/users/zhoushunyu/eqvae/imagenet_sit_flow/factorized_guidance_800k_v1/response_direction_dense_n1000_seed0/v500/g1p75_r1p35_l0p5_n1000_seed0/nominal_intervention_fid5k.json
v500,g1p5_r1p25_l1p0_n1000_seed0,factorized,1.5,1.0,1.0,1.25,0,1000,73.79687688351657,216.5698647745479,31.74349021911621,7822,b693d3cc2f28249d84942f74586d1afda2df10879225cd69bbf5d6a2d602c7b8,76fcd0fce6808c069a79ee8fd795edf2a1785d73758dc62306e51700c44c0758,/data/users/zhoushunyu/eqvae/imagenet_sit_flow/factorized_guidance_800k_v1/response_direction_dense_n1000_seed0/v500/g1p5_r1p25_l1p0_n1000_seed0/nominal_intervention_fid5k.json
v500,g1p25_r1p35_l1p0_n1000_seed0,factorized,1.25,1.0,1.0,1.35,0,1000,73.80476699509046,216.21348064551955,30.833721160888672,7774,b693d3cc2f28249d84942f74586d1afda2df10879225cd69bbf5d6a2d602c7b8,76fcd0fce6808c069a79ee8fd795edf2a1785d73758dc62306e51700c44c0758,/data/users/zhoushunyu/eqvae/imagenet_sit_flow/factorized_guidance_800k_v1/response_direction_dense_n1000_seed0/v500/g1p25_r1p35_l1p0_n1000_seed0/nominal_intervention_fid5k.json
v500,g1p25_r1p30_l1p25_n1000_seed0,factorized,1.25,1.0,1.25,1.3,0,1000,73.81231901087403,216.567156710287,31.662511825561523,7612,b693d3cc2f28249d84942f74586d1afda2df10879225cd69bbf5d6a2d602c7b8,76fcd0fce6808c069a79ee8fd795edf2a1785d73758dc62306e51700c44c0758,/data/users/zhoushunyu/eqvae/imagenet_sit_flow/factorized_guidance_800k_v1/response_direction_dense_n1000_seed0/v500/g1p25_r1p30_l1p25_n1000_seed0/nominal_intervention_fid5k.json
v500,g1p5_r1p40_l0p75_n1000_seed0,factorized,1.5,1.0,0.75,1.4,0,1000,73.84705678968407,216.0406002707914,29.871267318725586,7864,b693d3cc2f28249d84942f74586d1afda2df10879225cd69bbf5d6a2d602c7b8,76fcd0fce6808c069a79ee8fd795edf2a1785d73758dc62306e51700c44c0758,/data/users/zhoushunyu/eqvae/imagenet_sit_flow/factorized_guidance_800k_v1/response_direction_dense_n1000_seed0/v500/g1p5_r1p40_l0p75_n1000_seed0/nominal_intervention_fid5k.json
v500,g1p25_r1p40_l0p875_n1000_seed0,factorized,1.25,1.0,0.875,1.4,0,1000,73.84829385577757,216.21655354763266,29.823932647705078,7726,b693d3cc2f28249d84942f74586d1afda2df10879225cd69bbf5d6a2d602c7b8,76fcd0fce6808c069a79ee8fd795edf2a1785d73758dc62306e51700c44c0758,/data/users/zhoushunyu/eqvae/imagenet_sit_flow/factorized_guidance_800k_v1/response_direction_dense_n1000_seed0/v500/g1p25_r1p40_l0p875_n1000_seed0/nominal_intervention_fid5k.json
v500,g1p25_r1p45_l1p125_n1000_seed0,factorized,1.25,1.0,1.125,1.45,0,1000,73.85216064986332,216.7593125603115,29.447423934936523,7834,b693d3cc2f28249d84942f74586d1afda2df10879225cd69bbf5d6a2d602c7b8,76fcd0fce6808c069a79ee8fd795edf2a1785d73758dc62306e51700c44c0758,/data/users/zhoushunyu/eqvae/imagenet_sit_flow/factorized_guidance_800k_v1/response_direction_dense_n1000_seed0/v500/g1p25_r1p45_l1p125_n1000_seed0/nominal_intervention_fid5k.json
v500,g1p25_r1p45_l0p75_n1000_seed0,factorized,1.25,1.0,0.75,1.45,0,1000,73.85527203727054,216.31385314348688,29.419641494750977,7882,b693d3cc2f28249d84942f74586d1afda2df10879225cd69bbf5d6a2d602c7b8,76fcd0fce6808c069a79ee8fd795edf2a1785d73758dc62306e51700c44c0758,/data/users/zhoushunyu/eqvae/imagenet_sit_flow/factorized_guidance_800k_v1/response_direction_dense_n1000_seed0/v500/g1p25_r1p45_l0p75_n1000_seed0/nominal_intervention_fid5k.json
v500,g1p25_r1p45_l1p25_n1000_seed0,factorized,1.25,1.0,1.25,1.45,0,1000,73.87760316897771,216.8482114017412,29.637290954589844,7912,b693d3cc2f28249d84942f74586d1afda2df10879225cd69bbf5d6a2d602c7b8,76fcd0fce6808c069a79ee8fd795edf2a1785d73758dc62306e51700c44c0758,/data/users/zhoushunyu/eqvae/imagenet_sit_flow/factorized_guidance_800k_v1/response_direction_dense_n1000_seed0/v500/g1p25_r1p45_l1p25_n1000_seed0/nominal_intervention_fid5k.json
v500,g1p5_r1p45_l0p75_n1000_seed0,factorized,1.5,1.0,0.75,1.45,0,1000,73.92242194003268,216.16956087323013,28.71490478515625,7936,b693d3cc2f28249d84942f74586d1afda2df10879225cd69bbf5d6a2d602c7b8,76fcd0fce6808c069a79ee8fd795edf2a1785d73758dc62306e51700c44c0758,/data/users/zhoushunyu/eqvae/imagenet_sit_flow/factorized_guidance_800k_v1/response_direction_dense_n1000_seed0/v500/g1p5_r1p45_l0p75_n1000_seed0/nominal_intervention_fid5k.json
v500,g1p5_r1p40_l0p625_n1000_seed0,factorized,1.5,1.0,0.625,1.4,0,1000,73.93981190122418,216.05123925807834,29.566246032714844,7942,b693d3cc2f28249d84942f74586d1afda2df10879225cd69bbf5d6a2d602c7b8,76fcd0fce6808c069a79ee8fd795edf2a1785d73758dc62306e51700c44c0758,/data/users/zhoushunyu/eqvae/imagenet_sit_flow/factorized_guidance_800k_v1/response_direction_dense_n1000_seed0/v500/g1p5_r1p40_l0p625_n1000_seed0/nominal_intervention_fid5k.json
v500,g1p5_r1p35_l0p625_n1000_seed0,factorized,1.5,1.0,0.625,1.35,0,1000,73.99145004665183,216.12129769415105,30.109643936157227,7870,b693d3cc2f28249d84942f74586d1afda2df10879225cd69bbf5d6a2d602c7b8,76fcd0fce6808c069a79ee8fd795edf2a1785d73758dc62306e51700c44c0758,/data/users/zhoushunyu/eqvae/imagenet_sit_flow/factorized_guidance_800k_v1/response_direction_dense_n1000_seed0/v500/g1p5_r1p35_l0p625_n1000_seed0/nominal_intervention_fid5k.json
v500,g1p5_r1p45_l0p875_n1000_seed0,factorized,1.5,1.0,0.875,1.45,0,1000,74.01202109924418,216.46348685179817,28.377710342407227,8062,b693d3cc2f28249d84942f74586d1afda2df10879225cd69bbf5d6a2d602c7b8,76fcd0fce6808c069a79ee8fd795edf2a1785d73758dc62306e51700c44c0758,/data/users/zhoushunyu/eqvae/imagenet_sit_flow/factorized_guidance_800k_v1/response_direction_dense_n1000_seed0/v500/g1p5_r1p45_l0p875_n1000_seed0/nominal_intervention_fid5k.json
v500,g1p25_r1p40_l0p75_n1000_seed0,factorized,1.25,1.0,0.75,1.4,0,1000,74.05424033828399,216.17033806200493,29.801326751708984,7798,b693d3cc2f28249d84942f74586d1afda2df10879225cd69bbf5d6a2d602c7b8,76fcd0fce6808c069a79ee8fd795edf2a1785d73758dc62306e51700c44c0758,/data/users/zhoushunyu/eqvae/imagenet_sit_flow/factorized_guidance_800k_v1/response_direction_dense_n1000_seed0/v500/g1p25_r1p40_l0p75_n1000_seed0/nominal_intervention_fid5k.json
v500,g1p5_r1p45_l1p0_n1000_seed0,factorized,1.5,1.0,1.0,1.45,0,1000,74.06506156589535,216.80512497382267,28.456815719604492,7972,b693d3cc2f28249d84942f74586d1afda2df10879225cd69bbf5d6a2d602c7b8,76fcd0fce6808c069a79ee8fd795edf2a1785d73758dc62306e51700c44c0758,/data/users/zhoushunyu/eqvae/imagenet_sit_flow/factorized_guidance_800k_v1/response_direction_dense_n1000_seed0/v500/g1p5_r1p45_l1p0_n1000_seed0/nominal_intervention_fid5k.json
v500,g1p75_r1p20_l0p875_n1000_seed0,factorized,1.75,1.0,0.875,1.2,0,1000,74.08167282991712,216.91381164343443,31.187978744506836,7768,b693d3cc2f28249d84942f74586d1afda2df10879225cd69bbf5d6a2d602c7b8,76fcd0fce6808c069a79ee8fd795edf2a1785d73758dc62306e51700c44c0758,/data/users/zhoushunyu/eqvae/imagenet_sit_flow/factorized_guidance_800k_v1/response_direction_dense_n1000_seed0/v500/g1p75_r1p20_l0p875_n1000_seed0/nominal_intervention_fid5k.json
v500,g1p75_r1p45_l1p0_n1000_seed0,factorized,1.75,1.0,1.0,1.45,0,1000,74.08405055291809,217.36148731019603,28.234933853149414,8578,b693d3cc2f28249d84942f74586d1afda2df10879225cd69bbf5d6a2d602c7b8,76fcd0fce6808c069a79ee8fd795edf2a1785d73758dc62306e51700c44c0758,/data/users/zhoushunyu/eqvae/imagenet_sit_flow/factorized_guidance_800k_v1/response_direction_dense_n1000_seed0/v500/g1p75_r1p45_l1p0_n1000_seed0/nominal_intervention_fid5k.json
v500,g1p5_r1p30_l0p75_n1000_seed0,factorized,1.5,1.0,0.75,1.3,0,1000,74.10021535073827,216.15496602498592,30.94778823852539,7912,b693d3cc2f28249d84942f74586d1afda2df10879225cd69bbf5d6a2d602c7b8,76fcd0fce6808c069a79ee8fd795edf2a1785d73758dc62306e51700c44c0758,/data/users/zhoushunyu/eqvae/imagenet_sit_flow/factorized_guidance_800k_v1/response_direction_dense_n1000_seed0/v500/g1p5_r1p30_l0p75_n1000_seed0/nominal_intervention_fid5k.json
v500,g1p75_r1p40_l0p375_n1000_seed0,factorized,1.75,1.0,0.375,1.4,0,1000,74.14276857841844,215.8834969190093,29.409887313842773,7948,b693d3cc2f28249d84942f74586d1afda2df10879225cd69bbf5d6a2d602c7b8,76fcd0fce6808c069a79ee8fd795edf2a1785d73758dc62306e51700c44c0758,/data/users/zhoushunyu/eqvae/imagenet_sit_flow/factorized_guidance_800k_v1/response_direction_dense_n1000_seed0/v500/g1p75_r1p40_l0p375_n1000_seed0/nominal_intervention_fid5k.json
v500,g1p75_r1p30_l0p5_n1000_seed0,factorized,1.75,1.0,0.5,1.3,0,1000,74.1444747229441,216.08631882553414,29.768001556396484,7744,b693d3cc2f28249d84942f74586d1afda2df10879225cd69bbf5d6a2d602c7b8,76fcd0fce6808c069a79ee8fd795edf2a1785d73758dc62306e51700c44c0758,/data/users/zhoushunyu/eqvae/imagenet_sit_flow/factorized_guidance_800k_v1/response_direction_dense_n1000_seed0/v500/g1p75_r1p30_l0p5_n1000_seed0/nominal_intervention_fid5k.json
v500,g1p5_r1p45_l0p625_n1000_seed0,factorized,1.5,1.0,0.625,1.45,0,1000,74.14752844169743,216.1397582686036,28.918729782104492,7864,b693d3cc2f28249d84942f74586d1afda2df10879225cd69bbf5d6a2d602c7b8,76fcd0fce6808c069a79ee8fd795edf2a1785d73758dc62306e51700c44c0758,/data/users/zhoushunyu/eqvae/imagenet_sit_flow/factorized_guidance_800k_v1/response_direction_dense_n1000_seed0/v500/g1p5_r1p45_l0p625_n1000_seed0/nominal_intervention_fid5k.json
v500,g1p25_r1p30_l1p125_n1000_seed0,factorized,1.25,1.0,1.125,1.3,0,1000,74.15280217769117,216.4272505580318,32.02326965332031,7534,b693d3cc2f28249d84942f74586d1afda2df10879225cd69bbf5d6a2d602c7b8,76fcd0fce6808c069a79ee8fd795edf2a1785d73758dc62306e51700c44c0758,/data/users/zhoushunyu/eqvae/imagenet_sit_flow/factorized_guidance_800k_v1/response_direction_dense_n1000_seed0/v500/g1p25_r1p30_l1p125_n1000_seed0/nominal_intervention_fid5k.json
v500,g1p5_r1p20_l1p25_n1000_seed0,factorized,1.5,1.0,1.25,1.2,0,1000,74.15641130125834,217.43567021463127,31.779638290405273,7714,b693d3cc2f28249d84942f74586d1afda2df10879225cd69bbf5d6a2d602c7b8,76fcd0fce6808c069a79ee8fd795edf2a1785d73758dc62306e51700c44c0758,/data/users/zhoushunyu/eqvae/imagenet_sit_flow/factorized_guidance_800k_v1/response_direction_dense_n1000_seed0/v500/g1p5_r1p20_l1p25_n1000_seed0/nominal_intervention_fid5k.json
v500,g1p5_r1p45_l1p125_n1000_seed0,factorized,1.5,1.0,1.125,1.45,0,1000,74.17070316038746,217.31411862834284,28.866207122802734,8140,b693d3cc2f28249d84942f74586d1afda2df10879225cd69bbf5d6a2d602c7b8,76fcd0fce6808c069a79ee8fd795edf2a1785d73758dc62306e51700c44c0758,/data/users/zhoushunyu/eqvae/imagenet_sit_flow/factorized_guidance_800k_v1/response_direction_dense_n1000_seed0/v500/g1p5_r1p45_l1p125_n1000_seed0/nominal_intervention_fid5k.json
v500,g1p25_r1p35_l0p875_n1000_seed0,factorized,1.25,1.0,0.875,1.35,0,1000,74.17123045208518,216.04501347118764,31.047529220581055,7774,b693d3cc2f28249d84942f74586d1afda2df10879225cd69bbf5d6a2d602c7b8,76fcd0fce6808c069a79ee8fd795edf2a1785d73758dc62306e51700c44c0758,/data/users/zhoushunyu/eqvae/imagenet_sit_flow/factorized_guidance_800k_v1/response_direction_dense_n1000_seed0/v500/g1p25_r1p35_l0p875_n1000_seed0/nominal_intervention_fid5k.json
v500,g1p5_r1p25_l0p875_n1000_seed0,factorized,1.5,1.0,0.875,1.25,0,1000,74.20515024589605,216.39849905300343,31.740924835205078,7774,b693d3cc2f28249d84942f74586d1afda2df10879225cd69bbf5d6a2d602c7b8,76fcd0fce6808c069a79ee8fd795edf2a1785d73758dc62306e51700c44c0758,/data/users/zhoushunyu/eqvae/imagenet_sit_flow/factorized_guidance_800k_v1/response_direction_dense_n1000_seed0/v500/g1p5_r1p25_l0p875_n1000_seed0/nominal_intervention_fid5k.json
v500,g1p75_r1p45_l0p875_n1000_seed0,factorized,1.75,1.0,0.875,1.45,0,1000,74.21339100245223,217.18204577707263,28.3302059173584,8386,b693d3cc2f28249d84942f74586d1afda2df10879225cd69bbf5d6a2d602c7b8,76fcd0fce6808c069a79ee8fd795edf2a1785d73758dc62306e51700c44c0758,/data/users/zhoushunyu/eqvae/imagenet_sit_flow/factorized_guidance_800k_v1/response_direction_dense_n1000_seed0/v500/g1p75_r1p45_l0p875_n1000_seed0/nominal_intervention_fid5k.json
v500,g1p75_r1p45_l0p625_n1000_seed0,factorized,1.75,1.0,0.625,1.45,0,1000,74.21926738518584,216.5161961355616,28.546064376831055,7900,b693d3cc2f28249d84942f74586d1afda2df10879225cd69bbf5d6a2d602c7b8,76fcd0fce6808c069a79ee8fd795edf2a1785d73758dc62306e51700c44c0758,/data/users/zhoushunyu/eqvae/imagenet_sit_flow/factorized_guidance_800k_v1/response_direction_dense_n1000_seed0/v500/g1p75_r1p45_l0p625_n1000_seed0/nominal_intervention_fid5k.json
v500,g1p75_r1p35_l0p375_n1000_seed0,factorized,1.75,1.0,0.375,1.35,0,1000,74.2445221116916,215.81281016777734,29.646041870117188,7972,b693d3cc2f28249d84942f74586d1afda2df10879225cd69bbf5d6a2d602c7b8,76fcd0fce6808c069a79ee8fd795edf2a1785d73758dc62306e51700c44c0758,/data/users/zhoushunyu/eqvae/imagenet_sit_flow/factorized_guidance_800k_v1/response_direction_dense_n1000_seed0/v500/g1p75_r1p35_l0p375_n1000_seed0/nominal_intervention_fid5k.json
v500,g1p75_r1p45_l0p75_n1000_seed0,factorized,1.75,1.0,0.75,1.45,0,1000,74.26675388383131,216.87057354486035,28.644155502319336,8212,b693d3cc2f28249d84942f74586d1afda2df10879225cd69bbf5d6a2d602c7b8,76fcd0fce6808c069a79ee8fd795edf2a1785d73758dc62306e51700c44c0758,/data/users/zhoushunyu/eqvae/imagenet_sit_flow/factorized_guidance_800k_v1/response_direction_dense_n1000_seed0/v500/g1p75_r1p45_l0p75_n1000_seed0/nominal_intervention_fid5k.json
v500,g1p75_r1p45_l1p125_n1000_seed0,factorized,1.75,1.0,1.125,1.45,0,1000,74.28705644758054,217.7767767004932,27.74909210205078,8740,b693d3cc2f28249d84942f74586d1afda2df10879225cd69bbf5d6a2d602c7b8,76fcd0fce6808c069a79ee8fd795edf2a1785d73758dc62306e51700c44c0758,/data/users/zhoushunyu/eqvae/imagenet_sit_flow/factorized_guidance_800k_v1/response_direction_dense_n1000_seed0/v500/g1p75_r1p45_l1p125_n1000_seed0/nominal_intervention_fid5k.json
v500,g1p5_r1p40_l0p5_n1000_seed0,factorized,1.5,1.0,0.5,1.4,0,1000,74.29756238668381,216.01028603954774,29.441085815429688,7930,b693d3cc2f28249d84942f74586d1afda2df10879225cd69bbf5d6a2d602c7b8,76fcd0fce6808c069a79ee8fd795edf2a1785d73758dc62306e51700c44c0758,/data/users/zhoushunyu/eqvae/imagenet_sit_flow/factorized_guidance_800k_v1/response_direction_dense_n1000_seed0/v500/g1p5_r1p40_l0p5_n1000_seed0/nominal_intervention_fid5k.json
v500,g1p5_r1p35_l0p5_n1000_seed0,factorized,1.5,1.0,0.5,1.35,0,1000,74.30945140014956,215.98375632288844,30.09001350402832,7960,b693d3cc2f28249d84942f74586d1afda2df10879225cd69bbf5d6a2d602c7b8,76fcd0fce6808c069a79ee8fd795edf2a1785d73758dc62306e51700c44c0758,/data/users/zhoushunyu/eqvae/imagenet_sit_flow/factorized_guidance_800k_v1/response_direction_dense_n1000_seed0/v500/g1p5_r1p35_l0p5_n1000_seed0/nominal_intervention_fid5k.json
v500,g1p5_r1p45_l1p25_n1000_seed0,factorized,1.5,1.0,1.25,1.45,0,1000,74.33223513994596,217.6058787318059,28.412633895874023,8482,b693d3cc2f28249d84942f74586d1afda2df10879225cd69bbf5d6a2d602c7b8,76fcd0fce6808c069a79ee8fd795edf2a1785d73758dc62306e51700c44c0758,/data/users/zhoushunyu/eqvae/imagenet_sit_flow/factorized_guidance_800k_v1/response_direction_dense_n1000_seed0/v500/g1p5_r1p45_l1p25_n1000_seed0/nominal_intervention_fid5k.json
v500,g1p25_r1p35_l0p75_n1000_seed0,factorized,1.25,1.0,0.75,1.35,0,1000,74.34703055654336,215.87075576435313,30.695627212524414,7756,b693d3cc2f28249d84942f74586d1afda2df10879225cd69bbf5d6a2d602c7b8,76fcd0fce6808c069a79ee8fd795edf2a1785d73758dc62306e51700c44c0758,/data/users/zhoushunyu/eqvae/imagenet_sit_flow/factorized_guidance_800k_v1/response_direction_dense_n1000_seed0/v500/g1p25_r1p35_l0p75_n1000_seed0/nominal_intervention_fid5k.json
v500,g1p25_r1p40_l0p625_n1000_seed0,factorized,1.25,1.0,0.625,1.4,0,1000,74.35449017591202,216.01811747208785,29.722341537475586,7870,b693d3cc2f28249d84942f74586d1afda2df10879225cd69bbf5d6a2d602c7b8,76fcd0fce6808c069a79ee8fd795edf2a1785d73758dc62306e51700c44c0758,/data/users/zhoushunyu/eqvae/imagenet_sit_flow/factorized_guidance_800k_v1/response_direction_dense_n1000_seed0/v500/g1p25_r1p40_l0p625_n1000_seed0/nominal_intervention_fid5k.json
v500,g1p25_r1p45_l0p625_n1000_seed0,factorized,1.25,1.0,0.625,1.45,0,1000,74.36354184974289,216.1606377022415,29.602754592895508,7906,b693d3cc2f28249d84942f74586d1afda2df10879225cd69bbf5d6a2d602c7b8,76fcd0fce6808c069a79ee8fd795edf2a1785d73758dc62306e51700c44c0758,/data/users/zhoushunyu/eqvae/imagenet_sit_flow/factorized_guidance_800k_v1/response_direction_dense_n1000_seed0/v500/g1p25_r1p45_l0p625_n1000_seed0/nominal_intervention_fid5k.json
v500,g1p25_r1p30_l1p0_n1000_seed0,factorized,1.25,1.0,1.0,1.3,0,1000,74.3753009680446,216.2651730028814,31.814695358276367,7720,b693d3cc2f28249d84942f74586d1afda2df10879225cd69bbf5d6a2d602c7b8,76fcd0fce6808c069a79ee8fd795edf2a1785d73758dc62306e51700c44c0758,/data/users/zhoushunyu/eqvae/imagenet_sit_flow/factorized_guidance_800k_v1/response_direction_dense_n1000_seed0/v500/g1p25_r1p30_l1p0_n1000_seed0/nominal_intervention_fid5k.json
v500,g1p25_r1p35_l0p625_n1000_seed0,factorized,1.25,1.0,0.625,1.35,0,1000,74.38556345668201,215.79345714112037,30.71666145324707,7708,b693d3cc2f28249d84942f74586d1afda2df10879225cd69bbf5d6a2d602c7b8,76fcd0fce6808c069a79ee8fd795edf2a1785d73758dc62306e51700c44c0758,/data/users/zhoushunyu/eqvae/imagenet_sit_flow/factorized_guidance_800k_v1/response_direction_dense_n1000_seed0/v500/g1p25_r1p35_l0p625_n1000_seed0/nominal_intervention_fid5k.json
v500,g1p25_r1p50_l1p25_n1000_seed0,factorized,1.25,1.0,1.25,1.5,0,1000,74.41820687997273,217.3947284624885,28.801311492919922,8050,b693d3cc2f28249d84942f74586d1afda2df10879225cd69bbf5d6a2d602c7b8,76fcd0fce6808c069a79ee8fd795edf2a1785d73758dc62306e51700c44c0758,/data/users/zhoushunyu/eqvae/imagenet_sit_flow/factorized_guidance_800k_v1/response_direction_dense_n1000_seed0/v500/g1p25_r1p50_l1p25_n1000_seed0/nominal_intervention_fid5k.json
v500,g1p25_r1p40_l0p375_n1000_seed0,factorized,1.25,1.0,0.375,1.4,0,1000,74.45882384874824,215.7570415435381,29.78569984436035,7780,b693d3cc2f28249d84942f74586d1afda2df10879225cd69bbf5d6a2d602c7b8,76fcd0fce6808c069a79ee8fd795edf2a1785d73758dc62306e51700c44c0758,/data/users/zhoushunyu/eqvae/imagenet_sit_flow/factorized_guidance_800k_v1/response_direction_dense_n1000_seed0/v500/g1p25_r1p40_l0p375_n1000_seed0/nominal_intervention_fid5k.json
v500,g1p25_r1p50_l1p0_n1000_seed0,factorized,1.25,1.0,1.0,1.5,0,1000,74.46098780103415,216.86396496220232,28.608476638793945,7948,b693d3cc2f28249d84942f74586d1afda2df10879225cd69bbf5d6a2d602c7b8,76fcd0fce6808c069a79ee8fd795edf2a1785d73758dc62306e51700c44c0758,/data/users/zhoushunyu/eqvae/imagenet_sit_flow/factorized_guidance_800k_v1/response_direction_dense_n1000_seed0/v500/g1p25_r1p50_l1p0_n1000_seed0/nominal_intervention_fid5k.json
v500,g1p25_r1p50_l0p875_n1000_seed0,factorized,1.25,1.0,0.875,1.5,0,1000,74.47343043885718,216.6810795884088,28.998628616333008,7918,b693d3cc2f28249d84942f74586d1afda2df10879225cd69bbf5d6a2d602c7b8,76fcd0fce6808c069a79ee8fd795edf2a1785d73758dc62306e51700c44c0758,/data/users/zhoushunyu/eqvae/imagenet_sit_flow/factorized_guidance_800k_v1/response_direction_dense_n1000_seed0/v500/g1p25_r1p50_l0p875_n1000_seed0/nominal_intervention_fid5k.json
v500,g1p25_r1p40_l0p5_n1000_seed0,factorized,1.25,1.0,0.5,1.4,0,1000,74.4775872896214,215.93514603706058,29.78987693786621,7786,b693d3cc2f28249d84942f74586d1afda2df10879225cd69bbf5d6a2d602c7b8,76fcd0fce6808c069a79ee8fd795edf2a1785d73758dc62306e51700c44c0758,/data/users/zhoushunyu/eqvae/imagenet_sit_flow/factorized_guidance_800k_v1/response_direction_dense_n1000_seed0/v500/g1p25_r1p40_l0p5_n1000_seed0/nominal_intervention_fid5k.json
v500,g1p5_r1p50_l1p25_n1000_seed0,factorized,1.5,1.0,1.25,1.5,0,1000,74.48364627254762,217.962584170406,27.437334060668945,8662,b693d3cc2f28249d84942f74586d1afda2df10879225cd69bbf5d6a2d602c7b8,76fcd0fce6808c069a79ee8fd795edf2a1785d73758dc62306e51700c44c0758,/data/users/zhoushunyu/eqvae/imagenet_sit_flow/factorized_guidance_800k_v1/response_direction_dense_n1000_seed0/v500/g1p5_r1p50_l1p25_n1000_seed0/nominal_intervention_fid5k.json
v500,g1p75_r1p25_l0p625_n1000_seed0,factorized,1.75,1.0,0.625,1.25,0,1000,74.48596123920538,216.24084610848388,30.668941497802734,7834,b693d3cc2f28249d84942f74586d1afda2df10879225cd69bbf5d6a2d602c7b8,76fcd0fce6808c069a79ee8fd795edf2a1785d73758dc62306e51700c44c0758,/data/users/zhoushunyu/eqvae/imagenet_sit_flow/factorized_guidance_800k_v1/response_direction_dense_n1000_seed0/v500/g1p75_r1p25_l0p625_n1000_seed0/nominal_intervention_fid5k.json
v500,g1p25_r1p35_l0p5_n1000_seed0,factorized,1.25,1.0,0.5,1.35,0,1000,74.4925373681204,215.6905281448967,30.95408058166504,7666,b693d3cc2f28249d84942f74586d1afda2df10879225cd69bbf5d6a2d602c7b8,76fcd0fce6808c069a79ee8fd795edf2a1785d73758dc62306e51700c44c0758,/data/users/zhoushunyu/eqvae/imagenet_sit_flow/factorized_guidance_800k_v1/response_direction_dense_n1000_seed0/v500/g1p25_r1p35_l0p5_n1000_seed0/nominal_intervention_fid5k.json
v500,g1p5_r1p35_l0p375_n1000_seed0,factorized,1.5,1.0,0.375,1.35,0,1000,74.50031714745239,215.87871402846133,30.395179748535156,7948,b693d3cc2f28249d84942f74586d1afda2df10879225cd69bbf5d6a2d602c7b8,76fcd0fce6808c069a79ee8fd795edf2a1785d73758dc62306e51700c44c0758,/data/users/zhoushunyu/eqvae/imagenet_sit_flow/factorized_guidance_800k_v1/response_direction_dense_n1000_seed0/v500/g1p5_r1p35_l0p375_n1000_seed0/nominal_intervention_fid5k.json
v500,g1p25_r1p50_l1p125_n1000_seed0,factorized,1.25,1.0,1.125,1.5,0,1000,74.54270535695878,216.94142838344123,28.543867111206055,8134,b693d3cc2f28249d84942f74586d1afda2df10879225cd69bbf5d6a2d602c7b8,76fcd0fce6808c069a79ee8fd795edf2a1785d73758dc62306e51700c44c0758,/data/users/zhoushunyu/eqvae/imagenet_sit_flow/factorized_guidance_800k_v1/response_direction_dense_n1000_seed0/v500/g1p25_r1p50_l1p125_n1000_seed0/nominal_intervention_fid5k.json
v500,g1p25_r1p30_l0p875_n1000_seed0,factorized,1.25,1.0,0.875,1.3,0,1000,74.55333024869003,216.18664241446527,31.51154327392578,7630,b693d3cc2f28249d84942f74586d1afda2df10879225cd69bbf5d6a2d602c7b8,76fcd0fce6808c069a79ee8fd795edf2a1785d73758dc62306e51700c44c0758,/data/users/zhoushunyu/eqvae/imagenet_sit_flow/factorized_guidance_800k_v1/response_direction_dense_n1000_seed0/v500/g1p25_r1p30_l0p875_n1000_seed0/nominal_intervention_fid5k.json
v500,g1p5_r1p35_l0p25_n1000_seed0,factorized,1.5,1.0,0.25,1.35,0,1000,74.55923122018748,215.69631165908754,30.360109329223633,7924,b693d3cc2f28249d84942f74586d1afda2df10879225cd69bbf5d6a2d602c7b8,76fcd0fce6808c069a79ee8fd795edf2a1785d73758dc62306e51700c44c0758,/data/users/zhoushunyu/eqvae/imagenet_sit_flow/factorized_guidance_800k_v1/response_direction_dense_n1000_seed0/v500/g1p5_r1p35_l0p25_n1000_seed0/nominal_intervention_fid5k.json
v500,g1p75_r1p30_l0p375_n1000_seed0,factorized,1.75,1.0,0.375,1.3,0,1000,74.55976838381588,215.93286577707772,30.303688049316406,7972,b693d3cc2f28249d84942f74586d1afda2df10879225cd69bbf5d6a2d602c7b8,76fcd0fce6808c069a79ee8fd795edf2a1785d73758dc62306e51700c44c0758,/data/users/zhoushunyu/eqvae/imagenet_sit_flow/factorized_guidance_800k_v1/response_direction_dense_n1000_seed0/v500/g1p75_r1p30_l0p375_n1000_seed0/nominal_intervention_fid5k.json
v500,g1p75_r1p40_l0p25_n1000_seed0,factorized,1.75,1.0,0.25,1.4,0,1000,74.56699820261116,215.86307831593604,29.22272300720215,7840,b693d3cc2f28249d84942f74586d1afda2df10879225cd69bbf5d6a2d602c7b8,76fcd0fce6808c069a79ee8fd795edf2a1785d73758dc62306e51700c44c0758,/data/users/zhoushunyu/eqvae/imagenet_sit_flow/factorized_guidance_800k_v1/response_direction_dense_n1000_seed0/v500/g1p75_r1p40_l0p25_n1000_seed0/nominal_intervention_fid5k.json
v500,g1p5_r1p30_l0p625_n1000_seed0,factorized,1.5,1.0,0.625,1.3,0,1000,74.5672174284332,216.0374105718396,31.129497528076172,7834,b693d3cc2f28249d84942f74586d1afda2df10879225cd69bbf5d6a2d602c7b8,76fcd0fce6808c069a79ee8fd795edf2a1785d73758dc62306e51700c44c0758,/data/users/zhoushunyu/eqvae/imagenet_sit_flow/factorized_guidance_800k_v1/response_direction_dense_n1000_seed0/v500/g1p5_r1p30_l0p625_n1000_seed0/nominal_intervention_fid5k.json
v500,g1p75_r1p45_l0p5_n1000_seed0,factorized,1.75,1.0,0.5,1.45,0,1000,74.57126553399246,216.22424472201658,28.927446365356445,7990,b693d3cc2f28249d84942f74586d1afda2df10879225cd69bbf5d6a2d602c7b8,76fcd0fce6808c069a79ee8fd795edf2a1785d73758dc62306e51700c44c0758,/data/users/zhoushunyu/eqvae/imagenet_sit_flow/factorized_guidance_800k_v1/response_direction_dense_n1000_seed0/v500/g1p75_r1p45_l0p5_n1000_seed0/nominal_intervention_fid5k.json
v500,g1p5_r1p45_l0p5_n1000_seed0,factorized,1.5,1.0,0.5,1.45,0,1000,74.57322768434352,216.17873238454968,29.03619956970215,7984,b693d3cc2f28249d84942f74586d1afda2df10879225cd69bbf5d6a2d602c7b8,76fcd0fce6808c069a79ee8fd795edf2a1785d73758dc62306e51700c44c0758,/data/users/zhoushunyu/eqvae/imagenet_sit_flow/factorized_guidance_800k_v1/response_direction_dense_n1000_seed0/v500/g1p5_r1p45_l0p5_n1000_seed0/nominal_intervention_fid5k.json
v500,g1p5_r1p45_l0p25_n1000_seed0,factorized,1.5,1.0,0.25,1.45,0,1000,74.58959308031149,215.9650195346086,29.28990364074707,7894,b693d3cc2f28249d84942f74586d1afda2df10879225cd69bbf5d6a2d602c7b8,76fcd0fce6808c069a79ee8fd795edf2a1785d73758dc62306e51700c44c0758,/data/users/zhoushunyu/eqvae/imagenet_sit_flow/factorized_guidance_800k_v1/response_direction_dense_n1000_seed0/v500/g1p5_r1p45_l0p25_n1000_seed0/nominal_intervention_fid5k.json
v500,g1p25_r1p40_l0p25_n1000_seed0,factorized,1.25,1.0,0.25,1.4,0,1000,74.6057593150378,215.66063972998722,30.048606872558594,7588,b693d3cc2f28249d84942f74586d1afda2df10879225cd69bbf5d6a2d602c7b8,76fcd0fce6808c069a79ee8fd795edf2a1785d73758dc62306e51700c44c0758,/data/users/zhoushunyu/eqvae/imagenet_sit_flow/factorized_guidance_800k_v1/response_direction_dense_n1000_seed0/v500/g1p25_r1p40_l0p25_n1000_seed0/nominal_intervention_fid5k.json
v500,g1p5_r1p20_l1p125_n1000_seed0,factorized,1.5,1.0,1.125,1.2,0,1000,74.6096286591781,217.07214469914902,32.061161041259766,7690,b693d3cc2f28249d84942f74586d1afda2df10879225cd69bbf5d6a2d602c7b8,76fcd0fce6808c069a79ee8fd795edf2a1785d73758dc62306e51700c44c0758,/data/users/zhoushunyu/eqvae/imagenet_sit_flow/factorized_guidance_800k_v1/response_direction_dense_n1000_seed0/v500/g1p5_r1p20_l1p125_n1000_seed0/nominal_intervention_fid5k.json
v500,g1p25_r1p45_l0p5_n1000_seed0,factorized,1.25,1.0,0.5,1.45,0,1000,74.69965146777366,216.1154796064236,29.401029586791992,7930,b693d3cc2f28249d84942f74586d1afda2df10879225cd69bbf5d6a2d602c7b8,76fcd0fce6808c069a79ee8fd795edf2a1785d73758dc62306e51700c44c0758,/data/users/zhoushunyu/eqvae/imagenet_sit_flow/factorized_guidance_800k_v1/response_direction_dense_n1000_seed0/v500/g1p25_r1p45_l0p5_n1000_seed0/nominal_intervention_fid5k.json
v500,g1p75_r1p35_l0p25_n1000_seed0,factorized,1.75,1.0,0.25,1.35,0,1000,74.71132963313875,215.67085180184597,29.942529678344727,7984,b693d3cc2f28249d84942f74586d1afda2df10879225cd69bbf5d6a2d602c7b8,76fcd0fce6808c069a79ee8fd795edf2a1785d73758dc62306e51700c44c0758,/data/users/zhoushunyu/eqvae/imagenet_sit_flow/factorized_guidance_800k_v1/response_direction_dense_n1000_seed0/v500/g1p75_r1p35_l0p25_n1000_seed0/nominal_intervention_fid5k.json
v500,g1p75_r1p20_l0p75_n1000_seed0,factorized,1.75,1.0,0.75,1.2,0,1000,74.71574342333696,216.72448943211202,31.57740020751953,7816,b693d3cc2f28249d84942f74586d1afda2df10879225cd69bbf5d6a2d602c7b8,76fcd0fce6808c069a79ee8fd795edf2a1785d73758dc62306e51700c44c0758,/data/users/zhoushunyu/eqvae/imagenet_sit_flow/factorized_guidance_800k_v1/response_direction_dense_n1000_seed0/v500/g1p75_r1p20_l0p75_n1000_seed0/nominal_intervention_fid5k.json
v500,g1p75_r1p45_l0p375_n1000_seed0,factorized,1.75,1.0,0.375,1.45,0,1000,74.71832526510684,216.16941169776737,29.407804489135742,8032,b693d3cc2f28249d84942f74586d1afda2df10879225cd69bbf5d6a2d602c7b8,76fcd0fce6808c069a79ee8fd795edf2a1785d73758dc62306e51700c44c0758,/data/users/zhoushunyu/eqvae/imagenet_sit_flow/factorized_guidance_800k_v1/response_direction_dense_n1000_seed0/v500/g1p75_r1p45_l0p375_n1000_seed0/nominal_intervention_fid5k.json
v500,g1p5_r1p40_l0p375_n1000_seed0,factorized,1.5,1.0,0.375,1.4,0,1000,74.72627690959467,215.84337433087603,29.447402954101562,7984,b693d3cc2f28249d84942f74586d1afda2df10879225cd69bbf5d6a2d602c7b8,76fcd0fce6808c069a79ee8fd795edf2a1785d73758dc62306e51700c44c0758,/data/users/zhoushunyu/eqvae/imagenet_sit_flow/factorized_guidance_800k_v1/response_direction_dense_n1000_seed0/v500/g1p5_r1p40_l0p375_n1000_seed0/nominal_intervention_fid5k.json
v500,g1p5_r1p45_l0p375_n1000_seed0,factorized,1.5,1.0,0.375,1.45,0,1000,74.72862708847754,216.0880141042736,29.37468719482422,7960,b693d3cc2f28249d84942f74586d1afda2df10879225cd69bbf5d6a2d602c7b8,76fcd0fce6808c069a79ee8fd795edf2a1785d73758dc62306e51700c44c0758,/data/users/zhoushunyu/eqvae/imagenet_sit_flow/factorized_guidance_800k_v1/response_direction_dense_n1000_seed0/v500/g1p5_r1p45_l0p375_n1000_seed0/nominal_intervention_fid5k.json
v500,g1p25_r1p30_l0p75_n1000_seed0,factorized,1.25,1.0,0.75,1.3,0,1000,74.75131358055705,216.17384014668562,31.454181671142578,7738,b693d3cc2f28249d84942f74586d1afda2df10879225cd69bbf5d6a2d602c7b8,76fcd0fce6808c069a79ee8fd795edf2a1785d73758dc62306e51700c44c0758,/data/users/zhoushunyu/eqvae/imagenet_sit_flow/factorized_guidance_800k_v1/response_direction_dense_n1000_seed0/v500/g1p25_r1p30_l0p75_n1000_seed0/nominal_intervention_fid5k.json
v500,g1p5_r1p25_l0p75_n1000_seed0,factorized,1.5,1.0,0.75,1.25,0,1000,74.75818968037777,216.2633567757756,31.742738723754883,7816,b693d3cc2f28249d84942f74586d1afda2df10879225cd69bbf5d6a2d602c7b8,76fcd0fce6808c069a79ee8fd795edf2a1785d73758dc62306e51700c44c0758,/data/users/zhoushunyu/eqvae/imagenet_sit_flow/factorized_guidance_800k_v1/response_direction_dense_n1000_seed0/v500/g1p5_r1p25_l0p75_n1000_seed0/nominal_intervention_fid5k.json
v500,g1p5_r1p50_l1p125_n1000_seed0,factorized,1.5,1.0,1.125,1.5,0,1000,74.7605989612565,217.60466653888977,27.209468841552734,8416,b693d3cc2f28249d84942f74586d1afda2df10879225cd69bbf5d6a2d602c7b8,76fcd0fce6808c069a79ee8fd795edf2a1785d73758dc62306e51700c44c0758,/data/users/zhoushunyu/eqvae/imagenet_sit_flow/factorized_guidance_800k_v1/response_direction_dense_n1000_seed0/v500/g1p5_r1p50_l1p125_n1000_seed0/nominal_intervention_fid5k.json
v500,g1p5_r1p50_l1p0_n1000_seed0,factorized,1.5,1.0,1.0,1.5,0,1000,74.76484812825345,217.16705697019324,27.798860549926758,8260,b693d3cc2f28249d84942f74586d1afda2df10879225cd69bbf5d6a2d602c7b8,76fcd0fce6808c069a79ee8fd795edf2a1785d73758dc62306e51700c44c0758,/data/users/zhoushunyu/eqvae/imagenet_sit_flow/factorized_guidance_800k_v1/response_direction_dense_n1000_seed0/v500/g1p5_r1p50_l1p0_n1000_seed0/nominal_intervention_fid5k.json
v500,g1p25_r1p50_l0p75_n1000_seed0,factorized,1.25,1.0,0.75,1.5,0,1000,74.76686683995428,216.59617031357493,28.906766891479492,7828,b693d3cc2f28249d84942f74586d1afda2df10879225cd69bbf5d6a2d602c7b8,76fcd0fce6808c069a79ee8fd795edf2a1785d73758dc62306e51700c44c0758,/data/users/zhoushunyu/eqvae/imagenet_sit_flow/factorized_guidance_800k_v1/response_direction_dense_n1000_seed0/v500/g1p25_r1p50_l0p75_n1000_seed0/nominal_intervention_fid5k.json
v500,g1p25_r1p35_l0p25_n1000_seed0,factorized,1.25,1.0,0.25,1.35,0,1000,74.7789723919883,215.55189213716858,30.62379264831543,7480,b693d3cc2f28249d84942f74586d1afda2df10879225cd69bbf5d6a2d602c7b8,76fcd0fce6808c069a79ee8fd795edf2a1785d73758dc62306e51700c44c0758,/data/users/zhoushunyu/eqvae/imagenet_sit_flow/factorized_guidance_800k_v1/response_direction_dense_n1000_seed0/v500/g1p25_r1p35_l0p25_n1000_seed0/nominal_intervention_fid5k.json
v500,g1p25_r1p35_l0p375_n1000_seed0,factorized,1.25,1.0,0.375,1.35,0,1000,74.79172980340661,215.53858378541372,30.956954956054688,7648,b693d3cc2f28249d84942f74586d1afda2df10879225cd69bbf5d6a2d602c7b8,76fcd0fce6808c069a79ee8fd795edf2a1785d73758dc62306e51700c44c0758,/data/users/zhoushunyu/eqvae/imagenet_sit_flow/factorized_guidance_800k_v1/response_direction_dense_n1000_seed0/v500/g1p25_r1p35_l0p375_n1000_seed0/nominal_intervention_fid5k.json
v500,g1p25_r1p45_l0p125_n1000_seed0,factorized,1.25,1.0,0.125,1.45,0,1000,74.80375136558314,215.79057720224148,29.50260353088379,7810,b693d3cc2f28249d84942f74586d1afda2df10879225cd69bbf5d6a2d602c7b8,76fcd0fce6808c069a79ee8fd795edf2a1785d73758dc62306e51700c44c0758,/data/users/zhoushunyu/eqvae/imagenet_sit_flow/factorized_guidance_800k_v1/response_direction_dense_n1000_seed0/v500/g1p25_r1p45_l0p125_n1000_seed0/nominal_intervention_fid5k.json
v500,g1p75_r1p35_l0p125_n1000_seed0,factorized,1.75,1.0,0.125,1.35,0,1000,74.81575784574648,215.64253631361316,30.208288192749023,7870,b693d3cc2f28249d84942f74586d1afda2df10879225cd69bbf5d6a2d602c7b8,76fcd0fce6808c069a79ee8fd795edf2a1785d73758dc62306e51700c44c0758,/data/users/zhoushunyu/eqvae/imagenet_sit_flow/factorized_guidance_800k_v1/response_direction_dense_n1000_seed0/v500/g1p75_r1p35_l0p125_n1000_seed0/nominal_intervention_fid5k.json
v500,g1p5_r1p40_l0p25_n1000_seed0,factorized,1.5,1.0,0.25,1.4,0,1000,74.81826725544198,215.84196053522658,29.388896942138672,7900,b693d3cc2f28249d84942f74586d1afda2df10879225cd69bbf5d6a2d602c7b8,76fcd0fce6808c069a79ee8fd795edf2a1785d73758dc62306e51700c44c0758,/data/users/zhoushunyu/eqvae/imagenet_sit_flow/factorized_guidance_800k_v1/response_direction_dense_n1000_seed0/v500/g1p5_r1p40_l0p25_n1000_seed0/nominal_intervention_fid5k.json
v500,g1p25_r1p50_l0p625_n1000_seed0,factorized,1.25,1.0,0.625,1.5,0,1000,74.8197288066101,216.464732805292,29.065465927124023,7912,b693d3cc2f28249d84942f74586d1afda2df10879225cd69bbf5d6a2d602c7b8,76fcd0fce6808c069a79ee8fd795edf2a1785d73758dc62306e51700c44c0758,/data/users/zhoushunyu/eqvae/imagenet_sit_flow/factorized_guidance_800k_v1/response_direction_dense_n1000_seed0/v500/g1p25_r1p50_l0p625_n1000_seed0/nominal_intervention_fid5k.json
v500,g1p25_r1p50_l0p5_n1000_seed0,factorized,1.25,1.0,0.5,1.5,0,1000,74.8271489717605,216.27315507171465,29.111703872680664,7942,b693d3cc2f28249d84942f74586d1afda2df10879225cd69bbf5d6a2d602c7b8,76fcd0fce6808c069a79ee8fd795edf2a1785d73758dc62306e51700c44c0758,/data/users/zhoushunyu/eqvae/imagenet_sit_flow/factorized_guidance_800k_v1/response_direction_dense_n1000_seed0/v500/g1p25_r1p50_l0p5_n1000_seed0/nominal_intervention_fid5k.json
v500,g1p5_r1p30_l0p375_n1000_seed0,factorized,1.5,1.0,0.375,1.3,0,1000,74.83737021535353,215.8902414536832,31.015914916992188,7870,b693d3cc2f28249d84942f74586d1afda2df10879225cd69bbf5d6a2d602c7b8,76fcd0fce6808c069a79ee8fd795edf2a1785d73758dc62306e51700c44c0758,/data/users/zhoushunyu/eqvae/imagenet_sit_flow/factorized_guidance_800k_v1/response_direction_dense_n1000_seed0/v500/g1p5_r1p30_l0p375_n1000_seed0/nominal_intervention_fid5k.json
v500,g1p75_r1p30_l0p25_n1000_seed0,factorized,1.75,1.0,0.25,1.3,0,1000,74.83954701837126,215.7430140731442,30.5843563079834,7918,b693d3cc2f28249d84942f74586d1afda2df10879225cd69bbf5d6a2d602c7b8,76fcd0fce6808c069a79ee8fd795edf2a1785d73758dc62306e51700c44c0758,/data/users/zhoushunyu/eqvae/imagenet_sit_flow/factorized_guidance_800k_v1/response_direction_dense_n1000_seed0/v500/g1p75_r1p30_l0p25_n1000_seed0/nominal_intervention_fid5k.json
v500,g1p5_r1p30_l0p5_n1000_seed0,factorized,1.5,1.0,0.5,1.3,0,1000,74.84376347970925,215.95551792410254,30.808319091796875,7894,b693d3cc2f28249d84942f74586d1afda2df10879225cd69bbf5d6a2d602c7b8,76fcd0fce6808c069a79ee8fd795edf2a1785d73758dc62306e51700c44c0758,/data/users/zhoushunyu/eqvae/imagenet_sit_flow/factorized_guidance_800k_v1/response_direction_dense_n1000_seed0/v500/g1p5_r1p30_l0p5_n1000_seed0/nominal_intervention_fid5k.json
v500,g1p25_r1p45_l0_n1000_seed0,factorized,1.25,1.0,0.0,1.45,0,1000,74.85509306114534,215.65075652674022,29.9055233001709,7762,b693d3cc2f28249d84942f74586d1afda2df10879225cd69bbf5d6a2d602c7b8,76fcd0fce6808c069a79ee8fd795edf2a1785d73758dc62306e51700c44c0758,/data/users/zhoushunyu/eqvae/imagenet_sit_flow/factorized_guidance_800k_v1/response_direction_dense_n1000_seed0/v500/g1p25_r1p45_l0_n1000_seed0/nominal_intervention_fid5k.json
v500,g1p5_r1p45_l0p125_n1000_seed0,factorized,1.5,1.0,0.125,1.45,0,1000,74.85864399088825,215.8319525685331,28.82957649230957,7888,b693d3cc2f28249d84942f74586d1afda2df10879225cd69bbf5d6a2d602c7b8,76fcd0fce6808c069a79ee8fd795edf2a1785d73758dc62306e51700c44c0758,/data/users/zhoushunyu/eqvae/imagenet_sit_flow/factorized_guidance_800k_v1/response_direction_dense_n1000_seed0/v500/g1p5_r1p45_l0p125_n1000_seed0/nominal_intervention_fid5k.json
v500,g1p25_r1p40_l0p125_n1000_seed0,factorized,1.25,1.0,0.125,1.4,0,1000,74.85999287417064,215.49388694286745,30.187286376953125,7612,b693d3cc2f28249d84942f74586d1afda2df10879225cd69bbf5d6a2d602c7b8,76fcd0fce6808c069a79ee8fd795edf2a1785d73758dc62306e51700c44c0758,/data/users/zhoushunyu/eqvae/imagenet_sit_flow/factorized_guidance_800k_v1/response_direction_dense_n1000_seed0/v500/g1p25_r1p40_l0p125_n1000_seed0/nominal_intervention_fid5k.json
v500,g1p5_r1p50_l0p875_n1000_seed0,factorized,1.5,1.0,0.875,1.5,0,1000,74.88067100247338,216.91585310419828,27.96721076965332,8068,b693d3cc2f28249d84942f74586d1afda2df10879225cd69bbf5d6a2d602c7b8,76fcd0fce6808c069a79ee8fd795edf2a1785d73758dc62306e51700c44c0758,/data/users/zhoushunyu/eqvae/imagenet_sit_flow/factorized_guidance_800k_v1/response_direction_dense_n1000_seed0/v500/g1p5_r1p50_l0p875_n1000_seed0/nominal_intervention_fid5k.json
v500,g1p25_r1p35_l0p125_n1000_seed0,factorized,1.25,1.0,0.125,1.35,0,1000,74.88997230577559,215.54773192975142,30.627939224243164,7594,b693d3cc2f28249d84942f74586d1afda2df10879225cd69bbf5d6a2d602c7b8,76fcd0fce6808c069a79ee8fd795edf2a1785d73758dc62306e51700c44c0758,/data/users/zhoushunyu/eqvae/imagenet_sit_flow/factorized_guidance_800k_v1/response_direction_dense_n1000_seed0/v500/g1p25_r1p35_l0p125_n1000_seed0/nominal_intervention_fid5k.json
v500,g1p25_r1p25_l1p25_n1000_seed0,factorized,1.25,1.0,1.25,1.25,0,1000,74.89070165043034,216.75761763095056,31.906280517578125,7642,b693d3cc2f28249d84942f74586d1afda2df10879225cd69bbf5d6a2d602c7b8,76fcd0fce6808c069a79ee8fd795edf2a1785d73758dc62306e51700c44c0758,/data/users/zhoushunyu/eqvae/imagenet_sit_flow/factorized_guidance_800k_v1/response_direction_dense_n1000_seed0/v500/g1p25_r1p25_l1p25_n1000_seed0/nominal_intervention_fid5k.json
v500,g1p25_r1p45_l0p375_n1000_seed0,factorized,1.25,1.0,0.375,1.45,0,1000,74.89913119460107,215.97624366767593,29.190670013427734,7738,b693d3cc2f28249d84942f74586d1afda2df10879225cd69bbf5d6a2d602c7b8,76fcd0fce6808c069a79ee8fd795edf2a1785d73758dc62306e51700c44c0758,/data/users/zhoushunyu/eqvae/imagenet_sit_flow/factorized_guidance_800k_v1/response_direction_dense_n1000_seed0/v500/g1p25_r1p45_l0p375_n1000_seed0/nominal_intervention_fid5k.json
v500,g1p25_r1p45_l0p25_n1000_seed0,factorized,1.25,1.0,0.25,1.45,0,1000,74.91716845578719,215.92630437782373,29.31864356994629,7942,b693d3cc2f28249d84942f74586d1afda2df10879225cd69bbf5d6a2d602c7b8,76fcd0fce6808c069a79ee8fd795edf2a1785d73758dc62306e51700c44c0758,/data/users/zhoushunyu/eqvae/imagenet_sit_flow/factorized_guidance_800k_v1/response_direction_dense_n1000_seed0/v500/g1p25_r1p45_l0p25_n1000_seed0/nominal_intervention_fid5k.json
v500,g1p5_r1p50_l0p75_n1000_seed0,factorized,1.5,1.0,0.75,1.5,0,1000,74.9216596274008,216.70095965892438,28.03614616394043,7906,b693d3cc2f28249d84942f74586d1afda2df10879225cd69bbf5d6a2d602c7b8,76fcd0fce6808c069a79ee8fd795edf2a1785d73758dc62306e51700c44c0758,/data/users/zhoushunyu/eqvae/imagenet_sit_flow/factorized_guidance_800k_v1/response_direction_dense_n1000_seed0/v500/g1p5_r1p50_l0p75_n1000_seed0/nominal_intervention_fid5k.json
v500,g1p5_r1p35_l0_n1000_seed0,factorized,1.5,1.0,0.0,1.35,0,1000,74.93009554693947,215.43393032155893,30.75929069519043,7828,b693d3cc2f28249d84942f74586d1afda2df10879225cd69bbf5d6a2d602c7b8,76fcd0fce6808c069a79ee8fd795edf2a1785d73758dc62306e51700c44c0758,/data/users/zhoushunyu/eqvae/imagenet_sit_flow/factorized_guidance_800k_v1/response_direction_dense_n1000_seed0/v500/g1p5_r1p35_l0_n1000_seed0/nominal_intervention_fid5k.json
v500,g1p75_r1p45_l1p25_n1000_seed0,factorized,1.75,1.0,1.25,1.45,0,1000,74.9309247310722,218.10164289474073,27.83795166015625,8866,b693d3cc2f28249d84942f74586d1afda2df10879225cd69bbf5d6a2d602c7b8,76fcd0fce6808c069a79ee8fd795edf2a1785d73758dc62306e51700c44c0758,/data/users/zhoushunyu/eqvae/imagenet_sit_flow/factorized_guidance_800k_v1/response_direction_dense_n1000_seed0/v500/g1p75_r1p45_l1p25_n1000_seed0/nominal_intervention_fid5k.json
v500,g1p5_r1p35_l0p125_n1000_seed0,factorized,1.5,1.0,0.125,1.35,0,1000,74.93244825547134,215.57524982076188,30.745624542236328,7804,b693d3cc2f28249d84942f74586d1afda2df10879225cd69bbf5d6a2d602c7b8,76fcd0fce6808c069a79ee8fd795edf2a1785d73758dc62306e51700c44c0758,/data/users/zhoushunyu/eqvae/imagenet_sit_flow/factorized_guidance_800k_v1/response_direction_dense_n1000_seed0/v500/g1p5_r1p35_l0p125_n1000_seed0/nominal_intervention_fid5k.json
v500,g1p5_r1p40_l0p125_n1000_seed0,factorized,1.5,1.0,0.125,1.4,0,1000,74.93516759045548,215.68918766249533,29.29184341430664,7900,b693d3cc2f28249d84942f74586d1afda2df10879225cd69bbf5d6a2d602c7b8,76fcd0fce6808c069a79ee8fd795edf2a1785d73758dc62306e51700c44c0758,/data/users/zhoushunyu/eqvae/imagenet_sit_flow/factorized_guidance_800k_v1/response_direction_dense_n1000_seed0/v500/g1p5_r1p40_l0p125_n1000_seed0/nominal_intervention_fid5k.json
v500,g1p75_r1p25_l0p5_n1000_seed0,factorized,1.75,1.0,0.5,1.25,0,1000,74.93912881554564,216.01397373478073,31.061195373535156,7870,b693d3cc2f28249d84942f74586d1afda2df10879225cd69bbf5d6a2d602c7b8,76fcd0fce6808c069a79ee8fd795edf2a1785d73758dc62306e51700c44c0758,/data/users/zhoushunyu/eqvae/imagenet_sit_flow/factorized_guidance_800k_v1/response_direction_dense_n1000_seed0/v500/g1p75_r1p25_l0p5_n1000_seed0/nominal_intervention_fid5k.json
v500,g1p25_r1p40_l0_n1000_seed0,factorized,1.25,1.0,0.0,1.4,0,1000,74.94369677206714,215.42613458044718,30.406709671020508,7534,b693d3cc2f28249d84942f74586d1afda2df10879225cd69bbf5d6a2d602c7b8,76fcd0fce6808c069a79ee8fd795edf2a1785d73758dc62306e51700c44c0758,/data/users/zhoushunyu/eqvae/imagenet_sit_flow/factorized_guidance_800k_v1/response_direction_dense_n1000_seed0/v500/g1p25_r1p40_l0_n1000_seed0/nominal_intervention_fid5k.json
v500,g1p75_r1p40_l0p125_n1000_seed0,factorized,1.75,1.0,0.125,1.4,0,1000,74.95096189713553,215.65882703397642,29.433591842651367,7990,b693d3cc2f28249d84942f74586d1afda2df10879225cd69bbf5d6a2d602c7b8,76fcd0fce6808c069a79ee8fd795edf2a1785d73758dc62306e51700c44c0758,/data/users/zhoushunyu/eqvae/imagenet_sit_flow/factorized_guidance_800k_v1/response_direction_dense_n1000_seed0/v500/g1p75_r1p40_l0p125_n1000_seed0/nominal_intervention_fid5k.json
v500,g1p25_r1p25_l1p125_n1000_seed0,factorized,1.25,1.0,1.125,1.25,0,1000,74.97361465062875,216.71586244673983,32.41459655761719,7606,b693d3cc2f28249d84942f74586d1afda2df10879225cd69bbf5d6a2d602c7b8,76fcd0fce6808c069a79ee8fd795edf2a1785d73758dc62306e51700c44c0758,/data/users/zhoushunyu/eqvae/imagenet_sit_flow/factorized_guidance_800k_v1/response_direction_dense_n1000_seed0/v500/g1p25_r1p25_l1p125_n1000_seed0/nominal_intervention_fid5k.json
v500,g1p5_r1p45_l0_n1000_seed0,factorized,1.5,1.0,0.0,1.45,0,1000,74.99610047019388,215.66904271386193,29.067771911621094,7930,b693d3cc2f28249d84942f74586d1afda2df10879225cd69bbf5d6a2d602c7b8,76fcd0fce6808c069a79ee8fd795edf2a1785d73758dc62306e51700c44c0758,/data/users/zhoushunyu/eqvae/imagenet_sit_flow/factorized_guidance_800k_v1/response_direction_dense_n1000_seed0/v500/g1p5_r1p45_l0_n1000_seed0/nominal_intervention_fid5k.json
v500,g1p5_r1p20_l1p0_n1000_seed0,factorized,1.5,1.0,1.0,1.2,0,1000,75.00271147934518,216.9055223982524,31.960899353027344,7900,b693d3cc2f28249d84942f74586d1afda2df10879225cd69bbf5d6a2d602c7b8,76fcd0fce6808c069a79ee8fd795edf2a1785d73758dc62306e51700c44c0758,/data/users/zhoushunyu/eqvae/imagenet_sit_flow/factorized_guidance_800k_v1/response_direction_dense_n1000_seed0/v500/g1p5_r1p20_l1p0_n1000_seed0/nominal_intervention_fid5k.json
v500,g1p5_r1p30_l0p25_n1000_seed0,factorized,1.5,1.0,0.25,1.3,0,1000,75.00919897560266,215.6795400819624,30.939178466796875,7846,b693d3cc2f28249d84942f74586d1afda2df10879225cd69bbf5d6a2d602c7b8,76fcd0fce6808c069a79ee8fd795edf2a1785d73758dc62306e51700c44c0758,/data/users/zhoushunyu/eqvae/imagenet_sit_flow/factorized_guidance_800k_v1/response_direction_dense_n1000_seed0/v500/g1p5_r1p30_l0p25_n1000_seed0/nominal_intervention_fid5k.json
v500,g1p25_r1p50_l0p375_n1000_seed0,factorized,1.25,1.0,0.375,1.5,0,1000,75.0168178942485,216.13691780517615,28.99371910095215,8062,b693d3cc2f28249d84942f74586d1afda2df10879225cd69bbf5d6a2d602c7b8,76fcd0fce6808c069a79ee8fd795edf2a1785d73758dc62306e51700c44c0758,/data/users/zhoushunyu/eqvae/imagenet_sit_flow/factorized_guidance_800k_v1/response_direction_dense_n1000_seed0/v500/g1p25_r1p50_l0p375_n1000_seed0/nominal_intervention_fid5k.json
v500,g1p75_r1p30_l0p125_n1000_seed0,factorized,1.75,1.0,0.125,1.3,0,1000,75.03780846676887,215.6091669593702,30.668046951293945,7972,b693d3cc2f28249d84942f74586d1afda2df10879225cd69bbf5d6a2d602c7b8,76fcd0fce6808c069a79ee8fd795edf2a1785d73758dc62306e51700c44c0758,/data/users/zhoushunyu/eqvae/imagenet_sit_flow/factorized_guidance_800k_v1/response_direction_dense_n1000_seed0/v500/g1p75_r1p30_l0p125_n1000_seed0/nominal_intervention_fid5k.json
v500,g1p25_r1p30_l0p625_n1000_seed0,factorized,1.25,1.0,0.625,1.3,0,1000,75.04407467310767,216.10273465299565,31.552738189697266,7624,b693d3cc2f28249d84942f74586d1afda2df10879225cd69bbf5d6a2d602c7b8,76fcd0fce6808c069a79ee8fd795edf2a1785d73758dc62306e51700c44c0758,/data/users/zhoushunyu/eqvae/imagenet_sit_flow/factorized_guidance_800k_v1/response_direction_dense_n1000_seed0/v500/g1p25_r1p30_l0p625_n1000_seed0/nominal_intervention_fid5k.json
v500,g1p75_r1p35_l0_n1000_seed0,factorized,1.75,1.0,0.0,1.35,0,1000,75.04451327442797,215.4448124997473,30.354045867919922,7912,b693d3cc2f28249d84942f74586d1afda2df10879225cd69bbf5d6a2d602c7b8,76fcd0fce6808c069a79ee8fd795edf2a1785d73758dc62306e51700c44c0758,/data/users/zhoushunyu/eqvae/imagenet_sit_flow/factorized_guidance_800k_v1/response_direction_dense_n1000_seed0/v500/g1p75_r1p35_l0_n1000_seed0/nominal_intervention_fid5k.json
v500,g1p75_r1p50_l1p0_n1000_seed0,factorized,1.75,1.0,1.0,1.5,0,1000,75.08583388881283,218.0575050125458,27.558746337890625,8668,b693d3cc2f28249d84942f74586d1afda2df10879225cd69bbf5d6a2d602c7b8,76fcd0fce6808c069a79ee8fd795edf2a1785d73758dc62306e51700c44c0758,/data/users/zhoushunyu/eqvae/imagenet_sit_flow/factorized_guidance_800k_v1/response_direction_dense_n1000_seed0/v500/g1p75_r1p50_l1p0_n1000_seed0/nominal_intervention_fid5k.json
v500,g1p25_r1p50_l0p25_n1000_seed0,factorized,1.25,1.0,0.25,1.5,0,1000,75.08739875276251,215.9665314124752,29.021224975585938,7972,b693d3cc2f28249d84942f74586d1afda2df10879225cd69bbf5d6a2d602c7b8,76fcd0fce6808c069a79ee8fd795edf2a1785d73758dc62306e51700c44c0758,/data/users/zhoushunyu/eqvae/imagenet_sit_flow/factorized_guidance_800k_v1/response_direction_dense_n1000_seed0/v500/g1p25_r1p50_l0p25_n1000_seed0/nominal_intervention_fid5k.json
v500,g1p25_r1p50_l0p125_n1000_seed0,factorized,1.25,1.0,0.125,1.5,0,1000,75.09970976078768,215.7745150734089,28.898468017578125,7828,b693d3cc2f28249d84942f74586d1afda2df10879225cd69bbf5d6a2d602c7b8,76fcd0fce6808c069a79ee8fd795edf2a1785d73758dc62306e51700c44c0758,/data/users/zhoushunyu/eqvae/imagenet_sit_flow/factorized_guidance_800k_v1/response_direction_dense_n1000_seed0/v500/g1p25_r1p50_l0p125_n1000_seed0/nominal_intervention_fid5k.json
v500,g1p5_r1p30_l0p125_n1000_seed0,factorized,1.5,1.0,0.125,1.3,0,1000,75.12564981440232,215.50318418406187,30.818138122558594,7822,b693d3cc2f28249d84942f74586d1afda2df10879225cd69bbf5d6a2d602c7b8,76fcd0fce6808c069a79ee8fd795edf2a1785d73758dc62306e51700c44c0758,/data/users/zhoushunyu/eqvae/imagenet_sit_flow/factorized_guidance_800k_v1/response_direction_dense_n1000_seed0/v500/g1p5_r1p30_l0p125_n1000_seed0/nominal_intervention_fid5k.json
v500,g1p75_r1p50_l0p875_n1000_seed0,factorized,1.75,1.0,0.875,1.5,0,1000,75.17932663288553,217.7642160715402,27.820613861083984,8716,b693d3cc2f28249d84942f74586d1afda2df10879225cd69bbf5d6a2d602c7b8,76fcd0fce6808c069a79ee8fd795edf2a1785d73758dc62306e51700c44c0758,/data/users/zhoushunyu/eqvae/imagenet_sit_flow/factorized_guidance_800k_v1/response_direction_dense_n1000_seed0/v500/g1p75_r1p50_l0p875_n1000_seed0/nominal_intervention_fid5k.json
v500,g1p75_r1p30_l0_n1000_seed0,factorized,1.75,1.0,0.0,1.3,0,1000,75.1966341422854,215.46587993070193,30.365842819213867,7942,b693d3cc2f28249d84942f74586d1afda2df10879225cd69bbf5d6a2d602c7b8,76fcd0fce6808c069a79ee8fd795edf2a1785d73758dc62306e51700c44c0758,/data/users/zhoushunyu/eqvae/imagenet_sit_flow/factorized_guidance_800k_v1/response_direction_dense_n1000_seed0/v500/g1p75_r1p30_l0_n1000_seed0/nominal_intervention_fid5k.json
v500,g1p75_r1p40_l0_n1000_seed0,factorized,1.75,1.0,0.0,1.4,0,1000,75.19989251455218,215.47994588030724,29.461122512817383,7984,b693d3cc2f28249d84942f74586d1afda2df10879225cd69bbf5d6a2d602c7b8,76fcd0fce6808c069a79ee8fd795edf2a1785d73758dc62306e51700c44c0758,/data/users/zhoushunyu/eqvae/imagenet_sit_flow/factorized_guidance_800k_v1/response_direction_dense_n1000_seed0/v500/g1p75_r1p40_l0_n1000_seed0/nominal_intervention_fid5k.json
v500,g1p5_r1p25_l0p625_n1000_seed0,factorized,1.5,1.0,0.625,1.25,0,1000,75.20609308314897,216.22770062312645,31.500011444091797,7822,b693d3cc2f28249d84942f74586d1afda2df10879225cd69bbf5d6a2d602c7b8,76fcd0fce6808c069a79ee8fd795edf2a1785d73758dc62306e51700c44c0758,/data/users/zhoushunyu/eqvae/imagenet_sit_flow/factorized_guidance_800k_v1/response_direction_dense_n1000_seed0/v500/g1p5_r1p25_l0p625_n1000_seed0/nominal_intervention_fid5k.json
v500,g1p75_r1p45_l0p25_n1000_seed0,factorized,1.75,1.0,0.25,1.45,0,1000,75.23127472807238,216.06410805084204,28.918407440185547,7954,b693d3cc2f28249d84942f74586d1afda2df10879225cd69bbf5d6a2d602c7b8,76fcd0fce6808c069a79ee8fd795edf2a1785d73758dc62306e51700c44c0758,/data/users/zhoushunyu/eqvae/imagenet_sit_flow/factorized_guidance_800k_v1/response_direction_dense_n1000_seed0/v500/g1p75_r1p45_l0p25_n1000_seed0/nominal_intervention_fid5k.json
v500,g1p5_r1p50_l0p625_n1000_seed0,factorized,1.5,1.0,0.625,1.5,0,1000,75.24253858840325,216.68212043467497,28.864639282226562,8002,b693d3cc2f28249d84942f74586d1afda2df10879225cd69bbf5d6a2d602c7b8,76fcd0fce6808c069a79ee8fd795edf2a1785d73758dc62306e51700c44c0758,/data/users/zhoushunyu/eqvae/imagenet_sit_flow/factorized_guidance_800k_v1/response_direction_dense_n1000_seed0/v500/g1p5_r1p50_l0p625_n1000_seed0/nominal_intervention_fid5k.json
v500,g1p25_r1p25_l1p0_n1000_seed0,factorized,1.25,1.0,1.0,1.25,0,1000,75.26739571704474,216.63794858646247,31.903465270996094,7654,b693d3cc2f28249d84942f74586d1afda2df10879225cd69bbf5d6a2d602c7b8,76fcd0fce6808c069a79ee8fd795edf2a1785d73758dc62306e51700c44c0758,/data/users/zhoushunyu/eqvae/imagenet_sit_flow/factorized_guidance_800k_v1/response_direction_dense_n1000_seed0/v500/g1p25_r1p25_l1p0_n1000_seed0/nominal_intervention_fid5k.json
v500,g1p25_r1p35_l0_n1000_seed0,factorized,1.25,1.0,0.0,1.35,0,1000,75.2809111341785,215.40176645325107,30.719316482543945,7570,b693d3cc2f28249d84942f74586d1afda2df10879225cd69bbf5d6a2d602c7b8,76fcd0fce6808c069a79ee8fd795edf2a1785d73758dc62306e51700c44c0758,/data/users/zhoushunyu/eqvae/imagenet_sit_flow/factorized_guidance_800k_v1/response_direction_dense_n1000_seed0/v500/g1p25_r1p35_l0_n1000_seed0/nominal_intervention_fid5k.json
v500,g1p75_r1p25_l0p375_n1000_seed0,factorized,1.75,1.0,0.375,1.25,0,1000,75.28243028051912,215.99573196066035,31.354581832885742,7936,b693d3cc2f28249d84942f74586d1afda2df10879225cd69bbf5d6a2d602c7b8,76fcd0fce6808c069a79ee8fd795edf2a1785d73758dc62306e51700c44c0758,/data/users/zhoushunyu/eqvae/imagenet_sit_flow/factorized_guidance_800k_v1/response_direction_dense_n1000_seed0/v500/g1p75_r1p25_l0p375_n1000_seed0/nominal_intervention_fid5k.json
v500,g1p5_r1p40_l0_n1000_seed0,factorized,1.5,1.0,0.0,1.4,0,1000,75.28364589977878,215.5626674763895,29.746503829956055,7840,b693d3cc2f28249d84942f74586d1afda2df10879225cd69bbf5d6a2d602c7b8,76fcd0fce6808c069a79ee8fd795edf2a1785d73758dc62306e51700c44c0758,/data/users/zhoushunyu/eqvae/imagenet_sit_flow/factorized_guidance_800k_v1/response_direction_dense_n1000_seed0/v500/g1p5_r1p40_l0_n1000_seed0/nominal_intervention_fid5k.json
v500,g1p25_r1p50_l0_n1000_seed0,factorized,1.25,1.0,0.0,1.5,0,1000,75.28608542173885,215.69251116762337,28.991195678710938,7906,b693d3cc2f28249d84942f74586d1afda2df10879225cd69bbf5d6a2d602c7b8,76fcd0fce6808c069a79ee8fd795edf2a1785d73758dc62306e51700c44c0758,/data/users/zhoushunyu/eqvae/imagenet_sit_flow/factorized_guidance_800k_v1/response_direction_dense_n1000_seed0/v500/g1p25_r1p50_l0_n1000_seed0/nominal_intervention_fid5k.json
v500,g1p25_r1p30_l0p5_n1000_seed0,factorized,1.25,1.0,0.5,1.3,0,1000,75.29463494608007,215.95383181410625,31.042104721069336,7570,b693d3cc2f28249d84942f74586d1afda2df10879225cd69bbf5d6a2d602c7b8,76fcd0fce6808c069a79ee8fd795edf2a1785d73758dc62306e51700c44c0758,/data/users/zhoushunyu/eqvae/imagenet_sit_flow/factorized_guidance_800k_v1/response_direction_dense_n1000_seed0/v500/g1p25_r1p30_l0p5_n1000_seed0/nominal_intervention_fid5k.json
v500,g1p75_r1p45_l0p125_n1000_seed0,factorized,1.75,1.0,0.125,1.45,0,1000,75.37412091288797,215.80747940586411,28.8001651763916,8008,b693d3cc2f28249d84942f74586d1afda2df10879225cd69bbf5d6a2d602c7b8,76fcd0fce6808c069a79ee8fd795edf2a1785d73758dc62306e51700c44c0758,/data/users/zhoushunyu/eqvae/imagenet_sit_flow/factorized_guidance_800k_v1/response_direction_dense_n1000_seed0/v500/g1p75_r1p45_l0p125_n1000_seed0/nominal_intervention_fid5k.json
v500,g1p75_r1p50_l0p75_n1000_seed0,factorized,1.75,1.0,0.75,1.5,0,1000,75.37499240455901,217.46320505058156,27.3807373046875,8416,b693d3cc2f28249d84942f74586d1afda2df10879225cd69bbf5d6a2d602c7b8,76fcd0fce6808c069a79ee8fd795edf2a1785d73758dc62306e51700c44c0758,/data/users/zhoushunyu/eqvae/imagenet_sit_flow/factorized_guidance_800k_v1/response_direction_dense_n1000_seed0/v500/g1p75_r1p50_l0p75_n1000_seed0/nominal_intervention_fid5k.json
v500,g1p75_r1p50_l0p625_n1000_seed0,factorized,1.75,1.0,0.625,1.5,0,1000,75.37634908865175,217.06765606105796,27.813213348388672,8170,b693d3cc2f28249d84942f74586d1afda2df10879225cd69bbf5d6a2d602c7b8,76fcd0fce6808c069a79ee8fd795edf2a1785d73758dc62306e51700c44c0758,/data/users/zhoushunyu/eqvae/imagenet_sit_flow/factorized_guidance_800k_v1/response_direction_dense_n1000_seed0/v500/g1p75_r1p50_l0p625_n1000_seed0/nominal_intervention_fid5k.json
v500,g1p25_r1p25_l0p875_n1000_seed0,factorized,1.25,1.0,0.875,1.25,0,1000,75.37720926581272,216.6665493961549,31.635297775268555,7636,b693d3cc2f28249d84942f74586d1afda2df10879225cd69bbf5d6a2d602c7b8,76fcd0fce6808c069a79ee8fd795edf2a1785d73758dc62306e51700c44c0758,/data/users/zhoushunyu/eqvae/imagenet_sit_flow/factorized_guidance_800k_v1/response_direction_dense_n1000_seed0/v500/g1p25_r1p25_l0p875_n1000_seed0/nominal_intervention_fid5k.json
v500,g1p5_r1p50_l0_n1000_seed0,factorized,1.5,1.0,0.0,1.5,0,1000,75.37801161778418,216.02505192036415,29.0838680267334,8086,b693d3cc2f28249d84942f74586d1afda2df10879225cd69bbf5d6a2d602c7b8,76fcd0fce6808c069a79ee8fd795edf2a1785d73758dc62306e51700c44c0758,/data/users/zhoushunyu/eqvae/imagenet_sit_flow/factorized_guidance_800k_v1/response_direction_dense_n1000_seed0/v500/g1p5_r1p50_l0_n1000_seed0/nominal_intervention_fid5k.json
v500,g1p75_r1p20_l0p625_n1000_seed0,factorized,1.75,1.0,0.625,1.2,0,1000,75.39277411446108,216.52356117093336,31.735225677490234,7720,b693d3cc2f28249d84942f74586d1afda2df10879225cd69bbf5d6a2d602c7b8,76fcd0fce6808c069a79ee8fd795edf2a1785d73758dc62306e51700c44c0758,/data/users/zhoushunyu/eqvae/imagenet_sit_flow/factorized_guidance_800k_v1/response_direction_dense_n1000_seed0/v500/g1p75_r1p20_l0p625_n1000_seed0/nominal_intervention_fid5k.json
v500,g1p5_r1p50_l0p5_n1000_seed0,factorized,1.5,1.0,0.5,1.5,0,1000,75.39557622472256,216.439262912809,29.245492935180664,7996,b693d3cc2f28249d84942f74586d1afda2df10879225cd69bbf5d6a2d602c7b8,76fcd0fce6808c069a79ee8fd795edf2a1785d73758dc62306e51700c44c0758,/data/users/zhoushunyu/eqvae/imagenet_sit_flow/factorized_guidance_800k_v1/response_direction_dense_n1000_seed0/v500/g1p5_r1p50_l0p5_n1000_seed0/nominal_intervention_fid5k.json
v500,g1p5_r1p20_l0p875_n1000_seed0,factorized,1.5,1.0,0.875,1.2,0,1000,75.41789451706728,216.8117091937296,32.00444030761719,7864,b693d3cc2f28249d84942f74586d1afda2df10879225cd69bbf5d6a2d602c7b8,76fcd0fce6808c069a79ee8fd795edf2a1785d73758dc62306e51700c44c0758,/data/users/zhoushunyu/eqvae/imagenet_sit_flow/factorized_guidance_800k_v1/response_direction_dense_n1000_seed0/v500/g1p5_r1p20_l0p875_n1000_seed0/nominal_intervention_fid5k.json
v500,g1p5_r1p25_l0p5_n1000_seed0,factorized,1.5,1.0,0.5,1.25,0,1000,75.43354467059316,216.3057075906264,31.4810848236084,7876,b693d3cc2f28249d84942f74586d1afda2df10879225cd69bbf5d6a2d602c7b8,76fcd0fce6808c069a79ee8fd795edf2a1785d73758dc62306e51700c44c0758,/data/users/zhoushunyu/eqvae/imagenet_sit_flow/factorized_guidance_800k_v1/response_direction_dense_n1000_seed0/v500/g1p5_r1p25_l0p5_n1000_seed0/nominal_intervention_fid5k.json
v500,g1p5_r1p30_l0_n1000_seed0,factorized,1.5,1.0,0.0,1.3,0,1000,75.46517887662378,215.48714930251015,30.848731994628906,7786,b693d3cc2f28249d84942f74586d1afda2df10879225cd69bbf5d6a2d602c7b8,76fcd0fce6808c069a79ee8fd795edf2a1785d73758dc62306e51700c44c0758,/data/users/zhoushunyu/eqvae/imagenet_sit_flow/factorized_guidance_800k_v1/response_direction_dense_n1000_seed0/v500/g1p5_r1p30_l0_n1000_seed0/nominal_intervention_fid5k.json
v500,g1p25_r1p30_l0p375_n1000_seed0,factorized,1.25,1.0,0.375,1.3,0,1000,75.50121793311962,215.88894258593575,30.902929306030273,7678,b693d3cc2f28249d84942f74586d1afda2df10879225cd69bbf5d6a2d602c7b8,76fcd0fce6808c069a79ee8fd795edf2a1785d73758dc62306e51700c44c0758,/data/users/zhoushunyu/eqvae/imagenet_sit_flow/factorized_guidance_800k_v1/response_direction_dense_n1000_seed0/v500/g1p25_r1p30_l0p375_n1000_seed0/nominal_intervention_fid5k.json
v500,g1p5_r1p50_l0p375_n1000_seed0,factorized,1.5,1.0,0.375,1.5,0,1000,75.50664617011745,216.2737970087394,29.216537475585938,7930,b693d3cc2f28249d84942f74586d1afda2df10879225cd69bbf5d6a2d602c7b8,76fcd0fce6808c069a79ee8fd795edf2a1785d73758dc62306e51700c44c0758,/data/users/zhoushunyu/eqvae/imagenet_sit_flow/factorized_guidance_800k_v1/response_direction_dense_n1000_seed0/v500/g1p5_r1p50_l0p375_n1000_seed0/nominal_intervention_fid5k.json
v500,g1p5_r1p50_l0p25_n1000_seed0,factorized,1.5,1.0,0.25,1.5,0,1000,75.52628572741725,216.1447632356476,29.101905822753906,8062,b693d3cc2f28249d84942f74586d1afda2df10879225cd69bbf5d6a2d602c7b8,76fcd0fce6808c069a79ee8fd795edf2a1785d73758dc62306e51700c44c0758,/data/users/zhoushunyu/eqvae/imagenet_sit_flow/factorized_guidance_800k_v1/response_direction_dense_n1000_seed0/v500/g1p5_r1p50_l0p25_n1000_seed0/nominal_intervention_fid5k.json
v500,g1p5_r1p50_l0p125_n1000_seed0,factorized,1.5,1.0,0.125,1.5,0,1000,75.54520628584828,216.12804173436007,29.121171951293945,7942,b693d3cc2f28249d84942f74586d1afda2df10879225cd69bbf5d6a2d602c7b8,76fcd0fce6808c069a79ee8fd795edf2a1785d73758dc62306e51700c44c0758,/data/users/zhoushunyu/eqvae/imagenet_sit_flow/factorized_guidance_800k_v1/response_direction_dense_n1000_seed0/v500/g1p5_r1p50_l0p125_n1000_seed0/nominal_intervention_fid5k.json
v500,g1p25_r1p25_l0p75_n1000_seed0,factorized,1.25,1.0,0.75,1.25,0,1000,75.55634318716835,216.65426886319733,31.234851837158203,7630,b693d3cc2f28249d84942f74586d1afda2df10879225cd69bbf5d6a2d602c7b8,76fcd0fce6808c069a79ee8fd795edf2a1785d73758dc62306e51700c44c0758,/data/users/zhoushunyu/eqvae/imagenet_sit_flow/factorized_guidance_800k_v1/response_direction_dense_n1000_seed0/v500/g1p25_r1p25_l0p75_n1000_seed0/nominal_intervention_fid5k.json
v500,g1p75_r1p25_l0p25_n1000_seed0,factorized,1.75,1.0,0.25,1.25,0,1000,75.56010140068565,215.89354880501696,31.121862411499023,7888,b693d3cc2f28249d84942f74586d1afda2df10879225cd69bbf5d6a2d602c7b8,76fcd0fce6808c069a79ee8fd795edf2a1785d73758dc62306e51700c44c0758,/data/users/zhoushunyu/eqvae/imagenet_sit_flow/factorized_guidance_800k_v1/response_direction_dense_n1000_seed0/v500/g1p75_r1p25_l0p25_n1000_seed0/nominal_intervention_fid5k.json
v500,g1p75_r1p45_l0_n1000_seed0,factorized,1.75,1.0,0.0,1.45,0,1000,75.56713822086601,215.64723468795523,28.730371475219727,7984,b693d3cc2f28249d84942f74586d1afda2df10879225cd69bbf5d6a2d602c7b8,76fcd0fce6808c069a79ee8fd795edf2a1785d73758dc62306e51700c44c0758,/data/users/zhoushunyu/eqvae/imagenet_sit_flow/factorized_guidance_800k_v1/response_direction_dense_n1000_seed0/v500/g1p75_r1p45_l0_n1000_seed0/nominal_intervention_fid5k.json
v500,g1p75_r1p50_l0p5_n1000_seed0,factorized,1.75,1.0,0.5,1.5,0,1000,75.5686119743475,216.92334617315385,28.534690856933594,7990,b693d3cc2f28249d84942f74586d1afda2df10879225cd69bbf5d6a2d602c7b8,76fcd0fce6808c069a79ee8fd795edf2a1785d73758dc62306e51700c44c0758,/data/users/zhoushunyu/eqvae/imagenet_sit_flow/factorized_guidance_800k_v1/response_direction_dense_n1000_seed0/v500/g1p75_r1p50_l0p5_n1000_seed0/nominal_intervention_fid5k.json
v500,g1p25_r1p30_l0p25_n1000_seed0,factorized,1.25,1.0,0.25,1.3,0,1000,75.59252341302624,215.8372913921828,30.618295669555664,7660,b693d3cc2f28249d84942f74586d1afda2df10879225cd69bbf5d6a2d602c7b8,76fcd0fce6808c069a79ee8fd795edf2a1785d73758dc62306e51700c44c0758,/data/users/zhoushunyu/eqvae/imagenet_sit_flow/factorized_guidance_800k_v1/response_direction_dense_n1000_seed0/v500/g1p25_r1p30_l0p25_n1000_seed0/nominal_intervention_fid5k.json
v500,g1p5_r1p25_l0p375_n1000_seed0,factorized,1.5,1.0,0.375,1.25,0,1000,75.60351169492799,216.1593039057226,31.117456436157227,7852,b693d3cc2f28249d84942f74586d1afda2df10879225cd69bbf5d6a2d602c7b8,76fcd0fce6808c069a79ee8fd795edf2a1785d73758dc62306e51700c44c0758,/data/users/zhoushunyu/eqvae/imagenet_sit_flow/factorized_guidance_800k_v1/response_direction_dense_n1000_seed0/v500/g1p5_r1p25_l0p375_n1000_seed0/nominal_intervention_fid5k.json
v500,g1p25_r1p30_l0p125_n1000_seed0,factorized,1.25,1.0,0.125,1.3,0,1000,75.66937519605233,215.69205465542677,30.42441749572754,7702,b693d3cc2f28249d84942f74586d1afda2df10879225cd69bbf5d6a2d602c7b8,76fcd0fce6808c069a79ee8fd795edf2a1785d73758dc62306e51700c44c0758,/data/users/zhoushunyu/eqvae/imagenet_sit_flow/factorized_guidance_800k_v1/response_direction_dense_n1000_seed0/v500/g1p25_r1p30_l0p125_n1000_seed0/nominal_intervention_fid5k.json
v500,g1p75_r1p50_l1p125_n1000_seed0,factorized,1.75,1.0,1.125,1.5,0,1000,75.69226656862571,218.37736346824295,27.476835250854492,8884,b693d3cc2f28249d84942f74586d1afda2df10879225cd69bbf5d6a2d602c7b8,76fcd0fce6808c069a79ee8fd795edf2a1785d73758dc62306e51700c44c0758,/data/users/zhoushunyu/eqvae/imagenet_sit_flow/factorized_guidance_800k_v1/response_direction_dense_n1000_seed0/v500/g1p75_r1p50_l1p125_n1000_seed0/nominal_intervention_fid5k.json
v500,g1p75_r1p25_l0p125_n1000_seed0,factorized,1.75,1.0,0.125,1.25,0,1000,75.6931093336151,215.7108430109987,30.59404945373535,8056,b693d3cc2f28249d84942f74586d1afda2df10879225cd69bbf5d6a2d602c7b8,76fcd0fce6808c069a79ee8fd795edf2a1785d73758dc62306e51700c44c0758,/data/users/zhoushunyu/eqvae/imagenet_sit_flow/factorized_guidance_800k_v1/response_direction_dense_n1000_seed0/v500/g1p75_r1p25_l0p125_n1000_seed0/nominal_intervention_fid5k.json
v500,g1p25_r1p20_l1p25_n1000_seed0,factorized,1.25,1.0,1.25,1.2,0,1000,75.70681756577699,217.2977464469203,32.300350189208984,7702,b693d3cc2f28249d84942f74586d1afda2df10879225cd69bbf5d6a2d602c7b8,76fcd0fce6808c069a79ee8fd795edf2a1785d73758dc62306e51700c44c0758,/data/users/zhoushunyu/eqvae/imagenet_sit_flow/factorized_guidance_800k_v1/response_direction_dense_n1000_seed0/v500/g1p25_r1p20_l1p25_n1000_seed0/nominal_intervention_fid5k.json
v500,g1p25_r1p25_l0p625_n1000_seed0,factorized,1.25,1.0,0.625,1.25,0,1000,75.72880905174071,216.56479302645744,31.07691764831543,7636,b693d3cc2f28249d84942f74586d1afda2df10879225cd69bbf5d6a2d602c7b8,76fcd0fce6808c069a79ee8fd795edf2a1785d73758dc62306e51700c44c0758,/data/users/zhoushunyu/eqvae/imagenet_sit_flow/factorized_guidance_800k_v1/response_direction_dense_n1000_seed0/v500/g1p25_r1p25_l0p625_n1000_seed0/nominal_intervention_fid5k.json
v500,g1p5_r1p20_l0p75_n1000_seed0,factorized,1.5,1.0,0.75,1.2,0,1000,75.79160706473266,216.86093565197575,32.000221252441406,7780,b693d3cc2f28249d84942f74586d1afda2df10879225cd69bbf5d6a2d602c7b8,76fcd0fce6808c069a79ee8fd795edf2a1785d73758dc62306e51700c44c0758,/data/users/zhoushunyu/eqvae/imagenet_sit_flow/factorized_guidance_800k_v1/response_direction_dense_n1000_seed0/v500/g1p5_r1p20_l0p75_n1000_seed0/nominal_intervention_fid5k.json
v500,g1p75_r1p20_l0p5_n1000_seed0,factorized,1.75,1.0,0.5,1.2,0,1000,75.79168476154473,216.50267441997528,31.38836097717285,7852,b693d3cc2f28249d84942f74586d1afda2df10879225cd69bbf5d6a2d602c7b8,76fcd0fce6808c069a79ee8fd795edf2a1785d73758dc62306e51700c44c0758,/data/users/zhoushunyu/eqvae/imagenet_sit_flow/factorized_guidance_800k_v1/response_direction_dense_n1000_seed0/v500/g1p75_r1p20_l0p5_n1000_seed0/nominal_intervention_fid5k.json
v500,g1p75_r1p50_l0p375_n1000_seed0,factorized,1.75,1.0,0.375,1.5,0,1000,75.83139993335016,216.68040493576927,28.881698608398438,8008,b693d3cc2f28249d84942f74586d1afda2df10879225cd69bbf5d6a2d602c7b8,76fcd0fce6808c069a79ee8fd795edf2a1785d73758dc62306e51700c44c0758,/data/users/zhoushunyu/eqvae/imagenet_sit_flow/factorized_guidance_800k_v1/response_direction_dense_n1000_seed0/v500/g1p75_r1p50_l0p375_n1000_seed0/nominal_intervention_fid5k.json
v500,g1p25_r1p20_l1p125_n1000_seed0,factorized,1.25,1.0,1.125,1.2,0,1000,75.83362275640087,217.2636213290017,32.04315185546875,7666,b693d3cc2f28249d84942f74586d1afda2df10879225cd69bbf5d6a2d602c7b8,76fcd0fce6808c069a79ee8fd795edf2a1785d73758dc62306e51700c44c0758,/data/users/zhoushunyu/eqvae/imagenet_sit_flow/factorized_guidance_800k_v1/response_direction_dense_n1000_seed0/v500/g1p25_r1p20_l1p125_n1000_seed0/nominal_intervention_fid5k.json
v500,g1p5_r1p25_l0p25_n1000_seed0,factorized,1.5,1.0,0.25,1.25,0,1000,75.87317813456855,216.0065199506589,30.463136672973633,7864,b693d3cc2f28249d84942f74586d1afda2df10879225cd69bbf5d6a2d602c7b8,76fcd0fce6808c069a79ee8fd795edf2a1785d73758dc62306e51700c44c0758,/data/users/zhoushunyu/eqvae/imagenet_sit_flow/factorized_guidance_800k_v1/response_direction_dense_n1000_seed0/v500/g1p5_r1p25_l0p25_n1000_seed0/nominal_intervention_fid5k.json
v500,g1p25_r1p30_l0_n1000_seed0,factorized,1.25,1.0,0.0,1.3,0,1000,75.87795728851404,215.58720414713093,30.08024787902832,7588,b693d3cc2f28249d84942f74586d1afda2df10879225cd69bbf5d6a2d602c7b8,76fcd0fce6808c069a79ee8fd795edf2a1785d73758dc62306e51700c44c0758,/data/users/zhoushunyu/eqvae/imagenet_sit_flow/factorized_guidance_800k_v1/response_direction_dense_n1000_seed0/v500/g1p25_r1p30_l0_n1000_seed0/nominal_intervention_fid5k.json
v500,g1p5_r1p25_l0p125_n1000_seed0,factorized,1.5,1.0,0.125,1.25,0,1000,75.89645925922599,215.9628847725612,30.398578643798828,7894,b693d3cc2f28249d84942f74586d1afda2df10879225cd69bbf5d6a2d602c7b8,76fcd0fce6808c069a79ee8fd795edf2a1785d73758dc62306e51700c44c0758,/data/users/zhoushunyu/eqvae/imagenet_sit_flow/factorized_guidance_800k_v1/response_direction_dense_n1000_seed0/v500/g1p5_r1p25_l0p125_n1000_seed0/nominal_intervention_fid5k.json
v500,g1p25_r1p20_l1p0_n1000_seed0,factorized,1.25,1.0,1.0,1.2,0,1000,75.90131861327029,217.24943513142273,31.772171020507812,7612,b693d3cc2f28249d84942f74586d1afda2df10879225cd69bbf5d6a2d602c7b8,76fcd0fce6808c069a79ee8fd795edf2a1785d73758dc62306e51700c44c0758,/data/users/zhoushunyu/eqvae/imagenet_sit_flow/factorized_guidance_800k_v1/response_direction_dense_n1000_seed0/v500/g1p25_r1p20_l1p0_n1000_seed0/nominal_intervention_fid5k.json
v500,g1p75_r1p50_l0p125_n1000_seed0,factorized,1.75,1.0,0.125,1.5,0,1000,75.90428368892412,216.22202299238734,29.043622970581055,8002,b693d3cc2f28249d84942f74586d1afda2df10879225cd69bbf5d6a2d602c7b8,76fcd0fce6808c069a79ee8fd795edf2a1785d73758dc62306e51700c44c0758,/data/users/zhoushunyu/eqvae/imagenet_sit_flow/factorized_guidance_800k_v1/response_direction_dense_n1000_seed0/v500/g1p75_r1p50_l0p125_n1000_seed0/nominal_intervention_fid5k.json
v500,g1p25_r1p25_l0p5_n1000_seed0,factorized,1.25,1.0,0.5,1.25,0,1000,75.91223604205032,216.4243487008065,30.92372703552246,7540,b693d3cc2f28249d84942f74586d1afda2df10879225cd69bbf5d6a2d602c7b8,76fcd0fce6808c069a79ee8fd795edf2a1785d73758dc62306e51700c44c0758,/data/users/zhoushunyu/eqvae/imagenet_sit_flow/factorized_guidance_800k_v1/response_direction_dense_n1000_seed0/v500/g1p25_r1p25_l0p5_n1000_seed0/nominal_intervention_fid5k.json
v500,g1p75_r1p50_l0_n1000_seed0,factorized,1.75,1.0,0.0,1.5,0,1000,75.93140951574173,216.04964212347159,29.05323600769043,8044,b693d3cc2f28249d84942f74586d1afda2df10879225cd69bbf5d6a2d602c7b8,76fcd0fce6808c069a79ee8fd795edf2a1785d73758dc62306e51700c44c0758,/data/users/zhoushunyu/eqvae/imagenet_sit_flow/factorized_guidance_800k_v1/response_direction_dense_n1000_seed0/v500/g1p75_r1p50_l0_n1000_seed0/nominal_intervention_fid5k.json
v500,g1p75_r1p25_l0_n1000_seed0,factorized,1.75,1.0,0.0,1.25,0,1000,75.95216972202269,215.59119011718485,30.836307525634766,7984,b693d3cc2f28249d84942f74586d1afda2df10879225cd69bbf5d6a2d602c7b8,76fcd0fce6808c069a79ee8fd795edf2a1785d73758dc62306e51700c44c0758,/data/users/zhoushunyu/eqvae/imagenet_sit_flow/factorized_guidance_800k_v1/response_direction_dense_n1000_seed0/v500/g1p75_r1p25_l0_n1000_seed0/nominal_intervention_fid5k.json
v500,g1p75_r1p50_l0p25_n1000_seed0,factorized,1.75,1.0,0.25,1.5,0,1000,75.96943756086335,216.42353376124322,28.96120834350586,8038,b693d3cc2f28249d84942f74586d1afda2df10879225cd69bbf5d6a2d602c7b8,76fcd0fce6808c069a79ee8fd795edf2a1785d73758dc62306e51700c44c0758,/data/users/zhoushunyu/eqvae/imagenet_sit_flow/factorized_guidance_800k_v1/response_direction_dense_n1000_seed0/v500/g1p75_r1p50_l0p25_n1000_seed0/nominal_intervention_fid5k.json
v500,g1p75_r1p20_l0p375_n1000_seed0,factorized,1.75,1.0,0.375,1.2,0,1000,76.00910893121932,216.49000725005635,30.966411590576172,7924,b693d3cc2f28249d84942f74586d1afda2df10879225cd69bbf5d6a2d602c7b8,76fcd0fce6808c069a79ee8fd795edf2a1785d73758dc62306e51700c44c0758,/data/users/zhoushunyu/eqvae/imagenet_sit_flow/factorized_guidance_800k_v1/response_direction_dense_n1000_seed0/v500/g1p75_r1p20_l0p375_n1000_seed0/nominal_intervention_fid5k.json
v500,g1p5_r1p20_l0p625_n1000_seed0,factorized,1.5,1.0,0.625,1.2,0,1000,76.04755201492725,216.8400602896753,31.472190856933594,7768,b693d3cc2f28249d84942f74586d1afda2df10879225cd69bbf5d6a2d602c7b8,76fcd0fce6808c069a79ee8fd795edf2a1785d73758dc62306e51700c44c0758,/data/users/zhoushunyu/eqvae/imagenet_sit_flow/factorized_guidance_800k_v1/response_direction_dense_n1000_seed0/v500/g1p5_r1p20_l0p625_n1000_seed0/nominal_intervention_fid5k.json
v500,g1p25_r1p25_l0p375_n1000_seed0,factorized,1.25,1.0,0.375,1.25,0,1000,76.08349329628288,216.28496930767483,30.711410522460938,7516,b693d3cc2f28249d84942f74586d1afda2df10879225cd69bbf5d6a2d602c7b8,76fcd0fce6808c069a79ee8fd795edf2a1785d73758dc62306e51700c44c0758,/data/users/zhoushunyu/eqvae/imagenet_sit_flow/factorized_guidance_800k_v1/response_direction_dense_n1000_seed0/v500/g1p25_r1p25_l0p375_n1000_seed0/nominal_intervention_fid5k.json
v500,g1p75_r1p20_l0p25_n1000_seed0,factorized,1.75,1.0,0.25,1.2,0,1000,76.10173759165514,216.32792143583697,30.704879760742188,7936,b693d3cc2f28249d84942f74586d1afda2df10879225cd69bbf5d6a2d602c7b8,76fcd0fce6808c069a79ee8fd795edf2a1785d73758dc62306e51700c44c0758,/data/users/zhoushunyu/eqvae/imagenet_sit_flow/factorized_guidance_800k_v1/response_direction_dense_n1000_seed0/v500/g1p75_r1p20_l0p25_n1000_seed0/nominal_intervention_fid5k.json
v500,g1p25_r1p20_l0p875_n1000_seed0,factorized,1.25,1.0,0.875,1.2,0,1000,76.15315264812318,217.1668679271412,31.431913375854492,7594,b693d3cc2f28249d84942f74586d1afda2df10879225cd69bbf5d6a2d602c7b8,76fcd0fce6808c069a79ee8fd795edf2a1785d73758dc62306e51700c44c0758,/data/users/zhoushunyu/eqvae/imagenet_sit_flow/factorized_guidance_800k_v1/response_direction_dense_n1000_seed0/v500/g1p25_r1p20_l0p875_n1000_seed0/nominal_intervention_fid5k.json
v500,g1p5_r1p25_l0_n1000_seed0,factorized,1.5,1.0,0.0,1.25,0,1000,76.24228022441025,215.80244962422262,30.335790634155273,7888,b693d3cc2f28249d84942f74586d1afda2df10879225cd69bbf5d6a2d602c7b8,76fcd0fce6808c069a79ee8fd795edf2a1785d73758dc62306e51700c44c0758,/data/users/zhoushunyu/eqvae/imagenet_sit_flow/factorized_guidance_800k_v1/response_direction_dense_n1000_seed0/v500/g1p5_r1p25_l0_n1000_seed0/nominal_intervention_fid5k.json
v500,g1p75_r1p20_l0p125_n1000_seed0,factorized,1.75,1.0,0.125,1.2,0,1000,76.27037681415374,216.30520116760317,30.4936466217041,8020,b693d3cc2f28249d84942f74586d1afda2df10879225cd69bbf5d6a2d602c7b8,76fcd0fce6808c069a79ee8fd795edf2a1785d73758dc62306e51700c44c0758,/data/users/zhoushunyu/eqvae/imagenet_sit_flow/factorized_guidance_800k_v1/response_direction_dense_n1000_seed0/v500/g1p75_r1p20_l0p125_n1000_seed0/nominal_intervention_fid5k.json
v500,g1p25_r1p25_l0p25_n1000_seed0,factorized,1.25,1.0,0.25,1.25,0,1000,76.27123209236606,216.16889670554644,30.484764099121094,7474,b693d3cc2f28249d84942f74586d1afda2df10879225cd69bbf5d6a2d602c7b8,76fcd0fce6808c069a79ee8fd795edf2a1785d73758dc62306e51700c44c0758,/data/users/zhoushunyu/eqvae/imagenet_sit_flow/factorized_guidance_800k_v1/response_direction_dense_n1000_seed0/v500/g1p25_r1p25_l0p25_n1000_seed0/nominal_intervention_fid5k.json
v500,g1p5_r1p20_l0p5_n1000_seed0,factorized,1.5,1.0,0.5,1.2,0,1000,76.30994024302953,216.7549250737195,31.0297908782959,7846,b693d3cc2f28249d84942f74586d1afda2df10879225cd69bbf5d6a2d602c7b8,76fcd0fce6808c069a79ee8fd795edf2a1785d73758dc62306e51700c44c0758,/data/users/zhoushunyu/eqvae/imagenet_sit_flow/factorized_guidance_800k_v1/response_direction_dense_n1000_seed0/v500/g1p5_r1p20_l0p5_n1000_seed0/nominal_intervention_fid5k.json
v500,g1p75_r1p50_l1p25_n1000_seed0,factorized,1.75,1.0,1.25,1.5,0,1000,76.31979103046149,218.74413779969655,27.428895950317383,9268,b693d3cc2f28249d84942f74586d1afda2df10879225cd69bbf5d6a2d602c7b8,76fcd0fce6808c069a79ee8fd795edf2a1785d73758dc62306e51700c44c0758,/data/users/zhoushunyu/eqvae/imagenet_sit_flow/factorized_guidance_800k_v1/response_direction_dense_n1000_seed0/v500/g1p75_r1p50_l1p25_n1000_seed0/nominal_intervention_fid5k.json
v500,g1p25_r1p25_l0p125_n1000_seed0,factorized,1.25,1.0,0.125,1.25,0,1000,76.43041453822241,216.14610342177764,30.421567916870117,7372,b693d3cc2f28249d84942f74586d1afda2df10879225cd69bbf5d6a2d602c7b8,76fcd0fce6808c069a79ee8fd795edf2a1785d73758dc62306e51700c44c0758,/data/users/zhoushunyu/eqvae/imagenet_sit_flow/factorized_guidance_800k_v1/response_direction_dense_n1000_seed0/v500/g1p25_r1p25_l0p125_n1000_seed0/nominal_intervention_fid5k.json
v500,g1p25_r1p20_l0p75_n1000_seed0,factorized,1.25,1.0,0.75,1.2,0,1000,76.46550745504231,217.06478222484975,31.261993408203125,7624,b693d3cc2f28249d84942f74586d1afda2df10879225cd69bbf5d6a2d602c7b8,76fcd0fce6808c069a79ee8fd795edf2a1785d73758dc62306e51700c44c0758,/data/users/zhoushunyu/eqvae/imagenet_sit_flow/factorized_guidance_800k_v1/response_direction_dense_n1000_seed0/v500/g1p25_r1p20_l0p75_n1000_seed0/nominal_intervention_fid5k.json
v500,g1p5_r1p20_l0p375_n1000_seed0,factorized,1.5,1.0,0.375,1.2,0,1000,76.46965392264502,216.70852319785365,30.653114318847656,7816,b693d3cc2f28249d84942f74586d1afda2df10879225cd69bbf5d6a2d602c7b8,76fcd0fce6808c069a79ee8fd795edf2a1785d73758dc62306e51700c44c0758,/data/users/zhoushunyu/eqvae/imagenet_sit_flow/factorized_guidance_800k_v1/response_direction_dense_n1000_seed0/v500/g1p5_r1p20_l0p375_n1000_seed0/nominal_intervention_fid5k.json
v500,g1p25_r1p20_l0p625_n1000_seed0,factorized,1.25,1.0,0.625,1.2,0,1000,76.65212553268975,217.06791168912446,31.09762954711914,7570,b693d3cc2f28249d84942f74586d1afda2df10879225cd69bbf5d6a2d602c7b8,76fcd0fce6808c069a79ee8fd795edf2a1785d73758dc62306e51700c44c0758,/data/users/zhoushunyu/eqvae/imagenet_sit_flow/factorized_guidance_800k_v1/response_direction_dense_n1000_seed0/v500/g1p25_r1p20_l0p625_n1000_seed0/nominal_intervention_fid5k.json
v500,g1p75_r1p20_l0_n1000_seed0,factorized,1.75,1.0,0.0,1.2,0,1000,76.7024930367561,216.24297116045454,30.7812557220459,7966,b693d3cc2f28249d84942f74586d1afda2df10879225cd69bbf5d6a2d602c7b8,76fcd0fce6808c069a79ee8fd795edf2a1785d73758dc62306e51700c44c0758,/data/users/zhoushunyu/eqvae/imagenet_sit_flow/factorized_guidance_800k_v1/response_direction_dense_n1000_seed0/v500/g1p75_r1p20_l0_n1000_seed0/nominal_intervention_fid5k.json
v500,g1p5_r1p20_l0p125_n1000_seed0,factorized,1.5,1.0,0.125,1.2,0,1000,76.7697495454886,216.36289417400917,30.539121627807617,7732,b693d3cc2f28249d84942f74586d1afda2df10879225cd69bbf5d6a2d602c7b8,76fcd0fce6808c069a79ee8fd795edf2a1785d73758dc62306e51700c44c0758,/data/users/zhoushunyu/eqvae/imagenet_sit_flow/factorized_guidance_800k_v1/response_direction_dense_n1000_seed0/v500/g1p5_r1p20_l0p125_n1000_seed0/nominal_intervention_fid5k.json
v500,g1p5_r1p20_l0p25_n1000_seed0,factorized,1.5,1.0,0.25,1.2,0,1000,76.77980175685508,216.5583236004244,30.528236389160156,7864,b693d3cc2f28249d84942f74586d1afda2df10879225cd69bbf5d6a2d602c7b8,76fcd0fce6808c069a79ee8fd795edf2a1785d73758dc62306e51700c44c0758,/data/users/zhoushunyu/eqvae/imagenet_sit_flow/factorized_guidance_800k_v1/response_direction_dense_n1000_seed0/v500/g1p5_r1p20_l0p25_n1000_seed0/nominal_intervention_fid5k.json
v500,g1p25_r1p25_l0_n1000_seed0,factorized,1.25,1.0,0.0,1.25,0,1000,76.8021054165232,216.0972736848247,30.29759979248047,7432,b693d3cc2f28249d84942f74586d1afda2df10879225cd69bbf5d6a2d602c7b8,76fcd0fce6808c069a79ee8fd795edf2a1785d73758dc62306e51700c44c0758,/data/users/zhoushunyu/eqvae/imagenet_sit_flow/factorized_guidance_800k_v1/response_direction_dense_n1000_seed0/v500/g1p25_r1p25_l0_n1000_seed0/nominal_intervention_fid5k.json
v500,g1p25_r1p20_l0p5_n1000_seed0,factorized,1.25,1.0,0.5,1.2,0,1000,76.85683097655095,216.92084485475277,31.134418487548828,7540,b693d3cc2f28249d84942f74586d1afda2df10879225cd69bbf5d6a2d602c7b8,76fcd0fce6808c069a79ee8fd795edf2a1785d73758dc62306e51700c44c0758,/data/users/zhoushunyu/eqvae/imagenet_sit_flow/factorized_guidance_800k_v1/response_direction_dense_n1000_seed0/v500/g1p25_r1p20_l0p5_n1000_seed0/nominal_intervention_fid5k.json
v500,g1p5_r1p20_l0_n1000_seed0,factorized,1.5,1.0,0.0,1.2,0,1000,77.0929480751069,216.24958981467591,30.457490921020508,7918,b693d3cc2f28249d84942f74586d1afda2df10879225cd69bbf5d6a2d602c7b8,76fcd0fce6808c069a79ee8fd795edf2a1785d73758dc62306e51700c44c0758,/data/users/zhoushunyu/eqvae/imagenet_sit_flow/factorized_guidance_800k_v1/response_direction_dense_n1000_seed0/v500/g1p5_r1p20_l0_n1000_seed0/nominal_intervention_fid5k.json
v500,g1p25_r1p20_l0p375_n1000_seed0,factorized,1.25,1.0,0.375,1.2,0,1000,77.17116531623088,216.78202000883448,30.64760398864746,7426,b693d3cc2f28249d84942f74586d1afda2df10879225cd69bbf5d6a2d602c7b8,76fcd0fce6808c069a79ee8fd795edf2a1785d73758dc62306e51700c44c0758,/data/users/zhoushunyu/eqvae/imagenet_sit_flow/factorized_guidance_800k_v1/response_direction_dense_n1000_seed0/v500/g1p25_r1p20_l0p375_n1000_seed0/nominal_intervention_fid5k.json
v500,g1p25_r1p20_l0p25_n1000_seed0,factorized,1.25,1.0,0.25,1.2,0,1000,77.3342383725988,216.73219590308645,30.545785903930664,7372,b693d3cc2f28249d84942f74586d1afda2df10879225cd69bbf5d6a2d602c7b8,76fcd0fce6808c069a79ee8fd795edf2a1785d73758dc62306e51700c44c0758,/data/users/zhoushunyu/eqvae/imagenet_sit_flow/factorized_guidance_800k_v1/response_direction_dense_n1000_seed0/v500/g1p25_r1p20_l0p25_n1000_seed0/nominal_intervention_fid5k.json
v500,g1p25_r1p20_l0p125_n1000_seed0,factorized,1.25,1.0,0.125,1.2,0,1000,77.62726140688972,216.69677703787488,30.713781356811523,7396,b693d3cc2f28249d84942f74586d1afda2df10879225cd69bbf5d6a2d602c7b8,76fcd0fce6808c069a79ee8fd795edf2a1785d73758dc62306e51700c44c0758,/data/users/zhoushunyu/eqvae/imagenet_sit_flow/factorized_guidance_800k_v1/response_direction_dense_n1000_seed0/v500/g1p25_r1p20_l0p125_n1000_seed0/nominal_intervention_fid5k.json
v500,g1p25_r1p20_l0_n1000_seed0,factorized,1.25,1.0,0.0,1.2,0,1000,77.75886207200534,216.58415668191378,30.585391998291016,7306,b693d3cc2f28249d84942f74586d1afda2df10879225cd69bbf5d6a2d602c7b8,76fcd0fce6808c069a79ee8fd795edf2a1785d73758dc62306e51700c44c0758,/data/users/zhoushunyu/eqvae/imagenet_sit_flow/factorized_guidance_800k_v1/response_direction_dense_n1000_seed0/v500/g1p25_r1p20_l0_n1000_seed0/nominal_intervention_fid5k.json
